Case #,Incident Code,Reported,Disposition,Start Occurred,End Occurred,Location
26002124,NARCOTICS - POSSESSION,2026-08-11T22:40:00Z,Closed - Cleared by Arrest-Adult,46245.944444444445,NULL,900 N 16th St
26002123,TRAFFIC - SUSPENDED DRIVER,2026-08-11T20:51:00Z,Closed - Cleared by Arrest-Adult,46245.868750000001,NULL,N 27TH ST & VINE ST
26002114,SUSPICIOUS PERSON,2026-08-10T15:06:00Z,Open,46244.604166666664,46244.61041666667,1248 R St
26002111,LARCENY - OTHER OR FROM OPEN AREA,2026-08-10T09:54:00Z,Open,46241.543055555558,46241.916666666664,1210 Vine St
26002104,TRAFFIC - SUSPENDED DRIVER,2026-08-09T16:09:00Z,Closed - Cleared by Arrest-Adult,46243.67291666667,NULL,N ANTELOPE VALLEY PKWY & P ST
26002098,OUTSIDE - O.P.S. OTHER,2026-08-07T22:01:00Z,Closed - Non-Criminal Case,46241.917361111111,NULL,1106 N 29th St
26002097,LARCENY - STOLEN BIKE,2026-08-07T21:47:00Z,Open,46240.875,46241.25,600 N 15th St
OS26016,HAZING,2026-08-06T16:28:00Z,NA - Clery Report Only,46023.000694444447,46173.999305555553,Non-Campus
26002084,ACCIDENTS - P.D. H&R NOT REPORTABLE,2026-08-06T15:56:00Z,Closed - Cleared by Arrest-Adult,46234.552777777775,NULL,933 N 16th St
26002066,TRESPASSING,2026-08-02T17:41:00Z,Closed - Non-Criminal Case,46236.736805555556,NULL,1210 Vine St
26002059,TRESPASSING,2026-08-01T16:35:00Z,Closed - Non-Criminal Case,46235.690972222219,NULL,503 N 14th St
26002056,TRAFFIC - SUSPENDED DRIVER,2026-07-31T22:58:00Z,Closed - Cleared by Arrest-Adult,46234.956944444442,NULL,ANTELOPE VALLEY PARKWAY & O ST
26002055,TRAFFIC - SUSPENDED DRIVER,2026-07-31T22:20:00Z,Closed - Cleared by Arrest-Adult,46234.930555555555,NULL,ANTELOPE VALLEY PARKWAY & N 17TH ST
26002051,OUTSIDE - O.P.S. OTHER,2026-07-31T16:36:00Z,Closed - Non-Criminal Case,46214.489583333336,NULL,2100 U St
26002046,OUTSIDE - O.P.S. OTHER,2026-07-31T02:07:00Z,Closed - Non-Criminal Case,46234.088194444441,NULL,P ST & N 7TH ST
26002041,SUSPICIOUS PERSON,2026-07-30T09:16:00Z,Closed - Non-Criminal Case,46233.386111111111,NULL,1360 Vine St
26002040,LITTERING,2026-07-30T08:49:00Z,Open,46232.722222222219,NULL,2402 Salt Creek Rdwy
26002036,OUTSIDE - O.P.S. OTHER,2026-07-29T13:29:00Z,Closed - Non-Criminal Case,NULL,NULL,N 16TH ST & Q ST
OS26015,SEX OFFENSE - MOLEST/FONDLING,2026-07-29T13:11:00Z,NA - Clery Report Only,46227.000694444447,46227.999305555553,On-Campus
26002034,TRESPASSING,2026-07-29T04:57:00Z,Closed - Inactive,46232.206250000003,NULL,540 N 16th St
26002033,NARCOTICS - POSSESSION,2026-07-29T00:05:00Z,Closed - Cleared by Arrest-Adult,46232.003472222219,NULL,2021 Transformation Drive
26002025,LARCENY - FROM BUILDING,2026-07-27T09:25:00Z,Closed - Inactive,NULL,NULL,1100 T St
26002023,VANDALISM - OTHER,2026-07-27T08:45:00Z,Closed - Inactive,46229.190972222219,46229.198611111111,1705 Arbor Dr
26002021,OUTSIDE - O.P.S. OTHER,2026-07-26T01:13:00Z,Closed - Non-Criminal Case,46229.050694444442,NULL,Q ST & N 8TH ST
26002018,ALCOHOL - DWI,2026-07-25T00:07:00Z,Closed - Cleared by Arrest-Adult,46228.004861111112,NULL,Q ST & N 14TH ST
26002012,ACCIDENTS - P.D. H&R NOT REPORTABLE,2026-07-23T13:42:00Z,Closed - Cleared by Arrest-Adult,46226.826388888891,NULL,840 N 14th St
26002006,ALCOHOL - DWI,2026-07-22T23:31:00Z,Closed - Cleared by Arrest-Adult,46225.979861111111,NULL,N 16TH ST & Q ST
26002001,NARCOTICS - POSSESSION,2026-07-22T09:13:00Z,Closed - Cleared by Arrest-Adult,46225.384027777778,NULL,N 33RD ST & APPLE ST
26001995,OUTSIDE - O.P.S. OTHER,2026-07-21T14:13:00Z,Closed - Non-Criminal Case,46224.592361111114,NULL,1111 N 14th St
26001984,TRESPASSING,2026-07-19T04:33:00Z,Closed - Non-Criminal Case,46222.189583333333,NULL,1400 R St
26001982,ALCOHOL - DWI,2026-07-19T01:48:00Z,Closed - Cleared by Arrest-Adult,46222.074999999997,NULL,N 16TH ST & VINE ST
26001981,NARCOTICS - POSSESSION,2026-07-18T22:26:00Z,Closed - Cleared by Arrest-Adult,46221.93472222222,NULL,SALT CREEK RDWY & N ANTELOPE VALLEY PKWY
26001979,LARCENY - OTHER OR FROM OPEN AREA,2026-07-18T11:41:00Z,Closed - Non-Criminal Case,NULL,NULL,1700 East Campus Mall
26001997,OUTSIDE - O.P.S. OTHER,2026-07-18T02:16:00Z,Closed - Non-Criminal Case,46221.094444444447,NULL,N 8TH ST & P ST
26001976,ALCOHOL - DWI,2026-07-18T01:31:00Z,Closed - Cleared by Arrest-Adult,46221.063194444447,NULL,SALT CREEK RDWY & TRANSFORMATION DR
26001972,VANDALISM - BY GRAFFITI,2026-07-17T11:46:00Z,Closed - Inactive,46219.694444444445,46220.239583333336,2100 Vine Street
26001969,ALCOHOL - DWI,2026-07-15T23:19:00Z,Closed - Cleared by Arrest-Adult,46218.97152777778,NULL,N 22ND ST & VINE ST
26001964,DISTURBANCE - OTHER,2026-07-15T15:32:00Z,Open,46217.916666666664,NULL,300 N 17th St
26001942,TELEPHONE - THREATENING CALLS,2026-07-13T08:28:00Z,Closed - Non-Criminal Case,46214.663194444445,NULL,3620 East Campus Loop S
26001938,TRAFFIC - SUSPENDED DRIVER,2026-07-12T01:48:00Z,Closed - Cleared by Arrest-Adult,46215.074999999997,NULL,N 27TH ST & HOLDREGE ST
26001927,ALCOHOL - USING FALSE I.D.,2026-07-10T09:44:00Z,Closed - Cleared by Arrest-Adult,46213.405555555553,NULL,300 N 17th St
26001925,LARCENY - OTHER OR FROM OPEN AREA,2026-07-09T20:35:00Z,Closed - Inactive,46212.847916666666,46212.849305555559,1780 R St. Lot 89
26001918,VANDALISM - OTHER,2026-07-09T00:42:00Z,Closed - Inactive,46212,NULL,820 N 17th St
26001909,TRESPASSING,2026-07-07T19:08:00Z,Closed - Non-Criminal Case,NULL,NULL,4075 East Campus Loop S
26001900,TELEPHONE - OTHER,2026-07-06T11:13:00Z,Closed - Non-Criminal Case,46205.507638888892,NULL,300 N 17th St
26001899,VANDALISM - OTHER,2026-07-05T23:05:00Z,Closed - Cleared by Arrest-Adult,46208.953472222223,NULL,433 N 19th St
26001896,ALCOHOL - DWI,2026-07-05T01:35:00Z,Closed - Cleared by Arrest-Adult,46208.065972222219,NULL,ANTELOPE VALLEY PARKWAY & VINE ST
26001895,OUTSIDE - O.P.S. OTHER,2026-07-04T07:55:00Z,Closed - Non-Criminal Case,46207.329861111109,NULL,2341 Washington St
26001894,TRAFFIC - SUSPENDED DRIVER,2026-07-04T01:58:00Z,Closed - Cleared by Arrest-Adult,46207.081944444442,NULL,N 33RD ST & Y ST
26001888,TRAFFIC - SUSPENDED DRIVER,2026-07-02T21:39:00Z,Closed - Cleared by Arrest-Adult,46205.902083333334,NULL,33RD ST & X ST
26001885,VANDALISM - OTHER,2026-07-02T07:37:00Z,Closed - Inactive,NULL,NULL,1101 T St
26001883,TRAFFIC - OTHER,2026-07-01T22:42:00Z,Closed - Cleared by Arrest-Adult,46204.945833333331,NULL,ANTELOPE VALLEY PARKWAY & N 17TH ST
26001882,NARCOTICS - POSSESSION,2026-07-01T21:33:00Z,Closed - Cleared by Arrest-Adult,46204.897916666669,NULL,N 16TH ST & S ST
26001881,TRAFFIC - SUSPENDED DRIVER,2026-07-01T16:56:00Z,Closed - Cleared by Arrest-Adult,46204.705555555556,NULL,N 48TH ST & HOLDREGE ST
26001878,LARCENY - FROM BUILDING,2026-07-01T11:21:00Z,Closed - Inactive,45689.544444444444,46180.544444444444,900 N 16th St
26001859,ALCOHOL - DWI,2026-06-28T01:46:00Z,Closed - Cleared by Arrest-Adult,46200.996527777781,NULL,VINE ST & N 14TH ST
26001858,TRESPASSING,2026-06-27T23:00:00Z,Closed - Non-Criminal Case,46200.90902777778,NULL,1100 T St
26001857,TRESPASSING,2026-06-27T21:13:00Z,Closed - Non-Criminal Case,46200.884027777778,NULL,1433 W St
OS26014,STALKING,2026-06-26T00:01:00Z,NA - Clery Report Only,45809.000694444447,46081.999305555553,Non-Campus
26001847,SUSPICIOUS PERSON,2026-06-25T15:54:00Z,Closed - Inactive,46198.541666666664,46198.614583333336,1360 Vine St
26001839,LARCENY - FROM MOTOR VEHICLE,2026-06-24T08:33:00Z,Closed - Inactive,46191.164583333331,NULL,1220 N 14th St
26001837,LARCENY - STOLEN BIKE,2026-06-24T07:10:00Z,Closed - Cleared by Arrest-Adult,46190.291666666664,46195.186805555553,503 N 14th St
26001832,LARCENY - OTHER OR FROM OPEN AREA,2026-06-23T16:52:00Z,Closed - Non-Criminal Case,46196.643055555556,NULL,1600 Court St
26001808,TRAFFIC - SUSPENDED DRIVER,2026-06-20T01:48:00Z,Closed - Cleared by Arrest-Adult,46193.074999999997,NULL,N 16TH ST & Q ST
26001807,TRAFFIC - OTHER,2026-06-19T22:45:00Z,Closed - Cleared by Arrest-Adult,46192.947916666664,NULL,N 14TH ST & VINE ST
26001805,FIRE - FALSE ALARM,2026-06-19T21:07:00Z,Closed - Non-Criminal Case,46192.879861111112,NULL,1150 N 14th St
26001803,LARCENY - FROM MOTOR VEHICLE,2026-06-19T14:42:00Z,Closed - Inactive,46191.833333333336,46192.020833333336,1000 N 16th St
26001799,LARCENY - FROM MOTOR VEHICLE,2026-06-19T11:30:00Z,Closed - Inactive,46190.912499999999,46191.953472222223,1220 N 14th St
26001792,ACCIDENTS - P.D. H&R NOT REPORTABLE,2026-06-18T14:32:00Z,Closed - Non-Criminal Case,46191.521527777775,NULL,615 N 19th St
26001786,DISTURBANCE - OTHER,2026-06-17T20:50:00Z,Closed - Non-Criminal Case,46190.868055555555,NULL,9300 Tuscan Ct
26001781,TRAFFIC - SUSPENDED DRIVER,2026-06-17T15:55:00Z,Closed - Cleared by Arrest-Adult,46190.663194444445,NULL,N 17TH ST & N ANTELOPE VALLEY PKWY
26001780,FRAUD - CON GAMES/DECEPTION/FALSE PRET - INTERNET,2026-06-17T15:12:00Z,Open,46044,46199,1700 Y St
26001771,TRESPASSING,2026-06-16T09:41:00Z,Closed - Non-Criminal Case,46189.40347222222,NULL,1400 R St
26001766,LARCENY - STOLEN BIKE,2026-06-15T11:31:00Z,Closed - Inactive,46188.302777777775,NULL,820 N 17th St
26001760,OUTSIDE - O.P.S. OTHER,2026-06-14T00:15:00Z,Closed - Non-Criminal Case,46187.010416666664,NULL,2555 O St
26001750,TRESPASSING,2026-06-12T23:10:00Z,Closed - Non-Criminal Case,46185.965277777781,NULL,512 N 12th St
26001739,LARCENY - STOLEN BIKE,2026-06-11T10:44:00Z,Closed - Inactive,46155.459027777775,46184.447222222225,1055 N 16th St
26001733,FALSE INFORMATION - GIVEN TO OFC.,2026-06-10T19:36:00Z,Closed - Cleared by Arrest-Adult,46183.816666666666,NULL,T ST & N 23RD ST
26001727,TELEPHONE - OTHER,2026-06-09T13:56:00Z,Closed - Inactive,NULL,NULL,2200 Vine St
26001723,VANDALISM - BY GRAFFITI,2026-06-09T11:45:00Z,Closed - Inactive,46177.708333333336,46182.458333333336,3800 East Campus Loop South
26001724,OUTSIDE - O.P.S. OTHER,2026-06-09T11:45:00Z,Closed - Non-Criminal Case,46131.333333333336,46167.708333333336,300 N 17th St
26001718,TRESPASSING,2026-06-08T16:08:00Z,Closed - Non-Criminal Case,46181.672222222223,NULL,313 N 13th St
26001707,FALSE INFORMATION - GIVEN TO OFC.,2026-06-06T22:59:00Z,Closed - Cleared by Arrest-Adult,46179.957638888889,NULL,N 22ND ST & P ST
26001703,LARCENY - STOLEN BIKE,2026-06-06T15:52:00Z,Closed - Inactive,NULL,NULL,820 N 17th St
26001695,TELEPHONE - THREATENING CALLS,2026-06-05T17:28:00Z,Open,46177.958333333336,46178.125,1120 N 14th St
26001693,DISTURBANCE - DOMESTIC,2026-06-05T16:36:00Z,Closed - Inactive,46178.6875,NULL,501 Stadium Dr
26001682,FND ARTICLE OTHER THAN ABAND. BIKE OR VEH.,2026-06-04T11:30:00Z,Closed - Non-Criminal Case,46177.513194444444,NULL,1120 N 14th St
26001669,DISTURBANCE - OTHER,2026-06-03T10:39:00Z,Closed - Non-Criminal Case,46176.4375,46176.445833333331,820 N 16th St
26001665,TRAFFIC - SUSPENDED DRIVER,2026-06-02T23:47:00Z,Closed - Cleared by Arrest-Adult,46175.990972222222,NULL,N 14TH ST & Salt Creek RDWY
26001657,LARCENY - FROM BUILDING,2026-06-02T11:50:00Z,Closed - Non-Criminal Case,46175.4375,46175.451388888891,900 N 16th St
26001656,BOMB - THREAT,2026-06-02T11:03:00Z,Open,46175.454861111109,46175.458333333336,1500 U St
26001638,NARCOTICS - OTHER,2026-05-31T00:26:00Z,Closed - Cleared by Arrest-Adult,46173.018055555556,NULL,N 23RD ST & W ST
26001625,TRAFFIC - OTHER,2026-05-29T00:56:00Z,Closed - Inactive,46171.038888888892,NULL,SALT CREEK RDWY & STADIUM DR
26001618,"HAZARDS - NON-TRAFFIC (WIRES,TREES,ETC)",2026-05-28T07:58:00Z,Closed - Non-Criminal Case,46170.331944444442,NULL,MERRILL ST & N 38TH ST
26001615,NARCOTICS - POSSESSION,2026-05-28T01:02:00Z,Closed - Cleared by Arrest-Adult,46170.043055555558,NULL,N 10TH ST & COURT ST
26001613,LARCENY - STOLEN BIKE,2026-05-27T22:11:00Z,Closed - Cleared by Arrest-Adult,46169.920138888891,46169.920138888891,844 N 16th St
26001605,FND ARTICLE OTHER THAN ABAND. BIKE OR VEH.,2026-05-26T15:12:00Z,Closed - Non-Criminal Case,46168.633333333331,NULL,733 N 17th St
26001603,TRAFFIC - SUSPENDED DRIVER,2026-05-25T17:40:00Z,Closed - Cleared by Arrest-Adult,46167.736111111109,NULL,N 27TH ST & Y ST
26001597,TRAFFIC - SUSPENDED DRIVER,2026-05-22T23:09:00Z,Closed - Cleared by Arrest-Adult,46164.964583333334,NULL,LEIGHTON AVE & N 48TH ST
26001594,OUTSIDE - O.P.S. OTHER,2026-05-22T09:30:00Z,Closed - Non-Criminal Case,46164.395833333336,NULL,300 N 17th St
26001586,LARCENY - OTHER OR FROM OPEN AREA,2026-05-20T16:19:00Z,Closed - Inactive,46161.708333333336,46162.659722222219,1130 N 14th St
26001581,STALKING,2026-05-20T10:29:00Z,Closed - Inactive,45908.51458333333,46159.51458333333,1300 R St
26001580,TRAFFIC - SUSPENDED DRIVER,2026-05-20T09:32:00Z,Closed - Cleared by Arrest-Adult,46162.397222222222,NULL,N 27TH ST & VINE ST
26001578,TRESPASSING,2026-05-19T23:55:00Z,Closed - Non-Criminal Case,46161.996527777781,NULL,1830 Vine St
26001575,FIRE (WORKING) - NO ALARM,2026-05-19T14:43:00Z,Closed - Inactive,46161.613194444442,NULL,2400 N Antelope Valley Pky
26001561,DISTURBANCE - OTHER,2026-05-17T07:41:00Z,Closed - Non-Criminal Case,45470.333333333336,46158.341666666667,1825 N 38th St
26001560,TRAFFIC - IMPROPER REGISTRATION,2026-05-16T19:51:00Z,Closed - Cleared by Arrest-Adult,46158.82708333333,NULL,Q ST & N 14TH ST
25001559,OUTSIDE - O.P.S. OTHER,2026-05-16T17:06:00Z,Closed - Non-Criminal Case,46158.713194444441,NULL,HUNTINGTON AVE & GRIFFITH ST
26001554,TRESPASSING,2026-05-15T12:02:00Z,Closed - Non-Criminal Case,46157.501388888886,NULL,1433 W St
26001542,PROTECTION ORDER VIOLATION,2026-05-14T12:18:00Z,Closed - Cleared by Arrest-Adult,46156.512499999997,NULL,ANTELOPE VALLEY PARKWAY & N 17TH ST
26001539,TELEPHONE - OBSCENE CALLS,2026-05-14T08:51:00Z,Closed - Inactive,46155.586805555555,46156.335416666669,300 N 17th St
26001532,TRESPASSING,2026-05-12T21:05:00Z,Closed - Non-Criminal Case,46154.878472222219,NULL,1433 W St
26001529,TRESPASSING,2026-05-12T18:26:00Z,Closed - Cleared by Arrest-Adult,46154.761111111111,NULL,1433 W St
26001524,VANDALISM - BY GRAFFITI,2026-05-12T08:57:00Z,Closed - Inactive,46150.708333333336,46154.333333333336,N 38TH ST & MERRILL ST
26001518,NARCOTICS - OTHER,2026-05-11T23:15:00Z,Closed - Inactive,46153.881944444445,46153.923611111109,1120 N 14th St
26001507,ACCIDENTS - P.D. H&R NOT REPORTABLE,2026-05-11T14:02:00Z,Closed - Inactive,46153.083333333336,46153.541666666664,940 N 17th St
26001506,SEX OFFENSE - MOLEST/FONDLING,2026-05-11T07:50:00Z,Closed - Cleared by Arrest-Adult,46150.663194444445,46150.668749999997,600 N 15th St
26001497,OUTSIDE - O.P.S. OTHER,2026-05-10T03:01:00Z,Closed - Non-Criminal Case,46152.125694444447,NULL,615 N 19th St
LE26001,WEAPONS - ILLEGAL WEAPON,2026-05-10T03:01:00Z,NA - Clery Report Only,46152.115972222222,46152.125694444447,On-Campus
26001494,TRESPASSING,2026-05-09T22:46:00Z,Closed - Non-Criminal Case,46151.948611111111,NULL,400 Line Drive Cir
26001489,DISTURBANCE - OTHER,2026-05-09T12:49:00Z,Closed - Cleared by Arrest-Adult,46151.53402777778,NULL,403 Line Drive Cir
26001486,TRESPASSING,2026-05-09T03:34:00Z,Closed - Non-Criminal Case,46151.148611111108,NULL,300 N 17th St
26001484,DISTURBANCE - OTHER,2026-05-08T23:36:00Z,Closed - Non-Criminal Case,46148.722916666666,46148.74722222222,300 N 17th St
26001483,OUTSIDE - O.P.S. OTHER,2026-05-08T22:30:00Z,Closed - Non-Criminal Case,46150.9375,NULL,300 N 17th St
26001482,ALCOHOL - DWI,2026-05-08T22:03:00Z,Closed - Cleared by Arrest-Adult,46150.918749999997,NULL,N 48TH ST & HOLDREGE ST
26001473,VANDALISM - OTHER,2026-05-08T14:32:00Z,Closed - Inactive,NULL,NULL,1101 Y St
26001467,TRAFFIC - SUSPENDED DRIVER,2026-05-07T23:53:00Z,Closed - Cleared by Arrest-Adult,46149.995138888888,NULL,N 28TH ST & VINE ST
26001457,ACCIDENTS - P.D. H&R NOT REPORTABLE,2026-05-07T12:35:00Z,Closed - Inactive,46146.5,46147.5,1111 N 14th St
26001456,ACCIDENTS - P.D. H&R NOT REPORTABLE,2026-05-07T10:40:00Z,Closed - Inactive,46135.916666666664,46146.5,1801 R St
26001460,OUTSIDE - O.P.S. OTHER,2026-05-06T19:58:00Z,Closed - Non-Criminal Case,46148.829861111109,46148.831944444442,2310 W ST. #1
26001447,FRAUD - CREDIT CARDS/ATM/BANK CARD,2026-05-06T13:53:00Z,Closed - Inactive,46140.833333333336,NULL,1880 Transformation Dr
26001441,EXTORTION,2026-05-05T21:00:00Z,Closed - Inactive,46146,46147.875,1710 Arbor Dr
26001435,FIRE (WORKING) - ALARM,2026-05-05T12:37:00Z,Closed - Non-Criminal Case,46147.525694444441,NULL,733 N 17th St
26001434,TRESPASSING,2026-05-05T10:27:00Z,Closed - Non-Criminal Case,46147.416666666664,46147.434027777781,1248 R St
26001427,LARCENY - FROM MOTOR VEHICLE,2026-05-04T13:47:00Z,Closed - Inactive,46143.833333333336,46144.208333333336,3601 Apple St
26001414,ALCOHOL - MINOR IN POSSESSION,2026-05-03T00:48:00Z,Closed - Cleared by Arrest-Adult,46145.033333333333,NULL,1830 Vine St
26001412,TRAFFIC - SUSPENDED DRIVER,2026-05-02T22:38:00Z,Closed - Cleared by Arrest-Adult,46144.943055555559,NULL,N 20TH ST & P ST
26001413,ALCOHOL - DWI,2026-05-02T22:32:00Z,Closed - Cleared by Arrest-Adult,46144.938888888886,NULL,ANTELOPE VALLEY PARKWAY & MILITARY RD
26001411,OUTSIDE - O.P.S. OTHER,2026-05-02T19:55:00Z,Closed - Non-Criminal Case,NULL,NULL,NA
26001405,TRAFFIC - OTHER,2026-05-02T01:15:00Z,Closed - Cleared by Arrest-Adult,46144.052083333336,NULL,N 47TH ST & LEIGHTON AVE
26001403,LARCENY - FROM BUILDING,2026-05-01T21:55:00Z,Closed - Inactive,46143.583333333336,46143.895833333336,1710 Arbor Dr
26001395,ACCIDENTS - P.D. H&R NOT REPORTABLE,2026-05-01T13:32:00Z,Closed - Cleared by Arrest-Adult,46142.395833333336,46142.71875,300 N 17th St
26001394,OUTSIDE - O.P.S. OTHER,2026-05-01T12:56:00Z,Closed - Non-Criminal Case,46141.963888888888,NULL,140 West Benton
26001387,TRESPASSING,2026-04-30T20:27:00Z,Closed - Non-Criminal Case,46142.842361111114,NULL,1430 Vine St
26001385,TRESPASSING,2026-04-30T13:44:00Z,Closed - Non-Criminal Case,46142.572222222225,NULL,1875 N 42nd St
26001379,ALCOHOL - MINOR IN POSSESSION,2026-04-30T03:28:00Z,Closed - Non-Criminal Case,46142.144444444442,NULL,880 N 17th St
26001374,ASSAULT - NON DOMESTIC,2026-04-29T20:20:00Z,Closed - Cleared by Arrest-Juvenile,46141.832638888889,NULL,1100 T St
26001367,SUSPICIOUS PERSON,2026-04-29T10:42:00Z,Closed - Inactive,46141.4375,46141.444444444445,1150 N 14th St
26001362,TRAFFIC - SUSPENDED DRIVER,2026-04-28T21:25:00Z,Closed - Cleared by Arrest-Adult,46140.892361111109,NULL,N 27TH ST & VINE ST
26001350,SUSPICIOUS PERSON,2026-04-28T09:27:00Z,Closed - Inactive,46140.331250000003,46140.331944444442,1100 T St
26001345,ASSAULT - OF POLICE OFFICER,2026-04-28T01:25:00Z,Closed - Cleared by Arrest-Adult,46140.059027777781,NULL,1335 U St
26001346,ACCIDENTS - P.D. H&R NOT REPORTABLE,2026-04-28T01:25:00Z,Closed - Cleared by Arrest-Adult,46140.059027777781,NULL,1335 U St
26001347,ACCIDENTS - P.D. H&R NOT REPORTABLE,2026-04-28T01:25:00Z,Closed - Cleared by Arrest-Adult,46140.059027777781,NULL,1335 U St
26001348,CHILD ABUSE/NEG - PHYSICAL ABUSE,2026-04-28T01:25:00Z,Closed - Cleared by Arrest-Adult,46140.059027777781,NULL,1335 U St
26001334,VANDALISM - OTHER,2026-04-27T07:22:00Z,Closed - Inactive,46136.916666666664,46139.291666666664,1300 R St
26001330,VANDALISM - OTHER,2026-04-26T17:42:00Z,Closed - Non-Criminal Case,46137.3125,46138.708333333336,1300 R St
26001322,DISTURBANCE - OTHER,2026-04-26T04:14:00Z,Closed - Inactive,46138.138194444444,NULL,745 N 14th St
26001317,ACCIDENTS - P.D. H&R NOT REPORTABLE,2026-04-25T22:32:00Z,Closed - Non-Criminal Case,46137.938888888886,NULL,1100 T St
26001313,DISTURBANCE - DOMESTIC,2026-04-25T21:51:00Z,Closed - Non-Criminal Case,46137.875,46137.910416666666,1130 N 14th St
26001311,ASSAULT - NON DOMESTIC,2026-04-25T21:19:00Z,Closed - Cleared by Arrest-Adult,46137.888194444444,NULL,880 N 17th St
26001307,OUTSIDE - O.P.S. OTHER,2026-04-25T16:43:00Z,Closed - Non-Criminal Case,46137.696527777778,NULL,NA
26001293,ALCOHOL - DRUNK,2026-04-24T22:01:00Z,Closed - Non-Criminal Case,46136.917361111111,NULL,1545 S St
26001289,DISTURBANCE - OTHER,2026-04-24T21:33:00Z,Closed - Non-Criminal Case,46136.416666666664,46136.875,1130 N 14th St
26001279,DISTURBANCE - OTHER,2026-04-24T12:45:00Z,Closed - Non-Criminal Case,46136.53125,NULL,1400 R St
26001277,DISTURBANCE - OTHER,2026-04-24T10:33:00Z,Closed - Inactive,46130.588194444441,NULL,733 N 17th St
26001272,DISTURBANCE - DOMESTIC,2026-04-24T01:05:00Z,Closed - Non-Criminal Case,46136.03125,46136.045138888891,1130 N 14th St
26001271,DISTURBANCE - DOMESTIC,2026-04-23T23:45:00Z,Closed - Non-Criminal Case,46135.982638888891,46135.989583333336,1130 N 14th St
26001265,ACCIDENTS - P.D. H&R NOT REPORTABLE,2026-04-23T10:40:00Z,Closed - Non-Criminal Case,46135.42083333333,NULL,733 N 17th St
26001263,SUSPICIOUS PERSON,2026-04-23T08:38:00Z,Closed - Non-Criminal Case,46135.359722222223,NULL,1875 N 42nd St
OS26013,STALKING,2026-04-22T16:03:00Z,NA - Clery Report Only,46023.000694444447,46134.999305555553,On-Campus  Housing
26001259,TRESPASSING,2026-04-22T11:28:00Z,Closed - Cleared by Arrest-Adult,46134.477777777778,NULL,841 N 14th St
26001253,TRAFFIC - SUSPENDED DRIVER,2026-04-22T00:54:00Z,Closed - Cleared by Arrest-Adult,46134.037499999999,NULL,N 43RD ST & HOLDREGE ST
26001242,LARCENY - OTHER OR FROM OPEN AREA,2026-04-21T13:54:00Z,Closed - Inactive,46128.333333333336,46133.833333333336,1780 R St
26001230,DISTURBANCE - OTHER,2026-04-20T14:05:00Z,Closed - Non-Criminal Case,46132.458333333336,46132.541666666664,1300 R St
26001229,LARCENY - STOLEN BIKE,2026-04-20T12:45:00Z,Closed - Cleared by Arrest-Adult,46132.417361111111,NULL,1830 Vine St
26001221,TRAFFIC - SUSPENDED DRIVER,2026-04-19T02:24:00Z,Closed - Cleared by Arrest-Adult,46131.1,NULL,N 14TH ST & P ST
26001220,ALCOHOL - DWI,2026-04-18T23:31:00Z,Closed - Cleared by Arrest-Adult,46130.979861111111,NULL,ANTELOPE VALLEY PARKWAY & O ST
26001215,ACCIDENTS - P.D. H&R NOT REPORTABLE,2026-04-18T09:28:00Z,Closed - Non-Criminal Case,46128.78125,NULL,300 N 17th St
26001212,ALCOHOL - DWI,2026-04-18T00:13:00Z,Closed - Cleared by Arrest-Adult,46130.009027777778,NULL,N 14TH ST & R ST
26001211,ALCOHOL - DWI,2026-04-17T22:41:00Z,Closed - Cleared by Arrest-Adult,46129.945138888892,NULL,N 13TH ST & O ST
26001202,VANDALISM - BY GRAFFITI,2026-04-17T10:01:00Z,Closed - Inactive,NULL,NULL,1545 U St
26001200,TRESPASSING,2026-04-17T07:53:00Z,Closed - Inactive,46129.074999999997,NULL,1104 R St
26001172,TRAFFIC - SUSPENDED DRIVER,2026-04-15T23:22:00Z,Closed - Cleared by Arrest-Adult,46127.973611111112,NULL,NA
26001169,TRESPASSING,2026-04-15T21:43:00Z,Closed - Non-Criminal Case,46127.904861111114,NULL,440 N 17th St
26001166,DISTURBANCE - OTHER,2026-04-15T16:15:00Z,Closed - Non-Criminal Case,46127.677083333336,NULL,300 N 17th St
26001151,ASSAULT - NON DOMESTIC,2026-04-14T17:27:00Z,Closed - Cleared by Arrest-Juvenile,46125.865972222222,NULL,R ST & N 14TH ST
26001150,SEX OFFENSE - OTHER,2026-04-14T16:34:00Z,Closed - Inactive,46125.875,NULL,880 N 17th St
26001147,OUTSIDE - O.P.S. OTHER,2026-04-14T11:02:00Z,Closed - Non-Criminal Case,46126.458333333336,NULL,1430 Vine St
26001133,FRAUD - CON GAMES/DECEPTION/FALSE PRET - INTERNET,2026-04-12T22:47:00Z,Closed - Inactive,46124.875,NULL,303 N 17th St
26001134,FALSE INFORMATION - GIVEN TO OFC.,2026-04-12T22:39:00Z,Closed - Cleared by Arrest-Adult,46124.943749999999,NULL,N 33RD ST & HOLDREGE ST
26001123,TRAFFIC - SUSPENDED DRIVER,2026-04-11T21:44:00Z,Closed - Cleared by Arrest-Adult,46123.905555555553,NULL,ANTELOPE VALLEY PARKWAY & N 17TH ST
26001124,ALCOHOL - DWI,2026-04-11T21:44:00Z,Closed - Cleared by Arrest-Adult,46123.905555555553,NULL,ANTELOPE VALLEY PARKWAY & N 17TH ST
26001122,TRAFFIC - SUSPENDED DRIVER,2026-04-11T21:36:00Z,Closed - Cleared by Arrest-Adult,46123.9,NULL,O ST & S 16TH ST
26001119,ACCIDENTS - P.D. H&R NOT REPORTABLE,2026-04-11T13:19:00Z,Closed - Inactive,46118.479166666664,46123.541666666664,1830 Vine St
26001115,TRAFFIC - SUSPENDED DRIVER,2026-04-11T02:36:00Z,Closed - Cleared by Arrest-Adult,46123.10833333333,NULL,N 16TH ST & X ST
26001113,ALCOHOL - DRUNK,2026-04-11T01:07:00Z,Closed - Non-Criminal Case,46123.046527777777,NULL,1541 S St
26001110,TRAFFIC - SUSPENDED DRIVER,2026-04-10T23:32:00Z,Closed - Cleared by Arrest-Adult,46122.980555555558,NULL,HWY CORNHUSKER
26001109,PROTECTION ORDER VIOLATION,2026-04-10T23:19:00Z,Closed - Cleared by Arrest-Adult,46122.97152777778,NULL,N 23RD ST & P ST
26001108,ALCOHOL - DWI,2026-04-10T22:34:00Z,Closed - Cleared by Arrest-Adult,46122.94027777778,NULL,N 9TH ST & Q ST
26001101,ACCIDENTS - P.D. H&R NOT REPORTABLE,2026-04-10T14:52:00Z,Closed - Inactive,46121.868055555555,46121.916666666664,N 17TH ST & VINE ST
26001094,SUSPICIOUS PERSON,2026-04-09T23:55:00Z,Closed - Non-Criminal Case,46121.982638888891,46121.993055555555,3455 Holdrege St
26001084,DISTURBANCE - OTHER,2026-04-09T16:14:00Z,Closed - Non-Criminal Case,46121.697916666664,NULL,512 N 12th St
26001082,DISTURBANCE - DOMESTIC,2026-04-09T14:34:00Z,Closed - Non-Criminal Case,46120,46121.604166666664,1248 R St
OS26012,ASSAULT - NON DOMESTIC,2026-04-09T14:00:00Z,NA - Clery Report Only,46119.666666666664,46119.666666666664,"426 W Cedar Rd, Pickrell, NE 68422"
26001078,FIRE - FALSE ALARM,2026-04-09T11:33:00Z,Closed - Non-Criminal Case,46121.481249999997,NULL,1100 T St
26001075,ALCOHOL - DWI,2026-04-08T23:26:00Z,Closed - Cleared by Arrest-Adult,46120.976388888892,NULL,Q ST & N 10TH ST
26001080,OUTSIDE - O.P.S. OTHER,2026-04-08T16:15:00Z,Closed - Non-Criminal Case,46119.666666666664,NULL,NA
26001069,ACCIDENTS - P.D. H&R NOT REPORTABLE,2026-04-08T16:14:00Z,Closed - Non-Criminal Case,46120.731944444444,46120.731944444444,1777 N 42nd St
26001068,DISTURBANCE - OTHER,2026-04-08T15:37:00Z,Closed - Non-Criminal Case,46120.513888888891,NULL,1430 Vine St
26001043,TRESPASSING,2026-04-06T19:33:00Z,Closed - Non-Criminal Case,46118.814583333333,NULL,1801 R St
26001037,FRAUD - CON GAMES/DECEPTION/FALSE PRET - INTERNET,2026-04-06T10:36:00Z,Closed - Inactive,46089.416666666664,46117.611111111109,1130 N 14th St
26001034,"HAZARDS - NON-TRAFFIC (WIRES,TREES,ETC)",2026-04-05T16:21:00Z,Closed - Non-Criminal Case,46117.645833333336,NULL,639 N 12th St
26001031,FIRE - FALSE ALARM,2026-04-05T04:02:00Z,Closed - Non-Criminal Case,46117.168055555558,NULL,1600 Court St
26001029,SEX OFFENSE - RAPE,2026-04-05T02:07:00Z,Open,46116.968055555553,46117,1055 N 16th St
26001022,DISTURBANCE - OTHER,2026-04-03T12:08:00Z,Closed - Non-Criminal Case,46115.395833333336,NULL,1248 R St
26000997,STALKING,2026-04-01T13:58:00Z,Open,45047,46113.581944444442,NA
26000996,TRESPASSING,2026-04-01T13:32:00Z,Closed - Inactive,46113.563888888886,NULL,730 N 14th St
26000995,VANDALISM - OTHER,2026-04-01T12:15:00Z,Closed - Inactive,46113,46113.495833333334,300 North 17th
26000994,ACCIDENTS - P.D. H&R REPORTABLE,2026-04-01T12:02:00Z,Closed - Inactive,46113.333333333336,46113.5,4000 East Campus Loop S
26000992,ACCIDENTS - P.D. H&R NOT REPORTABLE,2026-04-01T08:38:00Z,Closed - Inactive,46111.354166666664,46112.291666666664,1830 Vine St
26000990,TRESPASSING,2026-03-31T22:13:00Z,Closed - Non-Criminal Case,46112.925694444442,NULL,880 N 17th St
26000971,LARCENY - OTHER OR FROM OPEN AREA,2026-03-30T14:12:00Z,Closed - Inactive,46111.532638888886,NULL,840 N 14th St
26000963,LARCENY - OTHER OR FROM OPEN AREA,2026-03-30T00:53:00Z,Open,46110.708333333336,46111.036805555559,560 Stadium Dr
26000962,NARCOTICS - POSSESSION,2026-03-29T23:15:00Z,Closed - Cleared by Arrest-Adult,46110.96875,NULL,N 14TH ST & VINE ST
26000957,ACCIDENTS - P.D. H&R NOT REPORTABLE,2026-03-29T14:46:00Z,Closed - Inactive,46103.806250000001,46105.671527777777,NA
26000956,LARCENY - OTHER OR FROM OPEN AREA,2026-03-29T09:56:00Z,Closed - Cleared by Arrest-Adult,46107.625,46110.395833333336,820 N 17th St
26000955,TRAFFIC - SUSPENDED DRIVER,2026-03-29T02:26:00Z,Closed - Cleared by Arrest-Adult,46110.101388888892,NULL,639 N 12th St
26000952,ALCOHOL - MINOR IN POSSESSION,2026-03-28T23:22:00Z,Closed - Cleared by Arrest-Adult,46109.973611111112,NULL,1420 Idylwild Dr
26000950,DISTURBANCE - OTHER,2026-03-28T18:35:00Z,Closed - Cleared by Arrest-Adult,46109.767361111109,NULL,1120 N 14th St
26000933,LARCENY - OTHER OR FROM OPEN AREA,2026-03-27T17:52:00Z,Closed - Cleared by Arrest-Adult,46107.638888888891,NULL,1210 Vine St
26000929,LARCENY - OTHER OR FROM OPEN AREA,2026-03-27T15:39:00Z,Closed - Inactive,46108.590277777781,46108.631944444445,730 N 14th St
26000926,TRAFFIC - SUSPENDED DRIVER,2026-03-27T10:00:00Z,Closed - Cleared by Arrest-Adult,46108.416666666664,NULL,N 33RD ST & VINE ST
26000919,TRAFFIC - SUSPENDED DRIVER,2026-03-26T22:57:00Z,Closed - Cleared by Arrest-Adult,46107.956250000003,NULL,N 10TH ST & MILITARY RD
26000918,TRAFFIC - SUSPENDED DRIVER,2026-03-26T22:31:00Z,Closed - Cleared by Arrest-Adult,46107.938194444447,NULL,R ST & N 16TH ST
26000911,LARCENY - OTHER OR FROM OPEN AREA,2026-03-26T16:12:00Z,Closed - Cleared by Arrest-Adult,46107.631249999999,46107.638888888891,1210 Vine St
26000903,TRESPASSING,2026-03-26T07:39:00Z,Closed - Inactive,46107.291666666664,46107.322916666664,1523 N 33rd St
26000902,TRAFFIC - SUSPENDED DRIVER,2026-03-26T01:05:00Z,Closed - Cleared by Arrest-Adult,46107.045138888891,NULL,N 33RD ST & VINE ST
26000899,TRAFFIC - SUSPENDED DRIVER,2026-03-25T23:40:00Z,Closed - Cleared by Arrest-Adult,46106.986111111109,NULL,S 33RD ST & O ST
26000894,ACCIDENTS - P.D. REPORTABLE,2026-03-25T14:08:00Z,Closed - Non-Criminal Case,46106.583333333336,NULL,600 N 15th St
26000893,FRAUD - CON GAMES/DECEPTION/FALSE PRET - INTERNET,2026-03-25T13:01:00Z,Closed - Inactive,46105.625,46105.875,200 Centennial Mall N
26000892,FRAUD - IMPERSONATION,2026-03-25T11:59:00Z,Closed - Inactive,45809,46106.499305555553,300 N 17th St
26000888,DISTURBANCE - OTHER,2026-03-25T09:51:00Z,Closed - Inactive,46106.410416666666,NULL,4000 East Campus Loop S
26000883,LARCENY - FROM BUILDING,2026-03-24T18:33:00Z,Closed - Inactive,46105.751388888886,NULL,1248 R St
OS26011,STALKING,2026-03-24T16:21:00Z,NA - Clery Report Only,46083.000694444447,46085.999305555553,On Campus
26000881,LARCENY - STOLEN BIKE,2026-03-24T16:18:00Z,Closed - Inactive,46100.975694444445,NULL,1130 N 14th St
26000882,FIRE - FALSE ALARM,2026-03-24T16:17:00Z,Closed - Non-Criminal Case,46105.673611111109,46105.678472222222,1875 N 38th St
26000879,ACCIDENTS - P.D. H&R NOT REPORTABLE,2026-03-24T12:39:00Z,Closed - Cleared by Arrest-Adult,46104.791666666664,46105.489583333336,4000 East Campus Loop S
26000876,LARCENY - OTHER OR FROM OPEN AREA,2026-03-24T09:00:00Z,Closed - Cleared by Arrest-Adult,46105.35833333333,NULL,841 N 14th St
26000868,ACCIDENTS - P.D. H&R NOT REPORTABLE,2026-03-23T13:34:00Z,Closed - Cleared by Arrest-Juvenile,46104.473611111112,NULL,625 Stadium Dr
26000859,ALCOHOL - DWI,2026-03-21T23:08:00Z,Closed - Cleared by Arrest-Adult,46102.963888888888,NULL,N 14TH ST & Q ST
26000855,ALCOHOL - MINOR IN POSSESSION,2026-03-21T10:38:00Z,Closed - Non-Criminal Case,46102.443055555559,NULL,433 N 19th St
26000853,ALCOHOL - DWI,2026-03-20T22:50:00Z,Closed - Cleared by Arrest-Adult,46101.951388888891,NULL,ANTELOPE VALLEY PARKWAY & MILITARY RD
26000852,SEX OFFENSE - ANONYMOUS SEXUAL ASSAULT,2026-03-20T18:09:00Z,Closed - Inactive,NULL,NULL,550 N 19th St
26000851,VANDALISM - OTHER,2026-03-20T13:17:00Z,Closed - Inactive,46100.5,46101.375,820 N 16th St
26000848,TRAFFIC - SUSPENDED DRIVER,2026-03-20T01:58:00Z,Closed - Cleared by Arrest-Adult,46101.081944444442,NULL,N 35TH ST & HUNTINGTON AVE
26000846,TRAFFIC - OTHER,2026-03-19T23:50:00Z,Closed - Cleared by Arrest-Adult,46100.993055555555,NULL,N 29TH ST & HOLDREGE ST
26000838,DISTURBANCE - OTHER,2026-03-19T08:03:00Z,Closed - Non-Criminal Case,46100.335416666669,NULL,841 N 14th St
26000836,ALCOHOL - DWI,2026-03-18T23:50:00Z,Closed - Cleared by Arrest-Adult,46099.993055555555,NULL,N 27TH ST & W ST
26000835,TRAFFIC - SUSPENDED DRIVER,2026-03-18T21:53:00Z,Closed - Cleared by Arrest-Adult,46099.911805555559,NULL,N 17TH ST & R ST
26000833,TRAFFIC - SUSPENDED DRIVER,2026-03-18T15:50:00Z,Closed - Cleared by Arrest-Adult,46099.659722222219,NULL,ANTELOPE VALLEY PARKWAY & MILITARY RD
26000827,TRAFFIC - SUSPENDED DRIVER,2026-03-17T22:57:00Z,Closed - Cleared by Arrest-Adult,46098.956250000003,NULL,N ANTELOPE VALLEY PKWY & S ST
26000820,ACCIDENTS - P.D. H&R NOT REPORTABLE,2026-03-16T17:14:00Z,Closed - Inactive,46093.875,46093.947916666664,1717 N 35th St
OS26010,STALKING,2026-03-16T15:56:00Z,NA - Clery Report Only,46023.000694444447,46097.663888888892,On Campus
26000815,ACCIDENTS - P.D. H&R NOT REPORTABLE,2026-03-16T06:36:00Z,Closed - Cleared by Arrest-Adult,46097.12777777778,NULL,3835 Holdrege St
26000809,TELEPHONE - OTHER,2026-03-14T16:01:00Z,Closed - Non-Criminal Case,NULL,NULL,1619 R St
26000786,ALCOHOL - MINOR IN POSSESSION,2026-03-13T23:53:00Z,Closed - Non-Criminal Case,46094.995138888888,NULL,880 N 17th St
26000800,TRAFFIC - SUSPENDED DRIVER,2026-03-13T21:24:00Z,Closed - Cleared by Arrest-Adult,46094.89166666667,NULL,33RD ST & VINE ST
26000792,DISTURBANCE - OTHER,2026-03-13T11:29:00Z,Closed - Non-Criminal Case,46094.4375,46094.458333333336,1248 R St
26000791,LARCENY - STOLEN BIKE,2026-03-13T10:45:00Z,Closed - Inactive,46093.942361111112,46094.375,440 N 17th St
26000782,ALCOHOL - MINOR IN POSSESSION,2026-03-12T20:11:00Z,Closed - Cleared by Arrest-Adult,46093.84097222222,NULL,1880 Transformation Dr
26000781,TRESPASSING,2026-03-12T20:02:00Z,Closed - Cleared by Arrest-Adult,46093.831944444442,46093.834722222222,1400 R St
26000780,ALCOHOL - MINOR IN POSSESSION,2026-03-12T19:22:00Z,Closed - Cleared by Arrest-Adult,46093.806944444441,46093.830555555556,1880 Transformation Dr
26000778,ACCIDENTS - P.D. H&R NOT REPORTABLE,2026-03-12T17:16:00Z,Closed - Inactive,46091.729166666664,46091.789583333331,NA
26000777,ACCIDENTS - P.D. H&R NOT REPORTABLE,2026-03-12T16:50:00Z,Closed - Inactive,46091.53125,46093.604166666664,3310 Holdrege St
26000776,DISTURBANCE - OTHER,2026-03-12T16:16:00Z,Closed - Non-Criminal Case,46093.625,46093.677083333336,1300 R St
26000769,ANIMAL - All CALLS OTHER THAN DOGS,2026-03-12T09:25:00Z,Closed - Non-Criminal Case,46092.392361111109,46093.392361111109,1650 N 35th St
26000761,FIRE - FALSE ALARM,2026-03-11T15:24:00Z,Closed - Non-Criminal Case,46092.64166666667,NULL,1700 Vine St
26000753,LARCENY - OTHER OR FROM OPEN AREA,2026-03-10T11:22:00Z,Closed - Inactive,46090.770833333336,46090.84375,1144 T St
26000751,DISTURBANCE - OTHER,2026-03-10T09:47:00Z,Closed - Inactive,46090.6875,NULL,3310 Holdrege St
26000749,TRESPASSING,2026-03-09T22:39:00Z,Closed - Non-Criminal Case,46090.943749999999,NULL,1300 R St
26000746,LARCENY - OTHER OR FROM OPEN AREA,2026-03-09T20:28:00Z,Closed - Inactive,46090.760416666664,46090.847222222219,1144 T St
26000730,OUTSIDE - O.P.S. OTHER,2026-03-07T22:07:00Z,Closed - Non-Criminal Case,46088.875,46088.921527777777,"1320 P ST, #201"
26000728,ALCOHOL - MINOR IN POSSESSION,2026-03-07T18:24:00Z,Closed - Cleared by Arrest-Adult,46088.76666666667,NULL,550 N 19th St
26000727,ACCIDENTS - P.D. H&R NOT REPORTABLE,2026-03-07T17:09:00Z,Closed - Non-Criminal Case,46081.791666666664,46088.714583333334,300 N 17th St
26000722,ALCOHOL - MINOR IN POSSESSION,2026-03-07T00:42:00Z,Closed - Cleared by Arrest-Adult,46088.020833333336,46088.029166666667,880 N 17th St
26000721,ALCOHOL - MINOR IN POSSESSION,2026-03-07T00:36:00Z,Closed - Non-Criminal Case,46088.025000000001,NULL,880 N 17th St
26000714,TRESPASSING,2026-03-06T00:36:00Z,Closed - Cleared by Arrest-Adult,46087.025000000001,46087.04791666667,1111 Salt Creek Rdwy
26000706,LARCENY - OTHER OR FROM OPEN AREA,2026-03-05T15:57:00Z,Closed - Non-Criminal Case,46086.640277777777,NULL,1400 R St
OS26009,HAZING,2026-03-05T15:22:00Z,NA - Clery Report Only,45919.000694444447,45919.999305555553,On-Campus Student Housing
26000703,STALKING,2026-03-05T12:46:00Z,Closed - Non-Criminal Case,46054.4375,46085.708333333336,NA
26000698,NARCOTICS - POSSESSION,2026-03-04T23:44:00Z,Closed - Cleared by Arrest-Adult,46085.988888888889,NULL,N 17TH ST & N ANTELOPE VALLEY PKWY
26000696,ACCIDENTS - P.D. H&R NOT REPORTABLE,2026-03-04T19:55:00Z,Closed - Cleared by Arrest-Adult,46085.829861111109,NULL,1600 Court St Lot 58
26000694,VANDALISM - OTHER,2026-03-04T18:35:00Z,Closed - Inactive,46085.041666666664,46085.395833333336,1055 N 16th St
26000690,ACCIDENTS - P.D. H&R NOT REPORTABLE,2026-03-04T14:17:00Z,Closed - Non-Criminal Case,46051.916666666664,46052.416666666664,1111 N 14th St
26000689,TRESPASSING,2026-03-04T12:55:00Z,Closed - Non-Criminal Case,46085.538194444445,NULL,1433 W St
26000685,VANDALISM - BY GRAFFITI,2026-03-04T08:35:00Z,Closed - Inactive,46084.291666666664,46085.291666666664,402 Stadium Dr
26000681,ASSAULT - NON DOMESTIC,2026-03-03T15:12:00Z,Closed - Cleared by Arrest-Adult,46072.512499999997,NULL,1400 R St
26000670,LARCENY - OTHER OR FROM OPEN AREA,2026-03-02T19:31:00Z,Closed - Cleared by Arrest-Adult,46081.06527777778,NULL,820 N 17th St
26000668,SUSPICIOUS PERSON,2026-03-02T17:46:00Z,Closed - Non-Criminal Case,46055,46069,840 N 14th St
26000664,SEX OFFENSE - MOLEST/FONDLING,2026-03-02T15:06:00Z,Closed - Inactive,45839.333333333336,45868.875,303 N 17th St
OS26007,STALKING,2026-03-02T14:38:00Z,NA - Clery Report Only,46034.000694444447,46083.609722222223,On Campus
26000666,FRAUD - CHECKS INSUF/NO ACC/NOT FORGED,2026-03-02T14:33:00Z,Closed - Inactive,46080,NULL,880 N 17th St
26000701,OUTSIDE - O.P.S. OTHER,2026-03-02T13:50:00Z,Closed - Non-Criminal Case,45787.96875,46153.291666666664,4619 S Lincoln Ave
26000702,OUTSIDE - O.P.S. OTHER,2026-03-02T13:50:00Z,Closed - Non-Criminal Case,NULL,NULL,Holmes North Shore Rd Holmes Lake
26000658,TRAFFIC - SUSPENDED DRIVER,2026-03-01T16:09:00Z,Closed - Cleared by Arrest-Adult,46082.67291666667,NULL,N 16TH ST & O ST
26000653,DISTURBANCE - BETWEEN NEIGHBORS,2026-02-28T21:54:00Z,Closed - Non-Criminal Case,46081.572916666664,46081.916666666664,1801 R St
26000650,ACCIDENTS - P.D. H&R NOT REPORTABLE,2026-02-28T13:26:00Z,Closed - Cleared by Arrest-Adult,46081.55972222222,NULL,745 N 14th St
26000649,ACCIDENTS - P.D. H&R NOT REPORTABLE,2026-02-28T09:27:00Z,Closed - Cleared by Arrest-Adult,46079.938888888886,NULL,820 N 17th St
26000648,ALCOHOL - DWI,2026-02-28T04:27:00Z,Closed - Cleared by Arrest-Adult,46081.185416666667,NULL,N 16TH ST & Q ST
26000646,ALCOHOL - DWI,2026-02-28T01:56:00Z,Closed - Cleared by Arrest-Adult,46081.080555555556,NULL,N 9TH ST & Q ST
26000641,TRAFFIC - SUSPENDED DRIVER,2026-02-28T00:20:00Z,Closed - Cleared by Arrest-Adult,46081.013888888891,NULL,N 25TH ST & W ST
26000640,LARCENY - FROM BUILDING,2026-02-27T23:29:00Z,Closed - Non-Criminal Case,46079.743055555555,46079.833333333336,841 N 14th St
26000630,TELEPHONE - OTHER,2026-02-27T09:20:00Z,Closed - Non-Criminal Case,45871.666666666664,NULL,1111 Salt Creek Rdwy
26000633,ASSAULT - NON DOMESTIC,2026-02-27T07:30:00Z,Closed - Cleared by Arrest-Adult,46080.3125,NULL,600 N 15th St
26000628,TRAFFIC - SUSPENDED DRIVER,2026-02-26T23:38:00Z,Closed - Cleared by Arrest-Adult,46079.984722222223,NULL,N 23RD ST & W ST
26000626,ASSAULT - NON DOMESTIC,2026-02-26T22:45:00Z,Closed - Non-Criminal Case,46079.938194444447,NULL,841 N 14th St
26000625,ALCOHOL - MINOR IN POSSESSION,2026-02-26T21:52:00Z,Closed - Non-Criminal Case,46079.911111111112,NULL,880 N 17th St
26000624,ALCOHOL - MINOR IN POSSESSION,2026-02-26T20:13:00Z,Closed - Non-Criminal Case,46079.833333333336,46079.842361111114,1880 Transformation Dr
26000621,ALCOHOL - MINOR IN POSSESSION,2026-02-26T19:56:00Z,Closed - Non-Criminal Case,46079.830555555556,NULL,1880 Transformation Dr
26000620,ALCOHOL - MINOR IN POSSESSION,2026-02-26T19:26:00Z,Closed - Cleared by Arrest-Adult,46079.805555555555,46079.80972222222,1880 Transformation Dr
26000616,VANDALISM - BY GRAFFITI,2026-02-26T14:52:00Z,Closed - Non-Criminal Case,46079.619444444441,NULL,1300 R St
26000611,ALCOHOL - MINOR IN POSSESSION,2026-02-25T23:51:00Z,Closed - Non-Criminal Case,46078.993750000001,NULL,433 N 19th St
26000609,VANDALISM - BY GRAFFITI,2026-02-25T22:52:00Z,Closed - Inactive,45992.227777777778,NULL,451 N 12th St
26000607,ACCIDENTS - P.D. H&R NOT REPORTABLE,2026-02-25T14:57:00Z,Closed - Inactive,46072.444444444445,46078.622916666667,1111 N 14th St
26000606,SUSPICIOUS PERSON,2026-02-25T12:40:00Z,Closed - Inactive,46047.559027777781,46078.527777777781,1619 R St
26000604,ACCIDENTS - P.D. H&R NOT REPORTABLE,2026-02-25T08:34:00Z,Closed - Non-Criminal Case,46076.347222222219,46076.680555555555,745 N. 14th ST
OS26008,STALKING,2026-02-25T00:01:00Z,NA - Clery Report Only,46023.000694444447,46078.999305555553,On Campus
26000599,ACCIDENTS - P.D. H&R NOT REPORTABLE,2026-02-24T17:25:00Z,Closed - Non-Criminal Case,46076.378472222219,46076.694444444445,1830 Vine St
26000597,OUTSIDE - O.P.S. OTHER,2026-02-24T13:25:00Z,Closed - Non-Criminal Case,46077.559027777781,NULL,550 N 19th St
26000593,OUTSIDE - O.P.S. OTHER,2026-02-24T02:21:00Z,Closed - Non-Criminal Case,46077.097916666666,NULL,NA
26000582,FRAUD - CON GAMES/DECEPTION/FALSE PRET - INTERNET,2026-02-23T09:20:00Z,Open,46006.333333333336,46075.708333333336,300 N 17th St
26000578,ACCIDENTS - P.D. H&R NOT REPORTABLE,2026-02-22T14:48:00Z,Closed - Inactive,NULL,NULL,1801 R St
26000575,TRAFFIC - SUSPENDED DRIVER,2026-02-21T23:06:00Z,Closed - Cleared by Arrest-Adult,46074.962500000001,NULL,ANTELOPE VALLEY PARKWAY & N 17TH ST
26000574,TRAFFIC - SUSPENDED DRIVER,2026-02-21T22:25:00Z,Closed - Cleared by Arrest-Adult,46074.934027777781,NULL,N 17TH ST & P ST
26000566,VANDALISM - BY GRAFFITI,2026-02-21T10:21:00Z,Closed - Cleared by Arrest-Adult,46073.333333333336,46074.431250000001,1150 N 14th St
26000563,TRAFFIC - SUSPENDED DRIVER,2026-02-21T02:13:00Z,Closed - Cleared by Arrest-Adult,46074.092361111114,NULL,ANTELOPE VALLEY PARKWAY & Q ST
26000561,ALCOHOL - MINOR IN POSSESSION,2026-02-20T23:10:00Z,Closed - Non-Criminal Case,46073.965277777781,NULL,1130 N 14th St
26000559,ALCOHOL - USING FALSE I.D.,2026-02-20T21:48:00Z,Closed - Non-Criminal Case,46073.908333333333,NULL,841 N 14th St
26000557,ALCOHOL - MINOR IN POSSESSION,2026-02-20T20:32:00Z,Closed - Cleared by Arrest-Adult,46073.8125,46073.855555555558,1880 Transformation Dr
26000555,SEX OFFENSE - INDECENT EXPOSURE,2026-02-20T20:25:00Z,Closed - Inactive,46073.850694444445,46073.850694444445,1880 Transformation Dr
26000556,NARCOTICS - POSSESSION,2026-02-20T19:32:00Z,Closed - Cleared by Arrest-Adult,46073.813888888886,NULL,ANTELOPE VALLEY PARKWAY & MILITARY RD
26000542,TRESPASSING,2026-02-19T23:24:00Z,Closed - Non-Criminal Case,46072.974999999999,NULL,1400 R St
26000540,DISTURBANCE - OTHER,2026-02-19T17:07:00Z,Closed - Inactive,46046.0625,46066.875,433 N 19th St
26000535,DISTURBANCE - OTHER,2026-02-19T06:54:00Z,Closed - Inactive,46070.413194444445,46072.413194444445,1248 R St
26000532,OUTSIDE - O.P.S. OTHER,2026-02-19T06:14:00Z,Closed - Non-Criminal Case,46072.258333333331,NULL,ANTELOPE VALLEY PARKWAY & Salt Creek RDWY
26000530,AUTO THEFT,2026-02-19T01:00:00Z,Closed - Cleared by Arrest-Adult,46072.041666666664,NULL,N 33RD ST & HUNTINGTON AVE
26000528,TRESPASSING,2026-02-18T20:52:00Z,Closed - Cleared by Arrest-Adult,46071.869444444441,NULL,1400 R St
26000524,TRESPASSING,2026-02-18T17:13:00Z,Closed - Cleared by Arrest-Adult,46071.717361111114,NULL,200 Centennial Mall N
26000523,DISTURBANCE - OTHER,2026-02-18T16:12:00Z,Closed - Inactive,46070.872916666667,NULL,1710 Arbor Dr
26000522,TRESPASSING,2026-02-18T16:01:00Z,Closed - Non-Criminal Case,46071.667361111111,NULL,200 Centennial Mall N
26000515,TRAFFIC - SUSPENDED DRIVER,2026-02-17T22:30:00Z,Closed - Cleared by Arrest-Adult,46070.9375,NULL,VINE ST & N 33RD ST
26000509,ASSAULT - NON DOMESTIC,2026-02-17T14:44:00Z,Closed - Inactive,46067.875,46067.916666666664,1120 N 14th St
26000508,BURGLARY,2026-02-17T14:06:00Z,Closed - Inactive,46070.587500000001,46070.587500000001,1901 Vine St
26000507,LARCENY - FROM MOTOR VEHICLE,2026-02-17T12:05:00Z,Closed - Inactive,46069.916666666664,46070.5,1150 N 14th St
26000495,SUSPICIOUS PERSON,2026-02-16T12:40:00Z,Closed - Non-Criminal Case,46069.527777777781,NULL,840 N 14th St
26000493,TELEPHONE - THREATENING CALLS,2026-02-16T10:05:00Z,Closed - Inactive,46065.427083333336,46065.541666666664,1400 R St
26000491,VANDALISM - OTHER,2026-02-15T22:18:00Z,Closed - Cleared by Arrest-Adult,46068.000694444447,NULL,1130 N 14th St
26000482,LARCENY - FROM BUILDING,2026-02-15T02:12:00Z,Closed - Cleared by Arrest-Adult,46068.091666666667,46068.15902777778,1425 Q St
26000475,ACCIDENTS - P.D. H&R NOT REPORTABLE,2026-02-14T16:16:00Z,Closed - Cleared by Arrest-Adult,46067.672222222223,NULL,1801 R St
26000474,NARCOTICS - OTHER,2026-02-14T12:44:00Z,Closed - Non-Criminal Case,46067.530555555553,46067.530555555553,1780 R St
26000472,ALCOHOL - MINOR IN POSSESSION,2026-02-14T02:04:00Z,Closed - Cleared by Arrest-Adult,46067.086111111108,NULL,1055 N 16th St
26000455,ALCOHOL - USING FALSE I.D.,2026-02-13T06:20:00Z,Closed - Cleared by Arrest-Adult,46066.263888888891,NULL,300 N 17th St
26000451,ACCIDENTS - P.D. H&R NOT REPORTABLE,2026-02-12T18:13:00Z,Closed - Cleared by Arrest-Adult,46035.5,46039.833333333336,300 N 17th St
26000450,TRESPASSING,2026-02-12T16:43:00Z,Closed - Inactive,46065.696527777778,NULL,1433 W St
26000443,TRESPASSING,2026-02-12T06:53:00Z,Closed - Inactive,46065.000694444447,46065.291666666664,1300 R St
26000440,TRAFFIC - SUSPENDED DRIVER,2026-02-11T23:24:00Z,Closed - Cleared by Arrest-Adult,46064.974999999999,NULL,33RD ST & HOLDREGE ST
26000438,TRAFFIC - SUSPENDED DRIVER,2026-02-11T18:05:00Z,Closed - Cleared by Arrest-Adult,46064.753472222219,NULL,ANTELOPE VALLEY PARKWAY & O ST
26000433,DISTURBANCE - OTHER,2026-02-11T16:11:00Z,Closed - Non-Criminal Case,45301.824999999997,NULL,300 N 17th St
26000432,TELEPHONE - OTHER,2026-02-11T16:00:00Z,Closed - Non-Criminal Case,46055.729166666664,46064.665277777778,800 Stadium Dr
26000434,DISTURBANCE - OTHER,2026-02-10T19:10:00Z,Closed - Inactive,46063.795138888891,46063.798611111109,400 Pinnacle Arena Dr
26000424,DISTURBANCE - OTHER,2026-02-10T18:17:00Z,Closed - Non-Criminal Case,46063.761805555558,NULL,1400 R St
26000422,SEX OFFENSE - ANONYMOUS SEXUAL ASSAULT,2026-02-10T13:57:00Z,Closed - Inactive,NULL,NULL,550 N 19th St
26000411,VANDALISM - OTHER,2026-02-09T12:48:00Z,Closed - Cleared by Arrest-Adult,46060.902777777781,46060.909722222219,1150 N 14th St
26000408,TRESPASSING,2026-02-09T06:20:00Z,Closed - Non-Criminal Case,46062.263888888891,NULL,1248 R St
26000405,DISTURBANCE - OTHER,2026-02-08T20:44:00Z,Closed - Cleared by Arrest-Adult,46061.861111111109,46061.863888888889,1505 S St
26000402,ACCIDENTS - P.D. H&R NOT REPORTABLE,2026-02-08T16:58:00Z,Closed - Cleared by Arrest-Adult,46059.694444444445,NULL,1801 R St
26000400,TRESPASSING,2026-02-08T13:30:00Z,Closed - Non-Criminal Case,46061.5625,NULL,1433 W St
26000399,EXTORTION,2026-02-08T13:22:00Z,Closed - Inactive,46060.799305555556,46061.09375,1150 N 14th St
26000398,SEX OFFENSE - MOLEST/FONDLING,2026-02-08T10:14:00Z,Closed - Cleared by Arrest-Juvenile,46060.838194444441,NULL,1880 Transformation Dr
26000397,LARCENY - STOLEN BIKE,2026-02-08T09:40:00Z,Closed - Cleared by Arrest-Adult,46061.39166666667,NULL,1700 Vine St
26000396,OUTSIDE - O.P.S. OTHER,2026-02-08T04:56:00Z,Closed - Non-Criminal Case,46061.205555555556,NULL,1243 CLAREMONT ST
26000393,OUTSIDE - O.P.S. OTHER,2026-02-08T00:58:00Z,Closed - Non-Criminal Case,46061.040277777778,NULL,N 16TH ST & O ST
26000392,FIRE - FALSE ALARM,2026-02-07T22:07:00Z,Closed - Cleared by Arrest-Adult,46060.921527777777,NULL,601 N 16th St
26000391,FRAUD - CON GAMES/DECEPTION/FALSE    PRETENSE/OTHER,2026-02-07T21:50:00Z,Closed - Inactive,46046.934027777781,46051.515277777777,NA
26000388,NARCOTICS - POSSESSION,2026-02-07T05:37:00Z,Closed - Cleared by Arrest-Adult,46060.234027777777,NULL,HOLDREGE ST & IDYLWILD DR
26000386,TRAFFIC - SUSPENDED DRIVER,2026-02-07T01:33:00Z,Closed - Cleared by Arrest-Adult,46060.064583333333,NULL,ANTELOPE VALLEY PARKWAY & M ST
26000383,FIRE - FALSE ALARM,2026-02-06T20:48:00Z,Closed - Non-Criminal Case,46059.854166666664,NULL,426 N 16th St
26000379,ACCIDENTS - P.D. H&R NOT REPORTABLE,2026-02-06T17:36:00Z,Closed - Inactive,46055.6875,46059.706944444442,1801 R St
26000378,STALKING,2026-02-06T11:52:00Z,Closed - Inactive,45809.083333333336,46059.494444444441,300 N 17th St
26000370,ALCOHOL - DWI,2026-02-06T01:14:00Z,Closed - Cleared by Arrest-Adult,46059.051388888889,NULL,N 10TH ST & T ST
26000369,ALCOHOL - MINOR IN POSSESSION,2026-02-05T23:09:00Z,Closed - Cleared by Arrest-Adult,46058.964583333334,NULL,1150 N 14th St
26000368,FIRE (WORKING) - ALARM,2026-02-05T20:33:00Z,Closed - Non-Criminal Case,46058.856249999997,NULL,820 N 17th St
26000363,TELEPHONE - OTHER,2026-02-05T17:45:00Z,Closed - Non-Criminal Case,46057.875,46058.739583333336,300 N 17th St
26000359,TRESPASSING,2026-02-05T13:01:00Z,Closed - Non-Criminal Case,46058.542361111111,NULL,625 N 14th St
26000355,DISTURBANCE - OTHER,2026-02-05T11:52:00Z,Closed - Non-Criminal Case,46058.229166666664,NULL,NA
26000354,TRESPASSING,2026-02-05T10:41:00Z,Closed - Non-Criminal Case,46058.445138888892,NULL,730 N 14th St
26000639,TRAFFIC - OTHER,2026-02-04T23:50:00Z,Closed - Non-Criminal Case,46057.993055555555,NULL,N 23RD ST & VINE ST
26000343,TRESPASSING,2026-02-04T13:04:00Z,Closed - Non-Criminal Case,46057.544444444444,NULL,900 N 16th St
26000340,LARCENY - FROM BUILDING,2026-02-04T09:24:00Z,Closed - Inactive,46057.319444444445,46057.338194444441,1600 Court St
26000334,FIRE (WORKING) - ALARM,2026-02-04T00:11:00Z,Closed - Non-Criminal Case,46057.007638888892,NULL,1535 R St
26000331,DISTURBANCE - OTHER,2026-02-03T17:13:00Z,Closed - Inactive,46056.717361111114,46056.717361111114,300 N 17th St
26000329,TRESPASSING,2026-02-03T11:16:00Z,Closed - Non-Criminal Case,46056.469444444447,NULL,1400 R St
26000322,TELEPHONE - OTHER,2026-02-02T15:10:00Z,Closed - Inactive,46055.597222222219,NULL,2225 W St
26000318,SUSPICIOUS PERSON,2026-02-02T10:47:00Z,Closed - Non-Criminal Case,46055.395833333336,46055.430555555555,1248 R St
26000307,TRESPASSING,2026-02-01T11:11:00Z,Closed - Cleared by Arrest-Adult,46054.46597222222,NULL,1705 Arbor Dr
26000305,TRAFFIC - SUSPENDED DRIVER,2026-02-01T01:33:00Z,Closed - Cleared by Arrest-Adult,46054.064583333333,NULL,N 33RD ST & HOLDREGE ST
26000302,TRAFFIC - SUSPENDED DRIVER,2026-01-31T22:10:00Z,Closed - Cleared by Arrest-Adult,46053.923611111109,NULL,N 46TH ST & HOLDREGE ST
26000301,EXTORTION,2026-01-31T21:15:00Z,Closed - Inactive,46053.852083333331,46053.859027777777,880 N 17th St
26000300,ACCIDENTS - P.D. H&R NOT REPORTABLE,2026-01-31T19:08:00Z,Closed - Non-Criminal Case,46047,46053.78125,1220 N 14th St
26000294,ALCOHOL - MINOR IN POSSESSION,2026-01-31T02:04:00Z,Closed - Cleared by Arrest-Adult,46053.086111111108,NULL,1120 N 14th St
26000293,NARCOTICS - POSSESSION,2026-01-31T00:30:00Z,Closed - Cleared by Arrest-Adult,46053.020833333336,NULL,N 16TH ST & R ST
26000289,ACCIDENTS - P.D. H&R NOT REPORTABLE,2026-01-30T17:07:00Z,Closed - Inactive,46052.576388888891,46052.625,N 39TH ST & CENTER ST
26000287,FIRE - FALSE ALARM,2026-01-30T16:16:00Z,Closed - Non-Criminal Case,46052.677777777775,NULL,1531 S St
26000286,LARCENY - OTHER OR FROM OPEN AREA,2026-01-30T15:54:00Z,Closed - Inactive,46052.637499999997,NULL,1600 Court St
26000282,ACCIDENTS - P.D. H&R NOT REPORTABLE,2026-01-30T11:57:00Z,Closed - Cleared by Arrest-Adult,46051.40625,46051.666666666664,NA
26000280,VANDALISM - BY GRAFFITI,2026-01-30T06:37:00Z,Closed - Inactive,NULL,NULL,1300 R St
OS26006,HAZING,2026-01-29T10:12:00Z,NA - Clery Report Only,45966.000694444447,45966.999305555553,On-Campus Housing
OS26005,HAZING,2026-01-29T09:46:00Z,NA - Clery Report Only,45930.000694444447,45991.999305555553,On-Campus Housing
26000269,TRESPASSING,2026-01-29T05:26:00Z,Closed - Non-Criminal Case,46051.226388888892,NULL,625 Stadium Dr
26000261,ACCIDENTS - P.D. H&R NOT REPORTABLE,2026-01-28T12:53:00Z,Closed - Inactive,46050.444444444445,NULL,1855 N 35th St
26000252,FRAUD - CON GAMES/DECEPTION/FALSE PRET - INTERNET,2026-01-27T07:43:00Z,Closed - Inactive,46039.541666666664,46049.375,1140 N 14th St
26000247,FRAUD - CON GAMES/DECEPTION/FALSE PRET - INTERNET,2026-01-26T20:00:00Z,Closed - Inactive,46048.946527777778,NULL,880 N 17th St
26000242,VANDALISM - OTHER,2026-01-26T15:52:00Z,Closed - Inactive,46046.958333333336,46047.020833333336,880 N 17th St
26000227,ACCIDENTS - P.D. H&R NOT REPORTABLE,2026-01-25T16:44:00Z,Closed - Cleared by Arrest-Adult,46047.654861111114,NULL,1880 Transformation Dr
26000228,SUSPICIOUS PERSON,2026-01-25T16:02:00Z,Closed - Non-Criminal Case,46047.668055555558,NULL,440 N 17th St
26000224,OUTSIDE - O.P.S. OTHER,2026-01-25T01:55:00Z,Closed - Non-Criminal Case,46047.079861111109,NULL,550 N 26th St
26000223,TRAFFIC - SUSPENDED DRIVER,2026-01-24T23:33:00Z,Closed - Cleared by Arrest-Adult,46046.981249999997,NULL,N 14TH ST & R ST
26000215,TRESPASSING,2026-01-24T08:18:00Z,Closed - Cleared by Arrest-Adult,46046.345833333333,NULL,N 16TH ST & S ST
26000214,ALCOHOL - MINOR IN POSSESSION,2026-01-24T03:48:00Z,Closed - Non-Criminal Case,46046.158333333333,46046.176388888889,433 N 19th St
26000205,ACCIDENTS - P.D. REPORTABLE,2026-01-23T20:32:00Z,Closed - Inactive,46045.6875,46045.722222222219,WHITTIER ST & W ST
26000201,ACCIDENTS - P.D. H&R NOT REPORTABLE,2026-01-23T13:42:00Z,Closed - Cleared by Arrest-Adult,46038,46042.854166666664,1111 N 14th St
26000199,TRAFFIC - OTHER,2026-01-23T01:10:00Z,Closed - Inactive,46045.048611111109,46045.050694444442,33RD ST & U ST
26000191,TRAFFIC - SUSPENDED DRIVER,2026-01-21T23:28:00Z,Closed - Cleared by Arrest-Adult,46043.977777777778,NULL,N 16TH ST & Q ST
26000173,SUSPICIOUS PERSON,2026-01-20T14:49:00Z,Closed - Non-Criminal Case,46036.472222222219,NULL,1430 Vine St
26000159,ALCOHOL - USING FALSE I.D.,2026-01-19T07:51:00Z,Closed - Cleared by Arrest-Adult,46041.32708333333,NULL,300 N 17th St
26000154,NARCOTICS - POSSESSION,2026-01-18T06:11:00Z,Closed - Non-Criminal Case,46040.257638888892,NULL,SALT CREEK RDWY & STADIUM DR
26000137,ASSAULT - NON DOMESTIC,2026-01-16T19:33:00Z,Closed - Inactive,46006.916666666664,46006.927083333336,880 N 17th St
26000140,ACCIDENTS - INJURY,2026-01-16T19:21:00Z,Closed - Cleared by Arrest-Adult,46038.806250000001,NULL,N 35TH ST & HOLDREGE ST
26000138,FRAUD - CON GAMES/DECEPTION/FALSE    PRETENSE/OTHER,2026-01-16T16:50:00Z,Closed - Inactive,46037,46038.701388888891,1120 N 14th St
26000130,TRAFFIC - SUSPENDED DRIVER,2026-01-15T22:28:00Z,Closed - Cleared by Arrest-Adult,46037.936111111114,NULL,33RD ST & W ST
26000132,OUTSIDE - O.P.S. OTHER,2026-01-15T16:38:00Z,Closed - Non-Criminal Case,45961.972222222219,NULL,NA
26000111,DISTURBANCE - OTHER,2026-01-14T13:36:00Z,Closed - Non-Criminal Case,46296.611111111109,NULL,841 N 14th St
26000109,OUTSIDE - O.P.S. OTHER,2026-01-14T13:01:00Z,Closed - Non-Criminal Case,46036.542361111111,46036.542361111111,300 North 17th Street
26000104,ALCOHOL - MINOR IN POSSESSION,2026-01-14T01:44:00Z,Closed - Non-Criminal Case,46036.072222222225,NULL,1548 Vine St
26000098,FIRE (WORKING) - ALARM,2026-01-13T17:15:00Z,Closed - Non-Criminal Case,46035.71875,NULL,2222 Vine St
26000082,LARCENY - OTHER OR FROM OPEN AREA,2026-01-12T13:31:00Z,Closed - Cleared by Arrest-Adult,46025.157638888886,NULL,820 N 17th St
26000079,VANDALISM - BY GRAFFITI,2026-01-12T10:57:00Z,Closed - Inactive,46029.583333333336,46034.416666666664,451 N 12th St
26000074,ACCIDENTS - INJURY,2026-01-12T08:22:00Z,Closed - Cleared by Arrest-Adult,46034.34652777778,NULL,530 N 17th St
26000069,LARCENY - STOLEN BIKE,2026-01-11T15:42:00Z,Closed - Cleared by Arrest-Adult,46032.479166666664,46033.625,300 N 17th St
26000067,TRAFFIC - SUSPENDED DRIVER,2026-01-11T02:14:00Z,Closed - Cleared by Arrest-Adult,46033.093055555553,NULL,ANTELOPE VALLEY PARKWAY & N ST
26000062,OUTSIDE - O.P.S. OTHER,2026-01-09T22:47:00Z,Closed - Non-Criminal Case,46031.949305555558,NULL,P ST & N 18TH ST
26000056,ACCIDENTS - P.D. H&R NOT REPORTABLE,2026-01-09T17:00:00Z,Closed - Non-Criminal Case,46027.75,46031.708333333336,1830 Vine St
OS26004,STALKING,2026-01-09T13:52:00Z,NA - Clery Report Only,45975.000694444447,45975.999305555553,On-Campus
OS26003,STALKING,2026-01-09T13:40:00Z,NA - Clery Report Only,45870.000694444447,45938.000694444447,On-Campus
OS26002,ASSAULT - DOMESTIC,2026-01-09T11:45:00Z,NA - Clery Report Only,45926.000694444447,45926.999305555553,On-Campus Housing
OS26001,SEX OFFENSE - RAPE,2026-01-09T10:11:00Z,NA - Clery Report Only,45962.000694444447,45962.999305555553,On-Campus Housing
26000047,TRESPASSING,2026-01-09T05:22:00Z,Closed - Non-Criminal Case,46031.223611111112,NULL,625 Stadium Dr
26000045,TRAFFIC - SUSPENDED DRIVER,2026-01-08T19:51:00Z,Closed - Cleared by Arrest-Adult,46030.826388888891,NULL,N 40TH ST & EAST CAMPUS LOOP
26000040,FRAUD - CON GAMES/DECEPTION/FALSE    PRETENSE/OTHER,2026-01-08T15:23:00Z,Closed - Non-Criminal Case,45840.640972222223,NULL,2222 R Street
26000032,VANDALISM - BY GRAFFITI,2026-01-07T13:08:00Z,Closed - Inactive,46021.958333333336,46022.020833333336,300 N 17th St
26000028,ACCIDENTS - P.D. H&R NOT REPORTABLE,2026-01-07T04:33:00Z,Closed - Cleared by Arrest-Adult,46029.020833333336,NULL,1220 N 14th St
26000027,TRAFFIC - OTHER,2026-01-07T00:54:00Z,Closed - Inactive,46029.037499999999,NULL,N 33RD ST & HWY CORNHUSKER
26000018,TRAFFIC - SUSPENDED DRIVER,2026-01-06T00:26:00Z,Closed - Cleared by Arrest-Adult,46028.018055555556,NULL,N 22ND ST & VINE ST
26000016,FIRE (WORKING) - NO ALARM,2026-01-05T14:42:00Z,Closed - Non-Criminal Case,46027.612500000003,NULL,2075 N 38th St
26000009,TRAFFIC - OTHER,2026-01-04T00:44:00Z,Closed - Inactive,46026.023611111108,NULL,HOLDREGE ST & N 33RD ST
25004301,OUTSIDE - O.P.S. OTHER,2025-12-28T02:42:00Z,Closed - Non-Criminal Case,46016.000694444447,46016.416666666664,N 30TH ST & OVERLAND TRL
25004297,SUSPICIOUS PERSON,2025-12-27T15:10:00Z,Closed - Non-Criminal Case,46018.631944444445,NULL,844 N 16th St
25004285,PROTECTION ORDER VIOLATION,2025-12-22T23:49:00Z,Closed - Cleared by Arrest-Adult,46013.992361111108,NULL,SALT CREEK RDWY & STADIUM DR
25004282,TELEPHONE - OBSCENE CALLS,2025-12-22T09:13:00Z,Closed - Inactive,45962.0625,46013.246527777781,880 N 17th St
25004281,TRESPASSING,2025-12-22T06:52:00Z,Closed - Inactive,46012.472222222219,46013.286111111112,820 N 17th St
25004277,OUTSIDE - O.P.S. OTHER,2025-12-21T00:37:00Z,Closed - Non-Criminal Case,46012.025694444441,NULL,635 J St
25004266,ACCIDENTS - P.D. H&R NOT REPORTABLE,2025-12-19T17:55:00Z,Closed - Inactive,46010.666666666664,46010.722916666666,841 N 14th St
25004265,TRESPASSING,2025-12-19T15:27:00Z,Closed - Non-Criminal Case,46010.643750000003,NULL,1209 R St
25004260,TRESPASSING,2025-12-19T04:53:00Z,Closed - Cleared by Arrest-Adult,46010.203472222223,NULL,2200 Vine St
25004259,TRAFFIC - SUSPENDED DRIVER,2025-12-19T04:31:00Z,Closed - Cleared by Arrest-Adult,46010.188194444447,NULL,N 27TH ST & HOLDREGE ST
25004258,TRAFFIC - SUSPENDED DRIVER,2025-12-19T01:16:00Z,Closed - Cleared by Arrest-Adult,46010.052777777775,NULL,N 19TH ST & VINE ST
25004255,TELEPHONE - OTHER,2025-12-18T13:17:00Z,Closed - Inactive,46009.395833333336,NULL,1625 Arbor Dr
OS25029,STALKING,2025-12-18T11:45:00Z,NA - Clery Report Only,45870,46009,On-Campus
OS25028,SEX OFFENSE - MOLEST/FONDLING,2025-12-18T09:09:00Z,NA - Clery Report Only,46009,46009,On-Campus Housing
25004244,TRAFFIC - SUSPENDED DRIVER,2025-12-17T08:41:00Z,Closed - Cleared by Arrest-Adult,46008.361805555556,NULL,33RD ST & HOLDREGE ST
25004230,DISTURBANCE - OTHER,2025-12-15T20:54:00Z,Closed - Inactive,46006.870833333334,NULL,NA
25004227,SEX OFFENSE - RAPE,2025-12-15T16:18:00Z,Closed - Inactive,45990.895833333336,45990.979166666664,880 N 17th St
25004232,TRESPASSING,2025-12-14T14:30:00Z,Closed - Non-Criminal Case,45982.479166666664,45982.5,2225 W St
25004213,OUTSIDE - O.P.S. OTHER,2025-12-13T22:30:00Z,Closed - Non-Criminal Case,46004.9375,NULL,1001 S 13th
25004212,TRESPASSING,2025-12-13T19:25:00Z,Closed - Inactive,46004.809027777781,NULL,1248 R St
25004210,TRESPASSING,2025-12-13T15:30:00Z,Closed - Non-Criminal Case,46004.645833333336,NULL,1400 R St
25004202,LARCENY - FROM BUILDING,2025-12-12T21:52:00Z,Closed - Non-Criminal Case,46003.833333333336,46003.911111111112,1880 Transformation Dr
25004197,LARCENY - OTHER OR FROM OPEN AREA,2025-12-12T17:40:00Z,Closed - Cleared by Arrest-Adult,46003.666666666664,46003.729166666664,433 N 19th St
25004196,TRAFFIC - SUSPENDED DRIVER,2025-12-12T16:42:00Z,Closed - Cleared by Arrest-Adult,46003.695833333331,NULL,N 33RD ST & Y ST
25004194,ACCIDENTS - P.D. H&R NOT REPORTABLE,2025-12-12T14:04:00Z,Closed - Inactive,46002.583333333336,46003.586111111108,300 N 17th St
25004189,LARCENY - OTHER OR FROM OPEN AREA,2025-12-12T01:32:00Z,Closed - Non-Criminal Case,46002.96875,NULL,730 N 14th St
25004185,ALCOHOL - MINOR IN POSSESSION,2025-12-11T23:53:00Z,Closed - Non-Criminal Case,46002.995138888888,NULL,880 N 17th St
OS25027,STALKING,2025-12-11T13:17:00Z,NA - Clery Report Only,NULL,NULL,On-Campus
OS25026,SEX OFFENSE - RAPE,2025-12-11T12:02:00Z,NA - Clery Report Only,NULL,NULL,On-Campus Housing
OS25025,STALKING,2025-12-11T11:13:00Z,NA - Clery Report Only,NULL,NULL,On-Campus
OS25024,STALKING,2025-12-11T11:00:00Z,NA - Clery Report Only,NULL,NULL,On-Campus
25004159,OUTSIDE - O.P.S. OTHER,2025-12-10T09:19:00Z,Closed - Non-Criminal Case,45995.976388888892,45995.978472222225,N 16TH ST & S ST
25004148,ACCIDENTS - P.D. H&R NOT REPORTABLE,2025-12-09T14:11:00Z,Closed - Non-Criminal Case,45998.541666666664,46000.541666666664,1801 R St
25004145,VANDALISM - OTHER,2025-12-09T10:34:00Z,Closed - Inactive,45997.708333333336,45999.333333333336,433 V St
25004142,VANDALISM - OTHER,2025-12-08T21:08:00Z,Closed - Non-Criminal Case,45999.385416666664,45999.868055555555,300 N 17th St
OS25023,SEX OFFENSE - RAPE,2025-12-08T10:51:00Z,NA - Clery Report Only,45990.000694444447,45990.999305555553,On-Campus Housing
OS25022,STALKING,2025-12-08T08:56:00Z,NA - Clery Report Only,45976.000694444447,45976.999305555553,On-Campus Housing
25004127,OUTSIDE - O.P.S. OTHER,2025-12-06T23:33:00Z,Closed - Non-Criminal Case,45997.981249999997,NULL,152 N 32nd St
25004123,ALCOHOL - MINOR IN POSSESSION,2025-12-06T22:12:00Z,Closed - Cleared by Arrest-Adult,45997.925000000003,NULL,N 16TH ST & W ST
25004120,DISTURBANCE - OTHER,2025-12-06T20:22:00Z,Closed - Non-Criminal Case,45997.791666666664,NULL,433 N 19th St
25004118,TRAFFIC - OTHER,2025-12-06T13:18:00Z,Closed - Inactive,45997.554166666669,NULL,ANTELOPE VALLEY PARKWAY & Salt Creek RDWY
25004115,DISTURBANCE - OTHER,2025-12-06T09:24:00Z,Closed - Non-Criminal Case,45994.333333333336,45997.676388888889,660 N 12th St
OS25021,ASSAULT - DOMESTIC,2025-12-05T09:31:00Z,NA - Clery Report Only,45977.000694444447,45983.999305555553,On-Campus Housing
LE25006,ASSAULT - NON DOMESTIC,2025-12-05T09:12:00Z,NA - Clery Report Only,45995.895833333336,45995.930555555555,Clery-Public Property
25004098,TRESPASSING,2025-12-05T01:32:00Z,Closed - Cleared by Arrest-Adult,45996.063888888886,NULL,600 N 15th St
25004095,OUTSIDE - O.P.S. OTHER,2025-12-04T22:20:00Z,Closed - Inactive,45995.930555555555,NULL,Q ST & N 11TH ST
25004092,DISTURBANCE - OTHER,2025-12-04T20:36:00Z,Closed - Inactive,45995.85833333333,NULL,1140 N 14th St
25004084,LARCENY - OTHER OR FROM OPEN AREA,2025-12-04T14:10:00Z,Closed - Inactive,45987.92291666667,NULL,1130 N 14th St
25004081,VANDALISM - OTHER,2025-12-04T09:32:00Z,Closed - Inactive,45995.000694444447,45995.041666666664,820 N 17th St
25004066,TELEPHONE - OBSCENE CALLS,2025-12-03T15:48:00Z,Closed - Inactive,45994.486805555556,45994.604166666664,300 N 17th St
25004054,DISTURBANCE - OTHER,2025-12-02T19:37:00Z,Closed - Non-Criminal Case,45993.806944444441,NULL,1780 R St
25004052,ACCIDENTS - P.D. H&R NOT REPORTABLE,2025-12-02T18:01:00Z,Closed - Inactive,45992.8125,45993.354166666664,N 35TH ST & EAST CAMPUS MALL
25004051,LARCENY - OTHER OR FROM OPEN AREA,2025-12-02T17:52:00Z,Closed - Inactive,45993.573611111111,45993.732638888891,200 Centennial Mall N
25004050,WEAPONS – OTHER,2025-12-02T16:29:00Z,Closed - Non-Criminal Case,45988.990972222222,NULL,1700 Vine St
25004044,LARCENY - SHOPLIFTING,2025-12-02T08:21:00Z,Closed - Inactive,45990.695138888892,NULL,1055 N 16th St
25004042,ALCOHOL - USING FALSE I.D.,2025-12-02T01:40:00Z,Closed - Cleared by Arrest-Adult,45993.069444444445,NULL,1120 N 14th St
25004041,TRAFFIC - SUSPENDED DRIVER,2025-12-02T00:14:00Z,Closed - Cleared by Arrest-Adult,45993.009722222225,NULL,N 14TH ST & Q ST
25004037,DISTURBANCE - OTHER,2025-12-01T18:11:00Z,Closed - Non-Criminal Case,45992.757638888892,NULL,1880 Transformation Dr
25004034,DISTURBANCE - OTHER,2025-12-01T15:28:00Z,Closed - Non-Criminal Case,45982.333333333336,45991.833333333336,1801 R St
25004023,VANDALISM - OTHER,2025-11-30T00:32:00Z,Closed - Cleared by Arrest-Adult,45990.083333333336,45991.022222222222,880 N 17th St
25004065,"CHILD ABUSE/NEG - UNATTENDED, OTHER",2025-11-29T15:43:00Z,Closed - Inactive,44554,46016.999305555553,2244 Vine St
25004016,ALCOHOL - MINOR IN POSSESSION,2025-11-29T00:56:00Z,Closed - Non-Criminal Case,45990.038888888892,NULL,N 10TH ST & T ST
25004015,OUTSIDE - O.P.S. OTHER,2025-11-28T22:58:00Z,Closed - Non-Criminal Case,45989.956944444442,NULL,Q ST & N 31ST ST
25004014,OUTSIDE - O.P.S. OTHER,2025-11-28T20:53:00Z,Closed - Non-Criminal Case,45989.870138888888,45989.914583333331,N 16TH ST & X ST
25004011,FIRE - FALSE ALARM,2025-11-28T15:07:00Z,Open,45989.629861111112,NULL,880 N 17th St
25004010,VANDALISM - OTHER,2025-11-28T14:35:00Z,Closed - Cleared by Arrest-Adult,45989.607638888891,NULL,1100 T St
25004003,OUTSIDE - O.P.S. OTHER,2025-11-27T15:11:00Z,Closed - Non-Criminal Case,45988.632638888892,45988.632638888892,"3340 Starr St, #1"
25004002,LARCENY - OTHER OR FROM OPEN AREA,2025-11-27T05:04:00Z,Closed - Cleared by Arrest-Adult,45988.211111111108,NULL,820 N 17th St
25004001,VANDALISM - OTHER,2025-11-26T23:58:00Z,Closed - Cleared by Arrest-Adult,45987.990277777775,NULL,1400 R St
25003990,OUTSIDE - O.P.S. OTHER,2025-11-26T01:09:00Z,Closed - Non-Criminal Case,45987.04791666667,NULL,1724 L St
25003988,CHILD ABUSE/NEG - PHYSICAL ABUSE,2025-11-25T20:40:00Z,Closed - Non-Criminal Case,45986.791666666664,NULL,1600 Court St
25003987,OUTSIDE - O.P.S. OTHER,2025-11-25T20:04:00Z,Closed - Cleared by Arrest-Adult,NULL,NULL,942 N 22nd St
25003984,ACCIDENTS - P.D. H&R NOT REPORTABLE,2025-11-25T17:54:00Z,Closed - Non-Criminal Case,45983.833333333336,45986.743055555555,300 N 17th St
25003982,DISTURBANCE - OTHER,2025-11-25T11:00:00Z,Closed - Non-Criminal Case,45894.333333333336,45985.833333333336,433 N 19th St
25003978,LARCENY - FROM MOTOR VEHICLE,2025-11-25T07:21:00Z,Closed - Non-Criminal Case,45985.9375,45986.291666666664,840 N 14th St
25003977,LARCENY - FROM MOTOR VEHICLE,2025-11-25T06:08:00Z,Closed - Non-Criminal Case,45985.922222222223,45986.229166666664,1055 N 16th St
25003971,FND ARTICLE OTHER THAN ABAND. BIKE OR VEH.,2025-11-24T19:25:00Z,Closed - Inactive,45985.809027777781,NULL,1100 T St
25003970,LARCENY - STOLEN BIKE,2025-11-24T15:18:00Z,Closed - Inactive,45981.333333333336,45984.958333333336,1710 Arbor Dr
25003964,LARCENY - OTHER OR FROM OPEN AREA,2025-11-23T18:22:00Z,Closed - Cleared by Arrest-Adult,45984.697916666664,45984.763888888891,930 N 14th St
25003961,OUTSIDE - O.P.S. OTHER,2025-11-23T02:27:00Z,Closed - Non-Criminal Case,45984.102083333331,NULL,N 14TH ST & R ST
25003959,ALCOHOL - MINOR IN POSSESSION,2025-11-23T00:15:00Z,Closed - Non-Criminal Case,45984.010416666664,NULL,1130 N 14th St
25003956,ALCOHOL - MINOR IN POSSESSION,2025-11-22T22:43:00Z,Closed - Non-Criminal Case,45983.946527777778,NULL,1130 N 14th St
25003951,ANIMAL - DOG BITE TO PERSON,2025-11-22T17:28:00Z,Closed - Inactive,45983.670138888891,NULL,1700 East Campus Mall
25003948,DISTURBANCE - OTHER,2025-11-22T16:43:00Z,Closed - Non-Criminal Case,45983.604166666664,45983.618055555555,880 N 17th St
25003946,LARCENY - STOLEN BIKE,2025-11-22T12:07:00Z,Closed - Inactive,45977.123611111114,NULL,820 N 17th St
25003942,ASSAULT - DOMESTIC,2025-11-22T01:23:00Z,Closed - Cleared by Arrest-Adult,45983.057638888888,NULL,1830 Vine St
25003938,DISTURBANCE - OTHER,2025-11-21T21:44:00Z,Closed - Inactive,45982.905555555553,NULL,1510 Vine St
25003937,BURGLARY,2025-11-21T21:31:00Z,Open,45982.896527777775,NULL,1100 T St
25003935,LARCENY - STOLEN BIKE,2025-11-21T20:39:00Z,Closed - Inactive,45982.850694444445,45982.857638888891,855 N 16th St
25003929,OUTSIDE - O.P.S. OTHER,2025-11-21T10:16:00Z,Closed - Non-Criminal Case,45982.427777777775,NULL,N 9TH ST & O ST
25003923,LARCENY - STOLEN BIKE,2025-11-20T16:55:00Z,Closed - Inactive,45980.836805555555,45981.694444444445,1120 N 14th St
25003919,DISTURBANCE - DOMESTIC,2025-11-20T12:13:00Z,Closed - Non-Criminal Case,45981.509027777778,NULL,300 N 17th St
25003916,VANDALISM - BY GRAFFITI,2025-11-20T08:45:00Z,Closed - Inactive,45960.383333333331,45981.383333333331,1300 R St
25003912,VANDALISM - OTHER,2025-11-19T16:38:00Z,Closed - Inactive,45979.895833333336,45980.506944444445,1111 N 14th St
25003910,TRAFFIC - SUSPENDED DRIVER,2025-11-19T13:29:00Z,Closed - Cleared by Arrest-Adult,45980.561805555553,NULL,VINE ST & N ANTELOPE VALLEY PKWY
OS25020,SEX OFFENSE - MOLEST/FONDLING,2025-11-19T00:01:00Z,NA - Clery Report Only,45536.000694444447,45565.999305555553,On-Campus Housing
25003902,DISTURBANCE - OTHER,2025-11-18T23:27:00Z,Closed - Non-Criminal Case,45979.977083333331,NULL,1400 R St
25003897,LARCENY - OTHER OR FROM OPEN AREA,2025-11-18T13:27:00Z,Closed - Inactive,45971.5625,45973.472222222219,440 N 17th St
25003896,OUTSIDE - O.P.S. OTHER,2025-11-18T13:03:00Z,Closed - Non-Criminal Case,NULL,NULL,1850 P Street
25003894,LARCENY - SHOPLIFTING,2025-11-18T10:23:00Z,Closed - Inactive,45974.454861111109,NULL,1400 R St
25003889,TRESPASSING,2025-11-18T02:27:00Z,Closed - Non-Criminal Case,45979.102083333331,NULL,820 N 17th St
25003886,WEAPONS – OTHER,2025-11-17T13:34:00Z,Closed - Inactive,NULL,NULL,1210 Vine St
25003880,LARCENY - STOLEN BIKE,2025-11-17T09:27:00Z,Closed - Inactive,45975.645833333336,45978.354166666664,433 N 19th St
25003879,LARCENY - STOLEN BIKE,2025-11-17T06:57:00Z,Closed - Cleared by Arrest-Adult,45975.645833333336,45978.270833333336,733 N 17th St
25003878,ALCOHOL - MINOR IN POSSESSION,2025-11-16T23:14:00Z,Closed - Cleared by Arrest-Adult,45977.968055555553,NULL,880 N 17th St
25003874,LARCENY - OTHER OR FROM OPEN AREA,2025-11-16T16:00:00Z,Closed - Inactive,45975.638888888891,45975.722222222219,1100 T St
25003872,NARCOTICS - OTHER,2025-11-16T14:26:00Z,Closed - Inactive,45977.601388888892,NULL,300 N 17th St
25003871,LARCENY - STOLEN BIKE,2025-11-16T13:14:00Z,Closed - Cleared by Arrest-Adult,45975.708333333336,45977.5,440 N 17th St
25003864,TRESPASSING,2025-11-15T19:50:00Z,Closed - Inactive,45976.826388888891,NULL,880 N 17th St
25003859,FIRE - FALSE ALARM,2025-11-15T13:52:00Z,Closed - Inactive,45976.577777777777,NULL,880 N 17th St
25003854,TRESPASSING,2025-11-15T10:03:00Z,Closed - Inactive,45976.418749999997,NULL,1523 N 33rd St
25003845,ALCOHOL - MINOR IN POSSESSION,2025-11-14T20:58:00Z,Closed - Cleared by Arrest-Adult,45975.873611111114,NULL,1880 Transformation Dr
25003843,VANDALISM - OTHER,2025-11-14T20:38:00Z,Closed - Inactive,NULL,NULL,2224 U St
25003834,TRAFFIC - SUSPENDED DRIVER,2025-11-14T13:36:00Z,Closed - Cleared by Arrest-Adult,45975.566666666666,NULL,N 27TH ST & VINE ST
25003823,LARCENY - STOLEN BIKE,2025-11-13T23:17:00Z,Closed - Cleared by Arrest-Adult,45973.893055555556,NULL,1055 N 16th St
25003815,TRAFFIC - SUSPENDED DRIVER,2025-11-13T14:37:00Z,Closed - Cleared by Arrest-Adult,45974.609027777777,NULL,N 31ST ST & HOLDREGE ST
25003810,ACCIDENTS - P.D. H&R NOT REPORTABLE,2025-11-13T09:37:00Z,Closed - Non-Criminal Case,45974.006944444445,NULL,1830 Vine St
25003806,NARCOTICS - POSSESSION,2025-11-12T23:54:00Z,Closed - Cleared by Arrest-Adult,45973.995833333334,NULL,SALT CREEK RD & ANTELOPE CREEK RD
25003799,ACCIDENTS - P.D. H&R NOT REPORTABLE,2025-11-12T16:58:00Z,Closed - Cleared by Arrest-Adult,45973.395833333336,45973.541666666664,1055 N 16th St
25003798,SEX OFFENSE - ANONYMOUS SEXUAL ASSAULT,2025-11-12T12:54:00Z,Closed - Inactive,45970.083333333336,NULL,715 N 16th St
25003797,TELEPHONE - OTHER,2025-11-12T12:48:00Z,Closed - Inactive,45973.380555555559,NULL,880 N 17th St
25003787,LARCENY - STOLEN BIKE,2025-11-11T19:57:00Z,Closed - Inactive,45969.833333333336,45972.888888888891,433 N 19th St
25003771,TELEPHONE - OBSCENE CALLS,2025-11-10T11:18:00Z,Closed - Non-Criminal Case,45964,45971.470833333333,NA
25003769,VANDALISM - OTHER,2025-11-10T07:22:00Z,Closed - Inactive,45968.75,45971.291666666664,2225 W St
25003766,LARCENY - FROM BUILDING,2025-11-09T19:38:00Z,Closed - Inactive,45967.75,45967.84375,841 N 14th St
25003760,DISTURBANCE - OTHER,2025-11-09T12:37:00Z,Closed - Non-Criminal Case,45970.525694444441,NULL,1210 Vine St
25003757,TRAFFIC - SUSPENDED DRIVER,2025-11-09T00:35:00Z,Closed - Cleared by Arrest-Adult,45970.024305555555,NULL,N 14TH ST & P ST
25003755,ALCOHOL - USING FALSE I.D.,2025-11-08T22:35:00Z,Closed - Cleared by Arrest-Adult,45969.940972222219,NULL,1400 R St
25003750,LARCENY - FROM BUILDING,2025-11-08T13:39:00Z,Closed - Non-Criminal Case,44986,45016.999305555553,1430 Vine St
25003741,TRESPASSING,2025-11-08T00:42:00Z,Closed - Non-Criminal Case,45969.029166666667,NULL,1400 R St
25003739,OUTSIDE - O.P.S. OTHER,2025-11-07T23:00:00Z,Closed - Non-Criminal Case,45968.958333333336,NULL,N 14TH ST & Q ST
25003738,DISTURBANCE - OTHER,2025-11-07T19:47:00Z,Closed - Inactive,45968.824305555558,NULL,1880 Transformation Dr
25003736,ACCIDENTS - P.D. H&R NOT REPORTABLE,2025-11-07T17:34:00Z,Closed - Non-Criminal Case,45958.666666666664,45960.583333333336,1830 Vine St
25003735,FIRE - FALSE ALARM,2025-11-07T17:33:00Z,Closed - Non-Criminal Case,45968.731249999997,NULL,1515 R St
25003734,LARCENY - OTHER OR FROM OPEN AREA,2025-11-07T16:52:00Z,Closed - Cleared by Arrest-Juvenile,45967.964583333334,NULL,820 N 17th St
25003732,LARCENY - STOLEN BIKE,2025-11-07T15:54:00Z,Closed - Cleared by Arrest-Adult,45968.333333333336,45968.645833333336,730 N 14th St
25003737,DISTURBANCE - OTHER,2025-11-07T15:41:00Z,Closed - Inactive,45968.541666666664,NULL,660 N 12th St
25003729,DISTURBANCE - OTHER,2025-11-07T13:57:00Z,Closed - Inactive,45966.75,NULL,NA
25003724,VANDALISM - BY GRAFFITI,2025-11-07T08:08:00Z,Closed - Inactive,45967.9375,NULL,600 N 15th St
25003708,TRAFFIC - SUSPENDED DRIVER,2025-11-06T13:21:00Z,Closed - Cleared by Arrest-Adult,45967.556250000001,NULL,N 27TH ST & Q ST
25003706,TELEPHONE - OTHER,2025-11-06T10:38:00Z,Closed - Non-Criminal Case,45963.092361111114,NULL,1100 T St
25003704,LARCENY - SHOPLIFTING,2025-11-06T09:51:00Z,Closed - Non-Criminal Case,45966.421527777777,45966.42291666667,1400 R St
25003702,ALCOHOL - USING FALSE I.D.,2025-11-06T00:04:00Z,Closed - Cleared by Arrest-Adult,45967.00277777778,NULL,855 N 16th St
25003700,NARCOTICS - POSSESSION,2025-11-05T23:08:00Z,Closed - Non-Criminal Case,45966.963888888888,NULL,1055 N 16th St
25003693,LARCENY - OTHER OR FROM OPEN AREA,2025-11-05T15:39:00Z,Closed - Inactive,45966.5,45966.635416666664,1500 U St
25003694,SUSPICIOUS PERSON,2025-11-05T15:39:00Z,Closed - Non-Criminal Case,45966.583333333336,45966.625,660 N 12th St
25003685,LARCENY - OTHER OR FROM OPEN AREA,2025-11-04T16:07:00Z,Closed - Inactive,45962.6875,45962.958333333336,600 N 15th St
25003686,ACCIDENTS - INJURY,2025-11-04T16:07:00Z,Closed - Non-Criminal Case,45965.671527777777,NULL,200 Centennial Mall N
25003683,LARCENY - OTHER OR FROM OPEN AREA,2025-11-04T12:59:00Z,Closed - Inactive,45954.625,45957.229166666664,1210 Vine St
25003680,FRAUD - CHECKS INSUF/NO ACC/NOT FORGED,2025-11-04T08:42:00Z,Closed - Inactive,45964.625,NULL,1510 Vine St
25003675,OUTSIDE - O.P.S. OTHER,2025-11-04T01:50:00Z,Closed - Non-Criminal Case,45965.076388888891,45965.076388888891,2140 K ST
25003676,NARCOTICS - POSSESSION,2025-11-04T01:11:00Z,Closed - Cleared by Arrest-Adult,45965.049305555556,NULL,Q ST & N 12TH ST
25003673,OUTSIDE - O.P.S. OTHER,2025-11-03T23:32:00Z,Closed - Non-Criminal Case,45964.980555555558,NULL,1137 Claremont St
25003672,TRAFFIC - SUSPENDED DRIVER,2025-11-03T22:40:00Z,Closed - Cleared by Arrest-Adult,45964.944444444445,NULL,N 27TH ST & FAIR ST
25003671,TRESPASSING,2025-11-03T22:24:00Z,Closed - Non-Criminal Case,45964.933333333334,NULL,200 Centennial Mall N
25003669,DISTURBANCE - OTHER,2025-11-03T15:20:00Z,Open,45962.9375,45962.958333333336,933 N 16th St
25003668,DISTURBANCE - OTHER,2025-11-03T13:05:00Z,Closed - Inactive,45964.520833333336,NULL,660 N 12th St
25003657,OUTSIDE - O.P.S. OTHER,2025-11-02T13:34:00Z,Closed - Non-Criminal Case,45963.56527777778,NULL,3501 Apple Street
25003650,TELEPHONE - THREATENING CALLS,2025-11-02T01:30:00Z,Closed - Inactive,45963,45963.0625,921 M St
25003649,ALCOHOL - MINOR IN POSSESSION,2025-11-02T01:21:00Z,Closed - Cleared by Arrest-Adult,45963.056250000001,NULL,880 N 17th St
25003652,ALCOHOL - MINOR IN POSSESSION,2025-11-02T01:11:00Z,Open,45963.049305555556,45963.058333333334,820 N 17th St
25003651,ALCOHOL - DRUNK,2025-11-02T01:04:00Z,Closed - Non-Criminal Case,45963.044444444444,NULL,1130 N 14th St
25003647,ALCOHOL - USING FALSE I.D.,2025-11-02T01:00:00Z,Closed - Cleared by Arrest-Adult,45963.041666666664,NULL,N 33RD ST & HOLDREGE ST
25003644,ASSAULT - NON DOMESTIC,2025-11-01T21:45:00Z,Closed - Non-Criminal Case,45962.89166666667,NULL,745 N 14th St
25003628,ALCOHOL - DWI,2025-11-01T00:52:00Z,Closed - Cleared by Arrest-Adult,45962.036111111112,NULL,ANTELOPE VALLEY PARKWAY & VINE ST
25003626,ALCOHOL - MINOR IN POSSESSION,2025-11-01T00:20:00Z,Closed - Cleared by Arrest-Adult,45962.013888888891,NULL,1130 N 14th St
25003627,OUTSIDE - O.P.S. OTHER,2025-11-01T00:12:00Z,Closed - Non-Criminal Case,45962.008333333331,45962.123611111114,1133 Belmont Ave
25003625,ALCOHOL - DRUNK,2025-10-31T23:39:00Z,Closed - Non-Criminal Case,45961.98541666667,NULL,1130 N 14th St
25003623,OUTSIDE - O.P.S. OTHER,2025-10-31T22:44:00Z,Closed - Non-Criminal Case,45961.947222222225,NULL,N 17TH ST & P ST
25003622,OUTSIDE - O.P.S. OTHER,2025-10-31T21:47:00Z,Closed - Non-Criminal Case,45961.907638888886,NULL,929 S 11th St
25003618,LARCENY - STOLEN BIKE,2025-10-31T12:46:00Z,Closed - Inactive,45960.458333333336,45960.885416666664,820 N 16th St
25003617,DISTURBANCE - OTHER,2025-10-31T11:25:00Z,Closed - Inactive,45960.729166666664,45960.958333333336,NA
OS25019,STALKING,2025-10-31T11:02:00Z,NA - Clery Report Only,45901.000694444447,45961.459722222222,On-Campus
25003610,ALCOHOL - DRUNK,2025-10-31T00:45:00Z,Closed - Non-Criminal Case,45961.03125,NULL,880 N 17th St
25003608,ALCOHOL - DRUNK,2025-10-30T23:15:00Z,Closed - Non-Criminal Case,45960.96875,NULL,440 N 17th St
25003598,TELEPHONE - OTHER,2025-10-30T16:05:00Z,Closed - Non-Criminal Case,45959,45960.666666666664,NA
25003599,LARCENY - STOLEN BIKE,2025-10-30T15:53:00Z,Closed - Inactive,45960.455555555556,45960.645833333336,880 N 17th St
25003597,LARCENY - STOLEN BIKE,2025-10-30T13:18:00Z,Closed - Inactive,45959.479166666664,45960.447916666664,1801 R St
25003593,OUTSIDE - O.P.S. OTHER,2025-10-30T01:10:00Z,Closed - Non-Criminal Case,45960.048611111109,NULL,N 19TH ST & VINE ST
25003594,TRAFFIC - OTHER,2025-10-30T01:00:00Z,Closed - Cleared by Arrest-Adult,45960.041666666664,NULL,N 17TH ST & Y ST
25003590,DISTURBANCE - OTHER,2025-10-29T19:12:00Z,Closed - Inactive,45941.083333333336,45957.666666666664,1055 N 16th St
25003589,LARCENY - OTHER OR FROM OPEN AREA,2025-10-29T16:54:00Z,Closed - Inactive,45959.458333333336,45959.708333333336,1600 Court St
25003587,ACCIDENTS - P.D. H&R NOT REPORTABLE,2025-10-29T13:13:00Z,Closed - Inactive,45959.375,45959.541666666664,1717 N 35th St
25003583,TRESPASSING,2025-10-29T10:41:00Z,Closed - Non-Criminal Case,45959.434027777781,45959.445138888892,1801 R St
25003582,DISTURBANCE - OTHER,2025-10-29T07:17:00Z,Closed - Non-Criminal Case,NULL,NULL,4000 East Campus Loop S
25003577,TRAFFIC - SUSPENDED DRIVER,2025-10-28T22:17:00Z,Closed - Cleared by Arrest-Adult,45958.928472222222,NULL,ANTELOPE VALLEY PARKWAY & SAUNDERS AVE
25003569,VANDALISM - OTHER,2025-10-28T09:25:00Z,Closed - Cleared by Arrest-Adult,45958.387499999997,NULL,3601 Apple St
25003564,TRAFFIC - SUSPENDED DRIVER,2025-10-27T23:58:00Z,Closed - Cleared by Arrest-Adult,45957.998611111114,NULL,ANTELOPE VALLEY PARKWAY & MILITARY RD
25003555,LARCENY - OTHER OR FROM OPEN AREA,2025-10-27T15:19:00Z,Closed - Inactive,45957.5625,45957.625,1700 Vine St
25003553,ALCOHOL - DRUNK,2025-10-27T13:32:00Z,Closed - Non-Criminal Case,45957.563888888886,NULL,Q ST & N 16TH ST
25003551,FIRE (WORKING) - ALARM,2025-10-27T13:12:00Z,Closed - Non-Criminal Case,45957.497916666667,45957.55,733 N 17th St
OS25018,STALKING,2025-10-27T00:01:00Z,NA - Clery Report Only,45735.000694444447,45739.999305555553,ON-CAMPUS
25003537,FIRE - FALSE ALARM,2025-10-26T11:42:00Z,Closed - Non-Criminal Case,45956.487500000003,NULL,1515 R St
25003536,OUTSIDE - O.P.S. OTHER,2025-10-26T07:55:00Z,Closed - Cleared by Arrest-Adult,45956.304861111108,NULL,NA
25003534,ALCOHOL - DWI,2025-10-26T03:56:00Z,Closed - Cleared by Arrest-Adult,45956.163888888892,45956.227777777778,N 17TH ST & Q ST
25003533,ALCOHOL - DWI,2025-10-26T01:58:00Z,Closed - Cleared by Arrest-Adult,45956.080555555556,45956.159722222219,N 16TH ST & W ST
25003530,LARCENY - STOLEN BIKE,2025-10-25T20:55:00Z,Closed - Cleared by Arrest-Adult,45955.854861111111,NULL,1100 T St
25003518,FALSE INFORMATION - GIVEN TO OFC.,2025-10-25T02:57:00Z,Closed - Cleared by Arrest-Adult,45955.122916666667,NULL,1055 N 16th St
25003514,ALCOHOL - DRUNK,2025-10-25T02:46:00Z,Closed - Non-Criminal Case,45955.115277777775,NULL,440 N 17th St
25003511,ALCOHOL - MINOR IN POSSESSION,2025-10-25T01:33:00Z,Closed - Non-Criminal Case,45955.064583333333,NULL,1130 N 14th St
25003508,ALCOHOL - MINOR IN POSSESSION,2025-10-24T22:52:00Z,Closed - Cleared by Arrest-Adult,45954.952777777777,45954.98541666667,733 N 17th St
25003500,DISTURBANCE - OTHER,2025-10-24T12:34:00Z,Closed - Non-Criminal Case,45953.969444444447,NULL,200 Centennial Mall N
25003485,DISTURBANCE - OTHER,2025-10-23T10:44:00Z,Closed - Non-Criminal Case,45950.618055555555,45953.410416666666,4240 Fair St
OS25017,SEX OFFENSE - RAPE,2025-10-23T00:01:00Z,NA - Clery Report Only,45940.000694444447,45940.999305555553,On-Campus Housing
25003472,TRAFFIC - SUSPENDED DRIVER,2025-10-22T02:23:00Z,Closed - Cleared by Arrest-Adult,45952.099305555559,NULL,ANTELOPE VALLEY PARKWAY & O ST
25003459,TRAFFIC - SUSPENDED DRIVER,2025-10-21T00:50:00Z,Closed - Cleared by Arrest-Adult,45951.034722222219,NULL,ANTELOPE VALLEY PARKWAY & S ST
25003457,ALCOHOL - MINOR IN POSSESSION,2025-10-20T22:59:00Z,Closed - Non-Criminal Case,45950.957638888889,NULL,880 N 17th St
25003452,VANDALISM - BY GRAFFITI,2025-10-20T09:41:00Z,Closed - Inactive,45950.104166666664,45950.395833333336,1150 N 14th St
25003444,LARCENY - STOLEN BIKE,2025-10-19T17:59:00Z,Closed - Inactive,45949.315972222219,NULL,503 N 14th St
25003436,DISTURBANCE - OTHER,2025-10-18T11:54:00Z,Closed - Non-Criminal Case,45948.495833333334,NULL,1055 N 16th St
25003433,NARCOTICS - POSSESSION,2025-10-18T01:03:00Z,Closed - Cleared by Arrest-Adult,45948.043749999997,NULL,N 14TH ST & Q ST
25003431,FIRE - FALSE ALARM,2025-10-17T23:44:00Z,Closed - Non-Criminal Case,45947.966666666667,NULL,1120 N 14th St
25003421,VANDALISM - BY GRAFFITI,2025-10-17T13:32:00Z,Closed - Inactive,45936.333333333336,45947.563888888886,1523 N 33rd St
25003416,TRESPASSING,2025-10-17T07:45:00Z,Closed - Inactive,45947.322916666664,NULL,1523 N 33rd St
25003409,LARCENY - OTHER OR FROM OPEN AREA,2025-10-16T12:38:00Z,Closed - Cleared by Arrest-Adult,45945.863194444442,NULL,1220 T St
25003401,ALCOHOL - DWI,2025-10-15T22:10:00Z,Closed - Cleared by Arrest-Adult,45945.923611111109,NULL,N 24TH ST & Y ST
25003400,LITTERING,2025-10-15T17:36:00Z,Closed - Cleared by Arrest-Adult,45945.729861111111,NULL,N 39TH ST & EAST CAMPUS LOOP
25003397,TRESPASSING,2025-10-15T12:44:00Z,Closed - Inactive,45945.452777777777,45945.54791666667,1875 N 42nd St
25003393,TRAFFIC - SUSPENDED DRIVER,2025-10-15T11:04:00Z,Closed - Cleared by Arrest-Adult,45945.461111111108,NULL,VINE ST & N 23RD ST
25003392,ACCIDENTS - P.D. H&R NOT REPORTABLE,2025-10-15T11:01:00Z,Closed - Cleared by Arrest-Adult,45944.386111111111,NULL,625 Stadium Dr
25003390,FIRE - FALSE ALARM,2025-10-15T10:00:00Z,Closed - Non-Criminal Case,45945.416666666664,NULL,1100 T St
25003385,NARCOTICS - POSSESSION,2025-10-14T23:43:00Z,Closed - Cleared by Arrest-Adult,45944.988194444442,NULL,920 Court St
25003383,TRESPASSING,2025-10-14T22:34:00Z,Closed - Non-Criminal Case,45944.94027777778,NULL,1780 R St
25003376,ACCIDENTS - P.D. H&R NOT REPORTABLE,2025-10-14T15:53:00Z,Closed - Inactive,45936.458333333336,45941.125,300 N 17th St
25003366,NARCOTICS - POSSESSION,2025-10-14T00:43:00Z,Closed - Cleared by Arrest-Adult,45944.029861111114,NULL,4417 Fair Street
25003362,LARCENY - OTHER OR FROM OPEN AREA,2025-10-13T21:10:00Z,Closed - Cleared by Arrest-Adult,45943.770833333336,45943.868055555555,730 N 14th St
25003357,LARCENY - OTHER OR FROM OPEN AREA,2025-10-13T14:48:00Z,Closed - Inactive,45942.032638888886,NULL,1400 R St
25003353,LARCENY - SHOPLIFTING,2025-10-13T10:40:00Z,Closed - Cleared by Arrest-Adult,45942.652083333334,NULL,1400 R St
25003350,NARCOTICS - POSSESSION,2025-10-13T04:34:00Z,Closed - Cleared by Arrest-Adult,45943.19027777778,NULL,N 19TH ST & S ST
25003345,TRAFFIC - OTHER,2025-10-12T16:32:00Z,Closed - Cleared by Arrest-Adult,45942.688888888886,NULL,855 N 16th St
25003341,OUTSIDE - O.P.S. OTHER,2025-10-12T05:29:00Z,Closed - Non-Criminal Case,45942.228472222225,NULL,ANTELOPE VALLEY PARKWAY & SALT CREEK RD
25003339,TRAFFIC - SUSPENDED DRIVER,2025-10-11T23:13:00Z,Closed - Cleared by Arrest-Adult,45941.967361111114,NULL,N 33RD ST & HOLDREGE ST
25003330,VANDALISM - OTHER,2025-10-11T00:10:00Z,Closed - Cleared by Arrest-Juvenile,45941.006944444445,45941.100694444445,1830 Vine St
25003323,ALCOHOL - MINOR IN POSSESSION,2025-10-10T20:07:00Z,Closed - Cleared by Arrest-Adult,45940.838194444441,NULL,1880 Transformation Dr
25003319,ACCIDENTS - P.D. H&R NOT REPORTABLE,2025-10-10T16:21:00Z,Closed - Non-Criminal Case,45935.791666666664,45937.34375,1830 Vine St
25003316,TELEPHONE - OTHER,2025-10-10T11:00:00Z,Closed - Non-Criminal Case,45940.458333333336,45940.458333333336,3030 Agate Ct
25003314,TELEPHONE - OTHER,2025-10-10T09:00:00Z,Closed - Non-Criminal Case,45940.375,NULL,3835 Holdrege St
25003312,NARCOTICS - OTHER,2025-10-10T07:32:00Z,Closed - Non-Criminal Case,NULL,NULL,1055 N 16th St
25003308,ALCOHOL - MINOR IN POSSESSION,2025-10-09T23:29:00Z,Closed - Non-Criminal Case,45939.978472222225,NULL,880 N 17th St
25003309,TRAFFIC - OTHER,2025-10-09T23:18:00Z,Closed - Cleared by Arrest-Adult,45939.970833333333,NULL,Q ST & N 14TH ST
25003306,DISTURBANCE - OTHER,2025-10-09T14:27:00Z,Closed - Inactive,45939.597222222219,45939.600694444445,N 17TH ST & R ST
25003305,OUTSIDE - O.P.S. OTHER,2025-10-09T09:17:00Z,Closed - Non-Criminal Case,45939.386805555558,45939.413888888892,880 N 17th St
25003298,TRAFFIC - OTHER,2025-10-09T06:05:00Z,Closed - Non-Criminal Case,45939.253472222219,NULL,NA
25003289,LARCENY - OTHER OR FROM OPEN AREA,2025-10-08T09:05:00Z,Closed - Cleared by Arrest-Adult,45938.354166666664,45938.378472222219,200 Centennial Mall N
25003282,FIRE - FALSE ALARM,2025-10-07T21:53:00Z,Closed - Non-Criminal Case,45937.911805555559,NULL,1433 R St
25003275,NARCOTICS - OTHER,2025-10-07T15:02:00Z,Closed - Inactive,45906.770833333336,45907.25,1548 S St
25003269,LARCENY - OTHER OR FROM OPEN AREA,2025-10-07T08:58:00Z,Closed - Cleared by Arrest-Adult,45936.6875,45936.777777777781,1100 T St
25003268,EXTORTION,2025-10-07T07:19:00Z,Closed - Inactive,45937.25,45937.302083333336,1780 R St
25003266,TRAFFIC - SUSPENDED DRIVER,2025-10-07T00:18:00Z,Closed - Cleared by Arrest-Adult,45937.012499999997,NULL,ANTELOPE VALLEY PARKWAY & Q ST
25003265,TRAFFIC - SUSPENDED DRIVER,2025-10-07T00:09:00Z,Closed - Cleared by Arrest-Adult,45937.006249999999,NULL,N 17TH ST & N ANTELOPE VALLEY PKWY
25003261,LARCENY - OTHER OR FROM OPEN AREA,2025-10-06T15:45:00Z,Closed - Inactive,45933.585416666669,NULL,1520 R St
25003260,DISTURBANCE - OTHER,2025-10-06T13:39:00Z,Closed - Inactive,45936.561805555553,NULL,1400 R St
25003259,VANDALISM - OTHER,2025-10-06T13:35:00Z,Closed - Inactive,45934.583333333336,45934.770833333336,625 Stadium Dr
25003270,OUTSIDE - O.P.S. OTHER,2025-10-06T13:00:00Z,Closed - Non-Criminal Case,45910.729166666664,45911.291666666664,HOLDREGE ST & N 17TH ST
25003239,VANDALISM - OTHER,2025-10-05T02:50:00Z,Closed - Cleared by Arrest-Adult,45935.064583333333,NULL,1535 R St
25003238,DISTURBANCE - DOMESTIC,2025-10-05T02:14:00Z,Closed - Cleared by Arrest-Adult,45935.093055555553,NULL,880 N 17th St
25003236,ASSAULT - NON DOMESTIC,2025-10-05T01:41:00Z,Closed - Cleared by Arrest-Adult,45935.070138888892,NULL,1535 R St
25003235,TRESPASSING,2025-10-05T00:47:00Z,Closed - Non-Criminal Case,45935.032638888886,45935.052777777775,1100 T St
25003237,OUTSIDE - O.P.S. OTHER,2025-10-05T00:26:00Z,Closed - Non-Criminal Case,45935.018055555556,NULL,S 11TH ST & O ST
25003231,DISTURBANCE - OTHER,2025-10-04T22:05:00Z,Closed - Cleared by Arrest-Adult,45934.920138888891,45934.953472222223,1780 R St
25003230,DISTURBANCE - OTHER,2025-10-04T20:29:00Z,Closed - Non-Criminal Case,45934.853472222225,NULL,440 N 17th St
25003229,ASSAULT - NON DOMESTIC,2025-10-04T20:15:00Z,Closed - Cleared by Arrest-Adult,45934.84375,NULL,1548 S St
25003228,LARCENY - FROM BUILDING,2025-10-04T20:08:00Z,Closed - Inactive,45934.65625,45934.666666666664,1100 T St
25003225,TRESPASSING,2025-10-04T18:46:00Z,Closed - Cleared by Arrest-Adult,45934.759722222225,NULL,1100 T St
25003219,ALCOHOL - MINOR IN POSSESSION,2025-10-04T15:06:00Z,Closed - Non-Criminal Case,45934.629166666666,NULL,1400 R St
25003218,ALCOHOL - MINOR IN POSSESSION,2025-10-04T14:19:00Z,Closed - Non-Criminal Case,45934.59652777778,NULL,440 N 17th St
25003210,TRESPASSING,2025-10-04T03:26:00Z,Closed - Non-Criminal Case,45934.143055555556,NULL,1935 N 37th St
25003207,DISTURBANCE - OTHER,2025-10-04T02:06:00Z,Closed - Non-Criminal Case,45934.087500000001,NULL,1548 Vine St
25003206,ALCOHOL - MINOR IN POSSESSION,2025-10-04T00:35:00Z,Closed - Non-Criminal Case,NULL,NULL,1120 N 14th St
25003194,ACCIDENTS - P.D. H&R NOT REPORTABLE,2025-10-03T15:48:00Z,Closed - Cleared by Arrest-Adult,45929.833333333336,45932.708333333336,1801 R St
25003193,DISTURBANCE - OTHER,2025-10-03T15:25:00Z,Closed - Non-Criminal Case,45931.4375,NULL,625 N 14th St
25003192,DISTURBANCE - DOMESTIC,2025-10-03T14:19:00Z,Closed - Non-Criminal Case,45933.195138888892,45933.590277777781,300 N 17th St
25003190,LARCENY - FROM MOTOR VEHICLE,2025-10-03T09:05:00Z,Closed - Inactive,45931.666666666664,45933.378472222219,3345 Starr Street
25003187,OUTSIDE - O.P.S. OTHER,2025-10-03T02:14:00Z,Closed - Non-Criminal Case,45933.091666666667,45933.126388888886,N ANTELOPE VALLEY PKWY & Salt Creek RDWY
25003185,NARCOTICS - POSSESSION,2025-10-03T00:21:00Z,Closed - Cleared by Arrest-Adult,45933.01458333333,NULL,N 16TH ST & VINE ST
25003183,TRESPASSING,2025-10-02T22:27:00Z,Closed - Cleared by Arrest-Adult,45932.92083333333,45932.935416666667,303 N 17th St
25003179,ACCIDENTS - P.D. H&R NOT REPORTABLE,2025-10-02T18:09:00Z,Closed - Inactive,45928.708333333336,45932.756249999999,1111 N 14th St
25003174,DISTURBANCE - OTHER,2025-10-02T14:57:00Z,Closed - Non-Criminal Case,45932.458333333336,45932.618055555555,1100 T St
25003166,TRESPASSING,2025-10-02T02:07:00Z,Closed - Non-Criminal Case,45932.088194444441,NULL,200 Centennial Mall N
25003162,TRESPASSING,2025-10-01T19:13:00Z,Closed - Cleared by Arrest-Adult,45931.800694444442,NULL,303 N 17th St
25003170,VANDALISM - OTHER,2025-10-01T15:46:00Z,Closed - Inactive,45930.958333333336,45931.458333333336,1130 N 14th St
OS25015,HAZING,2025-10-01T15:08:00Z,NA - Clery Report Only,45748.000694444447,45748.999305555553,On-Campus Student Housing
25003157,ACCIDENTS - P.D. H&R NOT REPORTABLE,2025-10-01T14:06:00Z,Closed - Inactive,45930.395833333336,45931.520833333336,300 N 17th St
25003156,LARCENY - OTHER OR FROM OPEN AREA,2025-10-01T13:28:00Z,Closed - Cleared by Arrest-Adult,45931.388194444444,NULL,1100 T St
25003153,LARCENY - FROM BUILDING,2025-10-01T10:33:00Z,Closed - Inactive,45926.645833333336,45929.277777777781,660 N 12th St
25003151,TRESPASSING,2025-10-01T03:11:00Z,Closed - Cleared by Arrest-Adult,45931.132638888892,NULL,1780 R St
25003150,VANDALISM - OTHER,2025-10-01T01:47:00Z,Closed - Cleared by Arrest-Adult,45931.042361111111,NULL,1210 Vine St
25003147,EXTORTION,2025-09-30T22:08:00Z,Closed - Inactive,45930.895833333336,NULL,300 N 17th St
25003140,DISTURBANCE - OTHER,2025-09-30T14:04:00Z,Closed - Non-Criminal Case,45928.708333333336,45930.586111111108,NA
25003138,LARCENY - OTHER OR FROM OPEN AREA,2025-09-30T11:31:00Z,Closed - Inactive,45916.15625,NULL,303 N 17th St
25003134,ALCOHOL - DWI,2025-09-30T01:24:00Z,Closed - Cleared by Arrest-Adult,45930.058333333334,NULL,Q ST & N 17TH ST
25003132,TRAFFIC - SUSPENDED DRIVER,2025-09-30T00:29:00Z,Closed - Cleared by Arrest-Adult,45930.020138888889,NULL,LEIGHTON AVE & N 48TH ST
25003133,TRAFFIC - SUSPENDED DRIVER,2025-09-30T00:20:00Z,Closed - Cleared by Arrest-Adult,45930.013888888891,NULL,N 9TH ST & CLAREMONT ST
OS25016,HAZING,2025-09-30T00:01:00Z,NA - Clery Report Only,45927.000694444447,45927.999305555553,On-Campus Student Housing
25003131,DISTURBANCE - OTHER,2025-09-29T22:19:00Z,Closed - Non-Criminal Case,45929.625,45929.916666666664,300 N 17th St
25003124,LARCENY - STOLEN BIKE,2025-09-29T15:31:00Z,Closed - Inactive,45926.5,45929.583333333336,4240 Fair St
25003117,SEX OFFENSE - INDECENT EXPOSURE,2025-09-29T09:28:00Z,Closed - Non-Criminal Case,45929.394444444442,NULL,VINE ST & N 14TH ST
25003118,ACCIDENTS - P.D. H&R NOT REPORTABLE,2025-09-29T09:19:00Z,Closed - Inactive,45928.416666666664,45928.625,1100 T St
25003116,ASSAULT - NON DOMESTIC,2025-09-29T07:06:00Z,Closed - Cleared by Arrest-Adult,45929.29583333333,NULL,626 N 16th St
25003113,AUTO THEFT,2025-09-28T19:36:00Z,Closed - Cleared by Arrest-Adult,45928.175694444442,NULL,3601 Apple St
25003106,VANDALISM - OTHER,2025-09-28T08:43:00Z,Closed - Cleared by Arrest-Adult,45928.352083333331,NULL,1150 N 14th St
25003102,VANDALISM - OTHER,2025-09-27T18:35:00Z,Closed - Inactive,45927.583333333336,45927.760416666664,707 Stadium Dr
25003094,FALSE SECURITY ALARMS - EMPLOYEE,2025-09-27T00:01:00Z,Closed - Non-Criminal Case,45927.000694444447,NULL,1880 Transformation Dr
25003091,NARCOTICS - OTHER,2025-09-26T22:41:00Z,Closed - Unfounded,45926.583333333336,NULL,880 N 17th St
25003087,LARCENY - OTHER OR FROM OPEN AREA,2025-09-26T18:33:00Z,Closed - Inactive,45926.375,45926.75,2222 Vine St
25003082,DISTURBANCE - OTHER,2025-09-26T14:24:00Z,Closed - Non-Criminal Case,45926.6,NULL,501 N 14th St
25003080,LARCENY - OTHER OR FROM OPEN AREA,2025-09-26T12:19:00Z,Closed - Inactive,45926.451388888891,45926.510416666664,730 N 14th St
25003079,FIRE - FALSE ALARM,2025-09-26T11:04:00Z,Closed - Non-Criminal Case,45926.461111111108,NULL,1801 R St
25003076,DISTURBANCE - OTHER,2025-09-26T00:50:00Z,Closed - Non-Criminal Case,45925.5,45926.034722222219,880 N 17th St
25003063,LARCENY - STOLEN BIKE,2025-09-25T11:03:00Z,Closed - Inactive,45923.708333333336,45925.460416666669,1600 Court St
25003055,FIRE - FALSE ALARM,2025-09-24T16:14:00Z,Closed - Non-Criminal Case,45924.676388888889,NULL,2225 W St
25003053,LARCENY - FROM BUILDING,2025-09-24T14:39:00Z,Closed - Inactive,45923.063194444447,45923.063888888886,405 University Terrace
25003038,LARCENY - OTHER OR FROM OPEN AREA,2025-09-23T16:48:00Z,Closed - Inactive,45923.694444444445,NULL,1100 T St
25003036,DISTURBANCE - OTHER,2025-09-23T13:26:00Z,Closed - Non-Criminal Case,45658.5,45923.55972222222,402 Stadium Dr
25003030,TRESPASSING,2025-09-23T00:27:00Z,Closed - Non-Criminal Case,45923.018750000003,NULL,1209 R St
25003024,OUTSIDE - O.P.S. OTHER,2025-09-22T21:17:00Z,Closed - Non-Criminal Case,45922.886805555558,NULL,N 18TH ST & Q ST
25003020,TRESPASSING,2025-09-22T16:06:00Z,Closed - Non-Criminal Case,45922.67083333333,NULL,200 Centennial Mall N
25003018,FRAUD - CON GAMES/DECEPTION/FALSE PRET - INTERNET,2025-09-22T14:51:00Z,Closed - Inactive,45922.618750000001,NULL,300 N 17th St
25003013,ACCIDENTS - P.D. H&R NOT REPORTABLE,2025-09-22T08:33:00Z,Closed - Cleared by Arrest-Adult,45883.825694444444,NULL,1801 R St
25003011,TRESPASSING,2025-09-22T05:17:00Z,Closed - Non-Criminal Case,45922.220138888886,NULL,200 Centennial Mall N
25003009,EXTORTION,2025-09-22T00:55:00Z,Closed - Inactive,45922.708333333336,NULL,1515 R St
25003008,NARCOTICS - POSSESSION,2025-09-21T23:50:00Z,Closed - Cleared by Arrest-Adult,45921.993055555555,NULL,N 22ND ST & Y ST
25003022,VANDALISM - OTHER,2025-09-21T09:49:00Z,Closed - Cleared by Arrest-Adult,45920.708333333336,45921.333333333336,1400 R St
25002992,ALCOHOL - DWI,2025-09-20T22:08:00Z,Closed - Cleared by Arrest-Adult,45920.775000000001,NULL,300 N 17th St
25002990,ACCIDENTS - P.D. H&R NOT REPORTABLE,2025-09-20T18:36:00Z,Closed - Cleared by Arrest-Adult,45920.775000000001,NULL,300 N 17th St
25002991,ASSAULT - NON DOMESTIC,2025-09-20T18:19:00Z,Closed - Inactive,45920.611111111109,45920.752083333333,1100 T St
25002983,VANDALISM - OTHER,2025-09-20T17:11:00Z,Closed - Cleared by Arrest-Adult,45920.71597222222,NULL,1100 T St
25002978,VANDALISM - OTHER,2025-09-20T08:02:00Z,Closed - Inactive,45920.197222222225,NULL,1400 R St
25002975,ALCOHOL - DWI,2025-09-20T01:52:00Z,Closed - Cleared by Arrest-Adult,45920.077777777777,NULL,N 14TH ST & Q ST
25002974,NARCOTICS - POSSESSION,2025-09-19T23:46:00Z,Closed - Cleared by Arrest-Juvenile,45919.990277777775,NULL,880 N 17th St
25002973,TRAFFIC - SUSPENDED DRIVER,2025-09-19T22:27:00Z,Closed - Cleared by Arrest-Adult,45919.935416666667,NULL,N 16TH ST & Q ST
25002963,ALCOHOL - USING FALSE I.D.,2025-09-19T12:17:00Z,Closed - Non-Criminal Case,45919.511805555558,NULL,300 N 17th St
25002962,TELEPHONE - OTHER,2025-09-19T11:34:00Z,Closed - Non-Criminal Case,45915.400694444441,45915.401388888888,880 N 17th St
25002945,FRAUD - CON GAMES/DECEPTION/FALSE    PRETENSE/OTHER,2025-09-18T13:53:00Z,Closed - Inactive,45918.474999999999,45918.511805555558,405 University Terrace
25002944,ACCIDENTS - P.D. H&R NOT REPORTABLE,2025-09-18T12:45:00Z,Closed - Inactive,45912.947222222225,45917.854166666664,1801 R St
25002938,ALCOHOL - MINOR IN POSSESSION,2025-09-17T23:37:00Z,Closed - Cleared by Exception,45917.984027777777,NULL,1130 N 14th St
25002939,OUTSIDE - O.P.S. OTHER,2025-09-17T21:38:00Z,Closed - Non-Criminal Case,45917.901388888888,NULL,403 Line Drive Cir
25002933,FIRE - FALSE ALARM,2025-09-17T21:05:00Z,Closed - Non-Criminal Case,45917.878472222219,NULL,1880 Transformation Dr
25002921,ACCIDENTS - P.D. H&R NOT REPORTABLE,2025-09-16T19:21:00Z,Closed - Non-Criminal Case,45912.9375,45914.6875,1830 Vine St
25002920,ACCIDENTS - P.D. H&R NOT REPORTABLE,2025-09-16T18:46:00Z,Closed - Inactive,45908.75,45913.625,1801 R St
25002917,DISTURBANCE - OTHER,2025-09-16T17:28:00Z,Closed - Non-Criminal Case,45916.727777777778,NULL,1300 R St
25002915,FIRE - FALSE ALARM,2025-09-16T15:58:00Z,Closed - Non-Criminal Case,45916.665277777778,NULL,3601 Apple St
25002912,ACCIDENTS - P.D. H&R NOT REPORTABLE,2025-09-16T10:51:00Z,Closed - Cleared by Arrest-Adult,45915.583333333336,45916.000694444447,1801 R St
25002908,TRESPASSING,2025-09-16T00:55:00Z,Closed - Non-Criminal Case,45916.038194444445,NULL,900 N 21st St
25002907,TRAFFIC - SUSPENDED DRIVER,2025-09-15T22:49:00Z,Closed - Cleared by Arrest-Adult,45915.950694444444,NULL,TRANSFORMATION DR & N ANTELOPE VALLEY PKWY
25002905,LARCENY - OTHER OR FROM OPEN AREA,2025-09-15T19:00:00Z,Closed - Cleared by Arrest-Adult,45914.8125,45915.760416666664,880 N 17th St
25002904,DISTURBANCE - OTHER,2025-09-15T15:34:00Z,Closed - Non-Criminal Case,45915.648611111108,NULL,NA
25002897,ACCIDENTS - P.D. H&R NOT REPORTABLE,2025-09-15T09:51:00Z,Closed - Inactive,45913.364583333336,45913.583333333336,625 Stadium Dr
25002891,LARCENY - STOLEN BIKE,2025-09-14T14:55:00Z,Closed - Inactive,45913.916666666664,45914.604166666664,433 N 19th St
25002890,ACCIDENTS - P.D. H&R NOT REPORTABLE,2025-09-14T13:28:00Z,Closed - Cleared by Arrest-Adult,45908.34375,45908.5625,707 Stadium Dr
25002889,DISTURBANCE - OTHER,2025-09-14T11:53:00Z,Closed - Inactive,45913.895833333336,45914.427083333336,1801 R St
25002878,FIRE - FALSE ALARM,2025-09-13T22:51:00Z,Closed - Non-Criminal Case,45913.95208333333,NULL,1515 R St
25002877,DISTURBANCE - OTHER,2025-09-13T22:22:00Z,Closed - Cleared by Arrest-Adult,45913.931944444441,45913.974305555559,440 N 17th St
25002871,LARCENY - FROM MOTOR VEHICLE,2025-09-13T14:34:00Z,Closed - Inactive,45913.5,45913.583333333336,STADIUM DR & T ST
25002869,DISTURBANCE - OTHER,2025-09-13T13:13:00Z,Closed - Non-Criminal Case,45913.548611111109,45913.552777777775,N 14TH ST & T ST
25002867,EXTORTION,2025-09-13T11:30:00Z,Closed - Inactive,45912.645833333336,45913.479166666664,880 N 17th St
25002864,ALCOHOL - DWI,2025-09-13T01:28:00Z,Closed - Cleared by Arrest-Adult,45913.061111111114,NULL,N 14TH ST & R ST
25002862,OUTSIDE - O.P.S. OTHER,2025-09-13T00:37:00Z,Closed - Non-Criminal Case,45913.025694444441,45913.068055555559,1150 N 14th St
25002861,TRAFFIC - SUSPENDED DRIVER,2025-09-12T23:58:00Z,Closed - Cleared by Arrest-Adult,45912.998611111114,NULL,N 21ST ST & Y ST
25002853,SEX OFFENSE - RAPE,2025-09-12T13:48:00Z,Closed - Inactive,45906.75,45906.875,1710 Arbor Dr
25002851,ACCIDENTS - P.D. H&R NOT REPORTABLE,2025-09-12T12:58:00Z,Closed - Non-Criminal Case,45912.520833333336,45912.527777777781,3721 East Campus Loop North
25002837,VANDALISM - OTHER,2025-09-12T12:14:00Z,Closed - Non-Criminal Case,45911.083333333336,45911.385416666664,880 N 17th St
25002848,DISTURBANCE - OTHER,2025-09-12T10:40:00Z,Closed - Non-Criminal Case,45911.916666666664,NULL,NA
25002846,OUTSIDE - O.P.S. OTHER,2025-09-12T08:19:00Z,Closed - Non-Criminal Case,45912.34652777778,NULL,SALT CREEK RDWY & N ANTELOPE VALLEY PKWY
25002847,DISTURBANCE - OTHER,2025-09-11T10:00:00Z,Closed - Non-Criminal Case,45911.405555555553,45911.466666666667,1400 R St
25002815,DISTURBANCE - OTHER,2025-09-10T15:15:00Z,Closed - Inactive,NULL,NULL,433 N 19th St
25002810,SEX OFFENSE - OTHER,2025-09-10T13:40:00Z,Closed - Non-Criminal Case,45887.375,45910.520833333336,2225 W St
25002808,LARCENY - FROM MOTOR VEHICLE,2025-09-10T11:47:00Z,Closed - Inactive,45908.666666666664,45909.298611111109,3330 Starr St
25002801,TRAFFIC - OTHER,2025-09-09T19:48:00Z,Closed - Cleared by Arrest-Adult,45909.824999999997,NULL,N 16TH ST & VINE ST
25002797,TRESPASSING,2025-09-09T13:01:00Z,Closed - Cleared by Arrest-Adult,45909.542361111111,NULL,1400 R St
25002792,VANDALISM - OTHER,2025-09-08T17:06:00Z,Closed - Inactive,45907.6875,45908.708333333336,1001 Y St
25002790,VANDALISM - OTHER,2025-09-08T16:40:00Z,Closed - Non-Criminal Case,45905.770833333336,45906.618055555555,880 N 17th St
25002786,ACCIDENTS - P.D. H&R NOT REPORTABLE,2025-09-08T10:37:00Z,Closed - Inactive,45906.674305555556,45906.96597222222,1500 U St
25002775,TRAFFIC - OTHER,2025-09-07T19:28:00Z,Closed - Cleared by Arrest-Juvenile,45907.811111111114,NULL,R ST & N 17TH ST
25002770,DISTURBANCE - OTHER,2025-09-07T13:38:00Z,Closed - Non-Criminal Case,45907.568055555559,45907.568055555559,300 N 17th St
25002765,ACCIDENTS - P.D. REPORTABLE,2025-09-07T07:52:00Z,Closed - Non-Criminal Case,45906.659722222219,45906.829861111109,1100 T St
25002761,ALCOHOL - DRUNK,2025-09-07T02:41:00Z,Closed - Non-Criminal Case,45907.111805555556,NULL,200 Centennial Mall N
25002756,LARCENY - OTHER OR FROM OPEN AREA,2025-09-06T23:46:00Z,Closed - Cleared by Arrest-Juvenile,45906.588888888888,45906.768750000003,1300 R St
25002752,ASSAULT - DOMESTIC,2025-09-06T22:54:00Z,Closed - Cleared by Arrest-Adult,45906.940972222219,45906.961111111108,880 N 17th St
25002754,ASSAULT - NON DOMESTIC,2025-09-06T22:54:00Z,Closed - Cleared by Exception,45906.95416666667,NULL,880 N 17th St
25002750,ACCIDENTS - P.D. H&R NOT REPORTABLE,2025-09-06T22:50:00Z,Closed - Non-Criminal Case,45906.944444444445,NULL,300 N 17th St
25002745,OUTSIDE - O.P.S. OTHER,2025-09-06T21:36:00Z,Closed - Non-Criminal Case,45906.770833333336,45906.916666666664,1100 T St
25002747,LARCENY - OTHER OR FROM OPEN AREA,2025-09-06T21:32:00Z,Closed - Non-Criminal Case,45906.897222222222,NULL,1100 T St
25002741,ALCOHOL - MINOR IN POSSESSION,2025-09-06T19:03:00Z,Closed - Cleared by Arrest-Adult,45906.793749999997,NULL,1100 T St
LE25005,ALCOHOL - MINOR IN POSSESSION,2025-09-06T18:30:00Z,NA - Clery Report Only,45906.770833333336,45906.771527777775,On-Campus
25002735,ACCIDENTS - P.D. H&R NOT REPORTABLE,2025-09-06T15:38:00Z,Closed - Non-Criminal Case,45906.645833333336,NULL,1801 R St
25002726,TRAFFIC - SUSPENDED DRIVER,2025-09-06T09:05:00Z,Closed - Cleared by Arrest-Adult,45906.378472222219,NULL,S 27TH ST & CAPITOL PKY
25002724,ALCOHOL - MINOR IN POSSESSION,2025-09-06T01:51:00Z,Closed - Non-Criminal Case,45906.07708333333,45906.104861111111,440 N 17th St
25002721,ALCOHOL - DRUNK,2025-09-06T00:08:00Z,Closed - Non-Criminal Case,45906.005555555559,NULL,Q ST & N 18TH ST
25002710,OUTSIDE - O.P.S. OTHER,2025-09-05T12:00:00Z,Closed - Non-Criminal Case,45905.5,NULL,1300 P ST
25002708,ACCIDENTS - P.D. H&R NOT REPORTABLE,2025-09-05T11:19:00Z,Closed - Inactive,45892.8125,45893.041666666664,1505 S St
25002704,LARCENY - STOLEN BIKE,2025-09-05T05:01:00Z,Closed - Inactive,45905,NULL,N 17TH ST & X ST
25002703,TRAFFIC - SUSPENDED DRIVER,2025-09-05T02:59:00Z,Closed - Cleared by Arrest-Adult,45905.124305555553,NULL,N 18TH ST & Q ST
25002702,ALCOHOL - DWI,2025-09-05T02:01:00Z,Closed - Cleared by Arrest-Adult,45905.084027777775,NULL,N 16TH ST & W ST
25002695,ACCIDENTS - P.D. H&R NOT REPORTABLE,2025-09-04T22:57:00Z,Closed - Cleared by Arrest-Adult,45904.956250000003,45904.956250000003,1055 N 16th St
25002689,ACCIDENTS - P.D. H&R NOT REPORTABLE,2025-09-04T19:15:00Z,Closed - Inactive,45901.916666666664,45904.75,1830 Vine St
25002682,LARCENY - STOLEN BIKE,2025-09-04T09:17:00Z,Closed - Cleared by Arrest-Adult,45898.708333333336,45902.333333333336,1055 N 16th St
25002677,DISTURBANCE - OTHER,2025-09-03T21:46:00Z,Closed - Cleared by Arrest-Adult,45903.906944444447,NULL,1830 Vine St
25002671,TRAFFIC - SUSPENDED DRIVER,2025-09-03T17:41:00Z,Closed - Cleared by Arrest-Adult,45903.736805555556,NULL,N 27TH ST & T ST
25002667,ACCIDENTS - P.D. H&R NOT REPORTABLE,2025-09-03T12:22:00Z,Closed - Cleared by Arrest-Adult,45902.333333333336,45903.5,300 N 17th St
25002659,FIRE - FALSE ALARM,2025-09-02T18:57:00Z,Closed - Non-Criminal Case,45902.789583333331,NULL,880 N 17th St
25002657,DISTURBANCE - OTHER,2025-09-02T16:20:00Z,Closed - Inactive,45900.732638888891,NULL,N 15TH ST & S ST
25002652,ACCIDENTS - P.D. H&R NOT REPORTABLE,2025-09-02T09:34:00Z,Closed - Cleared by Arrest-Adult,45894.458333333336,45894.535416666666,1717 N 35th St
25002650,DISTURBANCE - OTHER,2025-09-02T09:15:00Z,Closed - Non-Criminal Case,45896.894444444442,NULL,300 N 17th St
25002649,TRESPASSING,2025-09-02T07:48:00Z,Closed - Cleared by Arrest-Adult,45902.324999999997,NULL,1120 N 14th St
25002645,ACCIDENTS - P.D. H&R NOT REPORTABLE,2025-09-01T18:48:00Z,Closed - Cleared by Arrest-Adult,45901.666666666664,45901.78125,1801 R St
25002644,TRAFFIC - SUSPENDED DRIVER,2025-09-01T17:38:00Z,Closed - Cleared by Arrest-Adult,45901.734722222223,NULL,N 17TH ST & R ST
25002642,TRESPASSING,2025-09-01T12:58:00Z,Closed - Non-Criminal Case,45901.540277777778,NULL,880 N 17th St
25002635,DISTURBANCE - OTHER,2025-08-31T17:43:00Z,Closed - Inactive,45900.708333333336,NULL,N 16TH ST & W ST
25002633,OUTSIDE - O.P.S. OTHER,2025-08-31T15:46:00Z,Closed - Non-Criminal Case,45900.656944444447,NULL,3455 Holdrege St
25002630,ALCOHOL - MINOR IN POSSESSION,2025-08-31T03:38:00Z,Closed - Non-Criminal Case,45899.958333333336,45900.151388888888,1780 R St
25002629,ASSAULT - NON DOMESTIC,2025-08-31T03:07:00Z,Closed - Inactive,45900.129861111112,NULL,1510 Vine St
25002615,ALCOHOL - DWI,2025-08-30T02:41:00Z,Closed - Cleared by Arrest-Adult,45899.111805555556,NULL,N 12TH ST & R ST
25002616,ALCOHOL - MINOR IN POSSESSION,2025-08-30T02:41:00Z,Closed - Cleared by Arrest-Adult,45899.111805555556,NULL,N 12TH ST & R ST
25002614,FALSE SECURITY ALARMS - OTHER,2025-08-30T00:35:00Z,Closed - Inactive,45899.024305555555,NULL,715 N 16th St
25002613,ALCOHOL - MINOR IN POSSESSION,2025-08-29T23:42:00Z,Closed - Non-Criminal Case,45898.987500000003,NULL,440 N 17th St
25002612,ALCOHOL - MINOR IN POSSESSION,2025-08-29T23:30:00Z,Closed - Non-Criminal Case,45898.979166666664,NULL,2222 Y St
25002606,LARCENY - STOLEN BIKE,2025-08-29T20:34:00Z,Closed - Cleared by Arrest-Adult,45898.475694444445,45898.854166666664,1700 Vine St
25002596,ALCOHOL - MINOR IN POSSESSION,2025-08-29T01:24:00Z,Closed - Non-Criminal Case,45898.058333333334,NULL,1111 N 14th St
25002595,ALCOHOL - MINOR IN POSSESSION,2025-08-29T01:09:00Z,Closed - Inactive,45898.04791666667,NULL,N 16TH ST & S ST
25002589,DISTURBANCE - OTHER,2025-08-28T23:25:00Z,Closed - Inactive,45897.916666666664,45897.975694444445,1120 N 14th St
25002590,OUTSIDE - O.P.S. OTHER,2025-08-28T22:32:00Z,Closed - Non-Criminal Case,45897.938888888886,NULL,436 Mormon Trl
25002583,ALCOHOL - MINOR IN POSSESSION,2025-08-28T00:18:00Z,Closed - Cleared by Arrest-Adult,45897.012499999997,NULL,880 N 17th St
25002582,ALCOHOL - MINOR IN POSSESSION,2025-08-27T23:28:00Z,Closed - Inactive,45896.977777777778,NULL,N 16TH ST & R ST
25002580,ALCOHOL - MINOR IN POSSESSION,2025-08-27T22:58:00Z,Closed - Cleared by Arrest-Adult,45896.956944444442,NULL,880 N 17th St
25002575,DISTURBANCE - OTHER,2025-08-27T19:19:00Z,Closed - Inactive,45895.875,NULL,1780 R St
25002572,DISTURBANCE - DOMESTIC,2025-08-27T18:45:00Z,Closed - Non-Criminal Case,45896.78125,NULL,733 N 17th St
25002566,VANDALISM - BY GRAFFITI,2025-08-27T11:06:00Z,Closed - Inactive,NULL,NULL,1300 R St
25002550,AUTO THEFT,2025-08-26T14:30:00Z,Closed - Inactive,45818.875,45894.208333333336,3865 Fair St
25002547,TELEPHONE - OTHER,2025-08-26T08:36:00Z,Closed - Inactive,45894.665277777778,45895.259027777778,660 N 12th St
25002559,OUTSIDE - O.P.S. OTHER,2025-08-25T22:53:00Z,Closed - Non-Criminal Case,45894.953472222223,NULL,N 14TH ST & Q ST
25002544,ALCOHOL - MINOR IN POSSESSION,2025-08-25T22:34:00Z,Closed - Non-Criminal Case,45894.94027777778,NULL,433 N 19th St
25002560,TRAFFIC - SUSPENDED DRIVER,2025-08-25T21:44:00Z,Closed - Cleared by Arrest-Adult,45888.145833333336,NULL,N 19TH ST & S ST
25002543,TRAFFIC - SUSPENDED DRIVER,2025-08-25T19:25:00Z,Closed - Cleared by Arrest-Adult,45894.809027777781,NULL,N 12TH ST & Q ST
25002529,DISTURBANCE - OTHER,2025-08-24T10:11:00Z,Closed - Inactive,45893.0625,NULL,405 University Terrace
25002526,ASSAULT - NON DOMESTIC,2025-08-24T03:36:00Z,Closed - Cleared by Arrest-Adult,45892.979166666664,45893.152083333334,733 N 17th St
25002525,ALCOHOL - MINOR IN POSSESSION,2025-08-24T02:11:00Z,Closed - Non-Criminal Case,45893.09097222222,NULL,1710 Arbor Dr
25002523,TRAFFIC - SUSPENDED DRIVER,2025-08-23T22:57:00Z,Closed - Cleared by Arrest-Adult,45892.956250000003,NULL,ANTELOPE VALLEY PARKWAY & MILITARY RD
25002518,DISTURBANCE - OTHER,2025-08-23T19:38:00Z,Closed - Non-Criminal Case,45892.818055555559,NULL,880 N 17th St #1334
25002497,ALCOHOL - DWI,2025-08-23T00:41:00Z,Closed - Cleared by Arrest-Adult,45892.02847222222,NULL,1400 R St
25002491,ACCIDENTS - P.D. H&R NOT REPORTABLE,2025-08-22T16:21:00Z,Closed - Non-Criminal Case,45891.375,45891.678472222222,1875 N 38th St
25002485,TRESPASSING,2025-08-22T04:56:00Z,Closed - Non-Criminal Case,45891.205555555556,NULL,1400 R St
25002479,DISTURBANCE - OTHER,2025-08-21T10:16:00Z,Closed - Inactive,45889.5,NULL,1601 R St
25002471,NARCOTICS - POSSESSION,2025-08-20T19:40:00Z,Closed - Cleared by Arrest-Adult,45889.819444444445,NULL,433 N 19th St
25002468,DISTURBANCE - OTHER,2025-08-20T17:07:00Z,Closed - Inactive,45889.583333333336,NULL,880 N 17th St
25002469,LARCENY - STOLEN BIKE,2025-08-20T16:50:00Z,Closed - Cleared by Arrest-Adult,45887.625,45889.625,1130 N 14th St
25002451,ACCIDENTS - INJURY,2025-08-19T14:20:00Z,Closed - Cleared by Arrest-Adult,45888.597222222219,NULL,1545 R St
25002446,ACCIDENTS - P.D. H&R NOT REPORTABLE,2025-08-19T09:45:00Z,Closed - Inactive,45887.395833333336,45887.520833333336,1220 N 14th Street
25002443,OUTSIDE - O.P.S. OTHER,2025-08-18T23:09:00Z,Closed - Non-Criminal Case,45887.964583333334,NULL,600 N 15th St
25002439,LARCENY - STOLEN BIKE,2025-08-18T09:01:00Z,Closed - Inactive,45884.5,45887.371527777781,1801 R St
25002425,NARCOTICS - POSSESSION,2025-08-17T05:12:00Z,Closed - Cleared by Arrest-Adult,45886.216666666667,NULL,1400 R St
25002421,ALCOHOL - DWI,2025-08-16T22:41:00Z,Closed - Cleared by Arrest-Adult,45885.945138888892,NULL,N 34TH ST & HOLDREGE ST
25002414,TRAFFIC - SUSPENDED DRIVER,2025-08-16T02:35:00Z,Closed - Cleared by Arrest-Adult,45885.107638888891,NULL,N 14TH ST & R ST
25002415,ALCOHOL - DWI,2025-08-16T02:28:00Z,Closed - Cleared by Arrest-Adult,45885.102777777778,45885.213194444441,CENTENNIAL MALL & P ST
25002416,ALCOHOL - MINOR IN POSSESSION,2025-08-16T02:28:00Z,Closed - Cleared by Arrest-Adult,45885.102777777778,NULL,CENTENNIAL MALL & P ST
25002412,DISTURBANCE - OTHER,2025-08-15T22:44:00Z,Closed - Non-Criminal Case,45884.947222222225,NULL,N 16TH ST & X ST
25002413,OUTSIDE - O.P.S. OTHER,2025-08-15T21:54:00Z,Closed - Non-Criminal Case,45884.912499999999,NULL,N 27TH ST & FAIRFIELD ST
25002405,TRAFFIC - SUSPENDED DRIVER,2025-08-15T11:42:00Z,Closed - Cleared by Arrest-Adult,45884.487500000003,NULL,N 30TH ST & HITCHCOCK ST
25002390,TRESPASSING,2025-08-14T04:44:00Z,Closed - Non-Criminal Case,45883.197222222225,NULL,301 N 12th St
25002388,TRAFFIC - SUSPENDED DRIVER,2025-08-14T01:28:00Z,Closed - Cleared by Arrest-Adult,45883.061111111114,NULL,N 38TH ST & HUNTINGTON AVE
25002385,TRAFFIC - SUSPENDED DRIVER,2025-08-13T13:51:00Z,Closed - Cleared by Arrest-Adult,45882.57708333333,NULL,N 21ST ST & Salt Creek RDWY
25002381,TRAFFIC - SUSPENDED DRIVER,2025-08-13T00:22:00Z,Closed - Cleared by Arrest-Adult,45882.015277777777,NULL,N ANTELOPE VALLEY PKWY & MILITARY RD
25002380,TRESPASSING,2025-08-12T23:10:00Z,Closed - Inactive,45881.965277777781,NULL,1300 R St
25002377,TRESPASSING,2025-08-12T15:30:00Z,Closed - Non-Criminal Case,45881.645833333336,NULL,550 N 19th St
25002370,NARCOTICS - POSSESSION,2025-08-12T00:15:00Z,Closed - Cleared by Arrest-Adult,45881.010416666664,NULL,N 33RD ST & HOLDREGE ST
25002367,LARCENY - OTHER OR FROM OPEN AREA,2025-08-11T14:25:00Z,Closed - Inactive,45878.795138888891,NULL,1210 Vine St
25002363,TRESPASSING,2025-08-10T00:01:00Z,Closed - Non-Criminal Case,45879.000694444447,NULL,433 N 19th St
25002361,OUTSIDE - O.P.S. OTHER,2025-08-09T21:36:00Z,Closed - Non-Criminal Case,45878.9,NULL,13351 Dovers St
25002349,MISSING PERSON - OUTSIDE JURISDICTION,2025-08-09T01:12:00Z,Closed - Non-Criminal Case,45878.05,NULL,1400 R St
25002344,LARCENY - STOLEN BIKE,2025-08-08T17:07:00Z,Closed - Cleared by Arrest-Adult,45876.375,45877.6875,880 N 16th St
25002341,LARCENY - STOLEN BIKE,2025-08-08T14:00:00Z,Closed - Cleared by Arrest-Adult,45877.583333333336,NULL,1336 Q Street
25002338,TRESPASSING,2025-08-08T00:54:00Z,Closed - Cleared by Arrest-Adult,45877.037499999999,NULL,200 Centennial Mall N
25002337,ALCOHOL - DWI,2025-08-07T23:17:00Z,Closed - Cleared by Arrest-Adult,45876.970138888886,NULL,N 17TH ST & Q ST
25002335,DISTURBANCE - OTHER,2025-08-07T14:59:00Z,Closed - Non-Criminal Case,45876.624305555553,NULL,3315 Starr St
25002331,NARCOTICS - POSSESSION,2025-08-07T01:52:00Z,Closed - Inactive,45876.077777777777,NULL,N 38TH ST & MERRILL ST
25002330,TRAFFIC - SUSPENDED DRIVER,2025-08-06T22:37:00Z,Closed - Cleared by Arrest-Adult,45875.942361111112,NULL,N 33RD ST & HOLDREGE ST
25002324,DISTURBANCE - OTHER,2025-08-06T14:14:00Z,Closed - Cleared by Arrest-Adult,45875.593055555553,NULL,501 N 14th St
25002321,TRESPASSING,2025-08-06T01:37:00Z,Closed - Non-Criminal Case,45875.067361111112,NULL,1400 R St
25002320,TRAFFIC - SUSPENDED DRIVER,2025-08-05T22:25:00Z,Closed - Cleared by Arrest-Adult,45874.934027777781,NULL,N 14TH ST & Salt Creek RDWY
25002318,ACCIDENTS - P.D. H&R NOT REPORTABLE,2025-08-05T19:52:00Z,Closed - Inactive,45874.291666666664,45874.791666666664,501 Stadium Dr
25002312,TRESPASSING,2025-08-05T11:53:00Z,Closed - Non-Criminal Case,45874.495138888888,NULL,200 Centennial Mall N
25002314,DISTURBANCE - OTHER,2025-08-04T16:51:00Z,Closed - Inactive,45873.70208333333,NULL,300 N 17th St
25002292,EXTORTION,2025-08-02T17:03:00Z,Closed - Inactive,45870.333333333336,45871.710416666669,NA
25002291,TRAFFIC - SUSPENDED DRIVER,2025-08-02T14:53:00Z,Closed - Cleared by Arrest-Adult,45871.620138888888,NULL,S 10TH ST & LINCOLN MALL
25002288,TRAFFIC - SUSPENDED DRIVER,2025-08-02T10:17:00Z,Closed - Cleared by Arrest-Adult,45871.428472222222,NULL,S 9TH ST & M ST
25002284,TRAFFIC - SUSPENDED DRIVER,2025-08-02T00:30:00Z,Closed - Cleared by Arrest-Adult,45871.020833333336,NULL,N 17TH ST & Q ST
25002283,ALCOHOL - OPEN CONTAINER,2025-08-01T23:16:00Z,Closed - Cleared by Arrest-Adult,45870.969444444447,45870.995833333334,N 14TH ST & ADAMS ST
25002327,OUTSIDE - O.P.S. OTHER,2025-08-01T22:38:00Z,Closed - Cleared by Arrest-Adult,45870.943055555559,NULL,N 29TH ST & APPLE ST
25002273,DISTURBANCE - OTHER,2025-07-30T21:27:00Z,Closed - Inactive,45868.893750000003,NULL,300 N 17th St
25002266,SUSPICIOUS VEHICLE,2025-07-30T11:21:00Z,Closed - Inactive,45868.472916666666,NULL,18600 Adams St
25002262,FRAUD - CREDIT CARDS/ATM/BANK CARD,2025-07-29T17:33:00Z,Closed - Inactive,45867.731249999997,NULL,200 Centennial Mall N
25002259,TELEPHONE - OTHER,2025-07-29T12:58:00Z,Closed - Inactive,45866.566666666666,45866.873611111114,1055 N 16th St
25002253,TRAFFIC - SUSPENDED DRIVER,2025-07-29T00:07:00Z,Closed - Cleared by Arrest-Adult,45867.004861111112,NULL,N 33RD ST & X ST
25002251,TRAFFIC - SUSPENDED DRIVER,2025-07-28T23:28:00Z,Closed - Cleared by Arrest-Adult,45866.977777777778,NULL,ANTELOPE VALLEY PARKWAY & SAUNDERS AVE
25002250,OUTSIDE - O.P.S. OTHER,2025-07-28T21:58:00Z,Closed - Non-Criminal Case,45866.901388888888,45866.909722222219,1101 N 6th St
25002244,NARCOTICS - POSSESSION,2025-07-28T00:55:00Z,Closed - Non-Criminal Case,45866.038194444445,NULL,N 48TH ST & HOLDREGE ST
25002243,TRESPASSING,2025-07-28T00:30:00Z,Closed - Non-Criminal Case,45866.020833333336,NULL,942 N 22nd St
25002237,TRAFFIC - SUSPENDED DRIVER,2025-07-26T22:46:00Z,Closed - Cleared by Arrest-Adult,45864.948611111111,NULL,N 27TH ST & HOLDREGE ST
25002236,LARCENY - STOLEN BIKE,2025-07-26T21:01:00Z,Closed - Cleared by Arrest-Adult,45862.833333333336,45864.833333333336,880 N 17th St
25002234,TRESPASSING,2025-07-26T14:42:00Z,Closed - Non-Criminal Case,45864.612500000003,NULL,2100 VINE ST
25002231,TRESPASSING,2025-07-26T05:17:00Z,Closed - Non-Criminal Case,45864.220138888886,NULL,1400 R St
25002230,TRESPASSING,2025-07-26T05:07:00Z,Closed - Non-Criminal Case,45864.213194444441,NULL,1400 R St
25002229,ALCOHOL - DRUNK,2025-07-26T03:19:00Z,Closed - Non-Criminal Case,45864.138194444444,NULL,440 N 17th St
25002225,TRAFFIC - OTHER,2025-07-25T22:26:00Z,Closed - Non-Criminal Case,45863.93472222222,45863.93472222222,ANTELOPE VALLEY PARKWAY & MILITARY RD
25002218,VANDALISM - OTHER,2025-07-25T11:25:00Z,Closed - Inactive,NULL,NULL,EAST CAMPUS LOOP & N 39TH ST
25002216,VANDALISM - OTHER,2025-07-25T09:34:00Z,Closed - Inactive,45862.788888888892,45862.790277777778,1104 R St
25002214,OUTSIDE - O.P.S. OTHER,2025-07-25T02:41:00Z,Closed - Non-Criminal Case,45863.111805555556,NULL,2400 N Antelope Valley Pky
25002209,TRESPASSING,2025-07-24T19:07:00Z,Closed - Non-Criminal Case,45862.796527777777,NULL,550 N 19th St
25002205,TRESPASSING,2025-07-23T14:05:00Z,Closed - Non-Criminal Case,45861.576388888891,NULL,3855 Merrill St
25002199,FALSE INFORMATION - GIVEN TO OFC.,2025-07-23T01:50:00Z,Closed - Cleared by Arrest-Adult,45861.076388888891,NULL,200 N. 11th Street
25002197,TRAFFIC - SUSPENDED DRIVER,2025-07-23T00:23:00Z,Closed - Cleared by Arrest-Adult,45861.015972222223,NULL,N ANTELOPE VALLEY PKWY & VINE ST
25002183,TRAFFIC - OTHER,2025-07-20T00:47:00Z,Closed - Inactive,45858.032638888886,NULL,N 13TH ST & Q ST
25002181,TRAFFIC - SUSPENDED DRIVER,2025-07-19T22:50:00Z,Closed - Cleared by Arrest-Adult,45857.951388888891,NULL,N 17TH ST & Y ST
25002175,TRAFFIC - SUSPENDED DRIVER,2025-07-19T03:27:00Z,Closed - Cleared by Arrest-Adult,45857.143750000003,45857.143750000003,N 10TH ST & Q ST
25002177,WEAPONS – OTHER,2025-07-19T02:55:00Z,Closed - Cleared by Arrest-Adult,45857.121527777781,NULL,303 N 17th St
25002174,TRAFFIC - SUSPENDED DRIVER,2025-07-19T02:14:00Z,Closed - Cleared by Arrest-Adult,45857.093055555553,NULL,ANTELOPE VALLEY PARKWAY & O ST
25002170,OUTSIDE - O.P.S. OTHER,2025-07-19T00:29:00Z,Closed - Non-Criminal Case,45857.020138888889,NULL,4650 ORCHARD ST
25002167,DISTURBANCE - OTHER,2025-07-18T19:27:00Z,Closed - Cleared by Arrest-Adult,45856.810416666667,NULL,1780 R St
25002161,TRAFFIC - SUSPENDED DRIVER,2025-07-18T02:26:00Z,Closed - Cleared by Arrest-Adult,45856.101388888892,NULL,N 23RD ST & VINE ST
25002158,TRESPASSING,2025-07-17T23:07:00Z,Closed - Non-Criminal Case,45855.963194444441,NULL,1100 T St
25002155,ACCIDENTS - P.D. H&R NOT REPORTABLE,2025-07-17T16:39:00Z,Closed - Inactive,45852.652777777781,45853.697916666664,4040 East Campus Loop N
25002150,TRAFFIC - SUSPENDED DRIVER,2025-07-17T00:08:00Z,Closed - Cleared by Arrest-Adult,45855.005555555559,NULL,N 27TH ST & VINE ST
25002149,TRAFFIC - SUSPENDED DRIVER,2025-07-16T23:31:00Z,Closed - Cleared by Arrest-Adult,45854.979861111111,NULL,N ANTELOPE VALLEY PKWY & Salt Creek RDWY
25002147,VANDALISM - BY GRAFFITI,2025-07-16T13:30:00Z,Closed - Inactive,NULL,NULL,300 N 17th St
25002146,TELEPHONE - OTHER,2025-07-16T13:03:00Z,Closed - Non-Criminal Case,45854.509027777778,NULL,3835 Holdrege St
25002145,DISTURBANCE - OTHER,2025-07-16T11:03:00Z,Closed - Non-Criminal Case,45854.460416666669,NULL,639 N 12th St
25002140,TRAFFIC - SUSPENDED DRIVER,2025-07-15T22:51:00Z,Closed - Cleared by Arrest-Adult,45853.95208333333,NULL,N 27TH ST & HOLDREGE ST
25002138,ACCIDENTS - P.D. H&R NOT REPORTABLE,2025-07-15T15:56:00Z,Closed - Inactive,45852.256249999999,45853.722222222219,707 Stadium Dr
25002121,TRAFFIC - OTHER,2025-07-13T02:19:00Z,Closed - Inactive,45851.09652777778,NULL,O ST & N 10TH ST
25002117,OUTSIDE - O.P.S. OTHER,2025-07-12T23:34:00Z,Closed - Non-Criminal Case,45850.981944444444,NULL,1309 R St.
25002115,CHILD ABUSE/NEG - PHYSICAL ABUSE,2025-07-12T12:27:00Z,Closed - Inactive,45850.518750000003,NULL,3330 Starr St
25002113,TRESPASSING,2025-07-12T01:15:00Z,Closed - Non-Criminal Case,45850.052083333336,NULL,841 N 14th St
25002111,TRAFFIC - SUSPENDED DRIVER,2025-07-11T22:40:00Z,Closed - Cleared by Arrest-Adult,45849.944444444445,NULL,N 27TH ST & VINE ST
25002104,OUTSIDE - O.P.S. OTHER,2025-07-11T09:56:00Z,Closed - Non-Criminal Case,NULL,NULL,235 S 11th St
25002103,TRESPASSING,2025-07-11T08:06:00Z,Closed - Inactive,45849.000694444447,45849.337500000001,625 Stadium Dr
25002099,OUTSIDE - O.P.S. OTHER,2025-07-10T23:18:00Z,Closed - Non-Criminal Case,45848.970833333333,NULL,HOLDREGE ST & N 33RD ST
25002097,FIRE - FALSE ALARM,2025-07-10T18:16:00Z,Closed - Inactive,45848.761111111111,NULL,1120 N 14th St
25002087,DISTURBANCE - OTHER,2025-07-09T20:43:00Z,Closed - Non-Criminal Case,45847.863194444442,NULL,1120 N 14th St
25002084,LARCENY - FROM MOTOR VEHICLE,2025-07-09T13:05:00Z,Closed - Inactive,45846.20416666667,45846.205555555556,1220 N 14th Street
25002080,TRAFFIC - SUSPENDED DRIVER,2025-07-09T00:28:00Z,Closed - Cleared by Arrest-Adult,45847.019444444442,NULL,N 27TH ST & KNOX ST
25002079,TRESPASSING,2025-07-08T22:37:00Z,Closed - Non-Criminal Case,45846.942361111112,NULL,1100 T St
25002078,TRAFFIC - SUSPENDED DRIVER,2025-07-08T20:40:00Z,Closed - Cleared by Arrest-Adult,45846.861111111109,NULL,VINE ST & N 27TH ST
25002072,ASSAULT - NON DOMESTIC,2025-07-08T07:24:00Z,Closed - Inactive,45845.61041666667,NULL,1111 Salt Creek Rdwy
25002071,LARCENY - FROM MOTOR VEHICLE,2025-07-08T05:58:00Z,Closed - Inactive,45845.979166666664,45846.248611111114,1055 N 16th St
25002070,TRESPASSING,2025-07-08T00:17:00Z,Closed - Cleared by Arrest-Adult,45846.011805555558,45846.03402777778,1150 N 14th St
25002069,NARCOTICS - OTHER,2025-07-07T22:39:00Z,Closed - Non-Criminal Case,45845.943749999999,NULL,820 N 17th St
25002065,TRESPASSING,2025-07-07T19:19:00Z,Closed - Non-Criminal Case,45845.804861111108,NULL,700 N 17th St
25002064,DISTURBANCE - OTHER,2025-07-07T17:39:00Z,Closed - Inactive,45838,45838.999305555553,600 N 15th St
25002063,NARCOTICS - POSSESSION,2025-07-07T02:25:00Z,Closed - Cleared by Arrest-Adult,45845.100694444445,NULL,1601 Q Street
25002061,TRESPASSING,2025-07-07T01:37:00Z,Closed - Non-Criminal Case,45845.067361111112,NULL,1780 R St
25002060,TRAFFIC - SUSPENDED DRIVER,2025-07-06T18:10:00Z,Closed - Cleared by Arrest-Adult,45844.756944444445,NULL,ANTELOPE VALLEY PARKWAY & VINE ST
25002057,TRESPASSING,2025-07-05T01:42:00Z,Closed - Non-Criminal Case,45843.070833333331,NULL,855 N 16th St
25002056,OUTSIDE - O.P.S. OTHER,2025-07-05T00:32:00Z,Closed - Non-Criminal Case,45843.022222222222,NULL,N 48TH ST & VINE ST
25002053,OUTSIDE - O.P.S. OTHER,2025-07-04T01:39:00Z,Closed - Non-Criminal Case,45842.068749999999,NULL,1823 O St
25002052,OUTSIDE - O.P.S. OTHER,2025-07-03T23:50:00Z,Closed - Non-Criminal Case,45841.993055555555,NULL,3500 NW Nutwood Ct
25002047,TRAFFIC - SUSPENDED DRIVER,2025-07-02T22:33:00Z,Closed - Cleared by Arrest-Adult,45840.939583333333,NULL,N 13TH ST & O ST
25002044,NARCOTICS - POSSESSION,2025-07-02T15:56:00Z,Closed - Non-Criminal Case,45840.663888888892,NULL,ANTELOPE VALLEY PARKWAY & TRANSFORMATION DR
25002040,TRAFFIC - OTHER,2025-07-01T23:43:00Z,Closed - Inactive,45839.988194444442,NULL,N 17TH ST & Y ST
25002038,NARCOTICS - POSSESSION,2025-07-01T21:35:00Z,Closed - Cleared by Arrest-Adult,45839.899305555555,NULL,N ANTELOPE VALLEY PKWY & VINE ST
OS25014,HAZING,2025-07-01T00:01:00Z,NA - Clery Report Only,45832.000694444447,45832.999305555553,On Campus
25002029,SUSPICIOUS PERSON,2025-06-30T21:21:00Z,Closed - Inactive,45838.885416666664,NULL,841 N 14th St
25002028,TRAFFIC - SUSPENDED DRIVER,2025-06-30T20:55:00Z,Closed - Cleared by Arrest-Adult,45838.871527777781,NULL,HOLDREGE ST & GRACE AVE
25002021,OUTSIDE - O.P.S. OTHER,2025-06-29T20:56:00Z,Closed - Non-Criminal Case,45837.87222222222,NULL,N 33RD ST & DUDLEY ST
25002015,NARCOTICS - POSSESSION,2025-06-29T01:28:00Z,Closed - Inactive,NULL,NULL,N 41ST ST & HOLDREGE ST
25002012,TRAFFIC - SUSPENDED DRIVER,2025-06-28T23:25:00Z,Closed - Cleared by Arrest-Adult,45836.975694444445,NULL,Y ST & N 8TH ST
25002004,SEX OFFENSE - MOLEST/FONDLING,2025-06-28T00:17:00Z,Closed - Inactive,45836.007638888892,45836.011805555558,880 N 17th St
25001992,NARCOTICS - POSSESSION,2025-06-26T23:44:00Z,Closed - Cleared by Arrest-Adult,45834.988888888889,NULL,N 27TH ST & HOLDREGE ST
25001989,SUSPICIOUS PERSON,2025-06-26T21:13:00Z,Closed - Inactive,45834.884027777778,NULL,N 17TH ST & R ST
25001987,TRAFFIC - SUSPENDED DRIVER,2025-06-26T17:47:00Z,Closed - Cleared by Arrest-Adult,45834.740972222222,NULL,N 27TH ST & VINE ST
25001983,DISTURBANCE - OTHER,2025-06-26T09:30:00Z,Closed - Inactive,45834.388888888891,45834.395833333336,1400 R St
25001982,TRESPASSING,2025-06-26T08:26:00Z,Closed - Inactive,45834.351388888892,NULL,1111 N 14th St
25001975,TRAFFIC - SUSPENDED DRIVER,2025-06-25T23:10:00Z,Closed - Cleared by Arrest-Adult,45833.965277777781,NULL,N 33RD ST & Y ST
25002329,OUTSIDE - O.P.S. OTHER,2025-06-25T00:21:00Z,Closed - Non-Criminal Case,45833.01458333333,NULL,N 13TH ST & O ST
25001963,TRAFFIC - SUSPENDED DRIVER,2025-06-24T23:55:00Z,Closed - Cleared by Arrest-Adult,45832.996527777781,NULL,N ANTELOPE VALLEY PKWY & MILITARY RD
25001962,TRESPASSING,2025-06-24T23:07:00Z,Closed - Non-Criminal Case,45832.961805555555,NULL,600 N 15th St
25001961,TRESPASSING,2025-06-24T23:06:00Z,Closed - Non-Criminal Case,45832.962500000001,NULL,200 Centennial Mall N
25001959,TRAFFIC - SUSPENDED DRIVER,2025-06-24T17:01:00Z,Closed - Cleared by Arrest-Adult,45832.709027777775,NULL,N 48TH ST & HOLDREGE ST
25001954,TRAFFIC - SUSPENDED DRIVER,2025-06-23T19:48:00Z,Closed - Cleared by Arrest-Adult,45831.824999999997,NULL,VINE ST & N ANTELOPE VALLEY PKWY
25001949,"HAZARDS - NON-TRAFFIC (WIRES,TREES,ETC)",2025-06-23T11:47:00Z,Closed - Non-Criminal Case,45831.424305555556,NULL,616 N 16th St
25001942,FALSE INFORMATION - GIVEN TO OFC.,2025-06-22T05:43:00Z,Closed - Inactive,45830.238194444442,NULL,N 17TH ST & Q ST
25001939,OUTSIDE - O.P.S. OTHER,2025-06-21T22:22:00Z,Closed - Non-Criminal Case,45829.931944444441,NULL,2229 J St
25001931,OUTSIDE - O.P.S. OTHER,2025-06-20T21:30:00Z,Closed - Non-Criminal Case,45828.895833333336,NULL,A ST & S 9TH ST
25001929,TELEPHONE - OTHER,2025-06-20T19:45:00Z,Closed - Non-Criminal Case,45827.354166666664,45827.375,1875 N 42nd St
25001925,LARCENY - OTHER OR FROM OPEN AREA,2025-06-20T16:13:00Z,Closed - Cleared by Arrest-Adult,45828.607638888891,NULL,1400 R St
25001920,LARCENY - STOLEN BIKE,2025-06-20T09:53:00Z,Closed - Inactive,45827.708333333336,45828.291666666664,1111 Salt Creek Rdwy
25001919,TRESPASSING,2025-06-20T09:00:00Z,Closed - Cleared by Arrest-Adult,45828.375,NULL,1400 R St
25001915,TRAFFIC - SUSPENDED DRIVER,2025-06-19T22:50:00Z,Closed - Cleared by Arrest-Juvenile,45827.951388888891,45827.990972222222,N 9TH ST & Q ST
25001914,TRESPASSING,2025-06-19T20:40:00Z,Closed - Inactive,45827.861111111109,NULL,1433 W St
25001913,ACCIDENTS - P.D. H&R NOT REPORTABLE,2025-06-19T17:28:00Z,Closed - Inactive,45827.53125,45827.541666666664,1600 Court St
25001903,LARCENY - FROM BUILDING,2025-06-18T16:16:00Z,Closed - Inactive,45820.958333333336,45824.791666666664,3601 Apple St
25001898,NARCOTICS - OTHER,2025-06-18T08:23:00Z,Closed - Inactive,45826.257638888892,NULL,1111 Salt Creek Rdwy
25001897,NARCOTICS - POSSESSION,2025-06-18T01:52:00Z,Closed - Cleared by Arrest-Adult,45826.077777777777,NULL,N 13TH ST & P ST
25001896,TRESPASSING,2025-06-18T00:02:00Z,Closed - Non-Criminal Case,45826.001388888886,NULL,1400 R St
25001895,TRESPASSING,2025-06-17T23:55:00Z,Closed - Non-Criminal Case,45825.996527777781,NULL,1400 R St
25001894,NARCOTICS - POSSESSION,2025-06-17T23:18:00Z,Closed - Cleared by Arrest-Adult,45825.970833333333,NULL,815 N 27TH ST
25001893,TRAFFIC - SUSPENDED DRIVER,2025-06-17T23:02:00Z,Closed - Cleared by Arrest-Adult,45825.959722222222,NULL,O ST & N 27TH ST
25001884,TRESPASSING,2025-06-16T18:32:00Z,Closed - Inactive,45824.772222222222,NULL,313 N 13th St
25001883,LARCENY - STOLEN BIKE,2025-06-16T16:10:00Z,Closed - Inactive,45805,45824.673611111109,880 N 17th St
25001882,LARCENY - OTHER OR FROM OPEN AREA,2025-06-16T14:05:00Z,Closed - Inactive,45811.625,45824.586805555555,1700 Vine St
25001880,TRAFFIC - OTHER,2025-06-15T22:38:00Z,Closed - Inactive,45823.943055555559,NULL,ANTELOPE VALLEY PARKWAY & VINE ST
25001878,ALCOHOL - OPEN CONTAINER,2025-06-15T00:12:00Z,Closed - Cleared by Arrest-Adult,45823.008333333331,NULL,1400 R St
25001867,ALCOHOL - DWI,2025-06-13T23:41:00Z,Closed - Cleared by Arrest-Adult,45821.986805555556,NULL,N 27TH ST & Q ST
25001861,TRESPASSING,2025-06-13T01:37:00Z,Closed - Non-Criminal Case,45821.067361111112,NULL,2100 Vine St.
25001856,LARCENY - STOLEN BIKE,2025-06-12T16:07:00Z,Closed - Inactive,45813.291666666664,45813.666666666664,1801 R St
25001850,TRAFFIC - SUSPENDED DRIVER,2025-06-12T00:55:00Z,Closed - Cleared by Arrest-Adult,45820.038194444445,NULL,DUDLEY ST & N 22ND ST
25001844,TRAFFIC - SUSPENDED DRIVER,2025-06-11T18:19:00Z,Closed - Cleared by Arrest-Adult,45819.763194444444,NULL,N 17TH ST & Q ST
25001847,TRAFFIC - OTHER,2025-06-11T17:20:00Z,Closed - Non-Criminal Case,45819.71875,NULL,N 27TH ST & VINE ST
25001836,TRAFFIC - OTHER,2025-06-10T23:09:00Z,Closed - Cleared by Arrest-Adult,45818.964583333334,NULL,ANTELOPE VALLEY PARKWAY & Salt Creek RDWY
25001834,DISTURBANCE - OTHER,2025-06-10T19:22:00Z,Closed - Non-Criminal Case,45818.802083333336,NULL,N 14TH ST & VINE ST
25001810,TRAFFIC - OTHER,2025-06-08T22:45:00Z,Closed - Inactive,45816.947916666664,NULL,SALT CREEK RDWY & N 21ST ST
25001809,OUTSIDE - O.P.S. OTHER,2025-06-08T11:40:00Z,Closed - Non-Criminal Case,45816.486111111109,NULL,3301 Holdrege St.
25001806,NARCOTICS - POSSESSION,2025-06-08T02:18:00Z,Closed - Non-Criminal Case,45816.095833333333,NULL,N 18TH ST & O ST
25001800,TRESPASSING,2025-06-07T23:17:00Z,Closed - Non-Criminal Case,45815.970138888886,NULL,200 Centennial Mall N
25001794,TRAFFIC - SUSPENDED DRIVER,2025-06-07T02:03:00Z,Closed - Cleared by Arrest-Adult,45815.085416666669,NULL,N 14TH ST & R ST
25001793,TRAFFIC - SUSPENDED DRIVER,2025-06-06T23:50:00Z,Closed - Cleared by Arrest-Adult,45814.993055555555,NULL,N 33RD ST & HOLDREGE ST
25001785,ACCIDENTS - P.D. H&R NOT REPORTABLE,2025-06-06T12:46:00Z,Closed - Inactive,45812.895833333336,45813.5,930 N 14th St
25001774,LARCENY - FROM MOTOR VEHICLE,2025-06-05T10:52:00Z,Closed - Unfounded,45812.708333333336,45813.452777777777,1150 N 14th St
25001773,FRAUD - CON GAMES/DECEPTION/FALSE PRET - INTERNET,2025-06-05T10:25:00Z,Closed - Inactive,45813.421527777777,45813.440972222219,303 N 17th St
25001772,OUTSIDE - O.P.S. OTHER,2025-06-05T08:00:00Z,Closed - Non-Criminal Case,45811.697222222225,NULL,820 N 17th St
LE25004,SEX OFFENSE - MOLEST/FONDLING,2025-06-05T08:00:00Z,NA - Clery Report Only,45838.625,45838.666666666664,On-Campus Housing
25001761,ASSAULT - NON DOMESTIC,2025-06-04T10:26:00Z,Closed - Cleared by Arrest-Adult,45812.398611111108,NULL,4000 East Campus Loop S
25001757,TRESPASSING,2025-06-03T16:30:00Z,Closed - Non-Criminal Case,45811.6875,NULL,1801 R St
25001752,TRESPASSING,2025-06-03T01:32:00Z,Closed - Non-Criminal Case,45811.063888888886,NULL,1400 R St
25001751,TRESPASSING,2025-06-03T01:17:00Z,Closed - Non-Criminal Case,45811.053472222222,NULL,200 Centennial Mall N
25001750,TRESPASSING,2025-06-03T00:27:00Z,Closed - Non-Criminal Case,45811.018750000003,NULL,3310 Holdrege St
25001745,TRAFFIC - SUSPENDED DRIVER,2025-06-02T18:11:00Z,Closed - Cleared by Arrest-Adult,45810.757638888892,NULL,ANTELOPE VALLEY PARKWAY & MILITARY RD
25001744,ACCIDENTS - P.D. H&R NOT REPORTABLE,2025-06-02T18:08:00Z,Closed - Inactive,45796.322916666664,45807.791666666664,615 N 19th St
25001738,DISTURBANCE - OTHER,2025-06-02T02:47:00Z,Closed - Cleared by Arrest-Adult,45810.115972222222,NULL,N 17TH ST & O ST
25001721,NARCOTICS - POSSESSION,2025-05-29T23:11:00Z,Closed - Cleared by Arrest-Adult,45806.96597222222,NULL,N 33RD ST & LEIGHTON AVE
25001712,TRAFFIC - SUSPENDED DRIVER,2025-05-28T23:37:00Z,Closed - Cleared by Arrest-Adult,45805.984027777777,NULL,S 18TH ST & O ST
25001710,DISTURBANCE - OTHER,2025-05-28T22:43:00Z,Closed - Inactive,45805.90625,45805.916666666664,880 N 17th St
25001707,TRAFFIC - OTHER,2025-05-28T20:34:00Z,Closed - Inactive,45805.856944444444,NULL,N 33RD ST & HUNTINGTON AVE
25001704,TRAFFIC - SUSPENDED DRIVER,2025-05-28T16:56:00Z,Closed - Cleared by Arrest-Adult,45805.705555555556,NULL,Y ST & N 27TH ST
25001703,TELEPHONE - OTHER,2025-05-28T13:22:00Z,Closed - Inactive,45805.486111111109,NULL,1400 Vine St
25001698,"AUTO THEFT - STOLEN ELSEWHERE, FOUND IN  LINCOLN",2025-05-27T19:16:00Z,Closed - Cleared by Arrest-Adult,45804.802777777775,NULL,N 33RD ST & HWY CORNHUSKER
25001697,TRAFFIC - SUSPENDED DRIVER,2025-05-27T15:58:00Z,Closed - Cleared by Arrest-Adult,45804.665277777778,NULL,N 33RD ST & POTTER ST
25001689,NARCOTICS - SALE/DELIVER,2025-05-25T22:54:00Z,Closed - Cleared by Arrest-Adult,45802.95416666667,NULL,N 22ND ST & W ST
25001687,TRAFFIC - SUSPENDED DRIVER,2025-05-25T15:37:00Z,Closed - Cleared by Arrest-Adult,45802.650694444441,NULL,ANTELOPE VALLEY PARKWAY & N 17TH ST
25001685,LARCENY - FROM BUILDING,2025-05-25T09:06:00Z,Closed - Inactive,45796.708333333336,45801.541666666664,1104 R St
25001680,OUTSIDE - O.P.S. OTHER,2025-05-25T00:04:00Z,Closed - Non-Criminal Case,45802.00277777778,NULL,N 27TH ST & VINE ST
25001681,SUSPICIOUS PERSON,2025-05-25T00:01:00Z,Closed - Inactive,45801.993055555555,45801.999305555553,1931 N 37th St.
25001679,OUTSIDE - O.P.S. OTHER,2025-05-24T23:15:00Z,Closed - Non-Criminal Case,45801.96875,NULL,N 27TH ST & O ST
25001668,ALCOHOL - DWI,2025-05-24T01:50:00Z,Closed - Cleared by Arrest-Adult,45801.076388888891,NULL,N 14TH ST & R ST
25001667,TRAFFIC - SUSPENDED DRIVER,2025-05-23T23:34:00Z,Closed - Cleared by Arrest-Adult,45800.981944444444,NULL,N 17TH ST & N ANTELOPE VALLEY PKWY
25001666,OUTSIDE - O.P.S. OTHER,2025-05-23T22:40:00Z,Closed - Non-Criminal Case,45800.944444444445,NULL,3291 HOLDREGE ST
25001665,OUTSIDE - O.P.S. CHEMICAL TESTING,2025-05-23T22:15:00Z,Closed - Non-Criminal Case,45800.927083333336,NULL,N 26TH ST & VINE ST
25001659,ALCOHOL - DWI,2025-05-23T02:50:00Z,Closed - Cleared by Arrest-Adult,45800.118055555555,NULL,1548 Vine St
25001657,NARCOTICS - POSSESSION,2025-05-23T00:08:00Z,Closed - Cleared by Arrest-Adult,45800.005555555559,NULL,N ANTELOPE VALLEY PKWY & MILITARY RD
25001653,DISTURBANCE - OTHER,2025-05-22T20:11:00Z,Closed - Inactive,45799.84097222222,45799.862500000003,615 N 19th St
25001651,VANDALISM - OTHER,2025-05-22T19:33:00Z,Closed - Inactive,45799.334027777775,45799.6875,1500 U St
25001650,DISTURBANCE - OTHER,2025-05-22T18:33:00Z,Closed - Non-Criminal Case,45799.765277777777,NULL,831 N 16TH ST
25001648,ACCIDENTS - P.D. H&R NOT REPORTABLE,2025-05-22T16:01:00Z,Closed - Non-Criminal Case,45799.661111111112,NULL,1220 N 14th St
25001643,LARCENY - STOLEN BIKE,2025-05-22T00:44:00Z,Closed - Cleared by Arrest-Adult,45799.005555555559,45799.025000000001,530 N 17th St
25001641,NARCOTICS - POSSESSION,2025-05-21T23:03:00Z,Closed - Cleared by Arrest-Adult,45798.960416666669,NULL,ANTELOPE VALLEY PARKWAY & S ST
25001639,DISTURBANCE - OTHER,2025-05-21T17:44:00Z,Closed - Cleared by Arrest-Adult,45798.738888888889,45798.771527777775,1400 R St
25001637,TRESPASSING,2025-05-21T13:05:00Z,Closed - Non-Criminal Case,45798.545138888891,NULL,1433 W St
25001635,LARCENY - STOLEN BIKE,2025-05-21T11:20:00Z,Closed - Cleared by Arrest-Adult,45778.541666666664,45779.708333333336,1300 R St
25001634,DISTURBANCE - OTHER,2025-05-21T06:45:00Z,Closed - Inactive,45798.263888888891,NULL,1111 N 14th St
25001632,FRAUD - CON GAMES/DECEPTION/FALSE    PRETENSE/OTHER,2025-05-21T02:44:00Z,Closed - Inactive,45798.105555555558,NULL,NA
25001617,TRAFFIC - SUSPENDED DRIVER,2025-05-19T15:35:00Z,Closed - Cleared by Arrest-Adult,45796.649305555555,NULL,Q ST & N 13TH ST
25001616,LARCENY - FROM BUILDING,2025-05-19T13:25:00Z,Closed - Inactive,45793.708333333336,45796.333333333336,1104 R St
25001598,LARCENY - BAIT BIKE - UNL,2025-05-18T05:12:00Z,Closed - Non-Criminal Case,45795.216666666667,NULL,1055 N 16th St
25001597,OUTSIDE - O.P.S. OTHER,2025-05-18T02:18:00Z,Open,45795.095833333333,NULL,660 N 12th St
25001596,ALCOHOL - DWI,2025-05-18T01:06:00Z,Closed - Cleared by Arrest-Adult,45795.04583333333,45795.140972222223,O ST & N 9TH ST
25001595,OUTSIDE - O.P.S. OTHER,2025-05-18T00:53:00Z,Closed - Non-Criminal Case,45795.036805555559,NULL,N 14TH ST & P ST
25001591,TRAFFIC - SUSPENDED DRIVER,2025-05-17T22:29:00Z,Closed - Cleared by Arrest-Adult,45794.936805555553,NULL,N 12TH ST & Q ST
25001586,DISTURBANCE - OTHER,2025-05-17T17:09:00Z,Closed - Non-Criminal Case,45794.714583333334,NULL,530 N 17th St
25001579,ALCOHOL - DWI,2025-05-17T02:03:00Z,Closed - Cleared by Arrest-Adult,45794.085416666669,NULL,N 10TH ST & T ST
25001568,TRESPASSING,2025-05-16T10:24:00Z,Closed - Inactive,45790.746527777781,45790.783333333333,1100 T St
25001562,TRESPASSING,2025-05-16T06:37:00Z,Closed - Inactive,45793.275694444441,NULL,1111 Salt Creek Roadway
25001561,OUTSIDE - O.P.S. OTHER,2025-05-15T22:38:00Z,Closed - Non-Criminal Case,45792.943055555559,NULL,3410 Serenity Cir
25001550,TRESPASSING,2025-05-15T12:45:00Z,Closed - Inactive,45792.479166666664,45792.53125,1625 Arbor Dr
25001548,OUTSIDE - O.P.S. OTHER,2025-05-15T08:16:00Z,Closed - Non-Criminal Case,45781.310416666667,45781.313888888886,N 19TH ST & VINE ST
25001546,ALCOHOL - DWI,2025-05-14T22:55:00Z,Closed - Cleared by Arrest-Adult,45791.954861111109,NULL,N 9TH ST & Q ST
25001545,TRESPASSING,2025-05-14T20:52:00Z,Closed - Non-Criminal Case,45791.869444444441,NULL,1400 R St
25001543,VANDALISM - OTHER,2025-05-14T19:33:00Z,Closed - Inactive,45791.552083333336,45791.8125,2200 Vine St
25001536,TRESPASSING,2025-05-14T05:00:00Z,Closed - Non-Criminal Case,45791.208333333336,NULL,200 Centennial Mall N
25001530,FALSE INFORMATION - GIVEN TO OFC.,2025-05-13T23:15:00Z,Closed - Cleared by Arrest-Adult,45790.96875,NULL,N 11TH ST & P ST
25001529,LARCENY - FROM BUILDING,2025-05-13T22:51:00Z,Closed - Cleared by Arrest-Adult,45790.928472222222,45790.929166666669,1400 R St
25001525,LARCENY - STOLEN BIKE,2025-05-13T13:24:00Z,Closed - Inactive,45786.541666666664,45787.948611111111,660 N 12th St
25001524,ACCIDENTS - P.D. H&R NOT REPORTABLE,2025-05-13T13:23:00Z,Closed - Inactive,45788.479166666664,45789.5,1220 N 14th Street
25001523,LARCENY - OTHER OR FROM OPEN AREA,2025-05-13T11:54:00Z,Closed - Inactive,45787.948611111111,NULL,1130 N 14th St
25001521,TELEPHONE - OTHER,2025-05-13T09:26:00Z,Closed - Inactive,45790.333333333336,45790.375,1500 U St
25001518,FALSE INFORMATION - GIVEN TO OFC.,2025-05-13T01:50:00Z,Closed - Cleared by Arrest-Adult,45790.076388888891,NULL,301 N 12th St
25001515,DISTURBANCE - OTHER,2025-05-12T22:07:00Z,Closed - Inactive,45789.916666666664,45789.92083333333,855 N 16th St
25001508,DISTURBANCE - OTHER,2025-05-12T15:06:00Z,Closed - Non-Criminal Case,45789.629166666666,NULL,1400 R St
25001507,DISTURBANCE - OTHER,2025-05-12T15:00:00Z,Closed - Non-Criminal Case,NULL,NULL,1210 Vine St
25001506,LARCENY - STOLEN BIKE,2025-05-12T13:40:00Z,Closed - Cleared by Arrest-Adult,45789.5,45789.5625,530 N 17th St
25001503,VANDALISM - OTHER,2025-05-12T11:54:00Z,Closed - Inactive,45772.708333333336,45789.333333333336,1248 R St
25001500,VANDALISM - OTHER,2025-05-12T00:26:00Z,Closed - Non-Criminal Case,45788.979166666664,45789,1535 R St
25001499,OUTSIDE - O.P.S. OTHER,2025-05-11T23:31:00Z,Closed - Non-Criminal Case,45788.972916666666,NULL,5512 Shady Creek Ct
25001497,OUTSIDE - O.P.S. OTHER,2025-05-11T18:22:00Z,Closed - Non-Criminal Case,45788.765277777777,NULL,923 S 11th St
25001495,TRESPASSING,2025-05-11T15:21:00Z,Closed - Inactive,45787.999305555553,45788.104166666664,433 N 19th St
25001493,ARSON,2025-05-10T23:55:00Z,Closed - Cleared by Arrest-Adult,45787.979166666664,45787.996527777781,1120 N 14th St
25001491,TRESPASSING,2025-05-10T23:20:00Z,Closed - Non-Criminal Case,45787.972222222219,NULL,433 N 19th St
25001486,VANDALISM - OTHER,2025-05-10T11:31:00Z,Closed - Cleared by Arrest-Adult,45786.479166666664,45787.000694444447,1150 N 14th St
25001481,ALCOHOL - USING FALSE I.D.,2025-05-10T01:27:00Z,Closed - Cleared by Arrest-Adult,45787.060416666667,NULL,1130 N 14th St
25001482,ALCOHOL - MINOR IN POSSESSION,2025-05-10T01:27:00Z,Closed - Cleared by Arrest-Adult,45787.060416666667,NULL,1130 N 14th St
25001479,TRAFFIC - SUSPENDED DRIVER,2025-05-10T00:01:00Z,Closed - Cleared by Arrest-Adult,45787.000694444447,NULL,ANTELOPE VALLEY PARKWAY & SALT CREEK RD
25001478,TRAFFIC - OTHER,2025-05-09T23:02:00Z,Closed - Cleared by Arrest-Adult,45786.959027777775,45786.976388888892,N 27TH ST & W ST
25001471,VANDALISM - OTHER,2025-05-09T10:28:00Z,Closed - Inactive,45785.666666666664,45786.427083333336,1780 R St
25001461,NARCOTICS - POSSESSION,2025-05-08T23:07:00Z,Closed - Cleared by Arrest-Adult,45785.963194444441,NULL,1111 N 14th St
25001454,DISTURBANCE - OTHER,2025-05-08T14:41:00Z,Closed - Inactive,45784.520833333336,45785.555555555555,1901 Vine St
25001452,TELEPHONE - OTHER,2025-05-08T11:17:00Z,Closed - Non-Criminal Case,45785.4375,NULL,635 N 16th St
25001450,ACCIDENTS - P.D. H&R NOT REPORTABLE,2025-05-08T10:38:00Z,Closed - Cleared by Arrest-Adult,45784.728472222225,NULL,1220 N 14th Street
25001449,ACCIDENTS - P.D. H&R NOT REPORTABLE,2025-05-08T09:51:00Z,Closed - Inactive,45779.416666666664,45785.40625,4000 East Campus Loop South
25001448,LARCENY - FROM BUILDING,2025-05-08T06:58:00Z,Closed - Non-Criminal Case,45768.833333333336,45784.833333333336,400 University Terrace
25001458,TRESPASSING,2025-05-08T05:37:00Z,Closed - Inactive,45785.234027777777,NULL,1055 N 16th St
25001445,TRAFFIC - SUSPENDED DRIVER,2025-05-08T00:08:00Z,Closed - Cleared by Arrest-Adult,45785.005555555559,NULL,33RD ST & HOLDREGE ST
25001443,NARCOTICS - POSSESSION,2025-05-07T22:12:00Z,Closed - Cleared by Arrest-Adult,45784.925000000003,NULL,N 27TH ST & VINE ST
25001442,OUTSIDE - O.P.S. OTHER,2025-05-07T21:35:00Z,Closed - Non-Criminal Case,45784.899305555555,NULL,908 S 10th St
25001441,LARCENY - STOLEN BIKE,2025-05-07T19:50:00Z,Closed - Inactive,45784.104166666664,45784.8125,1055 N 16th St
25001434,TRESPASSING,2025-05-07T13:24:00Z,Closed - Inactive,45784.558333333334,NULL,600 N 15th St
25001429,TRAFFIC - OTHER,2025-05-07T00:36:00Z,Closed - Inactive,45784.025000000001,NULL,N 14TH ST & BUTLER AVE
25001425,TRAFFIC - SUSPENDED DRIVER,2025-05-06T22:01:00Z,Closed - Cleared by Arrest-Adult,45783.917361111111,NULL,ANTELOPE VALLEY PARKWAY & MILITARY RD
25001413,TRAFFIC - SUSPENDED DRIVER,2025-05-05T23:58:00Z,Closed - Cleared by Arrest-Adult,45782.998611111114,NULL,N 37TH ST & VINE ST
25001399,LARCENY - OTHER OR FROM OPEN AREA,2025-05-05T11:24:00Z,Closed - Inactive,45775.375,45782.4375,1248 R St
25001392,DISTURBANCE - OTHER,2025-05-04T23:48:00Z,Closed - Non-Criminal Case,45781.970833333333,45781.977083333331,880 N 17th St
25001391,SUSPICIOUS PERSON,2025-05-04T22:58:00Z,Closed - Non-Criminal Case,45781.95416666667,NULL,403 Line Drive Cir
25001389,FRAUD - CON GAMES/DECEPTION/FALSE PRET - INTERNET,2025-05-04T19:21:00Z,Closed - Inactive,45767.333333333336,45781.708333333336,300 N 17th St
25001384,ALCOHOL - MINOR IN POSSESSION,2025-05-04T03:48:00Z,Closed - Non-Criminal Case,45781.158333333333,NULL,1130 N 14th St
25001380,TRESPASSING,2025-05-03T20:19:00Z,Closed - Non-Criminal Case,45780.84652777778,45780.852777777778,3310 Holdrege St
25001377,FALSE INFORMATION - GIVEN TO OFC.,2025-05-03T01:37:00Z,Closed - Inactive,45780.067361111112,NULL,NA
25001376,NARCOTICS - SALE/DELIVER,2025-05-03T00:11:00Z,Closed - Cleared by Arrest-Adult,45780.007638888892,NULL,N 27TH ST & P ST
25001373,LARCENY - STOLEN BIKE,2025-05-02T21:36:00Z,Closed - Non-Criminal Case,45772,45776,1055 N 16th St
25001372,ASSAULT - NON DOMESTIC,2025-05-02T20:46:00Z,Closed - Non-Criminal Case,45779.833333333336,45779.895833333336,R ST & N 17TH ST
25001369,OUTSIDE - O.P.S. OTHER,2025-05-02T12:48:00Z,Closed - Non-Criminal Case,45779.511111111111,NULL,R ST & N 14TH ST
25001367,LARCENY - STOLEN BIKE,2025-05-02T10:54:00Z,Closed - Inactive,45779.072916666664,NULL,433 N 19th St
25001361,ALCOHOL - MINOR IN POSSESSION,2025-05-02T00:55:00Z,Closed - Non-Criminal Case,45779.038194444445,45779.048611111109,820 N 17th St
25001360,FIRE - FALSE ALARM,2025-05-02T00:23:00Z,Closed - Cleared by Arrest-Adult,45779.015972222223,NULL,1545 R St
25001357,ALCOHOL - MINOR IN POSSESSION,2025-05-02T00:14:00Z,Closed - Cleared by Arrest-Adult,NULL,NULL,1130 N 14th St
25001358,TRESPASSING,2025-05-01T23:58:00Z,Closed - Cleared by Arrest-Adult,45778.998611111114,NULL,300 N 17th St
25001348,VANDALISM - OTHER,2025-05-01T09:20:00Z,Closed - Inactive,45776.000694444447,45776.004166666666,1150 N 14th St
25001345,TRAFFIC - SUSPENDED DRIVER,2025-04-30T23:03:00Z,Closed - Cleared by Arrest-Adult,45777.960416666669,NULL,N 35TH ST & VINE ST
25001338,ALCOHOL - DWI,2025-04-30T00:42:00Z,Closed - Cleared by Arrest-Adult,45777.029166666667,NULL,N 27TH ST & W ST
25001337,TRAFFIC - SUSPENDED DRIVER,2025-04-29T23:19:00Z,Closed - Cleared by Arrest-Adult,45776.97152777778,NULL,N ANTELOPE VALLEY PKWY & VINE ST
25001334,TRAFFIC - SUSPENDED DRIVER,2025-04-29T21:10:00Z,Closed - Cleared by Arrest-Adult,45776.881944444445,NULL,ANTELOPE VALLEY PARKWAY & MILITARY RD
25001333,TRESPASSING,2025-04-29T18:58:00Z,Closed - Non-Criminal Case,45776.790277777778,NULL,2225 W St
25001330,TRESPASSING,2025-04-29T00:27:00Z,Closed - Non-Criminal Case,45776.018750000003,NULL,200 Centennial Mall N
25001327,FIRE (WORKING) - NO ALARM,2025-04-28T22:33:00Z,Closed - Non-Criminal Case,45775.939583333333,NULL,2295 Dudley St
25001323,LARCENY - FROM BUILDING,2025-04-28T16:40:00Z,Closed - Inactive,45775.625,45775.666666666664,2200 Vine St
25001324,DISTURBANCE - DOMESTIC,2025-04-28T15:50:00Z,Closed - Non-Criminal Case,45444,45775.999305555553,3340 Starr St
25001319,LARCENY - STOLEN BIKE,2025-04-28T12:44:00Z,Closed - Inactive,45769.5625,45775.530555555553,560 Stadium Dr
25001315,FRAUD - CON GAMES/DECEPTION/FALSE    PRETENSE/OTHER,2025-04-28T03:30:00Z,Closed - Inactive,45775.145833333336,NULL,NA
LE25002,AUTO THEFT,2025-04-28T02:15:00Z,NA - Clery Report Only,45774.000694444447,45775.083333333336,On Campus Student Housing
25001310,ALCOHOL - MINOR IN POSSESSION,2025-04-27T01:23:00Z,Closed - Non-Criminal Case,45774.057638888888,NULL,440 N 17th St
25001309,NARCOTICS - POSSESSION,2025-04-27T00:48:00Z,Closed - Cleared by Arrest-Adult,45774.033333333333,NULL,440 N 17th St
25001304,ALCOHOL - MINOR IN POSSESSION,2025-04-26T22:35:00Z,Closed - Non-Criminal Case,45773.940972222219,NULL,1120 N 14th St
25001301,ACCIDENTS - P.D. H&R NOT REPORTABLE,2025-04-26T16:42:00Z,Closed - Inactive,45772.368055555555,45772.739583333336,300 N 17th St
25001299,ACCIDENTS - P.D. H&R NOT REPORTABLE,2025-04-26T15:33:00Z,Closed - Non-Criminal Case,45773.427083333336,45773.635416666664,1875 N 42nd St
25001295,SEX OFFENSE - RAPE,2025-04-26T12:12:00Z,Closed - Inactive,45758.958333333336,NULL,1150 N 14th St
25001288,TRAFFIC - SUSPENDED DRIVER,2025-04-26T01:14:00Z,Closed - Cleared by Arrest-Adult,45773.051388888889,NULL,Y ST & N 23RD ST
25001289,ALCOHOL - DWI,2025-04-26T01:12:00Z,Closed - Cleared by Arrest-Adult,45773.05,NULL,N 17TH ST & O ST
25001285,ACCIDENTS - P.D. H&R NOT REPORTABLE,2025-04-25T20:25:00Z,Closed - Non-Criminal Case,45772.020833333336,45772.729166666664,1111 N 14th St
25001271,NARCOTICS - POSSESSION,2025-04-25T00:46:00Z,Closed - Cleared by Arrest-Adult,45772.031944444447,NULL,N 16TH ST & W ST
25001273,ALCOHOL - DRUNK,2025-04-25T00:44:00Z,Closed - Non-Criminal Case,45772.030555555553,NULL,1515 R St
25001269,ALCOHOL - MINOR IN POSSESSION,2025-04-24T23:26:00Z,Closed - Cleared by Arrest-Adult,45771.976388888892,NULL,433 N 19th St
25001268,TRAFFIC - SUSPENDED DRIVER,2025-04-24T22:26:00Z,Closed - Cleared by Arrest-Adult,45771.93472222222,NULL,N 17TH ST & Y ST
25001248,TRAFFIC - SUSPENDED DRIVER,2025-04-22T23:06:00Z,Closed - Cleared by Arrest-Adult,45769.962500000001,NULL,N 14TH ST & P ST
25001246,TRAFFIC - SUSPENDED DRIVER,2025-04-22T22:30:00Z,Closed - Cleared by Arrest-Adult,45769.9375,NULL,N 10TH ST & CHARLESTON ST
25001247,ACCIDENTS - P.D. H&R NOT REPORTABLE,2025-04-22T22:25:00Z,Closed - Non-Criminal Case,45769.928472222222,NULL,STADIUM DR & T ST
25001244,TRESPASSING,2025-04-22T20:23:00Z,Closed - Non-Criminal Case,45769.849305555559,NULL,625 N 16th St
25001243,LARCENY - OTHER OR FROM OPEN AREA,2025-04-22T18:02:00Z,Closed - Inactive,45769.583333333336,45769.708333333336,1144 T St
25001240,DISTURBANCE - OTHER,2025-04-22T14:09:00Z,Closed - Non-Criminal Case,45769.5,45769.520833333336,3940 Fair St
OS25013,HAZING,2025-04-22T11:30:00Z,NA - Clery Report Only,45758.000694444447,45758.999305555553,On-Campus Student Housing
25001235,VANDALISM - OTHER,2025-04-22T08:22:00Z,Closed - Inactive,45741,45769.375,4075 East Campus Loop S
25001233,ALCOHOL - DWI,2025-04-22T00:29:00Z,Closed - Cleared by Arrest-Adult,45769.020138888889,NULL,HOLDREGE ST & HOLDREGE ST
25001232,FALSE INFORMATION - GIVEN TO OFC.,2025-04-21T21:56:00Z,Closed - Cleared by Arrest-Adult,45768.913888888892,NULL,N 27TH ST & W ST
25001230,DISTURBANCE - OTHER,2025-04-21T19:23:00Z,Closed - Non-Criminal Case,45573.333333333336,45768.807638888888,300 N 17th St
25001224,LARCENY - STOLEN BIKE,2025-04-20T23:30:00Z,Closed - Inactive,45765.9375,45767.895833333336,440 N 17th St
25001222,LARCENY - FROM BUILDING,2025-04-20T22:19:00Z,Closed - Cleared by Arrest-Adult,45766.652777777781,45766.895833333336,1880 Transformation Dr
25001220,DISTURBANCE - OTHER,2025-04-20T14:54:00Z,Closed - Cleared by Arrest-Adult,45767.618055555555,NULL,1400 R St
25001218,TRAFFIC - SUSPENDED DRIVER,2025-04-20T01:39:00Z,Closed - Cleared by Arrest-Adult,45767.068749999999,NULL,N 17TH ST & N ANTELOPE VALLEY PKWY
25001214,TRAFFIC - SUSPENDED DRIVER,2025-04-19T15:45:00Z,Closed - Cleared by Arrest-Adult,45766.65625,NULL,Q ST & N 17TH ST
25001210,DISTURBANCE - DOMESTIC,2025-04-19T01:54:00Z,Closed - Inactive,45766.07916666667,45766.095138888886,1220 N 14th St
25001209,ALCOHOL - DWI,2025-04-19T01:18:00Z,Closed - Cleared by Arrest-Adult,45766.054166666669,NULL,N 13TH ST & P ST
25001202,LARCENY - FROM BUILDING,2025-04-18T15:13:00Z,Closed - Inactive,45764.916666666664,45764.9375,1434 O St
25001198,ACCIDENTS - P.D. H&R NOT REPORTABLE,2025-04-18T14:19:00Z,Closed - Non-Criminal Case,45763.333333333336,45763.708333333336,1111 N 14th St
25001199,DISTURBANCE - OTHER,2025-04-18T13:55:00Z,Closed - Inactive,45765.520833333336,NULL,639 N 12th St
25001197,TELEPHONE - OTHER,2025-04-18T13:21:00Z,Closed - Non-Criminal Case,45764.816666666666,45765.526388888888,NA
25001196,ACCIDENTS - P.D. H&R NOT REPORTABLE,2025-04-18T11:44:00Z,Closed - Cleared by Arrest-Adult,45765.436111111114,NULL,606 Stadium Drive
25001191,TRESPASSING,2025-04-18T04:53:00Z,Closed - Non-Criminal Case,45765.203472222223,NULL,1600 Court St
25001188,ALCOHOL - MINOR IN POSSESSION,2025-04-17T23:40:00Z,Closed - Cleared by Arrest-Adult,45764.986111111109,NULL,N 14TH ST & Q ST
25001187,PARKING - OTHER,2025-04-17T23:04:00Z,Closed - Cleared by Arrest-Adult,45764.961111111108,45765.020833333336,530 N 17th St
25001184,OUTSIDE - O.P.S. OTHER,2025-04-17T20:06:00Z,Closed - Non-Criminal Case,45764.84097222222,45764.914583333331,801 G St
25001180,DISTURBANCE - OTHER,2025-04-17T17:53:00Z,Closed - Non-Criminal Case,45764.720833333333,NULL,1100 T St
25001237,OUTSIDE - O.P.S. OTHER,2025-04-17T17:11:00Z,Closed - Non-Criminal Case,45764.510416666664,NULL,2021 Transformation Dr
25001179,LARCENY - STOLEN BIKE,2025-04-17T15:55:00Z,Closed - Inactive,45764.347222222219,45764.652777777781,2222 Vine St
25001174,TRAFFIC - SUSPENDED DRIVER,2025-04-17T01:48:00Z,Closed - Cleared by Arrest-Adult,45764.074999999997,NULL,N 34TH ST & ORCHARD ST
25001173,ALCOHOL - DWI,2025-04-17T00:15:00Z,Closed - Cleared by Arrest-Adult,45764.010416666664,NULL,N 27TH ST & VINE ST
25001168,TRAFFIC - SUSPENDED DRIVER,2025-04-16T23:03:00Z,Closed - Cleared by Arrest-Adult,45763.960416666669,NULL,HUNTINGTON AVE & N 33RD ST
25001156,LARCENY - FROM BUILDING,2025-04-16T05:42:00Z,Closed - Non-Criminal Case,45763.234027777777,NULL,1600 Court St
25001153,DISTURBANCE - OTHER,2025-04-15T21:40:00Z,Closed - Non-Criminal Case,45762.902777777781,NULL,301 N 12th St
25001151,DISTURBANCE - OTHER,2025-04-15T18:53:00Z,Closed - Non-Criminal Case,45762.6875,45762.75,1400 R St
25001149,STALKING,2025-04-15T17:43:00Z,Closed - Cleared by Arrest-Adult,45750,45762.738194444442,1055 N 16th St
25001146,LARCENY - FROM BUILDING,2025-04-15T13:44:00Z,Closed - Inactive,45627.333333333336,45762.333333333336,501 Stadium Dr
25001142,NARCOTICS - POSSESSION,2025-04-15T00:07:00Z,Closed - Cleared by Arrest-Adult,45762.004861111112,NULL,CENTENNIAL MALL & O ST
25001138,ACCIDENTS - P.D. H&R NOT REPORTABLE,2025-04-14T19:27:00Z,Closed - Cleared by Arrest-Adult,45760.708333333336,45761.708333333336,1830 Vine St
25001136,ACCIDENTS - P.D. H&R NOT REPORTABLE,2025-04-14T18:17:00Z,Closed - Inactive,45761.479166666664,45761.708333333336,1875 N 42nd St
25001131,OUTSIDE - O.P.S. OTHER,2025-04-14T01:22:00Z,Closed - Cleared by Arrest-Adult,45761.056944444441,NULL,POTTER ST & N 29TH ST
25001130,DISTURBANCE - OTHER,2025-04-13T22:08:00Z,Closed - Non-Criminal Case,45760.922222222223,45760.922222222223,1400 R St
25001129,DISTURBANCE - OTHER,2025-04-13T21:55:00Z,Closed - Non-Criminal Case,45760.854166666664,NULL,433 N 19th St
25001121,NARCOTICS - POSSESSION,2025-04-12T22:27:00Z,Closed - Non-Criminal Case,45759.935416666667,NULL,1150 N 14th St
25001117,DISTURBANCE - OTHER,2025-04-12T19:14:00Z,Closed - Non-Criminal Case,45759.801388888889,NULL,440 N 17th St
25001116,VANDALISM - OTHER,2025-04-12T16:50:00Z,Closed - Inactive,45758.770833333336,45759.6875,N 17TH ST & VINE ST
25001114,DISTURBANCE - OTHER,2025-04-12T00:41:00Z,Closed - Non-Criminal Case,45759.02847222222,NULL,1150 N 14th St
25001113,NARCOTICS - POSSESSION,2025-04-12T00:04:00Z,Closed - Cleared by Arrest-Adult,45759.00277777778,NULL,1830 Vine St
25001112,TRAFFIC - SUSPENDED DRIVER,2025-04-12T00:03:00Z,Closed - Cleared by Arrest-Adult,45759.002083333333,NULL,1931 N AVP
25001102,DISTURBANCE - OTHER,2025-04-11T11:38:00Z,Closed - Inactive,45758.484722222223,NULL,N 16TH ST & W ST
LE25001,AUTO THEFT,2025-04-11T09:35:00Z,NA - Clery Report Only,45432.000694444447,45437.000694444447,Non-Campus
25001101,LARCENY - FROM BUILDING,2025-04-10T20:44:00Z,Closed - Inactive,45757.75,45757.863888888889,1300 R St
25001100,EXTORTION,2025-04-10T17:51:00Z,Closed - Inactive,45757.708333333336,45757.75,880 N 17th St
25001099,ACCIDENTS - P.D. H&R NOT REPORTABLE,2025-04-10T16:33:00Z,Closed - Non-Criminal Case,45757.681944444441,NULL,1130 N 14th St
25001092,DISTURBANCE - OTHER,2025-04-09T13:33:00Z,Closed - Non-Criminal Case,NULL,NULL,300 North 17th Street
25001076,ALCOHOL - MINOR IN POSSESSION,2025-04-08T02:59:00Z,Closed - Non-Criminal Case,45755.124305555553,NULL,1130 N 14th St
25001063,OUTSIDE - O.P.S. OTHER,2025-04-06T23:32:00Z,Closed - Non-Criminal Case,45753.980555555558,NULL,711 S 19th St
25001061,TRAFFIC - SUSPENDED DRIVER,2025-04-06T23:28:00Z,Closed - Cleared by Arrest-Adult,45753.977777777778,45753.977777777778,STARR ST & N 32ND ST
25001056,DISTURBANCE - OTHER,2025-04-06T11:00:00Z,Closed - Non-Criminal Case,45722,45753.458333333336,1248 R St
25001054,OUTSIDE - O.P.S. OTHER,2025-04-06T01:38:00Z,Closed - Cleared by Arrest-Adult,45753.068055555559,NULL,TORCHLIGHT LN & NW 3RD ST
25001045,TELEPHONE - OTHER,2025-04-05T00:28:00Z,Closed - Non-Criminal Case,45751.416666666664,45752,6040 S 78th St
25001043,ALCOHOL - MINOR IN POSSESSION,2025-04-04T21:51:00Z,Closed - Cleared by Arrest-Adult,45751.910416666666,NULL,1780 R St
25001041,NARCOTICS - POSSESSION,2025-04-04T20:10:00Z,Closed - Cleared by Arrest-Adult,45751.840277777781,NULL,800 Stadium Dr
25001039,DISTURBANCE - OTHER,2025-04-04T17:08:00Z,Closed - Non-Criminal Case,45748.705555555556,45751.578472222223,300 N 17th St
25001033,ACCIDENTS - P.D. H&R NOT REPORTABLE,2025-04-03T21:05:00Z,Closed - Inactive,45749.4375,45750.868055555555,1220 N 14th St
25001029,DISTURBANCE - OTHER,2025-04-03T12:34:00Z,Closed - Inactive,45749.785416666666,45750.291666666664,1875 N 42nd St
25001028,TRESPASSING,2025-04-03T12:23:00Z,Closed - Inactive,45750.515972222223,NULL,1400 R St
25001027,TRAFFIC - SUSPENDED DRIVER,2025-04-03T11:09:00Z,Closed - Cleared by Arrest-Adult,45750.464583333334,NULL,N 10TH ST & NEW HAMPSHIRE ST
25001025,TRESPASSING,2025-04-03T01:16:00Z,Closed - Cleared by Arrest-Adult,45750.052777777775,NULL,300 N 17th St
25001021,ALCOHOL - USING FALSE I.D.,2025-04-02T19:54:00Z,Closed - Cleared by Arrest-Adult,45749.82916666667,NULL,300 N 17th St
25001020,ACCIDENTS - P.D. H&R NOT REPORTABLE,2025-04-02T19:29:00Z,Closed - Non-Criminal Case,45724,45730.5,1830 Vine St
25001010,TELEPHONE - THREATENING CALLS,2025-04-02T12:04:00Z,Closed - Inactive,45746.740277777775,NULL,NA
OS25011,SEX OFFENSE - RAPE,2025-04-02T00:01:00Z,NA - Clery Report Only,45697.000694444447,45697.999305555553,On-Campus Housing
OS25012,SEX OFFENSE - MOLEST/FONDLING,2025-04-02T00:01:00Z,NA - Clery Report Only,45697.000694444447,45714.999305555553,On-Campus Housing
25001005,DISTURBANCE - OTHER,2025-04-01T17:38:00Z,Closed - Non-Criminal Case,45748.734722222223,NULL,1400 R St
25001004,ACCIDENTS - P.D. H&R REPORTABLE,2025-04-01T16:23:00Z,Closed - Non-Criminal Case,45747.291666666664,45747.583333333336,N 15TH ST & U ST
25001009,TRESPASSING,2025-04-01T15:43:00Z,Closed - Non-Criminal Case,NULL,NULL,1600 Court St
25001002,VANDALISM - OTHER,2025-04-01T12:35:00Z,Closed - Non-Criminal Case,45747.083333333336,NULL,3323 Starr St
25001003,OUTSIDE - O.P.S. OTHER,2025-04-01T08:00:00Z,Closed - Non-Criminal Case,NULL,NULL,NA
25000993,NARCOTICS - POSSESSION,2025-04-01T02:05:00Z,Closed - Cleared by Arrest-Adult,45748.086805555555,NULL,Antelope Valley Parkway & U St
25000992,ALCOHOL - USING FALSE I.D.,2025-04-01T00:16:00Z,Closed - Cleared by Arrest-Adult,45748.011111111111,NULL,841 N 14th St
25000991,SEX OFFENSE - INDECENT EXPOSURE,2025-04-01T00:00:00Z,Closed - Inactive,45748,NULL,405 University Terrace
25000984,ASSAULT - NON DOMESTIC,2025-03-31T17:55:00Z,Closed - Cleared by Arrest-Adult,45746.083333333336,45746.09375,855 N 16th St
25000969,NARCOTICS - POSSESSION,2025-03-30T00:25:00Z,Closed - Cleared by Arrest-Adult,45746.017361111109,NULL,1200 N. 10th St
25000963,DISTURBANCE - OTHER,2025-03-29T14:58:00Z,Closed - Inactive,45745.020833333336,45745.052083333336,433 N 19th St
25000957,EXTORTION,2025-03-28T22:08:00Z,Closed - Inactive,45744.883333333331,45744.922222222223,NA
25000953,SEX OFFENSE - INDECENT EXPOSURE,2025-03-28T14:21:00Z,Closed - Inactive,45744.569444444445,45744.590277777781,1619 R St
25000977,DISTURBANCE - OTHER,2025-03-28T14:19:00Z,Closed - Non-Criminal Case,45733.333333333336,45746.708333333336,1780 R St
25000946,ACCIDENTS - P.D. H&R NOT REPORTABLE,2025-03-28T07:56:00Z,Closed - Cleared by Arrest-Adult,45743.492361111108,NULL,745 N. 14th ST
25000942,TRAFFIC - OTHER,2025-03-28T00:38:00Z,Closed - Inactive,45744.026388888888,NULL,N 10TH ST & T ST
25000940,TRESPASSING,2025-03-27T23:54:00Z,Closed - Cleared by Arrest-Adult,45743.995833333334,NULL,844 N 16th St
25000936,OUTSIDE - O.P.S. OTHER,2025-03-27T17:54:00Z,Closed - Inactive,45743.745833333334,NULL,433 N 19th St
25000931,DISTURBANCE - OTHER,2025-03-27T14:00:00Z,Closed - Inactive,45743.363888888889,45743.5,600 N 15th St
25000928,DISTURBANCE - OTHER,2025-03-27T09:27:00Z,Closed - Non-Criminal Case,45743.013888888891,NULL,1801 R St
25000927,TRESPASSING,2025-03-27T01:19:00Z,Closed - Cleared by Arrest-Adult,45743.054861111108,NULL,300 N 17th St
25000912,TRAFFIC - SUSPENDED DRIVER,2025-03-26T01:27:00Z,Closed - Cleared by Arrest-Adult,45742.060416666667,NULL,STEWART ST & Y ST
25000902,DISTURBANCE - OTHER,2025-03-25T17:47:00Z,Closed - Non-Criminal Case,45741.729166666664,NULL,426 N 16th St
25000895,VANDALISM - OTHER,2025-03-25T10:23:00Z,Closed - Inactive,45723.708333333336,45732.375,1220 N 14th St
25000894,ACCIDENTS - P.D. H&R NOT REPORTABLE,2025-03-25T09:34:00Z,Closed - Inactive,45739.958333333336,45740.770833333336,1801 R St
25000885,TRAFFIC - SUSPENDED DRIVER,2025-03-25T00:58:00Z,Closed - Cleared by Arrest-Adult,45741.040277777778,NULL,ANTELOPE VALLEY PARKWAY & K ST
25000880,ACCIDENTS - P.D. H&R NOT REPORTABLE,2025-03-24T18:53:00Z,Closed - Non-Criminal Case,45739.458333333336,45740.666666666664,1140 N 14th St
25000876,LARCENY - FROM MOTOR VEHICLE,2025-03-24T07:48:00Z,Closed - Inactive,45739.908333333333,45740.324999999997,1420 Idylwild Dr
25000873,OUTSIDE - O.P.S. OTHER,2025-03-23T21:07:00Z,Closed - Non-Criminal Case,45739.879861111112,NULL,821 A St
25000870,ACCIDENTS - INJURY,2025-03-23T18:56:00Z,Closed - Non-Criminal Case,45734.833333333336,NULL,933 N 16th St
25000864,OUTSIDE - O.P.S. OTHER,2025-03-23T00:03:00Z,Closed - Inactive,45739.002083333333,NULL,N 27TH ST & KIMCO CT
25000863,NARCOTICS - POSSESSION,2025-03-22T22:24:00Z,Closed - Cleared by Arrest-Adult,45738.933333333334,NULL,N 10TH ST & T ST
25000855,TRESPASSING,2025-03-22T02:52:00Z,Closed - Non-Criminal Case,45738.119444444441,NULL,300 N 17th St
25000849,VANDALISM - OTHER,2025-03-21T15:25:00Z,Closed - Inactive,45728.458333333336,45728.6875,707 Stadium Dr
25000842,ALCOHOL - DRUNK,2025-03-21T01:01:00Z,Closed - Non-Criminal Case,45737.054861111108,NULL,303 N 17th St
25000839,DISTURBANCE - OTHER,2025-03-20T19:50:00Z,Closed - Non-Criminal Case,45736.5,45736.625,733 N 17th St
25000837,ACCIDENTS - P.D. H&R NOT REPORTABLE,2025-03-20T11:54:00Z,Closed - Inactive,NULL,NULL,1220 N 14th Street
25000835,TRESPASSING,2025-03-20T08:14:00Z,Closed - Cleared by Arrest-Adult,45734.781944444447,45736.21597222222,512 N 12th St
25000814,DISTURBANCE - OTHER,2025-03-18T11:09:00Z,Closed - Non-Criminal Case,45724.791666666664,45724.875,1600 Court St
25000811,NARCOTICS - POSSESSION,2025-03-18T01:34:00Z,Closed - Cleared by Arrest-Adult,45734.06527777778,NULL,R ST & N 14TH ST
25000796,TRAFFIC - OTHER,2025-03-16T01:56:00Z,Closed - Inactive,45732.080555555556,NULL,N 17TH ST & P ST
25000793,NARCOTICS - POSSESSION,2025-03-15T19:40:00Z,Closed - Cleared by Arrest-Adult,45731.819444444445,NULL,N 27TH ST & VINE ST
25000790,LARCENY - FROM MOTOR VEHICLE,2025-03-15T13:03:00Z,Closed - Inactive,45731.090277777781,45731.097222222219,3455 Holdrege St
25000770,ALCOHOL - MINOR IN POSSESSION,2025-03-14T00:37:00Z,Closed - Non-Criminal Case,45730.025694444441,NULL,880 N 17th St
25000765,VANDALISM - OTHER,2025-03-13T19:58:00Z,Closed - Inactive,45728.833333333336,45729.5,1150 N 14th St
25000758,WEAPONS – OTHER,2025-03-12T23:01:00Z,Closed - Unfounded,45728.959027777775,NULL,844 N 16th St
25000756,"MISSING PERSON - JUVENILE,(INCLUDES RUNAWAY)",2025-03-12T21:44:00Z,Closed - Non-Criminal Case,45728.881944444445,45728.885416666664,1600 Court St
25000750,ACCIDENTS - P.D. H&R NOT REPORTABLE,2025-03-12T14:05:00Z,Closed - Inactive,45727.427083333336,45727.597222222219,300 N 17th St
25000749,ACCIDENTS - P.D. H&R NOT REPORTABLE,2025-03-12T13:52:00Z,Closed - Inactive,45724.999305555553,45728.577777777777,615 North 19th Street
25000751,LARCENY - OTHER OR FROM OPEN AREA,2025-03-12T13:49:00Z,Closed - Inactive,45728.055555555555,NULL,EAST CAMPUS MALL & CENTER DR
OS25005,STALKING,2025-03-12T00:01:00Z,NA - Clery Report Only,45530,45727,On Campus
OS25006,STALKING,2025-03-12T00:01:00Z,NA - Clery Report Only,45530,45727,On Campus
OS25007,STALKING,2025-03-12T00:01:00Z,NA - Clery Report Only,45528,45727,On Campus
OS25008,SEX OFFENSE - MOLEST/FONDLING,2025-03-12T00:01:00Z,NA - Clery Report Only,45292,45657,On Campus
25000741,FIRE (WORKING) - NO ALARM,2025-03-11T22:59:00Z,Closed - Inactive,45727.957638888889,NULL,942 N 22nd St
25000736,DISTURBANCE - OTHER,2025-03-11T17:44:00Z,Closed - Non-Criminal Case,45727.738888888889,NULL,480 N 16th St
25000734,DISTURBANCE - OTHER,2025-03-11T16:17:00Z,Closed - Inactive,45727.678472222222,NULL,501 N 14th St
OS25004,STALKING,2025-03-11T16:17:00Z,NA - Clery Report Only,45139,45313,On Campus
25000732,VANDALISM - OTHER,2025-03-11T12:18:00Z,Closed - Inactive,45720.458333333336,45727.5,6900 W Superior St
25000728,LARCENY - STOLEN BIKE,2025-03-11T10:17:00Z,Closed - Inactive,45699.333333333336,45727.428472222222,1801 R St
25000723,NARCOTICS - POSSESSION,2025-03-10T23:47:00Z,Closed - Cleared by Arrest-Adult,45726.990972222222,NULL,14th St & P St
25000708,TRESPASSING,2025-03-10T00:43:00Z,Closed - Non-Criminal Case,45726.029861111114,NULL,300 N 17th St
25000706,ALCOHOL - USING FALSE I.D.,2025-03-09T21:30:00Z,Closed - Cleared by Arrest-Adult,45725.895833333336,NULL,1248 R St
25000702,DISTURBANCE - OTHER,2025-03-09T16:38:00Z,Closed - Non-Criminal Case,45725.693055555559,45725.693055555559,300 N 17th St
25000696,ALCOHOL - MINOR IN POSSESSION,2025-03-09T01:57:00Z,Closed - Non-Criminal Case,45725.081250000003,NULL,1150 N 14th St
25000691,TRAFFIC - SUSPENDED DRIVER,2025-03-08T22:49:00Z,Closed - Cleared by Arrest-Adult,45724.950694444444,NULL,N 27TH ST & W ST
25000688,TRESPASSING,2025-03-08T18:44:00Z,Closed - Non-Criminal Case,45724.780555555553,45724.792361111111,1248 R St
25000682,ALCOHOL - MINOR IN POSSESSION,2025-03-08T02:39:00Z,Closed - Non-Criminal Case,45724.11041666667,NULL,880 N 17th St
25000680,DISTURBANCE - OTHER,2025-03-08T00:19:00Z,Closed - Non-Criminal Case,45724.013194444444,NULL,820 N 17th St
25000676,DISTURBANCE - DOMESTIC,2025-03-07T15:02:00Z,Closed - Inactive,45723.626388888886,NULL,300 N 17th St
25000671,TRESPASSING,2025-03-07T13:42:00Z,Closed - Non-Criminal Case,45723.570833333331,NULL,313 N 13th St
25000670,DISTURBANCE - OTHER,2025-03-07T08:37:00Z,Closed - Cleared by Arrest-Adult,45723.354166666664,45723.359027777777,1400 R St
25000669,TRAFFIC - SUSPENDED DRIVER,2025-03-07T08:31:00Z,Closed - Cleared by Arrest-Adult,45723.354861111111,NULL,VINE ST & N 31ST ST
25000665,DISTURBANCE - OTHER,2025-03-07T03:42:00Z,Closed - Non-Criminal Case,45722.947916666664,NULL,NA
25000662,TRAFFIC - OTHER,2025-03-06T21:57:00Z,Closed - Inactive,45722.914583333331,NULL,KIMCO CT
25000660,ACCIDENTS - P.D. H&R NOT REPORTABLE,2025-03-06T12:47:00Z,Closed - Non-Criminal Case,45722.446527777778,45722.451388888891,1111 N 14th St
25000655,DISTURBANCE - OTHER,2025-03-06T07:21:00Z,Closed - Inactive,45722.291666666664,45722.302083333336,200 Centennial Mall N
25000627,ACCIDENTS - P.D. H&R NOT REPORTABLE,2025-03-04T17:11:00Z,Closed - Inactive,45716.729166666664,45720.708333333336,1801 R St
25000626,DISTURBANCE - OTHER,2025-03-04T17:04:00Z,Closed - Non-Criminal Case,45720.4375,45720.447916666664,660 N 12th St
25000625,FRAUD - CREDIT CARDS/ATM/BANK CARD,2025-03-04T16:46:00Z,Closed - Non-Criminal Case,45645,45719.445833333331,880 N 17th St
25000621,TRAFFIC - SUSPENDED DRIVER,2025-03-03T22:57:00Z,Closed - Cleared by Arrest-Adult,45719.956250000003,NULL,HOLDREGE ST & N 33RD ST
25000620,ACCIDENTS - P.D. H&R NOT REPORTABLE,2025-03-03T20:15:00Z,Closed - Inactive,45719.84375,45719.84375,501 Stadium Dr
25000616,ACCIDENTS - P.D. H&R NOT REPORTABLE,2025-03-03T10:47:00Z,Closed - Non-Criminal Case,45716.375,45716.458333333336,1111 N 14th St
25000615,ACCIDENTS - P.D. H&R NOT REPORTABLE,2025-03-03T09:34:00Z,Closed - Inactive,45711.5,45718.520833333336,1801 R St
25000613,LARCENY - STOLEN BIKE,2025-03-02T20:12:00Z,Closed - Inactive,45716.409722222219,45716.625,1875 N 38th St
25000612,DISTURBANCE - DOMESTIC,2025-03-02T16:12:00Z,Closed - Cleared by Arrest-Adult,45718.666666666664,NULL,1055 N 16th St
25000607,ALCOHOL - MINOR IN POSSESSION,2025-03-02T01:19:00Z,Closed - Cleared by Arrest-Adult,45718.054861111108,NULL,N ANTELOPE VALLEY PKWY & P ST
25000606,TRAFFIC - OTHER,2025-03-01T23:43:00Z,Closed - Inactive,45717.988194444442,NULL,N 23RD ST & VINE ST
25000596,TRESPASSING,2025-03-01T12:41:00Z,Closed - Cleared by Arrest-Adult,45717.5,45717.543749999997,1400 R St
25000594,ALCOHOL - MINOR IN POSSESSION,2025-03-01T00:50:00Z,Closed - Cleared by Arrest-Adult,45717.034722222219,NULL,820 N 17th St
25000592,ALCOHOL - DRUNK,2025-03-01T00:11:00Z,Closed - Non-Criminal Case,45717.007638888892,NULL,N 17TH ST & R ST
25000587,FIRE - FALSE ALARM,2025-02-28T17:27:00Z,Closed - Non-Criminal Case,45716.727083333331,NULL,2225 W St
25000580,ACCIDENTS - P.D. H&R NOT REPORTABLE,2025-02-28T15:06:00Z,Closed - Inactive,45714.647916666669,45716.590277777781,1111 N 14th St
OS25002,STALKING,2025-02-28T09:00:00Z,NA - Clery Report Only,45505,45716,On Campus
25000565,ACCIDENTS - P.D. H&R NOT REPORTABLE,2025-02-27T16:10:00Z,Closed - Inactive,45715.572222222225,45715.574999999997,1111 N 14th St
25000554,TRAFFIC - OTHER,2025-02-27T00:23:00Z,Closed - Inactive,45715.015972222223,NULL,N 26TH ST & VINE ST
25000578,DISTURBANCE - OTHER,2025-02-26T14:16:00Z,Closed - Non-Criminal Case,45714,NULL,1400 R St
25000535,ACCIDENTS - P.D. H&R NOT REPORTABLE,2025-02-25T12:25:00Z,Closed - Non-Criminal Case,45713.4375,45713.510416666664,745 N 14th St UNL Lot 21
25000526,ACCIDENTS - P.D. H&R NOT REPORTABLE,2025-02-24T12:05:00Z,Closed - Non-Criminal Case,45711.833333333336,45711.927083333336,1801 R St
25000528,DISTURBANCE - OTHER,2025-02-24T11:44:00Z,Closed - Non-Criminal Case,NULL,NULL,NA
25000520,TRESPASSING,2025-02-23T21:50:00Z,Closed - Non-Criminal Case,45711.416666666664,45711.541666666664,1130 N 14th St
25000527,ACCIDENTS - P.D. H&R NOT REPORTABLE,2025-02-23T19:44:00Z,Closed - Non-Criminal Case,45711.751388888886,NULL,1801 R St
25000518,ACCIDENTS - P.D. H&R NOT REPORTABLE,2025-02-23T18:56:00Z,Closed - Non-Criminal Case,45711.666666666664,45711.729166666664,300 N 17th St
25000511,DISTURBANCE - OTHER,2025-02-23T02:08:00Z,Closed - Inactive,45711.088888888888,NULL,1120 N 14th St
25000512,DISTURBANCE - OTHER,2025-02-23T01:43:00Z,Closed - Inactive,45711.071527777778,45711.071527777778,NA
25000510,ALCOHOL - MINOR IN POSSESSION,2025-02-23T00:07:00Z,Closed - Non-Criminal Case,45711.004861111112,45711.018750000003,880 N 17th St
25000500,NARCOTICS - POSSESSION,2025-02-22T01:02:00Z,Closed - Cleared by Arrest-Adult,45710.043055555558,NULL,1150 N 14th St
25000489,DISTURBANCE - OTHER,2025-02-21T11:59:00Z,Closed - Inactive,45698.579861111109,45707.125,1700 Vine St
25000484,TRESPASSING,2025-02-20T23:35:00Z,Closed - Non-Criminal Case,45708.982638888891,NULL,1400 R St
25000481,LARCENY - FROM MOTOR VEHICLE,2025-02-20T19:31:00Z,Closed - Inactive,45707.78125,45708.375,1420 Idylwild Dr
OS25010,SEX OFFENSE - MOLEST/FONDLING,2025-02-20T00:01:00Z,NA - Clery Report Only,41275,NULL,On Campus Housing
25000461,ACCIDENTS - P.D. H&R NOT REPORTABLE,2025-02-19T15:56:00Z,Closed - Non-Criminal Case,45598.520833333336,NULL,1111 N 14th St
OS25009,STALKING,2025-02-19T13:23:00Z,NA - Clery Report Only,45658,45702,On Campus
25000446,VANDALISM - OTHER,2025-02-18T00:08:00Z,Closed - Inactive,45706.979166666664,NULL,820 N 17th St
25000444,TRESPASSING,2025-02-17T20:57:00Z,Closed - Inactive,45705.864583333336,NULL,480 N 16th St
25000440,DISTURBANCE - OTHER,2025-02-17T16:32:00Z,Closed - Non-Criminal Case,45703.916666666664,45703.958333333336,1710 Arbor Dr
25000432,TRAFFIC - OTHER,2025-02-16T12:07:00Z,Closed - Cleared by Arrest-Adult,45704.504861111112,NULL,N 17TH ST & A ST
25000433,OUTSIDE - O.P.S. OTHER,2025-02-16T12:07:00Z,Closed - Cleared by Arrest-Adult,45704.504861111112,NULL,N 13TH ST & E ST
25000430,DISTURBANCE - OTHER,2025-02-16T01:42:00Z,Closed - Non-Criminal Case,45703,45704.029166666667,433 N 19th St
25000421,TRAFFIC - SUSPENDED DRIVER,2025-02-15T01:12:00Z,Closed - Cleared by Arrest-Adult,45703.05,NULL,N 27TH ST & Y ST
25000420,ALCOHOL - UNL POLICY VIOLATION,2025-02-14T23:24:00Z,Closed - Non-Criminal Case,45702.974999999999,NULL,880 N 17th St
25000418,FIRE - FALSE ALARM,2025-02-14T21:55:00Z,Closed - Non-Criminal Case,45702.913194444445,NULL,1545 S St
25000411,ALCOHOL - MINOR IN POSSESSION,2025-02-13T22:59:00Z,Closed - Non-Criminal Case,45701.957638888889,NULL,1780 R St
25000404,ACCIDENTS - P.D. H&R NOT REPORTABLE,2025-02-13T16:52:00Z,Closed - Non-Criminal Case,45699.524305555555,45701.625,300 N 17th St
25000401,BURGLARY,2025-02-13T00:00:00Z,Closed - Cleared by Arrest-Adult,45701.247916666667,NULL,1248 R St
25000397,ALCOHOL - MINOR IN POSSESSION,2025-02-12T02:13:00Z,Closed - Cleared by Arrest-Adult,45700.092361111114,NULL,1780 R St
25000396,ALCOHOL - UNL POLICY VIOLATION,2025-02-12T02:01:00Z,Closed - Non-Criminal Case,45700.084027777775,NULL,1150 N 14th St
25000392,TRESPASSING,2025-02-11T20:39:00Z,Closed - Non-Criminal Case,45699.86041666667,NULL,300 N 17th St
25000384,TRESPASSING,2025-02-11T02:15:00Z,Closed - Non-Criminal Case,45699.09375,NULL,820 N 17th St
25000383,DISTURBANCE - OTHER,2025-02-10T21:43:00Z,Closed - Non-Criminal Case,45695.729166666664,45695.833333333336,1780 R St
OS25001,DISTURBANCE - OTHER,2025-02-10T16:18:00Z,NA - Clery Report Only,45686,NULL,Sandoz Hall
25000370,LARCENY - FROM BUILDING,2025-02-09T13:00:00Z,Closed - Inactive,45695.916666666664,45696.95,440 N 17th St
25000368,ALCOHOL - DWI,2025-02-09T01:33:00Z,Closed - Cleared by Arrest-Adult,45697.063888888886,45697.137499999997,N 14TH ST & R ST
25000366,ALCOHOL - MINOR IN POSSESSION,2025-02-09T00:28:00Z,Closed - Non-Criminal Case,45697.019444444442,NULL,1780 R St
25000362,ACCIDENTS - P.D. H&R NOT REPORTABLE,2025-02-08T20:09:00Z,Closed - Non-Criminal Case,45693,45695.708333333336,1801 R St
25000359,DISTURBANCE - OTHER,2025-02-08T13:28:00Z,Closed - Non-Criminal Case,45696.458333333336,45696.513888888891,841 N 14th St
25000358,ALCOHOL - USING FALSE I.D.,2025-02-08T12:42:00Z,Closed - Cleared by Arrest-Adult,45696.529166666667,NULL,300 N 17th St
25000354,TRAFFIC - OTHER,2025-02-08T00:55:00Z,Closed - Inactive,45696.038194444445,NULL,N 17TH ST & P ST
25000353,ALCOHOL - MINOR IN POSSESSION,2025-02-08T00:13:00Z,Closed - Non-Criminal Case,45696.009027777778,NULL,820 N 17th St
25000352,ALCOHOL - USING FALSE I.D.,2025-02-07T23:46:00Z,Closed - Cleared by Arrest-Adult,45695.990277777775,NULL,1400 R St
25000350,DISTURBANCE - OTHER,2025-02-07T21:09:00Z,Closed - Non-Criminal Case,45695.881249999999,NULL,1400 R St
25000345,FRAUD - IMPERSONATION,2025-02-07T14:27:00Z,Closed - Non-Criminal Case,45694.489583333336,NULL,300 N 17th St
25000342,DISTURBANCE - DOMESTIC,2025-02-07T13:44:00Z,Closed - Non-Criminal Case,45660.000694444447,45688.909722222219,820 N 17th St
25000337,NARCOTICS - POSSESSION,2025-02-07T01:29:00Z,Closed - Cleared by Arrest-Adult,45695.061805555553,NULL,N 17TH ST & R ST
25000336,EXTORTION,2025-02-06T20:01:00Z,Closed - Inactive,45694.791666666664,45694.8125,880 N 17th St
25000335,EXTORTION,2025-02-06T19:13:00Z,Closed - Inactive,45694.800694444442,NULL,1055 N 16th St
25000325,DISTURBANCE - OTHER,2025-02-05T18:55:00Z,Closed - Non-Criminal Case,45693.788194444445,NULL,841 N 14th St
25000309,DISTURBANCE - OTHER,2025-02-04T09:38:00Z,Closed - Inactive,45574.333333333336,NULL,433 V St
25000306,TRESPASSING,2025-02-04T02:14:00Z,Closed - Non-Criminal Case,45692.093055555553,NULL,1248 R St
25000305,TRESPASSING,2025-02-03T23:28:00Z,Closed - Cleared by Arrest-Adult,45691.977777777778,NULL,1248 R St
25000377,OUTSIDE - O.P.S. OTHER,2025-02-03T16:45:00Z,Closed - Non-Criminal Case,45690.916666666664,NULL,NA
25000298,TRAFFIC - OTHER,2025-02-03T01:56:00Z,Closed - Inactive,45691.080555555556,NULL,N 17TH ST & R ST
25000294,TELEPHONE - THREATENING CALLS,2025-02-02T18:21:00Z,Closed - Inactive,45690.583333333336,45690.76458333333,300 N 17th St
25000287,NARCOTICS - POSSESSION,2025-02-01T22:10:00Z,Closed - Cleared by Arrest-Juvenile,45689.923611111109,NULL,ANTELOPE VALLEY PARKWAY & S ST
25000285,DISTURBANCE - OTHER,2025-02-01T14:16:00Z,Closed - Non-Criminal Case,45505.594444444447,45688.594444444447,1880 Transformation Dr
25000283,ALCOHOL - DRUNK,2025-02-01T03:48:00Z,Closed - Non-Criminal Case,45689.158333333333,NULL,880 N 17th St
25000276,SUSPICIOUS PERSON,2025-01-31T22:28:00Z,Closed - Inactive,45688.892361111109,NULL,2511 Kimco Ct
25000275,VANDALISM - OTHER,2025-01-31T20:49:00Z,Closed - Inactive,NULL,NULL,1430 Vine St
25000267,DISTURBANCE - OTHER,2025-01-31T01:53:00Z,Closed - Non-Criminal Case,45688.078472222223,NULL,635 N 16th St
25000265,ALCOHOL - DRUNK,2025-01-30T23:38:00Z,Closed - Non-Criminal Case,45687.984722222223,NULL,433 N 19th St
25000260,ACCIDENTS - P.D. H&R NOT REPORTABLE,2025-01-30T16:27:00Z,Closed - Non-Criminal Case,45687.664583333331,NULL,4000 East Campus Loop
25000259,DISTURBANCE - OTHER,2025-01-30T12:01:00Z,Closed - Inactive,45687.490972222222,45687.500694444447,1400 R St
25000254,ALCOHOL - MINOR IN POSSESSION,2025-01-30T04:49:00Z,Closed - Cleared by Arrest-Adult,45687.200694444444,NULL,880 N 17th St
OS25003,STALKING,2025-01-29T13:35:00Z,NA - Clery Report Only,45320,45686,On Campus
25000241,ACCIDENTS - P.D. H&R NOT REPORTABLE,2025-01-29T12:32:00Z,Closed - Inactive,45686.395833333336,45686.493055555555,3940 Fair St
25000235,LARCENY - FROM BUILDING,2025-01-29T11:09:00Z,Closed - Non-Criminal Case,45686.464583333334,45686.464583333334,1433 R St
25000230,ACCIDENTS - P.D. H&R NOT REPORTABLE,2025-01-28T20:36:00Z,Closed - Inactive,45685.854166666664,NULL,1717 N 35th St
25000236,OUTSIDE - O.P.S. OTHER,2025-01-28T15:00:00Z,Closed - Non-Criminal Case,NULL,NULL,NA
25000225,DISTURBANCE - OTHER,2025-01-28T11:24:00Z,Closed - Inactive,NULL,NULL,841 N 14th St
25000200,OUTSIDE - O.P.S. OTHER,2025-01-26T23:34:00Z,Closed - Non-Criminal Case,45683.981944444444,NULL,N 27TH ST & Y ST
25000204,TRESPASSING,2025-01-26T02:15:00Z,Closed - Non-Criminal Case,45683.09375,NULL,625 N 16th St
25000202,ALCOHOL - MINOR IN POSSESSION,2025-01-26T00:38:00Z,Closed - Non-Criminal Case,45683.026388888888,NULL,880 N 17th St
25000203,ALCOHOL - DWI,2025-01-26T00:28:00Z,Closed - Cleared by Arrest-Adult,45683.019444444442,NULL,615 N 19th
25000196,TRESPASSING,2025-01-25T09:22:00Z,Closed - Inactive,45682.390277777777,NULL,1875 N 42nd St
25000193,DISTURBANCE - OTHER,2025-01-25T02:32:00Z,Closed - Non-Criminal Case,45682.09375,NULL,635 N 16th St
25000190,TRAFFIC - SUSPENDED DRIVER,2025-01-24T23:11:00Z,Closed - Cleared by Arrest-Adult,45681.96597222222,NULL,ANTELOPE VALLEY PARKWAY & TRANSFORMATION DR
25000175,VANDALISM - OTHER,2025-01-24T00:21:00Z,Closed - Non-Criminal Case,NULL,NULL,730 N 14th St
25000173,OUTSIDE - O.P.S. OTHER,2025-01-24T00:02:00Z,Closed - Non-Criminal Case,NULL,NULL,925 Q St
25000172,OUTSIDE - O.P.S. OTHER,2025-01-23T22:12:00Z,Closed - Non-Criminal Case,45680.925000000003,NULL,880 N 17th St
25000166,TRESPASSING,2025-01-23T11:59:00Z,Closed - Non-Criminal Case,45680.499305555553,NULL,1870 N 37th St
25000165,TELEPHONE - OBSCENE CALLS,2025-01-23T10:33:00Z,Closed - Inactive,45680.402777777781,NULL,1248 R St
25000150,ACCIDENTS - P.D. H&R NOT REPORTABLE,2025-01-22T18:33:00Z,Closed - Cleared by Arrest-Adult,45678.378472222219,45678.479166666664,1111 N 14th St
25000151,VANDALISM - OTHER,2025-01-22T16:44:00Z,Closed - Cleared by Arrest-Adult,45679.225694444445,NULL,1111 N 14th St
25000140,ACCIDENTS - P.D. H&R NOT REPORTABLE,2025-01-21T17:16:00Z,Closed - Inactive,45678.3125,45678.697916666664,745 N 14th St
25000139,ACCIDENTS - P.D. H&R NOT REPORTABLE,2025-01-21T15:52:00Z,Closed - Non-Criminal Case,45678.229166666664,45678.65625,1101 Salt Creek Rdwy
25000138,ACCIDENTS - P.D. H&R NOT REPORTABLE,2025-01-21T14:27:00Z,Closed - Non-Criminal Case,45678.521527777775,NULL,1335 U St
25000126,ACCIDENTS - P.D. H&R REPORTABLE,2025-01-20T16:17:00Z,Closed - Non-Criminal Case,45627,45645.999305555553,1531 S St
25000114,ALCOHOL - USING FALSE I.D.,2025-01-18T19:32:00Z,Closed - Cleared by Arrest-Adult,45675.813888888886,NULL,820 N 17th St
25000111,ALCOHOL - MINOR IN POSSESSION,2025-01-18T01:09:00Z,Closed - Non-Criminal Case,45675.04791666667,NULL,880 N 17th St
25000106,TRESPASSING,2025-01-17T17:32:00Z,Closed - Non-Criminal Case,45674.730555555558,NULL,1400 R St
25000105,TRESPASSING,2025-01-17T16:12:00Z,Closed - Non-Criminal Case,45674.675000000003,NULL,1150 N 14th St
25000103,ACCIDENTS - P.D. H&R NOT REPORTABLE,2025-01-17T15:52:00Z,Closed - Non-Criminal Case,45670.333333333336,45671.53125,1111 Salt Creek Rdwy
25000097,NARCOTICS - POSSESSION,2025-01-16T00:14:00Z,Closed - Non-Criminal Case,45673.009722222225,NULL,N 10TH ST & CHARLESTON ST
25000095,TRAFFIC - SUSPENDED DRIVER,2025-01-15T22:06:00Z,Closed - Cleared by Arrest-Adult,45672.92083333333,NULL,N 16TH ST & O ST
25000089,ALCOHOL - MINOR IN POSSESSION,2025-01-14T23:32:00Z,Closed - Non-Criminal Case,45671.980555555558,NULL,880 N 17th St
25000086,ACCIDENTS - P.D. H&R NOT REPORTABLE,2025-01-14T18:33:00Z,Closed - Cleared by Arrest-Juvenile,45671.322916666664,45671.375,4000 East Campus Loop S
25000085,TRESPASSING,2025-01-14T16:22:00Z,Closed - Cleared by Arrest-Adult,45671.681944444441,NULL,1248 R St
25000083,DISTURBANCE - OTHER,2025-01-14T14:59:00Z,Closed - Inactive,44531,45646.999305555553,1875 N 42nd St
25000074,ASSAULT - NON DOMESTIC,2025-01-11T22:06:00Z,Closed - Inactive,45668.898611111108,NULL,433 V St
25000062,LARCENY - FROM BUILDING,2025-01-09T16:12:00Z,Closed - Inactive,45661.708333333336,45663.708333333336,1880 Transformation Dr
25000056,LARCENY - STOLEN BIKE,2025-01-08T20:55:00Z,Closed - Inactive,45646.847222222219,45665.847222222219,1830 Vine St
25000045,VANDALISM - OTHER,2025-01-07T08:58:00Z,Closed - Inactive,45649.333333333336,45663.333333333336,1650 N 35th St
25000035,TRESPASSING,2025-01-05T23:42:00Z,Closed - Non-Criminal Case,45662.987500000003,NULL,1111 N 14th St
25000213,DISTURBANCE - OTHER,2025-01-03T12:00:00Z,Closed - Inactive,45659.333333333336,NULL,3835 Holdrege St
25000019,NARCOTICS - SALE/DELIVER,2025-01-02T22:18:00Z,Closed - Cleared by Arrest-Adult,45659.929166666669,NULL,N 17TH ST & P ST
25000018,LARCENY - STOLEN BIKE,2025-01-02T18:46:00Z,Closed - Inactive,45659.375,45659.770833333336,3940 Fair St
25000016,TRAFFIC - SUSPENDED DRIVER,2025-01-02T18:09:00Z,Closed - Cleared by Arrest-Adult,45659.740277777775,NULL,Q ST & N 17TH ST
25000013,TRESPASSING,2025-01-02T16:40:00Z,Closed - Non-Criminal Case,45659.694444444445,NULL,880 N 17th St
25000012,ACCIDENTS - INJURY,2025-01-02T15:06:00Z,Closed - Non-Criminal Case,45659.604166666664,45659.611111111109,33RD ST & HUNTINGTON AVE
25000011,LARCENY - FROM MOTOR VEHICLE,2025-01-02T10:16:00Z,Closed - Inactive,45630,45646.875,1531 S St
25000006,ALCOHOL - DWI,2025-01-01T22:07:00Z,Closed - Cleared by Arrest-Adult,45658.921527777777,NULL,N 40TH ST & HOLDREGE ST
25000007,ACCIDENTS - P.D. REPORTABLE,2025-01-01T22:07:00Z,Closed - Non-Criminal Case,45658.921527777777,NULL,HOLDREGE ST & DAIRY STORE DRIVE
25000008,TRAFFIC - OTHER,2025-01-01T22:04:00Z,Closed - Inactive,45658.918749999997,45658.970138888886,W ST & N 22ND ST
25000003,TRESPASSING,2025-01-01T16:58:00Z,Closed - Non-Criminal Case,45658.706944444442,NULL,1433 W St
25000002,FALSE INFORMATION - GIVEN TO OFC.,2025-01-01T05:48:00Z,Closed - Cleared by Arrest-Adult,45658.241666666669,NULL,ANTELOPE VALLEY PARKWAY & N 17TH ST
24004091,TRESPASSING,2024-12-31T20:27:00Z,Closed - Inactive,45657.852083333331,NULL,1880 Transformation Dr
24004076,VANDALISM - OTHER,2024-12-30T01:08:00Z,Closed - Inactive,45654.782638888886,45654.800694444442,1433 W St
24004081,DISTURBANCE - OTHER,2024-12-29T15:25:00Z,Closed - Inactive,45655.601388888892,45655.604166666664,STADIUM DR
24004067,DISTURBANCE - OTHER,2024-12-26T14:21:00Z,Closed - Non-Criminal Case,45649.90625,NULL,3323 Starr St
24004063,TRESPASSING,2024-12-26T07:42:00Z,Closed - Inactive,45651.035416666666,45652.320833333331,820 N 17th St
24004057,SUSPICIOUS PERSON,2024-12-24T23:59:00Z,Closed - Inactive,45649.999305555553,45650.083333333336,N 23RD ST & W ST
24004062,TRESPASSING,2024-12-24T16:16:00Z,Closed - Cleared by Arrest-Adult,45650.677777777775,NULL,1248 R St
24004053,OUTSIDE - O.P.S. OTHER,2024-12-23T17:52:00Z,Closed - Non-Criminal Case,45649.744444444441,NULL,1111 Q St.
24004042,VANDALISM - OTHER,2024-12-22T11:23:00Z,Closed - Inactive,NULL,NULL,8301 Havelock Ave
24004040,TRAFFIC - SUSPENDED DRIVER,2024-12-21T23:38:00Z,Closed - Cleared by Arrest-Adult,45647.984722222223,NULL,P ST & N 16TH ST
24004039,ALCOHOL - OPEN CONTAINER,2024-12-21T22:45:00Z,Closed - Cleared by Arrest-Adult,45647.947916666664,NULL,N 17TH ST & Q ST
24004038,SUSPICIOUS PERSON,2024-12-21T16:25:00Z,Closed - Inactive,45647.684027777781,NULL,ADAMS ST & N 112TH ST
24004037,ACCIDENTS - P.D. H&R NOT REPORTABLE,2024-12-21T15:06:00Z,Closed - Non-Criminal Case,45646.5,45647.645833333336,451 N 12th St
24004030,FRAUD - CREDIT CARDS/ATM/BANK CARD,2024-12-20T17:18:00Z,Closed - Non-Criminal Case,45616.286111111112,45646.324999999997,300 N 17th St
24004026,NARCOTICS - POSSESSION,2024-12-20T07:48:00Z,Closed - Cleared by Arrest-Adult,45646.324999999997,NULL,1217 Q Street
24004025,NARCOTICS - POSSESSION,2024-12-20T05:07:00Z,Closed - Cleared by Arrest-Adult,45646.213194444441,NULL,1780 R St
24004008,TRESPASSING,2024-12-18T20:10:00Z,Closed - Non-Criminal Case,45644.840277777781,NULL,1400 R St
24004005,LARCENY - FROM MOTOR VEHICLE,2024-12-18T17:03:00Z,Closed - Inactive,45643.833333333336,45644.666666666664,1801 R St
24004003,DISTURBANCE - DOMESTIC,2024-12-18T14:06:00Z,Closed - Inactive,45614.78125,NULL,512 N 12th St
24004002,LARCENY - FROM MOTOR VEHICLE,2024-12-18T12:44:00Z,Closed - Inactive,45643.9375,45644.489583333336,1801 R St
24003995,TRESPASSING,2024-12-17T22:28:00Z,Closed - Non-Criminal Case,45643.936111111114,45643.957638888889,1400 R St
24003996,ALCOHOL - DWI,2024-12-17T22:27:00Z,Closed - Cleared by Arrest-Adult,45643.935416666667,NULL,VINE ST & N ANTELOPE VALLEY PKWY
24003992,TRESPASSING,2024-12-17T19:52:00Z,Closed - Cleared by Arrest-Adult,45643.827777777777,NULL,1400 R St
24003989,DISTURBANCE - OTHER,2024-12-17T14:14:00Z,Closed - Inactive,45639.020833333336,NULL,433 N 19th St
24003982,DISTURBANCE - OTHER,2024-12-16T21:53:00Z,Closed - Non-Criminal Case,45642.911805555559,NULL,1710 Arbor Dr
24003978,LARCENY - MOTOR VEH. ACCESSORIES,2024-12-16T17:20:00Z,Closed - Inactive,45642.6875,NULL,2222 Vine St
24003976,LARCENY - FROM BUILDING,2024-12-16T13:59:00Z,Closed - Inactive,45638.708333333336,45638.78125,880 N 17th St
24003970,DISTURBANCE - OTHER,2024-12-16T01:39:00Z,Closed - Inactive,45642,45642.0625,1120 N 14th St
24003964,FRAUD - CREDIT CARDS/ATM/BANK CARD,2024-12-15T12:16:00Z,Closed - Inactive,45638.708333333336,45639.708333333336,1055 N 16th St
24003962,TRESPASSING,2024-12-15T10:57:00Z,Closed - Non-Criminal Case,45641.456250000003,NULL,820 N 17th St
24003960,ALCOHOL - MINOR IN POSSESSION,2024-12-15T00:52:00Z,Closed - Non-Criminal Case,45641.036111111112,NULL,1780 R St
24003958,DISTURBANCE - OTHER,2024-12-14T22:22:00Z,Closed - Non-Criminal Case,45640.931944444441,NULL,1400 R St
24003959,ALCOHOL - DRUNK,2024-12-14T22:22:00Z,Closed - Non-Criminal Case,45640.931944444441,45640.951388888891,1400 R St
24003952,ALCOHOL - DRUNK,2024-12-14T00:47:00Z,Closed - Non-Criminal Case,45640.032638888886,45640.043055555558,1433 R St
24003951,TELEPHONE - OBSCENE CALLS,2024-12-14T00:02:00Z,Closed - Inactive,45639.997916666667,45640,300 N 17th St
24003943,ACCIDENTS - P.D. H&R NOT REPORTABLE,2024-12-13T14:16:00Z,Closed - Inactive,45635.302083333336,45639.479166666664,550 N 19th St
24003942,DISTURBANCE - DOMESTIC,2024-12-13T14:14:00Z,Closed - Non-Criminal Case,45628.5,45638.5,1130 N 14th St
24003939,ALCOHOL - MINOR IN POSSESSION,2024-12-13T04:03:00Z,Closed - Cleared by Arrest-Adult,45639.168749999997,NULL,880 N 17th St
OS24010,STALKING,2024-12-12T16:12:00Z,NA - Clery Report Only,NULL,NULL,On-Campus Housing
24003921,NARCOTICS - POSSESSION,2024-12-11T21:09:00Z,Closed - Cleared by Arrest-Adult,45637.881249999999,NULL,1830 Vine St
24003918,ACCIDENTS - P.D. H&R NOT REPORTABLE,2024-12-11T19:20:00Z,Closed - Non-Criminal Case,45637.340277777781,45637.804861111108,1350 Vine St
24003917,ACCIDENTS - P.D. H&R NOT REPORTABLE,2024-12-11T17:20:00Z,Closed - Inactive,45631,45635.410416666666,300 N 17th St
24003916,ACCIDENTS - P.D. H&R NOT REPORTABLE,2024-12-11T16:58:00Z,Closed - Non-Criminal Case,45636.75,45637.697916666664,1801 R St
24003914,SEX OFFENSE - RAPE,2024-12-11T11:00:00Z,Closed - Inactive,45610.979166666664,45611.125,1150 N 14th St
24003913,VANDALISM - OTHER,2024-12-11T10:12:00Z,Closed - Inactive,45633.666666666664,45636.875,NA
24003910,ALCOHOL - DWI,2024-12-10T21:21:00Z,Closed - Cleared by Arrest-Adult,45636.885416666664,NULL,1600 Court St
24003905,STALKING,2024-12-10T13:20:00Z,Closed - Inactive,45530.5,45635.520833333336,1130 N 14th St
24003901,TRESPASSING,2024-12-10T02:10:00Z,Closed - Non-Criminal Case,45636.090277777781,NULL,1248 R St
24003900,TELEPHONE - OTHER,2024-12-09T23:56:00Z,Closed - Non-Criminal Case,45635.986111111109,45635.993055555555,300 N 17th St
24003899,TRESPASSING,2024-12-09T21:00:00Z,Closed - Non-Criminal Case,45635.875,NULL,1400 R St
24003888,ACCIDENTS - P.D. H&R NOT REPORTABLE,2024-12-09T12:31:00Z,Closed - Inactive,45630.958333333336,45635.427083333336,1801 R St
24003883,EXTORTION,2024-12-09T02:48:00Z,Closed - Inactive,45635.018055555556,NULL,1710 Arbor Dr
24003875,TRESPASSING,2024-12-07T22:30:00Z,Closed - Non-Criminal Case,45633.9375,NULL,1400 R St
24003868,TRAFFIC - SUSPENDED DRIVER,2024-12-06T22:55:00Z,Closed - Cleared by Arrest-Adult,45632.954861111109,NULL,N 27TH ST & HOLDREGE ST
24003861,ACCIDENTS - P.D. H&R NOT REPORTABLE,2024-12-06T15:50:00Z,Closed - Cleared by Arrest-Adult,45627.53125,45632.65625,820 N 17th St
24003858,LITTERING,2024-12-06T10:46:00Z,Closed - Non-Criminal Case,45631.645833333336,45632.291666666664,1111 N 14th St
24003856,LARCENY - SHOPLIFTING,2024-12-06T08:53:00Z,Closed - Cleared by Arrest-Adult,45631.326388888891,45632.328472222223,1055 N 16th St
24003852,TRAFFIC - OTHER,2024-12-05T22:18:00Z,Closed - Cleared by Arrest-Adult,45631.929166666669,NULL,ANTELOPE VALLEY PARKWAY & N 17TH ST
24003847,DISTURBANCE - OTHER,2024-12-05T13:24:00Z,Closed - Inactive,45631.546527777777,NULL,1705 Arbor Dr
24003844,TRAFFIC - SUSPENDED DRIVER,2024-12-05T10:51:00Z,Closed - Cleared by Arrest-Adult,45631.45208333333,NULL,ANTELOPE VALLEY PARKWAY & Salt Creek RDWY
24003840,TRESPASSING,2024-12-04T06:41:00Z,Closed - Non-Criminal Case,45630.27847222222,NULL,1248 R St
24003832,TRAFFIC - SUSPENDED DRIVER,2024-12-03T17:55:00Z,Closed - Cleared by Arrest-Adult,45629.73541666667,NULL,300 N 17th St
24003827,ACCIDENTS - P.D. H&R NOT REPORTABLE,2024-12-03T13:05:00Z,Closed - Cleared by Arrest-Adult,45628.679861111108,NULL,1801 R St
24003817,LARCENY - OTHER OR FROM OPEN AREA,2024-12-02T20:09:00Z,Closed - Cleared by Arrest-Adult,45628.377083333333,45628.770833333336,1220 N 14th St. Lot 46
24003824,TELEPHONE - OTHER,2024-12-02T19:54:00Z,Closed - Non-Criminal Case,45628.771527777775,NULL,NA
24003804,OUTSIDE - O.P.S. OTHER,2024-12-01T00:09:00Z,Closed - Non-Criminal Case,45627.006249999999,NULL,2829 Holdrege St
24003787,LITTERING,2024-11-27T15:51:00Z,Closed - Non-Criminal Case,45621.738194444442,NULL,1111 N 14th St
24003785,LARCENY - FROM BUILDING,2024-11-27T13:10:00Z,Closed - Inactive,45618.645833333336,45619.604166666664,1100 T St
24003775,LARCENY - FROM MOTOR VEHICLE,2024-11-26T10:57:00Z,Closed - Inactive,45621.9375,45622.456250000003,N 39TH ST & CENTER DR
24003774,LARCENY - FROM MOTOR VEHICLE,2024-11-26T08:14:00Z,Closed - Cleared by Arrest-Adult,45621.3125,45621.333333333336,1055 N 16th St
24003772,LARCENY - FROM MOTOR VEHICLE,2024-11-26T07:03:00Z,Closed - Inactive,45621.770833333336,45622.270833333336,N 39TH ST & CENTER DR
24003763,TRESPASSING,2024-11-25T09:08:00Z,Closed - Inactive,45620.129166666666,45620.146527777775,2225 W St
24003760,TRESPASSING,2024-11-25T07:25:00Z,Closed - Non-Criminal Case,45621.309027777781,NULL,630 N 14th St
24003752,ALCOHOL - DRUNK,2024-11-24T02:36:00Z,Closed - Non-Criminal Case,45620.10833333333,NULL,1120 N 14th St
24003751,ASSAULT - NON DOMESTIC,2024-11-24T01:47:00Z,Closed - Inactive,45620.074305555558,NULL,N 18TH ST & R ST
24003740,TRESPASSING,2024-11-23T18:30:00Z,Closed - Inactive,45619.770833333336,NULL,1100 T St
24003731,ALCOHOL - MINOR IN POSSESSION,2024-11-23T00:42:00Z,Closed - Inactive,45619.029166666667,NULL,820 N 17th St
24003699,SUSPICIOUS PERSON,2024-11-21T01:24:00Z,Closed - Non-Criminal Case,45617.058333333334,NULL,615 N 19th St
24003698,TRAFFIC - SUSPENDED DRIVER,2024-11-20T19:59:00Z,Closed - Cleared by Arrest-Adult,45616.832638888889,NULL,N 12TH ST & Q ST
24003692,ACCIDENTS - P.D. H&R NOT REPORTABLE,2024-11-20T10:44:00Z,Closed - Non-Criminal Case,45615.333333333336,45615.604166666664,1915 N 38th St
24003666,DISTURBANCE - OTHER,2024-11-19T08:50:00Z,Closed - Inactive,45614.652777777781,45614.659722222219,3310 Holdrege St
24003662,TRESPASSING,2024-11-19T05:26:00Z,Closed - Non-Criminal Case,45615.226388888892,NULL,625 Stadium Dr
24003652,ACCIDENTS - P.D. H&R NOT REPORTABLE,2024-11-18T13:28:00Z,Closed - Cleared by Arrest-Adult,45614.554861111108,NULL,1101 T St
24003644,NARCOTICS - POSSESSION,2024-11-17T17:12:00Z,Closed - Non-Criminal Case,45613.716666666667,NULL,1150 N 14th St.
24003642,DISTURBANCE - OTHER,2024-11-17T16:26:00Z,Closed - Non-Criminal Case,45505,45612.6875,1825 N 38th St
24003630,NARCOTICS - POSSESSION,2024-11-16T01:39:00Z,Closed - Cleared by Arrest-Adult,45612.068749999999,NULL,1600 Court St
24003629,VANDALISM - OTHER,2024-11-16T01:10:00Z,Closed - Inactive,45612.027777777781,45612.048611111109,635 N 16th St
24003628,VANDALISM - OTHER,2024-11-16T00:59:00Z,Closed - Non-Criminal Case,45611.708333333336,45612.027777777781,1120 N 14th St
24003627,ALCOHOL - MINOR IN POSSESSION,2024-11-15T23:51:00Z,Closed - Non-Criminal Case,45611.993750000001,NULL,425 University Terrace
24003636,OUTSIDE - O.P.S. OTHER,2024-11-15T22:30:00Z,Closed - Non-Criminal Case,45611.9375,NULL,1410 Q St
24003622,TRESPASSING,2024-11-15T13:32:00Z,Closed - Inactive,45611.511805555558,45611.553472222222,1700 Vine St
24003619,SEX OFFENSE - MOLEST/FONDLING,2024-11-15T09:03:00Z,Closed - Inactive,NULL,NULL,NA
24003610,VANDALISM - OTHER,2024-11-14T22:36:00Z,Closed - Inactive,45610.819444444445,45610.938888888886,1400 Court St
24003621,SUSPICIOUS ITEM OR PACKAGE (NON-EXPLOSIVE),2024-11-14T19:45:00Z,Closed - Non-Criminal Case,45607,45610,NA
24003604,LARCENY - OTHER OR FROM OPEN AREA,2024-11-14T17:53:00Z,Closed - Inactive,45610.745138888888,45610.745138888888,Holiday Inn Hotel
24003603,ACCIDENTS - P.D. H&R NOT REPORTABLE,2024-11-14T15:51:00Z,Closed - Non-Criminal Case,45607.708333333336,45610.590277777781,1830 Vine St
24003596,OUTSIDE - O.P.S. OTHER,2024-11-13T19:17:00Z,Closed - Non-Criminal Case,45609.803472222222,NULL,N 41ST ST & HUNTINGTON AVE
24003595,DISTURBANCE - OTHER,2024-11-13T16:15:00Z,Closed - Non-Criminal Case,45609.61041666667,45609.649305555555,503 N 14th St
24003592,EXTORTION,2024-11-13T12:38:00Z,Closed - Inactive,45609.479166666664,NULL,1210 Vine St
24003579,DISTURBANCE - OTHER,2024-11-11T22:13:00Z,Closed - Non-Criminal Case,45607.90347222222,NULL,733 N 17th St
24003580,LARCENY - OTHER OR FROM OPEN AREA,2024-11-11T21:48:00Z,Closed - Cleared by Arrest-Adult,45607.908333333333,NULL,1360 Vine St
24003578,TRESPASSING,2024-11-11T18:24:00Z,Closed - Non-Criminal Case,45607.76666666667,NULL,1350 Vine St
24003575,LARCENY - FROM BUILDING,2024-11-11T14:36:00Z,Closed - Cleared by Arrest-Adult,45599.555555555555,NULL,1100 T St
OS24009,STALKING,2024-11-11T09:23:00Z,NA - Clery Report Only,45580,45593,UNL Property
24003567,SEX OFFENSE - RAPE,2024-11-10T17:28:00Z,Closed - Inactive,45605.916666666664,45606.041666666664,635 N 16th St
24003565,VANDALISM - OTHER,2024-11-10T16:30:00Z,Closed - Inactive,NULL,NULL,1400 R St
24003560,OUTSIDE - O.P.S. OTHER,2024-11-10T05:08:00Z,Closed - Non-Criminal Case,45606.213888888888,NULL,EAST CAMPUS LOOP & FAIR ST
24003552,NARCOTICS - POSSESSION,2024-11-09T19:17:00Z,Closed - Cleared by Arrest-Adult,45605.803472222222,NULL,301 N 12th St
24003548,ACCIDENTS - P.D. H&R NOT REPORTABLE,2024-11-09T15:48:00Z,Closed - Inactive,45605.541666666664,45605.604166666664,1830 Vine St
24003547,DISTURBANCE - OTHER,2024-11-09T14:39:00Z,Closed - Non-Criminal Case,45605.604166666664,NULL,433 V St
OS24007,SEX OFFENSE - MOLEST/FONDLING,2024-11-08T09:24:00Z,NA - Clery Report Only,45231,45374,UNL Property
24003529,DISTURBANCE - OTHER,2024-11-07T11:37:00Z,Closed - Inactive,45603.48333333333,NULL,660 N 12th St
24003519,DISTURBANCE - OTHER,2024-11-07T09:06:00Z,Closed - Non-Criminal Case,45602.5,NULL,1531 S St
24003516,ACCIDENTS - P.D. H&R NOT REPORTABLE,2024-11-06T23:22:00Z,Closed - Non-Criminal Case,45602.854166666664,45602.972222222219,1055 N 16th St
24003509,NARCOTICS - OTHER,2024-11-06T12:41:00Z,Closed - Inactive,45602.520833333336,45602.527777777781,880 N 17th St
24003491,ACCIDENTS - P.D. H&R NOT REPORTABLE,2024-11-05T10:08:00Z,Closed - Cleared by Arrest-Adult,45598.984027777777,45598.984722222223,CENTER DR & ARBOR DR
24003489,VANDALISM - OTHER,2024-11-05T09:30:00Z,Closed - Inactive,45597.708333333336,45600.3125,1700 Y St
24003490,LARCENY - FROM BUILDING,2024-11-05T07:58:00Z,Closed - Cleared by Arrest-Adult,45600.666666666664,45601.331944444442,512 N 12th St
24003484,ACCIDENTS - P.D. H&R NOT REPORTABLE,2024-11-04T21:16:00Z,Closed - Inactive,45600.833333333336,45600.886111111111,1650 N 35th St
24003482,DISTURBANCE - OTHER,2024-11-04T19:17:00Z,Closed - Inactive,45591.625,NULL,433 N 19th St
24003481,SEX OFFENSE - RAPE,2024-11-04T18:07:00Z,Closed - Inactive,45597.958333333336,45598.385416666664,1420 Idylwild Dr
24003478,TRESPASSING,2024-11-04T10:25:00Z,Closed - Cleared by Arrest-Adult,45600.434027777781,NULL,1400 R St
24003475,LITTERING,2024-11-03T23:24:00Z,Closed - Cleared by Arrest-Adult,45599.904166666667,NULL,300 N 17th St
24003470,TRESPASSING,2024-11-03T17:34:00Z,Closed - Non-Criminal Case,45599.731944444444,NULL,1400 R St
24003467,ACCIDENTS - P.D. H&R NOT REPORTABLE,2024-11-03T16:36:00Z,Closed - Non-Criminal Case,45598.520833333336,45599.5625,1130 N 14th St
24003460,DISTURBANCE - OTHER,2024-11-03T01:04:00Z,Closed - Non-Criminal Case,45599.044444444444,NULL,820 N 17th St
24003458,ALCOHOL - DWI,2024-11-02T23:34:00Z,Closed - Cleared by Arrest-Adult,45598.981944444444,NULL,1710 Arbor Dr
24003455,LARCENY - OTHER OR FROM OPEN AREA,2024-11-02T19:26:00Z,Closed - Inactive,45598.087500000001,NULL,1548 S St
24003454,DISTURBANCE - OTHER,2024-11-02T19:00:00Z,Closed - Non-Criminal Case,45598.304166666669,NULL,1531 S St
24003453,LARCENY - STOLEN BIKE,2024-11-02T16:20:00Z,Closed - Inactive,45594.708333333336,45598.702777777777,530 N 17th St
24003447,TRESPASSING,2024-11-02T03:34:00Z,Closed - Cleared by Arrest-Adult,45598.148611111108,NULL,433 N 19th St
24003443,TRAFFIC - SUSPENDED DRIVER,2024-11-02T00:19:00Z,Closed - Cleared by Arrest-Adult,45598.013194444444,NULL,N ANTELOPE VALLEY PKWY & VINE ST
24003431,ASSAULT - OF POLICE OFFICER,2024-11-01T01:46:00Z,Closed - Cleared by Arrest-Adult,45597.007638888892,45597.008333333331,1130 N 14th St
24003427,DISTURBANCE - OTHER,2024-10-31T23:14:00Z,Closed - Cleared by Arrest-Adult,45596.968055555553,NULL,820 N 17th St
24003413,VANDALISM - OTHER,2024-10-31T16:23:00Z,Closed - Inactive,45596.569444444445,45596.65625,1600 Court St
24003412,DISTURBANCE - OTHER,2024-10-31T15:38:00Z,Closed - Inactive,45596.645833333336,NULL,1500 U St
24003405,NARCOTICS - POSSESSION,2024-10-30T22:47:00Z,Closed - Cleared by Arrest-Adult,45595.949305555558,NULL,2301 N 33rd St
24003399,ACCIDENTS - P.D. H&R NOT REPORTABLE,2024-10-30T16:39:00Z,Closed - Non-Criminal Case,45593.6875,45595.693749999999,1801 R St
24003398,SEX OFFENSE - OTHER,2024-10-30T15:09:00Z,Closed - Inactive,NULL,NULL,3131 O St.
24003394,TRESPASSING,2024-10-30T04:55:00Z,Closed - Non-Criminal Case,45595.204861111109,NULL,200 Centennial Mall N
24003393,NARCOTICS - POSSESSION,2024-10-30T02:11:00Z,Closed - Cleared by Arrest-Adult,45595.09097222222,NULL,1430 Vine St
24003389,VANDALISM - OTHER,2024-10-29T21:25:00Z,Closed - Non-Criminal Case,NULL,NULL,1400 R St
24003383,SEX OFFENSE - MOLEST/FONDLING,2024-10-29T09:45:00Z,Closed - Non-Criminal Case,45591.771527777775,45591.779861111114,1600 Court St
24003380,TRESPASSING,2024-10-28T22:07:00Z,Closed - Non-Criminal Case,45593.921527777777,NULL,1400 R St
24003378,LARCENY - STOLEN BIKE,2024-10-28T21:42:00Z,Closed - Cleared by Arrest-Adult,45589,45593.875,880 N 17th St
24003374,ACCIDENTS - P.D. H&R NOT REPORTABLE,2024-10-28T18:34:00Z,Closed - Inactive,45592.833333333336,45593.645833333336,1830 Vine St
24003373,LARCENY - OTHER OR FROM OPEN AREA,2024-10-28T17:20:00Z,Closed - Cleared by Arrest-Adult,45592.875,45593.291666666664,880 N 17th St
24003372,LARCENY - STOLEN BIKE,2024-10-28T17:17:00Z,Closed - Cleared by Arrest-Adult,45592.8125,45593.708333333336,880 N 17th St
24003370,ALCOHOL - USING FALSE I.D.,2024-10-28T16:39:00Z,Closed - Cleared by Arrest-Adult,45593.693749999999,NULL,300 N 17th St
24003368,LARCENY - STOLEN BIKE,2024-10-28T16:27:00Z,Closed - Cleared by Arrest-Adult,45592.791666666664,45593.395833333336,1801 R St
24003367,SUSPICIOUS PERSON,2024-10-28T15:01:00Z,Closed - Non-Criminal Case,45593.416666666664,45593.534722222219,3940 Fair St
24003354,ACCIDENTS - P.D. H&R NOT REPORTABLE,2024-10-27T17:04:00Z,Closed - Inactive,45590.791666666664,45591.5625,1830 Vine St
24003351,LARCENY - FROM MOTOR VEHICLE,2024-10-27T12:50:00Z,Closed - Inactive,45592.083333333336,45592.458333333336,1220 N 14th St
24003350,ALCOHOL - MINOR IN POSSESSION,2024-10-27T00:14:00Z,Closed - Cleared by Arrest-Adult,45592.009722222225,NULL,200 Centennial Mall N
24003349,TRESPASSING,2024-10-26T21:34:00Z,Closed - Non-Criminal Case,45591.898611111108,NULL,1400 R St
24003342,TELEPHONE - OBSCENE CALLS,2024-10-26T14:33:00Z,Closed - Inactive,45591.605555555558,NULL,300 N 17th St
24003337,TRESPASSING,2024-10-26T02:26:00Z,Closed - Non-Criminal Case,45591.101388888892,NULL,519 N 16th St.
24003336,ALCOHOL - DRUNK,2024-10-26T02:20:00Z,Closed - Non-Criminal Case,45591.097222222219,NULL,820 N 17th St
24003333,NARCOTICS - POSSESSION,2024-10-25T23:02:00Z,Closed - Cleared by Arrest-Adult,45590.959722222222,NULL,N 16TH ST & VINE ST
24003328,FRAUD - CON GAMES/DECEPTION/FALSE PRET - INTERNET,2024-10-25T17:02:00Z,Closed - Non-Criminal Case,45590.625,45590.709722222222,NA
24003327,"FRAUD, FAIL TO PAY",2024-10-25T15:01:00Z,Closed - Non-Criminal Case,45573.450694444444,45588.511111111111,625 Stadium Dr
24003326,DISTURBANCE - OTHER,2024-10-25T14:57:00Z,Closed - Non-Criminal Case,45585.625,45590.59375,1055 N 16th St #316
24003311,DISTURBANCE - OTHER,2024-10-24T17:26:00Z,Closed - Non-Criminal Case,45589.726388888892,NULL,503 N 14th St
24003299,TELEPHONE - OBSCENE CALLS,2024-10-23T19:03:00Z,Closed - Non-Criminal Case,45588.793749999997,45588.793749999997,1600 Court St
24003288,LARCENY - FROM BUILDING,2024-10-22T13:21:00Z,Closed - Inactive,45587.513888888891,45587.534722222219,733 N 17th St
24003286,TRESPASSING,2024-10-22T07:14:00Z,Closed - Non-Criminal Case,45587.125,45587.301388888889,1523 N 33rd St
24003279,OUTSIDE - O.P.S. OTHER,2024-10-21T11:23:00Z,Closed - Non-Criminal Case,45586.447916666664,45586.470138888886,315 S 26th ST Apt 2
24003276,OUTSIDE - O.P.S. OTHER,2024-10-21T09:13:00Z,Closed - Non-Criminal Case,45586.372916666667,NULL,4740 A ST
24003273,LARCENY - OTHER OR FROM OPEN AREA,2024-10-21T08:09:00Z,Closed - Inactive,45585.75,45586.3125,1620 Transformation Dr
24003272,TRESPASSING,2024-10-21T06:03:00Z,Closed - Non-Criminal Case,45586.210416666669,45586.252083333333,1875 N 42nd St
24003265,DISTURBANCE - OTHER,2024-10-19T12:06:00Z,Closed - Inactive,45584.493055555555,NULL,1523 N 33rd St
24003254,WEAPONS – OTHER,2024-10-18T16:17:00Z,Closed - Cleared by Arrest-Adult,45583.670138888891,45583.693749999999,733 N 17th St
24003247,FRAUD - CON GAMES/DECEPTION/FALSE PRET - INTERNET,2024-10-18T10:32:00Z,Closed - Inactive,45582.65902777778,45583.4375,NA
24003244,ACCIDENTS - P.D. H&R NOT REPORTABLE,2024-10-18T08:55:00Z,Closed - Non-Criminal Case,45583.25,45583.260416666664,1780 R St
24003242,ALCOHOL - DRUNK,2024-10-18T00:56:00Z,Closed - Non-Criminal Case,45583.038888888892,NULL,820 N 17th St
24003241,TRAFFIC - SUSPENDED DRIVER,2024-10-17T23:08:00Z,Closed - Cleared by Arrest-Adult,45582.963888888888,NULL,N 33RD ST & HOLDREGE ST
24003229,NARCOTICS - POSSESSION,2024-10-16T20:48:00Z,Closed - Cleared by Arrest-Adult,45581.866666666669,NULL,N 16TH ST & S ST
24003228,LARCENY - FROM BUILDING,2024-10-16T20:25:00Z,Closed - Non-Criminal Case,45581.791666666664,45581.833333333336,845 N 14th St
24003227,LARCENY - OTHER OR FROM OPEN AREA,2024-10-16T19:58:00Z,Closed - Inactive,45581.762499999997,45581.831944444442,1144 T St
24003223,AUTO THEFT,2024-10-16T14:06:00Z,Closed - Inactive,45579.75,45581.541666666664,1430 Idylwild Dr
24003219,DISTURBANCE - OTHER,2024-10-16T09:14:00Z,Closed - Inactive,45580.659722222219,45580.666666666664,HOLDREGE ST & DAIRY STORE DRIVE
24003213,ACCIDENTS - P.D. H&R NOT REPORTABLE,2024-10-15T17:41:00Z,Closed - Inactive,45580.541666666664,45580.696527777778,UNL Lot 138
24003206,ACCIDENTS - P.D. REPORTABLE,2024-10-15T11:47:00Z,Closed - Cleared by Arrest-Adult,45580.462500000001,NULL,FAIR ST & N 37TH ST
24003205,ACCIDENTS - P.D. H&R NOT REPORTABLE,2024-10-15T10:54:00Z,Closed - Inactive,45580.378472222219,45580.4375,FAIR ST & N 39TH ST
24003204,TRESPASSING,2024-10-15T09:11:00Z,Closed - Cleared by Arrest-Adult,45579.75,45580.229166666664,1071 Co Rd G
24003196,TRESPASSING,2024-10-14T22:40:00Z,Closed - Non-Criminal Case,45579.944444444445,NULL,1700 Vine St
24003195,ALCOHOL - USING FALSE I.D.,2024-10-14T22:19:00Z,Closed - Cleared by Arrest-Adult,45579.929861111108,NULL,1400 R St
24003179,ALCOHOL - DWI,2024-10-13T01:56:00Z,Closed - Cleared by Arrest-Adult,45578.080555555556,NULL,N 16TH ST & Q ST
24003178,TRESPASSING,2024-10-12T23:43:00Z,Closed - Non-Criminal Case,45577.988194444442,NULL,1100 T St
24003176,ALCOHOL - DRUNK,2024-10-12T21:58:00Z,Closed - Non-Criminal Case,45577.915277777778,45577.936805555553,625 N 14th St
24003174,DISTURBANCE - OTHER,2024-10-12T18:46:00Z,Closed - Inactive,45577.781944444447,NULL,635 N 16th St
24003170,TRAFFIC - SUSPENDED DRIVER,2024-10-12T01:05:00Z,Closed - Cleared by Arrest-Adult,45577.045138888891,NULL,N 33RD ST & VINE ST
24003165,ACCIDENTS - P.D. H&R NOT REPORTABLE,2024-10-11T18:26:00Z,Closed - Inactive,45572.458333333336,45575.5625,1055 N 16th St
24003159,AUTO THEFT,2024-10-11T10:54:00Z,Closed - Inactive,45576.1875,NULL,3601 Apple St
24003155,FIRE - FALSE ALARM,2024-10-11T02:24:00Z,Closed - Cleared by Arrest-Adult,45576.1,NULL,1545 R St
24003147,ACCIDENTS - P.D. H&R NOT REPORTABLE,2024-10-10T15:41:00Z,Closed - Non-Criminal Case,45573.694444444445,45575.635416666664,530 N 17th St
24003145,ACCIDENTS - P.D. H&R NOT REPORTABLE,2024-10-10T09:16:00Z,Closed - Cleared by Arrest-Adult,45575.379861111112,NULL,300 N 17th St
24003137,LARCENY - OTHER OR FROM OPEN AREA,2024-10-09T12:56:00Z,Closed - Inactive,45569.666666666664,45574.538888888892,480 N 16th St
24003136,AUTO THEFT,2024-10-09T12:06:00Z,Closed - Inactive,45574.023611111108,NULL,3601 Apple St
24003133,TRESPASSING,2024-10-09T07:51:00Z,Closed - Non-Criminal Case,45574.32708333333,NULL,3420 Leighton Ave
24003130,TRESPASSING,2024-10-08T21:44:00Z,Closed - Cleared by Arrest-Adult,45573.905555555553,NULL,33RD ST & HUNTINGTON AVE
24003119,LARCENY - STOLEN BIKE,2024-10-08T10:44:00Z,Closed - Inactive,45572.416666666664,45573.333333333336,503 N 14th St
24003118,LARCENY - OTHER OR FROM OPEN AREA,2024-10-08T10:21:00Z,Closed - Inactive,45572.645833333336,45572.6875,820 N 17th St
24003116,TRESPASSING,2024-10-08T08:00:00Z,Closed - Cleared by Arrest-Adult,45572.94027777778,45573.333333333336,1329 R Street
24003122,OUTSIDE - O.P.S. OTHER,2024-10-08T08:00:00Z,Closed - Non-Criminal Case,45548.708333333336,45548.791666666664,NA
24003115,DISTURBANCE - OTHER,2024-10-08T01:13:00Z,Closed - Non-Criminal Case,45572.050694444442,NULL,N 14TH ST & VINE ST
24003111,FIRE (WORKING) - NO ALARM,2024-10-07T20:49:00Z,Closed - Non-Criminal Case,45572.867361111108,NULL,301 N 12th St
24003110,VANDALISM - OTHER,2024-10-07T19:36:00Z,Closed - Cleared by Arrest-Adult,45571.447916666664,NULL,880 N 17th St
24003106,ACCIDENTS - P.D. H&R NOT REPORTABLE,2024-10-07T18:31:00Z,Closed - Cleared by Arrest-Adult,45571.65902777778,NULL,1220 N 14th St. Lot 46
24003103,TRESPASSING,2024-10-07T17:35:00Z,Closed - Non-Criminal Case,45572.697916666664,NULL,3420 Leighton Ave
24003102,TRESPASSING,2024-10-07T16:17:00Z,Closed - Non-Criminal Case,45572.678472222222,45572.714583333334,33RD ST & HUNTINGTON AVE
24003091,VANDALISM - OTHER,2024-10-07T07:42:00Z,Closed - Inactive,45569.708333333336,45572.291666666664,560 Stadium Dr
24003087,TRESPASSING,2024-10-06T03:53:00Z,Closed - Non-Criminal Case,45571.161805555559,NULL,733 N 17th St
24003085,ALCOHOL - MINOR IN POSSESSION,2024-10-06T00:44:00Z,Closed - Cleared by Arrest-Adult,45571.030555555553,NULL,1120 N 14th St
24003079,DISTURBANCE - OTHER,2024-10-05T18:55:00Z,Closed - Cleared by Arrest-Adult,45570.788194444445,NULL,1700 Vine St
24003088,TRESPASSING,2024-10-05T18:38:00Z,Closed - Cleared by Arrest-Adult,45570.788194444445,NULL,880 N 17th St
24003059,SUSPICIOUS PERSON,2024-10-04T13:38:00Z,Closed - Non-Criminal Case,45569.55,45569.552083333336,4000 East Campus Loop S
24003044,ACCIDENTS - P.D. H&R NOT REPORTABLE,2024-10-03T14:41:00Z,Closed - Inactive,45568.25,45568.604861111111,1500 U St
24003043,ACCIDENTS - P.D. H&R NOT REPORTABLE,2024-10-03T10:46:00Z,Closed - Cleared by Arrest-Adult,45568.441666666666,NULL,1777 N 42nd ST
24003038,DISTURBANCE - OTHER,2024-10-02T20:53:00Z,Closed - Cleared by Arrest-Adult,45567.870138888888,NULL,1400 R St
24003027,WEAPONS - FELON IN POSSESSION,2024-10-02T00:29:00Z,Closed - Cleared by Arrest-Adult,45567.020138888889,NULL,N ANTELOPE VALLEY PKWY & Q ST
24003025,TRESPASSING,2024-10-01T23:08:00Z,Closed - Non-Criminal Case,45566.963888888888,NULL,200 Centennial Mall N
24003019,NARCOTICS - OTHER,2024-10-01T13:18:00Z,Closed - Non-Criminal Case,45565.848611111112,NULL,880 N 17th St
24003010,ALCOHOL - USING FALSE I.D.,2024-09-30T23:53:00Z,Closed - Cleared by Arrest-Adult,45565.995138888888,NULL,1700 Vine St
24003004,ACCIDENTS - P.D. H&R NOT REPORTABLE,2024-09-30T17:34:00Z,Closed - Cleared by Arrest-Adult,45563.333333333336,45564.5,1830 Vine St
24003000,ACCIDENTS - P.D. H&R NOT REPORTABLE,2024-09-30T13:49:00Z,Closed - Cleared by Arrest-Adult,45565.520833333336,45565.555555555555,N 11TH ST & T ST
24002989,TRESPASSING,2024-09-28T23:41:00Z,Closed - Non-Criminal Case,45563.986805555556,NULL,1100 T St
24002984,LARCENY - FROM BUILDING,2024-09-28T17:27:00Z,Closed - Inactive,45559.333333333336,45559.541666666664,1140 N 14th St
24003035,FRAUD - CREDIT CARDS/ATM/BANK CARD,2024-09-28T17:27:00Z,Closed - Non-Criminal Case,45559.333333333336,45559.541666666664,1140 N 14th St
24002981,ACCIDENTS - P.D. H&R NOT REPORTABLE,2024-09-28T14:25:00Z,Closed - Inactive,45560.395833333336,45563.590277777781,1801 R St
24002980,TRESPASSING,2024-09-28T05:53:00Z,Closed - Non-Criminal Case,45563.245138888888,NULL,855 N 16th St
24002978,WEAPONS – OTHER,2024-09-27T21:40:00Z,Closed - Inactive,45562.902777777781,NULL,1625 Arbor Dr
24002965,NARCOTICS - OTHER,2024-09-27T08:43:00Z,Closed - Non-Criminal Case,NULL,NULL,1520 R St
24002961,ALCOHOL - MINOR IN POSSESSION,2024-09-27T01:46:00Z,Closed - Non-Criminal Case,45562.073611111111,NULL,440 N 17th St
24002960,TRAFFIC - SUSPENDED DRIVER,2024-09-27T01:08:00Z,Closed - Cleared by Arrest-Adult,45562.047222222223,NULL,N 16TH ST & R ST
24002952,DISTURBANCE - OTHER,2024-09-26T14:55:00Z,Closed - Inactive,45251.74722222222,45554.648611111108,1400 Vine St
24002951,ACCIDENTS - P.D. H&R NOT REPORTABLE,2024-09-26T09:41:00Z,Closed - Inactive,45557.75,45559.385416666664,NA
24002930,TELEPHONE - OTHER,2024-09-24T14:06:00Z,Closed - Non-Criminal Case,NULL,NULL,NA
24002926,ASSAULT - NON DOMESTIC,2024-09-23T22:35:00Z,Closed - Inactive,45558.884722222225,NULL,R ST & N 16TH ST
24002919,NARCOTICS - OTHER,2024-09-23T16:47:00Z,Closed - Inactive,45558.694444444445,NULL,1400 R St
24002927,TELEPHONE - OTHER,2024-09-23T16:37:00Z,Closed - Inactive,45559.48541666667,NULL,NA
24002912,TELEPHONE - OTHER,2024-09-23T07:26:00Z,Closed - Non-Criminal Case,45558.290277777778,NULL,1400 R St
24002911,TRESPASSING,2024-09-23T00:31:00Z,Closed - Non-Criminal Case,45558.021527777775,NULL,1700 Vine St
24002907,OUTSIDE - O.P.S. OTHER,2024-09-22T17:14:00Z,Closed - Non-Criminal Case,45557.718055555553,45557.718055555553,300 N 17th St
24002904,NARCOTICS - POSSESSION,2024-09-22T01:11:00Z,Closed - Cleared by Arrest-Adult,45557.049305555556,NULL,R ST & N 16TH ST
24002898,LARCENY - OTHER OR FROM OPEN AREA,2024-09-21T16:45:00Z,Closed - Non-Criminal Case,45555.5,45556.5,433 N 19th St
24002888,ALCOHOL - MINOR IN POSSESSION,2024-09-21T04:30:00Z,Closed - Cleared by Arrest-Adult,45556.1875,NULL,440 N 17th St
24002883,FRAUD - CON GAMES/DECEPTION/FALSE PRET - INTERNET,2024-09-20T18:03:00Z,Closed - Inactive,45554.875,45555.752083333333,NA
24002877,ALCOHOL - DRUNK,2024-09-20T17:48:00Z,Closed - Non-Criminal Case,45555.741666666669,NULL,625 N 14th St
24002876,FRAUD - CON GAMES/DECEPTION/FALSE PRET - INTERNET,2024-09-20T17:38:00Z,Closed - Inactive,45555.734722222223,NULL,NA
24002869,FALSE INFORMATION - GIVEN TO OFC.,2024-09-20T08:40:00Z,Closed - Cleared by Arrest-Adult,45555.300694444442,NULL,300 N 17th St
24002866,TRESPASSING,2024-09-20T07:13:00Z,Closed - Non-Criminal Case,45555.300694444442,NULL,300 N 17th St
24002862,ALCOHOL - USING FALSE I.D.,2024-09-20T00:45:00Z,Closed - Cleared by Arrest-Adult,45555.03125,NULL,1120 N 14th St
24002860,ALCOHOL - MINOR IN POSSESSION,2024-09-19T23:48:00Z,Closed - Non-Criminal Case,45554.991666666669,NULL,1130 N 14th St
24002857,TRAFFIC - OTHER,2024-09-19T23:33:00Z,Closed - Inactive,45554.981249999997,NULL,N ANTELOPE VALLEY PKWY & MILITARY RD
24002851,LARCENY - STOLEN BIKE,2024-09-19T16:33:00Z,Closed - Cleared by Arrest-Adult,45530,45554.689583333333,820 N 17th St
24002839,DISTURBANCE - OTHER,2024-09-18T23:07:00Z,Closed - Non-Criminal Case,45553.75,NULL,VINE ST & N 14TH ST
24002835,LARCENY - OTHER OR FROM OPEN AREA,2024-09-18T19:57:00Z,Closed - Cleared by Arrest-Juvenile,45553.75,NULL,600 N 17th St
24002840,OUTSIDE - O.P.S. OTHER,2024-09-18T01:12:00Z,Closed - Non-Criminal Case,45553.05,NULL,N 26TH ST & W ST
24002814,TRAFFIC - OTHER,2024-09-17T17:03:00Z,Closed - Cleared by Arrest-Adult,45552.710416666669,NULL,N 16TH ST & VINE ST
24002811,DISTURBANCE - OTHER,2024-09-17T16:30:00Z,Closed - Inactive,45552.666666666664,45552.673611111109,1901 Vine St
24002812,ASSAULT - NON DOMESTIC,2024-09-17T15:36:00Z,Closed - Inactive,45551.979166666664,45552.604166666664,1120 N 14th St
24002810,DISTURBANCE - OTHER,2024-09-17T15:25:00Z,Closed - Inactive,NULL,NULL,730 N 14th St
24002805,ACCIDENTS - P.D. H&R NOT REPORTABLE,2024-09-17T10:18:00Z,Closed - Cleared by Arrest-Adult,45551.364583333336,45551.666666666664,1055 N 16th St
24002803,TRESPASSING,2024-09-17T00:37:00Z,Closed - Non-Criminal Case,45552.025694444441,NULL,3721 East Campus Loop N
24002796,ACCIDENTS - P.D. H&R NOT REPORTABLE,2024-09-16T15:38:00Z,Closed - Non-Criminal Case,45549.583333333336,45550.666666666664,300 N 17th St
24002794,ACCIDENTS - P.D. H&R NOT REPORTABLE,2024-09-16T13:00:00Z,Closed - Cleared by Arrest-Adult,45539.425694444442,NULL,1111 N 14th St
24002786,NARCOTICS - POSSESSION,2024-09-15T23:15:00Z,Closed - Non-Criminal Case,45550.96875,NULL,1150 N 14th St
24002785,ALCOHOL - USING FALSE I.D.,2024-09-15T22:05:00Z,Closed - Cleared by Arrest-Adult,45550.920138888891,NULL,1400 R St
24002784,LARCENY - OTHER OR FROM OPEN AREA,2024-09-15T20:24:00Z,Closed - Unfounded,45550.75,45550.822916666664,841 N 14th St
24002777,VANDALISM - OTHER,2024-09-15T11:43:00Z,Closed - Inactive,45547.6875,45550.488194444442,615 N 19th St
24002767,ALCOHOL - DRUNK,2024-09-14T20:31:00Z,Closed - Non-Criminal Case,45549.854861111111,NULL,1100 T St
24002764,ALCOHOL - MINOR IN POSSESSION,2024-09-14T17:14:00Z,Closed - Non-Criminal Case,45549.718055555553,NULL,600 N 15th St
24002756,ALCOHOL - DRUNK,2024-09-14T06:39:00Z,Closed - Non-Criminal Case,45549.277083333334,NULL,1535 R St
24002747,PROTECTION ORDER VIOLATION,2024-09-13T21:16:00Z,Closed - Cleared by Arrest-Adult,45548.864583333336,NULL,1130 N 14th St
24002741,TRESPASSING,2024-09-13T18:35:00Z,Closed - Non-Criminal Case,45548.774305555555,NULL,1433 W St
24002742,FRAUD - CON GAMES/DECEPTION/FALSE PRET - INTERNET,2024-09-13T18:32:00Z,Closed - Inactive,45545.479166666664,45548.75,880 N 17th St
OS24008,SEX OFFENSE - MOLEST/FONDLING,2024-09-13T00:00:00Z,NA - Clery Report Only,45415,45538,Noncampus
24002723,ALCOHOL - MINOR IN POSSESSION,2024-09-12T22:39:00Z,Closed - Cleared by Arrest-Adult,45547.943749999999,NULL,1130 N 14th St
24002714,DISTURBANCE - OTHER,2024-09-12T14:25:00Z,Closed - Non-Criminal Case,45547.416666666664,45547.430555555555,1400 R St
24002712,VANDALISM - OTHER,2024-09-12T13:09:00Z,Closed - Non-Criminal Case,45546.864583333336,45547.520833333336,300 N 17th St
24002713,FRAUD - CON GAMES/DECEPTION/FALSE    PRETENSE/OTHER,2024-09-12T13:03:00Z,Closed - Inactive,45541.365277777775,NULL,NA
24002708,ALCOHOL - MINOR IN POSSESSION,2024-09-12T02:25:00Z,Closed - Cleared by Arrest-Adult,45547.100694444445,NULL,1130 N 14th St
24002707,ALCOHOL - MINOR IN POSSESSION,2024-09-12T01:30:00Z,Closed - Cleared by Arrest-Adult,45547.058333333334,NULL,820 N 17th St
24002706,ALCOHOL - USING FALSE I.D.,2024-09-12T00:08:00Z,Closed - Cleared by Arrest-Adult,45547.005555555559,NULL,841 N 14th St
24002705,TRESPASSING,2024-09-11T23:42:00Z,Closed - Inactive,45546.987500000003,NULL,N 38TH ST & HUNTINGTON AVE
24002704,ALCOHOL - MINOR IN POSSESSION,2024-09-11T23:14:00Z,Closed - Cleared by Arrest-Adult,45546.968055555553,NULL,1130 N 14th St
24002701,TRESPASSING,2024-09-11T22:30:00Z,Closed - Cleared by Arrest-Adult,45546.9375,NULL,1400 R St
24002694,FRAUD - CON GAMES/DECEPTION/FALSE    PRETENSE/OTHER,2024-09-11T11:40:00Z,Closed - Inactive,45546.394444444442,45546.4375,300 N 17th St
24002793,TRESPASSING,2024-09-11T07:59:00Z,Closed - Inactive,45543.805555555555,45543.818749999999,2225 W St
24002709,OUTSIDE - O.P.S. OTHER,2024-09-11T07:23:00Z,Closed - Non-Criminal Case,45543.069444444445,NULL,N 10TH ST & Q ST
24002691,TRESPASSING,2024-09-11T04:05:00Z,Closed - Non-Criminal Case,45546.170138888891,NULL,1400 R St
24002688,ASSAULT - NON DOMESTIC,2024-09-10T22:27:00Z,Closed - Cleared by Arrest-Adult,45545.90625,45545.927083333336,1600 Court St
24002677,ACCIDENTS - P.D. H&R NOT REPORTABLE,2024-09-10T11:17:00Z,Closed - Non-Criminal Case,45543.583333333336,45544.604166666664,615 N 19th St
24002676,ASSAULT - NON DOMESTIC,2024-09-10T10:50:00Z,Closed - Non-Criminal Case,45542.888194444444,45542.898611111108,1100 T St
24002673,OUTSIDE - O.P.S. OTHER,2024-09-10T10:30:00Z,Closed - Inactive,45542.977083333331,45542.978472222225,3332 Starr St
24002674,DISTURBANCE - OTHER,2024-09-10T10:13:00Z,Closed - Non-Criminal Case,45544.958333333336,45544.999305555553,402 Stadium Dr
24002668,ALCOHOL - MINOR IN POSSESSION,2024-09-09T23:47:00Z,Closed - Non-Criminal Case,45544.990972222222,NULL,1150 N 14th St
24002667,ALCOHOL - MINOR IN POSSESSION,2024-09-09T23:20:00Z,Closed - Cleared by Arrest-Adult,45544.972222222219,NULL,1120 N 14th St
24002665,DISTURBANCE - OTHER,2024-09-09T21:55:00Z,Closed - Cleared by Arrest-Adult,45544.90625,NULL,1300 R St
24002664,LARCENY - STOLEN BIKE,2024-09-09T20:04:00Z,Closed - Non-Criminal Case,45544.834027777775,NULL,820 N 17th St
24002663,FRAUD - CON GAMES/DECEPTION/FALSE    PRETENSE/OTHER,2024-09-09T16:34:00Z,Closed - Inactive,45544.541666666664,NULL,300 N 17th St
24002661,ACCIDENTS - P.D. H&R NOT REPORTABLE,2024-09-09T15:21:00Z,Closed - Inactive,45541.340277777781,45541.645833333336,625 Stadium Dr
24002658,ACCIDENTS - P.D. H&R NOT REPORTABLE,2024-09-09T13:09:00Z,Closed - Inactive,45542.583333333336,45542.999305555553,1111 Salt Creek Rdwy
24002696,DISTURBANCE - OTHER,2024-09-09T10:33:00Z,Closed - Non-Criminal Case,45542.625,NULL,745 N 14th St
24002642,ACCIDENTS - P.D. H&R NOT REPORTABLE,2024-09-08T16:01:00Z,Closed - Non-Criminal Case,45539.75,45543.5,300 N 17th St
24002639,ACCIDENTS - P.D. H&R NOT REPORTABLE,2024-09-08T11:00:00Z,Closed - Cleared by Arrest-Adult,45537.708333333336,45543.395833333336,300 N 17th St
24002637,ASSAULT - DOMESTIC,2024-09-08T01:56:00Z,Closed - Cleared by Arrest-Adult,45543.080555555556,NULL,201 C St
24002636,LARCENY - OTHER OR FROM OPEN AREA,2024-09-08T01:13:00Z,Closed - Inactive,45542.897222222222,NULL,1130 N 14th St
24002631,DISTURBANCE - OTHER,2024-09-07T21:48:00Z,Closed - Cleared by Arrest-Adult,45542.895833333336,45542.908333333333,909 Q St
24002628,FRAUD - CON GAMES/DECEPTION/FALSE    PRETENSE/OTHER,2024-09-07T19:45:00Z,Closed - Inactive,45542.604166666664,NULL,1100 T St
24002627,WEAPONS – OTHER,2024-09-07T19:10:00Z,Closed - Cleared by Arrest-Adult,45542.760416666664,45542.798611111109,1100 T St
24002621,FRAUD - CON GAMES/DECEPTION/FALSE    PRETENSE/OTHER,2024-09-07T14:35:00Z,Closed - Inactive,45542.607638888891,NULL,NA
24002654,FRAUD - CON GAMES/DECEPTION/FALSE    PRETENSE/OTHER,2024-09-07T14:23:00Z,Closed - Inactive,45542.5625,45542.599305555559,NA
24002613,ALCOHOL - MINOR IN POSSESSION,2024-09-06T23:38:00Z,Closed - Non-Criminal Case,45541.984722222223,NULL,880 N 17th St
24002609,TRESPASSING,2024-09-06T20:38:00Z,Closed - Cleared by Arrest-Adult,45541.770833333336,45541.8125,1710 Arbor Dr
24002606,DISTURBANCE - OTHER,2024-09-06T15:45:00Z,Closed - Non-Criminal Case,45541.65625,NULL,3550 East Campus Loop S
24002604,ACCIDENTS - P.D. H&R NOT REPORTABLE,2024-09-06T14:49:00Z,Closed - Inactive,45538.5625,45540.666666666664,1150 N 14th St
24002602,VANDALISM - BY GRAFFITI,2024-09-06T13:42:00Z,Closed - Inactive,45541.570833333331,NULL,1248 R St
24002601,FRAUD - CON GAMES/DECEPTION/FALSE    PRETENSE/OTHER,2024-09-06T13:25:00Z,Closed - Inactive,45538.394444444442,45541.384722222225,820 N 17th St
24002598,ACCIDENTS - P.D. H&R NOT REPORTABLE,2024-09-06T10:20:00Z,Closed - Cleared by Arrest-Adult,45541.413888888892,NULL,1101 Salt Creek Rdwy
24002594,LARCENY - STOLEN BIKE,2024-09-06T07:27:00Z,Closed - Inactive,45540.833333333336,45541.208333333336,1830 Vine St
24002593,ALCOHOL - DRUNK,2024-09-06T03:04:00Z,Closed - Non-Criminal Case,45541.12777777778,NULL,820 N 17th St
24002588,SUSPICIOUS PERSON,2024-09-05T22:05:00Z,Closed - Cleared by Arrest-Juvenile,45540.895833333336,NULL,300 N 17th St
24002583,ACCIDENTS - P.D. REPORTABLE,2024-09-05T15:38:00Z,Closed - Non-Criminal Case,45540.651388888888,NULL,N 35TH ST & CENTER ST
24002581,ACCIDENTS - P.D. H&R NOT REPORTABLE,2024-09-05T14:27:00Z,Closed - Non-Criminal Case,45539.472222222219,45539.770833333336,707 Stadium Dr
24002580,FRAUD - CON GAMES/DECEPTION/FALSE    PRETENSE/OTHER,2024-09-05T14:09:00Z,Closed - Inactive,45540.507638888892,45540.56527777778,820 N 17th St
24002577,LARCENY - FROM MOTOR VEHICLE,2024-09-05T13:24:00Z,Closed - Inactive,45529.75,45533.541666666664,1430 Idylwild Dr
24002571,DISTURBANCE - OTHER,2024-09-05T08:01:00Z,Closed - Non-Criminal Case,45539.666666666664,45540.3125,1300 R St
24002570,TRESPASSING,2024-09-05T05:09:00Z,Closed - Non-Criminal Case,45540.214583333334,NULL,1100 T St
24002563,ACCIDENTS - P.D. H&R NOT REPORTABLE,2024-09-04T14:50:00Z,Closed - Inactive,45538.513888888891,45539.597222222219,3940 Fair St
24002552,TRESPASSING,2024-09-04T06:57:00Z,Closed - Non-Criminal Case,45539.289583333331,NULL,300 N 17th St
24002545,FRAUD - CON GAMES/DECEPTION/FALSE    PRETENSE/OTHER,2024-09-03T21:21:00Z,Closed - Inactive,45538.88958333333,NULL,300 N 17th St
24002529,TRESPASSING,2024-09-02T21:06:00Z,Closed - Cleared by Arrest-Adult,45537.879166666666,NULL,1545 S St
24002527,ACCIDENTS - INJURY,2024-09-02T17:56:00Z,Closed - Non-Criminal Case,45537.743750000001,NULL,HOLDREGE ST & IDYLWILD DR
24002510,ALCOHOL - MINOR IN POSSESSION,2024-09-01T23:36:00Z,Closed - Non-Criminal Case,45535.98333333333,NULL,820 N 17th St
24002509,DISTURBANCE - OTHER,2024-09-01T22:45:00Z,Closed - Inactive,45536.9375,NULL,1600 Court St
24002522,SEX OFFENSE - MOLEST/FONDLING,2024-09-01T15:37:00Z,Closed - Inactive,45536.020833333336,45536.046527777777,1780 R St
24002521,FRAUD - CON GAMES/DECEPTION/FALSE    PRETENSE/OTHER,2024-09-01T14:52:00Z,Closed - Inactive,45529,45536.619444444441,733 N 17th St
24002513,ALCOHOL - UNL POLICY VIOLATION,2024-09-01T00:27:00Z,Closed - Inactive,45535.458333333336,45535.833333333336,1400 R St
24002504,VANDALISM - OTHER,2024-08-31T18:34:00Z,Closed - Non-Criminal Case,45535.4375,45535.5625,1400 R St
24002501,ALCOHOL - MINOR IN POSSESSION,2024-08-31T12:59:00Z,Closed - Non-Criminal Case,45535.395833333336,45535.5,550 N 19th St
24002498,ALCOHOL - MINOR IN POSSESSION,2024-08-31T01:08:00Z,Closed - Non-Criminal Case,45535.047222222223,NULL,880 N 17th St
24002487,TRAFFIC - OTHER,2024-08-31T00:09:00Z,Closed - Inactive,45535.006249999999,NULL,R ST & N 17TH ST
24002496,LARCENY - OTHER OR FROM OPEN AREA,2024-08-30T22:27:00Z,Closed - Inactive,45534.791666666664,45534.916666666664,820 N 17th St
24002488,ACCIDENTS - P.D. H&R NOT REPORTABLE,2024-08-30T13:36:00Z,Closed - Inactive,45532,45533.65625,1111 N 14th St
24002482,SUSPICIOUS PERSON,2024-08-30T01:12:00Z,Closed - Cleared by Arrest-Adult,45534.05,NULL,1150 N 14th St
24002480,ACCIDENTS - P.D. H&R NOT REPORTABLE,2024-08-29T21:48:00Z,Closed - Cleared by Arrest-Juvenile,45533.892361111109,NULL,1801 R St
24002470,FRAUD - CREDIT CARDS/ATM/BANK CARD,2024-08-29T15:11:00Z,Closed - Inactive,45532.394444444442,45533.632638888892,415 N 16th St
24002461,ASSAULT - NON DOMESTIC,2024-08-28T23:05:00Z,Closed - Inactive,45532.961805555555,NULL,1545 R St
24002451,FRAUD - CON GAMES/DECEPTION/FALSE    PRETENSE/OTHER,2024-08-28T11:39:00Z,Closed - Inactive,45532.138888888891,NULL,415 N 16th St
24002449,FRAUD - CON GAMES/DECEPTION/FALSE    PRETENSE/OTHER,2024-08-28T09:42:00Z,Closed - Inactive,45516.530555555553,45532.530555555553,440 N 17th St
24002446,ALCOHOL - MINOR IN POSSESSION,2024-08-28T01:14:00Z,Closed - Inactive,45532.051388888889,NULL,1120 N 14th St
24002444,ALCOHOL - MINOR IN POSSESSION,2024-08-27T22:39:00Z,Closed - Cleared by Arrest-Adult,45531.943749999999,NULL,880 N 17th St
24002445,ALCOHOL - OPEN CONTAINER,2024-08-27T22:30:00Z,Closed - Non-Criminal Case,45531.9375,NULL,Y ST & N 21ST ST
24002440,DISTURBANCE - OTHER,2024-08-27T18:23:00Z,Closed - Inactive,45531.75,NULL,733 N 17th St
24002428,DISTURBANCE - DOMESTIC,2024-08-27T00:17:00Z,Closed - Inactive,45531.011805555558,45531.052083333336,N 14TH ST & R ST
24002425,ALCOHOL - MINOR IN POSSESSION,2024-08-26T22:58:00Z,Closed - Cleared by Arrest-Adult,45530.956944444442,NULL,N ANTELOPE VALLEY PKWY & VINE ST
24002405,DISTURBANCE - OTHER,2024-08-26T07:08:00Z,Closed - Non-Criminal Case,45526.333333333336,45529.854166666664,300 N 17th St
24002403,FND ARTICLE OTHER THAN ABAND. BIKE OR VEH.,2024-08-25T23:47:00Z,Closed - Cleared by Arrest-Adult,45529.990972222222,NULL,300 N 17th St
24002402,TRESPASSING,2024-08-25T23:34:00Z,Closed - Inactive,45529.981944444444,NULL,200 Centennial Mall N
24002399,NARCOTICS - POSSESSION,2024-08-25T13:57:00Z,Closed - Cleared by Arrest-Adult,45529.581250000003,NULL,N 16TH ST & S ST
24002394,ALCOHOL - USING FALSE I.D.,2024-08-24T16:05:00Z,Closed - Cleared by Arrest-Adult,NULL,NULL,300 N 17th St
24002393,SEX OFFENSE - RAPE,2024-08-24T15:24:00Z,Closed - Inactive,45528.208333333336,45528.291666666664,1801 R St
24002386,ACCIDENTS - P.D. H&R NOT REPORTABLE,2024-08-24T01:36:00Z,Closed - Cleared by Arrest-Adult,45528.06527777778,NULL,1220 N 14th St
24002375,NARCOTICS - POSSESSION,2024-08-23T01:28:00Z,Closed - Cleared by Arrest-Adult,45527.061111111114,NULL,820 N 16th St
24002374,FIRE - FALSE ALARM,2024-08-22T22:24:00Z,Closed - Non-Criminal Case,45526.933333333334,NULL,1535 R St
24002371,FRAUD - CREDIT CARDS/ATM/BANK CARD,2024-08-22T17:35:00Z,Closed - Inactive,45526.697916666664,45526.732638888891,841 N 14th St
24002370,LARCENY - OTHER OR FROM OPEN AREA,2024-08-22T16:07:00Z,Closed - Non-Criminal Case,45526.660416666666,45526.671527777777,733 N 17th St
24002362,ALCOHOL - MINOR IN POSSESSION,2024-08-22T01:36:00Z,Closed - Non-Criminal Case,45526.066666666666,NULL,1780 R St
24002360,ALCOHOL - MINOR IN POSSESSION,2024-08-22T00:51:00Z,Closed - Cleared by Arrest-Adult,45526.035416666666,NULL,600 N 17th St
24002357,SUSPICIOUS PERSON,2024-08-21T21:45:00Z,Closed - Non-Criminal Case,45525.850694444445,NULL,1140 N 14th St
24002369,DISTURBANCE - OTHER,2024-08-21T17:16:00Z,Closed - Cleared by Arrest-Juvenile,45468.333333333336,45468.999305555553,1150 N 14th St
24002353,DISTURBANCE - OTHER,2024-08-21T17:07:00Z,Closed - Inactive,45522.875,45524.767361111109,4000 East Campus Loop S
24002351,LARCENY - FROM BUILDING,2024-08-21T17:02:00Z,Closed - Inactive,45525.572916666664,45525.618055555555,1248 R St
24002348,TELEPHONE - OTHER,2024-08-21T12:32:00Z,Closed - Non-Criminal Case,45525.489583333336,45525.520833333336,501 N 14th St
24002344,OUTSIDE - O.P.S. OTHER,2024-08-20T19:33:00Z,Closed - Non-Criminal Case,NULL,NULL,N 34TH ST & STARR ST
24002343,TRAFFIC - SUSPENDED DRIVER,2024-08-20T18:07:00Z,Closed - Cleared by Arrest-Adult,45524.754861111112,NULL,N 18TH ST & R ST
24002335,NARCOTICS - POSSESSION,2024-08-20T01:10:00Z,Closed - Cleared by Arrest-Adult,45524.048611111109,NULL,N 33RD ST & HITCHCOCK ST
24002331,TRAFFIC - SUSPENDED DRIVER,2024-08-19T19:32:00Z,Closed - Cleared by Arrest-Adult,45523.813888888886,NULL,N 10TH ST & T ST
24002327,NARCOTICS - OTHER,2024-08-19T11:30:00Z,Closed - Non-Criminal Case,NULL,NULL,1801 R St
24002323,LARCENY - STOLEN BIKE,2024-08-19T08:53:00Z,Closed - Inactive,45520.666666666664,45523.370138888888,300 N 17th St
24002321,DISTURBANCE - OTHER,2024-08-18T18:12:00Z,Closed - Non-Criminal Case,45522.758333333331,NULL,1400 R St
24002308,TRAFFIC - SUSPENDED DRIVER,2024-08-16T23:17:00Z,Closed - Cleared by Arrest-Adult,45520.970138888886,NULL,N 33RD ST & MERRILL ST
24002301,TRESPASSING,2024-08-15T15:57:00Z,Closed - Non-Criminal Case,45517.70208333333,45519.70208333333,3520 East Campus Loop N
24002297,TELEPHONE - OTHER,2024-08-15T11:22:00Z,Closed - Inactive,45519.456250000003,45519.461111111108,1400 R St
24002296,NARCOTICS - POSSESSION,2024-08-15T00:14:00Z,Closed - Cleared by Arrest-Adult,45519.009722222225,NULL,N 22ND ST & T BLVD
24002295,TRAFFIC - SUSPENDED DRIVER,2024-08-14T23:40:00Z,Closed - Cleared by Arrest-Adult,45518.986111111109,NULL,NA
24002294,TRAFFIC - SUSPENDED DRIVER,2024-08-14T22:24:00Z,Closed - Cleared by Arrest-Adult,45518.933333333334,NULL,N 33RD ST & POTTER ST
24002276,LARCENY - BAIT BIKE - UNL,2024-08-12T21:59:00Z,Closed - Cleared by Arrest-Juvenile,45516.915972222225,NULL,503 N 14th St
OS21014,SEX OFFENSE - MOLEST/FONDLING,2024-08-12T14:30:00Z,NA - Clery Report Only,44462.5,NULL,1545 R St
24002268,TRAFFIC - SUSPENDED DRIVER,2024-08-11T16:18:00Z,Closed - Cleared by Arrest-Adult,45515.679166666669,NULL,N 10TH ST & T ST
24002266,NARCOTICS - POSSESSION,2024-08-11T10:44:00Z,Closed - Cleared by Arrest-Adult,45515.447222222225,NULL,200 Centennial Mall N
24002265,ALCOHOL - DWI,2024-08-10T23:54:00Z,Closed - Cleared by Arrest-Adult,45514.995833333334,NULL,N 14TH ST & SALT CREEK RD
24002261,OUTSIDE - O.P.S. OTHER,2024-08-10T02:24:00Z,Closed - Cleared by Arrest-Adult,45514.1,NULL,N 13TH ST & O ST
24002260,ALCOHOL - MINOR IN POSSESSION,2024-08-09T23:23:00Z,Closed - Cleared by Arrest-Adult,45513.974305555559,45514.000694444447,N 17TH ST & Q ST
24002259,TRAFFIC - SUSPENDED DRIVER,2024-08-09T22:07:00Z,Closed - Cleared by Arrest-Adult,45513.921527777777,NULL,N 33RD ST & HOLDREGE ST
24002255,OUTSIDE - O.P.S. OTHER,2024-08-09T15:34:00Z,Closed - Non-Criminal Case,NULL,NULL,2225 W St
24002254,ACCIDENTS - P.D. H&R NOT REPORTABLE,2024-08-09T14:11:00Z,Closed - Non-Criminal Case,45513.436805555553,NULL,1100 T St
24002251,TRESPASSING,2024-08-09T00:04:00Z,Closed - Non-Criminal Case,45513.00277777778,NULL,503 N 14th St
24002248,LARCENY - STOLEN BIKE,2024-08-08T16:59:00Z,Closed - Inactive,45511.708333333336,45512.333333333336,2225 W St
24002245,LARCENY - OTHER OR FROM OPEN AREA,2024-08-08T07:48:00Z,Closed - Inactive,45512.104861111111,45512.109027777777,2200 Vine St
24002237,TRAFFIC - SUSPENDED DRIVER,2024-08-07T18:13:00Z,Closed - Cleared by Arrest-Adult,45511.759027777778,NULL,ANTELOPE VALLEY PARKWAY & VINE ST
OS23016,OUTSIDE CRIME - REPORTS OUTSIDE JURISDICTION,2024-08-07T12:57:00Z,NA - Clery Report Only,45014.5,NULL,"6825 Pine St, Omaha, NE"
24002229,DISTURBANCE - OTHER,2024-08-06T16:38:00Z,Closed - Inactive,NULL,NULL,1875 N 42nd St
24002219,DISTURBANCE - OTHER,2024-08-05T19:07:00Z,Closed - Inactive,45509.796527777777,NULL,1400 R St
24002214,ASSAULT - NON DOMESTIC,2024-08-05T13:46:00Z,Closed - Inactive,45199.5,45509.625,1100 T St
24002212,TRESPASSING,2024-08-05T10:16:00Z,Closed - Non-Criminal Case,45509.427777777775,NULL,1400 R St
24002210,ALCOHOL - DWI,2024-08-05T01:44:00Z,Closed - Cleared by Arrest-Adult,45509.072222222225,NULL,1150 N 14th St
24002205,OUTSIDE - O.P.S. OTHER,2024-08-03T02:37:00Z,Closed - Cleared by Arrest-Adult,45507.109027777777,NULL,555 S 9th St
24002204,TRAFFIC - SUSPENDED DRIVER,2024-08-03T00:21:00Z,Closed - Cleared by Arrest-Adult,45507.01458333333,NULL,N 33RD ST & HOLDREGE ST
24002202,TRESPASSING,2024-08-02T21:23:00Z,Closed - Non-Criminal Case,45506.878472222219,NULL,N ANTELOPE VALLEY PKWY & VIRGINIA ST
24002197,DISTURBANCE - OTHER,2024-08-01T14:59:00Z,Closed - Inactive,45502.676388888889,45503.790277777778,840 N 14th St
24002195,AUTO THEFT,2024-08-01T13:27:00Z,Closed - Inactive,45504.458333333336,45505.520833333336,3330 Starr St
24002190,DISTURBANCE - OTHER,2024-08-01T08:32:00Z,Closed - Inactive,45505.355555555558,NULL,1248 R St
24002187,NARCOTICS - POSSESSION,2024-08-01T00:11:00Z,Closed - Cleared by Arrest-Adult,45505.007638888892,NULL,N 33RD ST & HOLDREGE ST
24002165,LARCENY - OTHER OR FROM OPEN AREA,2024-07-29T19:46:00Z,Closed - Inactive,45502.77847222222,NULL,855 N 16th St
24002160,TRESPASSING,2024-07-29T11:44:00Z,Closed - Non-Criminal Case,45502.488888888889,NULL,1300 Q St
24002159,NARCOTICS - POSSESSION,2024-07-29T11:00:00Z,Closed - Cleared by Arrest-Adult,45502.416666666664,NULL,SALT CREEK RDWY & N 14TH ST
24002155,TRESPASSING,2024-07-27T22:54:00Z,Closed - Non-Criminal Case,45500.95416666667,NULL,1100 T St
24002153,OUTSIDE - O.P.S. OTHER,2024-07-27T17:56:00Z,Closed - Cleared by Arrest-Adult,45500.74722222222,NULL,3310 Holdrege St
24002150,TRAFFIC - SUSPENDED DRIVER,2024-07-26T17:56:00Z,Closed - Cleared by Arrest-Adult,45499.74722222222,NULL,N 17TH ST & N ANTELOPE VALLEY PKWY
24002149,TRAFFIC - SUSPENDED DRIVER,2024-07-26T05:10:00Z,Closed - Cleared by Arrest-Adult,45499.215277777781,NULL,N 14TH ST & W ST
24002142,DISTURBANCE - OTHER,2024-07-25T07:18:00Z,Closed - Non-Criminal Case,45496.900694444441,NULL,300 N 17th St
24002139,TRAFFIC - SUSPENDED DRIVER,2024-07-24T23:06:00Z,Closed - Cleared by Arrest-Adult,45497.962500000001,NULL,N ANTELOPE VALLEY PKWY & SAUNDERS AVE
24002138,OUTSIDE - O.P.S. OTHER,2024-07-24T18:36:00Z,Closed - Non-Criminal Case,45497.775000000001,NULL,N 19TH ST & VINE ST
24002133,TRAFFIC - SUSPENDED DRIVER,2024-07-24T10:58:00Z,Closed - Cleared by Arrest-Adult,45497.456944444442,NULL,ANTELOPE VALLEY PARKWAY & TRANSFORMATION DR
24002120,LARCENY - OTHER OR FROM OPEN AREA,2024-07-23T09:30:00Z,Closed - Inactive,45490.476388888892,45495.958333333336,660 N 12th St
24002116,FIRE - FALSE ALARM,2024-07-22T15:09:00Z,Closed - Non-Criminal Case,45495.631249999999,NULL,841 N 14th St
24002113,DISTURBANCE - OTHER,2024-07-22T12:24:00Z,Closed - Non-Criminal Case,45495.51666666667,NULL,880 N 17th St
24002102,TRAFFIC - SUSPENDED DRIVER,2024-07-19T22:00:00Z,Closed - Cleared by Arrest-Adult,45492.916666666664,NULL,N 33RD ST & HOLDREGE ST
24002099,TRAFFIC - SUSPENDED DRIVER,2024-07-19T16:52:00Z,Closed - Cleared by Arrest-Adult,45492.702777777777,45492.759722222225,N 33RD ST & ST PAUL AVE
24002101,NARCOTICS - POSSESSION,2024-07-19T16:52:00Z,Closed - Cleared by Arrest-Adult,45492.702777777777,45492.759722222225,N 33RD ST & ST PAUL AVE
24002092,OUTSIDE - O.P.S. OTHER,2024-07-18T15:18:00Z,Closed - Non-Criminal Case,45491.604166666664,45491.67291666667,1400 R St
24002085,TRAFFIC - SUSPENDED DRIVER,2024-07-17T14:41:00Z,Closed - Cleared by Arrest-Adult,45490.611805555556,NULL,Q ST & N 17TH ST
24002084,TRAFFIC - OTHER,2024-07-17T12:11:00Z,Closed - Non-Criminal Case,45489.6875,NULL,ANTELOPE VALLEY PARKWAY & P ST
24002072,ACCIDENTS - P.D. H&R NOT REPORTABLE,2024-07-15T21:19:00Z,Closed - Cleared by Arrest-Adult,45488.888194444444,NULL,1000 N 16th St
24002071,SUSPICIOUS PERSON,2024-07-15T18:14:00Z,Closed - Non-Criminal Case,45488.722222222219,45488.739583333336,CENTER DR & ARBOR DR
24002062,LARCENY - FROM MOTOR VEHICLE,2024-07-14T21:21:00Z,Closed - Cleared by Arrest-Adult,45485.708333333336,45487.875,1801 R St
24002070,VANDALISM - OTHER,2024-07-14T14:30:00Z,Closed - Inactive,45487.5,NULL,1801 R St
24002058,NARCOTICS - POSSESSION,2024-07-13T20:57:00Z,Closed - Cleared by Arrest-Adult,45486.872916666667,45486.9,LEIGHTON AVE & N 33RD ST
24002055,TRESPASSING,2024-07-13T14:38:00Z,Closed - Non-Criminal Case,45486.609722222223,NULL,4040 East Campus Loop N
24002052,ARSON,2024-07-13T06:08:00Z,Closed - Cleared by Arrest-Adult,45486.255555555559,NULL,ANTELOPE VALLEY PARKWAY & VIRGINIA ST
24002050,NARCOTICS - POSSESSION,2024-07-12T23:44:00Z,Closed - Cleared by Arrest-Adult,45485.988888888889,NULL,Y ST & N 17TH ST
24002048,SEX OFFENSE - OTHER,2024-07-12T17:27:00Z,Closed - Inactive,45485.166666666664,45485.201388888891,301 N 12th St
24002031,TRAFFIC - SUSPENDED DRIVER,2024-07-11T18:11:00Z,Closed - Cleared by Arrest-Adult,45484.757638888892,NULL,N ANTELOPE VALLEY PKWY & S ST
24002030,VANDALISM - OTHER,2024-07-11T17:57:00Z,Closed - Inactive,45484.71597222222,NULL,820 N 17th St
24002015,LARCENY - STOLEN BIKE,2024-07-10T15:37:00Z,Closed - Inactive,45482.6875,45482.875,660 N 12th St
24002013,LARCENY - OTHER OR FROM OPEN AREA,2024-07-10T08:13:00Z,Closed - Inactive,45482.833333333336,45483.333333333336,1801 R St
24002001,LARCENY - FROM MOTOR VEHICLE,2024-07-09T10:01:00Z,Closed - Inactive,45481.6875,45481.722222222219,POTTER ST & N 44TH ST
24001998,TRAFFIC - SUSPENDED DRIVER,2024-07-08T17:18:00Z,Closed - Cleared by Arrest-Adult,45481.720833333333,NULL,ANTELOPE VALLEY PARKWAY & MILITARY RD
24001997,FND ARTICLE OTHER THAN ABAND. BIKE OR VEH.,2024-07-08T16:47:00Z,Closed - Inactive,NULL,NULL,1317 Q St
24001992,ACCIDENTS - P.D. H&R NOT REPORTABLE,2024-07-08T08:57:00Z,Closed - Non-Criminal Case,45476.604166666664,45476.645833333336,844 N 16th St
24001990,ACCIDENTS - P.D. H&R NOT REPORTABLE,2024-07-08T01:35:00Z,Closed - Cleared by Arrest-Adult,45480.972916666666,NULL,1220 N 14th St
24001989,NARCOTICS - POSSESSION,2024-07-07T21:49:00Z,Closed - Cleared by Arrest-Adult,45480.90902777778,NULL,1901 N Antelope Valley Pkwy
24001987,DISTURBANCE - OTHER,2024-07-07T16:16:00Z,Closed - Non-Criminal Case,45480.677777777775,NULL,1780 R St
24001986,TRESPASSING,2024-07-07T15:41:00Z,Closed - Non-Criminal Case,45480.65347222222,NULL,1010 N 14th St
24001985,TRAFFIC - SUSPENDED DRIVER,2024-07-07T11:24:00Z,Closed - Cleared by Arrest-Adult,45480.474999999999,NULL,N 22ND ST & VINE ST
24001983,OUTSIDE - O.P.S. OTHER,2024-07-07T02:20:00Z,Closed - Non-Criminal Case,45480.097222222219,NULL,SALT CREEK RDWY & N 21ST ST
24001982,OUTSIDE - O.P.S. OTHER,2024-07-07T00:14:00Z,Closed - Cleared by Arrest-Adult,45480.009722222225,NULL,NW 4TH ST
24001980,LARCENY - FROM MOTOR VEHICLE,2024-07-06T17:58:00Z,Closed - Inactive,45478.75,45479.666666666664,3401 Starr St
24001974,SUSPICIOUS PERSON,2024-07-05T22:57:00Z,Closed - Cleared by Arrest-Adult,45478.875,45478.916666666664,2218 Dudley St
24001961,TRAFFIC - SUSPENDED DRIVER,2024-07-04T22:56:00Z,Closed - Cleared by Arrest-Adult,45477.955555555556,NULL,ANTELOPE VALLEY PARKWAY & S ST
24001957,TRESPASSING,2024-07-04T01:08:00Z,Closed - Non-Criminal Case,45477.047222222223,NULL,1801 R St
24001956,TRESPASSING,2024-07-03T23:48:00Z,Closed - Non-Criminal Case,45476.991666666669,NULL,200 Centennial Mall N
24001955,LARCENY - OTHER OR FROM OPEN AREA,2024-07-03T20:32:00Z,Closed - Inactive,45476.835416666669,NULL,301 N 12th St
24001952,FRAUD - CON GAMES/DECEPTION/FALSE    PRETENSE/OTHER,2024-07-03T09:07:00Z,Closed - Inactive,45464.472222222219,45464.506249999999,1650 N 35th St
24001950,"HAZARDS - NON-TRAFFIC (WIRES,TREES,ETC)",2024-07-02T14:50:00Z,Closed - Non-Criminal Case,45475.614583333336,NULL,4000 East Campus Loop S
24001939,TRAFFIC - SUSPENDED DRIVER,2024-07-01T22:18:00Z,Closed - Cleared by Arrest-Adult,45474.929166666669,NULL,STADIUM DR & Salt Creek RDWY
24001937,LARCENY - OTHER OR FROM OPEN AREA,2024-07-01T18:26:00Z,Closed - Non-Criminal Case,45474.25,45474.270833333336,841 N 14th St
24001934,TRESPASSING,2024-07-01T10:15:00Z,Closed - Inactive,45473.870138888888,45473.884027777778,2225 W St
24001929,WEAPONS - CONCEALED,2024-06-30T23:04:00Z,Closed - Cleared by Arrest-Adult,45473.961111111108,NULL,ANTELOPE VALLEY PARKWAY & K ST
24001923,TRAFFIC - SUSPENDED DRIVER,2024-06-29T01:40:00Z,Closed - Cleared by Arrest-Adult,45472.069444444445,NULL,N 16TH ST & Q ST
24001924,ALCOHOL - MINOR IN POSSESSION,2024-06-29T01:28:00Z,Closed - Cleared by Arrest-Adult,45472.061111111114,NULL,N 16TH ST & VINE ST
24001922,NARCOTICS - POSSESSION,2024-06-29T00:07:00Z,Closed - Cleared by Arrest-Adult,45472.004861111112,NULL,N 14TH ST & R ST
24001918,SUSPICIOUS PERSON,2024-06-28T11:14:00Z,Closed - Non-Criminal Case,45470.875,45471.239583333336,1055 N 16th St
24001906,OUTSIDE - O.P.S. OTHER,2024-06-27T20:39:00Z,Closed - Non-Criminal Case,45470.86041666667,45470.86041666667,300 N 17th St
24001963,TRAFFIC - OTHER,2024-06-27T15:31:00Z,Closed - Cleared by Arrest-Adult,45470.646527777775,NULL,N 19TH ST & VINE ST
24001895,DISTURBANCE - DOMESTIC,2024-06-26T06:45:00Z,Closed - Non-Criminal Case,45469.25,45469.307638888888,1100 T St
24001887,OUTSIDE - O.P.S. OTHER,2024-06-25T11:37:00Z,Closed - Non-Criminal Case,NULL,NULL,550 N 19th St
24001885,TRESPASSING,2024-06-25T01:02:00Z,Closed - Non-Criminal Case,45468.043055555558,NULL,433 V St
24001883,TRESPASSING,2024-06-24T21:12:00Z,Closed - Cleared by Arrest-Adult,45467.875,45467.916666666664,1780 R St
24001880,TRAFFIC - SUSPENDED DRIVER,2024-06-24T18:14:00Z,Closed - Cleared by Arrest-Adult,45467.759722222225,NULL,N 18TH ST & Q ST
24001867,TRESPASSING,2024-06-23T04:58:00Z,Closed - Cleared by Arrest-Adult,45466.206944444442,NULL,300 N 17th St
24001866,TRESPASSING,2024-06-22T21:13:00Z,Closed - Cleared by Arrest-Adult,45465.884027777778,NULL,1350 Vine St
24001863,TRESPASSING,2024-06-21T23:32:00Z,Closed - Non-Criminal Case,45464.980555555558,NULL,1400 R St
24001845,LARCENY - STOLEN BIKE,2024-06-20T09:12:00Z,Closed - Inactive,45461.5,45463.326388888891,1801 R St
24001836,VANDALISM - BY GRAFFITI,2024-06-18T18:09:00Z,Closed - Inactive,45460.916666666664,45461.756249999999,2255 Vine St
24001833,LARCENY - STOLEN BIKE,2024-06-18T16:41:00Z,Closed - Inactive,45461.695138888892,NULL,1801 R St
24001831,VANDALISM - OTHER,2024-06-18T15:34:00Z,Closed - Non-Criminal Case,45460.60833333333,NULL,N 10TH ST & T ST
24001822,TRESPASSING,2024-06-17T11:29:00Z,Closed - Non-Criminal Case,44409,45258.478472222225,1600 Court St
24001819,TRESPASSING,2024-06-16T23:17:00Z,Closed - Non-Criminal Case,45459.970138888886,NULL,1400 R St
24001818,TRAFFIC - SUSPENDED DRIVER,2024-06-16T16:45:00Z,Closed - Cleared by Arrest-Adult,45459.697916666664,NULL,ANTELOPE VALLEY PARKWAY & N 17TH ST
24001810,TRESPASSING,2024-06-15T04:59:00Z,Closed - Non-Criminal Case,45458.207638888889,NULL,1400 R St
24001809,TRAFFIC - OTHER,2024-06-15T00:36:00Z,Closed - Cleared by Arrest-Adult,45458.025000000001,NULL,N 10TH ST & T ST
24001798,TRAFFIC - SUSPENDED DRIVER,2024-06-13T23:56:00Z,Closed - Cleared by Arrest-Adult,45456.99722222222,NULL,P ST & CENTENNIAL MALL
24001789,LARCENY - OTHER OR FROM OPEN AREA,2024-06-12T18:23:00Z,Closed - Non-Criminal Case,45292.789583333331,45455.765972222223,440 N 17th St #359
24001786,ACCIDENTS - P.D. H&R NOT REPORTABLE,2024-06-12T15:13:00Z,Closed - Non-Criminal Case,45455.291666666664,45455.625,615 N 19th St
24001785,TRESPASSING,2024-06-11T23:17:00Z,Closed - Non-Criminal Case,45454.970138888886,NULL,200 Centennial Mall N
24001774,TRAFFIC - SUSPENDED DRIVER,2024-06-10T22:49:00Z,Closed - Cleared by Arrest-Adult,45453.950694444444,NULL,N 16TH ST & S ST
24001773,TRAFFIC - SUSPENDED DRIVER,2024-06-10T19:51:00Z,Closed - Cleared by Arrest-Adult,45453.82708333333,NULL,Y ST & N 17TH ST
24001770,TRESPASSING,2024-06-10T16:30:00Z,Closed - Non-Criminal Case,45453.666666666664,45453.706250000003,1650 N 35th St
24001766,OUTSIDE - O.P.S. OTHER,2024-06-10T10:36:00Z,Closed - Non-Criminal Case,45453.441666666666,NULL,HITCHCOCK ST & N 28TH ST
24001759,NARCOTICS - POSSESSION,2024-06-09T20:34:00Z,Closed - Cleared by Arrest-Juvenile,45452.856944444444,NULL,N 10TH ST & NEW HAMPSHIRE ST
24001754,TRESPASSING,2024-06-09T01:27:00Z,Closed - Cleared by Arrest-Adult,45452.060416666667,NULL,1100 T St
24001753,TRESPASSING,2024-06-09T00:57:00Z,Closed - Non-Criminal Case,45452.039583333331,NULL,1400 R St
24001744,TRESPASSING,2024-06-07T15:43:00Z,Closed - Cleared by Arrest-Adult,45450.654861111114,NULL,1400 R St
24001743,ACCIDENTS - P.D. H&R NOT REPORTABLE,2024-06-07T14:10:00Z,Closed - Non-Criminal Case,45450.556250000001,NULL,1140 N 14th St
24001742,OUTSIDE - O.P.S. OTHER,2024-06-07T13:04:00Z,Closed - Non-Criminal Case,45432.333333333336,45438.875,41377 Rd 736
24001737,TRESPASSING,2024-06-06T17:12:00Z,Closed - Non-Criminal Case,45449.716666666667,NULL,512 N 12th St
24001768,OUTSIDE - O.P.S. OTHER,2024-06-06T10:28:00Z,Closed - Non-Criminal Case,NULL,NULL,300 N 17th St
24001732,TRESPASSING,2024-06-06T00:24:00Z,Closed - Non-Criminal Case,45449.01666666667,NULL,1523 N 33rd St
24001722,TRESPASSING,2024-06-05T03:01:00Z,Closed - Cleared by Arrest-Adult,45448.125694444447,NULL,1523 N 33rd St
24001719,TRESPASSING,2024-06-04T15:42:00Z,Closed - Non-Criminal Case,45447.654166666667,NULL,1523 N 33rd St
24001718,TRESPASSING,2024-06-04T13:28:00Z,Closed - Non-Criminal Case,45447.561111111114,NULL,1523 N 33rd St
24001717,TRESPASSING,2024-06-04T11:55:00Z,Closed - Inactive,45447.496527777781,NULL,1717 N 35th St
24001715,DISTURBANCE - DOMESTIC,2024-06-04T01:28:00Z,Closed - Non-Criminal Case,45447.061111111114,NULL,1360 Vine St
24001710,TRESPASSING,2024-06-03T11:27:00Z,Closed - Non-Criminal Case,45446.477083333331,NULL,300 N 17th St
24001705,VANDALISM - OTHER,2024-06-03T05:43:00Z,Closed - Inactive,45443.25,45446.234027777777,900 N 16th St
24001703,NARCOTICS - POSSESSION,2024-06-02T19:28:00Z,Closed - Cleared by Arrest-Adult,45445.811111111114,NULL,N 17TH ST & Y ST
24001698,TRESPASSING,2024-06-02T10:22:00Z,Closed - Cleared by Arrest-Adult,45445.431944444441,NULL,840 N 17th ST
24001697,TRAFFIC - SUSPENDED DRIVER,2024-06-02T00:25:00Z,Closed - Cleared by Arrest-Adult,45445.017361111109,NULL,N 18TH ST & P ST
24001683,TRESPASSING,2024-05-31T05:37:00Z,Closed - Non-Criminal Case,45443.234027777777,45443.234027777777,625 Stadium Dr
24001678,DISTURBANCE - OTHER,2024-05-30T17:58:00Z,Closed - Non-Criminal Case,45442.743055555555,NULL,1335 U St
24001676,ACCIDENTS - P.D. H&R NOT REPORTABLE,2024-05-30T16:49:00Z,Closed - Non-Criminal Case,45442.40625,45442.694444444445,300 N 17th St
24001680,DISTURBANCE - OTHER,2024-05-30T14:41:00Z,Closed - Non-Criminal Case,45442.559027777781,NULL,639 N 12th St
OS24006,STALKING,2024-05-30T13:45:00Z,NA - Clery Report Only,45442.5,45442.5,1901 Vine St
OS21013,STALKING,2024-05-30T12:00:00Z,NA - Clery Report Only,44440,NULL,1901 Vine St
OS22022,STALKING,2024-05-30T12:00:00Z,NA - Clery Report Only,44926,NULL,1901 Vine St
OS23015,STALKING,2024-05-30T12:00:00Z,NA - Clery Report Only,45291,NULL,1901 Vine St
24001667,TRAFFIC - OTHER,2024-05-30T01:26:00Z,Closed - Cleared by Arrest-Adult,45442.05972222222,NULL,1600 Court St
24001658,TRAFFIC - OTHER,2024-05-29T00:14:00Z,Closed - Inactive,45441.009722222225,NULL,N 18TH ST & P ST
24001657,TRAFFIC - SUSPENDED DRIVER,2024-05-28T22:56:00Z,Closed - Cleared by Arrest-Adult,45440.955555555556,NULL,HOLDREGE ST & N 33RD ST
24001656,TRAFFIC - OTHER,2024-05-28T20:02:00Z,Closed - Inactive,45440.834722222222,NULL,N 14TH ST & Salt Creek RDWY
24001655,LARCENY - OTHER OR FROM OPEN AREA,2024-05-28T15:42:00Z,Closed - Non-Criminal Case,45389.583333333336,45440.654166666667,1248 R St
24001652,TRESPASSING,2024-05-28T12:27:00Z,Closed - Cleared by Arrest-Adult,45440.518750000003,NULL,1400 R St
24001645,NARCOTICS - POSSESSION,2024-05-27T16:23:00Z,Closed - Cleared by Arrest-Adult,45439.682638888888,NULL,N 16TH ST & O ST
24001640,LARCENY - OTHER OR FROM OPEN AREA,2024-05-27T02:23:00Z,Closed - Inactive,45438.958333333336,45439.083333333336,503 N 14th St
24001716,NARCOTICS - POSSESSION,2024-05-27T01:35:00Z,Closed - Non-Criminal Case,45213.813888888886,NULL,440 N 17th St
24001639,TRAFFIC - SUSPENDED DRIVER,2024-05-26T22:06:00Z,Closed - Cleared by Arrest-Adult,45438.92083333333,NULL,N ANTELOPE VALLEY PKWY & TRANSFORMATION DR
24001637,FIRE - FALSE ALARM,2024-05-26T12:41:00Z,Closed - Non-Criminal Case,45438.52847222222,NULL,733 N 17th St
24001636,FIRE - FALSE ALARM,2024-05-26T11:36:00Z,Closed - Inactive,45438.48333333333,NULL,1875 N 38th St
24001635,FIRE - FALSE ALARM,2024-05-26T11:29:00Z,Closed - Non-Criminal Case,45438.478472222225,NULL,733 N 17th St
24001633,TRESPASSING,2024-05-26T08:33:00Z,Closed - Inactive,45437.6875,45438.3125,1901 Vine St
24001629,OUTSIDE - O.P.S. OTHER,2024-05-25T02:54:00Z,Closed - Non-Criminal Case,45437.120833333334,NULL,N 11TH ST & P ST
24001627,DISTURBANCE - OTHER,2024-05-24T18:26:00Z,Closed - Non-Criminal Case,45436.767361111109,NULL,1400 R St
24001624,TRESPASSING,2024-05-24T16:30:00Z,Closed - Non-Criminal Case,45436.6875,NULL,1400 R St
24001622,SUSPICIOUS VEHICLE,2024-05-24T10:45:00Z,Closed - Non-Criminal Case,45436.430555555555,45436.434027777781,1625 Arbor Dr
24001618,LARCENY - OTHER OR FROM OPEN AREA,2024-05-24T04:22:00Z,Closed - Cleared by Arrest-Adult,45436.181944444441,NULL,1055 N 16th St
24001613,TRESPASSING,2024-05-23T01:34:00Z,Closed - Inactive,45435.06527777778,NULL,1500 U St
24001609,CHILD ABUSE/NEG - PHYSICAL ABUSE,2024-05-21T21:07:00Z,Closed - Inactive,45433.291666666664,45433.645833333336,2225 W St
24001604,LARCENY - STOLEN BIKE,2024-05-21T18:06:00Z,Closed - Non-Criminal Case,45403,45433.754166666666,313 N 13th St
24001602,TRESPASSING,2024-05-21T01:41:00Z,Closed - Non-Criminal Case,45433.070138888892,NULL,301 N 12th St
24001601,TRAFFIC - SUSPENDED DRIVER,2024-05-20T23:05:00Z,Closed - Cleared by Arrest-Adult,45432.961805555555,NULL,N 27TH ST & CATHER RD
24001600,TRESPASSING,2024-05-20T21:53:00Z,Closed - Inactive,45432.911805555559,NULL,415 N 16th St
24001593,LARCENY - FROM BUILDING,2024-05-20T09:37:00Z,Closed - Non-Criminal Case,45428.791666666664,45428.854166666664,1705 Arbor Dr
24001588,NARCOTICS - POSSESSION,2024-05-19T22:09:00Z,Closed - Cleared by Arrest-Adult,45431.92291666667,NULL,N 27TH ST & ORCHARD ST
24001582,FIRE - FALSE ALARM,2024-05-19T02:05:00Z,Closed - Non-Criminal Case,45431.086805555555,NULL,715 N 16th St
24001581,TRESPASSING,2024-05-18T22:47:00Z,Closed - Cleared by Arrest-Adult,45430.949305555558,NULL,433 N 19th St
24001571,TRESPASSING,2024-05-18T03:41:00Z,Closed - Inactive,45430.125,NULL,905 N 14th St
24001568,ALCOHOL - MINOR IN POSSESSION,2024-05-18T00:13:00Z,Closed - Cleared by Arrest-Adult,45430.009027777778,NULL,SALT CREEK RDWY & N 14TH ST
24001564,TRAFFIC - SUSPENDED DRIVER,2024-05-17T22:59:00Z,Closed - Cleared by Arrest-Adult,45429.957638888889,NULL,N 17TH ST & Q ST
24001557,ACCIDENTS - P.D. H&R NOT REPORTABLE,2024-05-17T16:01:00Z,Closed - Non-Criminal Case,45424.833333333336,45428.645833333336,1801 R St
24001552,ALCOHOL - DWI,2024-05-17T02:24:00Z,Closed - Cleared by Arrest-Adult,45429.1,NULL,N 9TH ST & Q ST
24001543,TRESPASSING,2024-05-16T20:27:00Z,Closed - Cleared by Arrest-Adult,45428.852083333331,NULL,625 N 16th St
24001546,DISTURBANCE - OTHER,2024-05-16T16:53:00Z,Closed - Non-Criminal Case,45427.541666666664,NULL,820 N 16th St
24001538,ACCIDENTS - P.D. H&R NOT REPORTABLE,2024-05-16T11:14:00Z,Closed - Non-Criminal Case,45428.463194444441,NULL,1335 U St
24001537,DEATH - SUICIDE,2024-05-16T08:25:00Z,Closed - Non-Criminal Case,45428.027777777781,45428.045138888891,1801 R St
24001531,TRESPASSING,2024-05-16T00:10:00Z,Closed - Non-Criminal Case,45428.006944444445,NULL,1780 R St
24001532,TRAFFIC - SUSPENDED DRIVER,2024-05-16T00:04:00Z,Closed - Cleared by Arrest-Adult,45428.00277777778,NULL,N 33RD ST & HOLDREGE ST
24001529,SUSPICIOUS PERSON,2024-05-15T22:40:00Z,Closed - Cleared by Arrest-Adult,45427.944444444445,NULL,N 17TH ST & R ST
24001524,ACCIDENTS - P.D. H&R NOT REPORTABLE,2024-05-15T11:35:00Z,Closed - Non-Criminal Case,45427.458333333336,45427.479166666664,820 N 17th St
24001521,TRESPASSING,2024-05-15T05:48:00Z,Closed - Cleared by Arrest-Adult,45427.241666666669,NULL,1111 Salt Creek Rdwy
24001513,TELEPHONE - OTHER,2024-05-14T14:14:00Z,Closed - Inactive,45426.583333333336,45426.584027777775,550 N 19th St
24001511,LARCENY - STOLEN BIKE,2024-05-14T12:14:00Z,Closed - Non-Criminal Case,45426.416666666664,45426.509722222225,1300 R St
24001510,FIRE (WORKING) - NO ALARM,2024-05-14T11:58:00Z,Closed - Non-Criminal Case,45426.495833333334,NULL,W ST & N 16TH ST
24001508,ASSAULT - NON DOMESTIC,2024-05-13T22:50:00Z,Closed - Inactive,45425.943749999999,NULL,1801 R St
24001507,LARCENY - STOLEN BIKE,2024-05-13T21:31:00Z,Closed - Inactive,45425.833333333336,45425.875,3401 Starr St
24001505,LARCENY - FROM BUILDING,2024-05-13T21:26:00Z,Closed - Cleared by Arrest-Adult,45425.877083333333,NULL,1400 R St
24001506,VANDALISM - OTHER,2024-05-13T21:17:00Z,Closed - Cleared by Arrest-Juvenile,45425.791666666664,45425.886805555558,1700 Vine St
24001499,ALCOHOL - DRUNK,2024-05-12T22:41:00Z,Closed - Non-Criminal Case,45424.945138888892,NULL,820 N 17th St
24001498,LARCENY - BAIT BIKE - UNL,2024-05-12T19:58:00Z,Closed - Cleared by Arrest-Adult,45424.831944444442,NULL,880 N 16th St
24001495,TRAFFIC - SUSPENDED DRIVER,2024-05-12T16:37:00Z,Closed - Cleared by Arrest-Adult,45424.692361111112,NULL,N 19TH ST & Y ST
24001493,OUTSIDE - O.P.S. OTHER,2024-05-12T10:32:00Z,Closed - Non-Criminal Case,45424.438888888886,NULL,4900 N 27th St
24001491,NARCOTICS - POSSESSION,2024-05-12T01:44:00Z,Closed - Cleared by Arrest-Adult,45424.072222222225,NULL,N 14TH ST & W ST
24001490,NARCOTICS - POSSESSION,2024-05-12T01:13:00Z,Closed - Cleared by Arrest-Adult,45424.050694444442,NULL,N 14TH ST & R ST
24001487,FORGERY - COUNTERFEIT MONEY/COINS,2024-05-11T19:35:00Z,Closed - Inactive,45423.760416666664,45423.791666666664,403 Line Drive Cir
24001481,ALCOHOL - MINOR IN POSSESSION,2024-05-11T03:50:00Z,Closed - Non-Criminal Case,45423.159722222219,NULL,440 N 17TH ST.
24001480,TRAFFIC - SUSPENDED DRIVER,2024-05-11T02:17:00Z,Closed - Cleared by Arrest-Adult,45423.095138888886,NULL,N 14TH ST & Salt Creek RDWY
24001479,TRAFFIC - SUSPENDED DRIVER,2024-05-11T00:04:00Z,Closed - Cleared by Arrest-Adult,45423.00277777778,NULL,O ST & CENTENNIAL MALL
24001464,DISTURBANCE - OTHER,2024-05-10T08:23:00Z,Closed - Non-Criminal Case,45422.326388888891,NULL,1248 R St
24001463,VANDALISM - OTHER,2024-05-10T05:30:00Z,Closed - Non-Criminal Case,45421.32916666667,45422.21875,1101 T St
24001462,VANDALISM - OTHER,2024-05-10T04:07:00Z,Closed - Inactive,45422.171527777777,NULL,433 N 19th St
24001457,VANDALISM - OTHER,2024-05-09T23:06:00Z,Closed - Inactive,NULL,NULL,1220 T St
24001450,TRESPASSING,2024-05-09T07:42:00Z,Closed - Non-Criminal Case,45421.320833333331,NULL,900 N 16th St
24001445,TRAFFIC - SUSPENDED DRIVER,2024-05-08T23:46:00Z,Closed - Cleared by Arrest-Adult,45420.990277777775,NULL,N 33RD ST & HOLDREGE ST
24001444,DISTURBANCE - OTHER,2024-05-08T21:42:00Z,Closed - Inactive,45420.791666666664,45420.833333333336,1104 R St
24001441,DISTURBANCE - OTHER,2024-05-08T18:47:00Z,Closed - Non-Criminal Case,45420.666666666664,NULL,1705 Arbor Dr
24001435,TRESPASSING,2024-05-08T04:28:00Z,Closed - Non-Criminal Case,45420.186111111114,NULL,1780 R St
24001432,VANDALISM - OTHER,2024-05-08T01:19:00Z,Closed - Inactive,45419.82916666667,45420.831250000003,1300 R St
24001427,FIRE (WORKING) - NO ALARM,2024-05-07T21:54:00Z,Closed - Non-Criminal Case,45419.912499999999,45419.912499999999,1055 N 16th St
24001423,NARCOTICS - OTHER,2024-05-07T11:34:00Z,Closed - Cleared by Arrest-Adult,45419.481944444444,NULL,SALT CREEK RDWY & N 14TH ST
24001414,ACCIDENTS - P.D. H&R NOT REPORTABLE,2024-05-06T18:28:00Z,Closed - Non-Criminal Case,45418.739583333336,45418.767361111109,1801 R St
24001410,ACCIDENTS - P.D. H&R NOT REPORTABLE,2024-05-06T16:55:00Z,Closed - Non-Criminal Case,45387.333333333336,45387.708333333336,550 N 19th St
24001412,LARCENY - STOLEN BIKE,2024-05-06T16:55:00Z,Closed - Cleared by Arrest-Adult,45418.679166666669,NULL,1430 Vine St
24001407,ACCIDENTS - P.D. H&R NOT REPORTABLE,2024-05-06T12:37:00Z,Closed - Cleared by Arrest-Adult,45418.4375,45418.524305555555,1000 N 16th St
24001403,SUSPICIOUS PERSON,2024-05-06T00:17:00Z,Closed - Cleared by Arrest-Adult,45418.011805555558,NULL,R ST & N 18TH ST
24001401,DISTURBANCE - OTHER,2024-05-05T19:05:00Z,Closed - Cleared by Arrest-Adult,45417.795138888891,NULL,451 N 12th St
24001400,NARCOTICS - POSSESSION,2024-05-05T16:59:00Z,Closed - Cleared by Arrest-Adult,45417.707638888889,NULL,N 16TH ST & S ST
24001398,ACCIDENTS - P.D. H&R NOT REPORTABLE,2024-05-05T14:28:00Z,Closed - Inactive,45410.541666666664,45416.697916666664,300 N 17th St
24001396,DISTURBANCE - OTHER,2024-05-05T08:43:00Z,Closed - Non-Criminal Case,45417.274305555555,NULL,1120 N 14th St
24001394,TRESPASSING,2024-05-05T02:24:00Z,Closed - Cleared by Arrest-Adult,45417.1,NULL,1400 R St
24001393,NARCOTICS - POSSESSION,2024-05-05T00:56:00Z,Closed - Cleared by Arrest-Adult,45417.038888888892,NULL,N 33RD ST & HOLDREGE ST
24001390,TRAFFIC - SUSPENDED DRIVER,2024-05-04T22:44:00Z,Closed - Cleared by Arrest-Adult,45416.947222222225,NULL,N 33RD ST & POTTER ST
24001391,NARCOTICS - POSSESSION,2024-05-04T22:41:00Z,Closed - Cleared by Arrest-Adult,45416.945138888892,NULL,N 16TH ST & VINE ST
24001389,TRESPASSING,2024-05-04T20:20:00Z,Closed - Non-Criminal Case,45416.847222222219,NULL,405 University Terrace
24001384,TRAFFIC - SUSPENDED DRIVER,2024-05-04T13:20:00Z,Closed - Cleared by Arrest-Adult,45416.555555555555,NULL,ANTELOPE VALLEY PARKWAY & S ST
24001377,TRAFFIC - SUSPENDED DRIVER,2024-05-04T01:04:00Z,Closed - Cleared by Arrest-Adult,45416.044444444444,45416.044444444444,N 14TH ST & Q ST
24001380,TRESPASSING,2024-05-04T00:38:00Z,Closed - Non-Criminal Case,45416.026388888888,NULL,1400 R St
24001368,ACCIDENTS - P.D. H&R REPORTABLE,2024-05-03T07:57:00Z,Closed - Inactive,45413.541666666664,45414.8125,707 Stadium Drive
24001365,TRAFFIC - OTHER,2024-05-02T22:38:00Z,Closed - Cleared by Arrest-Adult,45414.943055555559,NULL,N 33RD ST & POTTER ST
24001363,TELEPHONE - OBSCENE CALLS,2024-05-02T18:47:00Z,Closed - Inactive,45414.745833333334,45414.776388888888,300 N 17th St
24001357,DISTURBANCE - OTHER,2024-05-02T11:05:00Z,Closed - Inactive,45414.461805555555,NULL,NA
24001355,VANDALISM - BY GRAFFITI,2024-05-02T08:06:00Z,Closed - Inactive,NULL,NULL,730 N 14th St
24001350,TRAFFIC - SUSPENDED DRIVER,2024-05-01T22:20:00Z,Closed - Cleared by Arrest-Adult,45413.930555555555,NULL,33RD ST & HOLDREGE ST
24001336,AUTO THEFT,2024-04-30T16:38:00Z,Closed - Inactive,45410.958333333336,45412.693055555559,615 N 19th St
24001328,ACCIDENTS - P.D. H&R NOT REPORTABLE,2024-04-30T11:28:00Z,Closed - Cleared by Arrest-Adult,45412.467361111114,NULL,T ST & STADIUM DR
24001326,TRESPASSING,2024-04-30T06:19:00Z,Closed - Inactive,45412.263194444444,NULL,1111 N 14th St
24001324,TRESPASSING,2024-04-30T01:07:00Z,Closed - Non-Criminal Case,45412.046527777777,NULL,900 N 21st St
24001322,DISTURBANCE - OTHER,2024-04-29T20:55:00Z,Closed - Inactive,45411.871527777781,NULL,1140 R St
24001318,ACCIDENTS - P.D. H&R NOT REPORTABLE,2024-04-29T17:39:00Z,Closed - Non-Criminal Case,45409.427083333336,45409.583333333336,1500 U St
24001317,TELEPHONE - OBSCENE CALLS,2024-04-29T16:55:00Z,Closed - Non-Criminal Case,45411.631944444445,NULL,1400 R St
24001316,VANDALISM - OTHER,2024-04-29T15:33:00Z,Closed - Inactive,45408.791666666664,45411.645833333336,615 N 19th St
24001307,VANDALISM - BY GRAFFITI,2024-04-29T09:33:00Z,Closed - Inactive,45411.004166666666,NULL,1650 N 35th St
24001306,VANDALISM - BY GRAFFITI,2024-04-29T08:02:00Z,Closed - Inactive,45411.010416666664,NULL,1875 N 42nd St
24001303,TRESPASSING,2024-04-28T22:14:00Z,Closed - Inactive,45410.926388888889,NULL,900 N 21st St
24001302,NARCOTICS - POSSESSION,2024-04-28T21:01:00Z,Closed - Non-Criminal Case,45410.875694444447,NULL,1130 N 14th St
24001300,VANDALISM - OTHER,2024-04-28T14:51:00Z,Closed - Cleared by Arrest-Adult,45408.958333333336,45409.041666666664,1140 N 14th St
24001296,TRAFFIC - SUSPENDED DRIVER,2024-04-28T02:22:00Z,Closed - Cleared by Arrest-Adult,45410.098611111112,NULL,N 17TH ST & R ST
24001293,TRAFFIC - OTHER,2024-04-28T01:23:00Z,Closed - Non-Criminal Case,45410.057638888888,NULL,N 17TH ST & Q ST
24001548,TRAFFIC - OTHER,2024-04-28T00:55:00Z,Closed - Cleared by Arrest-Adult,45410.038194444445,NULL,N 14TH ST & R ST
24001292,LARCENY - FROM BUILDING,2024-04-28T00:12:00Z,Closed - Non-Criminal Case,45408.395833333336,45408.895833333336,440 N 17th St.
24001288,TRESPASSING,2024-04-27T22:21:00Z,Closed - Non-Criminal Case,45409.931250000001,NULL,1400 R St
24001287,NARCOTICS - POSSESSION,2024-04-27T21:32:00Z,Closed - Cleared by Arrest-Adult,45409.897222222222,NULL,N 17TH ST & Y ST
24001286,LARCENY - FROM BUILDING,2024-04-27T21:19:00Z,Closed - Non-Criminal Case,45409.333333333336,45409.833333333336,1055 N 16th St
24001280,DISTURBANCE - OTHER,2024-04-27T15:11:00Z,Closed - Inactive,45400.645833333336,45400.6875,1430 Vine St
24001276,ALCOHOL - MINOR IN POSSESSION,2024-04-27T11:15:00Z,Closed - Cleared by Arrest-Adult,45409.46875,NULL,1100 T St
24001275,NARCOTICS - POSSESSION,2024-04-27T02:38:00Z,Closed - Cleared by Arrest-Adult,45409.109722222223,NULL,N 11TH ST & Q ST
24001274,VANDALISM - OTHER,2024-04-27T01:59:00Z,Closed - Inactive,45408.458333333336,45409.041666666664,1130 N 14th St
24001273,TRAFFIC - SUSPENDED DRIVER,2024-04-27T00:54:00Z,Closed - Cleared by Arrest-Adult,45409.037499999999,NULL,ANTELOPE VALLEY PARKWAY & Salt Creek RDWY
24001262,ACCIDENTS - P.D. H&R NOT REPORTABLE,2024-04-26T11:48:00Z,Closed - Inactive,45407.541666666664,45407.708333333336,1111 N 14th St
24001261,LARCENY - STOLEN BIKE,2024-04-26T11:18:00Z,Closed - Inactive,45407.5625,45408.395833333336,1625 Arbor Dr
24001258,TRESPASSING,2024-04-26T02:19:00Z,Closed - Non-Criminal Case,45408.09652777778,NULL,1209 R St
24001253,SUSPICIOUS PERSON,2024-04-25T17:40:00Z,Closed - Non-Criminal Case,45407.725694444445,45407.729166666664,1400 R St
24001250,EXTORTION,2024-04-25T13:36:00Z,Closed - Inactive,45407.566666666666,45407.566666666666,1850 P Street
24001251,ACCIDENTS - P.D. H&R NOT REPORTABLE,2024-04-25T13:14:00Z,Closed - Cleared by Arrest-Adult,45405.854166666664,45406.8125,300 N 17th St
24001249,SEX OFFENSE - RAPE,2024-04-25T09:21:00Z,Closed - Inactive,45362,45403.958333333336,3420 Holdrege St
24001246,TRAFFIC - OTHER,2024-04-24T23:32:00Z,Closed - Inactive,45406.980555555558,NULL,HITCHCOCK ST & N 33RD ST
24001245,ALCOHOL - USING FALSE I.D.,2024-04-24T22:30:00Z,Closed - Cleared by Arrest-Adult,45406.9375,NULL,ANTELOPE VALLEY PARKWAY & N 17TH ST
24001242,DISTURBANCE - DOMESTIC,2024-04-24T15:48:00Z,Closed - Inactive,NULL,NULL,300 N 17th St
24001240,DISTURBANCE - OTHER,2024-04-24T13:59:00Z,Closed - Non-Criminal Case,45406.5,NULL,501 N 14th St
24001239,TRAFFIC - SUSPENDED DRIVER,2024-04-24T13:50:00Z,Closed - Cleared by Arrest-Adult,45406.576388888891,NULL,SALT CREEK RDWY & N 23RD ST
24001237,AUTO THEFT,2024-04-24T08:20:00Z,Closed - Inactive,45405.791666666664,45406.347222222219,1600 Court St
24001235,DISTURBANCE - OTHER,2024-04-24T01:05:00Z,Closed - Inactive,45406.045138888891,NULL,1150 N 14th St
24001227,FIRE - FALSE ALARM,2024-04-23T17:44:00Z,Closed - Inactive,45405.738888888889,NULL,1120 N 14th St
24001226,DISTURBANCE - OTHER,2024-04-23T14:58:00Z,Closed - Non-Criminal Case,45405.623611111114,NULL,1100 T St
24001222,VANDALISM - BY GRAFFITI,2024-04-23T02:05:00Z,Closed - Inactive,45405.059027777781,NULL,530 N 17th St
24001216,ACCIDENTS - P.D. H&R NOT REPORTABLE,2024-04-22T16:54:00Z,Closed - Non-Criminal Case,45387.70416666667,45391.708333333336,1101 Salt Creek Rdwy
24001310,TELEPHONE - OTHER,2024-04-22T10:00:00Z,Closed - Inactive,45399.368750000001,NULL,1100 T St
24001208,NARCOTICS - POSSESSION,2024-04-21T23:32:00Z,Closed - Non-Criminal Case,45403.980555555558,NULL,530 N 17th St
24001207,NARCOTICS - OTHER,2024-04-21T22:58:00Z,Closed - Inactive,45403.956944444442,NULL,1055 N 16th St
24001202,ACCIDENTS - P.D. H&R NOT REPORTABLE,2024-04-21T03:04:00Z,Closed - Inactive,45403.020833333336,45403.125,2222 Vine St
24001201,NARCOTICS - POSSESSION,2024-04-21T02:31:00Z,Closed - Cleared by Arrest-Adult,45403.104861111111,NULL,Y ST & N 17TH ST
24001199,FIRE (WORKING) - NO ALARM,2024-04-20T20:26:00Z,Closed - Non-Criminal Case,45402.851388888892,NULL,1801 R St
24001198,DISTURBANCE - OTHER,2024-04-20T14:50:00Z,Closed - Non-Criminal Case,45402.611111111109,NULL,1400 R St
24001192,TRESPASSING,2024-04-20T13:33:00Z,Closed - Cleared by Arrest-Adult,45402.564583333333,NULL,1400 R St
24001191,PROTECTION ORDER VIOLATION,2024-04-20T10:37:00Z,Closed - Inactive,45402.442361111112,NULL,1400 R St
24001189,OUTSIDE - O.P.S. OTHER,2024-04-20T03:08:00Z,Closed - Non-Criminal Case,45402.130555555559,NULL,ANTELOPE VALLEY PARKWAY & TRANSFORMATION DR
24001179,OUTSIDE - O.P.S. OTHER,2024-04-19T15:46:00Z,Closed - Non-Criminal Case,45401.656944444447,NULL,O ST & N 9TH ST
24001171,FIRE - FALSE ALARM,2024-04-18T23:18:00Z,Closed - Non-Criminal Case,45400.96875,NULL,1545 R St
24001169,TRESPASSING,2024-04-18T19:52:00Z,Closed - Non-Criminal Case,45400.827777777777,NULL,1400 R St
24001163,ACCIDENTS - P.D. REPORTABLE,2024-04-18T13:41:00Z,Closed - Non-Criminal Case,45400.563888888886,NULL,W S ST & WHITTIER ST
24001154,NARCOTICS - POSSESSION,2024-04-17T22:23:00Z,Closed - Cleared by Arrest-Adult,45399.932638888888,NULL,N 27TH ST & Y ST
24001151,LARCENY - STOLEN BIKE,2024-04-17T22:04:00Z,Closed - Inactive,45398.9375,45399.479166666664,433 N 19th St
24001149,DISTURBANCE - OTHER,2024-04-17T17:32:00Z,Closed - Non-Criminal Case,45399.368750000001,45399.372916666667,300 N 17th St
24001145,ACCIDENTS - P.D. REPORTABLE,2024-04-17T13:29:00Z,Closed - Non-Criminal Case,45399.498611111114,NULL,DAIRY STORE DRIVE & HOLDREGE ST
24001141,VANDALISM - BY GRAFFITI,2024-04-17T08:18:00Z,Closed - Inactive,45399.035416666666,45399.038194444445,1705 Arbor Dr
24001142,DISTURBANCE - OTHER,2024-04-17T00:11:00Z,Closed - Cleared by Arrest-Adult,45398.947916666664,45398.961805555555,1150 N 14th St
24001124,TRESPASSING,2024-04-16T22:14:00Z,Closed - Non-Criminal Case,45397.926388888889,NULL,200 Centennial Mall N
24001138,ASSAULT - NON DOMESTIC,2024-04-16T19:05:00Z,Closed - Cleared by Arrest-Juvenile,45398.795138888891,NULL,841 N 14th St
24001135,ACCIDENTS - P.D. H&R NOT REPORTABLE,2024-04-16T13:47:00Z,Closed - Cleared by Arrest-Adult,45396.8125,45398.527777777781,1801 R St
24001125,FIRE - FALSE ALARM,2024-04-15T22:21:00Z,Closed - Cleared by Arrest-Adult,45397.931250000001,NULL,3601 Apple St
24001116,ACCIDENTS - P.D. H&R NOT REPORTABLE,2024-04-15T13:16:00Z,Closed - Inactive,45389.75,45395.708333333336,1111 N 14th St
24001109,ACCIDENTS - P.D. H&R NOT REPORTABLE,2024-04-14T12:51:00Z,Closed - Inactive,45394.96875,45396.520833333336,880 N 17th St
24001107,DISTURBANCE - OTHER,2024-04-14T10:29:00Z,Closed - Non-Criminal Case,45395.977777777778,NULL,300 N 17th St
24001103,ALCOHOL - DRUNK,2024-04-14T00:40:00Z,Closed - Non-Criminal Case,45396.027777777781,NULL,426 N 16th St
24001102,ALCOHOL - USING FALSE I.D.,2024-04-13T23:26:00Z,Closed - Cleared by Arrest-Adult,45395.976388888892,NULL,880 N 17th St
24001099,ACCIDENTS - P.D. H&R NOT REPORTABLE,2024-04-13T18:21:00Z,Closed - Inactive,45394.791666666664,45395.583333333336,1830 Vine St
24001096,LARCENY - FROM MOTOR VEHICLE,2024-04-13T16:45:00Z,Closed - Inactive,45394.947916666664,45395.6875,1801 R St
24001094,LARCENY - OTHER OR FROM OPEN AREA,2024-04-13T13:56:00Z,Closed - Non-Criminal Case,45395.565972222219,45395.579861111109,1100 T St
24001090,ALCOHOL - DRUNK,2024-04-13T02:21:00Z,Closed - Non-Criminal Case,45395.097916666666,NULL,1300 Q St
24001089,ALCOHOL - USING FALSE I.D.,2024-04-13T00:57:00Z,Closed - Cleared by Arrest-Adult,45395.039583333331,NULL,1220 N 14th St
24001087,ALCOHOL - MINOR IN POSSESSION,2024-04-12T20:36:00Z,Closed - Cleared by Arrest-Adult,45394.85833333333,NULL,1880 Transformation Dr
24001077,ALCOHOL - MINOR IN POSSESSION,2024-04-12T02:31:00Z,Closed - Non-Criminal Case,45394.104861111111,NULL,433 N 19th St
24001074,TRAFFIC - SUSPENDED DRIVER,2024-04-11T22:24:00Z,Closed - Cleared by Arrest-Adult,45393.933333333334,NULL,LINE DRIVE CIR & N 4TH ST
24001073,TELEPHONE - OTHER,2024-04-11T17:05:00Z,Closed - Non-Criminal Case,45393.65625,45393.666666666664,1410 Q St
24001070,FIRE (WORKING) - ALARM,2024-04-11T14:43:00Z,Closed - Non-Criminal Case,45393.613194444442,NULL,1801 R St
24001064,TRAFFIC - SUSPENDED DRIVER,2024-04-10T11:32:00Z,Closed - Cleared by Arrest-Adult,45392.480555555558,NULL,N 48TH ST & HOLDREGE ST
24001062,DISTURBANCE - OTHER,2024-04-10T10:49:00Z,Closed - Non-Criminal Case,45379.708333333336,45379.711805555555,560 Stadium Dr
24001051,TRESPASSING,2024-04-09T23:40:00Z,Closed - Inactive,45391.986111111109,NULL,300 N 17th St
24001057,TRESPASSING,2024-04-09T19:17:00Z,Closed - Non-Criminal Case,45391.803472222222,NULL,512 N 12th St
24001054,OUTSIDE - O.P.S. OTHER,2024-04-09T12:04:00Z,Closed - Non-Criminal Case,45387.5625,45391.50277777778,1100 T St
24001050,NARCOTICS - POSSESSION,2024-04-08T22:57:00Z,Closed - Cleared by Arrest-Adult,45390.956250000003,NULL,1830 Vine St
24001046,ALCOHOL - DRUNK,2024-04-08T18:10:00Z,Closed - Non-Criminal Case,45390.756944444445,NULL,1400 R St
24001042,ACCIDENTS - P.D. H&R NOT REPORTABLE,2024-04-08T14:17:00Z,Closed - Non-Criminal Case,45390.427083333336,45390.482638888891,1875 N 42nd St
24001036,OUTSIDE - O.P.S. OTHER,2024-04-06T23:38:00Z,Closed - Non-Criminal Case,45388.984722222223,NULL,880 N 17th St
24001025,NARCOTICS - OTHER,2024-04-06T00:01:00Z,Closed - Non-Criminal Case,45388.000694444447,NULL,1120 N 14th St
24001023,TRAFFIC - SUSPENDED DRIVER,2024-04-05T21:38:00Z,Closed - Cleared by Arrest-Adult,45387.901388888888,NULL,ANTELOPE VALLEY PARKWAY & VINE ST
24001021,ACCIDENTS - P.D. H&R NOT REPORTABLE,2024-04-05T17:48:00Z,Closed - Inactive,45386.666666666664,45387.125,730 N 14th St
24001020,ACCIDENTS - P.D. H&R NOT REPORTABLE,2024-04-05T16:35:00Z,Closed - Cleared by Arrest-Adult,45383.625,45386.729166666664,1801 R St
24001013,ACCIDENTS - P.D. H&R NOT REPORTABLE,2024-04-05T11:18:00Z,Closed - Non-Criminal Case,45384.625,45386.833333333336,1801 R St
24001002,ALCOHOL - USING FALSE I.D.,2024-04-04T20:16:00Z,Closed - Cleared by Arrest-Adult,45386.844444444447,NULL,300 N 17th St
24001003,LARCENY - STOLEN BIKE,2024-04-04T19:40:00Z,Closed - Cleared by Arrest-Adult,45386.368055555555,45386.8125,900 N 16th St
24001000,TRESPASSING,2024-04-04T18:00:00Z,Closed - Non-Criminal Case,45386.75,NULL,1410 Q St
24000999,SUSPICIOUS PERSON,2024-04-04T15:42:00Z,Closed - Non-Criminal Case,45385.697916666664,45385.736111111109,730 N 14th St
24000998,DISTURBANCE - DOMESTIC,2024-04-04T14:30:00Z,Closed - Non-Criminal Case,NULL,NULL,900 N 16th St
24000995,TRAFFIC - SUSPENDED DRIVER,2024-04-03T23:23:00Z,Closed - Cleared by Arrest-Adult,45385.974305555559,NULL,LINE DRIVE CIR & N 4TH ST
24000986,FRAUD - CREDIT CARDS/ATM/BANK CARD,2024-04-03T10:08:00Z,Closed - Cleared by Arrest-Adult,45385.422222222223,NULL,400 North 48th Street
24000985,LARCENY - FROM MOTOR VEHICLE,2024-04-03T09:23:00Z,Closed - Inactive,45385.333333333336,45385.390972222223,1717 N. 35th Street
24000979,OUTSIDE - O.P.S. OTHER,2024-04-02T22:36:00Z,Closed - Non-Criminal Case,45384.941666666666,NULL,733 S. 46th Street
24000978,NARCOTICS - POSSESSION,2024-04-02T20:50:00Z,Closed - Cleared by Arrest-Adult,45384.868055555555,NULL,N 12TH ST & R ST
24000969,DISTURBANCE - OTHER,2024-04-01T17:41:00Z,Closed - Non-Criminal Case,45383.708333333336,45383.736111111109,2225 W St
24000968,TRESPASSING,2024-04-01T17:28:00Z,Closed - Non-Criminal Case,45383.727777777778,NULL,301 N 12th St
24000959,ACCIDENTS - P.D. H&R NOT REPORTABLE,2024-03-31T12:07:00Z,Closed - Inactive,NULL,NULL,2225 W St
24000957,ALCOHOL - OPEN CONTAINER,2024-03-30T22:43:00Z,Closed - Cleared by Arrest-Adult,45381.946527777778,NULL,N 13TH ST
24000956,OUTSIDE - O.P.S. OTHER,2024-03-30T20:41:00Z,Closed - Non-Criminal Case,45381.861805555556,NULL,7001 Helen Witt Drive
24000951,DISTURBANCE - OTHER,2024-03-30T00:06:00Z,Closed - Cleared by Arrest-Adult,45381.004166666666,NULL,N 16TH ST & Q ST
24000945,ACCIDENTS - P.D. H&R NOT REPORTABLE,2024-03-29T15:34:00Z,Closed - Non-Criminal Case,45377.833333333336,45379.875,1830 Vine St
24000942,VANDALISM - OTHER,2024-03-29T12:58:00Z,Closed - Inactive,45366,45380.540277777778,6900 W Superior St
24000939,FIRE (WORKING) - NO ALARM,2024-03-29T11:36:00Z,Closed - Non-Criminal Case,45380.48333333333,NULL,600 N 15th St
24000931,DISTURBANCE - OTHER,2024-03-28T23:17:00Z,Closed - Cleared by Arrest-Adult,45379.970138888886,NULL,1520 R St
24000926,LARCENY - OTHER OR FROM OPEN AREA,2024-03-28T18:35:00Z,Closed - Inactive,45379.583333333336,45379.802083333336,820 N 17th St
24000924,OUTSIDE - O.P.S. OTHER,2024-03-28T17:58:00Z,Closed - Non-Criminal Case,45379.748611111114,45379.748611111114,2600 Bretigne Cir
24000913,NARCOTICS - POSSESSION,2024-03-28T00:21:00Z,Closed - Cleared by Arrest-Adult,45379.01458333333,NULL,2710 W St
24000910,ASSAULT - DOMESTIC,2024-03-27T16:21:00Z,Closed - Cleared by Arrest-Adult,45378.671527777777,45378.68472222222,4000 East Campus Loop S
24000906,DISTURBANCE - OTHER,2024-03-27T15:10:00Z,Closed - Non-Criminal Case,45377.625,45378.395833333336,730 N 14th St
24000916,SUSPICIOUS VEHICLE,2024-03-27T11:57:00Z,Closed - Non-Criminal Case,45377.923611111109,45377.9375,2100 N 38th St
24000902,TRESPASSING,2024-03-27T11:12:00Z,Closed - Inactive,45378.466666666667,NULL,841 N 14th St
24000889,DISTURBANCE - OTHER,2024-03-25T23:33:00Z,Closed - Cleared by Arrest-Adult,45376.981249999997,NULL,1336 Q Street
24000888,ACCIDENTS - P.D. REPORTABLE,2024-03-25T20:26:00Z,Closed - Non-Criminal Case,45376.851388888892,NULL,N 18TH ST & R ST
24000887,ALCOHOL - DWI,2024-03-25T18:49:00Z,Closed - Cleared by Arrest-Adult,45376.78402777778,NULL,N 14TH ST & R ST
24000886,FRAUD - CREDIT CARDS/ATM/BANK CARD,2024-03-25T18:02:00Z,Closed - Non-Criminal Case,45231.5,45362.5,1140 N 14th St
24000875,TELEPHONE - OTHER,2024-03-24T14:10:00Z,Closed - Inactive,45375.078472222223,45375.079861111109,1130 N 14th St
24000870,DISTURBANCE - OTHER,2024-03-24T05:22:00Z,Closed - Non-Criminal Case,45375.223611111112,NULL,1780 R St
24000867,ALCOHOL - MINOR IN POSSESSION,2024-03-24T00:27:00Z,Closed - Non-Criminal Case,45375.018750000003,NULL,1619 R St
24000864,DISTURBANCE - OTHER,2024-03-23T19:29:00Z,Closed - Non-Criminal Case,45374.583333333336,45374.708333333336,1400 R St
24000863,ACCIDENTS - P.D. H&R NOT REPORTABLE,2024-03-23T18:14:00Z,Closed - Non-Criminal Case,45369.416666666664,45374.527777777781,1801 R St
24000854,ALCOHOL - MINOR IN POSSESSION,2024-03-23T00:42:00Z,Closed - Non-Criminal Case,45374.029166666667,NULL,880 N 17th St
24000852,TRAFFIC - SUSPENDED DRIVER,2024-03-22T22:54:00Z,Closed - Cleared by Arrest-Adult,45373.95416666667,NULL,N 22ND ST & W ST
24000848,DISTURBANCE - OTHER,2024-03-22T19:18:00Z,Closed - Non-Criminal Case,45373.804166666669,NULL,1400 Court St
24000844,ACCIDENTS - P.D. H&R NOT REPORTABLE,2024-03-22T10:22:00Z,Closed - Inactive,45370.770833333336,45372.583333333336,300 N 17th St
24000839,DISTURBANCE - OTHER,2024-03-21T23:16:00Z,Closed - Non-Criminal Case,45372.969444444447,NULL,1901 Vine St
24000831,TRESPASSING,2024-03-21T12:29:00Z,Closed - Non-Criminal Case,45372.520138888889,NULL,1400 R St
24000824,ACCIDENTS - P.D. H&R NOT REPORTABLE,2024-03-21T08:32:00Z,Closed - Inactive,45371.864583333336,45371.90625,N 35TH ST & EAST CAMPUS MALL
24000822,WEAPONS - FELON IN POSSESSION,2024-03-21T02:34:00Z,Closed - Cleared by Arrest-Adult,45372.106944444444,NULL,ANTELOPE VALLEY PARKWAY & SAUNDERS AVE
24000818,ACCIDENTS - P.D. H&R NOT REPORTABLE,2024-03-20T19:22:00Z,Closed - Non-Criminal Case,45371.708333333336,45371.715277777781,3940 Fair St
24000815,NARCOTICS - OTHER,2024-03-20T13:18:00Z,Closed - Inactive,NULL,NULL,4421 Fair Street
24000813,TELEPHONE - OTHER,2024-03-20T10:47:00Z,Closed - Non-Criminal Case,45371.445833333331,NULL,512 N 12th St
24000812,ALCOHOL - MINOR IN POSSESSION,2024-03-20T03:06:00Z,Closed - Cleared by Arrest-Adult,45371.129166666666,NULL,1120 N 14th St
24000810,LARCENY - STOLEN BIKE,2024-03-19T17:25:00Z,Closed - Inactive,45358.479166666664,45369.427083333336,1830 Vine St
24000799,SUSPICIOUS VEHICLE,2024-03-18T05:30:00Z,Closed - Inactive,45369.229166666664,NULL,1100 T St
24000795,SEX OFFENSE - RAPE,2024-03-17T15:13:00Z,Closed - Inactive,45368,45368.166666666664,880 N 17th St
24000792,NARCOTICS - POSSESSION,2024-03-17T05:01:00Z,Closed - Cleared by Arrest-Adult,45368.209027777775,NULL,N 9TH ST & O ST
24000788,TRAFFIC - SUSPENDED DRIVER,2024-03-16T22:13:00Z,Closed - Cleared by Arrest-Adult,45367.925694444442,NULL,N 33RD ST & HOLDREGE ST
24000786,SEX OFFENSE - RAPE,2024-03-16T14:33:00Z,Closed - Inactive,45367.083333333336,NULL,820 N 17th St
24000784,NARCOTICS - POSSESSION,2024-03-16T04:50:00Z,Closed - Cleared by Arrest-Adult,45367.201388888891,NULL,R ST & N 16TH ST
24000783,ALCOHOL - DWI,2024-03-16T00:19:00Z,Closed - Cleared by Arrest-Adult,45367.013194444444,NULL,Q ST & N 9TH ST
24000782,TRAFFIC - SUSPENDED DRIVER,2024-03-15T23:15:00Z,Closed - Cleared by Arrest-Adult,45366.965277777781,NULL,N 10TH ST & Q ST
24000781,TRESPASSING,2024-03-15T20:15:00Z,Closed - Non-Criminal Case,45366.84375,NULL,1875 N 38th St
OS23014,SEX OFFENSE - MOLEST/FONDLING,2024-03-15T13:13:00Z,NA - Clery Report Only,45218.5,NULL,On Campus Housing
OS24005,STALKING,2024-03-15T13:04:00Z,NA - Clery Report Only,45342,NULL,On campus housing
24000773,TRAFFIC - SUSPENDED DRIVER,2024-03-14T22:30:00Z,Closed - Cleared by Arrest-Adult,45365.9375,NULL,N 17TH ST & Y ST
24000764,NARCOTICS - POSSESSION,2024-03-13T23:15:00Z,Closed - Cleared by Arrest-Adult,45364.96875,NULL,N 17TH ST & Y ST
24000763,SUSPICIOUS PERSON,2024-03-13T20:33:00Z,Closed - Non-Criminal Case,45364.856249999997,NULL,1360 Vine St
OS23013,SEX OFFENSE - MOLEST/FONDLING,2024-03-13T09:20:00Z,NA - Clery Report Only,45183.5,NULL,On Campus
24000759,FALSE INFORMATION - GIVEN TO OFC.,2024-03-12T22:51:00Z,Closed - Cleared by Arrest-Adult,45363.95208333333,NULL,2200 Vine St
24000758,LARCENY - FROM BUILDING,2024-03-12T16:26:00Z,Closed - Inactive,45350,NULL,1120 N 14th St
24000754,SUSPICIOUS PERSON,2024-03-12T01:41:00Z,Closed - Non-Criminal Case,45363.070138888892,NULL,426 N 16th St
24000747,TRESPASSING,2024-03-09T21:51:00Z,Closed - Non-Criminal Case,45360.910416666666,NULL,1400 R St
24000739,ACCIDENTS - INJURY,2024-03-08T17:27:00Z,Closed - Non-Criminal Case,45359.6875,NULL,905 N 14th St
24000728,FIRE - FALSE ALARM,2024-03-08T01:28:00Z,Closed - Cleared by Arrest-Adult,45359.061111111114,NULL,880 N 17th St
24000722,VANDALISM - OTHER,2024-03-07T16:00:00Z,Closed - Inactive,45237.041666666664,45357.041666666664,1150 N 14th St
24000719,OUTSIDE - O.P.S. OTHER,2024-03-07T14:17:00Z,Closed - Non-Criminal Case,45323,45358.375,929 County Rd I
24000717,DISTURBANCE - OTHER,2024-03-07T10:56:00Z,Closed - Inactive,45357.895833333336,45357.916666666664,1400 R St
LE25003,BURGLARY,2024-03-07T09:58:00Z,NA - Clery Report Only,45358.415277777778,45358.550694444442,Non-Campus
24000715,TELEPHONE - OTHER,2024-03-07T09:24:00Z,Closed - Non-Criminal Case,NULL,NULL,NA
24000713,ALCOHOL - DWI,2024-03-06T23:53:00Z,Closed - Cleared by Arrest-Adult,45357.995138888888,NULL,ANTELOPE VALLEY PARKWAY & VINE ST
24000711,TRESPASSING,2024-03-06T21:03:00Z,Closed - Non-Criminal Case,45357.877083333333,NULL,1400 R St
24000707,ALCOHOL - USING FALSE I.D.,2024-03-06T17:01:00Z,Closed - Cleared by Arrest-Adult,45357.709027777775,NULL,200 Centennial Mall N
24000704,TRESPASSING,2024-03-06T14:48:00Z,Closed - Non-Criminal Case,45357.616666666669,NULL,3835 Holdrege St
24000700,DISTURBANCE - DOMESTIC,2024-03-06T07:45:00Z,Closed - Non-Criminal Case,45357.322916666664,NULL,2225 W St
24000690,EXTORTION,2024-03-05T16:14:00Z,Closed - Inactive,45355,NULL,880 N 17th St
24000683,NARCOTICS - POSSESSION,2024-03-05T12:05:00Z,Closed - Cleared by Arrest-Adult,45356.503472222219,NULL,ANTELOPE VALLEY PARKWAY & S ST
24000682,DISTURBANCE - OTHER,2024-03-05T08:48:00Z,Closed - Inactive,45354.705555555556,NULL,NA
24000679,VANDALISM - OTHER,2024-03-05T07:02:00Z,Closed - Inactive,45356.097916666666,45356.10833333333,900 N 21st St
24000674,DISTURBANCE - OTHER,2024-03-04T20:25:00Z,Closed - Inactive,45355.850694444445,45355.850694444445,811 N Street
24000660,VANDALISM - BY GRAFFITI,2024-03-04T07:49:00Z,Closed - Inactive,45352.75,45355.3125,2225 W St
24000654,ALCOHOL - MINOR IN POSSESSION,2024-03-03T00:56:00Z,Closed - Cleared by Arrest-Adult,45354.038888888892,NULL,P ST & N 16TH ST
24000653,TRAFFIC - SUSPENDED DRIVER,2024-03-03T00:31:00Z,Closed - Cleared by Arrest-Adult,45354.021527777775,NULL,P ST & N 17TH ST
24000650,TRESPASSING,2024-03-02T21:32:00Z,Closed - Non-Criminal Case,45353.897222222222,NULL,433 N 19th St
24000649,FIRE - FALSE ALARM,2024-03-02T17:16:00Z,Closed - Non-Criminal Case,45353.719444444447,NULL,1515 R St
24000647,ACCIDENTS - P.D. H&R NOT REPORTABLE,2024-03-02T16:34:00Z,Closed - Inactive,45350.291666666664,45353.5,1875 N 38th St
24000639,ALCOHOL - MINOR IN POSSESSION,2024-03-02T00:41:00Z,Closed - Non-Criminal Case,45352.996527777781,45353.02847222222,1780 R St
24000633,ACCIDENTS - P.D. H&R NOT REPORTABLE,2024-03-01T09:59:00Z,Closed - Cleared by Arrest-Adult,45351.333333333336,45352.229166666664,1801 R St
24000631,ALCOHOL - MINOR IN POSSESSION,2024-03-01T05:35:00Z,Closed - Non-Criminal Case,45352.232638888891,NULL,1150 N 14th St
24000629,NARCOTICS - OTHER,2024-02-29T23:04:00Z,Closed - Non-Criminal Case,45351.961111111108,NULL,1130 N 14th St
24000614,DISTURBANCE - OTHER,2024-02-28T17:29:00Z,Closed - Inactive,NULL,NULL,1875 N 42nd St
24000608,VANDALISM - OTHER,2024-02-28T09:29:00Z,Closed - Non-Criminal Case,45349.708333333336,45350.375,2075 N 38th St
24000606,TRESPASSING,2024-02-28T01:59:00Z,Closed - Non-Criminal Case,45350.082638888889,NULL,300 N 17th St
24000603,ACCIDENTS - P.D. H&R NOT REPORTABLE,2024-02-27T18:40:00Z,Closed - Non-Criminal Case,45349.625,45349.645833333336,4000 East Campus Loop S
24000600,DISTURBANCE - OTHER,2024-02-27T14:17:00Z,Closed - Non-Criminal Case,NULL,NULL,300 N 17th St
24000597,LARCENY - FROM BUILDING,2024-02-27T09:49:00Z,Closed - Inactive,45343.820138888892,NULL,600 N 15th St
24000596,TRESPASSING,2024-02-27T08:18:00Z,Closed - Non-Criminal Case,45349.345833333333,NULL,1520 R St
24000595,OUTSIDE - O.P.S. OTHER,2024-02-27T00:47:00Z,Closed - Non-Criminal Case,45349.030555555553,NULL,3251 Fair St
24000594,FIRE - FALSE ALARM,2024-02-27T00:08:00Z,Closed - Cleared by Arrest-Adult,45349.005555555559,NULL,601 N 16th St
24000593,DISTURBANCE - OTHER,2024-02-26T22:24:00Z,Closed - Non-Criminal Case,45348.933333333334,45348.933333333334,1400 R St
24000585,TELEPHONE - OTHER,2024-02-26T14:00:00Z,Closed - Inactive,45348.552083333336,NULL,510 Stadium Dr
24000565,NARCOTICS - POSSESSION,2024-02-25T10:37:00Z,Closed - Cleared by Arrest-Adult,45347.442361111112,NULL,1400 R St
24000559,NARCOTICS - POSSESSION,2024-02-24T19:47:00Z,Closed - Cleared by Arrest-Adult,45346.820138888892,NULL,1111 N 14th St
24000558,TRESPASSING,2024-02-24T15:51:00Z,Closed - Cleared by Arrest-Adult,45346.615972222222,NULL,1248 R St
24000553,VANDALISM - OTHER,2024-02-24T02:43:00Z,Closed - Cleared by Arrest-Adult,45346.084722222222,NULL,433 N 19th St
24000541,DISTURBANCE - OTHER,2024-02-23T13:24:00Z,Closed - Non-Criminal Case,45343.083333333336,45343.208333333336,733 N 17th St
OS24004,STALKING,2024-02-23T11:02:00Z,NA - Clery Report Only,NULL,NULL,Residence Hall
OS24002,SEX OFFENSE - RAPE,2024-02-23T10:46:00Z,NA - Clery Report Only,45336.5,NULL,Fraternity
OS24003,SEX OFFENSE - RAPE,2024-02-23T10:35:00Z,NA - Clery Report Only,NULL,NULL,Residence Hall
24000535,NARCOTICS - POSSESSION,2024-02-23T01:05:00Z,Closed - Cleared by Arrest-Adult,45345.045138888891,NULL,N 10TH ST & T ST
24000527,ACCIDENTS - P.D. H&R NOT REPORTABLE,2024-02-22T18:53:00Z,Closed - Inactive,45332.666666666664,45344.680555555555,1801 R St
24000529,TELEPHONE - OBSCENE CALLS,2024-02-22T17:44:00Z,Closed - Inactive,45344.737500000003,NULL,300 N 17th St
24000526,DISTURBANCE - OTHER,2024-02-22T16:38:00Z,Closed - Inactive,45344.65347222222,NULL,1400 R St
24000522,LARCENY - STOLEN BIKE,2024-02-22T13:35:00Z,Closed - Inactive,45337.584027777775,45344.520833333336,733 N 17th St
24000524,DISTURBANCE - OTHER,2024-02-22T11:52:00Z,Closed - Non-Criminal Case,NULL,NULL,1830 Vine St
24000516,NARCOTICS - POSSESSION,2024-02-21T22:23:00Z,Closed - Cleared by Arrest-Adult,45343.932638888888,NULL,880 N 17th St
24000514,ALCOHOL - USING FALSE I.D.,2024-02-21T21:55:00Z,Closed - Cleared by Arrest-Adult,45343.913194444445,NULL,300 N 17th St
24000513,TRESPASSING,2024-02-21T21:08:00Z,Closed - Cleared by Arrest-Adult,45343.880555555559,NULL,1400 R St
24000512,DISTURBANCE - OTHER,2024-02-21T15:17:00Z,Closed - Inactive,45340.659722222219,NULL,1130 N 14th St
24000510,LARCENY - FROM BUILDING,2024-02-21T14:42:00Z,Closed - Non-Criminal Case,45343.5625,NULL,820 N 16th St
24000507,LARCENY - FROM BUILDING,2024-02-21T13:49:00Z,Closed - Cleared by Arrest-Adult,45343.541666666664,45343.5625,844 N 16th St
24000509,DISTURBANCE - OTHER,2024-02-21T13:07:00Z,Closed - Cleared by Arrest-Adult,45343.546527777777,NULL,405 University Terrace
24000500,DISTURBANCE - OTHER,2024-02-20T23:27:00Z,Closed - Non-Criminal Case,45342.977083333331,NULL,405 University Terrace
24000494,TRAFFIC - SUSPENDED DRIVER,2024-02-20T14:16:00Z,Closed - Cleared by Arrest-Adult,45342.594444444447,NULL,N ANTELOPE VALLEY PKWY & Salt Creek RDWY
24000492,TRESPASSING,2024-02-20T09:03:00Z,Closed - Non-Criminal Case,45342.377083333333,NULL,1400 R St
24000475,TRESPASSING,2024-02-19T23:58:00Z,Closed - Non-Criminal Case,45341.998611111114,NULL,1400 R St
24000483,ACCIDENTS - INJURY,2024-02-19T15:10:00Z,Closed - Cleared by Arrest-Adult,45341.631944444445,NULL,N 35TH ST & HOLDREGE ST
24000484,ACCIDENTS - P.D. H&R NOT REPORTABLE,2024-02-19T13:45:00Z,Closed - Non-Criminal Case,45341.572916666664,NULL,1600 Court St
24000479,"HAZARDS - NON-TRAFFIC (WIRES,TREES,ETC)",2024-02-19T10:09:00Z,Closed - Non-Criminal Case,45341.42291666667,NULL,1650 N 35th St
24000462,LARCENY - OTHER OR FROM OPEN AREA,2024-02-17T14:08:00Z,Closed - Inactive,45339.458333333336,45339.5625,1600 Court St
24000459,FIRE - FALSE ALARM,2024-02-17T01:17:00Z,Closed - Cleared by Arrest-Adult,45339.053472222222,45339.179166666669,1055 N 16th St
24000453,NARCOTICS - POSSESSION,2024-02-16T18:48:00Z,Closed - Non-Criminal Case,45338.783333333333,NULL,1400 R St
24000450,DISTURBANCE - OTHER,2024-02-16T15:37:00Z,Closed - Inactive,45331.475694444445,45338.5,1248 R St
24000442,NARCOTICS - OTHER,2024-02-15T23:13:00Z,Closed - Non-Criminal Case,45337.967361111114,NULL,1150 N 14th St
24000441,TRESPASSING,2024-02-15T20:28:00Z,Closed - Non-Criminal Case,45337.852777777778,NULL,1400 R St
24000438,VANDALISM - OTHER,2024-02-15T17:20:00Z,Closed - Cleared by Arrest-Adult,45326.147222222222,45326.147222222222,1801 R St
24000431,DISTURBANCE - OTHER,2024-02-15T09:18:00Z,Closed - Non-Criminal Case,NULL,NULL,512 N 12th St
24000423,ACCIDENTS - P.D. H&R NOT REPORTABLE,2024-02-14T19:02:00Z,Closed - Cleared by Arrest-Adult,45329.458333333336,45336.791666666664,1801 R St
24000415,NARCOTICS - POSSESSION,2024-02-13T23:13:00Z,Closed - Cleared by Arrest-Adult,45335.967361111114,NULL,2200 Vine St
24000413,DISTURBANCE - OTHER,2024-02-13T18:22:00Z,Closed - Non-Criminal Case,45335.765277777777,NULL,1505 S St
LE24001,SEX OFFENSE - MOLEST/FONDLING,2024-02-13T13:27:00Z,NA - Clery Report Only,45330,NULL,On Campus
24000405,TRESPASSING,2024-02-12T22:44:00Z,Closed - Cleared by Arrest-Adult,45334.916666666664,45334.947222222225,1248 R St
24000399,ALCOHOL - DRUNK,2024-02-12T15:40:00Z,Closed - Non-Criminal Case,45334.652777777781,NULL,200 Centennial Mall N
24000398,DISTURBANCE - OTHER,2024-02-12T15:29:00Z,Closed - Non-Criminal Case,NULL,NULL,1120 N 14th St
24000394,LARCENY - STOLEN BIKE,2024-02-12T08:55:00Z,Closed - Cleared by Arrest-Adult,45331.185416666667,NULL,1710 Arbor Dr
24000386,NARCOTICS - POSSESSION,2024-02-11T02:22:00Z,Closed - Inactive,45333.059027777781,45333.098611111112,433 N 19th St
24000384,NARCOTICS - POSSESSION,2024-02-11T00:25:00Z,Closed - Non-Criminal Case,45333.017361111109,NULL,1220 N 14th St
24000372,DISTURBANCE - OTHER,2024-02-09T11:34:00Z,Closed - Non-Criminal Case,45331.481944444444,NULL,4417 FAIR ST
24000368,ACCIDENTS - P.D. REPORTABLE,2024-02-09T01:22:00Z,Closed - Non-Criminal Case,45331.056944444441,NULL,N 40TH ST & EAST CAMPUS LOOP
24000361,DISTURBANCE - OTHER,2024-02-08T13:10:00Z,Closed - Inactive,45272.633333333331,45329.40625,880 N 17th St
24000360,LARCENY - FROM MOTOR VEHICLE,2024-02-08T11:14:00Z,Closed - Cleared by Arrest-Adult,45330.15625,45330.156944444447,433 N 19th St
24000359,TRESPASSING,2024-02-08T09:11:00Z,Closed - Non-Criminal Case,45330.382638888892,NULL,1400 R St
24000356,LARCENY - FROM MOTOR VEHICLE,2024-02-08T03:57:00Z,Closed - Cleared by Arrest-Adult,45330.164583333331,NULL,615 N 19th St
24000357,LARCENY - FROM MOTOR VEHICLE,2024-02-08T03:57:00Z,Closed - Non-Criminal Case,45330.164583333331,NULL,615 N 19th St
24000355,LARCENY - FROM MOTOR VEHICLE,2024-02-08T03:55:00Z,Closed - Cleared by Arrest-Adult,45330.163194444445,NULL,615 N 19th St
24000354,NARCOTICS - POSSESSION,2024-02-08T00:36:00Z,Closed - Cleared by Arrest-Adult,45330.025000000001,45330.031944444447,VINE ST & N 19TH ST
24000352,TRESPASSING,2024-02-07T19:24:00Z,Closed - Non-Criminal Case,45329.808333333334,NULL,1800 N 33rd St
24000351,ACCIDENTS - P.D. H&R NOT REPORTABLE,2024-02-07T18:09:00Z,Closed - Inactive,45264.875,45329.75,933 N 16th St
24000346,ACCIDENTS - P.D. H&R NOT REPORTABLE,2024-02-07T13:12:00Z,Closed - Cleared by Arrest-Adult,45328.727083333331,NULL,1801 R St
24000344,ACCIDENTS - P.D. H&R NOT REPORTABLE,2024-02-07T08:42:00Z,Closed - Inactive,45328.395833333336,45328.59375,615 N 19th St
24000335,EXTORTION,2024-02-06T08:48:00Z,Closed - Cleared by Arrest-Adult,45229.5,45328.366666666669,NA
24000323,LARCENY - FROM BUILDING,2024-02-05T17:55:00Z,Closed - Cleared by Arrest-Adult,45327.658333333333,NULL,841 N 14th St
24000321,LARCENY - STOLEN BIKE,2024-02-05T15:59:00Z,Closed - Inactive,45327.541666666664,45327.65625,402 Stadium Dr
24000306,FALSE SECURITY ALARMS - OTHER,2024-02-04T00:21:00Z,Closed - Non-Criminal Case,45326.01458333333,NULL,880 N 17th St
24000305,ACCIDENTS - P.D. H&R NOT REPORTABLE,2024-02-03T13:32:00Z,Closed - Inactive,45323.875,45325.563888888886,300 N 17th St
24000301,NARCOTICS - SALE/DELIVER,2024-02-03T03:01:00Z,Closed - Cleared by Arrest-Adult,45325.125694444447,NULL,R ST & CENTENNIAL MALL
24000299,ALCOHOL - MINOR IN POSSESSION,2024-02-03T00:13:00Z,Closed - Non-Criminal Case,45325.009027777778,NULL,880 N 17th St
24000297,NARCOTICS - OTHER,2024-02-02T23:00:00Z,Closed - Cleared by Arrest-Adult,45324.958333333336,NULL,1700 Y St
24000295,ACCIDENTS - P.D. H&R NOT REPORTABLE,2024-02-02T17:14:00Z,Closed - Non-Criminal Case,45324.041666666664,45324.708333333336,1915 N 37th St
24000291,DISTURBANCE - OTHER,2024-02-02T12:40:00Z,Closed - Non-Criminal Case,45319.625,45319.708333333336,1248 R St
24000290,TRESPASSING,2024-02-02T11:59:00Z,Closed - Non-Criminal Case,45324.499305555553,NULL,300 N 17th St
24000282,DISTURBANCE - OTHER,2024-02-01T16:28:00Z,Closed - Non-Criminal Case,45323.577777777777,NULL,503 N 14th St
24000273,TRESPASSING,2024-02-01T02:10:00Z,Closed - Non-Criminal Case,45323.090277777781,NULL,1400 R St
24000271,TRESPASSING,2024-02-01T00:22:00Z,Closed - Non-Criminal Case,45323.015277777777,NULL,1400 R St
24000265,LARCENY - FROM BUILDING,2024-01-31T17:43:00Z,Closed - Inactive,45316.708333333336,45316.791666666664,1120 N 14th St
24000259,LARCENY - OTHER OR FROM OPEN AREA,2024-01-31T09:19:00Z,Closed - Inactive,45321.506944444445,45322.34375,N 17TH ST & R ST
24000258,ALCOHOL - USING FALSE I.D.,2024-01-31T08:16:00Z,Closed - Cleared by Arrest-Adult,45322.344444444447,NULL,300 N 17th St
24000252,ACCIDENTS - P.D. H&R NOT REPORTABLE,2024-01-30T15:36:00Z,Closed - Cleared by Arrest-Adult,45321.25,45321.625,615 N 19th St
24000246,LARCENY - STOLEN BIKE,2024-01-30T09:20:00Z,Closed - Inactive,45320.645833333336,45321.041666666664,1901 Vine St
24000242,DISTURBANCE - DOMESTIC,2024-01-29T18:38:00Z,Closed - Non-Criminal Case,45320.776388888888,NULL,733 N 17th St
24000233,TRAFFIC - SUSPENDED DRIVER,2024-01-28T19:42:00Z,Closed - Cleared by Arrest-Adult,45319.820833333331,NULL,N 14TH ST & Q ST
24000232,DISTURBANCE - OTHER,2024-01-28T19:15:00Z,Closed - Non-Criminal Case,45319.789583333331,NULL,1144 T St
24000225,ALCOHOL - MINOR IN POSSESSION,2024-01-27T23:43:00Z,Closed - Non-Criminal Case,45318.881944444445,45318.979166666664,880 N 17th St
24000201,ALCOHOL - USING FALSE I.D.,2024-01-26T00:06:00Z,Closed - Cleared by Arrest-Adult,45317.004166666666,NULL,N 14TH ST & R ST
24000199,NARCOTICS - POSSESSION,2024-01-25T22:17:00Z,Closed - Cleared by Arrest-Adult,45316.928472222222,NULL,N 17TH ST & Q ST
24000194,TRESPASSING,2024-01-25T16:09:00Z,Closed - Non-Criminal Case,45316.67291666667,NULL,1400 R St
24000193,TRESPASSING,2024-01-25T15:25:00Z,Closed - Non-Criminal Case,45316.642361111109,NULL,855 N 16th St
24000188,DISTURBANCE - OTHER,2024-01-25T09:33:00Z,Closed - Non-Criminal Case,45316.397916666669,NULL,550 N 19th St
24000181,ACCIDENTS - P.D. H&R NOT REPORTABLE,2024-01-24T18:34:00Z,Closed - Inactive,45313.729166666664,45315.5625,1830 Vine St
24000178,ACCIDENTS - P.D. H&R NOT REPORTABLE,2024-01-24T15:24:00Z,Closed - Cleared by Arrest-Adult,45312.833333333336,45315.671527777777,4000 East Campus Loop S
OS24001,ASSAULT - DOMESTIC,2024-01-24T14:41:00Z,NA - Clery Report Only,NULL,NULL,On-campus Housing
24000174,SUSPICIOUS PERSON,2024-01-24T03:52:00Z,Closed - Non-Criminal Case,45315.161111111112,NULL,1120 N 14th St
24000173,ALCOHOL - MINOR IN POSSESSION,2024-01-24T00:17:00Z,Closed - Cleared by Arrest-Adult,45315.011805555558,NULL,715 N 16th St
24000164,ASSAULT - NON DOMESTIC,2024-01-23T09:36:00Z,Closed - Cleared by Arrest-Adult,45314.03125,45314.034722222219,N 17TH ST & R ST
24000159,TRESPASSING,2024-01-22T17:40:00Z,Closed - Non-Criminal Case,45310.833333333336,NULL,1600 Court St
24000155,SEX OFFENSE - MOLEST/FONDLING,2024-01-22T15:34:00Z,Closed - Inactive,45306.041666666664,45306.125,1055 N 16th St
24000152,TRESPASSING,2024-01-22T12:14:00Z,Closed - Non-Criminal Case,45313.509722222225,NULL,1400 R St
24000135,TRAFFIC - SUSPENDED DRIVER,2024-01-20T02:19:00Z,Closed - Cleared by Arrest-Adult,45311.09652777778,NULL,N 17TH ST & R ST
24000133,BURGLARY,2024-01-19T18:20:00Z,Closed - Unfounded,45272.666666666664,45310.75,1710 Arbor Dr
24000131,DISTURBANCE - OTHER,2024-01-19T16:46:00Z,Closed - Non-Criminal Case,45310.698611111111,NULL,300 N 17th St
24000121,ANIMAL - DOG BITE TO PERSON,2024-01-18T11:48:00Z,Closed - Non-Criminal Case,45309.479166666664,NULL,3310 Holdrege St
24000098,ACCIDENTS - P.D. H&R NOT REPORTABLE,2024-01-16T12:44:00Z,Closed - Non-Criminal Case,45306.520833333336,45307.479166666664,N 19TH ST & S ST
24000093,TRAFFIC - SUSPENDED DRIVER,2024-01-15T16:43:00Z,Closed - Cleared by Arrest-Adult,45306.696527777778,NULL,X ST & N 17TH ST
24000087,OUTSIDE - O.P.S. OTHER,2024-01-15T05:45:00Z,Closed - Non-Criminal Case,NULL,NULL,NA
24000054,DISTURBANCE - BETWEEN NEIGHBORS,2024-01-10T11:04:00Z,Closed - Non-Criminal Case,45300.850694444445,NULL,2222 Vine St
24000049,LARCENY - SHOPLIFTING,2024-01-10T01:14:00Z,Closed - Inactive,NULL,NULL,1400 R St
24000047,ACCIDENTS - P.D. H&R NOT REPORTABLE,2024-01-09T18:01:00Z,Closed - Cleared by Arrest-Adult,45299.979166666664,45299.981249999997,433 N 19th St
24000038,LARCENY - FROM BUILDING,2024-01-06T21:54:00Z,Closed - Inactive,45297.8125,45297.90902777778,433 V St
24000036,ALCOHOL - MINOR IN POSSESSION,2024-01-06T04:59:00Z,Closed - Cleared by Arrest-Adult,45297.207638888889,NULL,601 N 16th St
24000029,VANDALISM - OTHER,2024-01-05T09:06:00Z,Closed - Inactive,45296.041666666664,NULL,1360 Vine St
24000026,OUTSIDE - O.P.S. OTHER,2024-01-05T08:00:00Z,Closed - Inactive,45296.333333333336,NULL,300 N 17th St
24000025,OUTSIDE - O.P.S. OTHER,2024-01-04T23:00:00Z,Closed - Non-Criminal Case,45295.958333333336,NULL,1397 Canyon Dr
24000024,TRAFFIC - SUSPENDED DRIVER,2024-01-04T22:35:00Z,Closed - Cleared by Arrest-Adult,45295.940972222219,NULL,N 16TH ST & Q ST
24000023,VANDALISM - OTHER,2024-01-04T15:12:00Z,Closed - Inactive,45294.083333333336,45294.104166666664,733 N 17th St
24000018,DISTURBANCE - OTHER,2024-01-03T21:00:00Z,Closed - Inactive,45274.5,45294.5625,433 N 19th St
24000007,TRESPASSING,2024-01-02T21:30:00Z,Closed - Non-Criminal Case,45293.895833333336,NULL,1433 W St
24000006,LARCENY - FROM BUILDING,2024-01-02T18:51:00Z,Closed - Non-Criminal Case,45293.753472222219,45293.770833333336,841 N 14th St
24000005,TRESPASSING,2024-01-02T15:38:00Z,Closed - Non-Criminal Case,45293.651388888888,NULL,1433 W St
23004274,TRESPASSING,2023-12-30T03:45:00Z,Closed - Non-Criminal Case,45290.104166666664,45290.15625,300 N 17th St
23004255,DISTURBANCE - OTHER,2023-12-25T14:25:00Z,Closed - Inactive,45271.583333333336,45284.666666666664,5531 S 74th St
23004252,TRESPASSING,2023-12-23T20:43:00Z,Closed - Non-Criminal Case,45283.863194444442,NULL,1111 N 14th St
23004239,FALSE INFORMATION - GIVEN TO OFC.,2023-12-22T02:24:00Z,Closed - Cleared by Arrest-Adult,45282.1,NULL,1150 N 14th St
23004238,TRESPASSING,2023-12-21T23:56:00Z,Closed - Cleared by Arrest-Adult,45281.99722222222,NULL,1875 N 38th St
23004231,DISTURBANCE - OTHER,2023-12-21T13:07:00Z,Closed - Non-Criminal Case,NULL,NULL,300 N 17th St
23004228,OUTSIDE - O.P.S. OTHER,2023-12-21T03:25:00Z,Closed - Non-Criminal Case,45281.142361111109,NULL,820 Charleston St
23004225,DISTURBANCE - OTHER,2023-12-20T16:10:00Z,Closed - Non-Criminal Case,45280.652777777781,45280.658333333333,1248 R St
23004221,VANDALISM - OTHER,2023-12-19T16:49:00Z,Closed - Inactive,45279.700694444444,NULL,1360 Vine St
23004220,VANDALISM - OTHER,2023-12-19T15:56:00Z,Closed - Inactive,45279.661805555559,NULL,300 N 17th St
23004213,VANDALISM - OTHER,2023-12-18T14:42:00Z,Closed - Inactive,45108,45277.645833333336,1800 N 33rd St
OS23012,SEX OFFENSE - MOLEST/FONDLING,2023-12-18T13:32:00Z,NA - Clery Report Only,45174.5,NULL,Residence Hall
OS23011,SEX OFFENSE - RAPE,2023-12-18T13:27:00Z,NA - Clery Report Only,44621.5,NULL,On Campus
OS23010,SEX OFFENSE - RAPE,2023-12-18T13:17:00Z,NA - Clery Report Only,45170.5,45199.5,Residence Hall
23004207,ALCOHOL - DWI,2023-12-17T01:31:00Z,Closed - Cleared by Arrest-Adult,45277.063194444447,NULL,N 17TH ST & Q ST
23004195,NARCOTICS - POSSESSION,2023-12-15T23:12:00Z,Closed - Cleared by Arrest-Adult,45275.966666666667,NULL,ANTELOPE VALLEY PARKWAY & VINE ST
23004194,NARCOTICS - POSSESSION,2023-12-15T22:43:00Z,Closed - Cleared by Arrest-Adult,45275.946527777778,NULL,N 17TH ST & Y ST
23004193,ACCIDENTS - P.D. H&R NOT REPORTABLE,2023-12-15T22:05:00Z,Closed - Inactive,45275.770833333336,45275.920138888891,1880 Transformation Dr
23004181,NARCOTICS - POSSESSION,2023-12-14T22:33:00Z,Closed - Non-Criminal Case,NULL,NULL,N 19TH ST & S ST
23004179,TRESPASSING,2023-12-14T18:04:00Z,Closed - Cleared by Arrest-Adult,45274.75277777778,NULL,550 N 19th St
23004178,DISTURBANCE - DOMESTIC,2023-12-14T17:02:00Z,Closed - Inactive,45274.697916666664,45274.709722222222,1700 Y St
23004168,FIRE - FALSE ALARM,2023-12-14T02:31:00Z,Closed - Inactive,45274.104861111111,NULL,1120 N 14th St
23004167,ASSAULT - NON DOMESTIC,2023-12-14T01:41:00Z,Closed - Inactive,45274.070138888892,NULL,N 15TH ST & P ST
23004161,TELEPHONE - THREATENING CALLS,2023-12-13T18:24:00Z,Closed - Non-Criminal Case,45273.730555555558,NULL,1500 U St
23004156,ACCIDENTS - P.D. H&R NOT REPORTABLE,2023-12-13T10:55:00Z,Closed - Unfounded,45272.333333333336,45272.541666666664,3940 Fair St
23004153,LARCENY - STOLEN BIKE,2023-12-12T18:21:00Z,Closed - Cleared by Arrest-Adult,45272.541666666664,45272.760416666664,855 N 16th St
23004151,VANDALISM - OTHER,2023-12-12T14:04:00Z,Closed - Inactive,45266.395833333336,45266.489583333336,200 Centennial Mall N
23004146,LARCENY - OTHER OR FROM OPEN AREA,2023-12-11T22:21:00Z,Closed - Cleared by Arrest-Adult,45271.791666666664,45271.916666666664,730 N 14th St
23004135,DISTURBANCE - OTHER,2023-12-11T11:23:00Z,Closed - Inactive,45269.200694444444,NULL,NA
23004123,NARCOTICS - OTHER,2023-12-10T00:56:00Z,Closed - Inactive,45270.038888888892,NULL,1055 N 16th St
23004112,TRAFFIC - SUSPENDED DRIVER,2023-12-08T23:54:00Z,Closed - Cleared by Arrest-Adult,45268.995833333334,NULL,N 13TH ST & N ST
23004108,DISTURBANCE - OTHER,2023-12-08T12:48:00Z,Closed - Non-Criminal Case,45268.533333333333,NULL,1400 R St
23004103,TRESPASSING,2023-12-08T07:36:00Z,Closed - Inactive,45268.316666666666,NULL,1625 Arbor Dr
23004090,DISTURBANCE - OTHER,2023-12-07T14:39:00Z,Closed - Non-Criminal Case,45267.604166666664,NULL,1300 R St
23004078,TRAFFIC - SUSPENDED DRIVER,2023-12-06T16:59:00Z,Closed - Cleared by Arrest-Adult,45266.707638888889,NULL,SALT CREEK RDWY & N ANTELOPE VALLEY PKWY
23004073,TRESPASSING,2023-12-05T22:55:00Z,Closed - Non-Criminal Case,45265.954861111109,NULL,1400 R St
23004061,TELEPHONE - OBSCENE CALLS,2023-12-04T18:30:00Z,Closed - Inactive,45264.739583333336,NULL,1248 R St
23004056,VANDALISM - OTHER,2023-12-04T16:01:00Z,Closed - Inactive,45262.25,45262.291666666664,1801 R St
23004058,ACCIDENTS - P.D. H&R NOT REPORTABLE,2023-12-04T15:00:00Z,Closed - Inactive,45264.607638888891,NULL,1505 S St
23004055,LARCENY - FROM BUILDING,2023-12-04T14:51:00Z,Closed - Non-Criminal Case,45264.4375,45264.458333333336,550 N 19th St
23004051,ACCIDENTS - P.D. H&R NOT REPORTABLE,2023-12-04T11:34:00Z,Closed - Inactive,45256.729166666664,45257.569444444445,300 N 17th St
23004049,DISTURBANCE - OTHER,2023-12-04T08:40:00Z,Closed - Non-Criminal Case,45264.350694444445,45264.361111111109,560 Stadium Dr
23004036,VANDALISM - OTHER,2023-12-02T20:33:00Z,Closed - Inactive,45261.708333333336,45262.6875,3400 Starr Apt 1
23004033,VANDALISM - OTHER,2023-12-02T15:28:00Z,Closed - Inactive,45262.586805555555,NULL,3601 Apple St
23004031,SEX OFFENSE - RAPE,2023-12-02T05:57:00Z,Closed - Inactive,45261.947916666664,45262.229166666664,1510 Vine St
23004028,TRAFFIC - SUSPENDED DRIVER,2023-12-02T01:07:00Z,Closed - Cleared by Arrest-Adult,45262.046527777777,NULL,N ANTELOPE VALLEY PKWY & S ST
23004018,OUTSIDE - O.P.S. OTHER,2023-12-01T10:08:00Z,Closed - Non-Criminal Case,45261.422222222223,NULL,550 N 19th St
23004015,ALCOHOL - DWI,2023-11-30T23:41:00Z,Closed - Cleared by Arrest-Adult,45260.986805555556,NULL,N 9TH ST
23004013,OUTSIDE - O.P.S. OTHER,2023-11-30T22:33:00Z,Closed - Non-Criminal Case,45260.939583333333,NULL,N 22ND ST & P ST
23004011,DISTURBANCE - OTHER,2023-11-30T21:15:00Z,Closed - Inactive,45260.864583333336,NULL,1300 R St
23003995,NARCOTICS - OTHER,2023-11-29T22:19:00Z,Closed - Non-Criminal Case,45259.929861111108,NULL,1780 R St
23003994,NARCOTICS - OTHER,2023-11-29T20:11:00Z,Closed - Non-Criminal Case,45259.84097222222,NULL,1801 R St
23003991,FIRE (WORKING) - ALARM,2023-11-29T17:03:00Z,Closed - Non-Criminal Case,45259.710416666669,NULL,1901 Vine St
23003989,LARCENY - FROM BUILDING,2023-11-29T16:38:00Z,Closed - Inactive,45254.520833333336,45254.666666666664,1100 T St
23003984,ALCOHOL - MINOR IN POSSESSION,2023-11-29T00:28:00Z,Closed - Cleared by Arrest-Adult,45258.9375,45258.979166666664,1130 N 14th St
23003970,NARCOTICS - POSSESSION,2023-11-27T23:11:00Z,Closed - Cleared by Arrest-Adult,45257.96597222222,NULL,1130 N 14th St
OS23009,SEX OFFENSE - RAPE,2023-11-27T14:33:00Z,NA - Clery Report Only,44805.5,NULL,On Campus
OS23008,ASSAULT - DOMESTIC,2023-11-27T14:29:00Z,NA - Clery Report Only,45154.5,NULL,Residence Hall
OS23007,STALKING,2023-11-27T14:24:00Z,NA - Clery Report Only,45100.5,45179.458333333336,Residence Hall and On campus
OS23006,STALKING,2023-11-27T14:20:00Z,NA - Clery Report Only,45182.5,NULL,Residence Hall and On campus
OS23005,STALKING,2023-11-27T14:16:00Z,NA - Clery Report Only,NULL,NULL,On-campus Building
OS23004,STALKING,2023-11-27T14:11:00Z,NA - Clery Report Only,NULL,NULL,Residence Hall
23003956,BURGLARY,2023-11-26T18:28:00Z,Closed - Inactive,45247.625,45256.760416666664,880 N 17th St
23003955,ALCOHOL - DWI,2023-11-26T02:21:00Z,Closed - Cleared by Arrest-Adult,45256.026388888888,NULL,Q ST & N 11TH ST
23003951,TRAFFIC - OTHER,2023-11-25T12:01:00Z,Closed - Inactive,45255.500694444447,NULL,N 38TH ST & HUNTINGTON AVE
23003945,ALCOHOL - DWI,2023-11-25T01:41:00Z,Closed - Cleared by Arrest-Adult,45255.070138888892,NULL,N 14TH ST & Q ST
23003944,DISTURBANCE - OTHER,2023-11-25T00:10:00Z,Closed - Inactive,45255.006944444445,NULL,N 16TH ST & W ST
23003934,VANDALISM - OTHER,2023-11-23T17:29:00Z,Closed - Inactive,45252.916666666664,45253.708333333336,2222 Vine St
23003929,ASSAULT - NON DOMESTIC,2023-11-22T14:53:00Z,Closed - Inactive,45251.819444444445,45251.826388888891,1100 T St
23003924,ALCOHOL - MINOR IN POSSESSION,2023-11-21T20:14:00Z,Closed - Cleared by Arrest-Juvenile,45251.843055555553,NULL,1100 T St
23003923,DISTURBANCE - OTHER,2023-11-21T19:15:00Z,Closed - Inactive,45251.802083333336,NULL,501 N 14th St
23003901,ACCIDENTS - P.D. H&R NOT REPORTABLE,2023-11-20T15:38:00Z,Closed - Non-Criminal Case,45250.588194444441,NULL,707 Stadium Dr
23003894,TRESPASSING,2023-11-20T05:45:00Z,Closed - Non-Criminal Case,45250.239583333336,NULL,1300 R St
23003893,TRESPASSING,2023-11-19T20:43:00Z,Closed - Non-Criminal Case,45249.863194444442,NULL,1801 R St
23003891,SEX OFFENSE - ATTEMPT RAPE,2023-11-19T15:27:00Z,Closed - Inactive,45248,NULL,880 N 17th St
23003888,TRESPASSING,2023-11-18T23:59:00Z,Closed - Non-Criminal Case,45248.999305555553,NULL,1400 R St
23003887,ALCOHOL - MINOR IN POSSESSION,2023-11-18T23:46:00Z,Closed - Cleared by Arrest-Adult,45248.990277777775,NULL,R ST & N 17TH ST
23003885,TRESPASSING,2023-11-18T22:47:00Z,Closed - Non-Criminal Case,45248.949305555558,NULL,One Memorial Stadium Drive
23003875,ALCOHOL - MINOR IN POSSESSION,2023-11-18T01:32:00Z,Closed - Cleared by Arrest-Adult,45248.063888888886,NULL,1150 N 14th St
23003873,NARCOTICS - OTHER,2023-11-18T00:32:00Z,Closed - Cleared by Arrest-Adult,45248.022222222222,NULL,1220 N 14th St
23003871,ALCOHOL - MINOR IN POSSESSION,2023-11-17T23:01:00Z,Closed - Non-Criminal Case,45247.959027777775,NULL,433 N 19th St
23003860,VANDALISM - BY GRAFFITI,2023-11-17T15:51:00Z,Closed - Inactive,NULL,NULL,1248 R St
23003853,VANDALISM - OTHER,2023-11-17T09:30:00Z,Closed - Inactive,45246.708333333336,45247.305555555555,942 N 22nd St
23003850,TRAFFIC - SUSPENDED DRIVER,2023-11-16T23:59:00Z,Closed - Cleared by Arrest-Adult,45246.999305555553,NULL,N 16TH ST & Q ST
23003849,NARCOTICS - OTHER,2023-11-16T23:27:00Z,Closed - Cleared by Arrest-Adult,45246.977083333331,NULL,615 N 19th St
23003846,ACCIDENTS - P.D. H&R NOT REPORTABLE,2023-11-16T20:33:00Z,Closed - Inactive,45245.708333333336,45246.833333333336,1830 Vine St
23003844,TRAFFIC - OTHER,2023-11-16T18:54:00Z,Closed - Cleared by Arrest-Adult,45246.777777777781,45246.787499999999,840 N 14th St
23003841,VANDALISM - OTHER,2023-11-16T14:23:00Z,Closed - Inactive,NULL,NULL,1400 Court Street
23003839,FRAUD - CON GAMES/DECEPTION/FALSE    PRETENSE/OTHER,2023-11-16T13:47:00Z,Closed - Inactive,45244.5,45246.5625,300 N 17th St
23003836,OUTSIDE - O.P.S. OTHER,2023-11-16T09:10:00Z,Closed - Inactive,45246.46597222222,NULL,City of Lincoln
23003832,NARCOTICS - OTHER,2023-11-15T23:52:00Z,Closed - Cleared by Arrest-Adult,45245.994444444441,NULL,ANTELOPE VALLEY PARKWAY & VINE ST
23003834,NARCOTICS - POSSESSION,2023-11-15T23:35:00Z,Closed - Cleared by Arrest-Adult,45245.982638888891,NULL,Y ST & N 17TH ST
23003823,VANDALISM - BY GRAFFITI,2023-11-15T10:57:00Z,Closed - Inactive,45244.666666666664,45245.395833333336,1101 T St
23003813,LARCENY - STOLEN BIKE,2023-11-14T17:57:00Z,Closed - Cleared by Arrest-Adult,45244.4375,45244.743055555555,1209 R St
23003808,LARCENY - FROM BUILDING,2023-11-14T15:31:00Z,Closed - Inactive,45244.5625,45244.625,841 N 14th St
23003805,TELEPHONE - OTHER,2023-11-14T10:51:00Z,Closed - Non-Criminal Case,45139.333333333336,45243.395833333336,730 N 14th St
23003804,LARCENY - OTHER OR FROM OPEN AREA,2023-11-14T09:50:00Z,Closed - Cleared by Arrest-Adult,45244.322916666664,45244.385416666664,1300 Q St
23003803,TRAFFIC - SUSPENDED DRIVER,2023-11-14T09:26:00Z,Closed - Cleared by Arrest-Adult,45244.393055555556,45244.397916666669,EAST CAMPUS LOOP & DAIRY STORE DRIVE
23003799,ALCOHOL - DWI,2023-11-13T23:39:00Z,Closed - Cleared by Arrest-Adult,45243.98541666667,NULL,Q ST & N 17TH ST
23003790,NARCOTICS - OTHER,2023-11-13T14:21:00Z,Closed - Inactive,NULL,NULL,3520 East Campus Loop N
23003789,DISTURBANCE - OTHER,2023-11-13T12:39:00Z,Closed - Inactive,45239.604166666664,45239.614583333336,1625 Arbor Dr
23003785,TRESPASSING,2023-11-13T09:00:00Z,Closed - Cleared by Arrest-Adult,NULL,NULL,900 N 16th St
23003780,FALSE SECURITY ALARMS - OTHER,2023-11-13T00:29:00Z,Closed - Inactive,45243.020138888889,NULL,1510 Vine St
23003769,TRAFFIC - SUSPENDED DRIVER,2023-11-12T02:16:00Z,Closed - Cleared by Arrest-Adult,45242.094444444447,NULL,VINE ST & N 17TH ST
23003768,NARCOTICS - POSSESSION,2023-11-12T01:00:00Z,Closed - Non-Criminal Case,45242.041666666664,NULL,1830 Vine St
23003757,DISTURBANCE - OTHER,2023-11-11T13:28:00Z,Closed - Non-Criminal Case,45139,NULL,880 N 17th St
23003755,TRESPASSING,2023-11-11T13:09:00Z,Closed - Cleared by Arrest-Adult,45241.54791666667,NULL,1100 T St
23003756,VANDALISM - BY GRAFFITI,2023-11-11T13:08:00Z,Closed - Inactive,NULL,NULL,2225 W St
23003754,OUTSIDE - O.P.S. OTHER,2023-11-11T12:30:00Z,Closed - Inactive,45241.520833333336,NULL,1100 T St
23003748,ALCOHOL - USING FALSE I.D.,2023-11-11T05:49:00Z,Closed - Cleared by Arrest-Adult,45241.242361111108,NULL,440 N 17th St
23003750,DISTURBANCE - OTHER,2023-11-11T03:26:00Z,Closed - Non-Criminal Case,45240.604166666664,NULL,1400 R St
23003747,DISTURBANCE - OTHER,2023-11-11T01:20:00Z,Closed - Non-Criminal Case,45240.666666666664,45240.916666666664,900 N 16th St
23003744,NARCOTICS - OTHER,2023-11-11T00:31:00Z,Closed - Cleared by Arrest-Adult,45241.021527777775,NULL,1220 N 14th St
23003725,VANDALISM - BY GRAFFITI,2023-11-09T08:30:00Z,Closed - Inactive,45237.625,45239.333333333336,1101 T St
23003722,ALCOHOL - MINOR IN POSSESSION,2023-11-09T01:16:00Z,Closed - Non-Criminal Case,45239.054166666669,NULL,1130 N 14th St
23003711,DISTURBANCE - OTHER,2023-11-08T12:15:00Z,Closed - Non-Criminal Case,45238.510416666664,NULL,1400 R St
23003706,ACCIDENTS - P.D. H&R NOT REPORTABLE,2023-11-07T17:54:00Z,Closed - Non-Criminal Case,45235.770833333336,45237.745833333334,615 N 19th St
23003704,FIRE - FALSE ALARM,2023-11-07T16:53:00Z,Closed - Cleared by Arrest-Adult,45237.703472222223,NULL,844 N 16th St
23003703,ACCIDENTS - P.D. H&R NOT REPORTABLE,2023-11-07T16:28:00Z,Closed - Inactive,45236.291666666664,45236.791666666664,1111 N 14th St
23003700,LARCENY - OTHER OR FROM OPEN AREA,2023-11-07T16:11:00Z,Closed - Cleared by Arrest-Adult,45237.583333333336,45237.625,1300 R St
23003696,LARCENY - FROM BUILDING,2023-11-07T10:36:00Z,Closed - Cleared by Arrest-Adult,45236.833333333336,45237.375,1801 R St
23003694,ACCIDENTS - P.D. H&R NOT REPORTABLE,2023-11-07T10:22:00Z,Closed - Cleared by Arrest-Adult,45232.8125,45235.618055555555,1801 R St
23003695,OUTSIDE - O.P.S. OTHER,2023-11-07T10:15:00Z,Closed - Inactive,45220.697916666664,45220.715277777781,NA
23003691,ALCOHOL - USING FALSE I.D.,2023-11-07T05:57:00Z,Closed - Cleared by Arrest-Adult,45237.247916666667,NULL,512 N 12th St
23003684,DISTURBANCE - OTHER,2023-11-06T20:08:00Z,Closed - Non-Criminal Case,45212,45236,1055 N 16th St
23003682,OUTSIDE - O.P.S. OTHER,2023-11-06T19:08:00Z,Closed - Non-Criminal Case,NULL,NULL,1400 R St
23003677,SEX OFFENSE - RAPE,2023-11-06T14:35:00Z,Closed - Inactive,44551.000694444447,44551.999305555553,1150 N 14th St
23003669,EXTORTION,2023-11-05T21:55:00Z,Closed - Inactive,45233.873611111114,45235.956944444442,820 N 17th St
23003666,ACCIDENTS - P.D. H&R NOT REPORTABLE,2023-11-05T17:30:00Z,Closed - Non-Criminal Case,45232.833333333336,45235.458333333336,1801 R St
23003664,ACCIDENTS - P.D. H&R NOT REPORTABLE,2023-11-05T16:00:00Z,Closed - Non-Criminal Case,45234.666666666664,45235.659722222219,615 N 19th St
23003663,LARCENY - STOLEN BIKE,2023-11-05T15:09:00Z,Closed - Inactive,45233.75,45234.333333333336,1801 R St
23003662,DISTURBANCE - OTHER,2023-11-05T10:46:00Z,Closed - Inactive,45234.885416666664,45234.897222222222,433 V St
23003661,SUSPICIOUS PERSON,2023-11-05T02:00:00Z,Closed - Non-Criminal Case,45235.083333333336,NULL,433 N 19th St
23003657,ALCOHOL - UNL POLICY VIOLATION,2023-11-05T00:05:00Z,Closed - Inactive,45235.003472222219,NULL,433 N 19th St
23003658,OUTSIDE - O.P.S. OTHER,2023-11-05T00:04:00Z,Closed - Non-Criminal Case,45235.00277777778,NULL,N 32ND ST & HOLDREGE ST
23003654,LARCENY - OTHER OR FROM OPEN AREA,2023-11-04T21:22:00Z,Closed - Inactive,45234.458333333336,NULL,880 N 16th St
23003653,DISTURBANCE - OTHER,2023-11-04T19:11:00Z,Closed - Non-Criminal Case,45234.799305555556,NULL,900 N 16th St
23003652,SEX OFFENSE - INDECENT EXPOSURE,2023-11-04T17:44:00Z,Closed - Cleared by Arrest-Adult,45234.738888888889,NULL,716 N 16th St
23003632,VANDALISM - OTHER,2023-11-03T14:51:00Z,Closed - Non-Criminal Case,45228.791666666664,45233.583333333336,1801 R St
23003631,LARCENY - FROM BUILDING,2023-11-03T11:30:00Z,Closed - Inactive,45225.984027777777,45226.020833333336,433 N 19th St
23003629,OUTSIDE - O.P.S. OTHER,2023-11-03T08:23:00Z,Closed - Non-Criminal Case,45230.972222222219,NULL,1209 New Hampshire St
23003623,ACCIDENTS - P.D. H&R NOT REPORTABLE,2023-11-02T21:15:00Z,Closed - Non-Criminal Case,45232.885416666664,NULL,4000 East Campus Loop S
23003621,LARCENY - FROM BUILDING,2023-11-02T19:24:00Z,Closed - Inactive,45232.729166666664,45232.802083333336,639 N 12th St
23003618,SUSPICIOUS PERSON,2023-11-02T11:03:00Z,Closed - Non-Criminal Case,45232.460416666669,NULL,1710 Arbor Dr
23003615,NARCOTICS - OTHER,2023-11-01T23:32:00Z,Closed - Non-Criminal Case,45231.980555555558,NULL,1150 N 14th St
23003614,NARCOTICS - POSSESSION,2023-11-01T22:33:00Z,Closed - Non-Criminal Case,45231.939583333333,NULL,1120 N 14th St
23003613,SEX OFFENSE - RAPE,2023-11-01T20:20:00Z,Closed - Inactive,45231,45231.041666666664,1433 R St
23003612,ACCIDENTS - P.D. H&R NOT REPORTABLE,2023-11-01T11:42:00Z,Closed - Inactive,45229.798611111109,45229.895833333336,1101 Salt Creek Rdwy
23003603,DISTURBANCE - OTHER,2023-10-31T19:49:00Z,Closed - Inactive,45230.824305555558,NULL,1400 R St
23003601,DISTURBANCE - OTHER,2023-10-31T14:21:00Z,Closed - Non-Criminal Case,45230.4375,NULL,639 N 12th St
23003597,TRESPASSING,2023-10-31T09:57:00Z,Closed - Inactive,45227.541666666664,45227.5625,1104 R St
23003596,SUSPICIOUS PERSON,2023-10-31T08:18:00Z,Closed - Non-Criminal Case,45230.340277777781,45230.349305555559,560 Stadium Dr
23003594,LARCENY - FROM MOTOR VEHICLE,2023-10-30T21:34:00Z,Closed - Cleared by Arrest-Adult,45229.736111111109,45229.791666666664,1700 N 34th St
23003589,LARCENY - STOLEN BIKE,2023-10-30T17:15:00Z,Closed - Inactive,45229.347222222219,45229.71875,1901 Vine St
23003588,DISTURBANCE - OTHER,2023-10-30T16:50:00Z,Closed - Inactive,45229,45229.701388888891,1901 Vine St
23003579,LARCENY - OTHER OR FROM OPEN AREA,2023-10-30T09:24:00Z,Closed - Non-Criminal Case,45227.625,45229.507638888892,530 N 17th St
23003574,ASSAULT - DOMESTIC,2023-10-29T22:14:00Z,Closed - Cleared by Arrest-Adult,45228.926388888889,NULL,433 N 19th St
23003567,TRESPASSING,2023-10-29T08:19:00Z,Closed - Non-Criminal Case,45228.083333333336,45228.34652777778,600 N 15th St
23003564,DISTURBANCE - DOMESTIC,2023-10-29T00:13:00Z,Closed - Non-Criminal Case,45228.009027777778,NULL,1120 N 14th St
23003563,DISTURBANCE - OTHER,2023-10-28T19:56:00Z,Closed - Non-Criminal Case,45227.830555555556,NULL,1400 R St
23003570,DISTURBANCE - OTHER,2023-10-28T16:45:00Z,Closed - Non-Criminal Case,45227.697916666664,45227.711805555555,1100 T St
23003559,OUTSIDE - O.P.S. OTHER,2023-10-28T15:58:00Z,Closed - Cleared by Arrest-Adult,45227.665277777778,NULL,1100 T St
23003557,TRESPASSING,2023-10-28T12:22:00Z,Closed - Non-Criminal Case,45227.515277777777,NULL,1400 R St
23003547,ALCOHOL - MINOR IN POSSESSION,2023-10-27T23:06:00Z,Closed - Cleared by Arrest-Adult,45226.962500000001,NULL,N 16TH ST & S ST
23003536,TRESPASSING,2023-10-27T15:59:00Z,Closed - Non-Criminal Case,45226.665972222225,NULL,313 N 13th St
23003532,ACCIDENTS - P.D. H&R NOT REPORTABLE,2023-10-27T14:05:00Z,Closed - Inactive,45226.5625,45226.583333333336,1505 S St
23003581,OUTSIDE - O.P.S. OTHER,2023-10-27T11:28:00Z,Closed - Non-Criminal Case,45220.75,NULL,129 N 10th St #100
23003526,LARCENY - STOLEN BIKE,2023-10-27T10:36:00Z,Closed - Inactive,45225.791666666664,45226.347222222219,1780 R St
23003524,ASSAULT - NON DOMESTIC,2023-10-27T09:41:00Z,Closed - Inactive,45226.03125,45226.034722222219,1433 R St
23003523,LARCENY - OTHER OR FROM OPEN AREA,2023-10-27T09:33:00Z,Closed - Inactive,45226.056944444441,NULL,733 N 17th St
23003519,SUSPICIOUS PERSON,2023-10-27T07:13:00Z,Closed - Non-Criminal Case,45226.284722222219,NULL,616 N 16th St
23003518,ALCOHOL - DRUNK,2023-10-27T05:31:00Z,Closed - Non-Criminal Case,45226.229861111111,NULL,1710 Arbor Dr
23003515,ALCOHOL - MINOR IN POSSESSION,2023-10-27T01:51:00Z,Closed - Non-Criminal Case,45226.07708333333,NULL,1120 N 14th St
23003512,ALCOHOL - MINOR IN POSSESSION,2023-10-26T23:59:00Z,Closed - Non-Criminal Case,45225.999305555553,NULL,433 N 19th St
23003507,LARCENY - STOLEN BIKE,2023-10-26T19:14:00Z,Closed - Cleared by Arrest-Adult,45225.784722222219,45225.798611111109,501 N 14th St
23003506,ACCIDENTS - P.D. H&R NOT REPORTABLE,2023-10-26T17:18:00Z,Closed - Inactive,NULL,NULL,1801 R St
23003505,LARCENY - FROM BUILDING,2023-10-26T16:38:00Z,Closed - Cleared by Arrest-Adult,45225.629861111112,NULL,1400 R St
23003491,DISTURBANCE - OTHER,2023-10-25T17:56:00Z,Closed - Non-Criminal Case,45224.739583333336,NULL,1400 R St
23003484,LARCENY - FROM BUILDING,2023-10-25T10:18:00Z,Closed - Non-Criminal Case,45223.789583333331,NULL,1100 T St
23003475,ACCIDENTS - INJURY,2023-10-24T17:37:00Z,Closed - Non-Criminal Case,45223.734027777777,NULL,745 N 14th St
23003471,LARCENY - OTHER OR FROM OPEN AREA,2023-10-24T11:52:00Z,Closed - Cleared by Arrest-Adult,45206.625,45221.791666666664,1710 Arbor Dr
23003465,DISTURBANCE - OTHER,2023-10-23T16:22:00Z,Closed - Non-Criminal Case,NULL,NULL,1780 R St
23003464,DISTURBANCE - OTHER,2023-10-23T15:41:00Z,Closed - Non-Criminal Case,45221.125,NULL,1120 N 14th St
23003461,ACCIDENTS - P.D. H&R NOT REPORTABLE,2023-10-23T14:53:00Z,Closed - Cleared by Arrest-Adult,45222.371527777781,NULL,745 N 14th St
23003460,ACCIDENTS - P.D. H&R NOT REPORTABLE,2023-10-23T13:44:00Z,Closed - Inactive,45222.379166666666,45222.456944444442,1111 N 14th St
23003457,LARCENY - OTHER OR FROM OPEN AREA,2023-10-23T12:21:00Z,Closed - Cleared by Arrest-Adult,45222.447916666664,45222.51458333333,1248 R St
23003458,DISTURBANCE - OTHER,2023-10-23T12:06:00Z,Closed - Non-Criminal Case,45213.824999999997,45220.875,1600 Court St
23003456,LARCENY - OTHER OR FROM OPEN AREA,2023-10-23T11:48:00Z,Closed - Non-Criminal Case,45218.333333333336,NULL,4401 Fair St
23003455,ACCIDENTS - P.D. H&R NOT REPORTABLE,2023-10-23T11:18:00Z,Closed - Inactive,45220.5625,45220.729166666664,200 Centennial Mall N
23003447,NARCOTICS - OTHER,2023-10-22T01:30:00Z,Closed - Cleared by Arrest-Adult,45221.0625,NULL,1111 N 14th St
23003443,NARCOTICS - POSSESSION,2023-10-21T23:14:00Z,Closed - Cleared by Arrest-Adult,45220.968055555553,NULL,880 N 17th St
23003441,EXTORTION,2023-10-21T20:36:00Z,Closed - Inactive,45220.729166666664,45220.818749999999,880 N 17th St
23003439,ACCIDENTS - P.D. H&R NOT REPORTABLE,2023-10-21T18:13:00Z,Closed - Inactive,45220.479166666664,45220.708333333336,900 N 21st St
23003438,LARCENY - OTHER OR FROM OPEN AREA,2023-10-21T16:25:00Z,Closed - Inactive,45220.684027777781,NULL,1100 T St
23003433,DISTURBANCE - DOMESTIC,2023-10-21T02:07:00Z,Closed - Non-Criminal Case,45220.088194444441,NULL,433 N 19th St
23003431,ALCOHOL - MINOR IN POSSESSION,2023-10-21T00:41:00Z,Closed - Cleared by Arrest-Adult,45220.02847222222,NULL,1400 R St
23003424,VANDALISM - OTHER,2023-10-20T16:18:00Z,Closed - Inactive,45156.25,45214.875,880 N 17th St
23003418,TRAFFIC - SUSPENDED DRIVER,2023-10-20T05:08:00Z,Closed - Cleared by Arrest-Adult,45219.213888888888,NULL,DAIRY STORE DRIVE & HOLDREGE ST
23003415,OUTSIDE - O.P.S. OTHER,2023-10-20T00:48:00Z,Closed - Non-Criminal Case,45219.033333333333,NULL,N 12TH ST
23003413,ALCOHOL - MINOR IN POSSESSION,2023-10-19T23:43:00Z,Closed - Non-Criminal Case,45218.988194444442,NULL,880 N 17th St
23003412,DISTURBANCE - OTHER,2023-10-19T23:30:00Z,Closed - Non-Criminal Case,45218.979166666664,NULL,1400 R St
23003411,ALCOHOL - MINOR IN POSSESSION,2023-10-19T23:11:00Z,Closed - Non-Criminal Case,45218.96597222222,45218.978472222225,880 N 17th St
23003407,NARCOTICS - POSSESSION,2023-10-19T19:01:00Z,Closed - Non-Criminal Case,45218.792361111111,NULL,880 N 17th St
23003402,ACCIDENTS - P.D. H&R NOT REPORTABLE,2023-10-19T15:49:00Z,Closed - Cleared by Arrest-Adult,45218.511805555558,NULL,745 N 14th St
23003397,LARCENY - FROM BUILDING,2023-10-19T11:33:00Z,Closed - Inactive,45170.000694444447,45200.999305555553,1300 R St
23003399,SUSPICIOUS PERSON,2023-10-19T11:09:00Z,Closed - Non-Criminal Case,45218.270833333336,45218.28125,733 N 17th St
23003392,NARCOTICS - POSSESSION,2023-10-19T00:36:00Z,Closed - Cleared by Arrest-Adult,45218.025000000001,NULL,Y ST & N 19TH ST
23003385,LARCENY - STOLEN BIKE,2023-10-18T18:37:00Z,Closed - Cleared by Arrest-Adult,45212.375,45217.756944444445,1801 R St
23003384,LARCENY - OTHER OR FROM OPEN AREA,2023-10-18T17:02:00Z,Closed - Inactive,45216.708333333336,45217.736111111109,930 N 14th St
23003372,VANDALISM - BY GRAFFITI,2023-10-17T12:46:00Z,Closed - Inactive,NULL,NULL,1800 N 40th St
23003371,FND ARTICLE OTHER THAN ABAND. BIKE OR VEH.,2023-10-17T12:13:00Z,Closed - Cleared by Arrest-Adult,NULL,NULL,1400 R St
23003369,SUSPICIOUS PERSON,2023-10-17T05:43:00Z,Closed - Inactive,45216.238194444442,NULL,1430 Vine St
23003363,NARCOTICS - OTHER,2023-10-16T13:01:00Z,Closed - Cleared by Arrest-Adult,NULL,NULL,SALT CREEK RDWY & N 14TH ST
23003356,TRESPASSING,2023-10-15T04:14:00Z,Closed - Non-Criminal Case,45214.176388888889,45214.179861111108,433 N 19th St
23003355,NARCOTICS - POSSESSION,2023-10-15T02:15:00Z,Closed - Cleared by Arrest-Adult,45214.09375,NULL,N 10TH ST & P ST
23003354,TRAFFIC - SUSPENDED DRIVER,2023-10-15T01:56:00Z,Closed - Cleared by Arrest-Adult,45214.080555555556,NULL,Q ST & N 13TH ST
23003353,NARCOTICS - POSSESSION,2023-10-14T23:20:00Z,Closed - Cleared by Arrest-Adult,45213.972222222219,NULL,N 12TH ST & R ST
23003336,ACCIDENTS - P.D. H&R NOT REPORTABLE,2023-10-13T13:22:00Z,Closed - Inactive,45207.5,45212.541666666664,1111 N 14th St
23003324,DISTURBANCE - OTHER,2023-10-12T14:58:00Z,Closed - Non-Criminal Case,45202.447916666664,45211.464583333334,625 Stadium Dr
23003320,LARCENY - STOLEN BIKE,2023-10-12T11:50:00Z,Closed - Inactive,45211.458333333336,45211.479166666664,402 Stadium Dr
23003318,LARCENY - STOLEN BIKE,2023-10-12T10:33:00Z,Closed - Cleared by Arrest-Adult,45210.833333333336,45211.260416666664,820 N 17th St
23003313,NARCOTICS - POSSESSION,2023-10-12T01:45:00Z,Closed - Cleared by Arrest-Adult,45211.072916666664,NULL,615 N 19th St
23003312,ALCOHOL - MINOR IN POSSESSION,2023-10-12T01:24:00Z,Closed - Cleared by Arrest-Adult,45211.058333333334,NULL,615 N 19th St
23003311,TRESPASSING,2023-10-12T00:53:00Z,Closed - Cleared by Arrest-Adult,45211.036805555559,NULL,1801 R St
23003303,ACCIDENTS - P.D. H&R NOT REPORTABLE,2023-10-11T17:36:00Z,Closed - Inactive,45209.5,45209.71875,4000 East Campus Loop S
23003297,LARCENY - FROM BUILDING,2023-10-11T15:29:00Z,Closed - Inactive,45085.333333333336,45101.5,880 N 17th St
23003295,DISTURBANCE - OTHER,2023-10-11T10:55:00Z,Closed - Non-Criminal Case,45210.444444444445,NULL,501 N 14th St
23003287,DISTURBANCE - OTHER,2023-10-10T18:35:00Z,Closed - Non-Criminal Case,45209.75,45209.770833333336,480 N 16th St
23003285,ACCIDENTS - P.D. H&R NOT REPORTABLE,2023-10-10T16:49:00Z,Closed - Non-Criminal Case,45209.541666666664,45209.694444444445,1111 N 14th St
23003284,VANDALISM - OTHER,2023-10-10T15:16:00Z,Closed - Inactive,45209.569444444445,45209.588888888888,1000 N 16th St
23003290,LARCENY - FROM BUILDING,2023-10-10T10:45:00Z,Closed - Non-Criminal Case,45209.416666666664,45209.428472222222,840 N 14th St
23003270,VANDALISM - OTHER,2023-10-09T18:20:00Z,Closed - Inactive,45201.333333333336,45201.708333333336,1875 N 42nd St
23003271,ACCIDENTS - P.D. H&R NOT REPORTABLE,2023-10-09T16:46:00Z,Closed - Inactive,45205.625,45208.677083333336,1710 Arbor Dr
23003264,DISTURBANCE - OTHER,2023-10-09T11:35:00Z,Closed - Inactive,45205.583333333336,45205.604166666664,512 N 12th St
23003263,LARCENY - FROM BUILDING,2023-10-09T11:34:00Z,Closed - Inactive,45191.291666666664,45205.5,540 N 16th St
23003262,DISTURBANCE - OTHER,2023-10-09T10:45:00Z,Closed - Cleared by Arrest-Adult,45208.447916666664,NULL,1410 Q St
23003259,ACCIDENTS - P.D. H&R NOT REPORTABLE,2023-10-08T18:44:00Z,Closed - Inactive,45204.475694444445,45207.780555555553,4000 East Campus Loop S
23003258,LARCENY - STOLEN BIKE,2023-10-08T18:28:00Z,Closed - Inactive,45207.205555555556,NULL,733 N 17th St
23003256,TRESPASSING,2023-10-08T12:55:00Z,Closed - Cleared by Arrest-Adult,NULL,NULL,440 N 17th St
23003248,TRESPASSING,2023-10-08T01:10:00Z,Closed - Non-Criminal Case,45207.048611111109,NULL,1400 R St
23003247,DISTURBANCE - OTHER,2023-10-07T23:01:00Z,Closed - Non-Criminal Case,45206.951388888891,45206.958333333336,1055 N 16th St
23003246,ALCOHOL - MINOR IN POSSESSION,2023-10-07T20:38:00Z,Closed - Non-Criminal Case,45206.84375,45206.901388888888,1880 Transformation Dr
23003243,ACCIDENTS - P.D. H&R NOT REPORTABLE,2023-10-07T12:31:00Z,Closed - Inactive,45204.782638888886,45206.416666666664,1801 R St
23003239,ALCOHOL - MINOR IN POSSESSION,2023-10-07T01:20:00Z,Closed - Non-Criminal Case,45206.055555555555,NULL,880 N 17th St
23003238,ALCOHOL - MINOR IN POSSESSION,2023-10-07T00:14:00Z,Closed - Cleared by Arrest-Adult,45206.009722222225,NULL,820 N 17th St
23003237,ACCIDENTS - P.D. H&R NOT REPORTABLE,2023-10-06T23:55:00Z,Closed - Non-Criminal Case,45204.958333333336,45205.458333333336,1801 R St
23003236,ALCOHOL - USING FALSE I.D.,2023-10-06T23:24:00Z,Closed - Cleared by Arrest-Adult,45205.974999999999,NULL,300 N 17th St
23003219,LARCENY - STOLEN BIKE,2023-10-05T22:05:00Z,Closed - Inactive,45203.952777777777,NULL,820 N 17th St
23003211,ACCIDENTS - P.D. H&R NOT REPORTABLE,2023-10-05T15:42:00Z,Closed - Inactive,45203.708333333336,45204.340277777781,855 N 16th St
23003208,OUTSIDE - O.P.S. OTHER,2023-10-05T14:12:00Z,Closed - Non-Criminal Case,45204.591666666667,NULL,ANTELOPE VALLEY PARKWAY & N 17TH ST
23003203,TRESPASSING,2023-10-05T04:53:00Z,Closed - Cleared by Arrest-Adult,45204.203472222223,NULL,1300 R St
23003201,NARCOTICS - POSSESSION,2023-10-05T00:04:00Z,Closed - Cleared by Arrest-Adult,45204.00277777778,NULL,1220 N 14th St
23003198,VANDALISM - OTHER,2023-10-04T16:47:00Z,Closed - Inactive,45203.604166666664,45203.6875,4000 East Campus Loop S
23003194,VANDALISM - OTHER,2023-10-04T09:22:00Z,Closed - Inactive,45202.479166666664,45202.583333333336,900 N 16th St
23003191,DISTURBANCE - OTHER,2023-10-04T08:09:00Z,Closed - Non-Criminal Case,45199.128472222219,NULL,733 N 17th St
23003185,LARCENY - OTHER OR FROM OPEN AREA,2023-10-03T17:55:00Z,Closed - Non-Criminal Case,45229.59375,45229.645833333336,1400 R St
23003167,VANDALISM - OTHER,2023-10-02T16:09:00Z,Closed - Inactive,45201.513888888891,45201.625,933 N 16th St
23003163,ACCIDENTS - P.D. H&R NOT REPORTABLE,2023-10-02T11:59:00Z,Closed - Cleared by Arrest-Adult,45199.333333333336,45200.625,1111 N 14th St
23003159,ACCIDENTS - P.D. H&R NOT REPORTABLE,2023-10-02T07:07:00Z,Closed - Inactive,45198.270833333336,45198.625,707 Stadium Dr
23003156,SUSPICIOUS PERSON,2023-10-02T03:04:00Z,Closed - Inactive,45201.12777777778,NULL,440 N 17th St
23003149,NARCOTICS - POSSESSION,2023-10-01T11:59:00Z,Closed - Cleared by Arrest-Adult,45200.499305555553,NULL,1100 T St
23003148,ASSAULT - NON DOMESTIC,2023-10-01T11:23:00Z,Closed - Cleared by Arrest-Adult,45200.057638888888,45200.065972222219,635 N 16th St
23003143,ALCOHOL - DWI,2023-10-01T02:04:00Z,Closed - Cleared by Arrest-Adult,45200.086111111108,NULL,Q ST & N 16TH ST
23003139,ALCOHOL - MINOR IN POSSESSION,2023-09-30T23:07:00Z,Closed - Cleared by Arrest-Adult,44469.963194444441,NULL,1780 R St
23003134,LARCENY - OTHER OR FROM OPEN AREA,2023-09-30T18:15:00Z,Closed - Non-Criminal Case,45199.5625,45199.75,N 15TH ST & T ST
23003130,LARCENY - OTHER OR FROM OPEN AREA,2023-09-30T17:13:00Z,Closed - Inactive,45198.5,45199.708333333336,1400 R St
23003117,FIRE - FALSE ALARM,2023-09-30T03:39:00Z,Closed - Non-Criminal Case,45199.152083333334,NULL,1545 R St
23003113,ALCOHOL - MINOR IN POSSESSION,2023-09-29T23:44:00Z,Closed - Non-Criminal Case,45198.988888888889,NULL,1535 R St
23003111,ALCOHOL - USING FALSE I.D.,2023-09-29T23:08:00Z,Closed - Cleared by Arrest-Adult,45198.963888888888,NULL,841 N 14th St
23003110,DISTURBANCE - OTHER,2023-09-29T23:06:00Z,Closed - Cleared by Arrest-Adult,45198.962500000001,NULL,1400 R St
23003102,ACCIDENTS - P.D. H&R NOT REPORTABLE,2023-09-29T17:30:00Z,Closed - Non-Criminal Case,45198.322916666664,45198.555555555555,550 N 19th St
23003098,ACCIDENTS - P.D. H&R NOT REPORTABLE,2023-09-29T14:38:00Z,Closed - Non-Criminal Case,45197.791666666664,45198.416666666664,1400 R St
23003095,DISTURBANCE - OTHER,2023-09-29T09:10:00Z,Closed - Inactive,45198.020833333336,NULL,1150 N 14th St
23003082,VANDALISM - OTHER,2023-09-28T17:25:00Z,Closed - Inactive,45197.333333333336,45197.708333333336,1248 R St
23003081,TELEPHONE - THREATENING CALLS,2023-09-28T17:14:00Z,Closed - Inactive,45185.333333333336,NULL,1548 Vine St
23003076,TRESPASSING,2023-09-28T10:23:00Z,Closed - Inactive,45197.432638888888,NULL,400 Line Drive Cir
23003068,TRESPASSING,2023-09-28T01:13:00Z,Closed - Cleared by Arrest-Adult,45197.050694444442,NULL,1830 Vine St
23003064,LARCENY - OTHER OR FROM OPEN AREA,2023-09-27T21:56:00Z,Closed - Cleared by Arrest-Adult,45196.8125,45196.831250000003,820 N 17th St
23003062,LARCENY - FROM BUILDING,2023-09-27T17:26:00Z,Closed - Cleared by Arrest-Adult,45196.666666666664,45196.708333333336,1400 R St
23003058,TRESPASSING,2023-09-27T02:04:00Z,Closed - Cleared by Arrest-Adult,45196.086111111108,NULL,600 N 15th St
23003052,DISTURBANCE - OTHER,2023-09-26T18:40:00Z,Closed - Non-Criminal Case,45195.770833333336,NULL,1400 R St
23003047,LARCENY - STOLEN BIKE,2023-09-26T13:13:00Z,Closed - Cleared by Arrest-Adult,45194.958333333336,45195.581250000003,1300 R St
23003042,LARCENY - OTHER OR FROM OPEN AREA,2023-09-26T09:15:00Z,Closed - Inactive,45195.000694444447,45195.322916666664,1801 R St
23003041,TRESPASSING,2023-09-26T04:10:00Z,Closed - Cleared by Arrest-Adult,45195.173611111109,NULL,625 Stadium Dr
23003029,LARCENY - FROM BUILDING,2023-09-25T11:25:00Z,Closed - Inactive,45189.541666666664,45191.708333333336,1520 R St
23003026,LARCENY - OTHER OR FROM OPEN AREA,2023-09-25T04:06:00Z,Closed - Non-Criminal Case,45194.17083333333,NULL,1130 N 14th St
23003025,FRAUD - CON GAMES/DECEPTION/FALSE    PRETENSE/OTHER,2023-09-25T01:37:00Z,Closed - Inactive,45193.333333333336,45194.020833333336,300 N 17th St
23003023,LARCENY - OTHER OR FROM OPEN AREA,2023-09-24T13:45:00Z,Closed - Inactive,45188,NULL,440 N 17th St
23003022,ACCIDENTS - P.D. H&R NOT REPORTABLE,2023-09-24T12:54:00Z,Closed - Cleared by Arrest-Adult,45190.354166666664,45190.4375,1111 N 14th St
23003019,ALCOHOL - MINOR IN POSSESSION,2023-09-24T02:08:00Z,Closed - Non-Criminal Case,45193.088888888888,NULL,433 N 19th St
23003017,TRESPASSING,2023-09-24T01:16:00Z,Closed - Non-Criminal Case,45193.052777777775,NULL,1400 R St
23003014,ALCOHOL - DRUNK,2023-09-23T22:33:00Z,Closed - Non-Criminal Case,45192.939583333333,NULL,N 14TH ST & VINE ST
23003010,OUTSIDE - O.P.S. OTHER,2023-09-23T17:00:00Z,Closed - Cleared by Arrest-Adult,45192.708333333336,NULL,1100 T St
23002996,DISTURBANCE - OTHER,2023-09-22T15:54:00Z,Closed - Non-Criminal Case,45191.662499999999,45191.662499999999,512 N 12th St
23002985,TRESPASSING,2023-09-22T08:16:00Z,Closed - Inactive,45191.340277777781,NULL,402 Stadium Dr
23002978,FRAUD - CON GAMES/DECEPTION/FALSE    PRETENSE/OTHER,2023-09-21T17:43:00Z,Closed - Inactive,45188,NULL,300 N 17th St
23002972,LARCENY - FROM BUILDING,2023-09-20T18:59:00Z,Closed - Inactive,45189.597222222219,45189.644444444442,660 N 12th St
23002962,DISTURBANCE - OTHER,2023-09-20T14:05:00Z,Closed - Non-Criminal Case,45061.586805555555,45189.586805555555,1300 R St
23002956,SUSPICIOUS PERSON,2023-09-20T03:18:00Z,Closed - Non-Criminal Case,45189.137499999997,NULL,820 N 17th St
23002950,FIRE (WORKING) - ALARM,2023-09-19T19:38:00Z,Closed - Non-Criminal Case,45188.697222222225,NULL,1120 N 14th St
23002944,TELEPHONE - OTHER,2023-09-19T11:29:00Z,Closed - Inactive,45188.473611111112,NULL,4000 East Campus Loop S
23002943,TELEPHONE - OTHER,2023-09-19T10:32:00Z,Closed - Non-Criminal Case,45186.5,45188.40347222222,NA
23002933,FND ARTICLE OTHER THAN ABAND. BIKE OR VEH.,2023-09-18T19:12:00Z,Closed - Inactive,NULL,NULL,300 N 17th St
23002930,LARCENY - STOLEN BIKE,2023-09-18T16:36:00Z,Closed - Cleared by Arrest-Adult,45185.479166666664,45186.597222222219,550 N 19th St
23002929,LARCENY - OTHER OR FROM OPEN AREA,2023-09-18T16:13:00Z,Closed - Cleared by Arrest-Adult,45187.666666666664,NULL,1505 S St
23002922,DISTURBANCE - OTHER,2023-09-18T09:47:00Z,Closed - Non-Criminal Case,45187.407638888886,NULL,501 N 14th St
23002921,DISTURBANCE - OTHER,2023-09-18T09:14:00Z,Closed - Non-Criminal Case,45186.385416666664,NULL,900 N 16th St
23002920,VANDALISM - OTHER,2023-09-18T09:00:00Z,Closed - Inactive,45184.354166666664,45187.333333333336,400 Line Drive Cir
23002917,ACCIDENTS - P.D. H&R NOT REPORTABLE,2023-09-18T08:22:00Z,Closed - Cleared by Arrest-Adult,45182.3125,45184.291666666664,1000 N 16th St
23002912,DISTURBANCE - OTHER,2023-09-17T23:47:00Z,Closed - Non-Criminal Case,45170.000694444447,45186.958333333336,300 N 17th St
23002906,ACCIDENTS - P.D. H&R NOT REPORTABLE,2023-09-17T16:15:00Z,Closed - Cleared by Arrest-Adult,45182.791666666664,45186.625,1801 R St
23002903,DISTURBANCE - OTHER,2023-09-17T13:24:00Z,Closed - Cleared by Arrest-Adult,45186.558333333334,45186.558333333334,1400 R St
23002900,LARCENY - OTHER OR FROM OPEN AREA,2023-09-17T11:15:00Z,Closed - Non-Criminal Case,45182.791666666664,45182.854166666664,1700 N 34th St
23002895,ALCOHOL - MINOR IN POSSESSION,2023-09-16T23:09:00Z,Closed - Non-Criminal Case,45175.964583333334,NULL,880 N 17th St
23002889,NARCOTICS - OTHER,2023-09-16T21:51:00Z,Closed - Non-Criminal Case,45185.910416666666,NULL,820 N 17th St
23002883,ALCOHOL - MINOR IN POSSESSION,2023-09-16T18:59:00Z,Closed - Non-Criminal Case,45185.790972222225,NULL,1100 T St
23002881,ALCOHOL - MINOR IN POSSESSION,2023-09-16T18:28:00Z,Closed - Cleared by Arrest-Adult,45185.769444444442,NULL,1100 T St
23002880,ALCOHOL - MINOR IN POSSESSION,2023-09-16T18:06:00Z,Closed - Cleared by Arrest-Adult,45185.754166666666,NULL,1100 T St
23002878,ACCIDENTS - P.D. H&R NOT REPORTABLE,2023-09-16T12:06:00Z,Closed - Non-Criminal Case,45184.375,45184.6875,1830 Vine St
23002874,NARCOTICS - POSSESSION,2023-09-16T00:17:00Z,Closed - Cleared by Arrest-Adult,45185.011805555558,NULL,615 N 19th St
23002872,ALCOHOL - MINOR IN POSSESSION,2023-09-15T22:51:00Z,Closed - Non-Criminal Case,45184.95208333333,NULL,1150 N 14th St
23002918,DISTURBANCE - OTHER,2023-09-15T20:36:00Z,Closed - Cleared by Arrest-Adult,45184.824999999997,45187.353472222225,3835 Holdrege St
23002864,ACCIDENTS - P.D. H&R NOT REPORTABLE,2023-09-15T17:10:00Z,Closed - Inactive,45184.614583333336,45184.743055555555,880 N 17th St
23002859,ACCIDENTS - P.D. H&R NOT REPORTABLE,2023-09-15T11:27:00Z,Closed - Inactive,45173.000694444447,45183.75,1801 R St
23002857,DISTURBANCE - OTHER,2023-09-15T09:31:00Z,Closed - Non-Criminal Case,45184.041666666664,45184.125,433 N 19th St
23002850,ALCOHOL - MINOR IN POSSESSION,2023-09-15T00:17:00Z,Closed - Non-Criminal Case,45184.011805555558,NULL,880 N 17th St
23002843,VANDALISM - OTHER,2023-09-14T14:59:00Z,Closed - Inactive,45178.708333333336,45183.541666666664,3310 Holdrege St
23002841,DISTURBANCE - OTHER,2023-09-14T12:43:00Z,Closed - Non-Criminal Case,45183.529861111114,45183.529861111114,1400 R St
23002838,TRESPASSING,2023-09-14T01:38:00Z,Closed - Non-Criminal Case,45183.068055555559,NULL,1209 R St
23002834,TRESPASSING,2023-09-13T22:03:00Z,Closed - Cleared by Arrest-Adult,45182.918749999997,NULL,1801 R St
23002833,LARCENY - MOTOR VEH. ACCESSORIES,2023-09-13T19:04:00Z,Closed - Inactive,45179.058333333334,NULL,1710 Arbor Dr
23002829,DISTURBANCE - OTHER,2023-09-13T15:33:00Z,Closed - Non-Criminal Case,45182.647916666669,NULL,1150 N 14th St
23002823,DISTURBANCE - OTHER,2023-09-12T21:30:00Z,Closed - Inactive,45174.833333333336,NULL,1130 N 14th St
23002820,ACCIDENTS - P.D. H&R NOT REPORTABLE,2023-09-12T19:53:00Z,Closed - Inactive,45180.895833333336,45181.828472222223,615 N 19th St
23002803,ACCIDENTS - P.D. H&R NOT REPORTABLE,2023-09-11T14:49:00Z,Closed - Cleared by Arrest-Adult,45180.602777777778,NULL,4000 East Campus Loop S
23002796,BURGLARY,2023-09-10T19:23:00Z,Closed - Cleared by Arrest-Adult,45177.416666666664,45179.472222222219,1901 Y St
23002795,EXTORTION,2023-09-10T16:57:00Z,Closed - Inactive,45179.645833333336,45179.6875,1710 Arbor Dr
23002788,TELEPHONE - THREATENING CALLS,2023-09-09T15:37:00Z,Closed - Non-Criminal Case,45178.60833333333,NULL,300 N 17th St
23002782,DISTURBANCE - OTHER,2023-09-09T00:52:00Z,Closed - Non-Criminal Case,45178.036111111112,NULL,1780 R St
23002781,VANDALISM - OTHER,2023-09-08T22:56:00Z,Closed - Inactive,45177.935416666667,NULL,3601 Apple St
23002779,VANDALISM - OTHER,2023-09-08T21:10:00Z,Closed - Cleared by Arrest-Adult,45177.881944444445,NULL,880 N 17th St
23002774,ACCIDENTS - P.D. H&R NOT REPORTABLE,2023-09-08T15:56:00Z,Closed - Inactive,45177.524305555555,45177.631944444445,1870 N 37th St
23002776,SEX OFFENSE - RAPE,2023-09-08T15:00:00Z,Closed - Inactive,44861.666666666664,NULL,440 N 17th St
23002770,TRESPASSING,2023-09-08T04:42:00Z,Closed - Non-Criminal Case,45177.194444444445,NULL,1400 R St
23002769,ALCOHOL - USING FALSE I.D.,2023-09-08T01:52:00Z,Closed - Cleared by Arrest-Adult,45177.077777777777,NULL,R ST & N 14TH ST
23002768,ALCOHOL - MINOR IN POSSESSION,2023-09-08T01:15:00Z,Closed - Non-Criminal Case,45177.052083333336,NULL,880 N 17th St
23002767,ALCOHOL - MINOR IN POSSESSION,2023-09-08T01:04:00Z,Closed - Non-Criminal Case,45177.044444444444,NULL,440 N 17th St
23002765,NARCOTICS - POSSESSION,2023-09-07T22:52:00Z,Closed - Cleared by Arrest-Adult,45176.952777777777,NULL,615 N 19th St
23002763,DISTURBANCE - OTHER,2023-09-07T20:03:00Z,Closed - Non-Criminal Case,45176.835416666669,NULL,1705 Arbor Dr
23002761,LARCENY - FROM BUILDING,2023-09-07T16:12:00Z,Closed - Inactive,45176.5,45176.541666666664,840 N 14th St
23002760,ACCIDENTS - P.D. H&R NOT REPORTABLE,2023-09-07T15:55:00Z,Closed - Cleared by Arrest-Adult,45176.375,45176.642361111109,1875 N 42nd St
23002758,LARCENY - FROM BUILDING,2023-09-07T13:44:00Z,Closed - Inactive,45176.520833333336,45176.561111111114,501 N 14th St
23002759,FRAUD - CREDIT CARDS/ATM/BANK CARD,2023-09-07T13:44:00Z,Closed - Cleared by Arrest-Adult,45176.561111111114,NULL,NA
23002762,FRAUD - CREDIT CARDS/ATM/BANK CARD,2023-09-07T12:50:00Z,Closed - Inactive,45176.534722222219,NULL,NA
23002756,DISTURBANCE - OTHER,2023-09-07T11:35:00Z,Closed - Inactive,45176.482638888891,NULL,820 N 16th St
23002751,AUTO THEFT,2023-09-07T06:10:00Z,Closed - Inactive,45175.854166666664,45176.25,2255 Vine St
23002743,AUTO THEFT,2023-09-06T21:40:00Z,Closed - Cleared by Arrest-Adult,45175.727777777778,NULL,707 Stadium Dr
23002738,ACCIDENTS - P.D. H&R NOT REPORTABLE,2023-09-06T09:10:00Z,Closed - Cleared by Arrest-Adult,45175.338194444441,NULL,1055 N 16th St
23002730,ACCIDENTS - P.D. H&R NOT REPORTABLE,2023-09-05T16:45:00Z,Closed - Inactive,45174.625,45174.6875,745 N 14th St
23002728,SEX OFFENSE - RAPE,2023-09-05T15:48:00Z,Closed - Inactive,45166,NULL,433 N 19th St
23002727,DISTURBANCE - OTHER,2023-09-05T14:27:00Z,Closed - Non-Criminal Case,45174.6,NULL,1335 U St
23002725,ALCOHOL - USING FALSE I.D.,2023-09-05T12:37:00Z,Closed - Cleared by Arrest-Adult,45174.525694444441,NULL,300 N 17th St
23002723,TRESPASSING,2023-09-05T02:09:00Z,Closed - Inactive,45174.089583333334,NULL,1400 R St
23002720,TRESPASSING,2023-09-04T17:26:00Z,Closed - Non-Criminal Case,45173.726388888892,NULL,1520 R St
23002718,TRESPASSING,2023-09-04T12:09:00Z,Closed - Non-Criminal Case,45173.5,45173.506249999999,1100 T St
23002717,VANDALISM - OTHER,2023-09-04T11:14:00Z,Closed - Inactive,45172.895833333336,45173.354166666664,1220 N 14th St
23002707,ALCOHOL - MINOR IN POSSESSION,2023-09-02T23:07:00Z,Closed - Non-Criminal Case,45171.963194444441,NULL,1150 N 14th St
23002705,VANDALISM - OTHER,2023-09-02T17:11:00Z,Closed - Non-Criminal Case,45171.0625,45171.700694444444,880 N 17th St
23002697,ALCOHOL - DWI,2023-09-02T00:35:00Z,Closed - Cleared by Arrest-Adult,45171.024305555555,NULL,N 16TH ST & R ST
23002694,ALCOHOL - MINOR IN POSSESSION,2023-09-01T22:50:00Z,Closed - Non-Criminal Case,45170.944444444445,45170.949305555558,600 N 15th St
23002692,DISTURBANCE - OTHER,2023-09-01T18:52:00Z,Closed - Inactive,45170.729166666664,NULL,1600 Court St
23002678,DISTURBANCE - OTHER,2023-08-31T14:00:00Z,Closed - Non-Criminal Case,45162.5,45169.583333333336,4000 East Campus Loop S
23002674,LARCENY - STOLEN BIKE,2023-08-31T11:15:00Z,Closed - Inactive,45168.541666666664,45168.708333333336,1875 N 42nd St
23002673,LARCENY - FROM BUILDING,2023-08-31T10:25:00Z,Closed - Inactive,45168.65625,45168.927083333336,1100 T St
23002659,VANDALISM - OTHER,2023-08-30T23:30:00Z,Closed - Non-Criminal Case,45168.976388888892,45168.979166666664,3835 Holdrege St
23002663,LARCENY - OTHER OR FROM OPEN AREA,2023-08-30T21:31:00Z,Closed - Inactive,45168.583333333336,NULL,733 N 17th St
23002658,ALCOHOL - MINOR IN POSSESSION,2023-08-30T20:40:00Z,Closed - Cleared by Arrest-Adult,45168.861111111109,NULL,1100 T St
23002652,ACCIDENTS - P.D. H&R NOT REPORTABLE,2023-08-30T15:57:00Z,Closed - Non-Criminal Case,45168.664583333331,NULL,1111 N 14th St
23002649,ACCIDENTS - P.D. H&R NOT REPORTABLE,2023-08-30T14:49:00Z,Closed - Inactive,45168.572916666664,45168.614583333336,1700 N 34th St
23002642,EXTORTION,2023-08-30T02:55:00Z,Closed - Inactive,45168.121527777781,NULL,820 N 17th St
23002641,DISTURBANCE - OTHER,2023-08-30T01:20:00Z,Closed - Non-Criminal Case,45168.055555555555,NULL,1130 N 14th St
23002634,ACCIDENTS - P.D. H&R NOT REPORTABLE,2023-08-29T15:28:00Z,Closed - Inactive,45161.458333333336,45161.572916666664,N 14TH ST & AVERY AVE
23002632,TRAFFIC - OTHER,2023-08-29T12:21:00Z,Closed - Inactive,45167.513888888891,45167.51458333333,N 16TH ST & VINE ST
23002630,TELEPHONE - OTHER,2023-08-29T09:49:00Z,Closed - Inactive,45162.333333333336,45162.708333333336,300 N 17th St
23002626,ALCOHOL - USING FALSE I.D.,2023-08-28T23:11:00Z,Closed - Cleared by Arrest-Adult,45166.96597222222,NULL,300 N 17th St
23002621,DISTURBANCE - OTHER,2023-08-28T15:43:00Z,Closed - Non-Criminal Case,45160.555555555555,45160.583333333336,1101 T St
23002619,DISTURBANCE - OTHER,2023-08-28T14:01:00Z,Closed - Non-Criminal Case,45166.584027777775,NULL,639 N 12th St
23002617,VANDALISM - OTHER,2023-08-28T11:49:00Z,Closed - Inactive,NULL,NULL,3835 Holdrege St
23002613,LARCENY - OTHER OR FROM OPEN AREA,2023-08-27T19:18:00Z,Closed - Non-Criminal Case,45165.786111111112,NULL,1505 S St
23002611,"HAZARDS - NON-TRAFFIC (WIRES,TREES,ETC)",2023-08-27T13:47:00Z,Closed - Non-Criminal Case,45165.574305555558,NULL,707 Stadium Dr
23002609,VANDALISM - OTHER,2023-08-27T13:30:00Z,Closed - Inactive,45165.458333333336,45165.541666666664,841 N 14th St
23002610,LARCENY - FROM BUILDING,2023-08-27T13:25:00Z,Closed - Inactive,45165.479166666664,45165.541666666664,841 N 14th St
23002604,DISTURBANCE - OTHER,2023-08-27T02:51:00Z,Closed - Non-Criminal Case,45165.114583333336,45165.118055555555,440 N 17th St
23002603,ALCOHOL - MINOR IN POSSESSION,2023-08-27T02:10:00Z,Closed - Non-Criminal Case,45165.090277777781,NULL,880 N 17th St
23002600,ASSAULT - NON DOMESTIC,2023-08-27T00:05:00Z,Closed - Cleared by Arrest-Juvenile,45164.969444444447,NULL,733 N 17th St
23002597,ALCOHOL - MINOR IN POSSESSION,2023-08-26T20:38:00Z,Closed - Non-Criminal Case,45164.859722222223,NULL,880 N 17th St
23002592,LARCENY - OTHER OR FROM OPEN AREA,2023-08-26T12:42:00Z,Closed - Cleared by Arrest-Adult,45164.463888888888,NULL,841 N 14th St
23002590,FRAUD - CON GAMES/DECEPTION/FALSE    PRETENSE/OTHER,2023-08-26T10:03:00Z,Closed - Inactive,45163.708333333336,45163.8125,880 N 17th St
23002586,ALCOHOL - MINOR IN POSSESSION,2023-08-26T00:38:00Z,Closed - Non-Criminal Case,45164.026388888888,NULL,880 N 17th St
23002582,ALCOHOL - MINOR IN POSSESSION,2023-08-25T23:35:00Z,Closed - Cleared by Arrest-Adult,45163.982638888891,NULL,880 N 17th St
23002574,OUTSIDE - O.P.S. OTHER,2023-08-25T14:42:00Z,Closed - Non-Criminal Case,45160.216666666667,NULL,2400 N Antelope Valley Pky
23002573,DISTURBANCE - OTHER,2023-08-25T14:17:00Z,Closed - Non-Criminal Case,45163.595138888886,NULL,1130 N 14th St
23002566,TRESPASSING,2023-08-25T01:43:00Z,Closed - Non-Criminal Case,45163.071527777778,NULL,1400 R St
23002565,ALCOHOL - MINOR IN POSSESSION,2023-08-24T23:24:00Z,Closed - Non-Criminal Case,45162.974999999999,NULL,1801 R St
23002562,TRESPASSING,2023-08-24T20:01:00Z,Closed - Non-Criminal Case,45162.834027777775,NULL,700 N 17th St
23002563,ACCIDENTS - P.D. H&R NOT REPORTABLE,2023-08-24T19:47:00Z,Closed - Inactive,45160.583333333336,45162.604166666664,1801 R St
23002561,DISTURBANCE - OTHER,2023-08-24T18:13:00Z,Closed - Inactive,45161.5,45162.708333333336,1120 N 14th St
23002554,VANDALISM - OTHER,2023-08-24T14:39:00Z,Closed - Inactive,NULL,NULL,2400 N Antelope Valley Pky
23002551,VANDALISM - OTHER,2023-08-24T12:16:00Z,Closed - Inactive,45159.770833333336,45162.511111111111,615 North 19th Street
23002546,DISTURBANCE - OTHER,2023-08-24T08:34:00Z,Closed - Non-Criminal Case,45161.729166666664,45162.3125,501 N 14th St
23002545,ACCIDENTS - P.D. H&R NOT REPORTABLE,2023-08-24T05:52:00Z,Closed - Inactive,45162.244444444441,NULL,4000 East Campus Loop
23002544,ALCOHOL - MINOR IN POSSESSION,2023-08-24T02:54:00Z,Closed - Non-Criminal Case,45162.120833333334,NULL,1545 R St
23002537,DISTURBANCE - OTHER,2023-08-23T17:52:00Z,Closed - Non-Criminal Case,NULL,NULL,1120 N 14th St
23002536,SUSPICIOUS PERSON,2023-08-23T16:59:00Z,Closed - Non-Criminal Case,45161.513888888891,45161.604166666664,600 N 15th St
23002533,LARCENY - FROM BUILDING,2023-08-23T15:07:00Z,Closed - Inactive,45161.443055555559,45161.564583333333,733 N 17th St
23002532,DISTURBANCE - OTHER,2023-08-23T14:54:00Z,Closed - Non-Criminal Case,45161.620833333334,NULL,1400 R St
OS23017,OUTSIDE CRIME - REPORTS OUTSIDE JURISDICTION,2023-08-23T13:06:00Z,NA - Clery Report Only,45161.54583333333,NULL,"601 East Benjamin Avenue, Norfolk, NE"
23002525,OUTSIDE - O.P.S. OTHER,2023-08-23T01:38:00Z,Open,45161.068055555559,NULL,300 N 17th St
23002515,TRESPASSING,2023-08-22T15:17:00Z,Closed - Non-Criminal Case,45160.636805555558,NULL,1525 U St
23002509,ACCIDENTS - P.D. H&R NOT REPORTABLE,2023-08-22T11:41:00Z,Closed - Inactive,45158.690972222219,45160.486805555556,1801 R St
23002504,ALCOHOL - MINOR IN POSSESSION,2023-08-21T23:18:00Z,Closed - Non-Criminal Case,45159.970833333333,NULL,880 N 17th St
23002495,ACCIDENTS - P.D. H&R NOT REPORTABLE,2023-08-21T16:15:00Z,Closed - Inactive,45159.4375,45159.670138888891,N 37TH ST & FAIR ST
23002493,ACCIDENTS - P.D. H&R NOT REPORTABLE,2023-08-21T15:50:00Z,Closed - Non-Criminal Case,45159.239583333336,45159.645833333336,905 N 14th St
23002490,PROTECTION ORDER VIOLATION,2023-08-21T14:06:00Z,Closed - Unfounded,45151.672222222223,45158.90625,880 N 16th St
23002484,ACCIDENTS - P.D. H&R NOT REPORTABLE,2023-08-21T12:52:00Z,Closed - Inactive,45159.520138888889,45159.536111111112,1830 Vine St
23002480,LARCENY - OTHER OR FROM OPEN AREA,2023-08-21T10:41:00Z,Closed - Inactive,45157.520833333336,45157.635416666664,405 University Terrace
23002479,TELEPHONE - OTHER,2023-08-21T10:26:00Z,Closed - Inactive,45158.913194444445,NULL,1040 Y Street
23002478,ACCIDENTS - P.D. H&R NOT REPORTABLE,2023-08-21T08:38:00Z,Closed - Inactive,45156.322916666664,45156.697916666664,501 Stadium Dr
23002476,TRESPASSING,2023-08-21T07:57:00Z,Closed - Non-Criminal Case,45159,45159.363194444442,1400 R St
23002472,ACCIDENTS - P.D. H&R NOT REPORTABLE,2023-08-20T21:23:00Z,Closed - Non-Criminal Case,45158.831250000003,NULL,1801 R St
23002467,LARCENY - FROM MOTOR VEHICLE,2023-08-20T11:45:00Z,Closed - Inactive,45156.583333333336,45157.708333333336,1830 Vine St
23002462,NARCOTICS - OTHER,2023-08-20T03:18:00Z,Closed - Cleared by Arrest-Adult,45158.137499999997,45158.176388888889,300 N 17th St
23002457,NARCOTICS - OTHER,2023-08-19T22:24:00Z,Closed - Inactive,45157.933333333334,NULL,820 N 17th St
23002446,LARCENY - FROM MOTOR VEHICLE,2023-08-19T15:32:00Z,Closed - Inactive,45157.104166666664,45157.1875,1220 N 14th St
23002439,VANDALISM - BY GRAFFITI,2023-08-19T11:33:00Z,Closed - Cleared by Arrest-Adult,45155.75,45157.458333333336,615 N 19th St
23002437,DISTURBANCE - OTHER,2023-08-19T03:32:00Z,Closed - Non-Criminal Case,45157.147222222222,NULL,1120 N 14th St
23002433,ALCOHOL - USING FALSE I.D.,2023-08-18T18:44:00Z,Closed - Cleared by Arrest-Adult,45156.780555555553,NULL,N 18TH ST & Q ST
23002428,DISTURBANCE - OTHER,2023-08-18T11:57:00Z,Closed - Non-Criminal Case,45156.497916666667,NULL,880 N 17th St
23002427,ACCIDENTS - P.D. H&R NOT REPORTABLE,2023-08-18T10:56:00Z,Closed - Non-Criminal Case,45156.455555555556,NULL,1780 R St
23002426,VANDALISM - OTHER,2023-08-18T09:16:00Z,Closed - Inactive,NULL,NULL,1300 R St
23002425,TRESPASSING,2023-08-18T02:47:00Z,Closed - Cleared by Arrest-Adult,45156.115972222222,NULL,1220 N 14th St
23002423,DISTURBANCE - OTHER,2023-08-17T21:59:00Z,Closed - Non-Criminal Case,45155.888888888891,NULL,1150 N 14th St
23002419,DISTURBANCE - OTHER,2023-08-17T19:05:00Z,Closed - Non-Criminal Case,45155.795138888891,NULL,301 N 12th St
23002417,LARCENY - FROM BUILDING,2023-08-17T10:09:00Z,Closed - Cleared by Arrest-Adult,45155.095833333333,NULL,880 N 17th St
23002414,NARCOTICS - POSSESSION,2023-08-16T23:40:00Z,Closed - Cleared by Arrest-Adult,45154.986111111109,NULL,1801 R St
23002413,TRESPASSING,2023-08-16T22:31:00Z,Closed - Non-Criminal Case,45154.938194444447,NULL,1144 T St
23002412,TRESPASSING,2023-08-16T20:57:00Z,Closed - Cleared by Exception,45154.872916666667,NULL,405 University Terrace
23002411,DISTURBANCE - OTHER,2023-08-16T17:36:00Z,Closed - Inactive,45154.71875,45154.725694444445,1433 R St
23002405,DISTURBANCE - OTHER,2023-08-16T13:16:00Z,Closed - Non-Criminal Case,45084.504166666666,45153.267361111109,3310 Holdrege St
23002399,TRESPASSING,2023-08-15T22:15:00Z,Closed - Non-Criminal Case,45153.927083333336,NULL,1300 R St
23002393,TRESPASSING,2023-08-15T05:06:00Z,Closed - Cleared by Arrest-Adult,45153.212500000001,NULL,1248 R St
23002392,ALCOHOL - MINOR IN POSSESSION,2023-08-15T02:28:00Z,Closed - Non-Criminal Case,45153.102777777778,NULL,1515 R St
23002391,AUTO THEFT,2023-08-14T21:01:00Z,Closed - Inactive,45152.875694444447,NULL,716 N 16th St
23002387,ACCIDENTS - P.D. H&R NOT REPORTABLE,2023-08-14T15:03:00Z,Closed - Non-Criminal Case,45152.522222222222,NULL,733 N 17th St
23002385,ACCIDENTS - P.D. H&R NOT REPORTABLE,2023-08-14T13:34:00Z,Closed - Cleared by Arrest-Adult,45150.642361111109,45150.697916666664,745 N 14th St
23002380,SUSPICIOUS PERSON,2023-08-14T08:19:00Z,Closed - Non-Criminal Case,45151.458333333336,45151.541666666664,N 39TH ST & CENTER DR
23002371,NARCOTICS - POSSESSION,2023-08-13T02:26:00Z,Closed - Cleared by Arrest-Adult,45151.101388888892,NULL,200 Centennial Mall N
23002370,TRESPASSING,2023-08-13T00:40:00Z,Closed - Non-Criminal Case,45151.027777777781,NULL,200 Centennial Mall N
23002356,LARCENY - FROM BUILDING,2023-08-11T16:19:00Z,Closed - Cleared by Arrest-Adult,45148.666666666664,45148.725694444445,1400 R St
23002349,PROTECTION ORDER VIOLATION,2023-08-11T05:37:00Z,Closed - Cleared by Arrest-Adult,45149.234027777777,NULL,1400 R St
23002350,TRESPASSING,2023-08-11T05:37:00Z,Closed - Non-Criminal Case,45149.234027777777,NULL,1400 R St
23002348,TRESPASSING,2023-08-11T01:01:00Z,Closed - Non-Criminal Case,45149.042361111111,NULL,503 N 14th St
23002337,ALCOHOL - DWI,2023-08-10T05:32:00Z,Closed - Cleared by Arrest-Adult,45148.230555555558,NULL,N 16TH ST & VINE ST
23002336,TRESPASSING,2023-08-09T23:49:00Z,Closed - Non-Criminal Case,45147.992361111108,NULL,ANTELOPE VALLEY PARKWAY & MILITARY RD
23002332,LARCENY - STOLEN BIKE,2023-08-09T13:12:00Z,Closed - Cleared by Arrest-Adult,45146.791666666664,45147.416666666664,1055 N 16th St
23002331,TELEPHONE - OTHER,2023-08-09T09:58:00Z,Closed - Non-Criminal Case,45147.400694444441,NULL,3835 Holdrege St
23002315,ALCOHOL - DRUNK,2023-08-05T23:27:00Z,Closed - Non-Criminal Case,45143.977083333331,NULL,1510 Vine St
23002308,NARCOTICS - POSSESSION,2023-08-04T22:08:00Z,Closed - Cleared by Arrest-Adult,45142.922222222223,NULL,N 21ST ST & TRANSFORMATION DR
23002303,DISTURBANCE - OTHER,2023-08-04T15:44:00Z,Closed - Non-Criminal Case,45142.655555555553,NULL,1300 R St
23002302,LARCENY - STOLEN BIKE,2023-08-04T13:46:00Z,Closed - Inactive,45141.3125,45141.677083333336,2200 Vine St
23002298,ALCOHOL - USING FALSE I.D.,2023-08-03T21:09:00Z,Closed - Cleared by Arrest-Adult,45141.881249999999,NULL,841 N 14th St
23002296,LARCENY - STOLEN BIKE,2023-08-03T18:00:00Z,Closed - Cleared by Arrest-Adult,NULL,NULL,1055 N 16th St
23002295,LARCENY - STOLEN BIKE,2023-08-03T17:06:00Z,Closed - Inactive,45141.3125,45141.708333333336,1801 R St
23002292,SUSPICIOUS PERSON,2023-08-03T14:28:00Z,Closed - Inactive,45141.583333333336,NULL,600 N 15th St
23002283,DISTURBANCE - OTHER,2023-08-02T10:47:00Z,Closed - Non-Criminal Case,45133.5625,45133.573611111111,841 N 14th St
23002278,LARCENY - OTHER OR FROM OPEN AREA,2023-08-02T03:37:00Z,Closed - Inactive,45140.14166666667,45140.145138888889,2100 Vine Street
23002277,TRESPASSING,2023-08-01T22:51:00Z,Closed - Cleared by Arrest-Adult,45139.041666666664,45139.206944444442,1248 R St
23002276,NARCOTICS - POSSESSION,2023-08-01T21:25:00Z,Closed - Cleared by Arrest-Adult,45139.892361111109,NULL,300 N 17th St
23002274,LARCENY - FROM BUILDING,2023-08-01T14:06:00Z,Closed - Inactive,45132.796527777777,NULL,730 N 14th St
23002272,DISTURBANCE - DOMESTIC,2023-08-01T12:29:00Z,Closed - Unfounded,45139.520138888889,NULL,844 N 16th St
23002270,TRESPASSING,2023-08-01T06:00:00Z,Closed - Inactive,45139.25,NULL,200 Centennial Mall N
23002265,DISTURBANCE - OTHER,2023-07-31T10:45:00Z,Closed - Non-Criminal Case,45138.447916666664,NULL,300 N 17th St
23002259,TRAFFIC - SUSPENDED DRIVER,2023-07-30T00:31:00Z,Closed - Cleared by Arrest-Adult,45137.021527777775,NULL,N 16TH ST & Q ST
23002256,TRAFFIC - SUSPENDED DRIVER,2023-07-29T23:39:00Z,Closed - Cleared by Arrest-Adult,45136.98541666667,NULL,P ST & N 13TH ST
23002257,ALCOHOL - USING FALSE I.D.,2023-07-29T00:57:00Z,Closed - Cleared by Arrest-Adult,45136.039583333331,NULL,N 17TH ST & Q ST
23002249,TRESPASSING,2023-07-28T06:01:00Z,Closed - Non-Criminal Case,45135.250694444447,NULL,1410 Q St
23002239,LARCENY - FROM BUILDING,2023-07-27T22:47:00Z,Closed - Non-Criminal Case,45133.911111111112,45133.923611111109,433 V St
23002236,VANDALISM - OTHER,2023-07-26T19:23:00Z,Closed - Inactive,45131.854166666664,45132.333333333336,4075 East Campus Loop S
23002234,OUTSIDE - O.P.S. OTHER,2023-07-26T11:30:00Z,Closed - Non-Criminal Case,NULL,NULL,1335 N 22 Street
23002231,EXTORTION,2023-07-25T23:19:00Z,Closed - Inactive,45131.541666666664,45132.97152777778,300 N 17th St
23002225,VANDALISM - OTHER,2023-07-25T18:18:00Z,Closed - Non-Criminal Case,45130.75,45132.756944444445,1931 N Antelope Valley Pky
23002216,TRESPASSING,2023-07-25T07:34:00Z,Closed - Non-Criminal Case,45132.31527777778,NULL,301 N 12th St
23002223,ACCIDENTS - P.D. H&R NOT REPORTABLE,2023-07-25T00:05:00Z,Closed - Inactive,NULL,NULL,942 N 22nd St
23002213,TRESPASSING,2023-07-24T19:33:00Z,Closed - Non-Criminal Case,45131.782638888886,45131.814583333333,1433 W St
23002214,DISTURBANCE - OTHER,2023-07-24T16:48:00Z,Closed - Inactive,NULL,NULL,NA
23002212,LARCENY - OTHER OR FROM OPEN AREA,2023-07-24T16:00:00Z,Closed - Cleared by Arrest-Adult,45128.708333333336,45130.25,1100 T St
23002205,TRESPASSING,2023-07-24T04:43:00Z,Closed - Cleared by Arrest-Adult,45131.196527777778,NULL,1300 R St
23002204,ALCOHOL - DRUNK,2023-07-24T00:51:00Z,Closed - Non-Criminal Case,45131.035416666666,NULL,440 N 17th St
23002202,DISTURBANCE - OTHER,2023-07-23T17:30:00Z,Closed - Cleared by Arrest-Adult,45130.729166666664,NULL,1400 R St
23002200,ACCIDENTS - P.D. H&R NOT REPORTABLE,2023-07-23T14:57:00Z,Closed - Cleared by Arrest-Adult,45130.615972222222,NULL,VINE ST & N 14TH ST
23002196,OUTSIDE - O.P.S. OTHER,2023-07-23T06:22:00Z,Closed - Non-Criminal Case,NULL,NULL,NA
23002195,NARCOTICS - POSSESSION,2023-07-23T02:23:00Z,Closed - Cleared by Arrest-Adult,45130.099305555559,NULL,N 19TH ST & S ST
23002189,NARCOTICS - SALE/DELIVER,2023-07-21T22:46:00Z,Closed - Cleared by Arrest-Adult,45128.948611111111,NULL,N 14TH ST & R ST
23002181,VANDALISM - OTHER,2023-07-21T10:05:00Z,Closed - Inactive,NULL,NULL,745 N 14th St
23002168,TELEPHONE - OTHER,2023-07-20T11:48:00Z,Closed - Inactive,45127.478472222225,NULL,1400 R St
23002163,WEAPONS – OTHER,2023-07-19T20:30:00Z,Closed - Inactive,45126.852083333331,45126.853472222225,1010 N 14th St
23002162,SUSPICIOUS PERSON,2023-07-19T13:24:00Z,Closed - Non-Criminal Case,45121.458333333336,NULL,3835 Holdrege St
23002154,DISTURBANCE - OTHER,2023-07-18T09:12:00Z,Closed - Inactive,45125.376388888886,45125.379861111112,NA
23002152,TELEPHONE - OTHER,2023-07-17T15:32:00Z,Closed - Non-Criminal Case,45124.624305555553,45124.65347222222,1400 R St
23002141,OUTSIDE - O.P.S. OTHER,2023-07-15T13:19:00Z,Closed - Cleared by Arrest-Adult,45122.554861111108,NULL,1601 Q st
23002133,FIRE - FALSE ALARM,2023-07-14T17:09:00Z,Closed - Non-Criminal Case,45121.714583333334,NULL,1130 N 14th St
23002127,SUSPICIOUS VEHICLE,2023-07-14T06:23:00Z,Closed - Non-Criminal Case,45121.253472222219,NULL,440 N 17th St
23002126,EXTORTION,2023-07-13T23:38:00Z,Closed - Inactive,45120.916666666664,NULL,880 N 17th St
23002124,OUTSIDE - O.P.S. OTHER,2023-07-13T20:45:00Z,Closed - Non-Criminal Case,45120.864583333336,NULL,NA
23002121,DISTURBANCE - OTHER,2023-07-13T16:52:00Z,Closed - Non-Criminal Case,45120.680555555555,45120.690972222219,845 N 14th St
23002117,TELEPHONE - OTHER,2023-07-13T12:45:00Z,Closed - Inactive,45120.5,45120.510416666664,1400 R St
23002107,LARCENY - OTHER OR FROM OPEN AREA,2023-07-12T19:08:00Z,Closed - Cleared by Arrest-Adult,45119.787499999999,NULL,1400 R St
23002098,LARCENY - OTHER OR FROM OPEN AREA,2023-07-11T15:44:00Z,Closed - Cleared by Arrest-Adult,45118.259722222225,NULL,616 N 16th St
23002097,DISTURBANCE - OTHER,2023-07-11T12:28:00Z,Closed - Non-Criminal Case,45118.495833333334,45118.519444444442,1400 R St
23002093,ALCOHOL - DWI,2023-07-11T00:38:00Z,Closed - Cleared by Arrest-Adult,45118.026388888888,NULL,N 27TH ST & VINE ST
OS23003,STALKING,2023-07-10T10:44:00Z,NA - Clery Report Only,44927.5,45058.5,On Campus
OS23002,STALKING,2023-07-10T10:39:00Z,NA - Clery Report Only,NULL,NULL,Residence Hall
23002084,TRAFFIC - SUSPENDED DRIVER,2023-07-10T01:00:00Z,Closed - Cleared by Arrest-Adult,45117.041666666664,45117.055555555555,N 22ND ST & Q ST
23002083,LARCENY - STOLEN BIKE,2023-07-09T20:29:00Z,Closed - Inactive,45115.833333333336,45116.708333333336,3344 Starr St
23002076,TRESPASSING,2023-07-08T10:25:00Z,Closed - Non-Criminal Case,45115.434027777781,NULL,1801 R St
23002072,TRAFFIC - SUSPENDED DRIVER,2023-07-07T21:57:00Z,Closed - Cleared by Arrest-Adult,45114.914583333331,NULL,N 16TH ST & Q ST
23002087,DISTURBANCE - OTHER,2023-07-07T16:18:00Z,Closed - Inactive,45112.490972222222,NULL,NA
23002066,FRAUD - CON GAMES/DECEPTION/FALSE    PRETENSE/OTHER,2023-07-07T09:36:00Z,Closed - Inactive,45112.5,45112.583333333336,NA
23002056,TRESPASSING,2023-07-06T09:35:00Z,Closed - Non-Criminal Case,45113.399305555555,NULL,1520 R St
23002052,TELEPHONE - OBSCENE CALLS,2023-07-06T09:04:00Z,Closed - Inactive,45113.368750000001,45113.371527777781,1825 N 38th St
23002046,AUTO THEFT,2023-07-05T18:04:00Z,Closed - Cleared by Arrest-Adult,45112.545138888891,NULL,1535 R St
23002036,LARCENY - FROM MOTOR VEHICLE,2023-07-04T14:48:00Z,Closed - Cleared by Arrest-Adult,45111.114583333336,45111.115277777775,1705 Arbor Dr
23002028,LARCENY - STOLEN BIKE,2023-07-03T10:27:00Z,Closed - Inactive,45107.375,45110.416666666664,3310 Holdrege St
23002023,OUTSIDE - O.P.S. OTHER,2023-07-01T12:20:00Z,Closed - Non-Criminal Case,45108.513888888891,NULL,N 35TH ST & HUNTINGTON AVE
23002018,DISTURBANCE - OTHER,2023-06-30T08:49:00Z,Closed - Non-Criminal Case,45107.367361111108,NULL,200 Centennial Mall N
23002014,FALSE INFORMATION - GIVEN TO OFC.,2023-06-30T00:43:00Z,Closed - Cleared by Arrest-Adult,45107.029861111114,NULL,1400 R St
23002012,OUTSIDE - O.P.S. OTHER,2023-06-29T20:10:00Z,Closed - Non-Criminal Case,45106.840277777781,NULL,N 20TH ST & U ST
23002006,TRESPASSING,2023-06-29T02:15:00Z,Closed - Non-Criminal Case,45106.09375,NULL,1144 T St
23002005,LARCENY - OTHER OR FROM OPEN AREA,2023-06-28T21:59:00Z,Closed - Inactive,45105.875,45105.909722222219,1150 N 14th St
23002002,FIRE - FALSE ALARM,2023-06-28T15:59:00Z,Closed - Non-Criminal Case,45105.665972222225,NULL,1150 N 14th St
23001994,VANDALISM - OTHER,2023-06-27T17:01:00Z,Closed - Inactive,NULL,NULL,1140 N 14th St
23001992,VANDALISM - OTHER,2023-06-27T12:18:00Z,Closed - Inactive,45103.625,45104.5,820 N 16th St
23001976,NARCOTICS - POSSESSION,2023-06-24T01:29:00Z,Closed - Cleared by Arrest-Adult,45101.061805555553,NULL,R ST & N 14TH ST
23001972,DISTURBANCE - OTHER,2023-06-23T12:24:00Z,Closed - Non-Criminal Case,45099.626388888886,45099.654861111114,200 Centennial Mall N
23001963,FIRE - FALSE ALARM,2023-06-22T21:22:00Z,Closed - Non-Criminal Case,45099.890277777777,NULL,1130 N 14th St
23001959,LARCENY - FROM BUILDING,2023-06-22T17:32:00Z,Closed - Inactive,45098.90625,NULL,1130 N 14th St
23001958,OUTSIDE - O.P.S. OTHER,2023-06-22T16:48:00Z,Closed - Non-Criminal Case,45089,45099.7,300 N 17th St
23001945,TRAFFIC - SUSPENDED DRIVER,2023-06-21T11:29:00Z,Closed - Cleared by Arrest-Adult,45098.478472222225,NULL,N 17TH ST & P ST
23001943,TRESPASSING,2023-06-21T05:47:00Z,Closed - Non-Criminal Case,45098.240972222222,NULL,1248 R St
23001939,ACCIDENTS - P.D. H&R NOT REPORTABLE,2023-06-20T17:14:00Z,Closed - Inactive,45097.354166666664,45097.645833333336,N 39TH ST & CENTER ST
23001935,VANDALISM - OTHER,2023-06-20T13:55:00Z,Closed - Inactive,45097.354166666664,45097.541666666664,1220 T St
23001933,ACCIDENTS - P.D. H&R NOT REPORTABLE,2023-06-20T13:18:00Z,Closed - Inactive,45097.326388888891,45097.541666666664,615 N 19th St
23001927,TRAFFIC - OTHER,2023-06-19T22:31:00Z,Closed - Inactive,45096.938194444447,NULL,ANTELOPE VALLEY PARKWAY & VINE ST
23001921,VANDALISM - OTHER,2023-06-19T14:05:00Z,Closed - Inactive,NULL,NULL,1915 N 37th St
23001917,TRAFFIC - SUSPENDED DRIVER,2023-06-19T01:05:00Z,Closed - Cleared by Arrest-Adult,45096.045138888891,NULL,N 14TH ST & R ST
23001916,TRESPASSING,2023-06-18T23:03:00Z,Closed - Non-Criminal Case,45095.960416666669,NULL,1100 T St
23001905,TRAFFIC - SUSPENDED DRIVER,2023-06-17T01:23:00Z,Closed - Cleared by Arrest-Adult,45094.057638888888,NULL,CENTENNIAL MALL & P ST
23001900,TRAFFIC - SUSPENDED DRIVER,2023-06-16T13:00:00Z,Closed - Cleared by Arrest-Adult,45093.541666666664,NULL,433 V St
23001892,TRESPASSING,2023-06-16T08:09:00Z,Closed - Inactive,45093.339583333334,NULL,200 Centennial Mall N
23001891,VANDALISM - OTHER,2023-06-16T02:31:00Z,Closed - Inactive,45092.093055555553,45093.093055555553,1220 T St
23001877,AUTO THEFT,2023-06-14T16:54:00Z,Closed - Cleared by Arrest-Adult,45091.607638888891,NULL,3855 Merrill St
23001868,OUTSIDE - O.P.S. OTHER,2023-06-14T00:58:00Z,Closed - Non-Criminal Case,45091.040277777778,45091.040277777778,136 N. 14th Street
23001864,DISTURBANCE - OTHER,2023-06-13T14:32:00Z,Closed - Non-Criminal Case,45086.677083333336,45086.770833333336,1875 N 42nd St
23001858,LARCENY - FROM BUILDING,2023-06-12T18:52:00Z,Closed - Cleared by Arrest-Adult,45089.770833333336,NULL,1400 R St
23001847,TRESPASSING,2023-06-11T12:25:00Z,Closed - Non-Criminal Case,45088.517361111109,45088.5625,1650 N 35th St
23001846,NARCOTICS - POSSESSION,2023-06-10T23:06:00Z,Closed - Cleared by Arrest-Adult,45087.962500000001,NULL,N ANTELOPE VALLEY PKWY & Salt Creek RDWY
23001845,DISTURBANCE - OTHER,2023-06-10T20:12:00Z,Closed - Non-Criminal Case,45087.8125,NULL,841 N 14th St
23001843,DISTURBANCE - OTHER,2023-06-09T22:19:00Z,Closed - Non-Criminal Case,45086.929861111108,NULL,1100 T St
23001836,DISTURBANCE - OTHER,2023-06-09T07:42:00Z,Closed - Inactive,45085.916666666664,45085.958333333336,1120 N 14th St
23001833,ALCOHOL - USING FALSE I.D.,2023-06-09T01:05:00Z,Closed - Cleared by Arrest-Adult,45086.045138888891,NULL,R ST & N 16TH ST
23001827,DISTURBANCE - OTHER,2023-06-08T14:18:00Z,Closed - Cleared by Arrest-Adult,45085.595833333333,NULL,1525 U St
23001824,OUTSIDE - O.P.S. OTHER,2023-06-08T12:30:00Z,Closed - Non-Criminal Case,45291.083333333336,NULL,811 N St
23001822,LARCENY - OTHER OR FROM OPEN AREA,2023-06-08T08:43:00Z,Closed - Cleared by Arrest-Adult,45082.817361111112,NULL,844 N 16th St
23001820,DISTURBANCE - OTHER,2023-06-07T15:59:00Z,Closed - Non-Criminal Case,45084.665972222225,NULL,2225 W St
23001818,DISTURBANCE - OTHER,2023-06-07T15:04:00Z,Closed - Non-Criminal Case,45084.609027777777,NULL,550 N 19th St
23001816,NARCOTICS - OTHER,2023-06-07T10:38:00Z,Closed - Non-Criminal Case,NULL,NULL,SALT CREEK RDWY & N 14TH ST
23001814,SEX OFFENSE - INDECENT EXPOSURE,2023-06-06T19:13:00Z,Closed - Inactive,45081.798611111109,NULL,NA
23001810,FIRE - FALSE ALARM,2023-06-06T18:02:00Z,Closed - Inactive,45083.751388888886,NULL,1120 N 14th St
23001806,BURGLARY,2023-06-06T16:17:00Z,Closed - Inactive,45083.145833333336,45083.146527777775,3601 Apple St
23001808,ACCIDENTS - P.D. H&R NOT REPORTABLE,2023-06-06T15:05:00Z,Closed - Non-Criminal Case,45083.618055555555,45083.625,501 N 14th St
23001803,TRAFFIC - OTHER,2023-06-05T23:49:00Z,Closed - Inactive,45082.992361111108,NULL,1830 Vine St
23001795,TRAFFIC - SUSPENDED DRIVER,2023-06-05T10:03:00Z,Closed - Cleared by Arrest-Adult,45082.418749999997,NULL,W ST & N 16TH ST
23001794,VANDALISM - OTHER,2023-06-05T07:59:00Z,Closed - Inactive,45081.333333333336,45082.326388888891,1248 R St
23001785,ALCOHOL - DWI,2023-06-03T23:10:00Z,Closed - Cleared by Arrest-Adult,45080.965277777781,NULL,N 12TH ST & R ST
23001778,ALCOHOL - DRUNK,2023-06-02T12:29:00Z,Closed - Non-Criminal Case,45079.518750000003,NULL,200 Centennial Mall N
23001770,OUTSIDE - O.P.S. OTHER,2023-06-01T13:10:00Z,Closed - Inactive,45062.826388888891,45062.831250000003,Q ST & N 16TH ST
23001760,VANDALISM - OTHER,2023-05-31T13:55:00Z,Closed - Inactive,45072.708333333336,45077.579861111109,N 38TH ST & EAST CAMPUS LOOP
23001761,OUTSIDE - O.P.S. OTHER,2023-05-31T13:20:00Z,Closed - Non-Criminal Case,45037.000694444447,45076.080555555556,790 Atlantic Drive
23001762,DISTURBANCE - OTHER,2023-05-31T12:47:00Z,Closed - Inactive,45076.115277777775,45076.441666666666,1110 S 67th St
23001749,LARCENY - STOLEN BIKE,2023-05-30T14:15:00Z,Closed - Non-Criminal Case,45075.958333333336,45076.5,1055 N 16th St
23001743,VANDALISM - OTHER,2023-05-30T11:09:00Z,Closed - Inactive,45073.67291666667,NULL,1801 R St
23001737,TRESPASSING,2023-05-28T19:32:00Z,Closed - Non-Criminal Case,45074.813888888886,NULL,433 V St
23001735,AUTO THEFT,2023-05-28T04:05:00Z,Closed - Cleared by Arrest-Adult,45074.114583333336,45074.128472222219,1801 R St
23001734,TRAFFIC - SUSPENDED DRIVER,2023-05-28T01:45:00Z,Closed - Cleared by Arrest-Adult,45074.072916666664,NULL,N 13TH ST & P ST
23001725,TRESPASSING,2023-05-27T10:04:00Z,Closed - Inactive,45073.02847222222,45073.032638888886,1100 T St
23001724,ALCOHOL - DWI,2023-05-27T02:58:00Z,Closed - Cleared by Arrest-Adult,45073.123611111114,NULL,530 N 17th St
23001723,ALCOHOL - DRUNK,2023-05-27T02:10:00Z,Closed - Non-Criminal Case,45073.090277777781,NULL,R ST & N 12TH ST
23001722,TRAFFIC - SUSPENDED DRIVER,2023-05-27T01:28:00Z,Closed - Cleared by Arrest-Adult,45073.061111111114,NULL,P ST & N 11TH ST
23001713,LARCENY - STOLEN BIKE,2023-05-25T17:17:00Z,Closed - Inactive,45071.416666666664,45071.666666666664,1705 Arbor Dr
23001704,OUTSIDE - O.P.S. OTHER,2023-05-24T09:24:00Z,Closed - Non-Criminal Case,NULL,NULL,240 N 17th ST
23001691,TRESPASSING,2023-05-22T18:41:00Z,Closed - Non-Criminal Case,45068.77847222222,NULL,1120 N 14th St
23001688,DISTURBANCE - OTHER,2023-05-22T15:26:00Z,Closed - Non-Criminal Case,45065.556250000001,45068.643055555556,1215 U St
23001687,TRAFFIC - OTHER,2023-05-22T14:54:00Z,Closed - Inactive,45068.620833333334,NULL,R ST & N 16TH ST
23001684,ACCIDENTS - P.D. H&R NOT REPORTABLE,2023-05-22T13:34:00Z,Closed - Inactive,45066.336805555555,45066.520833333336,1220 N 14th St
23001686,TRESPASSING,2023-05-22T12:07:00Z,Closed - Non-Criminal Case,45068.504861111112,NULL,1801 R St
23001675,LARCENY - STOLEN BIKE,2023-05-21T17:29:00Z,Closed - Inactive,45053.75,NULL,440 N 17th St
23001671,TRESPASSING,2023-05-21T04:57:00Z,Closed - Non-Criminal Case,45067.206250000003,NULL,630 N 14th St
23001670,ASSAULT - NON DOMESTIC,2023-05-20T21:44:00Z,Closed - Non-Criminal Case,45066.895833333336,45066.905555555553,1010 N 14th St
23001669,ACCIDENTS - P.D. H&R NOT REPORTABLE,2023-05-20T13:30:00Z,Closed - Non-Criminal Case,45065.708333333336,45065.916666666664,1130 N 14th St
23001668,ACCIDENTS - P.D. H&R NOT REPORTABLE,2023-05-20T12:28:00Z,Closed - Inactive,45066.49722222222,45066.510416666664,745 N 14th St
23001664,ALCOHOL - DRUNK,2023-05-20T01:06:00Z,Closed - Non-Criminal Case,45066.04583333333,NULL,N 17TH ST & Q ST
23001662,VANDALISM - OTHER,2023-05-19T23:19:00Z,Closed - Inactive,45065.958333333336,45065.97152777778,1400 R St
23001659,ASSAULT - DOMESTIC,2023-05-19T17:04:00Z,Closed - Inactive,45061.885416666664,NULL,1780 R St
23001658,OUTSIDE - O.P.S. OTHER,2023-05-19T15:50:00Z,Closed - Non-Criminal Case,45065.659722222219,NULL,N 14TH ST & SALT CREEK RD
23001653,LARCENY - MOTOR VEH. ACCESSORIES,2023-05-19T07:43:00Z,Closed - Inactive,45064.302083333336,45065.659722222219,N 22ND ST & W ST
23001652,VANDALISM - OTHER,2023-05-19T02:17:00Z,Closed - Inactive,NULL,NULL,1130 N 14th St
23001645,OUTSIDE - O.P.S. OTHER,2023-05-18T16:20:00Z,Closed - Non-Criminal Case,NULL,NULL,300 N 17th St
23001641,DISTURBANCE - OTHER,2023-05-18T13:56:00Z,Closed - Cleared by Arrest-Adult,45064.580555555556,NULL,3455 Holdrege St
23001639,ASSAULT - DOMESTIC,2023-05-18T08:34:00Z,Closed - Cleared by Arrest-Adult,45064.356944444444,NULL,1055 N 16th St
23001638,DISTURBANCE - DOMESTIC,2023-05-17T23:58:00Z,Closed - Non-Criminal Case,45063.989583333336,45063.998611111114,1055 N 16th St
23001635,VANDALISM - OTHER,2023-05-17T21:39:00Z,Closed - Cleared by Arrest-Adult,45063.875,45063.890972222223,615 N 19th St
23001618,ACCIDENTS - P.D. H&R NOT REPORTABLE,2023-05-16T15:37:00Z,Closed - Inactive,45057.875,45060.458333333336,1801 R St
23001640,DISTURBANCE - OTHER,2023-05-16T13:59:00Z,Closed - Inactive,45062.571527777778,NULL,3550 East Campus Loop S
23001609,OUTSIDE - O.P.S. OTHER,2023-05-16T07:02:00Z,Closed - Non-Criminal Case,45062.209722222222,45062.293055555558,433 V St
23001605,ACCIDENTS - P.D. H&R NOT REPORTABLE,2023-05-15T16:30:00Z,Closed - Non-Criminal Case,NULL,NULL,942 N 22nd St
23001601,LARCENY - FROM BUILDING,2023-05-15T13:29:00Z,Closed - Inactive,45058.645833333336,45061.416666666664,1055 N 16th St
23001595,LARCENY - FROM BUILDING,2023-05-14T19:00:00Z,Closed - Non-Criminal Case,NULL,NULL,440 N 17th St
23001588,ALCOHOL - MINOR IN POSSESSION,2023-05-13T23:38:00Z,Closed - Cleared by Arrest-Adult,45059.984722222223,NULL,600 N 15th St
23001563,VANDALISM - OTHER,2023-05-12T11:59:00Z,Closed - Inactive,45057.958333333336,45058.125,1120 N 14th St
23001554,FALSE INFORMATION - GIVEN TO OFC.,2023-05-11T22:23:00Z,Closed - Cleared by Arrest-Adult,45057.932638888888,NULL,1130 N 14th St
23001536,FIRE - FALSE ALARM,2023-05-10T09:59:00Z,Closed - Non-Criminal Case,45056.415972222225,NULL,4075 East Campus Loop S
23001602,"FRAUD, FAIL TO PAY",2023-05-10T08:00:00Z,Closed - Inactive,44593.333333333336,44926.333333333336,4000 East Campus Loop S
23001528,LARCENY - STOLEN BIKE,2023-05-09T21:00:00Z,Closed - Inactive,44939.333333333336,45055.833333333336,1120 N 14th St
23001521,OUTSIDE - O.P.S. OTHER,2023-05-09T10:00:00Z,Closed - Non-Criminal Case,45055.416666666664,NULL,3944 Apple ST
23001515,AUTO THEFT,2023-05-08T19:26:00Z,Closed - Cleared by Arrest-Adult,45054.702777777777,NULL,1600 Court St
23001512,ACCIDENTS - P.D. H&R NOT REPORTABLE,2023-05-08T13:15:00Z,Closed - Cleared by Exception,NULL,NULL,STADIUM DR & T ST
23001513,ASSAULT - DOMESTIC,2023-05-08T12:40:00Z,Closed - Inactive,44610,44904,3320 Starr St
23001510,ACCIDENTS - P.D. H&R NOT REPORTABLE,2023-05-08T10:31:00Z,Closed - Non-Criminal Case,45051.791666666664,45052.041666666664,1801 R St
23001509,TRESPASSING,2023-05-08T03:27:00Z,Closed - Cleared by Arrest-Adult,45054.143750000003,NULL,1780 R St
23001506,DISTURBANCE - OTHER,2023-05-07T20:57:00Z,Closed - Inactive,45053.872916666667,NULL,1400 R St
23001503,TRESPASSING,2023-05-07T12:12:00Z,Closed - Non-Criminal Case,45053.508333333331,NULL,1801 R St
23001501,EXTORTION,2023-05-07T10:03:00Z,Closed - Inactive,45051.333333333336,45053.418749999997,3455 Holdrege St
23001491,VANDALISM - OTHER,2023-05-06T05:47:00Z,Closed - Inactive,NULL,NULL,1600 Court St
23001492,VANDALISM - OTHER,2023-05-06T05:47:00Z,Closed - Inactive,NULL,NULL,1600 Court St
23001490,LARCENY - FROM MOTOR VEHICLE,2023-05-06T05:42:00Z,Closed - Inactive,NULL,NULL,1600 Court St
23001488,ALCOHOL - DWI,2023-05-06T01:05:00Z,Closed - Cleared by Arrest-Adult,45052.045138888891,NULL,Q ST & N 16TH ST
23001484,DISTURBANCE - OTHER,2023-05-05T19:39:00Z,Closed - Inactive,44912,44946,300 N 17th St
23001479,ACCIDENTS - P.D. H&R NOT REPORTABLE,2023-05-05T17:20:00Z,Closed - Inactive,45049.465277777781,45049.520833333336,N 35TH ST & CENTER ST
23001481,LARCENY - STOLEN BIKE,2023-05-05T16:56:00Z,Closed - Inactive,NULL,NULL,1100 T St
23001478,ACCIDENTS - P.D. H&R NOT REPORTABLE,2023-05-05T16:50:00Z,Closed - Cleared by Arrest-Adult,45049.729166666664,45050.3125,300 N 17th St
23001477,LARCENY - STOLEN BIKE,2023-05-05T16:34:00Z,Closed - Inactive,45040.140277777777,NULL,1710 Arbor Dr
23001474,ACCIDENTS - P.D. H&R NOT REPORTABLE,2023-05-05T11:31:00Z,Closed - Inactive,45050.445833333331,NULL,1111 N 14th ST
23001472,DISTURBANCE - OTHER,2023-05-05T10:17:00Z,Closed - Non-Criminal Case,45047.488194444442,45051.488194444442,405 University Terrace
23001471,LARCENY - OTHER OR FROM OPEN AREA,2023-05-05T09:17:00Z,Closed - Inactive,45048.09652777778,NULL,3940 Fair St
23001467,SUSPICIOUS PERSON,2023-05-04T22:56:00Z,Closed - Non-Criminal Case,45050.95208333333,NULL,1400 R St
23001459,ACCIDENTS - P.D. H&R NOT REPORTABLE,2023-05-04T12:22:00Z,Closed - Inactive,45044.708333333336,45047.333333333336,3855 Fair St
23001455,OUTSIDE - O.P.S. OTHER,2023-05-04T00:48:00Z,Closed - Non-Criminal Case,45050.033333333333,NULL,N 19TH ST & S ST
23001449,ACCIDENTS - P.D. H&R NOT REPORTABLE,2023-05-03T20:45:00Z,Closed - Cleared by Arrest-Adult,45049.854166666664,45049.864583333336,LINE DRIVE DR & N 4TH ST
23001441,LARCENY - OTHER OR FROM OPEN AREA,2023-05-02T21:58:00Z,Closed - Inactive,45048.833333333336,45048.836111111108,600 N 17th St
23001431,SUSPICIOUS PERSON,2023-05-02T13:48:00Z,Closed - Non-Criminal Case,45048.53125,45048.541666666664,N 16TH ST & R ST
23001427,FIRE - FALSE ALARM,2023-05-02T01:00:00Z,Closed - Inactive,45048.041666666664,NULL,1120 N 14th St
23001425,TRESPASSING,2023-05-01T23:46:00Z,Closed - Non-Criminal Case,45047.990277777775,NULL,1400 R St
23001424,TRESPASSING,2023-05-01T23:23:00Z,Closed - Non-Criminal Case,45047.974305555559,NULL,1400 R St
23001423,ACCIDENTS - P.D. H&R NOT REPORTABLE,2023-05-01T22:59:00Z,Closed - Inactive,45044.833333333336,45047.957638888889,1140 N 14th St
23001420,DISTURBANCE - OTHER,2023-05-01T17:21:00Z,Closed - Non-Criminal Case,45047.694444444445,45047.701388888891,840 N 17th St
23001419,ACCIDENTS - P.D. H&R NOT REPORTABLE,2023-05-01T16:56:00Z,Closed - Inactive,45047.583333333336,45047.697916666664,1111 N 14th St
23001401,ALCOHOL - DWI,2023-04-30T02:24:00Z,Closed - Cleared by Arrest-Adult,45046.1,NULL,1400 R St
23001397,VANDALISM - OTHER,2023-04-29T16:25:00Z,Closed - Cleared by Arrest-Adult,45045.125,NULL,1111 N 14th St
23001393,VANDALISM - OTHER,2023-04-29T07:32:00Z,Closed - Cleared by Arrest-Adult,45044.333333333336,45045.313888888886,313 N 13th St
23001390,TRAFFIC - SUSPENDED DRIVER,2023-04-29T00:44:00Z,Closed - Cleared by Arrest-Juvenile,45045.030555555553,NULL,P ST & N 17TH ST
23001387,DISTURBANCE - OTHER,2023-04-28T21:10:00Z,Closed - Inactive,45044.881944444445,NULL,433 V St
23001385,SUSPICIOUS PERSON,2023-04-28T12:50:00Z,Closed - Non-Criminal Case,45044.353472222225,45044.534722222219,1100 T St
23001381,ACCIDENTS - P.D. H&R NOT REPORTABLE,2023-04-28T09:35:00Z,Closed - Non-Criminal Case,45043.375,45043.625,300 N 17th St
23001379,ALCOHOL - USING FALSE I.D.,2023-04-27T23:44:00Z,Closed - Cleared by Arrest-Adult,NULL,NULL,841 N 14th St
23001374,DISTURBANCE - OTHER,2023-04-27T16:46:00Z,Closed - Non-Criminal Case,NULL,NULL,300 N 17th St
23001356,FALSE INFORMATION - GIVEN TO OFC.,2023-04-26T13:10:00Z,Closed - Non-Criminal Case,45042.548611111109,NULL,600 N 15th St
23001351,TRESPASSING,2023-04-25T21:16:00Z,Closed - Cleared by Arrest-Adult,45041.886111111111,NULL,301 N 12th St
23001349,LARCENY - OTHER OR FROM OPEN AREA,2023-04-25T16:27:00Z,Closed - Inactive,45040.8125,45041.645833333336,1400 R St
23001348,SUSPICIOUS PERSON,2023-04-25T16:07:00Z,Closed - Non-Criminal Case,45041.652777777781,45041.670138888891,1300 R St
23001344,FALSE INFORMATION - GIVEN TO OFC.,2023-04-25T11:54:00Z,Closed - Inactive,45041.495833333334,NULL,600 N 15th St
23001343,TRESPASSING,2023-04-25T09:00:00Z,Closed - Non-Criminal Case,45041.375,NULL,1400 R St
23001333,TRESPASSING,2023-04-24T19:52:00Z,Closed - Non-Criminal Case,45040.827777777777,NULL,1400 R St
23001329,ACCIDENTS - P.D. H&R NOT REPORTABLE,2023-04-24T14:55:00Z,Closed - Non-Criminal Case,45036.4375,45036.708333333336,625 Stadium Dr
23001328,LARCENY - OTHER OR FROM OPEN AREA,2023-04-24T13:25:00Z,Closed - Non-Criminal Case,45040.4375,45040.458333333336,400 University Terrace
23001327,ACCIDENTS - P.D. H&R NOT REPORTABLE,2023-04-24T13:07:00Z,Closed - Inactive,45038.041666666664,45040.25,942 N 22nd St
23001317,ALCOHOL - MINOR IN POSSESSION,2023-04-22T22:02:00Z,Closed - Cleared by Arrest-Adult,45038.918055555558,NULL,1801 R St
23001316,"FRAUD, FAIL TO PAY",2023-04-22T21:00:00Z,Closed - Cleared by Arrest-Adult,45038.881944444445,NULL,433 V St
23001310,VANDALISM - OTHER,2023-04-22T07:50:00Z,Closed - Cleared by Arrest-Adult,45038.326388888891,NULL,1155 Q St
23001308,ACCIDENTS - P.D. H&R NOT REPORTABLE,2023-04-21T23:36:00Z,Closed - Inactive,45037.673611111109,45037.77847222222,1335 U St
23001311,DISTURBANCE - OTHER,2023-04-21T22:21:00Z,Closed - Inactive,45037.854166666664,NULL,730 N 14th St
23001306,ALCOHOL - MINOR IN POSSESSION,2023-04-21T20:48:00Z,Closed - Cleared by Arrest-Adult,45037.854166666664,NULL,1880 Transformation Dr
23001299,DISTURBANCE - OTHER,2023-04-21T19:16:00Z,Closed - Inactive,45036.666666666664,NULL,1300 R St
23001302,SUSPICIOUS PERSON,2023-04-21T16:37:00Z,Closed - Non-Criminal Case,45037.681944444441,NULL,1525 U St
23001298,LARCENY - FROM BUILDING,2023-04-21T12:44:00Z,Closed - Inactive,45037.530555555553,45037.530555555553,1400 R St
23001294,TRESPASSING,2023-04-21T06:41:00Z,Closed - Cleared by Arrest-Adult,45037.257638888892,NULL,1100 T St
23001288,ACCIDENTS - P.D. H&R NOT REPORTABLE,2023-04-20T22:54:00Z,Closed - Non-Criminal Case,45028.833333333336,45028.916666666664,820 N 17th St
23001285,DISTURBANCE - OTHER,2023-04-20T18:10:00Z,Closed - Non-Criminal Case,45036.756944444445,NULL,600 N 15th St
23001284,ACCIDENTS - P.D. H&R NOT REPORTABLE,2023-04-20T16:51:00Z,Closed - Non-Criminal Case,45027,45034.727777777778,1220 N 14th St
23001278,TRESPASSING,2023-04-19T23:07:00Z,Closed - Cleared by Arrest-Adult,45035.963194444441,NULL,1400 R St
23001275,FRAUD - CON GAMES/DECEPTION/FALSE    PRETENSE/OTHER,2023-04-19T19:00:00Z,Closed - Unfounded,45033.779166666667,NULL,841 N 14th St
23001272,ACCIDENTS - P.D. H&R NOT REPORTABLE,2023-04-19T17:33:00Z,Closed - Non-Criminal Case,45035.381944444445,45035.701388888891,1055 N 16th St
23001268,ACCIDENTS - P.D. H&R NOT REPORTABLE,2023-04-19T10:08:00Z,Closed - Inactive,45035.333333333336,45035.409722222219,1875 N 38 ST
23001267,VANDALISM - OTHER,2023-04-19T08:43:00Z,Closed - Inactive,45034.625,45035.363194444442,820 N 16th St
23001262,LARCENY - OTHER OR FROM OPEN AREA,2023-04-18T22:21:00Z,Closed - Inactive,45034.9,45034.909722222219,841 N 14th St
23001255,LARCENY - FROM BUILDING,2023-04-18T14:04:00Z,Closed - Cleared by Arrest-Adult,45033.791666666664,45034.895833333336,841 N 14th St
23001237,FRAUD - CON GAMES/DECEPTION/FALSE    PRETENSE/OTHER,2023-04-17T11:54:00Z,Closed - Inactive,45031.96875,45032.666666666664,NA
23001231,TRAFFIC - OTHER,2023-04-16T23:30:00Z,Closed - Inactive,45032.979166666664,NULL,N 33RD ST & HOLDREGE ST
23001227,ALCOHOL - DWI,2023-04-16T02:10:00Z,Closed - Cleared by Arrest-Adult,45032.090277777781,NULL,N 16TH ST & P ST
23001226,TRESPASSING,2023-04-16T00:03:00Z,Closed - Non-Criminal Case,45032.002083333333,NULL,1400 R St
23001225,ALCOHOL - MINOR IN POSSESSION,2023-04-15T22:51:00Z,Closed - Cleared by Arrest-Adult,45031.95208333333,NULL,N ANTELOPE VALLEY PKWY & VINE ST
23001224,ALCOHOL - DRUNK,2023-04-15T20:16:00Z,Closed - Non-Criminal Case,45031.833333333336,45031.844444444447,1400 R St
23001216,DISTURBANCE - OTHER,2023-04-14T22:43:00Z,Closed - Non-Criminal Case,45030.885416666664,45030.946527777778,1120 N 14th St
23001213,ACCIDENTS - P.D. H&R NOT REPORTABLE,2023-04-14T18:59:00Z,Closed - Non-Criminal Case,45029.958333333336,45030.78125,300 N 17th St
23001211,ACCIDENTS - P.D. H&R NOT REPORTABLE,2023-04-14T17:03:00Z,Closed - Cleared by Arrest-Adult,45030.503472222219,NULL,933 N 16th St
23001205,ALCOHOL - DWI,2023-04-14T01:53:00Z,Closed - Cleared by Arrest-Adult,45030.078472222223,NULL,R ST & N 19TH ST
23001204,SUSPICIOUS PERSON,2023-04-14T01:41:00Z,Closed - Non-Criminal Case,45030.070138888892,NULL,820 N 17th St
23001203,FIRE - FALSE ALARM,2023-04-14T00:57:00Z,Closed - Inactive,45030.039583333331,NULL,1433 R St
23001195,VANDALISM - OTHER,2023-04-13T15:07:00Z,Closed - Non-Criminal Case,45029.629861111112,NULL,625 N 16th St
23001194,LARCENY - FROM BUILDING,2023-04-13T13:54:00Z,Closed - Inactive,NULL,NULL,1055 N 16th St
23001189,ACCIDENTS - P.D. H&R NOT REPORTABLE,2023-04-13T13:19:00Z,Closed - Non-Criminal Case,45029.208333333336,45029.554861111108,880 N 17th St
23001192,DISTURBANCE - OTHER,2023-04-13T13:10:00Z,Closed - Non-Criminal Case,45029.541666666664,NULL,880 N 17th St
23001183,ALCOHOL - DWI,2023-04-13T01:51:00Z,Closed - Cleared by Arrest-Adult,45029.07708333333,NULL,N 16TH ST & S ST
23001181,NARCOTICS - POSSESSION,2023-04-13T00:33:00Z,Closed - Cleared by Arrest-Adult,45029.022916666669,NULL,N ANTELOPE VALLEY PKWY
23001175,TRAFFIC - OTHER,2023-04-12T20:01:00Z,Closed - Non-Criminal Case,45028.833333333336,45028.834722222222,1400 R St
23001171,DISTURBANCE - OTHER,2023-04-12T14:18:00Z,Closed - Non-Criminal Case,45021.5,NULL,300 N 17th St
23001161,BURGLARY,2023-04-11T22:26:00Z,Closed - Inactive,45027.04791666667,45027.050694444442,1515 R St
23001159,TRAFFIC - OTHER,2023-04-11T17:29:00Z,Closed - Inactive,45027.722222222219,NULL,1400 R St
23001147,DISTURBANCE - OTHER,2023-04-10T20:11:00Z,Closed - Inactive,45026.4375,45026.458333333336,1400 R St
23001141,SUSPICIOUS PERSON,2023-04-10T04:32:00Z,Closed - Non-Criminal Case,45026.188888888886,NULL,820 N 17th St
23001140,NARCOTICS - POSSESSION,2023-04-10T00:50:00Z,Closed - Cleared by Arrest-Adult,45026.034722222219,45026.034722222219,N 33RD ST & VINE ST
23001129,DISTURBANCE - OTHER,2023-04-08T19:45:00Z,Closed - Non-Criminal Case,44971,45023,1150 N 14th St
23001124,ACCIDENTS - P.D. H&R NOT REPORTABLE,2023-04-08T15:42:00Z,Closed - Inactive,45016.770833333336,45024.645833333336,1801 R St
23001112,FALSE INFORMATION - GIVEN TO OFC.,2023-04-07T00:25:00Z,Closed - Inactive,45023.017361111109,NULL,880 N 17th St
23001111,TRESPASSING,2023-04-07T00:05:00Z,Closed - Non-Criminal Case,45023.003472222219,NULL,1400 R St
23001091,NARCOTICS - POSSESSION,2023-04-04T22:22:00Z,Closed - Cleared by Arrest-Adult,45020.931944444441,NULL,N 14TH ST & VINE ST
23001084,ACCIDENTS - P.D. H&R NOT REPORTABLE,2023-04-04T11:13:00Z,Closed - Inactive,44677.4375,44677.472222222219,1100 T St
23001085,LARCENY - FROM BUILDING,2023-04-04T11:11:00Z,Closed - Inactive,45016.645833333336,45020.333333333336,840 N 14th St
23001082,NARCOTICS - POSSESSION,2023-04-04T00:40:00Z,Closed - Cleared by Arrest-Adult,45020.027777777781,NULL,1830 Vine St
23001067,DISTURBANCE - OTHER,2023-04-03T10:13:00Z,Closed - Non-Criminal Case,45014.586111111108,NULL,NA
23001043,TRAFFIC - OTHER,2023-04-02T23:35:00Z,Closed - Cleared by Arrest-Adult,45017.975694444445,45017.997916666667,1620 Transformation Dr
23001054,DISTURBANCE - OTHER,2023-04-02T21:39:00Z,Closed - Cleared by Arrest-Adult,45018.902083333334,NULL,1400 R St
23001046,ALCOHOL - MINOR IN POSSESSION,2023-04-02T01:06:00Z,Closed - Non-Criminal Case,45018.04583333333,NULL,880 N 17th St
23001044,ALCOHOL - MINOR IN POSSESSION,2023-04-02T00:11:00Z,Closed - Non-Criminal Case,45017.993055555555,45018.006249999999,1120 N 14th St
23001041,DISTURBANCE - OTHER,2023-04-01T18:43:00Z,Closed - Non-Criminal Case,45017.779861111114,NULL,1400 R St
23001039,DISTURBANCE - OTHER,2023-04-01T16:40:00Z,Closed - Non-Criminal Case,45017.67291666667,45017.685416666667,1650 N 35th St
23001026,ACCIDENTS - P.D. H&R NOT REPORTABLE,2023-03-31T11:10:00Z,Closed - Inactive,NULL,NULL,1111 N 14th St
23001019,ACCIDENTS - P.D. H&R NOT REPORTABLE,2023-03-30T13:15:00Z,Closed - Non-Criminal Case,45012.8125,45014.604166666664,615 N 19th St
23001014,ACCIDENTS - P.D. H&R NOT REPORTABLE,2023-03-30T10:21:00Z,Closed - Inactive,45014.354166666664,45014.916666666664,933 North 16th
23001013,DISTURBANCE - OTHER,2023-03-30T10:07:00Z,Closed - Non-Criminal Case,45015.421527777777,NULL,1400 R St
23001005,ACCIDENTS - P.D. H&R NOT REPORTABLE,2023-03-29T13:56:00Z,Closed - Inactive,45013.458333333336,45013.791666666664,300 N 17th St
23001004,FRAUD - CON GAMES/DECEPTION/FALSE    PRETENSE/OTHER,2023-03-29T09:36:00Z,Closed - Inactive,45012.429166666669,45014.400000000001,300 N 17th St
23001002,ALCOHOL - USING FALSE I.D.,2023-03-29T00:16:00Z,Closed - Cleared by Arrest-Adult,45014.011111111111,NULL,N 14TH ST & SALT CREEK RD
23000996,DISTURBANCE - OTHER,2023-03-28T12:58:00Z,Closed - Inactive,45010.133333333331,NULL,601 N 16th St
23000988,TRESPASSING,2023-03-27T19:48:00Z,Closed - Non-Criminal Case,45012.824999999997,NULL,1400 R St
23000987,ACCIDENTS - P.D. H&R NOT REPORTABLE,2023-03-27T19:29:00Z,Closed - Inactive,45012.48333333333,45012.794444444444,1505 S St
23000985,LARCENY - MOTOR VEH. ACCESSORIES,2023-03-27T15:51:00Z,Closed - Inactive,45012.46875,45012.604166666664,1001 Y St
23000972,DISTURBANCE - OTHER,2023-03-26T16:05:00Z,Closed - Inactive,45011.645833333336,45011.666666666664,N 16TH ST & R ST
23000971,EXTORTION,2023-03-26T11:28:00Z,Closed - Inactive,45010.417361111111,45011.458333333336,300 N 17th St
23000967,OUTSIDE - O.P.S. OTHER,2023-03-26T00:44:00Z,Closed - Non-Criminal Case,45011.030555555553,NULL,1801 R St
23000958,DISTURBANCE - OTHER,2023-03-24T23:04:00Z,Closed - Non-Criminal Case,45009.961111111108,NULL,530 N 17th St
23000946,FRAUD - CON GAMES/DECEPTION/FALSE    PRETENSE/OTHER,2023-03-24T14:14:00Z,Closed - Inactive,45009.333333333336,45009.593055555553,503 N 14th St
23000936,FALSE INFORMATION - GIVEN TO OFC.,2023-03-24T01:57:00Z,Closed - Cleared by Arrest-Adult,45009.081250000003,NULL,600 N 15th St
23000935,NARCOTICS - POSSESSION,2023-03-24T01:40:00Z,Closed - Cleared by Arrest-Adult,45009.069444444445,NULL,1220 N 14th St.
23000933,ALCOHOL - MINOR IN POSSESSION,2023-03-23T22:41:00Z,Closed - Non-Criminal Case,45008.945138888892,NULL,440 N 17th St
23000932,LARCENY - STOLEN BIKE,2023-03-23T21:00:00Z,Closed - Cleared by Arrest-Adult,45008.023611111108,NULL,730 N 14th St
23000940,ACCIDENTS - P.D. H&R NOT REPORTABLE,2023-03-23T18:22:00Z,Closed - Inactive,45008.604166666664,45008.739583333336,3721 East Campus Loop North
23000923,NARCOTICS - POSSESSION,2023-03-23T00:38:00Z,Closed - Cleared by Arrest-Adult,45008.026388888888,NULL,N 19TH ST & VINE ST
23000921,ASSAULT - DOMESTIC,2023-03-22T22:37:00Z,Closed - Cleared by Arrest-Adult,45007.923611111109,45007.942361111112,3340 Starr St
23000920,DISTURBANCE - OTHER,2023-03-22T21:54:00Z,Closed - Non-Criminal Case,45007.912499999999,NULL,300 N 17th St
23000912,FRAUD - CON GAMES/DECEPTION/FALSE    PRETENSE/OTHER,2023-03-22T13:08:00Z,Closed - Inactive,NULL,NULL,NA
23000895,VANDALISM - OTHER,2023-03-21T15:15:00Z,Closed - Inactive,45004.788194444445,45004.802083333336,N 17TH ST & VINE ST
23000894,OUTSIDE - O.P.S. OTHER,2023-03-21T13:52:00Z,Closed - Non-Criminal Case,NULL,NULL,241 N. 17th St
23000888,LARCENY - FROM BUILDING,2023-03-21T09:36:00Z,Closed - Inactive,45005.84375,45005.927083333336,841 N 14th St
23000891,FRAUD - CREDIT CARDS/ATM/BANK CARD,2023-03-21T09:36:00Z,Closed - Inactive,45005.84375,45005.927083333336,841 N 14th St
23000887,LARCENY - OTHER OR FROM OPEN AREA,2023-03-21T09:19:00Z,Closed - Unfounded,44544.620833333334,45006.388194444444,1100 T St
23000883,OUTSIDE - O.P.S. OTHER,2023-03-20T21:05:00Z,Closed - Non-Criminal Case,45002.5,NULL,N 16TH ST & X ST
23000879,TRESPASSING,2023-03-20T18:04:00Z,Closed - Non-Criminal Case,45005.75277777778,NULL,1433 W St
23000878,DISTURBANCE - OTHER,2023-03-20T15:57:00Z,Closed - Inactive,45005.664583333331,NULL,841 N 14th St
23000858,ALCOHOL - DWI,2023-03-19T02:11:00Z,Closed - Cleared by Arrest-Adult,45004.09097222222,NULL,P ST & N 13TH ST
23000856,OUTSIDE - O.P.S. OTHER,2023-03-18T20:53:00Z,Closed - Non-Criminal Case,45003.870138888888,NULL,N 36TH ST & VINE ST
23000852,ALCOHOL - DWI,2023-03-18T02:03:00Z,Closed - Cleared by Arrest-Adult,45003.085416666669,NULL,Q ST & N 16TH ST
23000851,ALCOHOL - DRUNK,2023-03-18T00:06:00Z,Closed - Cleared by Arrest-Adult,45003.004166666666,NULL,N 10TH ST & T ST
23000848,TRESPASSING,2023-03-17T08:25:00Z,Closed - Cleared by Arrest-Adult,45002.350694444445,NULL,3620 East Campus Loop S
23000846,TRESPASSING,2023-03-16T19:57:00Z,Closed - Non-Criminal Case,45001.831250000003,NULL,1400 R St
23000841,DISTURBANCE - OTHER,2023-03-16T10:30:00Z,Closed - Non-Criminal Case,45001.4375,NULL,560 Stadium Dr
23000836,DISTURBANCE - OTHER,2023-03-15T13:08:00Z,Closed - Non-Criminal Case,45000.408333333333,NULL,1901 Vine St
23000835,SEX OFFENSE - OTHER,2023-03-15T10:35:00Z,Closed - Cleared by Arrest-Adult,45000.436805555553,NULL,733 N 17th St
23000832,SUSPICIOUS PERSON,2023-03-14T22:48:00Z,Closed - Inactive,44999.944444444445,NULL,1780 R St
23000819,LARCENY - STOLEN BIKE,2023-03-12T20:39:00Z,Closed - Inactive,44994.541666666664,44997.541666666664,1120 N 14th St
23000817,LARCENY - FROM BUILDING,2023-03-12T17:40:00Z,Closed - Inactive,44997.614583333336,44997.736111111109,841 N 14th St
23000816,LARCENY - FROM BUILDING,2023-03-11T19:32:00Z,Closed - Inactive,44996.677083333336,44996.770833333336,841 N 14th St
23000814,ALCOHOL - DWI,2023-03-11T02:18:00Z,Closed - Cleared by Arrest-Adult,44996.095833333333,NULL,N 14TH ST & Q ST
23000806,ACCIDENTS - P.D. H&R NOT REPORTABLE,2023-03-10T15:05:00Z,Closed - Non-Criminal Case,44987.53125,44987.666666666664,1777 North 42nds Street
23000805,FRAUD - CON GAMES/DECEPTION/FALSE    PRETENSE/OTHER,2023-03-10T14:03:00Z,Closed - Non-Criminal Case,44988.5,44993.5,300 N 17th St
23000793,DISTURBANCE - OTHER,2023-03-09T18:46:00Z,Closed - Non-Criminal Case,44994.729166666664,NULL,510 Stadium Dr
23000792,ACCIDENTS - P.D. H&R NOT REPORTABLE,2023-03-09T17:50:00Z,Closed - Non-Criminal Case,44994.586111111108,44994.645833333336,NA
23000790,DISTURBANCE - OTHER,2023-03-09T15:17:00Z,Closed - Non-Criminal Case,44992.5,NULL,880 N 17th St
23000788,LARCENY - FROM BUILDING,2023-03-09T14:31:00Z,Closed - Non-Criminal Case,44992.854166666664,44992.895833333336,841 N 14th St
23000787,EXTORTION,2023-03-09T11:23:00Z,Closed - Inactive,44991.509722222225,44994.509722222225,1780 R St
23000786,DISTURBANCE - OTHER,2023-03-09T10:35:00Z,Closed - Inactive,44652.708333333336,44992.708333333336,733 N 17th St
23000772,ACCIDENTS - P.D. H&R NOT REPORTABLE,2023-03-08T22:14:00Z,Closed - Inactive,44992.833333333336,44993.923611111109,1650 N 35th St
23000776,ACCIDENTS - P.D. H&R NOT REPORTABLE,2023-03-08T12:53:00Z,Closed - Inactive,44987.645833333336,44991.3125,1875 N 42 ST
OS23001,STALKING,2023-03-08T09:33:00Z,NA - Clery Report Only,44949.5,44992.5,On campus
23000771,LARCENY - FROM BUILDING,2023-03-07T22:04:00Z,Closed - Cleared by Arrest-Adult,44992.913194444445,NULL,1400 R St
23000770,NARCOTICS - OTHER,2023-03-07T21:14:00Z,Closed - Inactive,44992.884722222225,NULL,880 N 17th St
23000767,EXTORTION,2023-03-07T14:40:00Z,Closed - Inactive,44992.041666666664,44992.604166666664,1515 R St
23000766,LARCENY - FROM BUILDING,2023-03-07T09:18:00Z,Closed - Cleared by Exception,44992.333333333336,44992.375,1150 N 14th St
23000753,ACCIDENTS - P.D. H&R NOT REPORTABLE,2023-03-06T14:44:00Z,Closed - Cleared by Arrest-Adult,44990.04583333333,NULL,1801 R St
23000749,FIRE - FALSE ALARM,2023-03-06T10:30:00Z,Closed - Inactive,44991.4375,NULL,2225 W St
23000748,VANDALISM - OTHER,2023-03-06T09:29:00Z,Closed - Cleared by Arrest-Adult,44989.047222222223,NULL,1150 N 14th St
23000746,VANDALISM - OTHER,2023-03-06T07:44:00Z,Closed - Inactive,44988.708333333336,44991.3125,301 N 12th St
23000744,TRESPASSING,2023-03-05T23:32:00Z,Closed - Cleared by Arrest-Adult,44990.980555555558,NULL,1801 R St
23000738,"AUTO THEFT - STOLEN ELSEWHERE, FOUND IN  LINCOLN",2023-03-05T11:27:00Z,Closed - Cleared by Arrest-Adult,44989.197916666664,44990.477083333331,1710 Arbor Dr
23000728,LARCENY - STOLEN BIKE,2023-03-04T18:03:00Z,Closed - Inactive,44971.770833333336,44989.708333333336,880 N 17th St
23000727,ACCIDENTS - P.D. H&R NOT REPORTABLE,2023-03-04T14:37:00Z,Closed - Inactive,44989.279166666667,44989.354166666664,1600 Court St
23000725,OUTSIDE - O.P.S. OTHER,2023-03-04T11:38:00Z,Closed - Non-Criminal Case,44989.484722222223,NULL,N 39TH ST & CENTER ST
23000721,VANDALISM - OTHER,2023-03-03T23:36:00Z,Closed - Inactive,44988.958333333336,44988.977083333331,1120 N 14th St
23000719,DISTURBANCE - OTHER,2023-03-03T20:08:00Z,Closed - Non-Criminal Case,44988.838888888888,NULL,1400 R St
23000716,EXTORTION,2023-03-03T11:41:00Z,Closed - Inactive,44988.469444444447,44988.486805555556,1140 N 14th St
23000717,DISTURBANCE - OTHER,2023-03-03T11:23:00Z,Closed - Non-Criminal Case,44988.447916666664,NULL,730 N 14th St
23000713,ALCOHOL - MINOR IN POSSESSION,2023-03-03T01:03:00Z,Closed - Non-Criminal Case,44988.020833333336,44988.043749999997,433 N 19th St
23000711,SEX OFFENSE - RAPE,2023-03-02T22:45:00Z,Closed - Cleared by Arrest-Adult,44976.25,NULL,1150 N 14th St
23000708,LARCENY - FROM BUILDING,2023-03-02T22:36:00Z,Closed - Inactive,44987.895833333336,44987.927083333336,841 N 14th St
23000707,ALCOHOL - MINOR IN POSSESSION,2023-03-02T21:30:00Z,Closed - Cleared by Arrest-Adult,44987.875,NULL,880 N 17th St
23000702,ROBBERY,2023-03-02T15:01:00Z,Closed - Cleared by Arrest-Adult,44987.618055555555,44987.621527777781,2224 U St
23000700,EXTORTION,2023-03-02T13:38:00Z,Closed - Inactive,44986.708333333336,44987.568055555559,880 N 17th St
23000699,DISTURBANCE - OTHER,2023-03-02T12:40:00Z,Closed - Non-Criminal Case,44987.45,NULL,1220 T St
23000695,ALCOHOL - USING FALSE I.D.,2023-03-02T05:49:00Z,Closed - Cleared by Arrest-Adult,NULL,NULL,1220 T St
23000687,DISTURBANCE - OTHER,2023-03-01T20:17:00Z,Closed - Non-Criminal Case,44986.813194444447,NULL,600 N 15th St
23000683,DISTURBANCE - OTHER,2023-03-01T18:40:00Z,Closed - Non-Criminal Case,44986.729166666664,44986.770833333336,1400 R St
23000681,LARCENY - MOTOR VEH. ACCESSORIES,2023-03-01T17:49:00Z,Closed - Inactive,44984.833333333336,44985.416666666664,1430 Idylwild Dr
23000678,DISTURBANCE - OTHER,2023-03-01T14:08:00Z,Closed - Cleared by Exception,NULL,NULL,300 N 17th St
23000669,ACCIDENTS - P.D. H&R NOT REPORTABLE,2023-02-28T15:40:00Z,Closed - Inactive,44980.4375,44980.438888888886,606 S 10th St
23000668,LARCENY - OTHER OR FROM OPEN AREA,2023-02-28T15:16:00Z,Closed - Inactive,44981.5,44985.5,1625 Arbor Dr
23000667,TELEPHONE - OTHER,2023-02-28T14:17:00Z,Closed - Inactive,44985.552777777775,NULL,1875 N 42nd St
23000664,TRESPASSING,2023-02-28T06:46:00Z,Closed - Non-Criminal Case,44985.281944444447,NULL,1801 R St
23000661,NARCOTICS - OTHER,2023-02-27T20:30:00Z,Closed - Inactive,44984.854166666664,NULL,1150 N 14th St
23000650,TRESPASSING,2023-02-27T08:33:00Z,Closed - Cleared by Arrest-Adult,44984.356249999997,NULL,2222 Vine St
23000649,SUSPICIOUS PERSON,2023-02-27T07:19:00Z,Closed - Cleared by Arrest-Adult,44984.260416666664,44984.302083333336,1801 R St
23000647,ALCOHOL - MINOR IN POSSESSION,2023-02-27T02:52:00Z,Closed - Cleared by Arrest-Adult,44984.119444444441,NULL,880 N 17th St
23000639,VANDALISM - OTHER,2023-02-26T02:31:00Z,Closed - Cleared by Arrest-Adult,NULL,NULL,600 N 15th St
23000637,ALCOHOL - MINOR IN POSSESSION,2023-02-26T01:17:00Z,Closed - Cleared by Arrest-Adult,44983.053472222222,NULL,N 14TH ST & Q ST
23000630,LARCENY - OTHER OR FROM OPEN AREA,2023-02-25T22:03:00Z,Closed - Inactive,44982.833333333336,44982.895833333336,639 N 12th St
23000622,ALCOHOL - MINOR IN POSSESSION,2023-02-25T01:42:00Z,Closed - Cleared by Arrest-Adult,44982.070833333331,NULL,1600 Q Street
23000618,DISTURBANCE - OTHER,2023-02-24T18:06:00Z,Closed - Cleared by Arrest-Adult,44981.750694444447,NULL,1400 R St
23000616,TELEPHONE - OTHER,2023-02-24T17:51:00Z,Closed - Non-Criminal Case,44981.680555555555,NULL,1248 R St
23000613,DISTURBANCE - OTHER,2023-02-24T11:56:00Z,Closed - Non-Criminal Case,44981.49722222222,NULL,1220 T St
23000610,VANDALISM - OTHER,2023-02-24T10:48:00Z,Closed - Inactive,NULL,NULL,3855 Fair St
23000584,ACCIDENTS - P.D. REPORTABLE,2023-02-23T22:18:00Z,Closed - Non-Criminal Case,44980.929166666669,NULL,433 V St
23000608,DISTURBANCE - OTHER,2023-02-23T22:06:00Z,Closed - Non-Criminal Case,44980.92083333333,NULL,433 N 19th Street
23000602,ACCIDENTS - P.D. H&R NOT REPORTABLE,2023-02-23T18:49:00Z,Closed - Non-Criminal Case,44980.438888888886,NULL,606 S 10th St
23000580,"HAZARDS - NON-TRAFFIC (WIRES,TREES,ETC)",2023-02-22T20:03:00Z,Closed - Non-Criminal Case,44979.835416666669,NULL,820 N 17th St
23000578,ACCIDENTS - P.D. H&R NOT REPORTABLE,2023-02-22T17:28:00Z,Closed - Non-Criminal Case,44979.489583333336,44979.520833333336,1880 Transformation Dr
23000577,DISTURBANCE - OTHER,2023-02-22T17:23:00Z,Closed - Non-Criminal Case,44979.724305555559,NULL,1505 S St
23000576,DISTURBANCE - OTHER,2023-02-22T16:26:00Z,Closed - Non-Criminal Case,44939.5,NULL,1700 N 34th St
23000575,TRESPASSING,2023-02-22T15:38:00Z,Closed - Cleared by Arrest-Adult,44979.651388888888,NULL,2200 Vine St
23000574,FRAUD - CON GAMES/DECEPTION/FALSE    PRETENSE/OTHER,2023-02-22T15:19:00Z,Open,44970.5,44979.638194444444,300 N 17th St
23000571,DISTURBANCE - OTHER,2023-02-21T16:48:00Z,Closed - Non-Criminal Case,44976.886805555558,NULL,1100 T St
23000558,FRAUD - CHECKS INSUF/NO ACC/NOT FORGED,2023-02-21T15:47:00Z,Closed - Inactive,44970.5,44977.5,NA
23000556,ACCIDENTS - P.D. H&R NOT REPORTABLE,2023-02-21T12:35:00Z,Closed - Inactive,44978.513888888891,44978.524305555555,N 35TH ST & CENTER DR
23000594,SEX OFFENSE - OTHER,2023-02-21T11:48:00Z,Closed - Inactive,NULL,NULL,NA
23000557,OUTSIDE - O.P.S. OTHER,2023-02-21T08:11:00Z,Closed - Non-Criminal Case,NULL,NULL,NA
23000548,ALCOHOL - DWI,2023-02-21T00:43:00Z,Closed - Cleared by Arrest-Adult,44978.029861111114,NULL,1111 N 14th St
23000533,EXTORTION,2023-02-20T01:57:00Z,Closed - Inactive,44977.081250000003,NULL,300 N 17th St
23000529,ACCIDENTS - P.D. H&R NOT REPORTABLE,2023-02-19T15:50:00Z,Closed - Inactive,44966.333333333336,44966.583333333336,300 N 17th St
23000527,LARCENY - FROM BUILDING,2023-02-19T13:00:00Z,Closed - Cleared by Arrest-Adult,44974.958333333336,NULL,433 N 19th St
23000524,ALCOHOL - MINOR IN POSSESSION,2023-02-19T02:29:00Z,Closed - Cleared by Arrest-Adult,44976.103472222225,NULL,820 N 17th St
23000522,ALCOHOL - MINOR IN POSSESSION,2023-02-19T01:45:00Z,Closed - Cleared by Arrest-Adult,44976.072916666664,NULL,600 N 16th Street
23000520,OUTSIDE - O.P.S. OTHER,2023-02-19T00:49:00Z,Closed - Non-Criminal Case,44976.03402777778,NULL,N ANTELOPE VALLEY PKWY & Q ST
23000515,DISTURBANCE - OTHER,2023-02-18T18:52:00Z,Closed - Non-Criminal Case,44975.786111111112,NULL,NA
23000511,SUSPICIOUS PERSON,2023-02-18T13:08:00Z,Closed - Non-Criminal Case,44975.547222222223,NULL,1400 R St
23000507,VANDALISM - OTHER,2023-02-18T04:44:00Z,Closed - Inactive,44975.197222222225,NULL,433 N 19th Street
23000505,ALCOHOL - DWI,2023-02-18T01:19:00Z,Closed - Cleared by Arrest-Adult,44975.054861111108,NULL,CENTENNIAL MALL & P ST
23000489,LARCENY - MOTOR VEH. ACCESSORIES,2023-02-16T16:27:00Z,Closed - Non-Criminal Case,44959.427083333336,44973.6875,300 N 17th St
23000485,DISTURBANCE - OTHER,2023-02-16T11:14:00Z,Closed - Inactive,44973.006944444445,44973.020833333336,841 N 14th St
23000473,DISTURBANCE - OTHER,2023-02-15T20:05:00Z,Closed - Non-Criminal Case,44972.836805555555,NULL,1400 R St
23000467,DISTURBANCE - OTHER,2023-02-15T18:37:00Z,Closed - Non-Criminal Case,44972.600694444445,44972.645138888889,NA
23000465,DISTURBANCE - OTHER,2023-02-15T16:05:00Z,Closed - Non-Criminal Case,44972.670138888891,NULL,501 N 14th St
23000464,DISTURBANCE - OTHER,2023-02-15T14:22:00Z,Closed - Inactive,44972.59375,44972.595138888886,1400 R St
23000463,VANDALISM - OTHER,2023-02-15T07:33:00Z,Closed - Inactive,44972.134027777778,NULL,4075 East Campus Loop S
23000455,DISTURBANCE - OTHER,2023-02-14T21:02:00Z,Closed - Non-Criminal Case,44971.876388888886,NULL,1400 R St
23000453,ACCIDENTS - P.D. H&R NOT REPORTABLE,2023-02-14T15:47:00Z,Closed - Inactive,44971.583333333336,44971.586805555555,Q ST & N 18TH ST
23000450,ACCIDENTS - P.D. H&R NOT REPORTABLE,2023-02-14T13:28:00Z,Closed - Inactive,44970.708333333336,44971.479166666664,1801 R St
23000436,ACCIDENTS - P.D. H&R NOT REPORTABLE,2023-02-13T15:42:00Z,Closed - Inactive,44969.5,44970.625,1830 Vine St
23000431,LARCENY - FROM BUILDING,2023-02-13T11:01:00Z,Closed - Cleared by Arrest-Adult,44968.952777777777,NULL,1140 N 14th St
23000426,ALCOHOL - MINOR IN POSSESSION,2023-02-12T22:50:00Z,Closed - Cleared by Arrest-Adult,44969.951388888891,NULL,600 N 15th St
23000418,DISTURBANCE - OTHER,2023-02-12T11:28:00Z,Closed - Inactive,44968.003472222219,NULL,N 14TH ST & P ST
23000414,ASSAULT - DOMESTIC,2023-02-11T23:41:00Z,Closed - Cleared by Arrest-Adult,44966.625,44968.986805555556,1055 N 16th St
23000404,NARCOTICS - POSSESSION,2023-02-11T01:49:00Z,Closed - Cleared by Arrest-Adult,44968.075694444444,NULL,1220 N 14th Street
23000402,ALCOHOL - MINOR IN POSSESSION,2023-02-11T00:57:00Z,Closed - Non-Criminal Case,44968.039583333331,NULL,1830 Vine Street
23000399,ALCOHOL - MINOR IN POSSESSION,2023-02-10T22:59:00Z,Closed - Non-Criminal Case,44967.957638888889,NULL,440 N 17th St
23000396,TRESPASSING,2023-02-10T21:40:00Z,Closed - Non-Criminal Case,44967.902777777781,NULL,1100 T St
23000386,VANDALISM - OTHER,2023-02-10T16:07:00Z,Closed - Inactive,44963.5,44967.859027777777,1915 N 37th St
23000383,VANDALISM - OTHER,2023-02-10T13:58:00Z,Closed - Inactive,44965.416666666664,44967.416666666664,200 Centennial Mall N
23000372,DISTURBANCE - DOMESTIC,2023-02-10T00:52:00Z,Closed - Non-Criminal Case,44967.03125,NULL,433 N 19th St
23000362,OUTSIDE - O.P.S. OTHER,2023-02-09T14:10:00Z,Closed - Non-Criminal Case,NULL,NULL,NA
23000350,ACCIDENTS - P.D. H&R NOT REPORTABLE,2023-02-08T14:30:00Z,Closed - Non-Criminal Case,44964.458333333336,44964.708333333336,707 Stadium Dr
23000346,LARCENY - MOTOR VEH. ACCESSORIES,2023-02-08T03:12:00Z,Closed - Inactive,44965.129861111112,NULL,1130 N 14th Street
23000338,STALKING,2023-02-07T15:15:00Z,Closed - Inactive,44949.5,44963.583333333336,1209 R St
23000337,ACCIDENTS - P.D. H&R NOT REPORTABLE,2023-02-07T14:37:00Z,Closed - Inactive,44963.760416666664,44964.604166666664,1111 N 14th St
23000349,DISTURBANCE - OTHER,2023-02-07T10:19:00Z,Closed - Non-Criminal Case,44964.525694444441,NULL,1700 N 34th St
23000329,SUSPICIOUS PERSON,2023-02-06T23:58:00Z,Closed - Non-Criminal Case,44963.998611111114,NULL,1150 N 14th St
23000328,ALCOHOL - USING FALSE I.D.,2023-02-06T23:47:00Z,Closed - Cleared by Arrest-Adult,44963.990972222222,NULL,841 N 14th St
23000319,DISTURBANCE - OTHER,2023-02-06T17:29:00Z,Closed - Inactive,44962.381944444445,NULL,1100 T St
23000318,LARCENY - FROM BUILDING,2023-02-06T15:18:00Z,Closed - Inactive,44958.583333333336,44958.635416666664,730 N 14th St
23000313,OUTSIDE - O.P.S. OTHER,2023-02-05T20:42:00Z,Closed - Inactive,44962.861111111109,44962.862500000003,N ANTELOPE VALLEY PKWY & Q ST
23000306,ALCOHOL - DWI,2023-02-05T03:25:00Z,Closed - Cleared by Arrest-Adult,44962.142361111109,NULL,Q ST & N 17TH ST
23000301,ALCOHOL - USING FALSE I.D.,2023-02-05T00:00:00Z,Closed - Cleared by Arrest-Adult,44962,NULL,NA
23000299,ALCOHOL - MINOR IN POSSESSION,2023-02-04T23:31:00Z,Closed - Non-Criminal Case,44961.979861111111,NULL,1433 R St
23000298,ALCOHOL - MINOR IN POSSESSION,2023-02-04T23:04:00Z,Closed - Non-Criminal Case,44961.961111111108,NULL,880 N 17th St
23000300,ASSAULT - NON DOMESTIC,2023-02-04T22:36:00Z,Closed - Cleared by Arrest-Adult,NULL,NULL,433 N 19th St
23000295,DISTURBANCE - OTHER,2023-02-04T19:21:00Z,Closed - Non-Criminal Case,44961.806250000001,NULL,1400 R St
23000288,ALCOHOL - DWI,2023-02-04T02:19:00Z,Closed - Cleared by Arrest-Adult,44961.09652777778,NULL,Q ST & N 13TH ST
23000285,ALCOHOL - DWI,2023-02-04T00:16:00Z,Closed - Cleared by Arrest-Adult,44961.011111111111,NULL,R ST & N 14TH ST
23000283,FRAUD - CON GAMES/DECEPTION/FALSE    PRETENSE/OTHER,2023-02-03T16:01:00Z,Closed - Non-Criminal Case,44956.713194444441,44958.841666666667,1400 R St
23000281,LARCENY - FROM BUILDING,2023-02-03T14:08:00Z,Closed - Inactive,44960.479166666664,44960.541666666664,841 N 14th St
23000280,LARCENY - FROM BUILDING,2023-02-03T13:40:00Z,Closed - Inactive,44960.5,44960.555555555555,845 N 14th St
23000279,LARCENY - FROM BUILDING,2023-02-03T12:38:00Z,Closed - Inactive,44960.393750000003,44960.451388888891,841 N 14th St
23000278,LARCENY - FROM BUILDING,2023-02-03T12:26:00Z,Closed - Inactive,44960.387499999997,44960.402777777781,841 N 14th St
23000277,LARCENY - FROM BUILDING,2023-02-03T11:17:00Z,Closed - Inactive,44960.375,44960.458333333336,841 N 14th St
23000276,ASSAULT - DOMESTIC,2023-02-03T09:01:00Z,Closed - Inactive,NULL,NULL,1150 N 14th St
23000275,DISTURBANCE - OTHER,2023-02-03T08:36:00Z,Closed - Non-Criminal Case,NULL,NULL,1901 Vine St
23000262,LARCENY - MOTOR VEH. ACCESSORIES,2023-02-02T08:00:00Z,Closed - Inactive,44958.5,44959.75,1601 Court
23000261,SUSPICIOUS ITEM OR PACKAGE (NON-EXPLOSIVE),2023-02-02T07:15:00Z,Closed - Non-Criminal Case,44959.240972222222,NULL,N 34TH ST & HOLDREGE ST
23000259,ALCOHOL - DRUNK,2023-02-01T21:12:00Z,Closed - Non-Criminal Case,44958.883333333331,NULL,480 N 16th St
23000254,LARCENY - FROM BUILDING,2023-02-01T18:04:00Z,Closed - Non-Criminal Case,44958.554861111108,NULL,730 N 14th St
23000253,FRAUD - CREDIT CARDS/ATM/BANK CARD,2023-02-01T17:08:00Z,Closed - Inactive,44952.75,44958.713888888888,1111 N 14th St
23000248,EXTORTION,2023-02-01T12:20:00Z,Closed - Inactive,44958.375,44958.513888888891,1710 Arbor Dr
23000238,ACCIDENTS - P.D. H&R NOT REPORTABLE,2023-01-31T10:06:00Z,Closed - Cleared by Arrest-Adult,44957.405555555553,44957.42083333333,606 Stadium Drive
23000236,ACCIDENTS - INJURY,2023-01-30T20:57:00Z,Closed - Cleared by Arrest-Adult,44956.75,NULL,S ST & N 16TH ST
23000231,FND ARTICLE OTHER THAN ABAND. BIKE OR VEH.,2023-01-30T13:09:00Z,Closed - Non-Criminal Case,44956.54791666667,NULL,4000 East Campus Loop S
23000229,FRAUD - CON GAMES/DECEPTION/FALSE    PRETENSE/OTHER,2023-01-30T08:53:00Z,Closed - Inactive,44955.416666666664,44955.5,300 N 17th St
23000221,ALCOHOL - MINOR IN POSSESSION,2023-01-29T03:19:00Z,Closed - Non-Criminal Case,44955.138194444444,NULL,1130 N 14th Street
23000219,ALCOHOL - MINOR IN POSSESSION,2023-01-29T01:59:00Z,Closed - Cleared by Arrest-Adult,44955.082638888889,NULL,433 N 19th St
23000218,ALCOHOL - USING FALSE I.D.,2023-01-28T23:50:00Z,Closed - Cleared by Arrest-Adult,44954.993055555555,NULL,1780 R Street
23000208,ALCOHOL - DWI,2023-01-28T01:36:00Z,Closed - Cleared by Arrest-Adult,44954.066666666666,NULL,Q ST & N 10TH ST
23000204,TRESPASSING,2023-01-27T19:13:00Z,Closed - Cleared by Arrest-Adult,44953.800694444442,NULL,1801 R St
23000202,LARCENY - MOTOR VEH. ACCESSORIES,2023-01-27T17:58:00Z,Closed - Inactive,44953.322916666664,44953.729166666664,1000 N 16th St
23000200,LARCENY - STOLEN BIKE,2023-01-27T13:57:00Z,Closed - Inactive,44915.5,44953.5625,600 N 15th St
23000195,NARCOTICS - POSSESSION,2023-01-27T03:15:00Z,Closed - Cleared by Arrest-Adult,44953.135416666664,NULL,1055 N 16th St
23000192,FIRE - FALSE ALARM,2023-01-27T01:58:00Z,Closed - Cleared by Arrest-Adult,44953.081944444442,NULL,630 N 14th Street
23000191,NARCOTICS - OTHER,2023-01-27T00:27:00Z,Closed - Non-Criminal Case,44953.018750000003,NULL,1150 N 14th St
23000183,ACCIDENTS - P.D. H&R NOT REPORTABLE,2023-01-26T15:35:00Z,Closed - Non-Criminal Case,44952.436805555553,NULL,745 N 14th St UNL LOT 21
23000180,LARCENY - OTHER OR FROM OPEN AREA,2023-01-26T11:55:00Z,Closed - Inactive,44910.518055555556,44943.518055555556,1210 Vine Street
23000181,LARCENY - OTHER OR FROM OPEN AREA,2023-01-26T11:55:00Z,Closed - Inactive,44910.520833333336,44951.520833333336,2100 Vine Street
23000176,NARCOTICS - POSSESSION,2023-01-26T03:17:00Z,Closed - Cleared by Arrest-Adult,44952.136805555558,NULL,1220 N 14th St
23000174,ALCOHOL - MINOR IN POSSESSION,2023-01-26T00:20:00Z,Closed - Cleared by Arrest-Adult,44952.013888888891,NULL,SALT CREEK RDWY & N ANTELOPE VALLEY PKWY
23000160,ALCOHOL - OPEN CONTAINER,2023-01-24T23:50:00Z,Closed - Cleared by Arrest-Adult,44950.993055555555,44951.000694444447,N 13TH ST & Q ST
23000155,TRAFFIC - SUSPENDED DRIVER,2023-01-24T22:13:00Z,Closed - Cleared by Arrest-Adult,44950.925694444442,NULL,N 12TH ST & Q ST
23000153,SUSPICIOUS PERSON,2023-01-24T15:50:00Z,Closed - Non-Criminal Case,44950.166666666664,44950.541666666664,1531 S St
23000164,DISTURBANCE - OTHER,2023-01-24T14:00:00Z,Closed - Inactive,NULL,NULL,501 N 14th St
23000144,ALCOHOL - USING FALSE I.D.,2023-01-24T11:28:00Z,Closed - Cleared by Arrest-Adult,44950.477777777778,NULL,841 N 14th St
23000146,OUTSIDE - O.P.S. OTHER,2023-01-24T06:24:00Z,Closed - Non-Criminal Case,44950.000694444447,NULL,2345 R Street
23000140,ALCOHOL - MINOR IN POSSESSION,2023-01-23T23:41:00Z,Closed - Cleared by Arrest-Adult,44949.986805555556,NULL,503 N 14th St
23000131,DISTURBANCE - OTHER,2023-01-23T08:29:00Z,Closed - Cleared by Arrest-Adult,44949.353472222225,NULL,4000 East Campus Loop S
23000120,DISTURBANCE - OTHER,2023-01-22T23:13:00Z,Closed - Non-Criminal Case,44947.963888888888,NULL,1400 R St
23000126,ALCOHOL - USING FALSE I.D.,2023-01-22T17:44:00Z,Closed - Cleared by Arrest-Adult,44948.738888888889,NULL,1780 R St
23000127,ALCOHOL - USING FALSE I.D.,2023-01-22T17:44:00Z,Closed - Cleared by Arrest-Adult,44948.738888888889,NULL,1780 R St
23000122,ALCOHOL - DWI,2023-01-22T02:19:00Z,Closed - Cleared by Arrest-Adult,44948.09652777778,NULL,N 14TH ST & R ST
23000112,ALCOHOL - MINOR IN POSSESSION,2023-01-21T02:39:00Z,Closed - Cleared by Arrest-Adult,44947.11041666667,NULL,300 N 17th Street
23000111,TRAFFIC - SUSPENDED DRIVER,2023-01-20T23:55:00Z,Closed - Cleared by Arrest-Adult,44946.996527777781,NULL,VINE ST & N ANTELOPE VALLEY PKWY
23000098,NARCOTICS - OTHER,2023-01-19T21:38:00Z,Closed - Non-Criminal Case,44945.901388888888,NULL,433 N 19th Street
23000095,SEX OFFENSE - ANONYMOUS SEXUAL ASSAULT,2023-01-19T12:32:00Z,Closed - Inactive,NULL,NULL,NA
23000135,DISTURBANCE - OTHER,2023-01-18T13:10:00Z,Closed - Non-Criminal Case,NULL,NULL,880 N 17th St
23000090,TRESPASSING,2023-01-18T13:09:00Z,Closed - Non-Criminal Case,44944.54791666667,NULL,880 N 17th St
23000087,OUTSIDE - O.P.S. OTHER,2023-01-17T22:32:00Z,Closed - Non-Criminal Case,44934.748611111114,44943.950694444444,N 46TH ST & HOLDREGE ST
23000082,DISTURBANCE - OTHER,2023-01-17T15:25:00Z,Closed - Non-Criminal Case,NULL,NULL,501 N 14th St
23000080,ACCIDENTS - P.D. H&R NOT REPORTABLE,2023-01-17T13:51:00Z,Closed - Cleared by Exception,44943.552083333336,NULL,550 N 19th St
23000071,ALCOHOL - DWI,2023-01-15T00:56:00Z,Closed - Cleared by Arrest-Adult,44941.038888888892,NULL,205 N 9th Street
23000070,ALCOHOL - DWI,2023-01-15T00:23:00Z,Closed - Cleared by Arrest-Adult,44941.015972222223,NULL,205 N 9th Street
23000069,OUTSIDE - O.P.S. OTHER,2023-01-14T16:30:00Z,Closed - Non-Criminal Case,44940.6875,NULL,2243 Indiana Ave
23000068,SEX OFFENSE - RAPE,2023-01-14T14:47:00Z,Closed - Inactive,44937.979166666664,44937.986111111109,433 N 19th St
23000067,DISTURBANCE - OTHER,2023-01-14T09:33:00Z,Closed - Non-Criminal Case,44938.397916666669,44940.397916666669,1700 East Campus Mall
23000065,DISTURBANCE - OTHER,2023-01-13T21:41:00Z,Closed - Non-Criminal Case,44939.90347222222,NULL,1880 Transformation Dr
23000064,DISTURBANCE - OTHER,2023-01-13T20:12:00Z,Closed - Non-Criminal Case,44939.833333333336,44939.836805555555,841 N 14th St
23000051,NARCOTICS - POSSESSION,2023-01-10T23:53:00Z,Closed - Cleared by Arrest-Adult,44936.995138888888,NULL,433 N 19th St
23000041,TRESPASSING,2023-01-09T08:10:00Z,Closed - Non-Criminal Case,44935.340277777781,NULL,2244 Vine St
23000032,TRAFFIC - OTHER,2023-01-06T23:26:00Z,Closed - Inactive,44932.976388888892,NULL,N 14TH ST
23000030,ACCIDENTS - P.D. H&R NOT REPORTABLE,2023-01-06T19:40:00Z,Closed - Inactive,44932.395833333336,44932.8125,1650 N 35th St
23000028,DISTURBANCE - OTHER,2023-01-06T14:05:00Z,Closed - Non-Criminal Case,44932.586805555555,NULL,900 N 16th St
23000042,SEX OFFENSE - MOLEST/FONDLING,2023-01-06T13:00:00Z,Closed - Inactive,44869.979166666664,44870.166666666664,880 N 17th St
23000019,DISTURBANCE - OTHER,2023-01-05T12:00:00Z,Closed - Non-Criminal Case,44930.331944444442,44931.5,5801 N 33rd St
23000018,OUTSIDE - O.P.S. OTHER,2023-01-05T09:51:00Z,Closed - Non-Criminal Case,44931.041666666664,NULL,NA
23000014,LARCENY - FROM BUILDING,2023-01-04T14:07:00Z,Closed - Inactive,44928.8125,44930.895833333336,1880 Transformation Dr
23000008,FALSE INFORMATION - GIVEN TO OFC.,2023-01-02T17:49:00Z,Closed - Cleared by Arrest-Adult,44928.742361111108,NULL,N ANTELOPE VALLEY PKWY & VINE ST
23000004,ALCOHOL - MINOR IN POSSESSION,2023-01-01T02:40:00Z,Closed - Cleared by Arrest-Adult,44927.111111111109,NULL,N 9TH ST & P ST
23000002,WEAPONS - CONCEALED,2023-01-01T00:52:00Z,Closed - Cleared by Arrest-Adult,44927.036111111112,NULL,N 17TH ST & Q ST
23000001,TRAFFIC - OTHER,2023-01-01T00:32:00Z,Closed - Inactive,44927.022222222222,NULL,P ST & N 16TH ST
22003961,ALCOHOL - USING FALSE I.D.,2022-12-31T10:39:00Z,Closed - Cleared by Arrest-Adult,44926.443749999999,NULL,N 17TH ST & R ST
22003960,ALCOHOL - DWI,2022-12-31T00:53:00Z,Closed - Cleared by Arrest-Adult,44926.036805555559,NULL,N 18TH ST & P ST
22003959,ALCOHOL - DWI,2022-12-30T22:35:00Z,Closed - Cleared by Arrest-Adult,44925.934027777781,NULL,N 19TH ST & VINE ST
22003955,LARCENY - MOTOR VEH. ACCESSORIES,2022-12-30T12:13:00Z,Closed - Inactive,44925.322916666664,44925.486111111109,N 22ND ST & W ST
22003953,ALCOHOL - DWI,2022-12-30T00:48:00Z,Closed - Cleared by Arrest-Adult,44925.033333333333,NULL,205 N 9th Street
22003946,LITTERING,2022-12-29T00:05:00Z,Closed - Cleared by Arrest-Adult,44924.003472222219,NULL,1426 O Street
22003932,VANDALISM - OTHER,2022-12-26T23:28:00Z,Closed - Cleared by Arrest-Adult,44921.90625,44921.958333333336,1880 Transformation Dr
22003933,VANDALISM - OTHER,2022-12-26T23:28:00Z,Closed - Cleared by Arrest-Adult,44921.90625,44921.958333333336,1880 Transformation Dr
22003930,ACCIDENTS - P.D. H&R NOT REPORTABLE,2022-12-25T09:48:00Z,Closed - Inactive,44919.541666666664,44920.408333333333,1710 Arbor Dr
22003921,LARCENY - FROM MOTOR VEHICLE,2022-12-23T11:15:00Z,Closed - Inactive,44918.404861111114,NULL,N 22ND ST & W ST
22003918,LARCENY - MOTOR VEH. ACCESSORIES,2022-12-22T13:38:00Z,Closed - Inactive,44916.270833333336,44916.625,2100 Vine St
22003915,LARCENY - FROM BUILDING,2022-12-21T21:28:00Z,Closed - Cleared by Arrest-Adult,44916.666666666664,44916.770833333336,400 Pinnacle Arena Dr
22003914,LARCENY - MOTOR VEH. ACCESSORIES,2022-12-21T18:19:00Z,Closed - Inactive,44916.333333333336,44916.708333333336,501 Stadium Dr
22003913,TRESPASSING,2022-12-21T11:08:00Z,Closed - Cleared by Arrest-Adult,44916.458333333336,44916.463888888888,1400 R St
22003908,FIRE (WORKING) - NO ALARM,2022-12-20T18:21:00Z,Closed - Non-Criminal Case,44915.76458333333,44915.76458333333,1210 Vine St
22003907,LARCENY - MOTOR VEH. ACCESSORIES,2022-12-20T16:46:00Z,Closed - Inactive,44915.520833333336,44915.677083333336,1800 N 33rd St
22003899,ALCOHOL - DWI,2022-12-18T02:07:00Z,Closed - Cleared by Arrest-Adult,44913.088194444441,NULL,1500 Q Street
22003897,ALCOHOL - DWI,2022-12-18T00:00:00Z,Closed - Cleared by Arrest-Adult,44913,NULL,200 N 16th Street
22003896,ASSAULT - DOMESTIC,2022-12-17T18:49:00Z,Closed - Cleared by Arrest-Adult,44912.583333333336,44912.604166666664,440 N 17th St
22003895,ACCIDENTS - P.D. H&R NOT REPORTABLE,2022-12-17T14:42:00Z,Closed - Non-Criminal Case,44892.000694444447,44893.645833333336,615 North 19th Street
22003893,ABANDONED BICYCLE,2022-12-17T11:53:00Z,Closed - Inactive,44911.184027777781,NULL,820 N 17th St
22003888,LARCENY - STOLEN BIKE,2022-12-16T19:36:00Z,Closed - Inactive,44910.833333333336,44911.8125,820 N 17th St
22003887,VANDALISM - OTHER,2022-12-16T15:55:00Z,Closed - Inactive,44910.791666666664,44911.583333333336,1055 N 16th St
22003886,DISTURBANCE - OTHER,2022-12-16T14:27:00Z,Closed - Non-Criminal Case,44911.602083333331,NULL,1400 R St
22003877,TRESPASSING,2022-12-16T01:30:00Z,Closed - Inactive,44911.0625,NULL,1830 Vine St
22003876,ALCOHOL - USING FALSE I.D.,2022-12-15T22:00:00Z,Closed - Cleared by Arrest-Adult,44910.916666666664,NULL,300 N 17th St
22003869,LARCENY - SHOPLIFTING,2022-12-15T09:14:00Z,Closed - Inactive,44910.37222222222,NULL,1400 R St
22003866,ALCOHOL - DWI,2022-12-15T02:43:00Z,Closed - Cleared by Arrest-Adult,44909.991666666669,NULL,SALT CREEK RDWY & N 14TH ST
22003862,LARCENY - FROM BUILDING,2022-12-14T19:55:00Z,Closed - Non-Criminal Case,44908.9375,44909.541666666664,1150 N 14th St
22003849,VANDALISM - OTHER,2022-12-14T02:35:00Z,Closed - Inactive,44909.041666666664,44909.083333333336,1120 N 14th St
22003846,DISTURBANCE - OTHER,2022-12-13T15:26:00Z,Closed - Non-Criminal Case,44908.588194444441,44908.643055555556,1780 R St
22003845,LARCENY - STOLEN BIKE,2022-12-13T15:17:00Z,Closed - Inactive,44905.333333333336,44908.625,820 N 17th St
22003843,LARCENY - FROM BUILDING,2022-12-13T14:47:00Z,Closed - Non-Criminal Case,44907.479166666664,44907.5,550 N 19th St
22003824,TRAFFIC - SUSPENDED DRIVER,2022-12-12T22:34:00Z,Closed - Cleared by Arrest-Adult,44907.94027777778,NULL,Antelope Valley Parkway and Salt Creek Roadway
22003831,DISTURBANCE - OTHER,2022-12-12T11:52:00Z,Closed - Inactive,44907.488888888889,44907.491666666669,NA
22003819,ALCOHOL - USING FALSE I.D.,2022-12-11T02:48:00Z,Closed - Cleared by Arrest-Adult,44906.116666666669,NULL,300 N 17th St
22003818,LARCENY - STOLEN BIKE,2022-12-10T21:42:00Z,Closed - Inactive,44902.625,44905.6875,630 N 14th St
22003805,ALCOHOL - DWI,2022-12-10T01:46:00Z,Closed - Cleared by Arrest-Adult,44905.073611111111,NULL,N ANTELOPE VALLEY PKWY & VINE ST
22003801,VANDALISM - OTHER,2022-12-09T21:23:00Z,Closed - Inactive,NULL,NULL,1855 N 35th St
22003799,DISTURBANCE - OTHER,2022-12-09T18:25:00Z,Closed - Non-Criminal Case,44904.767361111109,NULL,1400 R St
22003796,EXTORTION,2022-12-09T16:47:00Z,Closed - Inactive,44904.333333333336,44904.699305555558,880 N 17th St
22003793,BURGLARY,2022-12-09T12:26:00Z,Closed - Cleared by Arrest-Adult,44904.510416666664,44904.518055555556,1650 N 35th St
22003832,"AUTO THEFT - STOLEN ELSEWHERE, FOUND IN  LINCOLN",2022-12-09T12:26:00Z,Closed - Non-Criminal Case,44904.510416666664,44904.518055555556,3550 East Campus Loop S
22003790,FIRE - FALSE ALARM,2022-12-09T01:33:00Z,Closed - Inactive,44904.064583333333,NULL,1545 R St
22003784,ALCOHOL - UNL POLICY VIOLATION,2022-12-08T23:12:00Z,Closed - Inactive,44903.966666666667,NULL,1120 N 14th St
22003785,DISTURBANCE - DOMESTIC,2022-12-08T23:12:00Z,Closed - Inactive,44903.966666666667,NULL,3320 Starr Street
22003783,EXTORTION,2022-12-08T22:56:00Z,Closed - Inactive,44903.916666666664,44903.947916666664,300 N 17th St
22003782,ALCOHOL - USING FALSE I.D.,2022-12-08T21:32:00Z,Closed - Cleared by Arrest-Adult,44903.897222222222,NULL,1400 R St
22003780,DISTURBANCE - OTHER,2022-12-08T16:14:00Z,Closed - Non-Criminal Case,44903.333333333336,44903.666666666664,1875 N 42nd St
22003778,TELEPHONE - OTHER,2022-12-08T13:20:00Z,Closed - Non-Criminal Case,NULL,NULL,550 N 19th St
22003765,DISTURBANCE - OTHER,2022-12-07T16:16:00Z,Closed - Non-Criminal Case,44887.333333333336,44902.625,880 N 17th St
22003764,LARCENY - OTHER OR FROM OPEN AREA,2022-12-07T15:08:00Z,Closed - Inactive,44899.833333333336,44900.375,1801 R St
22003763,DISTURBANCE - OTHER,2022-12-07T14:33:00Z,Closed - Non-Criminal Case,44901.5,44901.666666666664,200 Centennial Mall N
22003756,VANDALISM - OTHER,2022-12-06T18:10:00Z,Closed - Inactive,44890.872916666667,NULL,1510 Vine St
22003572,VANDALISM - OTHER,2022-12-06T11:10:00Z,Closed - Inactive,44897.729166666664,44897.895833333336,N 19TH ST & TRANSFORMATION DR
22003743,DISTURBANCE - OTHER,2022-12-05T18:45:00Z,Closed - Non-Criminal Case,44900.78125,NULL,1400 R St
22003740,LARCENY - FROM BUILDING,2022-12-05T16:31:00Z,Closed - Cleared by Arrest-Adult,44897.995833333334,44897.997916666667,1400 R St
22003733,LARCENY - FROM BUILDING,2022-12-04T18:00:00Z,Closed - Cleared by Arrest-Adult,44899.052777777775,NULL,1801 R St
22003730,ALCOHOL - USING FALSE I.D.,2022-12-04T13:15:00Z,Closed - Cleared by Arrest-Adult,NULL,NULL,300 N 17th St
22003726,ALCOHOL - DWI,2022-12-04T01:15:00Z,Closed - Cleared by Arrest-Adult,44899.081250000003,NULL,2400 Vine Street
22003714,ALCOHOL - USING FALSE I.D.,2022-12-03T14:03:00Z,Closed - Cleared by Arrest-Adult,44898.583333333336,NULL,300 N 17th St
22003706,ALCOHOL - MINOR IN POSSESSION,2022-12-03T03:04:00Z,Closed - Inactive,44898.12777777778,NULL,1150 N 14th Street
22003705,ALCOHOL - MINOR IN POSSESSION,2022-12-03T01:43:00Z,Closed - Inactive,44898.071527777778,NULL,433 N 19th Street
22003703,TRESPASSING,2022-12-03T00:06:00Z,Closed - Cleared by Arrest-Adult,44898.004166666666,NULL,1400 R St
22003691,EXTORTION,2022-12-02T14:04:00Z,Closed - Inactive,44896.536805555559,44896.594444444447,1501 W St
22003689,ACCIDENTS - P.D. H&R NOT REPORTABLE,2022-12-02T13:10:00Z,Closed - Inactive,44895,44897.541666666664,1801 R St
22003688,OUTSIDE - O.P.S. OTHER,2022-12-02T09:37:00Z,Closed - Non-Criminal Case,NULL,NULL,NA
22003687,FIRE - FALSE ALARM,2022-12-02T08:34:00Z,Closed - Cleared by Arrest-Adult,44897.356944444444,NULL,625 N 14th St
22003680,NARCOTICS - POSSESSION,2022-12-02T02:44:00Z,Closed - Cleared by Arrest-Adult,44897.113888888889,NULL,1150 N 14th St
22003677,ALCOHOL - MINOR IN POSSESSION,2022-12-02T00:53:00Z,Closed - Inactive,44896.75,44896.989583333336,440 N 17th St
22003676,ALCOHOL - USING FALSE I.D.,2022-12-02T00:09:00Z,Closed - Cleared by Arrest-Adult,44897.006249999999,NULL,300 N 17th St
22003660,TRESPASSING,2022-11-30T20:54:00Z,Closed - Inactive,44895.870833333334,NULL,1400 R St
22003658,DISTURBANCE - OTHER,2022-11-30T17:53:00Z,Closed - Inactive,44895.697916666664,44895.729166666664,1780 R St
22003654,VANDALISM - OTHER,2022-11-30T13:42:00Z,Closed - Cleared by Arrest-Adult,NULL,NULL,200 Centennial Mall N
22003650,OUTSIDE - O.P.S. OTHER,2022-11-29T23:59:00Z,Closed - Non-Criminal Case,44894.999305555553,44895.022222222222,O ST & N 37TH ST
22003644,DISTURBANCE - OTHER,2022-11-29T17:09:00Z,Closed - Non-Criminal Case,44894.714583333334,NULL,1400 R St
22003642,DISTURBANCE - OTHER,2022-11-29T16:17:00Z,Closed - Cleared by Arrest-Adult,44894.65625,44894.666666666664,1300 R St
22003627,TRESPASSING,2022-11-28T13:54:00Z,Closed - Non-Criminal Case,44893.559027777781,44893.583333333336,733 N 17th St
22003628,ACCIDENTS - P.D. H&R NOT REPORTABLE,2022-11-28T13:51:00Z,Closed - Non-Criminal Case,44886.791666666664,44892.833333333336,1111 N 14th St
22003621,LARCENY - MOTOR VEH. ACCESSORIES,2022-11-27T13:51:00Z,Closed - Inactive,44883.722916666666,NULL,615 N 19th St
22003619,DISTURBANCE - OTHER,2022-11-26T21:54:00Z,Closed - Non-Criminal Case,44891.805555555555,44891.833333333336,433 N 19th St
22003618,AUTO THEFT,2022-11-26T06:38:00Z,Closed - Cleared by Arrest-Adult,44891.276388888888,NULL,1645 R Street
22003606,TRESPASSING,2022-11-24T17:12:00Z,Closed - Inactive,44889.716666666667,NULL,730 N 14th St
22003599,ACCIDENTS - P.D. H&R NOT REPORTABLE,2022-11-23T15:20:00Z,Closed - Cleared by Arrest-Adult,44874.333333333336,44887.618055555555,1111 N 14th St
22003600,TRESPASSING,2022-11-23T15:20:00Z,Closed - Cleared by Arrest-Adult,44888.638888888891,NULL,4075 East Campus Loop S
22003595,TRESPASSING,2022-11-23T08:34:00Z,Closed - Inactive,44887.833333333336,44888.356944444444,1100 T St
22003594,OUTSIDE - O.P.S. OTHER,2022-11-23T08:27:00Z,Closed - Non-Criminal Case,NULL,NULL,NA
22003585,DISTURBANCE - OTHER,2022-11-21T23:21:00Z,Closed - Non-Criminal Case,44886.965277777781,44886.972222222219,1531 S St
OS22021,STALKING,2022-11-21T10:09:00Z,NA - Clery Report Only,44789.5,44820.5,Campus Tennis Courts
22003579,TRESPASSING,2022-11-21T04:10:00Z,Closed - Cleared by Arrest-Adult,44886.173611111109,NULL,1801 R St
22003577,TRESPASSING,2022-11-21T01:11:00Z,Closed - Non-Criminal Case,44886.049305555556,NULL,880 N 17th St
22003576,ALCOHOL - USING FALSE I.D.,2022-11-20T23:18:00Z,Closed - Cleared by Arrest-Adult,44885.970833333333,NULL,1248 R St
22003569,ALCOHOL - USING FALSE I.D.,2022-11-20T17:39:00Z,Closed - Cleared by Arrest-Adult,44885.73541666667,NULL,300 N 17th St
22003554,LARCENY - MOTOR VEH. ACCESSORIES,2022-11-19T22:15:00Z,Closed - Inactive,44882.729166666664,44884.895833333336,1600 Court St
22003550,ALCOHOL - USING FALSE I.D.,2022-11-19T17:18:00Z,Closed - Cleared by Arrest-Adult,44884.720833333333,NULL,300 N 17th St
22003549,ALCOHOL - MINOR IN POSSESSION,2022-11-19T16:04:00Z,Closed - Cleared by Arrest-Adult,44884.666666666664,NULL,433 N 19th St
22003533,TRAFFIC - SUSPENDED DRIVER,2022-11-19T00:28:00Z,Closed - Cleared by Arrest-Adult,44884.019444444442,NULL,Q ST & N 18TH ST
22003527,LARCENY - MOTOR VEH. ACCESSORIES,2022-11-18T18:28:00Z,Closed - Inactive,44883.625,44883.722222222219,933 N. 16th St
22003523,DISTURBANCE - OTHER,2022-11-18T16:33:00Z,Closed - Inactive,44861,44866,1901 Vine St
22003519,ALCOHOL - MINOR IN POSSESSION,2022-11-18T01:29:00Z,Closed - Inactive,44883.061805555553,NULL,1710 Arbor Drive
22003515,DISTURBANCE - OTHER,2022-11-17T22:34:00Z,Closed - Inactive,44882.94027777778,NULL,1400 R St
22003514,DISTURBANCE - OTHER,2022-11-17T21:51:00Z,Closed - Non-Criminal Case,44882.910416666666,NULL,880 N 17th Street
22003511,VANDALISM - OTHER,2022-11-17T19:39:00Z,Closed - Inactive,44875.75,44876.375,4000 East Campus Loop S
22003506,ALCOHOL - USING FALSE I.D.,2022-11-17T16:11:00Z,Closed - Cleared by Arrest-Adult,44882.674305555556,NULL,600 N 15th St
22003504,DISTURBANCE - OTHER,2022-11-17T16:06:00Z,Closed - Inactive,44882.67083333333,NULL,R ST & N 14TH ST
22003503,NARCOTICS - OTHER,2022-11-17T14:54:00Z,Closed - Non-Criminal Case,44882.620833333334,NULL,880 N 17th St
22003501,FIRE (WORKING) - ALARM,2022-11-17T14:51:00Z,Closed - Non-Criminal Case,44882.618750000001,NULL,1144 T St
22003500,DISTURBANCE - OTHER,2022-11-17T13:00:00Z,Closed - Inactive,44880.1,44880.194444444445,1122 F St #10
22003497,FRAUD - CON GAMES/DECEPTION/FALSE    PRETENSE/OTHER,2022-11-17T11:35:00Z,Closed - Inactive,44875.416666666664,44882.482638888891,300 N 17th St
22003496,NARCOTICS - OTHER,2022-11-17T09:44:00Z,Closed - Inactive,44882.314583333333,44882.327777777777,1801 R St
22003484,DISTURBANCE - OTHER,2022-11-16T16:05:00Z,Closed - Non-Criminal Case,44881.666666666664,44881.677083333336,1400 R St
22003483,LARCENY - STOLEN BIKE,2022-11-16T15:56:00Z,Closed - Inactive,44875.20416666667,NULL,433 N 19th St
22003487,DISTURBANCE - OTHER,2022-11-16T13:13:00Z,Closed - Non-Criminal Case,44875.333333333336,44875.770833333336,300 N 17th St
22003481,ALCOHOL - DRUNK,2022-11-16T12:55:00Z,Closed - Non-Criminal Case,44881.538194444445,NULL,1400 R St
22003471,OUTSIDE - O.P.S. OTHER,2022-11-15T17:09:00Z,Closed - Non-Criminal Case,44880.714583333334,NULL,300 N 17th St
22003466,OUTSIDE - O.P.S. OTHER,2022-11-15T10:12:00Z,Closed - Non-Criminal Case,44880.416666666664,NULL,3420 Leighton Ave
22003462,DISTURBANCE - OTHER,2022-11-14T21:43:00Z,Closed - Non-Criminal Case,44879.904861111114,44879.904861111114,1780 R St
22003460,LARCENY - FROM BUILDING,2022-11-14T18:46:00Z,Closed - Non-Criminal Case,44879.729166666664,44879.75,1100 T St
22003455,SEX OFFENSE - RAPE,2022-11-14T14:57:00Z,Closed - Inactive,44872.576388888891,44872.597222222219,1111 N 14th St
22003457,ALCOHOL - DRUNK,2022-11-14T14:53:00Z,Closed - Non-Criminal Case,44879.620138888888,NULL,1400 R St
22003456,DISTURBANCE - OTHER,2022-11-14T14:38:00Z,Closed - Inactive,44774,44879,1360 Vine St
22003454,DISTURBANCE - OTHER,2022-11-14T13:10:00Z,Closed - Non-Criminal Case,44871,44871.999305555553,1300 Q St
22003448,TRESPASSING,2022-11-13T20:47:00Z,Closed - Non-Criminal Case,44878.865972222222,NULL,1400 R St
22003440,VANDALISM - OTHER,2022-11-12T22:22:00Z,Closed - Cleared by Arrest-Juvenile,44877.931944444441,NULL,N 16TH ST & W ST
22003420,VANDALISM - OTHER,2022-11-11T10:11:00Z,Closed - Inactive,44875.62222222222,44875.99722222222,1111 N 14th St
22003417,TRESPASSING,2022-11-11T00:52:00Z,Closed - Non-Criminal Case,44876.036111111112,NULL,1300 R St
22003415,TRAFFIC - SUSPENDED DRIVER,2022-11-10T23:29:00Z,Closed - Cleared by Arrest-Adult,44875.978472222225,NULL,N 12TH ST & Q ST
22003416,ALCOHOL - MINOR IN POSSESSION,2022-11-10T23:15:00Z,Closed - Cleared by Arrest-Adult,44875.96875,NULL,1801 R St
22003407,LARCENY - MOTOR VEH. ACCESSORIES,2022-11-10T16:36:00Z,Closed - Inactive,44875.375,44875.416666666664,1875 N 42nd St
22003395,DISTURBANCE - OTHER,2022-11-10T10:56:00Z,Closed - Inactive,44875.453472222223,NULL,1400 R St
22003392,DISTURBANCE - OTHER,2022-11-10T10:10:00Z,Closed - Non-Criminal Case,44875.419444444444,NULL,3940 Fair St
22003387,LARCENY - STOLEN BIKE,2022-11-09T17:52:00Z,Closed - Inactive,44874.6875,44874.739583333336,2224 U St
22003386,ACCIDENTS - P.D. H&R NOT REPORTABLE,2022-11-09T15:05:00Z,Closed - Non-Criminal Case,44871.833333333336,44872.75,1111 N 14th St
22003377,NARCOTICS - OTHER,2022-11-08T20:57:00Z,Closed - Non-Criminal Case,44873.872916666667,NULL,1710 Arbor Dr
22003373,EXTORTION,2022-11-08T15:41:00Z,Closed - Inactive,44873,NULL,1120 N 14th St
22003366,TRESPASSING,2022-11-08T07:15:00Z,Closed - Cleared by Arrest-Adult,44873.302083333336,NULL,1801 R St
22003355,TRAFFIC - SUSPENDED DRIVER,2022-11-07T19:23:00Z,Closed - Cleared by Arrest-Adult,44872.807638888888,NULL,N 19TH ST & S ST
22003351,ACCIDENTS - P.D. H&R NOT REPORTABLE,2022-11-07T11:35:00Z,Closed - Inactive,44865.833333333336,44871.5,1801 R St
22003349,ACCIDENTS - P.D. H&R NOT REPORTABLE,2022-11-07T09:03:00Z,Closed - Non-Criminal Case,44870.625,44872.3125,4800 Holdrege St.
22003341,LARCENY - OTHER OR FROM OPEN AREA,2022-11-06T17:01:00Z,Closed - Inactive,44871.708333333336,NULL,3330 Starr St
22003320,TRAFFIC - SUSPENDED DRIVER,2022-11-05T15:04:00Z,Closed - Cleared by Arrest-Adult,44870.62777777778,NULL,STATE FAIR PARK DR & HWY 6
22003292,ACCIDENTS - P.D. H&R NOT REPORTABLE,2022-11-04T19:18:00Z,Closed - Inactive,44869.541666666664,44869.791666666664,625 Stadium Dr
22003286,DISTURBANCE - OTHER,2022-11-04T13:26:00Z,Closed - Inactive,NULL,NULL,600 N 15th St
22003280,FIRE (WORKING) - NO ALARM,2022-11-04T07:07:00Z,Closed - Non-Criminal Case,44869.296527777777,NULL,1055 N 16th St
22003279,BURGLARY,2022-11-04T06:40:00Z,Closed - Cleared by Arrest-Juvenile,44869.129861111112,NULL,900 N 16th St
22003293,VANDALISM - OTHER,2022-11-04T06:24:00Z,Closed - Inactive,NULL,NULL,900 N 16th St
22003277,TRESPASSING,2022-11-04T04:03:00Z,Closed - Cleared by Arrest-Adult,44869.168749999997,NULL,426 N 16th St
22003274,NARCOTICS - OVERDOSE,2022-11-04T01:01:00Z,Closed - Non-Criminal Case,44869.042361111111,NULL,1130 N 14th St
22003270,ALCOHOL - DWI,2022-11-03T23:40:00Z,Closed - Cleared by Arrest-Adult,44868.986111111109,NULL,1700 Q Street
22003261,NARCOTICS - OTHER,2022-11-03T16:06:00Z,Closed - Inactive,44868.541666666664,NULL,1801 R St
22003257,VANDALISM - OTHER,2022-11-03T13:05:00Z,Closed - Inactive,44868.541666666664,NULL,1410 Q St
22003243,ALCOHOL - USING FALSE I.D.,2022-11-03T01:52:00Z,Closed - Cleared by Arrest-Adult,44868.077777777777,NULL,1300 R St
22003221,BURGLARY,2022-11-02T06:30:00Z,Closed - Cleared by Arrest-Adult,44866.708333333336,44867.270833333336,844 N 16th St
22003224,LARCENY - FROM BUILDING,2022-11-02T06:30:00Z,Closed - Inactive,44866.708333333336,44867.270833333336,820 N 16th St
22003225,LARCENY - FROM BUILDING,2022-11-02T06:30:00Z,Closed - Inactive,44866.708333333336,44867.270833333336,844 N 16th St
22003217,SUSPICIOUS PERSON,2022-11-02T00:52:00Z,Closed - Non-Criminal Case,44867.036111111112,NULL,1111 N 14th St
22003216,DISTURBANCE - OTHER,2022-11-01T22:48:00Z,Closed - Cleared by Arrest-Juvenile,44866.95,NULL,1400 R St
22003209,VANDALISM - OTHER,2022-11-01T13:55:00Z,Closed - Inactive,44865.708333333336,44866.375,433 N 19th St
22003210,ACCIDENTS - P.D. H&R NOT REPORTABLE,2022-11-01T13:07:00Z,Closed - Cleared by Arrest-Adult,44846.932638888888,NULL,1801 R St
22003208,LARCENY - FROM BUILDING,2022-11-01T10:59:00Z,Closed - Cleared by Arrest-Adult,44861.6875,44862.333333333336,844 N 16th St
22003207,LARCENY - FROM BUILDING,2022-11-01T10:47:00Z,Closed - Cleared by Arrest-Adult,44858.6875,44866.416666666664,844 N 16th St
22003203,VANDALISM - OTHER,2022-10-31T22:46:00Z,Closed - Non-Criminal Case,44856.05,NULL,880 N 17th St
22003201,STALKING,2022-10-31T19:41:00Z,Closed - Non-Criminal Case,44865.354166666664,44865.520833333336,200 Centennial Mall N
22003195,LARCENY - FROM BUILDING,2022-10-31T14:42:00Z,Closed - Cleared by Arrest-Adult,44861.666666666664,44862.291666666664,844 N 16th St
22003194,LARCENY - FROM BUILDING,2022-10-31T14:41:00Z,Closed - Cleared by Arrest-Adult,44861.666666666664,44862.291666666664,844 N 16th St
22003193,LARCENY - FROM BUILDING,2022-10-31T14:11:00Z,Closed - Cleared by Arrest-Adult,44861.666666666664,44862.291666666664,844 N 16th St
22003192,LARCENY - FROM BUILDING,2022-10-31T13:50:00Z,Closed - Cleared by Arrest-Adult,44861.666666666664,44862.333333333336,880 N 16th St
22003190,LARCENY - FROM BUILDING,2022-10-31T13:43:00Z,Closed - Cleared by Arrest-Adult,44861.6875,44862.291666666664,844 N 16th St
22003187,SUSPICIOUS PERSON,2022-10-31T02:48:00Z,Closed - Inactive,44865.086805555555,44865.086805555555,NA
22003179,ACCIDENTS - P.D. H&R NOT REPORTABLE,2022-10-30T12:49:00Z,Closed - Cleared by Arrest-Adult,44863.5,44864.28125,1801 R St
22003175,VANDALISM - OTHER,2022-10-30T09:51:00Z,Closed - Inactive,44863.75,44864.375,400 University Terrace
22003176,SEX OFFENSE - OTHER,2022-10-30T06:00:00Z,Closed - Inactive,44864,44864.25,451 N 12th St
22003174,TRAFFIC - OTHER,2022-10-30T02:12:00Z,Closed - Cleared by Arrest-Adult,44864.091666666667,NULL,N 12TH ST & N ST
22003172,ALCOHOL - MINOR IN POSSESSION,2022-10-30T00:39:00Z,Closed - Cleared by Arrest-Adult,44864.027083333334,NULL,N 16TH ST & VINE ST
22003171,ACCIDENTS - P.D. H&R NOT REPORTABLE,2022-10-29T18:44:00Z,Closed - Inactive,44863.729166666664,44863.770833333336,1910 N Antelope Valley Pkwy
22003170,ACCIDENTS - P.D. H&R NOT REPORTABLE,2022-10-29T18:23:00Z,Closed - Inactive,44863.765972222223,NULL,1335 U St
22003158,ALCOHOL - DWI,2022-10-29T02:31:00Z,Closed - Cleared by Arrest-Adult,44863.104861111111,NULL,NA
22003156,ALCOHOL - MINOR IN POSSESSION,2022-10-29T01:36:00Z,Closed - Cleared by Arrest-Adult,44863.066666666666,NULL,700 N 17th Street
22003153,ALCOHOL - DWI,2022-10-29T00:16:00Z,Closed - Cleared by Arrest-Adult,44863.011111111111,NULL,N 22ND ST & VINE ST
22003150,LARCENY - STOLEN BIKE,2022-10-28T20:23:00Z,Closed - Inactive,44862.739583333336,44862.802083333336,1430 Vine St
22003149,ALCOHOL - USING FALSE I.D.,2022-10-28T18:25:00Z,Closed - Cleared by Arrest-Adult,44862.767361111109,NULL,300 N 17th St
22003147,BURGLARY,2022-10-28T12:15:00Z,Closed - Cleared by Arrest-Juvenile,44861.739583333336,44862.489583333336,900 N 16th St
22003146,ACCIDENTS - P.D. REPORTABLE,2022-10-28T11:49:00Z,Closed - Non-Criminal Case,44862.492361111108,NULL,330 North 10Th
22003142,LARCENY - FROM BUILDING,2022-10-28T07:26:00Z,Closed - Cleared by Arrest-Adult,44861.6875,44862.291666666664,844 N 16th St
22003143,LARCENY - FROM BUILDING,2022-10-28T07:26:00Z,Closed - Cleared by Arrest-Adult,44861.6875,44862.291666666664,844 N 16th St
22003139,ALCOHOL - DWI,2022-10-28T02:11:00Z,Closed - Cleared by Arrest-Adult,44862.09097222222,NULL,100 N 16th Street
22003138,ALCOHOL - MINOR IN POSSESSION,2022-10-28T01:38:00Z,Closed - Cleared by Arrest-Adult,44862.068055555559,NULL,N 16TH ST & VINE ST
22003137,ALCOHOL - MINOR IN POSSESSION,2022-10-28T00:01:00Z,Closed - Cleared by Arrest-Adult,44862.000694444447,NULL,R ST & N 17TH ST
22003119,NARCOTICS - POSSESSION,2022-10-27T23:31:00Z,Closed - Cleared by Arrest-Adult,44860.979861111111,NULL,N 16TH ST & VINE ST
22003136,ALCOHOL - DWI,2022-10-27T23:22:00Z,Closed - Cleared by Arrest-Adult,44861.973611111112,NULL,N 16TH ST & R ST
22003134,LARCENY - OTHER OR FROM OPEN AREA,2022-10-27T19:03:00Z,Closed - Inactive,44861.722222222219,NULL,1100 T St
22003130,VANDALISM - OTHER,2022-10-27T16:38:00Z,Closed - Inactive,44856.541666666664,44860.322916666664,1830 Vine St
22003128,ACCIDENTS - P.D. H&R NOT REPORTABLE,2022-10-27T13:38:00Z,Closed - Inactive,44847.416666666664,NULL,1700 N 34th St
22003127,BURGLARY,2022-10-27T11:37:00Z,Closed - Inactive,44856,44861.484027777777,844 N 16th St
22003123,TRESPASSING,2022-10-27T02:51:00Z,Closed - Cleared by Exception,44861.093055555553,NULL,600 N 15th St
22003122,TRESPASSING,2022-10-27T00:46:00Z,Closed - Cleared by Arrest-Adult,44861.031944444447,NULL,1104 R St
22003114,DISTURBANCE - OTHER,2022-10-26T21:18:00Z,Closed - Inactive,44860.887499999997,NULL,400 University Terrace
22003112,VANDALISM - OTHER,2022-10-26T17:00:00Z,Closed - Inactive,44845.333333333336,44853.708333333336,1360 Vine St
22003107,LARCENY - STOLEN BIKE,2022-10-26T11:26:00Z,Closed - Inactive,44859.708333333336,44860.476388888892,3340 Starr Apt 2
22003106,LARCENY - STOLEN BIKE,2022-10-26T10:28:00Z,Closed - Inactive,44856.583333333336,44860.436111111114,1055 N 16th St
22003105,NARCOTICS - POSSESSION,2022-10-26T10:03:00Z,Closed - Cleared by Arrest-Adult,44860.418749999997,NULL,1801 R St
22003098,DISTURBANCE - OTHER,2022-10-25T18:22:00Z,Closed - Non-Criminal Case,44859.765277777777,NULL,841 N 14th St
22003095,DISTURBANCE - OTHER,2022-10-25T14:17:00Z,Closed - Non-Criminal Case,44859.593055555553,NULL,1705 Arbor Dr
22003093,LARCENY - MOTOR VEH. ACCESSORIES,2022-10-25T12:59:00Z,Closed - Cleared by Arrest-Adult,44858.895833333336,44859.540972222225,1801 R St
22003089,AUTO THEFT,2022-10-25T09:25:00Z,Closed - Cleared by Arrest-Juvenile,44859.074305555558,NULL,3601 Apple St
22003087,VANDALISM - OTHER,2022-10-25T08:50:00Z,Closed - Unfounded,44857.875,44858.520833333336,1111 N 14th St
22003077,LARCENY - STOLEN BIKE,2022-10-24T12:44:00Z,Closed - Inactive,44858.527083333334,NULL,512 N 12th St
22003070,LARCENY - FROM BUILDING,2022-10-24T08:25:00Z,Closed - Cleared by Arrest-Adult,44855.625,44858.350694444445,844 N 16th St
22003068,VANDALISM - OTHER,2022-10-24T07:07:00Z,Closed - Inactive,44855.5,44858.296527777777,1901 Y St
22003055,ALCOHOL - DWI,2022-10-23T01:26:00Z,Closed - Cleared by Arrest-Adult,44857.05972222222,NULL,N ANTELOPE VALLEY PKWY & Q ST
22003053,OUTSIDE - O.P.S. OTHER,2022-10-23T00:11:00Z,Closed - Cleared by Arrest-Adult,44857.007638888892,NULL,1409 O Street
22003052,TRAFFIC - SUSPENDED DRIVER,2022-10-22T23:37:00Z,Closed - Cleared by Arrest-Adult,44856.984027777777,NULL,Q ST & N 14TH ST
22003043,NARCOTICS - POSSESSION,2022-10-22T23:01:00Z,Closed - Cleared by Arrest-Adult,44855.959027777775,NULL,N 16TH ST & S ST
22003048,ALCOHOL - MINOR IN POSSESSION,2022-10-22T02:29:00Z,Closed - Cleared by Arrest-Adult,44856.103472222225,NULL,800 N 16th Street
22003046,VANDALISM - OTHER,2022-10-22T01:19:00Z,Closed - Cleared by Arrest-Adult,44856.054861111108,NULL,433 N 19th St
22003045,ALCOHOL - MINOR IN POSSESSION,2022-10-22T00:39:00Z,Closed - Non-Criminal Case,44856.027083333334,NULL,880 N 17th St
22003044,ALCOHOL - MINOR IN POSSESSION,2022-10-21T22:48:00Z,Closed - Non-Criminal Case,44855.95,NULL,880 N 17th Street
22003039,ACCIDENTS - P.D. H&R NOT REPORTABLE,2022-10-21T22:39:00Z,Closed - Cleared by Arrest-Adult,44855.708333333336,44855.916666666664,1830 Vine St
22003033,ACCIDENTS - P.D. H&R NOT REPORTABLE,2022-10-21T15:31:00Z,Closed - Inactive,44852.768055555556,44854.560416666667,1801 R St
22003034,DISTURBANCE - OTHER,2022-10-21T14:51:00Z,Closed - Non-Criminal Case,NULL,NULL,300 N 17th St
22003031,LARCENY - STOLEN BIKE,2022-10-21T11:03:00Z,Closed - Inactive,44848.416666666664,44853.319444444445,820 N 17th St
22003030,ANIMAL - DOG BITE TO PERSON,2022-10-21T10:26:00Z,Closed - Non-Criminal Case,44855.43472222222,NULL,3855 Merrill Street
22003023,NARCOTICS - POSSESSION,2022-10-21T01:29:00Z,Closed - Cleared by Arrest-Adult,44855.061805555553,NULL,N 19TH ST & R ST
22003022,ALCOHOL - MINOR IN POSSESSION,2022-10-21T01:00:00Z,Closed - Cleared by Arrest-Adult,44855.041666666664,NULL,615 N 19th St
22003019,"CHILD ABUSE/NEG - UNATTENDED, OTHER",2022-10-20T19:18:00Z,Closed - Inactive,44854.804166666669,NULL,880 N 17th St
22003018,VANDALISM - OTHER,2022-10-20T18:30:00Z,Closed - Inactive,44854.768055555556,NULL,1855 N 35th St
22003016,LARCENY - FROM MOTOR VEHICLE,2022-10-20T17:01:00Z,Closed - Inactive,44854.688888888886,NULL,1505 S St
22003014,TRAFFIC - OTHER,2022-10-20T14:22:00Z,Closed - Inactive,44854.598611111112,NULL,N 14TH ST & VINE ST
22003012,LARCENY - STOLEN BIKE,2022-10-20T09:37:00Z,Closed - Inactive,44848.417361111111,44853.583333333336,820 N 17th St
22003003,LARCENY - STOLEN BIKE,2022-10-19T17:24:00Z,Closed - Inactive,44852.809027777781,NULL,1055 N 16th St
22003001,ALCOHOL - USING FALSE I.D.,2022-10-19T17:07:00Z,Closed - Cleared by Arrest-Adult,44853.713194444441,44853.713194444441,900 N 16th St
22003000,LARCENY - STOLEN BIKE,2022-10-19T16:01:00Z,Closed - Inactive,44848.520833333336,44853.354166666664,1120 N 14th St
22002998,LARCENY - STOLEN BIKE,2022-10-19T14:26:00Z,Closed - Inactive,44846.666666666664,44853.479166666664,1625 Arbor Dr
22002995,VANDALISM - OTHER,2022-10-19T13:03:00Z,Closed - Inactive,NULL,NULL,200 Centennial Mall N
22002991,DISTURBANCE - OTHER,2022-10-19T08:35:00Z,Closed - Non-Criminal Case,44850.723611111112,NULL,1400 R St
22002989,TRESPASSING,2022-10-18T22:46:00Z,Closed - Cleared by Arrest-Adult,44852.948611111111,NULL,1400 R St
22002976,ACCIDENTS - P.D. H&R NOT REPORTABLE,2022-10-17T17:29:00Z,Closed - Inactive,44851.375,44851.715277777781,3420 Holdrege St
22002975,LARCENY - FROM BUILDING,2022-10-17T11:21:00Z,Closed - Non-Criminal Case,44848.645833333336,44851.472916666666,402 Stadium Dr
22002982,DISTURBANCE - OTHER,2022-10-17T09:33:00Z,Closed - Inactive,44848.97152777778,44848.972222222219,1600 Court St
22002973,SEX OFFENSE - RAPE,2022-10-17T06:49:00Z,Closed - Inactive,44851.117361111108,44851.263194444444,1801 R St
22002970,ABANDONED BICYCLE,2022-10-17T01:01:00Z,Closed - Non-Criminal Case,44851.001388888886,NULL,820 N 17th St
22002969,LARCENY - OTHER OR FROM OPEN AREA,2022-10-16T20:41:00Z,Closed - Cleared by Arrest-Adult,44850.861805555556,NULL,300 N 17th St
22002964,ALCOHOL - DRUNK,2022-10-16T00:30:00Z,Closed - Non-Criminal Case,44850.020833333336,NULL,200 Centennial Mall N
22002963,TRESPASSING,2022-10-15T18:54:00Z,Closed - Non-Criminal Case,44849.787499999999,NULL,1900 N 42nd St
22002958,OUTSIDE - O.P.S. OTHER,2022-10-15T16:19:00Z,Closed - Inactive,44849.623611111114,NULL,300 North 17th
22002954,BURGLARY,2022-10-15T11:42:00Z,Closed - Non-Criminal Case,44848.583333333336,44849.333333333336,530 N 17th St
22002952,TELEPHONE - OTHER,2022-10-15T10:38:00Z,Closed - Inactive,44849.416666666664,NULL,1248 R St
22002949,TRESPASSING,2022-10-15T02:57:00Z,Closed - Inactive,44849.122916666667,NULL,480 N 16th St
22002948,ALCOHOL - DWI,2022-10-15T02:00:00Z,Closed - Cleared by Arrest-Adult,44849.083333333336,44849.083333333336,1209 R St
22002942,LARCENY - STOLEN BIKE,2022-10-14T14:18:00Z,Closed - Inactive,44820.333333333336,44848.416666666664,433 N 19th St
22002936,TRAFFIC - SUSPENDED DRIVER,2022-10-14T01:41:00Z,Closed - Cleared by Arrest-Adult,44848.070138888892,NULL,N 16TH ST & R ST
22002935,TRAFFIC - SUSPENDED DRIVER,2022-10-14T00:57:00Z,Closed - Cleared by Arrest-Adult,44848.039583333331,NULL,1400 P Street
22002934,ALCOHOL - MINOR IN POSSESSION,2022-10-14T00:09:00Z,Closed - Cleared by Arrest-Adult,44848.006249999999,NULL,820 N 17th Street
22002933,ALCOHOL - MINOR IN POSSESSION,2022-10-13T23:34:00Z,Closed - Cleared by Arrest-Adult,44847.981944444444,NULL,1120 N 14th St
22002930,ALCOHOL - MINOR IN POSSESSION,2022-10-13T23:03:00Z,Closed - Cleared by Arrest-Adult,44847.960416666669,NULL,433 N 19th St
22002924,LARCENY - STOLEN BIKE,2022-10-13T15:06:00Z,Closed - Cleared by Arrest-Adult,44846.118750000001,44846.40625,501 Stadium Dr
22002921,TRESPASSING,2022-10-13T09:27:00Z,Closed - Cleared by Arrest-Adult,44847.393750000003,NULL,1400 R St
22002919,ALCOHOL - USING FALSE I.D.,2022-10-13T05:10:00Z,Closed - Cleared by Arrest-Adult,44847.215277777781,NULL,730 N 14th Street
22002911,ACCIDENTS - INJURY,2022-10-12T16:09:00Z,Closed - Cleared by Arrest-Adult,44846.368055555555,NULL,1875 N 42nd St
22002903,NARCOTICS - POSSESSION,2022-10-11T22:32:00Z,Closed - Cleared by Arrest-Adult,44845.938888888886,NULL,1000 N 16th ST Boathouse North
22002897,ACCIDENTS - P.D. H&R NOT REPORTABLE,2022-10-11T13:56:00Z,Closed - Non-Criminal Case,44845.53125,44845.5625,1717 N 35th St
22002895,LARCENY - STOLEN BIKE,2022-10-11T10:58:00Z,Closed - Inactive,44844.802083333336,44845.388888888891,820 N 17th St
22002892,ALCOHOL - MINOR IN POSSESSION,2022-10-11T00:49:00Z,Closed - Inactive,44845.03402777778,NULL,880 N 17th St
22002887,TRESPASSING,2022-10-10T12:36:00Z,Closed - Cleared by Arrest-Adult,44844.525000000001,NULL,1248 R St
22002879,LARCENY - FROM MOTOR VEHICLE,2022-10-09T09:57:00Z,Closed - Inactive,44842.5,44843.40625,3601 Apple St
22002878,TRESPASSING,2022-10-09T09:53:00Z,Closed - Non-Criminal Case,44843.411805555559,NULL,600 N 15th St
22002877,ALCOHOL - DRUNK,2022-10-09T01:29:00Z,Closed - Non-Criminal Case,44843.061805555553,NULL,300 N 17th Street
22002876,ALCOHOL - MINOR IN POSSESSION,2022-10-09T01:14:00Z,Closed - Cleared by Arrest-Adult,44843.051388888889,NULL,880 N 17th St
22002866,LARCENY - OTHER OR FROM OPEN AREA,2022-10-08T15:21:00Z,Closed - Inactive,44842.451388888891,44842.637499999997,1100 T St
22002861,ALCOHOL - MINOR IN POSSESSION,2022-10-08T00:35:00Z,Closed - Cleared by Arrest-Adult,44842.024305555555,NULL,880 N 17th St
22002857,LARCENY - BAIT BIKE - UNL,2022-10-07T19:59:00Z,Closed - Cleared by Arrest-Adult,44841.832638888889,NULL,510 Stadium Dr
22002853,DISTURBANCE - OTHER,2022-10-07T12:39:00Z,Closed - Cleared by Arrest-Adult,44841.458333333336,NULL,1248 R St
22002835,DISTURBANCE - OTHER,2022-10-06T14:02:00Z,Closed - Cleared by Arrest-Adult,44840.584722222222,NULL,1400 R St
22002836,LARCENY - FROM BUILDING,2022-10-06T14:02:00Z,Closed - Cleared by Arrest-Adult,44840.584722222222,NULL,1400 R St
22002825,DISTURBANCE - OTHER,2022-10-05T23:12:00Z,Closed - Cleared by Arrest-Adult,44839.966666666667,NULL,1317 Q Street
22002818,LARCENY - FROM BUILDING,2022-10-05T15:43:00Z,Closed - Non-Criminal Case,44838.25,44838.260416666664,1100 T St
22002808,LARCENY - FROM BUILDING,2022-10-04T20:05:00Z,Closed - Non-Criminal Case,44838.145833333336,44838.291666666664,1710 Arbor Dr
22002802,LARCENY - OTHER OR FROM OPEN AREA,2022-10-04T12:33:00Z,Closed - Non-Criminal Case,44835.60833333333,NULL,N 18TH ST & KNOX ST
22002800,LARCENY - FROM BUILDING,2022-10-04T10:35:00Z,Closed - Inactive,44823.375,44835.708333333336,402 Stadium Dr
22002799,LARCENY - FROM BUILDING,2022-10-04T09:51:00Z,Closed - Inactive,44816.375,44827.708333333336,402 Stadium Dr
22002795,ACCIDENTS - P.D. H&R NOT REPORTABLE,2022-10-03T18:52:00Z,Closed - Inactive,44832.875,44833.333333333336,880 N 17th St
22002791,LARCENY - STOLEN BIKE,2022-10-03T16:24:00Z,Closed - Inactive,44837.552083333336,44837.666666666664,1104 R St
22002784,TRAFFIC - OTHER,2022-10-03T10:30:00Z,Closed - Inactive,44835.730555555558,NULL,N 14TH ST & Salt Creek RDWY
22002785,DISTURBANCE - OTHER,2022-10-03T10:29:00Z,Closed - Inactive,44836.563194444447,NULL,NA
22002783,LARCENY - MOTOR VEH. ACCESSORIES,2022-10-03T08:44:00Z,Closed - Inactive,44833.541666666664,44837.008333333331,1931 N Antelope Valley Pky
22002779,DISTURBANCE - OTHER,2022-10-02T17:55:00Z,Closed - Non-Criminal Case,44836.739583333336,NULL,3601 Apple St
22002778,VANDALISM - OTHER,2022-10-02T17:29:00Z,Closed - Inactive,44836.375,44836.708333333336,1505 S St
22002776,DISTURBANCE - DOMESTIC,2022-10-02T15:36:00Z,Closed - Non-Criminal Case,44836.642361111109,NULL,1150 N 14th St
22002777,VANDALISM - OTHER,2022-10-02T15:32:00Z,Closed - Inactive,44835.625,44836.458333333336,3601 Apple St
22002775,OUTSIDE CRIME - REPORTS OUTSIDE JURISDICTION,2022-10-02T14:53:00Z,Closed - Non-Criminal Case,NULL,NULL,300 N 17th St
22002773,ALCOHOL - MINOR IN POSSESSION,2022-10-02T03:44:00Z,Closed - Cleared by Arrest-Adult,44836.155555555553,NULL,1700 Vine St
22002771,VANDALISM - OTHER,2022-10-02T02:12:00Z,Closed - Non-Criminal Case,44835.940972222219,44836.056944444441,433 N 19th St
22002769,ALCOHOL - MINOR IN POSSESSION,2022-10-02T01:36:00Z,Closed - Cleared by Arrest-Adult,44836.066666666666,NULL,1120 N 14th St
22002759,LARCENY - OTHER OR FROM OPEN AREA,2022-10-01T21:14:00Z,Closed - Cleared by Arrest-Adult,44835.884722222225,NULL,1100 T St
22002757,ALCOHOL - MINOR IN POSSESSION,2022-10-01T18:01:00Z,Closed - Cleared by Arrest-Adult,44835.750694444447,NULL,1100 T St
22002780,VANDALISM - OTHER,2022-10-01T02:13:00Z,Closed - Cleared by Arrest-Adult,44844.940972222219,NULL,433 N 19th St
22002881,OUTSIDE - O.P.S. OTHER,2022-10-01T01:31:00Z,Closed - Non-Criminal Case,44835.009027777778,NULL,R ST & N 17TH ST
22002748,TRESPASSING,2022-10-01T00:06:00Z,Closed - Inactive,44835.004166666666,NULL,1705 Arbor Dr
22002743,LARCENY - OTHER OR FROM OPEN AREA,2022-09-30T20:12:00Z,Closed - Inactive,44834.53125,44834.833333333336,3340 Starr St
22002735,DISTURBANCE - OTHER,2022-09-30T16:07:00Z,Closed - Inactive,44834.333333333336,NULL,300 N 17th St
22002737,OUTSIDE - O.P.S. OTHER,2022-09-30T13:36:00Z,Closed - Non-Criminal Case,44834.566666666666,NULL,300 N 17th St
22002736,ANIMAL - DOG BITE TO PERSON,2022-09-30T13:24:00Z,Closed - Cleared by Exception,44834.558333333334,NULL,1144 T St
22002730,NARCOTICS - POSSESSION,2022-09-30T03:07:00Z,Closed - Cleared by Arrest-Adult,44834.129861111112,NULL,VINE ST & N 19TH ST
22002729,NARCOTICS - POSSESSION,2022-09-30T02:53:00Z,Closed - Cleared by Arrest-Adult,44834.120138888888,NULL,1600 Vine Street
22002732,TRAFFIC - OTHER,2022-09-30T01:34:00Z,Closed - Cleared by Arrest-Adult,44834.06527777778,NULL,N 18TH ST
22002717,ACCIDENTS - P.D. H&R NOT REPORTABLE,2022-09-29T16:38:00Z,Closed - Inactive,44833.645833333336,44833.6875,3310 Holdrege St
22002716,DISTURBANCE - OTHER,2022-09-29T16:35:00Z,Closed - Non-Criminal Case,44826.708333333336,44826.833333333336,512 N 12th St
22002715,SUSPICIOUS PERSON,2022-09-29T16:14:00Z,Closed - Inactive,44833.5,NULL,200 Centennial Mall North
22002707,OUTSIDE - O.P.S. OTHER,2022-09-29T09:42:00Z,Closed - Non-Criminal Case,44833.404166666667,NULL,1200 Boyd St
22002705,EXTORTION,2022-09-29T02:35:00Z,Closed - Inactive,44832.993055555555,NULL,733 N 17th St
22002697,LARCENY - STOLEN BIKE,2022-09-28T01:16:00Z,Closed - Cleared by Arrest-Adult,44832.052777777775,NULL,880 N 17th St
22002693,DISTURBANCE - OTHER,2022-09-27T22:48:00Z,Closed - Inactive,44831.908333333333,NULL,6140 Aylesworth Ave.
22002690,ACCIDENTS - P.D. H&R NOT REPORTABLE,2022-09-27T18:50:00Z,Closed - Inactive,44831.458333333336,44831.708333333336,1001 Y St
22002688,VANDALISM - OTHER,2022-09-27T14:43:00Z,Closed - Non-Criminal Case,44830.513888888891,NULL,3940 Fair St
22002683,DISTURBANCE - OTHER,2022-09-26T23:15:00Z,Closed - Non-Criminal Case,44830.96875,NULL,1433 W St
22002681,VANDALISM - OTHER,2022-09-26T22:12:00Z,Closed - Inactive,44815,44830.604166666664,300 N 17th St
22002678,LARCENY - OTHER OR FROM OPEN AREA,2022-09-26T18:02:00Z,Closed - Cleared by Arrest-Adult,44830.740972222222,NULL,1300 R St
22002677,ACCIDENTS - P.D. H&R NOT REPORTABLE,2022-09-26T17:49:00Z,Closed - Inactive,44830.587500000001,44830.701388888891,1400 R St
22002676,LARCENY - FROM BUILDING,2022-09-26T16:35:00Z,Closed - Cleared by Arrest-Adult,44830.677083333336,NULL,402 Stadium Dr
22002672,OUTSIDE CRIME - REPORTS OUTSIDE JURISDICTION,2022-09-26T12:41:00Z,Closed - Non-Criminal Case,44822.333333333336,44822.708333333336,NA
22002670,OUTSIDE CRIME - REPORTS OUTSIDE JURISDICTION,2022-09-26T09:17:00Z,Closed - Non-Criminal Case,44826.677083333336,44826.6875,NA
22002661,SUSPICIOUS PERSON,2022-09-25T21:02:00Z,Closed - Inactive,44829.834722222222,NULL,405 University Terrace
22002650,ALCOHOL - DWI,2022-09-25T03:41:00Z,Closed - Cleared by Arrest-Adult,44829.15347222222,NULL,1300 Q Street
22002653,TRAFFIC - SUSPENDED DRIVER,2022-09-25T02:52:00Z,Closed - Cleared by Arrest-Adult,44829.119444444441,NULL,N 16TH ST & U ST
22002651,ALCOHOL - DWI,2022-09-25T02:06:00Z,Closed - Cleared by Arrest-Adult,44829.087500000001,NULL,N 14TH ST
22002654,NARCOTICS - POSSESSION,2022-09-25T00:50:00Z,Closed - Cleared by Arrest-Adult,44829.034722222219,NULL,N 12TH ST & Q ST
22002646,OUTSIDE - O.P.S. OTHER,2022-09-25T00:11:00Z,Closed - Non-Criminal Case,44829.007638888892,NULL,1823 O Street
22002645,TRAFFIC - SUSPENDED DRIVER,2022-09-24T23:47:00Z,Closed - Cleared by Arrest-Adult,44828.990972222222,NULL,CENTENNIAL MALL & P ST
22002648,DISTURBANCE - OTHER,2022-09-24T23:15:00Z,Closed - Non-Criminal Case,44828.96875,NULL,733 N 17th St
22002632,ALCOHOL - MINOR IN POSSESSION,2022-09-24T03:26:00Z,Closed - Cleared by Arrest-Adult,44828.143055555556,NULL,1780 R St
22002631,ALCOHOL - UNL POLICY VIOLATION,2022-09-24T01:34:00Z,Closed - Inactive,44828.06527777778,NULL,1130 N 14th St
22002642,FALSE INFORMATION - GIVEN TO OFC.,2022-09-24T01:00:00Z,Closed - Cleared by Arrest-Adult,44828.041666666664,NULL,1545 R St
22002630,ALCOHOL - DWI,2022-09-24T00:11:00Z,Closed - Cleared by Arrest-Adult,44828.007638888892,NULL,200 N 12th Street
22002628,TRAFFIC - SUSPENDED DRIVER,2022-09-23T23:36:00Z,Closed - Cleared by Arrest-Adult,44827.98333333333,NULL,1600  P Street
22002620,LARCENY - STOLEN BIKE,2022-09-23T15:39:00Z,Closed - Inactive,44826.791666666664,44827.354166666664,880 N 17th St
22002616,VANDALISM - OTHER,2022-09-23T13:34:00Z,Closed - Non-Criminal Case,44824.708333333336,44826.541666666664,300 N 17th St
22002615,DISTURBANCE - OTHER,2022-09-23T13:21:00Z,Closed - Non-Criminal Case,44827.534722222219,NULL,1300 R St
22002611,LARCENY - STOLEN BIKE,2022-09-23T10:27:00Z,Closed - Inactive,44821.791666666664,44823.444444444445,503 N 14th St
22002607,ALCOHOL - DWI,2022-09-23T01:49:00Z,Closed - Cleared by Arrest-Adult,44827.075694444444,NULL,100 N 16th Street
22002605,TRAFFIC - SUSPENDED DRIVER,2022-09-22T22:24:00Z,Closed - Cleared by Arrest-Adult,44826.933333333334,NULL,N ANTELOPE VALLEY PKWY & S ST
22002597,TRESPASSING,2022-09-22T13:16:00Z,Closed - Non-Criminal Case,44826.552777777775,NULL,1505 S St
22002596,LARCENY - OTHER OR FROM OPEN AREA,2022-09-22T11:39:00Z,Closed - Inactive,44825.791666666664,44826.229166666664,480 N 16th St
22002592,LARCENY - FROM BUILDING,2022-09-21T22:12:00Z,Closed - Non-Criminal Case,44825.833333333336,44825.895833333336,530 N 17th St
22002589,TRESPASSING,2022-09-21T21:59:00Z,Closed - Inactive,44825.915972222225,NULL,1055 N 16th St
22002587,VANDALISM - OTHER,2022-09-21T20:57:00Z,Closed - Inactive,NULL,NULL,1710 Arbor Dr
22002583,EXTORTION,2022-09-21T17:59:00Z,Closed - Cleared by Exception,44825.749305555553,NULL,841 N 14th St
22002579,TRAFFIC - SUSPENDED DRIVER,2022-09-21T12:23:00Z,Closed - Cleared by Arrest-Adult,44825.515972222223,NULL,Q ST & CENTENNIAL MALL
22002568,OUTSIDE - O.P.S. OTHER,2022-09-21T02:04:00Z,Closed - Non-Criminal Case,NULL,NULL,N 22ND ST & Y ST
22002567,LARCENY - MOTOR VEH. ACCESSORIES,2022-09-20T22:36:00Z,Closed - Inactive,44824.416666666664,44824.708333333336,1600 Court St
22002563,DISTURBANCE - OTHER,2022-09-20T19:00:00Z,Closed - Non-Criminal Case,44813.625,44824.791666666664,VINE ST & N 27TH ST
22002564,ACCIDENTS - P.D. H&R NOT REPORTABLE,2022-09-20T18:53:00Z,Closed - Non-Criminal Case,44824.625,44824.708333333336,550 N 19th St
22002561,DISTURBANCE - OTHER,2022-09-20T16:03:00Z,Closed - Non-Criminal Case,NULL,NULL,NA
22002560,OUTSIDE - O.P.S. OTHER,2022-09-20T15:45:00Z,Closed - Non-Criminal Case,44822.5,44823.75,9606 N 204th St
22002552,LARCENY - FROM MOTOR VEHICLE,2022-09-20T12:43:00Z,Closed - Inactive,44821.333333333336,44824.515972222223,1830 Vine St
22002555,VANDALISM - OTHER,2022-09-20T04:41:00Z,Closed - Cleared by Arrest-Adult,NULL,NULL,433 N 19th St
22002549,NARCOTICS - POSSESSION,2022-09-19T22:24:00Z,Closed - Cleared by Arrest-Adult,44823.933333333334,NULL,1220 N 14th St
22002531,LARCENY - STOLEN BIKE,2022-09-18T20:09:00Z,Closed - Inactive,44821.541666666664,44822.666666666664,433 N 19th St
22002525,VANDALISM - OTHER,2022-09-18T10:05:00Z,Closed - Inactive,44820.916666666664,44822.420138888891,1830 Vine St
22002523,ALCOHOL - DWI,2022-09-18T02:28:00Z,Closed - Cleared by Arrest-Adult,44822.102777777778,NULL,R ST & N 14TH ST
22002521,ALCOHOL - MINOR IN POSSESSION,2022-09-18T00:29:00Z,Closed - Non-Criminal Case,44822.020138888889,NULL,880 N 17th St
22002505,TRAFFIC - SUSPENDED DRIVER,2022-09-17T23:14:00Z,Closed - Cleared by Arrest-Adult,44820.968055555553,NULL,NA
22002514,ASSAULT - NON DOMESTIC,2022-09-17T07:51:00Z,Closed - Cleared by Arrest-Adult,44821.32708333333,NULL,1000 N 16th St
22002507,ACCIDENTS - P.D. H&R NOT REPORTABLE,2022-09-17T01:53:00Z,Closed - Cleared by Arrest-Adult,44820.875,44820.885416666664,1130 N 14th St
22002506,ALCOHOL - DRUNK,2022-09-17T01:13:00Z,Closed - Non-Criminal Case,44821.050694444442,NULL,N 14TH ST & P ST
22002508,SUSPICIOUS PERSON,2022-09-16T22:00:00Z,Closed - Non-Criminal Case,44819.229166666664,44819.236111111109,405 University Terrace
22002498,LARCENY - STOLEN BIKE,2022-09-16T15:02:00Z,Closed - Inactive,44819.65625,44820.520833333336,1055 N 16th St
22002496,EXTORTION,2022-09-16T13:15:00Z,Closed - Inactive,44820.5,44820.552083333336,880 N 17th St
22002489,OUTSIDE - O.P.S. OTHER,2022-09-15T21:58:00Z,Closed - Non-Criminal Case,44652.333333333336,44819.915277777778,300 N 17th St
22002488,ALCOHOL - USING FALSE I.D.,2022-09-15T21:44:00Z,Closed - Cleared by Arrest-Adult,44819.905555555553,NULL,300 N 16th Street
22002486,LARCENY - STOLEN BIKE,2022-09-15T18:33:00Z,Closed - Non-Criminal Case,44816.635416666664,44817.333333333336,433 N 19th St
22002473,OUTSIDE - O.P.S. OTHER,2022-09-15T02:47:00Z,Closed - Inactive,44819.115972222222,NULL,NA
22002470,ALCOHOL - USING FALSE I.D.,2022-09-14T22:19:00Z,Closed - Cleared by Arrest-Adult,44818.929861111108,NULL,855 N 16th St
22002460,OUTSIDE - O.P.S. OTHER,2022-09-14T10:59:00Z,Closed - Non-Criminal Case,44799.5,44802.75,855 N 16th St
22002459,EXTORTION,2022-09-14T10:38:00Z,Closed - Inactive,44818.395833333336,44818.4375,635 N 16th St
22002456,LITTERING,2022-09-14T00:01:00Z,Closed - Cleared by Arrest-Adult,44818.000694444447,NULL,1400 R St
22002453,ALCOHOL - USING FALSE I.D.,2022-09-13T20:57:00Z,Closed - Cleared by Arrest-Adult,44817.872916666667,NULL,1400 R St
22002436,VANDALISM - OTHER,2022-09-12T16:10:00Z,Closed - Cleared by Arrest-Adult,44813,44816.625,1220 N 14th St
22002435,VANDALISM - OTHER,2022-09-12T13:40:00Z,Closed - Cleared by Arrest-Adult,44813.066666666666,NULL,1300 R St
22002432,SUSPICIOUS PERSON,2022-09-12T03:44:00Z,Closed - Non-Criminal Case,44816.155555555553,NULL,300 N 17th St
22002428,LARCENY - OTHER OR FROM OPEN AREA,2022-09-12T02:38:00Z,Closed - Cleared by Arrest-Adult,44816.109722222223,NULL,1300 R St
22002419,LARCENY - FROM MOTOR VEHICLE,2022-09-11T12:24:00Z,Closed - Inactive,44812.854166666664,44815.375,1111 N 14th St
22002418,ACCIDENTS - P.D. H&R NOT REPORTABLE,2022-09-11T11:07:00Z,Closed - Inactive,44814.625,44814.875,1111 N 14th St
22002417,ALCOHOL - DWI,2022-09-11T00:59:00Z,Closed - Cleared by Arrest-Adult,44815.040972222225,NULL,N 9TH ST
22002416,ALCOHOL - DRUNK,2022-09-10T20:02:00Z,Closed - Non-Criminal Case,44814.834722222222,NULL,1100 T St
22002408,TRAFFIC - OTHER,2022-09-10T03:43:00Z,Closed - Cleared by Arrest-Adult,44814.154861111114,NULL,1000 N 16th
22002407,VANDALISM - BY GRAFFITI,2022-09-10T03:06:00Z,Closed - Cleared by Arrest-Adult,44814.101388888892,44814.129166666666,1700 Vine St.
22002406,ALCOHOL - DWI,2022-09-10T02:24:00Z,Closed - Cleared by Arrest-Adult,44814.1,NULL,N ANTELOPE VALLEY PKWY & P ST
22002404,ALCOHOL - LIQUOR LICENSE VIOLATION,2022-09-10T00:30:00Z,Closed - Cleared by Arrest-Adult,44814.020833333336,NULL,1621 O Street
22002403,TRESPASSING,2022-09-10T00:21:00Z,Closed - Cleared by Arrest-Adult,44814.01458333333,NULL,625 N 16th St
22002402,ALCOHOL - MINOR IN POSSESSION,2022-09-09T23:23:00Z,Closed - Cleared by Arrest-Adult,44813.974305555559,NULL,300 N 16th Street
22002398,VANDALISM - OTHER,2022-09-09T21:29:00Z,Closed - Cleared by Arrest-Adult,44813.833333333336,44814.875,1120 N 14th St
22002389,LARCENY - BAIT BIKE - UNL,2022-09-09T05:12:00Z,Closed - Cleared by Arrest-Adult,44813.216666666667,NULL,1055 N 16th St
22002387,NARCOTICS - POSSESSION,2022-09-09T01:27:00Z,Closed - Cleared by Arrest-Adult,44813.060416666667,NULL,N 16TH ST & S ST
22002386,ALCOHOL - UNL POLICY VIOLATION,2022-09-09T00:29:00Z,Closed - Inactive,44813.020138888889,NULL,615 N 19th St
22002385,OUTSIDE - O.P.S. OTHER,2022-09-08T23:47:00Z,Closed - Cleared by Arrest-Adult,44812.990972222222,NULL,100 N 17th Street
22002383,TRAFFIC - SUSPENDED DRIVER,2022-09-08T23:29:00Z,Closed - Cleared by Arrest-Adult,44812.978472222225,NULL,N 13TH ST
22002382,ALCOHOL - LIQUOR LICENSE VIOLATION,2022-09-08T22:47:00Z,Closed - Cleared by Arrest-Adult,44812.949305555558,NULL,1640 O Street
22002380,DISTURBANCE - OTHER,2022-09-08T18:38:00Z,Closed - Non-Criminal Case,44812.708333333336,44812.75,1433 W St
22002378,ACCIDENTS - P.D. H&R NOT REPORTABLE,2022-09-08T13:14:00Z,Closed - Inactive,44805.583333333336,44812.541666666664,300 N 17th St
22002368,NARCOTICS - POSSESSION,2022-09-07T17:45:00Z,Closed - Cleared by Arrest-Adult,44811.739583333336,NULL,Y ST & N 21ST ST
22002366,LARCENY - STOLEN BIKE,2022-09-07T15:49:00Z,Closed - Inactive,44810.96875,44811.420138888891,1055 N 16th St
22002365,ACCIDENTS - P.D. H&R NOT REPORTABLE,2022-09-07T12:14:00Z,Closed - Inactive,44810.25,44810.291666666664,1700 N 34th St
22002362,LARCENY - STOLEN BIKE,2022-09-07T09:40:00Z,Closed - Cleared by Arrest-Adult,44810.604166666664,44811.402777777781,1055 N 16th St
22002359,TRESPASSING,2022-09-07T05:53:00Z,Closed - Inactive,44811.237500000003,NULL,1600 Court St
22002352,LARCENY - STOLEN BIKE,2022-09-06T17:19:00Z,Closed - Cleared by Arrest-Adult,44806.520833333336,44810.395833333336,820 N 17th St
22002351,LARCENY - STOLEN BIKE,2022-09-06T16:15:00Z,Closed - Inactive,44810.583333333336,44810.625,1300 R St
22002349,LARCENY - OTHER OR FROM OPEN AREA,2022-09-06T11:35:00Z,Closed - Inactive,44806.5,44810.423611111109,1801 R St
22002344,LARCENY - STOLEN BIKE,2022-09-05T14:25:00Z,Closed - Cleared by Arrest-Adult,44809.318749999999,NULL,1130 N 14th St
22002341,ALCOHOL - MINOR IN POSSESSION,2022-09-05T01:59:00Z,Closed - Non-Criminal Case,44809.082638888889,NULL,1120 N 14th St
22002337,ACCIDENTS - P.D. H&R NOT REPORTABLE,2022-09-04T15:43:00Z,Closed - Cleared by Arrest-Adult,44787,44805,1830 Vine St
22002335,FIRE (WORKING) - NO ALARM,2022-09-04T12:16:00Z,Closed - Non-Criminal Case,44808.511111111111,NULL,1350 Vine St
22002333,TRESPASSING,2022-09-04T02:57:00Z,Closed - Cleared by Arrest-Adult,44808.122916666667,NULL,1700 Vine St
22002330,ALCOHOL - UNL POLICY VIOLATION,2022-09-03T22:24:00Z,Closed - Inactive,44807.933333333334,NULL,733 N 17th St
22002327,LARCENY - STOLEN BIKE,2022-09-03T18:21:00Z,Closed - Inactive,44807.333333333336,44807.708333333336,1625 Arbor Dr
22002320,ALCOHOL - DWI,2022-09-03T00:43:00Z,Closed - Cleared by Arrest-Adult,44807.029861111114,NULL,1600 P Street
22002313,DISTURBANCE - OTHER,2022-09-02T19:56:00Z,Closed - Inactive,44806.583333333336,44806.729166666664,660 N 12th St
22002310,VANDALISM - OTHER,2022-09-02T13:16:00Z,Closed - Cleared by Arrest-Adult,44806.069444444445,NULL,1300 R St
22002308,STALKING,2022-09-02T11:51:00Z,Closed - Inactive,NULL,NULL,1150 N 14th St
22002301,SEX OFFENSE - OTHER,2022-09-02T01:34:00Z,Closed - Inactive,44806.041666666664,44806.0625,NA
22002293,LARCENY - OTHER OR FROM OPEN AREA,2022-09-01T19:40:00Z,Closed - Inactive,44805.770833333336,44805.78125,433 V St
22002294,LARCENY - OTHER OR FROM OPEN AREA,2022-09-01T19:40:00Z,Closed - Inactive,44805.770833333336,44805.78125,433 V St
22002295,LARCENY - OTHER OR FROM OPEN AREA,2022-09-01T19:40:00Z,Closed - Inactive,44805.770833333336,44805.78125,433 V St
22002286,STALKING,2022-09-01T10:25:00Z,Closed - Inactive,44804.604166666664,44804.621527777781,1329 R St lot 26
22002272,DISTURBANCE - OTHER,2022-08-31T15:00:00Z,Closed - Inactive,44804.625,NULL,630 N 14th St
OS22020,STALKING,2022-08-31T13:42:00Z,NA - Clery Report Only,NULL,NULL,On campus
22002270,ASSAULT - NON DOMESTIC,2022-08-31T12:54:00Z,Closed - Inactive,44804.46875,44804.479166666664,N 14TH ST & R ST
22002265,AUTO THEFT,2022-08-31T10:04:00Z,Closed - Inactive,44804.020833333336,44804.222222222219,3455 Holdrege St.
22002257,DISTURBANCE - OTHER,2022-08-30T18:42:00Z,Closed - Non-Criminal Case,44801.527083333334,44801.53125,1055 N 16th St S118
22002254,ACCIDENTS - P.D. H&R NOT REPORTABLE,2022-08-30T16:44:00Z,Closed - Inactive,44798.284722222219,44798.5625,745 N 14th St
22002253,ACCIDENTS - P.D. H&R NOT REPORTABLE,2022-08-30T15:57:00Z,Closed - Non-Criminal Case,44803.512499999997,NULL,625 Stadium Dr
22002236,FRAUD - CON GAMES/DECEPTION/FALSE    PRETENSE/OTHER,2022-08-29T12:15:00Z,Closed - Inactive,44792.583333333336,44802.416666666664,NA
22002232,ACCIDENTS - P.D. H&R NOT REPORTABLE,2022-08-29T12:11:00Z,Closed - Cleared by Arrest-Adult,44794.755555555559,44794.765277777777,1111 N 14th St
22002235,DISTURBANCE - OTHER,2022-08-29T10:24:00Z,Closed - Non-Criminal Case,44802.433333333334,NULL,N 17TH ST & R ST
OS22019,STALKING,2022-08-29T08:22:00Z,NA - Clery Report Only,44652.5,44799.5,On campus
22002226,ACCIDENTS - P.D. H&R NOT REPORTABLE,2022-08-28T18:16:00Z,Closed - Inactive,44798.666666666664,44799.625,1220 N 14th St
22002212,ACCIDENTS - P.D. H&R NOT REPORTABLE,2022-08-27T14:32:00Z,Closed - Inactive,44798.604166666664,44799.729166666664,1801 R St
22002209,LARCENY - MOTOR VEH. ACCESSORIES,2022-08-27T06:45:00Z,Closed - Cleared by Arrest-Adult,44800.28125,NULL,1220 North 14th Street
22002208,ALCOHOL - DWI,2022-08-27T02:12:00Z,Closed - Cleared by Arrest-Adult,44800.091666666667,NULL,Q ST & N 16TH ST
22002207,ALCOHOL - MINOR IN POSSESSION,2022-08-27T01:44:00Z,Closed - Non-Criminal Case,44800.072222222225,NULL,440 N 17th St
22002206,ALCOHOL - MINOR IN POSSESSION,2022-08-27T00:21:00Z,Closed - Non-Criminal Case,44800.01458333333,NULL,1780 R St
22002197,ACCIDENTS - P.D. H&R NOT REPORTABLE,2022-08-26T15:13:00Z,Closed - Cleared by Arrest-Adult,44799.614583333336,44799.625,1875 N 42nd St
22002194,ACCIDENTS - P.D. H&R NOT REPORTABLE,2022-08-26T13:19:00Z,Closed - Inactive,44797.541666666664,44798.625,615 N 19th St
22002190,DISTURBANCE - OTHER,2022-08-26T10:32:00Z,Closed - Inactive,44799.364583333336,44799.375,512 N 12th St
22002171,ALCOHOL - MINOR IN POSSESSION,2022-08-25T23:33:00Z,Closed - Non-Criminal Case,44798.981249999997,NULL,880 N 17th St
22002187,ALCOHOL - MINOR IN POSSESSION,2022-08-25T23:30:00Z,Closed - Non-Criminal Case,44798.979166666664,NULL,433 N 19th St
22002181,ACCIDENTS - P.D. H&R NOT REPORTABLE,2022-08-25T17:17:00Z,Closed - Inactive,44794.333333333336,44798.708333333336,1801 R St
22002179,DISTURBANCE - OTHER,2022-08-25T15:13:00Z,Closed - Inactive,44798.634027777778,NULL,1400 R St
22002177,MISSING PERSON - ADULT,2022-08-25T12:35:00Z,Closed - Non-Criminal Case,44798.511805555558,NULL,1140 N 14th St
22002172,ALCOHOL - MINOR IN POSSESSION,2022-08-25T02:42:00Z,Closed - Non-Criminal Case,44798.112500000003,NULL,1710 Arbor Dr
22002168,LARCENY - OTHER OR FROM OPEN AREA,2022-08-24T17:06:00Z,Closed - Inactive,44795.541666666664,44795.625,402 Stadium Dr
22002167,LARCENY - FROM BUILDING,2022-08-24T16:56:00Z,Closed - Inactive,44795.555555555555,44795.590277777781,402 Stadium Dr
22002163,OUTSIDE - O.P.S. OTHER,2022-08-24T13:13:00Z,Closed - Non-Criminal Case,44793,44797.550694444442,1341 N 9th Street
22002161,DISTURBANCE - OTHER,2022-08-24T12:38:00Z,Closed - Inactive,NULL,NULL,300 N 17th St
22002152,LARCENY - OTHER OR FROM OPEN AREA,2022-08-23T20:17:00Z,Closed - Inactive,44789.916666666664,NULL,300 N 17th St
22002140,LARCENY - FROM BUILDING,2022-08-22T19:22:00Z,Closed - Inactive,44795.354166666664,44795.5625,1100 T St
22002136,LARCENY - FROM BUILDING,2022-08-22T16:02:00Z,Closed - Inactive,44795.489583333336,44795.65625,402 Stadium Dr
22002135,LARCENY - FROM BUILDING,2022-08-22T15:13:00Z,Closed - Inactive,44795.5625,44795.583333333336,402 Stadium Dr
22002134,ACCIDENTS - P.D. H&R NOT REPORTABLE,2022-08-22T14:47:00Z,Closed - Cleared by Arrest-Adult,44795.55972222222,NULL,N 14TH ST & U ST
22002147,ROBBERY,2022-08-22T10:38:00Z,Closed - Inactive,44792.47152777778,44793.087500000001,1801 R St
22002120,ACCIDENTS - P.D. H&R NOT REPORTABLE,2022-08-21T13:07:00Z,Closed - Inactive,44790,44794,1801 R St
22002121,TRESPASSING,2022-08-21T12:48:00Z,Closed - Non-Criminal Case,44794.533333333333,NULL,2400 N Antelope Valley Pky
22002113,DISTURBANCE - OTHER,2022-08-20T16:05:00Z,Closed - Inactive,44793.670138888891,NULL,616 N 16th St
22002112,DISTURBANCE - OTHER,2022-08-20T14:35:00Z,Closed - Non-Criminal Case,44793.59375,44793.607638888891,400 University Terrace
22002108,ASSAULT - NON DOMESTIC,2022-08-20T04:13:00Z,Closed - Inactive,44793.125,44793.131944444445,NA
22002107,SEX OFFENSE - RAPE,2022-08-20T02:06:00Z,Closed - Cleared by Arrest-Adult,44792.47152777778,44793.087500000001,1801 R St
22002106,ALCOHOL - DRUNK,2022-08-20T01:28:00Z,Closed - Cleared by Arrest-Adult,44793.061111111114,NULL,100 N 16th Street
22002098,ACCIDENTS - P.D. H&R NOT REPORTABLE,2022-08-19T14:43:00Z,Closed - Non-Criminal Case,44790.708333333336,44792.447916666664,615 N 19th St
22002091,NARCOTICS - POSSESSION,2022-08-18T23:10:00Z,Closed - Cleared by Arrest-Adult,44791.965277777781,NULL,880 N 17th St
22002090,FIRE - FALSE ALARM,2022-08-18T21:30:00Z,Closed - Inactive,44791.895833333336,NULL,1433 R St
22002089,ACCIDENTS - P.D. H&R NOT REPORTABLE,2022-08-18T14:45:00Z,Closed - Inactive,44791.458333333336,44791.604166666664,1150 N 14th St
22002070,LARCENY - FROM BUILDING,2022-08-16T13:34:00Z,Closed - Inactive,NULL,NULL,1400 R St
22002066,"HAZARDS - NON-TRAFFIC (WIRES,TREES,ETC)",2022-08-16T10:34:00Z,Closed - Non-Criminal Case,44789.44027777778,NULL,820 N 16th St
22002069,DISTURBANCE - OTHER,2022-08-16T09:06:00Z,Closed - Non-Criminal Case,44788.458333333336,44788.541666666664,1400 R St
22002061,VANDALISM - OTHER,2022-08-15T11:19:00Z,Closed - Cleared by Arrest-Adult,44786,NULL,1780 R St
22002055,SUSPICIOUS PERSON,2022-08-14T22:57:00Z,Closed - Non-Criminal Case,44787.956250000003,NULL,440 N 17th St
22002053,LARCENY - STOLEN BIKE,2022-08-14T16:15:00Z,Closed - Cleared by Arrest-Adult,44787.162499999999,NULL,1120 N 14th St
22002048,OUTSIDE - O.P.S. OTHER,2022-08-14T09:10:00Z,Closed - Non-Criminal Case,44787.380555555559,NULL,Q ST & N 12TH ST
22002045,SUSPICIOUS PERSON,2022-08-14T04:08:00Z,Closed - Cleared by Arrest-Adult,44787.172222222223,NULL,820 N 17th St
22002044,LARCENY - FROM BUILDING,2022-08-13T19:48:00Z,Closed - Non-Criminal Case,44783.666666666664,44783.833333333336,841 N 14th St
22002042,OUTSIDE - O.P.S. OTHER,2022-08-13T14:13:00Z,Closed - Non-Criminal Case,NULL,NULL,300 N 17th St
22002038,LARCENY - MOTOR VEH. ACCESSORIES,2022-08-13T08:08:00Z,Closed - Inactive,44781.291666666664,44785.333333333336,451 N 12th St
22002036,ALCOHOL - DWI,2022-08-13T02:28:00Z,Closed - Cleared by Arrest-Adult,44786.102777777778,NULL,100 N 14th Street
22002034,ALCOHOL - DWI,2022-08-12T23:08:00Z,Closed - Cleared by Arrest-Adult,44785.963888888888,NULL,1336 Q Street
22002030,DISTURBANCE - OTHER,2022-08-12T16:24:00Z,Closed - Inactive,44784.004861111112,NULL,1780 R St
22002029,DISTURBANCE - OTHER,2022-08-12T12:32:00Z,Closed - Non-Criminal Case,44783.758333333331,NULL,NA
OS22018,SEX OFFENSE - RAPE,2022-08-12T10:39:00Z,NA - Clery Report Only,NULL,NULL,On-campus Student Housing - Abel Hall
OS22017,SEX OFFENSE - RAPE,2022-08-12T10:29:00Z,NA - Clery Report Only,44454.5,44608.5,On-campus - Devaney Sports Complex
OS22016,SEX OFFENSE - RAPE,2022-08-12T10:20:00Z,NA - Clery Report Only,44571.5,44592.5,On-campus Student Housing - Courtyards
22002131,DISTURBANCE - OTHER,2022-08-12T09:58:00Z,Closed - Non-Criminal Case,44779.670138888891,NULL,730 N 14th St
22002017,TRAFFIC - SUSPENDED DRIVER,2022-08-10T07:15:00Z,Closed - Cleared by Arrest-Adult,44783.302083333336,NULL,ANTELOPE VALLEY PARKWAY & N 17TH ST
OS22015,STALKING,2022-08-08T08:22:00Z,NA - Clery Report Only,44392.5,44696.5,On campus
22002004,ALCOHOL - MINOR IN POSSESSION,2022-08-07T01:14:00Z,Closed - Cleared by Arrest-Adult,44780.051388888889,NULL,100 N 16th Street
22002002,DISTURBANCE - OTHER,2022-08-06T14:24:00Z,Closed - Inactive,44778.833333333336,44779.875,NA
22002001,ALCOHOL - DWI,2022-08-06T01:32:00Z,Closed - Cleared by Arrest-Adult,44779.063888888886,NULL,200 N 16th Street
OS22014,STALKING,2022-08-04T11:05:00Z,NA - Clery Report Only,44531.5,44561.5,On campus
22001989,DISTURBANCE - OTHER,2022-08-04T03:32:00Z,Closed - Non-Criminal Case,44777.147222222222,NULL,1400 R St
22001987,TRESPASSING,2022-08-03T20:26:00Z,Closed - Inactive,44776.851388888892,NULL,900 N 16th St
22001972,VANDALISM - OTHER,2022-08-01T09:34:00Z,Closed - Inactive,44771.708333333336,44773.645833333336,1525 U St
22001971,TRAFFIC - SUSPENDED DRIVER,2022-07-31T20:13:00Z,Closed - Cleared by Arrest-Adult,44773.842361111114,NULL,N 16TH ST & U ST
22001970,ALCOHOL - DWI,2022-07-31T02:50:00Z,Closed - Cleared by Arrest-Adult,44773.118055555555,NULL,INTR I-180 & N 10TH ST
22001969,NARCOTICS - POSSESSION,2022-07-31T02:01:00Z,Closed - Cleared by Arrest-Adult,44773.084027777775,NULL,100 S 16th Street
22001968,ALCOHOL - DRUNK,2022-07-31T01:49:00Z,Closed - Non-Criminal Case,44773.075694444444,NULL,N 18TH ST & R ST
22001967,DISTURBANCE - OTHER,2022-07-31T01:00:00Z,Closed - Cleared by Arrest-Adult,44773.041666666664,NULL,200 Centennial Mall N
22001966,LITTERING,2022-07-31T00:58:00Z,Closed - Cleared by Arrest-Adult,44773.040277777778,NULL,CENTENNIAL MALL & P ST
22001964,VANDALISM - OTHER,2022-07-30T18:06:00Z,Closed - Inactive,NULL,NULL,501 N 14th St
22001993,TRAFFIC - OTHER,2022-07-30T02:31:00Z,Closed - Inactive,44772.104861111111,NULL,N 16TH ST
22001961,OUTSIDE - O.P.S. OTHER,2022-07-29T23:47:00Z,Closed - Non-Criminal Case,44771.990972222222,NULL,1300 O Street
22001959,ACCIDENTS - P.D. H&R NOT REPORTABLE,2022-07-29T19:10:00Z,Closed - Inactive,44771.458333333336,44771.6875,933 N 16th St
22001954,ACCIDENTS - P.D. H&R NOT REPORTABLE,2022-07-29T09:37:00Z,Closed - Cleared by Arrest-Adult,NULL,NULL,1880 Transformation Dr
22001956,BURGLARY,2022-07-29T09:37:00Z,Closed - Cleared by Arrest-Adult,NULL,NULL,1880 Transformation Dr
22001950,NARCOTICS - POSSESSION,2022-07-29T00:13:00Z,Closed - Cleared by Arrest-Adult,44771.009027777778,NULL,VINE ST & N ANTELOPE VALLEY PKWY
22001949,DISTURBANCE - OTHER,2022-07-28T19:50:00Z,Closed - Non-Criminal Case,44770.614583333336,44770.802083333336,1360 Vine St
22001948,DISTURBANCE - OTHER,2022-07-28T17:15:00Z,Closed - Non-Criminal Case,44769.541666666664,44770.71875,1875 N 42nd St
22001943,VANDALISM - OTHER,2022-07-28T11:44:00Z,Closed - Inactive,44769.5625,44769.604166666664,1625 Arbor Dr
22001938,NARCOTICS - POSSESSION,2022-07-27T23:49:00Z,Closed - Cleared by Arrest-Juvenile,44769.992361111108,NULL,ANTELOPE VALLEY PARKWAY & VINE ST
22001937,TRAFFIC - OTHER,2022-07-27T23:01:00Z,Closed - Inactive,44769.959027777775,NULL,INTR I-180 & SUPERIOR ST
22001933,BURGLARY,2022-07-27T13:42:00Z,Closed - Inactive,44768.076388888891,44768.097222222219,635 N 16th St
22001932,DISTURBANCE - OTHER,2022-07-27T11:01:00Z,Closed - Non-Criminal Case,44769.459027777775,NULL,1300 R St
22001930,ALCOHOL - MINOR IN POSSESSION,2022-07-27T02:04:00Z,Closed - Cleared by Arrest-Adult,44769.086111111108,NULL,300 N 17th St
22001925,ASSAULT - NON DOMESTIC,2022-07-26T20:15:00Z,Closed - Cleared by Arrest-Adult,44768.841666666667,NULL,1300 R St
22001923,DISTURBANCE - OTHER,2022-07-26T15:23:00Z,Closed - Non-Criminal Case,44768.640972222223,NULL,1400 R St
22001911,TRESPASSING,2022-07-24T16:10:00Z,Closed - Non-Criminal Case,44766.673611111109,NULL,1100 T St
22001907,ALCOHOL - DRUNK,2022-07-24T02:22:00Z,Closed - Non-Criminal Case,44766.098611111112,NULL,501 N 14th St
22001910,OUTSIDE - O.P.S. OTHER,2022-07-24T01:00:00Z,Closed - Non-Criminal Case,44766.041666666664,NULL,2274 W Street
22001905,VANDALISM - OTHER,2022-07-23T12:44:00Z,Closed - Cleared by Arrest-Adult,44765.165277777778,44765.171527777777,1801 R St
22001903,ACCIDENTS - P.D. H&R NOT REPORTABLE,2022-07-22T15:30:00Z,Closed - Inactive,44761.375,44762.625,1104 R St
22001915,OUTSIDE - O.P.S. OTHER,2022-07-22T12:09:00Z,Closed - Non-Criminal Case,NULL,NULL,1525 U St
22001901,OUTSIDE - O.P.S. OTHER,2022-07-22T10:09:00Z,Closed - Non-Criminal Case,44764.413888888892,44764.423611111109,S 11TH ST & N ST
22001897,FIRE - FALSE ALARM,2022-07-21T14:57:00Z,Closed - Inactive,44763.622916666667,NULL,600 N 15th St
22001892,NARCOTICS - POSSESSION,2022-07-20T22:54:00Z,Closed - Cleared by Arrest-Adult,44762.95416666667,NULL,N 14TH ST & Q ST
22001888,LARCENY - FROM BUILDING,2022-07-20T16:16:00Z,Closed - Inactive,44762.559027777781,44762.579861111109,1650 N 35th St
22001902,FRAUD - CREDIT CARDS/ATM/BANK CARD,2022-07-20T14:24:00Z,Closed - Inactive,44762.577777777777,NULL,2502 North 48th Street
22001886,NARCOTICS - POSSESSION,2022-07-20T02:24:00Z,Closed - Cleared by Arrest-Adult,44762.1,NULL,N 26TH ST & Y ST
22001885,ACCIDENTS - P.D. H&R NOT REPORTABLE,2022-07-19T15:54:00Z,Closed - Inactive,44761.333333333336,44761.662499999999,855 N 16th St
22001883,ACCIDENTS - P.D. H&R NOT REPORTABLE,2022-07-19T13:20:00Z,Closed - Non-Criminal Case,44761.458333333336,44761.555555555555,1360 Vine St
22001870,DISTURBANCE - OTHER,2022-07-18T16:41:00Z,Closed - Non-Criminal Case,44760.673611111109,44760.681944444441,N 14TH ST & VINE ST
22001869,DISTURBANCE - OTHER,2022-07-18T16:24:00Z,Closed - Cleared by Arrest-Adult,44760.673611111109,44760.683333333334,N 14TH ST & T ST
22001867,DISTURBANCE - OTHER,2022-07-18T12:52:00Z,Closed - Non-Criminal Case,44470,44756.638888888891,NA
22001863,SUSPICIOUS PERSON,2022-07-17T11:29:00Z,Closed - Cleared by Arrest-Adult,44759.386805555558,NULL,639 N 12th St
22001861,ALCOHOL - MINOR IN POSSESSION,2022-07-17T01:15:00Z,Closed - Inactive,44759.052083333336,NULL,N 17TH ST & Q ST
22001847,ALCOHOL - DRUNK,2022-07-15T05:34:00Z,Closed - Non-Criminal Case,44757.231944444444,NULL,707 Stadium Dr
22001844,VANDALISM - BY GRAFFITI,2022-07-14T16:06:00Z,Closed - Inactive,NULL,NULL,900 N 16th St
22001834,DISTURBANCE - OTHER,2022-07-13T15:43:00Z,Closed - Non-Criminal Case,44755.541666666664,NULL,2200 Vine St
22001832,SS - OTHER,2022-07-13T09:18:00Z,Closed - Non-Criminal Case,44755.387499999997,NULL,440 N 17th St
22001828,NARCOTICS - POSSESSION,2022-07-13T00:17:00Z,Closed - Cleared by Arrest-Adult,44755.011805555558,NULL,1400 R St
22001821,TRESPASSING,2022-07-12T14:43:00Z,Closed - Non-Criminal Case,44754.613194444442,NULL,300 N 17th St
22001812,TRESPASSING,2022-07-12T03:04:00Z,Closed - Non-Criminal Case,44754.12777777778,NULL,1400 R St
22001811,LARCENY - STOLEN BIKE,2022-07-11T21:06:00Z,Closed - Inactive,44749.875,44753.875,855 N 16th St
22001802,VANDALISM - OTHER,2022-07-11T10:21:00Z,Closed - Inactive,NULL,NULL,400 University Terrace
22001801,LARCENY - STOLEN BIKE,2022-07-11T08:42:00Z,Closed - Inactive,44752.833333333336,44753.362500000003,2224 U St
22001800,LARCENY - STOLEN BIKE,2022-07-11T03:00:00Z,Closed - Inactive,44753.125,NULL,N 16TH ST & W ST
22001795,ALCOHOL - DRUNK,2022-07-10T02:20:00Z,Closed - Non-Criminal Case,44752.097222222219,NULL,N 12TH ST & P ST
22001794,LARCENY - OTHER OR FROM OPEN AREA,2022-07-10T01:44:00Z,Closed - Non-Criminal Case,44751.8125,44751.895833333336,1433 W St
22001789,ALCOHOL - DWI,2022-07-09T00:55:00Z,Closed - Cleared by Arrest-Adult,44751.038194444445,NULL,N 13TH ST & O ST
22001785,TRESPASSING,2022-07-08T19:54:00Z,Closed - Non-Criminal Case,44750.82916666667,NULL,1400 R St
22001783,LARCENY - OTHER OR FROM OPEN AREA,2022-07-08T18:06:00Z,Closed - Inactive,44730.025694444441,NULL,1780 R St
22001776,SUSPICIOUS PERSON,2022-07-07T23:24:00Z,Closed - Non-Criminal Case,44749.974999999999,44749.974999999999,1400 R St
22001775,LARCENY - STOLEN BIKE,2022-07-07T18:01:00Z,Closed - Inactive,44745.729166666664,44749.229166666664,1100 T St
22001772,LARCENY - OTHER OR FROM OPEN AREA,2022-07-07T11:55:00Z,Closed - Inactive,44745.574999999997,NULL,730 N 14th St
22001771,LARCENY - OTHER OR FROM OPEN AREA,2022-07-07T10:15:00Z,Closed - Inactive,44743.729166666664,44749.427083333336,660 N 12th St
22001766,LARCENY - MOTOR VEH. ACCESSORIES,2022-07-06T17:42:00Z,Closed - Cleared by Arrest-Adult,44748.55,44748.581944444442,4000 East Campus Loop S
22001764,OUTSIDE - O.P.S. OTHER,2022-07-06T12:53:00Z,Closed - Non-Criminal Case,44748.143750000003,NULL,NA
22001763,ACCIDENTS - P.D. H&R NOT REPORTABLE,2022-07-06T10:38:00Z,Closed - Non-Criminal Case,44748.3125,44748.4375,501 N 14th St
22001756,LITTERING,2022-07-05T16:41:00Z,Closed - Inactive,44747.652777777781,NULL,1505 S St
22001754,LARCENY - MOTOR VEH. ACCESSORIES,2022-07-05T10:56:00Z,Closed - Inactive,44743.645833333336,44747.4375,1931 N Antelope Valley Pky
22001750,TRESPASSING,2022-07-04T17:09:00Z,Closed - Cleared by Arrest-Adult,44746.714583333334,NULL,300 N 17th St
22001745,LARCENY - OTHER OR FROM OPEN AREA,2022-07-04T11:44:00Z,Closed - Cleared by Arrest-Adult,44746.357638888891,44746.479166666664,1400 R St
22001744,OUTSIDE - O.P.S. OTHER,2022-07-04T06:53:00Z,Closed - Non-Criminal Case,NULL,NULL,LEWIS AVE & NELSON ST
22001743,NARCOTICS - POSSESSION,2022-07-03T22:05:00Z,Closed - Cleared by Arrest-Adult,44745.920138888891,NULL,1400 R St
22001740,ALCOHOL - DRUNK,2022-07-03T02:16:00Z,Closed - Non-Criminal Case,44745.094444444447,NULL,ANTELOPE VALLEY PARKWAY & Q ST
22001734,TRAFFIC - OTHER,2022-07-02T01:32:00Z,Closed - Cleared by Arrest-Adult,44744.063888888886,NULL,N 23RD ST & P ST
22001728,OUTSIDE CRIME - REPORTS OUTSIDE JURISDICTION,2022-07-01T08:22:00Z,Closed - Non-Criminal Case,44555.916666666664,NULL,NA
22001727,ALCOHOL - DWI,2022-07-01T01:57:00Z,Closed - Cleared by Arrest-Adult,44743.081250000003,NULL,N 17TH ST
22001726,TRAFFIC - SUSPENDED DRIVER,2022-07-01T00:23:00Z,Closed - Cleared by Arrest-Adult,44743.015972222223,NULL,CENTENNIAL MALL & O ST
22001724,ACCIDENTS - P.D. H&R NOT REPORTABLE,2022-06-30T20:55:00Z,Closed - Non-Criminal Case,NULL,NULL,1830 Vine St
22001720,LARCENY - FROM MOTOR VEHICLE,2022-06-30T13:24:00Z,Closed - Inactive,NULL,NULL,2200 Vine St
22001717,FIRE - FALSE ALARM,2022-06-30T08:05:00Z,Closed - Inactive,44742.336805555555,NULL,1120 N 14th St
22001714,ALCOHOL - USING FALSE I.D.,2022-06-29T12:37:00Z,Closed - Cleared by Arrest-Adult,44741.525694444441,NULL,300 N 17th St
22001705,LARCENY - FROM BUILDING,2022-06-28T08:48:00Z,Closed - Inactive,44736.5625,44740.366666666669,1875 N 42nd St
22001706,LARCENY - FROM BUILDING,2022-06-28T08:48:00Z,Closed - Inactive,44736.479166666664,44740.366666666669,1875 N 42nd St
22001704,LARCENY - OTHER OR FROM OPEN AREA,2022-06-28T07:58:00Z,Closed - Cleared by Arrest-Adult,44740.280555555553,NULL,550 N 19th St
22001701,VANDALISM - OTHER,2022-06-27T16:26:00Z,Closed - Unfounded,44739.354166666664,44739.666666666664,625 Stadium Dr
22001699,LARCENY - STOLEN BIKE,2022-06-27T11:35:00Z,Closed - Cleared by Arrest-Adult,44739.361111111109,NULL,1700 East Campus Mall
22001690,LARCENY - OTHER OR FROM OPEN AREA,2022-06-26T17:21:00Z,Closed - Inactive,44738.666666666664,44738.6875,2244 Vine St
22001688,OUTSIDE - O.P.S. OTHER,2022-06-25T23:30:00Z,Closed - Non-Criminal Case,44737.979166666664,NULL,337 Council Oak Rd
22001682,ALCOHOL - DRUNK,2022-06-25T01:58:00Z,Closed - Non-Criminal Case,44737.081944444442,NULL,1442 O Street
22001680,ALCOHOL - DRUNK,2022-06-25T00:52:00Z,Closed - Non-Criminal Case,44737.036111111112,NULL,1220 N 14th St
22001679,ACCIDENTS - P.D. H&R NOT REPORTABLE,2022-06-24T16:03:00Z,Closed - Non-Criminal Case,44736.458333333336,44736.645833333336,N 37TH ST & FAIR ST
22001667,ANIMAL - DOG RUNNING LOOSE,2022-06-22T21:20:00Z,Closed - Non-Criminal Case,44733.929861111108,44733.932638888888,1400 R St
22001657,ASSAULT - NON DOMESTIC,2022-06-21T21:55:00Z,Closed - Inactive,44733.913194444445,NULL,NA
22001644,ASSAULT - NON DOMESTIC,2022-06-20T17:18:00Z,Closed - Non-Criminal Case,44732.720833333333,NULL,N 14TH ST & R ST
22001638,ALCOHOL - CONSUMPTION IN PUBLIC,2022-06-19T02:01:00Z,Closed - Cleared by Arrest-Adult,44731.084027777775,NULL,N 16TH ST & Q ST
22001637,TRAFFIC - IMPROPER REGISTRATION,2022-06-19T00:37:00Z,Closed - Cleared by Arrest-Adult,44731.025694444441,NULL,N 9TH ST & P ST
22001636,TRAFFIC - SUSPENDED DRIVER,2022-06-18T21:38:00Z,Closed - Cleared by Arrest-Adult,44730.901388888888,NULL,N 17TH ST & Q ST
22001633,TRAFFIC - SUSPENDED DRIVER,2022-06-18T02:26:00Z,Closed - Cleared by Arrest-Adult,44730.101388888892,NULL,CENTENNIAL MALL & P ST
22001631,ALCOHOL - DRUNK,2022-06-18T01:27:00Z,Closed - Non-Criminal Case,44730.060416666667,NULL,N 14TH ST & R ST
22001632,ALCOHOL - DRUNK,2022-06-18T01:27:00Z,Closed - Non-Criminal Case,44730.060416666667,NULL,N 14TH ST & R ST
22001628,TRESPASSING,2022-06-17T08:13:00Z,Closed - Inactive,44729.342361111114,NULL,440 N 17th St
22001627,SEX OFFENSE - MOLEST/FONDLING,2022-06-16T13:00:00Z,Closed - Inactive,44507.916666666664,44508.333333333336,1150 N 14th St
22001617,NARCOTICS - POSSESSION,2022-06-15T23:11:00Z,Closed - Cleared by Arrest-Adult,44727.96597222222,NULL,N 12TH ST & Q ST
22001607,WEAPONS – OTHER,2022-06-14T21:30:00Z,Closed - Inactive,44726.886805555558,NULL,1520 R St
22001599,OUTSIDE - O.P.S. OTHER,2022-06-14T12:50:00Z,Closed - Cleared by Arrest-Juvenile,44726.534722222219,NULL,730 N 14th St
22001598,TELEPHONE - OTHER,2022-06-14T11:28:00Z,Closed - Inactive,44725.463194444441,44726.477777777778,2815 Fletcher Ave Apt 39
22001594,TRESPASSING,2022-06-13T22:20:00Z,Closed - Non-Criminal Case,44725.930555555555,NULL,639 N 12th St
22001592,ALCOHOL - DRUNK,2022-06-13T12:28:00Z,Closed - Non-Criminal Case,44725.519444444442,NULL,200 Centennial Mall N
22001588,ALCOHOL - DWI,2022-06-12T01:25:00Z,Closed - Cleared by Arrest-Adult,44724.059027777781,NULL,N 9TH ST
22001583,ALCOHOL - DRUNK,2022-06-11T01:27:00Z,Closed - Non-Criminal Case,44723.060416666667,NULL,P ST & CENTENNIAL MALL
22001580,ASSAULT - DOMESTIC,2022-06-10T18:07:00Z,Closed - Cleared by Arrest-Adult,44722.754861111112,NULL,2225 W St
22001575,ACCIDENTS - P.D. H&R NOT REPORTABLE,2022-06-09T12:35:00Z,Closed - Cleared by Arrest-Adult,44721.475694444445,NULL,EAST CAMPUS LOOP & N 40TH ST
22001574,LARCENY - STOLEN BIKE,2022-06-09T11:33:00Z,Closed - Inactive,44721.3125,44721.4375,1100 T St
22001567,ACCIDENTS - P.D. H&R NOT REPORTABLE,2022-06-07T19:31:00Z,Closed - Non-Criminal Case,44719.813194444447,44719.813194444447,745 N 14th St
22001563,FRAUD - CHECKS INSUF/NO ACC/NOT FORGED,2022-06-07T11:14:00Z,Closed - Inactive,44714.791666666664,44719.468055555553,600 N 15th St
22001551,ALCOHOL - DRUNK,2022-06-05T02:15:00Z,Closed - Cleared by Arrest-Adult,44717.09375,NULL,N 10TH ST & Q ST
22001550,SUSPICIOUS PERSON,2022-06-05T00:01:00Z,Closed - Non-Criminal Case,44717.000694444447,NULL,1545 S St
22001549,DISTURBANCE - OTHER,2022-06-04T21:45:00Z,Closed - Non-Criminal Case,44716.166666666664,NULL,300 N 17th St
22001543,TELEPHONE - THREATENING CALLS,2022-06-03T19:34:00Z,Closed - Cleared by Arrest-Adult,44715.804166666669,NULL,1825 N 38th St
22001541,LARCENY - STOLEN BIKE,2022-06-03T14:13:00Z,Closed - Unfounded,44704.615277777775,44715.593055555553,1055 N 16th St
22001536,VANDALISM - BY GRAFFITI,2022-06-03T07:17:00Z,Closed - Inactive,44714.916666666664,44715.291666666664,600 N 15th St
22001533,ALCOHOL - DRUNK,2022-06-02T22:04:00Z,Closed - Non-Criminal Case,44714.919444444444,NULL,301 N 12th St
22001539,SUSPICIOUS PERSON,2022-06-02T22:00:00Z,Closed - Non-Criminal Case,44715.5625,NULL,402 Stadium Dr
22001519,TRESPASSING,2022-06-01T00:21:00Z,Closed - Inactive,44713.01458333333,NULL,730 N 14th St
22001512,VANDALISM - OTHER,2022-05-31T22:19:00Z,Closed - Non-Criminal Case,NULL,NULL,1600 Court St
22001517,LARCENY - MOTOR VEH. ACCESSORIES,2022-05-31T16:47:00Z,Closed - Inactive,44708.395833333336,44708.6875,2200 Vine St
22001514,VANDALISM - OTHER,2022-05-31T09:27:00Z,Closed - Cleared by Arrest-Adult,44708.708333333336,44712.393750000003,1801 R St
22001513,TRESPASSING,2022-05-30T23:08:00Z,Closed - Non-Criminal Case,44711.963888888888,NULL,730 N 14th St
22001511,LARCENY - MOTOR VEH. ACCESSORIES,2022-05-30T16:10:00Z,Closed - Inactive,44705.333333333336,44710.916666666664,2255 Vine St
22001509,LARCENY - STOLEN BIKE,2022-05-30T09:45:00Z,Closed - Inactive,44709.863194444442,NULL,855 N 16th St
22001500,ANIMAL - OTHER DOG CALL,2022-05-29T21:23:00Z,Closed - Non-Criminal Case,44710.625,NULL,1248 R St
22001504,OUTSIDE - O.P.S. OTHER,2022-05-29T05:49:00Z,Closed - Non-Criminal Case,44710.991666666669,NULL,6626 Logan Ave
22001498,ALCOHOL - DRUNK,2022-05-29T02:19:00Z,Closed - Non-Criminal Case,44710.09652777778,NULL,N ANTELOPE VALLEY PKWY & VINE ST
22001497,WEAPONS - CONCEALED,2022-05-29T01:13:00Z,Closed - Cleared by Arrest-Adult,44710.050694444442,NULL,N 16TH ST & Q ST
22001496,NARCOTICS - POSSESSION,2022-05-28T23:20:00Z,Closed - Cleared by Arrest-Adult,44709.972222222219,NULL,N 19TH ST & S ST
22001495,LARCENY - SHOPLIFTING,2022-05-28T16:45:00Z,Closed - Cleared by Arrest-Adult,44694.020833333336,NULL,440 N 17th St
22001494,ALCOHOL - DRUNK,2022-05-28T02:02:00Z,Closed - Non-Criminal Case,44709.084722222222,NULL,N 13TH ST
22001492,ALCOHOL - MINOR IN POSSESSION,2022-05-28T01:07:00Z,Closed - Cleared by Arrest-Adult,44709.046527777777,NULL,N 17TH ST & P ST
22001488,DISTURBANCE - OTHER,2022-05-27T15:33:00Z,Closed - Non-Criminal Case,44708.647916666669,NULL,1500 U St
22001487,VANDALISM - OTHER,2022-05-27T13:37:00Z,Closed - Cleared by Arrest-Adult,44694.111111111109,NULL,540 N 16th St
22001483,DISTURBANCE - OTHER,2022-05-27T08:30:00Z,Closed - Non-Criminal Case,44688.333333333336,44708.354166666664,300 N 17th St
22001480,VANDALISM - OTHER,2022-05-26T18:31:00Z,Closed - Cleared by Arrest-Adult,44706.833333333336,44706.854166666664,841 N 14th St
22001479,LARCENY - OTHER OR FROM OPEN AREA,2022-05-26T17:55:00Z,Closed - Cleared by Arrest-Adult,44706.250694444447,NULL,600 N 15th St
22001475,DISTURBANCE - OTHER,2022-05-26T12:03:00Z,Closed - Non-Criminal Case,44707.489583333336,NULL,2225 W St
22001472,VANDALISM - OTHER,2022-05-25T08:11:00Z,Closed - Inactive,44704.645833333336,44706.34097222222,3310 Holdrege St
22001466,ALCOHOL - DRUNK,2022-05-23T14:04:00Z,Closed - Non-Criminal Case,44704.586111111108,NULL,1100 T St
22001461,TRESPASSING,2022-05-22T10:06:00Z,Closed - Non-Criminal Case,44703.029166666667,44703.42083333333,400 University Terrace
22001460,TRAFFIC - OTHER,2022-05-22T01:06:00Z,Closed - Inactive,44703.04583333333,NULL,N 13TH ST & P ST
22001459,ALCOHOL - DRUNK,2022-05-22T00:13:00Z,Closed - Non-Criminal Case,44703.009027777778,NULL,CENTENNIAL MALL & R ST
22001455,ALCOHOL - DRUNK,2022-05-21T02:17:00Z,Closed - Non-Criminal Case,44702.095138888886,NULL,N 17TH ST & R ST
22001454,ALCOHOL - DWI,2022-05-21T02:01:00Z,Closed - Cleared by Arrest-Adult,44702.084027777775,NULL,N 13TH ST & P ST
22001453,TRAFFIC - OTHER,2022-05-21T00:18:00Z,Closed - Cleared by Arrest-Adult,44702.012499999997,NULL,VINE ST & N ANTELOPE VALLEY PKWY
22001451,ALCOHOL - DWI,2022-05-20T22:51:00Z,Closed - Cleared by Arrest-Adult,44701.95208333333,NULL,ANTELOPE VALLEY PARKWAY & VINE ST
22001447,FALSE INFORMATION - GIVEN TO OFC.,2022-05-20T16:13:00Z,Closed - Cleared by Arrest-Adult,44701.675694444442,44701.675694444442,1130 N 14th St
22001448,NARCOTICS - POSSESSION,2022-05-20T13:54:00Z,Closed - Cleared by Arrest-Adult,44701.57916666667,NULL,1625 Arbor Dr
22001443,ARSON,2022-05-20T05:29:00Z,Closed - Inactive,44701.228472222225,NULL,600 N 15th St
22001442,ALCOHOL - DWI,2022-05-20T02:25:00Z,Closed - Cleared by Arrest-Adult,44701.100694444445,NULL,N 16TH ST & P ST
22001426,VANDALISM - OTHER,2022-05-17T18:04:00Z,Closed - Inactive,44698.65625,NULL,1625 Arbor Dr
22001416,SUSPICIOUS PERSON,2022-05-16T22:10:00Z,Closed - Non-Criminal Case,44697.923611111109,NULL,540 N 16th St
22001415,FND ARTICLE OTHER THAN ABAND. BIKE OR VEH.,2022-05-16T20:40:00Z,Closed - Inactive,NULL,NULL,NA
22001412,LARCENY - FROM BUILDING,2022-05-16T15:02:00Z,Closed - Inactive,44697.395833333336,44697.5,1875 N 38th St
22001410,TRESPASSING,2022-05-16T07:02:00Z,Closed - Non-Criminal Case,44697.293055555558,NULL,1901 Y St
22001403,VANDALISM - BY GRAFFITI,2022-05-15T12:53:00Z,Closed - Inactive,44696.534722222219,NULL,600 N 15th St
22001401,FALSE INFORMATION - GIVEN TO OFC.,2022-05-14T23:59:00Z,Closed - Cleared by Arrest-Adult,44695.999305555553,NULL,855 N 16th St
22001386,LARCENY - OTHER OR FROM OPEN AREA,2022-05-13T18:28:00Z,Closed - Non-Criminal Case,44694.375,44694.541666666664,480 N 16th St
22001378,DISTURBANCE - OTHER,2022-05-13T12:03:00Z,Closed - Non-Criminal Case,44694.502083333333,NULL,1120 N 14th St
22001374,TRESPASSING,2022-05-13T02:00:00Z,Closed - Non-Criminal Case,44694.083333333336,NULL,1111 N 14th St
22001372,ALCOHOL - MINOR IN POSSESSION,2022-05-13T01:16:00Z,Closed - Cleared by Arrest-Adult,44694.052777777775,NULL,R ST & N 16TH ST
22001370,ALCOHOL - DRUNK,2022-05-13T00:38:00Z,Closed - Non-Criminal Case,44694.026388888888,NULL,N 16TH ST & R ST
22001367,ALCOHOL - USING FALSE I.D.,2022-05-12T20:01:00Z,Closed - Cleared by Arrest-Adult,44693.834027777775,NULL,300 N 17th St
22001360,EXTORTION,2022-05-12T14:06:00Z,Closed - Inactive,44693.541666666664,44693.587500000001,1150 N 14th St
22001112,LARCENY - STOLEN BIKE,2022-05-12T08:47:00Z,Closed - Inactive,44693.254861111112,NULL,1545 R St
22001359,LARCENY - STOLEN BIKE,2022-05-12T08:47:00Z,Closed - Inactive,44693.254861111112,NULL,1545 R St
22001348,DISTURBANCE - OTHER,2022-05-11T16:09:00Z,Closed - Inactive,44692.666666666664,NULL,1625 Arbor Dr
22001346,LARCENY - OTHER OR FROM OPEN AREA,2022-05-11T11:44:00Z,Closed - Inactive,44675,44692.488888888889,880 N 17th St
22001343,ALCOHOL - MINOR IN POSSESSION,2022-05-11T01:18:00Z,Closed - Cleared by Arrest-Adult,44692.054166666669,NULL,300 N 17th St
22001327,VANDALISM - OTHER,2022-05-10T05:28:00Z,Closed - Inactive,44689.229166666664,44691.229166666664,1625 Arbor Dr
22001324,LARCENY - STOLEN BIKE,2022-05-09T22:12:00Z,Closed - Cleared by Exception,44678,44690.916666666664,1055 N 16th St
22001317,NARCOTICS - POSSESSION,2022-05-09T04:30:00Z,Closed - Cleared by Arrest-Adult,44690.008333333331,NULL,N 19TH ST & VINE ST
22001311,WEAPONS - CONCEALED,2022-05-08T03:08:00Z,Closed - Cleared by Arrest-Adult,44689.130555555559,NULL,N 14TH ST & R ST
22001310,ALCOHOL - MINOR IN POSSESSION,2022-05-08T01:56:00Z,Closed - Non-Criminal Case,44689.080555555556,NULL,P ST & N 11TH ST
22001309,ALCOHOL - DRUNK,2022-05-08T01:23:00Z,Closed - Non-Criminal Case,44689.057638888888,NULL,N 12TH ST & P ST
22001308,NARCOTICS - POSSESSION,2022-05-07T23:00:00Z,Closed - Cleared by Arrest-Adult,44688.958333333336,NULL,N 16TH ST & Q ST
22001304,ALCOHOL - DRUNK,2022-05-07T03:08:00Z,Closed - Non-Criminal Case,44688.130555555559,NULL,N 19TH ST & VINE ST
22001303,ALCOHOL - USING FALSE I.D.,2022-05-07T01:42:00Z,Closed - Cleared by Arrest-Adult,44688.070833333331,NULL,616 N 16th St
22001302,FALSE INFORMATION - GIVEN TO OFC.,2022-05-07T01:30:00Z,Closed - Cleared by Arrest-Adult,44688.0625,NULL,N 16TH ST & S ST
22001301,ALCOHOL - MINOR IN POSSESSION,2022-05-07T00:30:00Z,Closed - Cleared by Arrest-Adult,44688.020833333336,NULL,1520 R St
22001300,ALCOHOL - LIQUOR LICENSE VIOLATION,2022-05-06T21:56:00Z,Closed - Non-Criminal Case,44687.887499999997,44687.917361111111,1325 O St
22001297,LARCENY - FROM BUILDING,2022-05-06T14:45:00Z,Closed - Cleared by Arrest-Adult,44687.59375,44687.611111111109,1400 R St
22001294,ALCOHOL - MINOR IN POSSESSION,2022-05-06T03:40:00Z,Closed - Non-Criminal Case,44687.152777777781,NULL,1780 R St
22001292,NARCOTICS - POSSESSION,2022-05-06T02:32:00Z,Closed - Non-Criminal Case,44687.105555555558,NULL,1220 N 14th St
22001286,VANDALISM - OTHER,2022-05-05T13:26:00Z,Closed - Inactive,44685.333333333336,44686.55972222222,1113 R St
22001279,ALCOHOL - MINOR IN POSSESSION,2022-05-04T23:00:00Z,Closed - Non-Criminal Case,44685.958333333336,NULL,880 N 17th St
22001269,DISTURBANCE - OTHER,2022-05-03T21:29:00Z,Closed - Inactive,44684.588888888888,44684.592361111114,NA
22001266,TELEPHONE - OBSCENE CALLS,2022-05-03T12:19:00Z,Closed - Inactive,44684.493055555555,44684.513194444444,625 Stadium Dr #Tix office
22001261,ASSAULT - NON DOMESTIC,2022-05-03T00:59:00Z,Closed - Inactive,44684.020833333336,NULL,1780 R St
22001258,LARCENY - FROM MOTOR VEHICLE,2022-05-02T19:07:00Z,Closed - Inactive,44681.541666666664,44682.458333333336,1801 R St
22001255,TELEPHONE - THREATENING CALLS,2022-05-02T12:15:00Z,Closed - Inactive,44681.790972222225,NULL,1800 N 33rd St
22001248,LARCENY - FROM MOTOR VEHICLE,2022-05-01T18:30:00Z,Closed - Inactive,44679.875,44680.333333333336,1510 Vine St
22001236,ALCOHOL - DRUNK,2022-05-01T02:15:00Z,Closed - Non-Criminal Case,44682.09375,NULL,R ST & N 16TH ST
22001235,FALSE INFORMATION - GIVEN TO OFC.,2022-05-01T01:43:00Z,Closed - Cleared by Arrest-Adult,44682.071527777778,NULL,1601 R St
22001231,ACCIDENTS - P.D. H&R NOT REPORTABLE,2022-04-30T16:17:00Z,Closed - Inactive,44680.791666666664,44681.671527777777,300 N 17th St
22001229,ALCOHOL - DWI,2022-04-30T02:59:00Z,Closed - Cleared by Arrest-Adult,44681.124305555553,NULL,ANTELOPE VALLEY PARKWAY & VINE ST
22001228,ALCOHOL - MINOR IN POSSESSION,2022-04-30T02:43:00Z,Closed - Cleared by Arrest-Adult,44681.113194444442,NULL,N 16TH ST & VINE ST
22001225,ALCOHOL - DRUNK,2022-04-29T23:43:00Z,Closed - Non-Criminal Case,44680.988194444442,NULL,N 17TH ST & P ST
22001222,VANDALISM - OTHER,2022-04-29T17:45:00Z,Closed - Inactive,44679.770833333336,44679.78125,1700 N 34th St
22001218,SUSPICIOUS PERSON,2022-04-29T16:34:00Z,Closed - Inactive,44679.916666666664,44680.104166666664,1000 N 16th St
22001217,LARCENY - FROM MOTOR VEHICLE,2022-04-29T14:51:00Z,Closed - Inactive,44675.166666666664,44680.611805555556,1220 N 14th St
22001213,OUTSIDE - O.P.S. OTHER,2022-04-29T10:10:00Z,Closed - Non-Criminal Case,44680.423611111109,NULL,1104 R St
22001254,DISTURBANCE - OTHER,2022-04-29T05:01:00Z,Closed - Non-Criminal Case,44680.049305555556,NULL,1400 R St
22001210,DISTURBANCE - OTHER,2022-04-29T03:03:00Z,Closed - Non-Criminal Case,44680.127083333333,NULL,1780 R St
22001205,SUSPICIOUS PERSON,2022-04-28T22:22:00Z,Closed - Inactive,44679.931944444441,NULL,1830 Vine St
22001202,LARCENY - FROM MOTOR VEHICLE,2022-04-28T18:50:00Z,Closed - Inactive,44678.875,44679.784722222219,715 N 16th St
22001194,ACCIDENTS - P.D. H&R NOT REPORTABLE,2022-04-28T10:48:00Z,Closed - Inactive,44679.446527777778,NULL,745 N 14th St
22001193,VANDALISM - OTHER,2022-04-28T09:41:00Z,Closed - Cleared by Arrest-Adult,44679.011111111111,NULL,300 N 17th St
22001191,TRAFFIC - OTHER,2022-04-28T08:43:00Z,Closed - Non-Criminal Case,44678.503472222219,NULL,905 N 14th St
22001188,ALCOHOL - DRUNK,2022-04-28T02:10:00Z,Closed - Non-Criminal Case,44679.090277777781,NULL,1248 R St
22001187,ALCOHOL - DRUNK,2022-04-28T02:02:00Z,Closed - Non-Criminal Case,44679.084722222222,NULL,1600 P Street
22001169,ACCIDENTS - P.D. H&R NOT REPORTABLE,2022-04-26T18:37:00Z,Closed - Inactive,44676.729166666664,44677.6875,1619 R St
22001164,VANDALISM - BY GRAFFITI,2022-04-26T13:19:00Z,Closed - Inactive,44676.875,44677.541666666664,1855 N 35th St
22001161,VANDALISM - OTHER,2022-04-26T07:58:00Z,Closed - Inactive,NULL,NULL,400 Line Drive Cir
22001157,ACCIDENTS - P.D. H&R NOT REPORTABLE,2022-04-25T14:31:00Z,Closed - Inactive,44670.914583333331,44672.638888888891,1111 N 14th St
22001152,VANDALISM - OTHER,2022-04-25T08:29:00Z,Closed - Cleared by Arrest-Adult,44674.715277777781,44675.020833333336,433 N 19th St
22001147,ALCOHOL - UNL POLICY VIOLATION,2022-04-24T07:29:00Z,Closed - Non-Criminal Case,44675.311805555553,NULL,1120 N 14th St
22001146,DISTURBANCE - DOMESTIC,2022-04-24T06:06:00Z,Closed - Non-Criminal Case,44675.254166666666,NULL,1120 N 14th St
22001143,ALCOHOL - DRUNK,2022-04-24T01:17:00Z,Closed - Non-Criminal Case,44675.053472222222,NULL,ANTELOPE VALLEY PARKWAY & Salt Creek RDWY
22001141,ALCOHOL - USING FALSE I.D.,2022-04-23T23:21:00Z,Closed - Cleared by Arrest-Adult,44674.972916666666,NULL,N 16TH ST
22001137,ACCIDENTS - P.D. H&R NOT REPORTABLE,2022-04-23T10:57:00Z,Closed - Unfounded,44669.826388888891,44670.705555555556,1801 R St
22001136,TRESPASSING,2022-04-23T06:27:00Z,Closed - Cleared by Arrest-Adult,44674.268750000003,NULL,1100 T St
22001135,ALCOHOL - LIQUOR LICENSE VIOLATION,2022-04-23T05:31:00Z,Closed - Non-Criminal Case,44674.229861111111,44674.229861111111,1325 O St
22001131,ALCOHOL - MINOR IN POSSESSION,2022-04-23T01:54:00Z,Closed - Cleared by Arrest-Adult,44674.07916666667,NULL,1400 R St
22001130,ALCOHOL - DRUNK,2022-04-23T01:02:00Z,Closed - Non-Criminal Case,44674.043055555558,NULL,N 16TH ST & Q ST
22001122,LARCENY - FROM BUILDING,2022-04-22T16:51:00Z,Closed - Cleared by Arrest-Adult,44673.686111111114,44673.686805555553,730 N 14th St
22001119,SEX OFFENSE - RAPE,2022-04-22T11:21:00Z,Closed - Inactive,44647,44647.999305555553,880 N 17th St
22001118,ALCOHOL - USING FALSE I.D.,2022-04-22T10:31:00Z,Closed - Inactive,44673.438194444447,NULL,880 N 17th St
22001114,MISSING PERSON - ADULT,2022-04-22T06:22:00Z,Closed - Non-Criminal Case,44673.119444444441,44673.159722222219,440 N 17th St
22001113,ALCOHOL - DRUNK,2022-04-22T01:32:00Z,Closed - Non-Criminal Case,44673.063888888886,NULL,200 Centennial Mall N
22001107,DISTURBANCE - OTHER,2022-04-21T17:02:00Z,Closed - Non-Criminal Case,44672.668055555558,NULL,660 N 12th St
22001105,PARKING - OTHER,2022-04-21T15:43:00Z,Closed - Non-Criminal Case,44598,44672,7001 W Fletcher Ave
22001103,VANDALISM - BY GRAFFITI,2022-04-21T14:11:00Z,Closed - Inactive,NULL,NULL,3310 Holdrege St
22001104,VANDALISM - BY GRAFFITI,2022-04-21T14:09:00Z,Closed - Inactive,NULL,NULL,1248 R St
22001100,TRAFFIC - SUSPENDED DRIVER,2022-04-21T12:38:00Z,Closed - Cleared by Arrest-Adult,44672.45208333333,NULL,N ANTELOPE VALLEY PKWY & SALT CREEK RD
22001092,ALCOHOL - DWI,2022-04-20T22:54:00Z,Closed - Cleared by Arrest-Adult,44671.95416666667,NULL,N 12TH ST & Q ST
22001088,LARCENY - STOLEN BIKE,2022-04-20T20:02:00Z,Closed - Inactive,44670.129861111112,44670.131249999999,433 N 19th St
22001078,TRESPASSING,2022-04-20T00:06:00Z,Closed - Non-Criminal Case,44671.004166666666,NULL,1400 R St
22001065,LARCENY - STOLEN BIKE,2022-04-19T16:40:00Z,Closed - Cleared by Arrest-Adult,44670.493055555555,44670.6875,1430 Vine St
22001064,LARCENY - FROM BUILDING,2022-04-19T13:11:00Z,Closed - Non-Criminal Case,44668.083333333336,44668.291666666664,1130 N 14th St
22001055,ALCOHOL - DRUNK,2022-04-18T21:36:00Z,Closed - Non-Criminal Case,44669.895833333336,44669.9,1400 R St
22001048,ACCIDENTS - P.D. H&R NOT REPORTABLE,2022-04-18T13:35:00Z,Closed - Cleared by Arrest-Adult,44666.5625,44669.565972222219,1801 R St
22001047,ACCIDENTS - P.D. H&R NOT REPORTABLE,2022-04-18T11:57:00Z,Closed - Inactive,44660.333333333336,44666.916666666664,1130 N 14th St
22001041,ALCOHOL - DRUNK,2022-04-17T02:53:00Z,Closed - Non-Criminal Case,44668.120138888888,NULL,600 N 15th St
22001040,ALCOHOL - DWI,2022-04-17T01:12:00Z,Closed - Cleared by Arrest-Adult,44668.05,NULL,N 18TH ST & O ST
22001038,LARCENY - MOTOR VEH. ACCESSORIES,2022-04-16T10:46:00Z,Closed - Inactive,44662.333333333336,44666.604166666664,1001 Y St
22001037,DISTURBANCE - OTHER,2022-04-16T08:06:00Z,Closed - Non-Criminal Case,44667.337500000001,NULL,1055 N 16th St
22001036,FIRE - FALSE ALARM,2022-04-16T06:40:00Z,Closed - Cleared by Arrest-Adult,44667.277777777781,NULL,1150 N 14th St
22001035,ALCOHOL - DWI,2022-04-16T01:48:00Z,Closed - Cleared by Arrest-Adult,44667.074999999997,NULL,N 16TH ST
22001034,ALCOHOL - MINOR IN POSSESSION,2022-04-16T00:58:00Z,Closed - Non-Criminal Case,44667.040277777778,NULL,N 17TH ST & R ST
22001033,ALCOHOL - MINOR IN POSSESSION,2022-04-16T00:18:00Z,Closed - Non-Criminal Case,44667.012499999997,NULL,880 N 17th St
22001031,DISTURBANCE - OTHER,2022-04-15T23:15:00Z,Closed - Inactive,44652.386805555558,44666.833333333336,300 N 17th St
22001027,OUTSIDE - O.P.S. OTHER,2022-04-15T16:47:00Z,Closed - Non-Criminal Case,44666.699305555558,44666.699305555558,625 Stadium Dr
22001024,ALCOHOL - MINOR IN POSSESSION,2022-04-15T01:26:00Z,Closed - Cleared by Arrest-Adult,44666.05972222222,NULL,N 16TH ST & VINE ST
22001022,DISTURBANCE - WILD PARTY,2022-04-15T00:01:00Z,Closed - Non-Criminal Case,44666.000694444447,NULL,433 N 19th St
22001017,SEX OFFENSE - RAPE,2022-04-14T16:28:00Z,Closed - Inactive,44594.895833333336,44595.286111111112,433 N 19th St
22001016,WEAPONS – OTHER,2022-04-14T15:55:00Z,Closed - Inactive,44665.65347222222,NULL,DAIRY STORE DRIVE & HOLDREGE ST
22001014,LARCENY - STOLEN BIKE,2022-04-14T13:44:00Z,Closed - Inactive,44657.458333333336,44665.572222222225,1120 N 14th St
22001003,ALCOHOL - DRUNK,2022-04-13T17:43:00Z,Closed - Non-Criminal Case,44664.738194444442,NULL,240 N 17th Street
22000993,TRESPASSING,2022-04-13T08:56:00Z,Closed - Inactive,44663.708333333336,44664.291666666664,2000 N 35th St
22000990,TRESPASSING,2022-04-13T00:24:00Z,Closed - Non-Criminal Case,44664.01666666667,NULL,300 N 17th St
22000982,ACCIDENTS - P.D. H&R NOT REPORTABLE,2022-04-12T19:30:00Z,Closed - Inactive,44660.497916666667,44660.520833333336,300 N 17th St
22000978,DISTURBANCE - OTHER,2022-04-12T13:48:00Z,Closed - Non-Criminal Case,44663.574999999997,NULL,4240 Fair St
22000957,ALCOHOL - MINOR IN POSSESSION,2022-04-10T03:08:00Z,Closed - Cleared by Arrest-Adult,44661.130555555559,NULL,1150 N 14th St
22000956,ALCOHOL - MINOR IN POSSESSION,2022-04-10T02:05:00Z,Closed - Non-Criminal Case,44661.086805555555,NULL,1780 R St
22000955,TRAFFIC - SUSPENDED DRIVER,2022-04-09T23:59:00Z,Closed - Cleared by Arrest-Adult,44660.999305555553,NULL,N 16TH ST & Q ST
22000954,ALCOHOL - DRUNK,2022-04-09T22:51:00Z,Closed - Non-Criminal Case,44660.95208333333,NULL,600 N 15th St
22000950,VANDALISM - OTHER,2022-04-09T13:19:00Z,Closed - Cleared by Arrest-Adult,44660.554861111108,44660.554861111108,1780 R St
22000951,ALCOHOL - MINOR IN POSSESSION,2022-04-09T13:15:00Z,Closed - Cleared by Arrest-Adult,44660.552083333336,NULL,1100 T St
22000949,TRESPASSING,2022-04-09T12:05:00Z,Closed - Cleared by Arrest-Adult,44660.503472222219,NULL,1100 T St
22000948,LARCENY - FROM BUILDING,2022-04-09T11:08:00Z,Closed - Inactive,44659.416666666664,44660.458333333336,1100 T St
22000947,NARCOTICS - POSSESSION,2022-04-09T02:15:00Z,Closed - Cleared by Arrest-Adult,44660.09375,NULL,1000 N 16th St
22000940,LARCENY - STOLEN BIKE,2022-04-08T18:10:00Z,Closed - Cleared by Arrest-Adult,44659.666666666664,44659.670138888891,900 N 16th St
22000939,FRAUD - CON GAMES/DECEPTION/FALSE    PRETENSE/OTHER,2022-04-08T15:52:00Z,Closed - Non-Criminal Case,44659.541666666664,NULL,1780 R St
22000936,TRESPASSING,2022-04-08T11:08:00Z,Closed - Cleared by Arrest-Adult,44659.463888888888,NULL,1400 R St
22000934,ALCOHOL - DWI,2022-04-08T02:19:00Z,Closed - Cleared by Arrest-Adult,44659.09652777778,NULL,N 17TH ST & R ST
22000933,ALCOHOL - DWI,2022-04-08T00:34:00Z,Closed - Cleared by Arrest-Adult,44659.023611111108,NULL,Q ST & N 16TH ST
22000930,ACCIDENTS - P.D. H&R NOT REPORTABLE,2022-04-07T17:32:00Z,Closed - Inactive,44657.902083333334,44658.649305555555,1801 R St
22000927,LARCENY - FROM MOTOR VEHICLE,2022-04-07T16:27:00Z,Closed - Inactive,44652.875,44658.645833333336,1830 Vine St
22000922,FRAUD - CHECKS INSUF/NO ACC/NOT FORGED,2022-04-07T11:15:00Z,Closed - Inactive,44644,44657,NA
22000921,LARCENY - FROM MOTOR VEHICLE,2022-04-07T10:59:00Z,Closed - Inactive,44654.541666666664,44656.07708333333,1111 N 14th St
22000923,FRAUD - CHECKS INSUF/NO ACC/NOT FORGED,2022-04-07T10:54:00Z,Closed - Inactive,44657.833333333336,NULL,1248 R St
22000920,SEX OFFENSE - RAPE,2022-04-07T10:43:00Z,Closed - Inactive,44561.416666666664,44562.333333333336,1801 R St
22000914,ALCOHOL - DRUNK,2022-04-06T15:13:00Z,Closed - Non-Criminal Case,44657.634027777778,NULL,1400 R St
22000912,DISTURBANCE - OTHER,2022-04-06T08:23:00Z,Closed - Inactive,44657.318749999999,NULL,1400 R St
22000908,LARCENY - OTHER OR FROM OPEN AREA,2022-04-05T21:32:00Z,Closed - Non-Criminal Case,44656.333333333336,44656.885416666664,503 N 14th St
22000907,LARCENY - FROM MOTOR VEHICLE,2022-04-05T18:15:00Z,Closed - Inactive,44655.791666666664,44656.760416666664,1111 N 14th St
22000904,LARCENY - FROM MOTOR VEHICLE,2022-04-05T16:08:00Z,Closed - Inactive,44654.833333333336,44656.672222222223,1111 N 14th St
22000903,EXTORTION,2022-04-05T16:02:00Z,Closed - Inactive,44656.668055555558,NULL,300 N 17th St
22000902,LARCENY - FROM MOTOR VEHICLE,2022-04-05T07:55:00Z,Closed - Inactive,44656.132638888892,44656.136805555558,615 N 19th St
22000901,ALCOHOL - MINOR IN POSSESSION,2022-04-04T23:45:00Z,Closed - Non-Criminal Case,44655.989583333336,NULL,880 N 17th St
22000900,DISTURBANCE - OTHER,2022-04-04T21:39:00Z,Closed - Non-Criminal Case,44655.902083333334,NULL,1400 R St
22000898,NARCOTICS - OTHER,2022-04-04T19:04:00Z,Closed - Non-Criminal Case,44655.794444444444,NULL,1710 Arbor Dr
22000894,ALCOHOL - DRUNK,2022-04-04T08:41:00Z,Closed - Non-Criminal Case,44655.361805555556,NULL,1400 R St
22000886,ANIMAL - All CALLS OTHER THAN DOGS,2022-04-02T19:29:00Z,Closed - Non-Criminal Case,44653.811805555553,NULL,639 N 12th St
22000885,ACCIDENTS - P.D. H&R NOT REPORTABLE,2022-04-02T17:58:00Z,Closed - Non-Criminal Case,44652.625,44653.291666666664,1055 N 16th St
22000822,LARCENY - FROM BUILDING,2022-04-02T15:20:00Z,Closed - Inactive,44645.638888888891,44653.638888888891,1150 N 14th St
22000880,WEAPONS – OTHER,2022-04-02T13:33:00Z,Closed - Cleared by Arrest-Juvenile,44653.545138888891,NULL,1400 R St
22000878,WEAPONS – OTHER,2022-04-02T13:29:00Z,Closed - Cleared by Arrest-Juvenile,44653.54791666667,NULL,R ST & N 13TH ST
22000877,ALCOHOL - DRUNK,2022-04-02T02:15:00Z,Closed - Non-Criminal Case,44653.09375,NULL,N 19TH ST & R ST
22000875,VANDALISM - OTHER,2022-04-02T00:28:00Z,Closed - Inactive,44652.986111111109,44653,1780 R St
22000874,ALCOHOL - MINOR IN POSSESSION,2022-04-01T23:56:00Z,Closed - Cleared by Arrest-Adult,44652.99722222222,NULL,N 16TH ST & W ST
22000870,OUTSIDE - O.P.S. OTHER,2022-04-01T11:25:00Z,Closed - Non-Criminal Case,NULL,NULL,300 N 17th St
22000865,TELEPHONE - OTHER,2022-04-01T11:22:00Z,Closed - Inactive,44652.473611111112,44652.473611111112,625 Stadium Dr
22000866,OUTSIDE CRIME - REPORTS OUTSIDE JURISDICTION,2022-04-01T07:05:00Z,Closed - Non-Criminal Case,44651.333333333336,44651.708333333336,NA
22000861,ALCOHOL - MINOR IN POSSESSION,2022-04-01T01:21:00Z,Closed - Non-Criminal Case,44652.056250000001,NULL,N 16TH ST & W ST
22000860,TRESPASSING,2022-04-01T00:08:00Z,Closed - Non-Criminal Case,44652.005555555559,NULL,1400 R St
22000859,FIRE - FALSE ALARM,2022-03-31T23:10:00Z,Closed - Inactive,44651.965277777781,NULL,2224 U St
22000857,WEAPONS – OTHER,2022-03-31T22:00:00Z,Closed - Cleared by Arrest-Juvenile,44651.916666666664,NULL,615 N 19th St
22000863,DISTURBANCE - OTHER,2022-03-31T21:28:00Z,Closed - Inactive,44651.915277777778,NULL,1400 R St
22000854,ALCOHOL - USING FALSE I.D.,2022-03-31T16:54:00Z,Closed - Cleared by Arrest-Adult,NULL,NULL,300 N 17th St
22000851,DISTURBANCE - OTHER,2022-03-31T11:00:00Z,Closed - Non-Criminal Case,44651.458333333336,NULL,1400 R St
22000844,DISTURBANCE - OTHER,2022-03-30T19:05:00Z,Closed - Non-Criminal Case,44650.776388888888,NULL,1400 R St
22000843,FRAUD - CHECKS INSUF/NO ACC/NOT FORGED,2022-03-30T18:16:00Z,Open,NULL,NULL,1780 R St
22000840,DISTURBANCE - OTHER,2022-03-30T15:20:00Z,Closed - Non-Criminal Case,44650.638888888891,NULL,1400 R St
22000841,OUTSIDE - O.P.S. OTHER,2022-03-30T13:40:00Z,Closed - Non-Criminal Case,44650.569444444445,NULL,S 17TH ST & L ST
22000837,LARCENY - FROM BUILDING,2022-03-30T10:19:00Z,Closed - Cleared by Arrest-Adult,44647.375,NULL,1300 R St
22000833,ALCOHOL - DRUNK,2022-03-29T23:45:00Z,Closed - Non-Criminal Case,44649.989583333336,NULL,600 N 15th St
22000823,LARCENY - STOLEN BIKE,2022-03-29T17:28:00Z,Closed - Cleared by Arrest-Adult,44649.388888888891,NULL,900 N 16th St
22000820,"HAZARDS - NON-TRAFFIC (WIRES,TREES,ETC)",2022-03-29T13:05:00Z,Closed - Non-Criminal Case,44649.545138888891,NULL,433 V St
22000819,LARCENY - STOLEN BIKE,2022-03-29T12:29:00Z,Closed - Inactive,44649.395833333336,44649.513888888891,900 N 16th St
OS22013,STALKING,2022-03-29T09:07:00Z,NA - Clery Report Only,NULL,NULL,On-campus Student Housing
22000814,SEX OFFENSE - RAPE,2022-03-28T17:24:00Z,Closed - Inactive,43793.908333333333,NULL,1055 N 16th St
22000812,LARCENY - STOLEN BIKE,2022-03-28T14:29:00Z,Closed - Cleared by Arrest-Adult,44640.375,44648.597222222219,600 N 15th St
22000808,VANDALISM - BY GRAFFITI,2022-03-28T09:58:00Z,Closed - Cleared by Arrest-Adult,44645.533333333333,44648.415277777778,1400 R St
22000809,DISTURBANCE - OTHER,2022-03-28T08:55:00Z,Closed - Inactive,44641.559027777781,NULL,501 N 14th St
22000804,TRESPASSING,2022-03-28T03:11:00Z,Closed - Non-Criminal Case,44648.132638888892,NULL,1400 R St
22000802,OUTSIDE CRIME - REPORTS OUTSIDE JURISDICTION,2022-03-27T18:54:00Z,Closed - Non-Criminal Case,44647.760416666664,NULL,N 14TH ST & W ST
22000797,ALCOHOL - DRUNK,2022-03-27T02:34:00Z,Closed - Non-Criminal Case,44647.106944444444,NULL,1500 Block Q Street
22000795,ALCOHOL - MINOR IN POSSESSION,2022-03-27T01:35:00Z,Closed - Inactive,44647.065972222219,NULL,1150 N 14th St
22000794,ACCIDENTS - P.D. H&R NOT REPORTABLE,2022-03-26T21:14:00Z,Closed - Non-Criminal Case,44630,44646.666666666664,1801 R St
22000786,ALCOHOL - DRUNK,2022-03-26T02:37:00Z,Closed - Non-Criminal Case,44646.109027777777,NULL,1336 Q Street
22000785,ALCOHOL - DRUNK,2022-03-26T01:36:00Z,Closed - Non-Criminal Case,44646.066666666666,NULL,N 19TH ST & VINE ST
22000783,ALCOHOL - MINOR IN POSSESSION,2022-03-26T00:50:00Z,Closed - Non-Criminal Case,44646.034722222219,NULL,1130 N 14th St
22000784,ALCOHOL - DRUNK,2022-03-26T00:32:00Z,Closed - Non-Criminal Case,44646.022222222222,NULL,N 16TH ST & S ST
22000780,ALCOHOL - MINOR IN POSSESSION,2022-03-26T00:16:00Z,Closed - Cleared by Arrest-Adult,44646.011111111111,NULL,P ST & N 18TH ST
22000777,DISTURBANCE - OTHER,2022-03-25T18:17:00Z,Closed - Non-Criminal Case,44638,44645,NA
22000772,TRESPASSING,2022-03-25T06:43:00Z,Closed - Non-Criminal Case,44645.279861111114,44645.279861111114,300 N 17th St
22000771,ALCOHOL - DRUNK,2022-03-25T02:22:00Z,Closed - Non-Criminal Case,44645.098611111112,NULL,N 16TH ST & U ST
22000770,NARCOTICS - POSSESSION,2022-03-24T22:43:00Z,Closed - Inactive,44644.946527777778,NULL,1130 N 14th St
22000769,VANDALISM - OTHER,2022-03-24T22:12:00Z,Closed - Inactive,44644.90625,44644.925000000003,1875 N 38th St
22000768,NARCOTICS - POSSESSION,2022-03-24T21:34:00Z,Closed - Cleared by Arrest-Adult,44644.898611111108,NULL,600 N 15th St
22000763,DISTURBANCE - OTHER,2022-03-24T14:09:00Z,Closed - Inactive,44644.589583333334,NULL,512 N 12th St
22000760,TRESPASSING,2022-03-24T11:58:00Z,Closed - Inactive,44644.498611111114,NULL,1400 R St
22000753,LARCENY - MOTOR VEH. ACCESSORIES,2022-03-23T16:38:00Z,Closed - Inactive,44642.927083333336,44643.180555555555,615 N 19th St
22000751,VANDALISM - OTHER,2022-03-23T14:02:00Z,Closed - Inactive,44638.604166666664,44643.584722222222,N 33RD ST & LEIGHTON AVE
22000750,"MISSING PERSON - JUVENILE,(INCLUDES RUNAWAY)",2022-03-23T12:24:00Z,Closed - Non-Criminal Case,44643.51666666667,NULL,1140 N 14th St
22000732,VANDALISM - OTHER,2022-03-21T20:05:00Z,Closed - Inactive,44637.833333333336,44638.375,1220 N 14th St
22000728,LARCENY - MOTOR VEH. ACCESSORIES,2022-03-21T14:49:00Z,Closed - Inactive,44620.416666666664,44620.625,625 Stadium Dr
22000726,FRAUD - CON GAMES/DECEPTION/FALSE    PRETENSE/OTHER,2022-03-21T10:14:00Z,Closed - Inactive,44640.40902777778,NULL,300 N 17th St
22000724,TRESPASSING,2022-03-21T06:01:00Z,Closed - Inactive,44641.250694444447,NULL,1531 S St
22000720,TRESPASSING,2022-03-20T02:05:00Z,Closed - Non-Criminal Case,44640.086805555555,NULL,1801 R St
22000719,ALCOHOL - DRUNK,2022-03-20T01:00:00Z,Closed - Non-Criminal Case,44640.041666666664,NULL,601 N 16th St
22000716,ASSAULT - NON DOMESTIC,2022-03-19T15:38:00Z,Closed - Inactive,44639.651388888888,NULL,2224 U St
22000709,ALCOHOL - DRUNK,2022-03-19T02:08:00Z,Closed - Non-Criminal Case,44639.088888888888,NULL,N 16TH ST & P ST
22000708,ALCOHOL - DWI,2022-03-19T01:30:00Z,Closed - Cleared by Arrest-Adult,44639.0625,NULL,200 N 16th Street
22000702,ALCOHOL - DRUNK,2022-03-18T00:58:00Z,Closed - Non-Criminal Case,44638.040277777778,NULL,1644 P Street
22000699,DISTURBANCE - OTHER,2022-03-17T16:17:00Z,Closed - Cleared by Arrest-Adult,44637.678472222222,NULL,1400 R St
22000694,ALCOHOL - DRUNK,2022-03-17T01:01:00Z,Closed - Non-Criminal Case,44637.042361111111,NULL,N 16TH ST & P ST
OS22012,SEX OFFENSE - MOLEST/FONDLING,2022-03-16T13:46:00Z,NA - Clery Report Only,44501.5,NULL,On campus
22000685,SUSPICIOUS PERSON,2022-03-16T02:16:00Z,Closed - Non-Criminal Case,44636.094444444447,NULL,1220 N 14th St
22000681,SEX OFFENSE - RAPE,2022-03-15T12:00:00Z,Closed - Inactive,42948,44197,2222 Vine St
22000673,DISTURBANCE - OTHER,2022-03-14T19:00:00Z,Closed - Non-Criminal Case,44634.78125,44634.791666666664,433 V St
22000672,FRAUD - CON GAMES/DECEPTION/FALSE    PRETENSE/OTHER,2022-03-14T17:15:00Z,Closed - Inactive,44583.708333333336,44631.875,1850 P St
OS22011,STALKING,2022-03-14T14:18:00Z,NA - Clery Report Only,NULL,NULL,Cyberspace
22000669,TELEPHONE - OBSCENE CALLS,2022-03-14T13:39:00Z,Closed - Inactive,44634.561111111114,NULL,200 Centennial Mall N
22000668,DISTURBANCE - DOMESTIC,2022-03-14T12:14:00Z,Closed - Non-Criminal Case,44634.509722222225,NULL,3320 Starr St
22000666,OUTSIDE - O.P.S. OTHER,2022-03-14T02:54:00Z,Closed - Non-Criminal Case,44634.120833333334,NULL,3097 S ST
22000665,ALCOHOL - OPEN CONTAINER,2022-03-13T04:02:00Z,Closed - Cleared by Arrest-Adult,44633.168055555558,NULL,N 14TH ST & Q ST
22000664,NARCOTICS - POSSESSION,2022-03-13T03:45:00Z,Closed - Cleared by Arrest-Adult,44633.15625,NULL,N 21ST ST
22000663,ALCOHOL - DRUNK,2022-03-13T00:53:00Z,Closed - Non-Criminal Case,44633.036805555559,NULL,N 14TH ST & AVERY AVE
22000662,ALCOHOL - DWI,2022-03-12T23:57:00Z,Closed - Cleared by Arrest-Adult,44632.997916666667,NULL,N 17TH ST & P ST
22000660,LARCENY - FROM MOTOR VEHICLE,2022-03-12T20:04:00Z,Closed - Inactive,44631.916666666664,44632.375,1430 Idylwild Dr
22000655,ALCOHOL - DWI,2022-03-12T02:04:00Z,Closed - Cleared by Arrest-Adult,44632.086111111108,NULL,P ST & N ANTELOPE VALLEY PKWY
22000653,ACCIDENTS - P.D. H&R NOT REPORTABLE,2022-03-11T23:31:00Z,Closed - Cleared by Arrest-Adult,44631.979861111111,NULL,820 N 17th St
22000651,LARCENY - MOTOR VEH. ACCESSORIES,2022-03-11T17:37:00Z,Closed - Inactive,44620.708333333336,44624.333333333336,1600 Court St
22000650,ACCIDENTS - P.D. H&R REPORTABLE,2022-03-11T15:47:00Z,Closed - Unfounded,44626.5,44631.657638888886,1111 N 14th St
22000647,VANDALISM - OTHER,2022-03-11T02:28:00Z,Closed - Non-Criminal Case,44631.102777777778,NULL,1535 R St
22000646,ALCOHOL - DWI,2022-03-11T02:14:00Z,Closed - Cleared by Arrest-Adult,44631.093055555553,NULL,1700 Vine Street
22000636,ALCOHOL - USING FALSE I.D.,2022-03-10T11:25:00Z,Closed - Cleared by Arrest-Adult,44630.475694444445,NULL,300 N 17th St
22000635,OUTSIDE - O.P.S. OTHER,2022-03-10T09:45:00Z,Closed - Non-Criminal Case,44630.365277777775,NULL,N 19TH ST & VINE ST
22000630,DISTURBANCE - OTHER,2022-03-09T18:07:00Z,Closed - Cleared by Arrest-Adult,44627,NULL,1130 N 14th St
22000628,LITTERING,2022-03-09T10:18:00Z,Closed - Non-Criminal Case,44628.916666666664,44628.9375,3835 Holdrege St
22000624,TRESPASSING,2022-03-08T22:13:00Z,Closed - Cleared by Arrest-Adult,44628.925694444442,NULL,1400 R St
22000618,ACCIDENTS - P.D. H&R NOT REPORTABLE,2022-03-08T14:15:00Z,Closed - Inactive,44628.427083333336,44628.576388888891,1000 N 16th St UNL LOT 57
OS22010,STALKING,2022-03-08T08:15:00Z,NA - Clery Report Only,NULL,NULL,On-campus Student Housing
22000612,DISTURBANCE - OTHER,2022-03-07T17:31:00Z,Closed - Non-Criminal Case,44627.722222222219,44627.729861111111,313 N 13th St
22000611,LARCENY - OTHER OR FROM OPEN AREA,2022-03-07T09:41:00Z,Closed - Inactive,44626.833333333336,44627.333333333336,880 N 17th St
22000607,VANDALISM - OTHER,2022-03-07T09:09:00Z,Closed - Inactive,44617.333333333336,44624.833333333336,1650 N 35th St
22000604,TELEPHONE - THREATENING CALLS,2022-03-06T16:33:00Z,Closed - Inactive,44626.677083333336,NULL,1650 N 35th St
22000598,ALCOHOL - DRUNK,2022-03-06T04:59:00Z,Closed - Non-Criminal Case,44626.207638888889,NULL,CENTENNIAL MALL
22000596,TRAFFIC - OTHER,2022-03-06T02:34:00Z,Closed - Cleared by Arrest-Adult,44626.106944444444,NULL,P ST & N ANTELOPE VALLEY PKWY
22000595,ALCOHOL - DWI,2022-03-06T01:17:00Z,Closed - Cleared by Arrest-Adult,44626.053472222222,NULL,N 17TH ST & Q ST
22000591,NARCOTICS - POSSESSION,2022-03-05T22:54:00Z,Closed - Cleared by Arrest-Adult,44625.95416666667,NULL,1220 N 14th St
22000590,ALCOHOL - DRUNK,2022-03-05T21:56:00Z,Closed - Non-Criminal Case,44625.913888888892,NULL,N 16TH ST & W ST
22000589,DISTURBANCE - OTHER,2022-03-05T13:38:00Z,Closed - Non-Criminal Case,44612.6875,NULL,300 N 17th St
22000587,ALCOHOL - MINOR IN POSSESSION,2022-03-05T04:21:00Z,Closed - Non-Criminal Case,44625.181250000001,NULL,880 N 17th St
22000584,ALCOHOL - DRUNK,2022-03-05T02:22:00Z,Closed - Non-Criminal Case,44625.098611111112,NULL,1600 Q Street
22000585,ALCOHOL - DWI,2022-03-05T02:13:00Z,Closed - Cleared by Arrest-Adult,44625.092361111114,NULL,R ST & N 14TH ST
22000583,ALCOHOL - DRUNK,2022-03-05T01:33:00Z,Closed - Non-Criminal Case,44625.064583333333,NULL,N 17TH ST & Q ST
22000582,NARCOTICS - POSSESSION,2022-03-04T23:50:00Z,Closed - Cleared by Arrest-Adult,44624.993055555555,NULL,615 N 19th St
22000579,ALCOHOL - DRUNK,2022-03-04T20:53:00Z,Closed - Non-Criminal Case,44624.870138888888,NULL,3291 Holdrege Street
22000577,DISTURBANCE - OTHER,2022-03-04T13:02:00Z,Closed - Non-Criminal Case,44624.543055555558,NULL,3301 Starr St
22000575,VANDALISM - BY GRAFFITI,2022-03-04T11:18:00Z,Closed - Inactive,44621.708333333336,44624.458333333336,1523 N 33rd St
22000572,ALCOHOL - DWI,2022-03-04T02:16:00Z,Closed - Cleared by Arrest-Adult,44624.094444444447,NULL,N 22ND ST & VINE ST
22000571,ALCOHOL - DRUNK,2022-03-04T01:21:00Z,Closed - Non-Criminal Case,44624.056250000001,NULL,Q ST & N 16TH ST
22000568,ALCOHOL - MINOR IN POSSESSION,2022-03-03T22:20:00Z,Closed - Non-Criminal Case,44623.930555555555,NULL,1150 N 14th St
22000564,LARCENY - STOLEN BIKE,2022-03-03T16:23:00Z,Closed - Cleared by Arrest-Adult,44611.625,44623.682638888888,600 N 15th St
22000563,SUSPICIOUS PERSON,2022-03-03T14:13:00Z,Closed - Non-Criminal Case,44623.581944444442,44623.592361111114,2400 N Antelope Valley Pky
22000561,LARCENY - OTHER OR FROM OPEN AREA,2022-03-03T12:26:00Z,Closed - Inactive,44623.410416666666,NULL,820 N 17th St
22000556,ALCOHOL - DWI,2022-03-03T02:19:00Z,Closed - Cleared by Arrest-Adult,44623.09652777778,NULL,1600 P St
22000549,ACCIDENTS - P.D. H&R NOT REPORTABLE,2022-03-02T17:20:00Z,Closed - Inactive,44622.4375,44622.71875,615 N 19th St
22000544,TELEPHONE - OBSCENE CALLS,2022-03-02T10:50:00Z,Closed - Inactive,44621.600694444445,NULL,1400 R St
22000531,LARCENY - OTHER OR FROM OPEN AREA,2022-03-01T03:03:00Z,Closed - Non-Criminal Case,44620.96875,44620.972222222219,1350 Vine St
22000526,LARCENY - FROM BUILDING,2022-02-28T17:04:00Z,Closed - Inactive,44620.5625,44620.6875,400 Stadium Dr
22000527,TELEPHONE - OBSCENE CALLS,2022-02-28T17:04:00Z,Closed - Inactive,44620.694444444445,44620.697916666664,300 N 17th St
22000524,ACCIDENTS - P.D. H&R NOT REPORTABLE,2022-02-28T14:29:00Z,Closed - Inactive,44620.51666666667,44620.59375,1329 R St
22000510,ALCOHOL - MINOR IN POSSESSION,2022-02-27T00:32:00Z,Closed - Cleared by Arrest-Adult,44619.022222222222,NULL,880 N 17th St
22000509,OUTSIDE - O.P.S. OTHER,2022-02-26T18:44:00Z,Closed - Non-Criminal Case,44618.773611111108,44618.780555555553,N 16TH ST & VINE ST
22000505,ALCOHOL - USING FALSE I.D.,2022-02-26T15:12:00Z,Closed - Cleared by Arrest-Adult,44618.633333333331,NULL,300 N 17th St
22000497,TRAFFIC - OTHER,2022-02-25T16:12:00Z,Closed - Cleared by Arrest-Adult,44617.675000000003,NULL,NA
22000494,LARCENY - STOLEN BIKE,2022-02-25T14:20:00Z,Closed - Inactive,44596.708333333336,44600.708333333336,403 Line Drive Cir
22000492,LITTERING,2022-02-25T09:06:00Z,Closed - Inactive,44610.708333333336,44616.375,HOLDREGE ST & IDYLWILD DR
22000489,ALCOHOL - MINOR IN POSSESSION,2022-02-24T22:08:00Z,Closed - Non-Criminal Case,44616.922222222223,NULL,1130 N 14th St
22000487,DISTURBANCE - OTHER,2022-02-24T15:31:00Z,Closed - Non-Criminal Case,44601,NULL,400 Pinnacle Arena Dr
22000476,NARCOTICS - POSSESSION,2022-02-23T22:08:00Z,Closed - Non-Criminal Case,44615.922222222223,NULL,600 N 15th St
22000474,LARCENY - STOLEN BIKE,2022-02-23T20:09:00Z,Closed - Inactive,44614.666666666664,44615.861111111109,820 N 17th St
22000473,EXTORTION,2022-02-23T16:32:00Z,Closed - Inactive,44615.541666666664,NULL,300 N 17th St
22000463,DISTURBANCE - OTHER,2022-02-22T13:03:00Z,Closed - Non-Criminal Case,44525.291666666664,44614.543749999997,300 N 17th St
OS210011,STALKING,2022-02-22T07:50:00Z,NA - Clery Report Only,44201.5,44561.5,On-campus Student Housing
22000452,LARCENY - STOLEN BIKE,2022-02-21T18:09:00Z,Closed - Cleared by Arrest-Adult,44470.333333333336,44612.75,1710 Arbor Dr
22000449,SUSPICIOUS PERSON,2022-02-21T14:26:00Z,Closed - Inactive,44613.601388888892,NULL,R ST & N 14TH ST
22000444,TRESPASSING,2022-02-21T09:27:00Z,Closed - Cleared by Arrest-Adult,44613.393750000003,NULL,1300 R St
22000439,DISTURBANCE - OTHER,2022-02-20T20:05:00Z,Closed - Non-Criminal Case,44612.826388888891,44612.833333333336,1645 R St
22000437,SUSPICIOUS PERSON,2022-02-20T19:13:00Z,Closed - Cleared by Arrest-Adult,44612.757638888892,44612.758333333331,1300 R St
22000432,ALCOHOL - DRUNK,2022-02-20T02:42:00Z,Closed - Non-Criminal Case,44612.112500000003,NULL,200 Centennial Mall N
22000433,ALCOHOL - DWI,2022-02-20T02:30:00Z,Closed - Cleared by Arrest-Adult,44612.104166666664,NULL,N 16TH ST & Q ST
22000431,ALCOHOL - DRUNK,2022-02-20T01:24:00Z,Closed - Non-Criminal Case,44612.058333333334,NULL,N 16TH ST & R ST
22000429,ALCOHOL - DWI,2022-02-19T23:49:00Z,Closed - Cleared by Arrest-Adult,44611.992361111108,NULL,N 17TH ST & Y ST
22000422,ALCOHOL - DRUNK,2022-02-19T01:33:00Z,Closed - Non-Criminal Case,44611.064583333333,NULL,905 N 14th St
22000423,ALCOHOL - DWI,2022-02-19T01:33:00Z,Closed - Cleared by Arrest-Adult,44611.064583333333,NULL,N 17TH ST & R ST
22000421,ALCOHOL - DWI,2022-02-19T00:02:00Z,Closed - Cleared by Arrest-Adult,44611.001388888886,NULL,R ST & N 18TH ST
22000420,ALCOHOL - DWI,2022-02-18T23:48:00Z,Closed - Cleared by Arrest-Adult,44610.991666666669,NULL,N 16TH ST & P ST
22000419,DISTURBANCE - OTHER,2022-02-18T21:30:00Z,Closed - Non-Criminal Case,44610.895833333336,NULL,1400 R St
22000415,DISTURBANCE - OTHER,2022-02-18T12:54:00Z,Closed - Non-Criminal Case,44609.875,NULL,1400 R St
22000413,LARCENY - STOLEN BIKE,2022-02-18T11:09:00Z,Closed - Cleared by Arrest-Adult,44610.464583333334,NULL,1248 R St
22000411,LARCENY - STOLEN BIKE,2022-02-18T10:42:00Z,Closed - Cleared by Arrest-Adult,44609.541666666664,44610.4375,1055 N 16th St
22000409,STALKING,2022-02-18T07:50:00Z,Closed - Inactive,43770.333333333336,44610.333333333336,NA
22000406,FRAUD - CHECKS INSUF/NO ACC/NOT FORGED,2022-02-17T17:36:00Z,Closed - Cleared by Exception,44606.685416666667,44609.73333333333,300 N 17th St
22000401,DISTURBANCE - OTHER,2022-02-17T11:09:00Z,Closed - Non-Criminal Case,44609.464583333334,44609.464583333334,NA
22000395,NARCOTICS - POSSESSION,2022-02-17T02:33:00Z,Closed - Cleared by Arrest-Adult,44609.106249999997,NULL,1150 N 14th St
22000393,ACCIDENTS - P.D. H&R NOT REPORTABLE,2022-02-16T18:19:00Z,Closed - Cleared by Arrest-Adult,44607.75,44608.760416666664,1801 R St
22000391,FALSE INFORMATION - GIVEN TO OFC.,2022-02-16T15:27:00Z,Closed - Cleared by Arrest-Adult,44608.611111111109,NULL,1400 R St
22000386,ACCIDENTS - P.D. H&R NOT REPORTABLE,2022-02-16T14:06:00Z,Closed - Non-Criminal Case,44606.833333333336,44607.5,1801 R St
22000385,DISTURBANCE - OTHER,2022-02-16T11:08:00Z,Closed - Inactive,44608.463888888888,NULL,1300 R St
22000380,ACCIDENTS - P.D. H&R NOT REPORTABLE,2022-02-15T19:22:00Z,Closed - Inactive,44605.854166666664,44607.802083333336,3855 Merrill St Lot 140
22000383,FRAUD - CON GAMES/DECEPTION/FALSE    PRETENSE/OTHER,2022-02-15T17:11:00Z,Closed - Inactive,44600.703472222223,NULL,NA
22000377,FRAUD - CON GAMES/DECEPTION/FALSE    PRETENSE/OTHER,2022-02-15T14:26:00Z,Closed - Inactive,44607.5,44607.569444444445,433 N 19th St
22000374,"HAZARDS - NON-TRAFFIC (WIRES,TREES,ETC)",2022-02-15T11:04:00Z,Closed - Non-Criminal Case,44607.395833333336,44607.520833333336,855 N 16th St
22000370,ALCOHOL - MINOR IN POSSESSION,2022-02-15T01:11:00Z,Closed - Non-Criminal Case,44607.049305555556,NULL,440 N 17th St
22000363,DISTURBANCE - OTHER,2022-02-14T15:18:00Z,Closed - Non-Criminal Case,44606.637499999997,NULL,1400 R St
22000361,TRESPASSING,2022-02-14T12:35:00Z,Closed - Inactive,44606.524305555555,NULL,1144 T St
22000351,ALCOHOL - DRUNK,2022-02-13T02:19:00Z,Closed - Non-Criminal Case,44605.09652777778,NULL,N 16TH ST & W ST
22000350,VANDALISM - OTHER,2022-02-13T01:30:00Z,Closed - Inactive,44605.0625,NULL,1150 N 14th St
22000349,DISTURBANCE - OTHER,2022-02-12T23:48:00Z,Closed - Cleared by Arrest-Adult,44604.991666666669,NULL,1545 R St
22000347,NARCOTICS - POSSESSION,2022-02-12T23:22:00Z,Closed - Cleared by Arrest-Adult,44604.973611111112,NULL,Q ST & N 17TH ST
22000344,DISTURBANCE - OTHER,2022-02-12T12:05:00Z,Closed - Non-Criminal Case,44604,NULL,600 N 15th St
22000341,NARCOTICS - POSSESSION,2022-02-12T01:37:00Z,Closed - Cleared by Arrest-Adult,44604.067361111112,NULL,N 19TH ST & S ST
22000340,ALCOHOL - USING FALSE I.D.,2022-02-12T00:40:00Z,Closed - Cleared by Arrest-Adult,44604.027777777781,NULL,600 N 15th St
22000339,ALCOHOL - MINOR IN POSSESSION,2022-02-12T00:30:00Z,Closed - Cleared by Arrest-Adult,44604.020833333336,NULL,440 N 17th St
22000338,ALCOHOL - MINOR IN POSSESSION,2022-02-12T00:04:00Z,Closed - Cleared by Arrest-Adult,44604.00277777778,NULL,N 14TH ST & R ST
22000336,TRESPASSING,2022-02-11T22:08:00Z,Closed - Non-Criminal Case,44603.922222222223,NULL,1780 R St
22000331,LARCENY - FROM BUILDING,2022-02-11T17:01:00Z,Closed - Inactive,NULL,NULL,880 N 17th St
22000326,ASSAULT - NON DOMESTIC,2022-02-11T03:36:00Z,Closed - Non-Criminal Case,44603.15,NULL,1433 R St
22000325,ALCOHOL - MINOR IN POSSESSION,2022-02-11T03:07:00Z,Closed - Cleared by Arrest-Adult,44603.129861111112,NULL,N 17TH ST & VINE ST
22000322,TRESPASSING,2022-02-11T00:33:00Z,Closed - Non-Criminal Case,44603.022916666669,NULL,440 N 17th St
22000317,SUSPICIOUS PERSON,2022-02-10T01:25:00Z,Closed - Cleared by Arrest-Adult,44602.059027777781,NULL,630 N 14th St
22000303,TRESPASSING,2022-02-08T19:25:00Z,Closed - Non-Criminal Case,44600.808333333334,NULL,1400 R St
22000301,ALCOHOL - DRUNK,2022-02-08T14:51:00Z,Closed - Non-Criminal Case,44600.618750000001,NULL,1400 R St
22000296,VANDALISM - OTHER,2022-02-08T12:18:00Z,Closed - Cleared by Arrest-Adult,44600.512499999997,NULL,1705 Arbor Dr
22000291,ACCIDENTS - P.D. H&R NOT REPORTABLE,2022-02-08T08:45:00Z,Closed - Non-Criminal Case,44597.458333333336,44600.5625,1600 Court St
22000289,LARCENY - FROM BUILDING,2022-02-07T22:33:00Z,Closed - Cleared by Arrest-Adult,44599.911111111112,NULL,1350 Vine St
22000287,TRESPASSING,2022-02-07T20:13:00Z,Closed - Cleared by Arrest-Adult,44599.842361111114,NULL,1400 R St
22000286,DISTURBANCE - OTHER,2022-02-07T13:45:00Z,Closed - Non-Criminal Case,44599.5625,NULL,820 N 16th St
22000277,ALCOHOL - MINOR IN POSSESSION,2022-02-06T00:32:00Z,Closed - Cleared by Arrest-Adult,44598.022222222222,NULL,733 N 17th St
22000265,NARCOTICS - OTHER,2022-02-04T19:52:00Z,Closed - Non-Criminal Case,44596.827777777777,NULL,880 N 17th St
22000264,ACCIDENTS - P.D. H&R NOT REPORTABLE,2022-02-04T15:50:00Z,Closed - Non-Criminal Case,44596.579861111109,44596.645833333336,745 N 14th St
22000261,DISTURBANCE - OTHER,2022-02-04T09:22:00Z,Closed - Inactive,44586.333333333336,44595.770833333336,3310 Holdrege St
22000258,DISTURBANCE - OTHER,2022-02-04T01:18:00Z,Closed - Non-Criminal Case,44596.533333333333,NULL,NA
22000253,OUTSIDE - O.P.S. OTHER,2022-02-03T20:47:00Z,Closed - Non-Criminal Case,44595.068749999999,NULL,R ST & N 16TH ST
22000248,VANDALISM - BY GRAFFITI,2022-02-02T20:34:00Z,Closed - Inactive,NULL,NULL,1360 Vine St
OS22009,SEX OFFENSE - MOLEST/FONDLING,2022-02-02T09:57:00Z,NA - Clery Report Only,44125.5,NULL,On-campus Student Housing
OS22008,SEX OFFENSE - RAPE,2022-02-02T09:53:00Z,NA - Clery Report Only,44154.5,NULL,On-campus Student Housing
OS22007,SEX OFFENSE - RAPE,2022-02-02T09:46:00Z,NA - Clery Report Only,44510.5,NULL,On campus
OS22006,SEX OFFENSE - RAPE,2022-02-02T09:35:00Z,NA - Clery Report Only,NULL,NULL,On-campus Student Housing
22000238,FRAUD - IMPERSONATION,2022-02-01T18:12:00Z,Closed - Inactive,44593.746527777781,44593.750694444447,NA
OS22005,STALKING,2022-02-01T13:51:00Z,NA - Clery Report Only,44044.5,44264.5,On campus
22000234,DISTURBANCE - OTHER,2022-02-01T08:00:00Z,Closed - Non-Criminal Case,44591.585416666669,NULL,501 N 14th St
OS22004,ASSAULT - DOMESTIC,2022-01-31T10:52:00Z,NA - Clery Report Only,44220.5,NULL,On-campus Student Housing
22000228,TELEPHONE - OBSCENE CALLS,2022-01-31T10:40:00Z,Closed - Inactive,44585.604861111111,NULL,1220 T St
22000218,NARCOTICS - OTHER,2022-01-29T20:13:00Z,Closed - Non-Criminal Case,44590.842361111114,NULL,1120 N 14th St
22000217,ACCIDENTS - P.D. H&R NOT REPORTABLE,2022-01-29T12:48:00Z,Closed - Inactive,44545.333333333336,44588.760416666664,300 N 17th St
22000216,DISTURBANCE - OTHER,2022-01-29T12:42:00Z,Closed - Inactive,44590.529166666667,44590.529166666667,880 N 17th St
22000215,FIRE (WORKING) - ALARM,2022-01-29T11:17:00Z,Closed - Non-Criminal Case,44590.470138888886,NULL,2244 Vine St
22000213,VANDALISM - BY GRAFFITI,2022-01-29T04:36:00Z,Closed - Inactive,44590.191666666666,44590.191666666666,1780 R St
22000210,ALCOHOL - DRUNK,2022-01-29T02:16:00Z,Closed - Non-Criminal Case,44590.094444444447,NULL,820 N 17th St
22000211,FND ARTICLE OTHER THAN ABAND. BIKE OR VEH.,2022-01-29T02:01:00Z,Closed - Cleared by Arrest-Adult,44589.916666666664,44590.084027777775,433 N 19th St
22000199,DISTURBANCE - OTHER,2022-01-28T04:00:00Z,Closed - Non-Criminal Case,44589,44589.125,600 N 15th St
22000198,SEX OFFENSE - RAPE,2022-01-28T00:44:00Z,Closed - Inactive,44445,44575,1780 R St
22000197,VANDALISM - OTHER,2022-01-27T21:20:00Z,Closed - Inactive,44587.729166666664,44588.888888888891,433 V St
22000196,LARCENY - FROM MOTOR VEHICLE,2022-01-27T20:55:00Z,Closed - Inactive,44577.000694444447,44588.871527777781,1111 N 14th St
21000194,VANDALISM - OTHER,2022-01-27T14:44:00Z,Closed - Inactive,44588.5625,44588.611111111109,3420 Holdrege St
22000194,VANDALISM - OTHER,2022-01-27T14:44:00Z,Closed - Inactive,44588.5625,44588.611111111109,3420 Holdrege St
22000192,FND ARTICLE OTHER THAN ABAND. BIKE OR VEH.,2022-01-27T02:15:00Z,Closed - Non-Criminal Case,44588.09375,NULL,635 N 16th St
22000186,TRESPASSING,2022-01-27T02:02:00Z,Closed - Cleared by Arrest-Adult,44588.051388888889,NULL,3248 Starr St
22000185,TRAFFIC - OTHER,2022-01-27T00:46:00Z,Closed - Cleared by Arrest-Adult,44588.031944444447,NULL,N ANTELOPE VALLEY PKWY & VINE ST
22000184,LARCENY - STOLEN BIKE,2022-01-26T23:26:00Z,Closed - Inactive,44573.000694444447,44586.999305555553,841 N 14th St
22000176,LARCENY - FROM MOTOR VEHICLE,2022-01-26T08:39:00Z,Closed - Inactive,44586.875,44587.340277777781,2255 Vine St
22000174,TRESPASSING,2022-01-26T02:42:00Z,Closed - Inactive,44587.112500000003,NULL,3248 Starr St
22000172,DISTURBANCE - OTHER,2022-01-25T17:25:00Z,Closed - Non-Criminal Case,44586.708333333336,44586.725694444445,1400 R St
22000171,TRESPASSING,2022-01-25T16:01:00Z,Closed - Cleared by Arrest-Adult,44586.667361111111,44586.667361111111,3248 Starr St
22000170,FRAUD - CON GAMES/DECEPTION/FALSE    PRETENSE/OTHER,2022-01-25T15:36:00Z,Closed - Non-Criminal Case,44585.370138888888,NULL,1120 N 14th St
22000169,TRESPASSING,2022-01-25T15:32:00Z,Closed - Non-Criminal Case,44585.145833333336,44585.34375,3248 Starr St
22000167,LARCENY - STOLEN BIKE,2022-01-25T11:37:00Z,Closed - Inactive,44582.479166666664,44582.555555555555,820 N 16th St
22000160,ASSAULT - NON DOMESTIC,2022-01-24T19:51:00Z,Closed - Inactive,44585.8125,44585.819444444445,845 N 14th St
22000151,TRAFFIC - SUSPENDED DRIVER,2022-01-23T06:23:00Z,Closed - Cleared by Arrest-Adult,44584.265972222223,NULL,N 12TH ST & O ST
22000150,ALCOHOL - DWI,2022-01-23T00:58:00Z,Closed - Cleared by Arrest-Adult,44584.040277777778,NULL,N 16TH ST & R ST
22000149,OUTSIDE - O.P.S. OTHER,2022-01-23T00:03:00Z,Closed - Non-Criminal Case,44584.002083333333,NULL,1434 O Street
22000147,NARCOTICS - POSSESSION,2022-01-22T22:03:00Z,Closed - Non-Criminal Case,44583.918749999997,NULL,433 N 19th St
22000146,AUTO THEFT,2022-01-22T12:04:00Z,Closed - Inactive,44582.583333333336,44583.50277777778,1220 North 14th Street
22000144,VANDALISM - OTHER,2022-01-22T11:39:00Z,Closed - Inactive,44582.791666666664,44583.4375,400 University Terrace
22000140,ALCOHOL - MINOR IN POSSESSION,2022-01-22T00:57:00Z,Closed - Cleared by Arrest-Adult,44583.039583333331,NULL,1130 N 14th St
22000137,ASSAULT - DOMESTIC,2022-01-21T17:13:00Z,Closed - Cleared by Arrest-Adult,44582.717361111114,NULL,2244 Vine St
22000133,LARCENY - STOLEN BIKE,2022-01-21T13:24:00Z,Closed - Inactive,44890.79791666667,NULL,440 N 17th St
22000132,LARCENY - OTHER OR FROM OPEN AREA,2022-01-21T12:34:00Z,Closed - Inactive,44578.75,44579.61041666667,415 N 16th St
OS22003,SEX OFFENSE - RAPE,2022-01-21T07:57:00Z,NA - Clery Report Only,44044.5,44196.5,On-campus Student Housing
22000129,ALCOHOL - DWI,2022-01-21T01:56:00Z,Closed - Cleared by Arrest-Adult,44582.080555555556,NULL,N 16TH ST & S ST
22000142,DISTURBANCE - OTHER,2022-01-21T01:26:00Z,Closed - Non-Criminal Case,44582.874305555553,NULL,300 N 17th St
22000127,ALCOHOL - DWI,2022-01-20T23:46:00Z,Closed - Cleared by Arrest-Adult,44581.990277777775,NULL,N 17TH ST & Q ST
22000123,FRAUD - CON GAMES/DECEPTION/FALSE    PRETENSE/OTHER,2022-01-20T19:28:00Z,Closed - Inactive,44581.811111111114,44581.811111111114,300 N 17th St
22000115,ALCOHOL - MINOR IN POSSESSION,2022-01-20T01:55:00Z,Closed - Non-Criminal Case,44581.079861111109,NULL,733 N 17th St
22000114,NARCOTICS - POSSESSION,2022-01-20T01:25:00Z,Closed - Cleared by Arrest-Adult,44581.059027777781,NULL,1220 N 14th St
22000111,TRAFFIC - OTHER,2022-01-19T22:49:00Z,Closed - Inactive,44580.950694444444,NULL,N ANTELOPE VALLEY PKWY & Q ST
22000109,TRAFFIC - SUSPENDED DRIVER,2022-01-19T21:42:00Z,Closed - Cleared by Arrest-Adult,44580.904166666667,NULL,N 12TH ST & Q ST
22000104,LARCENY - OTHER OR FROM OPEN AREA,2022-01-19T11:31:00Z,Closed - Inactive,44580.375,44580.458333333336,900 N 16th St
22000097,ALCOHOL - MINOR IN POSSESSION,2022-01-18T22:47:00Z,Closed - Non-Criminal Case,44579.949305555558,NULL,820 N 17th St
22000094,LARCENY - STOLEN BIKE,2022-01-18T14:38:00Z,Closed - Inactive,44579.333333333336,44579.5,730 N 14th St
OS22002,SEX OFFENSE - RAPE,2022-01-18T11:53:00Z,NA - Clery Report Only,44044.5,44196.5,On campus
22000092,DISTURBANCE - OTHER,2022-01-18T11:21:00Z,Closed - Non-Criminal Case,44579.472916666666,NULL,639 N 12th St
22000089,VANDALISM - OTHER,2022-01-17T13:15:00Z,Closed - Inactive,44578.515277777777,NULL,300 N 17th St
22000082,TRESPASSING,2022-01-16T13:31:00Z,Closed - Cleared by Arrest-Adult,44577.563194444447,NULL,3420 Leighton Ave
22000078,WEAPONS - CONCEALED,2022-01-15T22:36:00Z,Closed - Cleared by Arrest-Adult,44576.941666666666,NULL,N 16TH ST & VINE ST
22000072,ALCOHOL - DWI,2022-01-15T04:07:00Z,Closed - Cleared by Arrest-Adult,44576.171527777777,NULL,N 12TH ST & Q ST
22000068,NARCOTICS - POSSESSION,2022-01-14T12:17:00Z,Closed - Cleared by Arrest-Adult,44575.511805555558,NULL,600 N 15th St
22000065,LARCENY - STOLEN BIKE,2022-01-14T08:58:00Z,Closed - Inactive,44546.5,44574.791666666664,1055 N 16th St
22000060,LARCENY - FROM BUILDING,2022-01-13T13:39:00Z,Closed - Inactive,44566.333333333336,44572.708333333336,1300 R St
22000059,OUTSIDE - O.P.S. OTHER,2022-01-13T13:00:00Z,Closed - Inactive,44574.541666666664,NULL,3331 Holdrege St.
22000056,ALCOHOL - DWI,2022-01-12T23:51:00Z,Closed - Cleared by Arrest-Adult,44573.993750000001,NULL,N 17TH ST & Y ST
22000055,WEAPONS – OTHER,2022-01-12T15:52:00Z,Closed - Cleared by Arrest-Adult,44573.661111111112,44573.663888888892,1400 R St
OS22001,SEX OFFENSE - RAPE,2022-01-11T10:48:00Z,NA - Clery Report Only,44075.5,NULL,On campus
22000048,CHILD ABUSE/NEG - PHYSICAL ABUSE,2022-01-10T16:44:00Z,Closed - Non-Criminal Case,44568.520833333336,44568.708333333336,2225 W St
22000042,ALCOHOL - DRUNK,2022-01-09T02:02:00Z,Closed - Non-Criminal Case,44570.084722222222,NULL,N 20TH ST & P ST
22000041,LARCENY - FROM BUILDING,2022-01-08T23:26:00Z,Closed - Non-Criminal Case,NULL,NULL,433 N 19th St
22000033,LARCENY - FROM BUILDING,2022-01-07T21:00:00Z,Closed - Inactive,44917,NULL,1130 N 14th St
22000029,LARCENY - STOLEN BIKE,2022-01-06T17:35:00Z,Closed - Inactive,44548.333333333336,44565.333333333336,433 N 19th St
22000027,ACCIDENTS - INJURY,2022-01-06T13:48:00Z,Closed - Inactive,44567.574999999997,NULL,4075 East Campus Loop S
22000026,EXTORTION,2022-01-06T12:00:00Z,Closed - Non-Criminal Case,44567.333333333336,44567.479166666664,1130 N 14th St
22000023,OUTSIDE - O.P.S. OTHER,2022-01-05T13:44:00Z,Closed - Non-Criminal Case,NULL,NULL,1220 N 14th St
22000015,DISTURBANCE - OTHER,2022-01-04T16:42:00Z,Closed - Non-Criminal Case,NULL,NULL,880 N 17th St
22000003,ALCOHOL - DRUNK,2022-01-01T02:43:00Z,Closed - Non-Criminal Case,44562.113194444442,NULL,N 16TH ST & S ST
22000002,ALCOHOL - DWI,2022-01-01T01:54:00Z,Closed - Cleared by Arrest-Adult,44562.07916666667,NULL,N 17TH ST & Q ST
22000001,NARCOTICS - OTHER,2022-01-01T00:06:00Z,Closed - Non-Criminal Case,44562.004166666666,NULL,1150 N 14th St
21003994,NARCOTICS - POSSESSION,2021-12-23T04:18:00Z,Closed - Cleared by Arrest-Adult,44553.179166666669,NULL,512 N 12th St
21003993,ALCOHOL - DRUNK,2021-12-23T02:12:00Z,Closed - Non-Criminal Case,44553.082638888889,NULL,200 Centennial Mall N
21003984,VANDALISM - OTHER,2021-12-20T23:41:00Z,Closed - Inactive,NULL,NULL,1220 N 14th St
21003983,DISTURBANCE - OTHER,2021-12-20T17:39:00Z,Closed - Inactive,44547.770833333336,44547.791666666664,503 N 14th St
21003978,LARCENY - FROM BUILDING,2021-12-19T20:16:00Z,Closed - Inactive,NULL,NULL,433 N 19th St
21003975,TRAFFIC - OTHER,2021-12-19T02:17:00Z,Closed - Inactive,44549.095138888886,NULL,N ANTELOPE VALLEY PKWY & Q ST
21003974,ALCOHOL - DWI,2021-12-18T23:31:00Z,Closed - Cleared by Arrest-Adult,44548.979861111111,NULL,P ST & CENTENNIAL MALL
21003970,ALCOHOL - DRUNK,2021-12-18T06:09:00Z,Closed - Non-Criminal Case,44548.256249999999,NULL,630 N 14th St
21003968,ALCOHOL - DRUNK,2021-12-18T01:53:00Z,Closed - Non-Criminal Case,44548.078472222223,NULL,1644 P Street
21003967,ALCOHOL - DWI,2021-12-17T22:21:00Z,Closed - Cleared by Arrest-Adult,44547.931250000001,NULL,VINE ST & N 16TH ST
21003966,TRAFFIC - OTHER,2021-12-17T21:47:00Z,Closed - Cleared by Arrest-Adult,44547.907638888886,NULL,N 16TH ST & P ST
21003962,SS - LOCKED OUT,2021-12-17T14:26:00Z,Closed - Non-Criminal Case,44547.601388888892,NULL,560 Stadium Dr
21003959,LARCENY - FROM MOTOR VEHICLE,2021-12-17T13:42:00Z,Closed - Inactive,44546.416666666664,44547.5,300 N 17th St
21003952,TRESPASSING,2021-12-17T04:53:00Z,Closed - Inactive,44547.203472222223,NULL,300 N 17th St
21003950,WEAPONS - CONCEALED,2021-12-17T02:00:00Z,Closed - Cleared by Arrest-Adult,44547.083333333336,NULL,N 17TH ST & Q ST
21003949,ALCOHOL - UNL POLICY VIOLATION,2021-12-16T23:03:00Z,Closed - Non-Criminal Case,44546.960416666669,NULL,1150 N 14th St
21003944,VANDALISM - OTHER,2021-12-16T13:44:00Z,Closed - Inactive,44528.708333333336,44546.572222222225,1600 Court St
21003943,LARCENY - STOLEN BIKE,2021-12-16T13:09:00Z,Closed - Inactive,44546.34375,44546.54791666667,1825 N 38th St
21003941,LARCENY - FROM BUILDING,2021-12-16T11:49:00Z,Closed - Inactive,44543.666666666664,44543.708333333336,1650 N 35th St
21003935,ALCOHOL - DRUNK,2021-12-16T03:44:00Z,Closed - Non-Criminal Case,44546.155555555553,NULL,1130 N 14th St
21003933,ALCOHOL - UNL POLICY VIOLATION,2021-12-16T00:32:00Z,Closed - Non-Criminal Case,44546.022222222222,NULL,1150 N 14th St
21003929,BURGLARY,2021-12-15T11:43:00Z,Closed - Cleared by Arrest-Adult,44545.469444444447,44545.486111111109,4075 East Campus Loop S
21003924,AUTO THEFT,2021-12-15T09:30:00Z,Closed - Cleared by Arrest-Adult,44545.179861111108,NULL,3455 Holdrege Street
21003921,NARCOTICS - OTHER,2021-12-14T23:06:00Z,Closed - Non-Criminal Case,44544.962500000001,NULL,600 N 15th St
21003912,LARCENY - FROM BUILDING,2021-12-14T11:04:00Z,Closed - Inactive,44531.5,44531.541666666664,4075 East Campus Loop S
21003913,DISTURBANCE - OTHER,2021-12-14T10:52:00Z,Closed - Inactive,44544.412499999999,44544.413194444445,200 Centennial Mall N
21003911,LARCENY - FROM BUILDING,2021-12-14T08:15:00Z,Closed - Inactive,44543.416666666664,44543.458333333336,4075 East Campus Loop S
21003905,LARCENY - FROM BUILDING,2021-12-13T19:36:00Z,Closed - Inactive,44543.388888888891,44543.46875,4075 East Campus Loop S
21003903,FRAUD - CHECKS INSUF/NO ACC/NOT FORGED,2021-12-13T11:45:00Z,Closed - Inactive,44543,44543.489583333336,300 N 17th St
21003901,LARCENY - FROM MOTOR VEHICLE,2021-12-13T10:16:00Z,Closed - Inactive,44542.958333333336,44543.395833333336,1150 N 14th St
21003899,DEATH - SUICIDE,2021-12-13T06:10:00Z,Closed - Non-Criminal Case,44543.227777777778,44543.228472222225,1801 R St
21003891,ALCOHOL - DRUNK,2021-12-12T13:32:00Z,Closed - Non-Criminal Case,NULL,NULL,707 Stadium Dr
21003887,ALCOHOL - DRUNK,2021-12-12T04:01:00Z,Closed - Non-Criminal Case,44542.167361111111,NULL,600 N 15th St
21003884,ALCOHOL - DRUNK,2021-12-12T01:45:00Z,Closed - Non-Criminal Case,44542.072916666664,NULL,N 14TH ST & Q ST
21003883,NARCOTICS - POSSESSION,2021-12-11T23:06:00Z,Closed - Cleared by Arrest-Juvenile,44541.962500000001,NULL,N 14TH ST & P ST
21003877,ALCOHOL - DWI,2021-12-11T01:07:00Z,Closed - Cleared by Arrest-Adult,44541.046527777777,NULL,N 16TH ST & Q ST
21003876,VANDALISM - OTHER,2021-12-11T00:25:00Z,Closed - Inactive,44541.017361111109,NULL,1780 R St
21003874,ALCOHOL - DRUNK,2021-12-10T23:38:00Z,Closed - Non-Criminal Case,44540.984722222223,NULL,P ST & N 16TH ST
21003879,NARCOTICS - OTHER,2021-12-10T18:47:00Z,Closed - Inactive,44540.614583333336,NULL,1055 N 16th St
21003864,TRESPASSING,2021-12-10T02:14:00Z,Closed - Cleared by Arrest-Adult,44540.093055555553,NULL,625 N 16th St
21003863,ALCOHOL - USING FALSE I.D.,2021-12-10T02:03:00Z,Closed - Cleared by Arrest-Adult,44540.085416666669,NULL,1300 R St
21003861,NARCOTICS - POSSESSION,2021-12-09T23:09:00Z,Closed - Cleared by Arrest-Adult,44539.964583333334,NULL,600 N 15th St
21003856,FRAUD - CON GAMES/DECEPTION/FALSE    PRETENSE/OTHER,2021-12-09T19:15:00Z,Closed - Inactive,44526.802083333336,44537.802083333336,1645 R Street
21003850,ACCIDENTS - P.D. H&R NOT REPORTABLE,2021-12-09T14:38:00Z,Closed - Inactive,44528.708333333336,44535.875,1830 Vine St
21003840,SUSPICIOUS PERSON,2021-12-08T18:05:00Z,Closed - Inactive,44533.729166666664,44538.75,480 N 16th St
21003834,ALCOHOL - DRUNK,2021-12-08T01:08:00Z,Closed - Non-Criminal Case,44538.010416666664,44538.047222222223,1130 N 14th St
21003827,ACCIDENTS - P.D. H&R NOT REPORTABLE,2021-12-07T21:12:00Z,Closed - Cleared by Arrest-Adult,44537.883333333331,44537.883333333331,300 N 17th St
21003829,VANDALISM - OTHER,2021-12-07T15:57:00Z,Closed - Cleared by Arrest-Adult,44537.664583333331,NULL,1150 N 14th St
21003825,LARCENY - OTHER OR FROM OPEN AREA,2021-12-07T14:44:00Z,Closed - Cleared by Arrest-Adult,44534.395833333336,44536.375,1400 R St
21003823,DISTURBANCE - OTHER,2021-12-07T13:00:00Z,Closed - Inactive,44502.354166666664,44537.541666666664,300 N 17th St
21003822,DISTURBANCE - DOMESTIC,2021-12-07T10:42:00Z,Closed - Inactive,44537.041666666664,NULL,1055 N 16th St
21003813,ACCIDENTS - P.D. H&R NOT REPORTABLE,2021-12-06T16:05:00Z,Closed - Non-Criminal Case,44536.388888888891,44536.635416666664,933 N 16th St
21003806,OUTSIDE - O.P.S. OTHER,2021-12-06T13:12:00Z,Closed - Inactive,44536.55,NULL,2330 N 44 St Apt 2
21003805,DISTURBANCE - OTHER,2021-12-06T09:12:00Z,Closed - Inactive,44534.520833333336,NULL,NA
21003801,NARCOTICS - OTHER,2021-12-05T22:16:00Z,Closed - Non-Criminal Case,44535.927777777775,44535.927777777775,880 N 17th St
21003800,DISTURBANCE - OTHER,2021-12-05T20:11:00Z,Closed - Inactive,44535.84097222222,NULL,600 N 15th St
21003799,LARCENY - FROM BUILDING,2021-12-05T17:05:00Z,Closed - Non-Criminal Case,44533.625,44533.708333333336,1600 Court St
21003791,DISTURBANCE - OTHER,2021-12-05T01:22:00Z,Closed - Non-Criminal Case,44535.056944444441,NULL,433 N 19th St
21003790,ALCOHOL - DWI,2021-12-05T00:02:00Z,Closed - Cleared by Arrest-Adult,44535.001388888886,NULL,N 10TH ST & SALT CREEK RD
21003789,WEAPONS - CONCEALED,2021-12-04T23:39:00Z,Closed - Cleared by Arrest-Adult,44534.98541666667,NULL,N 9TH ST & U ST
21003785,NARCOTICS - OTHER,2021-12-04T17:25:00Z,Closed - Inactive,44534.725694444445,NULL,1055 N 16th St
21003780,ACCIDENTS - P.D. H&R NOT REPORTABLE,2021-12-04T08:42:00Z,Closed - Cleared by Arrest-Adult,44534.115277777775,44534.116666666669,1400 R St
21003779,ALCOHOL - DWI,2021-12-04T02:10:00Z,Closed - Cleared by Arrest-Adult,44534.090277777781,NULL,N 19TH ST & R ST
21003778,ALCOHOL - MINOR IN POSSESSION,2021-12-04T01:52:00Z,Closed - Cleared by Arrest-Adult,44534.077777777777,NULL,1400 R St
21003764,OUTSIDE - O.P.S. OTHER,2021-12-03T13:36:00Z,Closed - Inactive,44532.409722222219,44532.413194444445,P ST & N 10TH ST
21003761,NARCOTICS - POSSESSION,2021-12-03T01:11:00Z,Closed - Cleared by Arrest-Adult,44533.049305555556,NULL,1150 N 14th St
21003760,ALCOHOL - MINOR IN POSSESSION,2021-12-03T00:31:00Z,Closed - Non-Criminal Case,44533.021527777775,NULL,1150 N 14th St
21003754,ALCOHOL - USING FALSE I.D.,2021-12-02T16:56:00Z,Closed - Cleared by Arrest-Adult,44532.705555555556,NULL,1120 N 14th St
21003753,DISTURBANCE - OTHER,2021-12-02T14:47:00Z,Closed - Cleared by Arrest-Adult,44531.986111111109,44532.006944444445,433 N 19th St
21003749,VANDALISM - OTHER,2021-12-02T13:08:00Z,Closed - Cleared by Arrest-Adult,44528.333333333336,44532.476388888892,1111 N 14th St
21003743,NARCOTICS - POSSESSION,2021-12-01T23:47:00Z,Closed - Non-Criminal Case,44531.990972222222,NULL,440 N 17th St
21003740,LARCENY - FROM MOTOR VEHICLE,2021-12-01T19:59:00Z,Closed - Inactive,44531.416666666664,44531.829861111109,200 Centennial Mall N
21003736,LARCENY - FROM BUILDING,2021-12-01T11:07:00Z,Closed - Inactive,44440.333333333336,44517.958333333336,512 N 12th St
21003734,"HAZARDS - NON-TRAFFIC (WIRES,TREES,ETC)",2021-12-01T08:06:00Z,Closed - Non-Criminal Case,NULL,NULL,1140 N 14th St
21003732,ANIMAL - DOG BITE TO PERSON,2021-11-30T21:05:00Z,Closed - Non-Criminal Case,44530.839583333334,NULL,1120 N 14th St
21003718,PARKING - OTHER,2021-11-29T21:41:00Z,Closed - Non-Criminal Case,44529.90347222222,NULL,101 Charleston St
21003708,DISTURBANCE - OTHER,2021-11-29T11:45:00Z,Closed - Inactive,NULL,NULL,1248 R St
21003705,TELEPHONE - OTHER,2021-11-29T10:19:00Z,Closed - Inactive,44523.708333333336,44529.333333333336,660 N 12th St
21003703,DISTURBANCE - OTHER,2021-11-28T19:27:00Z,Closed - Inactive,44528.798611111109,NULL,3320 Starr St
21003701,ALCOHOL - DRUNK,2021-11-28T00:04:00Z,Closed - Non-Criminal Case,44528.00277777778,NULL,1111 N 14th St
21003700,TRESPASSING,2021-11-27T22:52:00Z,Closed - Non-Criminal Case,44527.952777777777,NULL,440 N 17th St
21003695,DISTURBANCE - OTHER,2021-11-27T07:49:00Z,Closed - Non-Criminal Case,44526.458333333336,44526.489583333336,1100 T St
21003694,TRAFFIC - SUSPENDED DRIVER,2021-11-27T02:26:00Z,Closed - Cleared by Arrest-Adult,44527.101388888892,NULL,N 17TH ST & P ST
21003692,ALCOHOL - DRUNK,2021-11-26T22:49:00Z,Closed - Non-Criminal Case,127801.95069444444,NULL,1300 R St
21003691,ALCOHOL - DRUNK,2021-11-26T21:52:00Z,Closed - Cleared by Arrest-Adult,44526.911111111112,NULL,433 V St
21003689,ALCOHOL - DRUNK,2021-11-26T16:30:00Z,Closed - Non-Criminal Case,44526.6875,NULL,1100 T Street
21003688,ASSAULT - NON DOMESTIC,2021-11-26T15:32:00Z,Closed - Cleared by Arrest-Juvenile,44526.647222222222,NULL,2300 S 16th St
21003687,ASSAULT - OF POLICE OFFICER,2021-11-26T14:00:00Z,Closed - Cleared by Arrest-Juvenile,44526.583333333336,NULL,625 Stadium Dr
21003680,LARCENY - OTHER OR FROM OPEN AREA,2021-11-26T02:06:00Z,Closed - Cleared by Arrest-Adult,44526.087500000001,NULL,440 N 17th St
21003678,TRAFFIC - SUSPENDED DRIVER,2021-11-25T02:13:00Z,Closed - Cleared by Arrest-Adult,44525.092361111114,NULL,ANTELOPE VALLEY PARKWAY & P ST
21003677,NARCOTICS - POSSESSION,2021-11-24T22:30:00Z,Closed - Cleared by Arrest-Adult,44524.9375,NULL,N 18TH ST & Q ST
21003671,SUSPICIOUS PERSON,2021-11-24T07:58:00Z,Closed - Non-Criminal Case,44515.607638888891,NULL,NA
21003669,FRAUD - CON GAMES/DECEPTION/FALSE    PRETENSE/OTHER,2021-11-24T04:42:00Z,Closed - Inactive,44523.765277777777,NULL,NA
21003668,DISTURBANCE - DOMESTIC,2021-11-23T23:39:00Z,Closed - Non-Criminal Case,44523.98541666667,NULL,1150 N 14th St
21003666,ACCIDENTS - P.D. H&R NOT REPORTABLE,2021-11-23T22:06:00Z,Closed - Inactive,44522.6875,44523.875,1710 Arbor Dr
21003665,ALCOHOL - DRUNK,2021-11-23T21:35:00Z,Closed - Non-Criminal Case,44523.899305555555,NULL,1130 N 14th St
21003662,DISTURBANCE - OTHER,2021-11-23T16:33:00Z,Closed - Non-Criminal Case,44523.765277777777,NULL,300 N 17th St
21003661,DISTURBANCE - OTHER,2021-11-23T14:23:00Z,Closed - Inactive,44523.541666666664,44523.54583333333,NA
21003656,ASSAULT - NON DOMESTIC,2021-11-23T09:28:00Z,Closed - Cleared by Arrest-Adult,44523.390277777777,NULL,1545 R St
21003649,DISTURBANCE - OTHER,2021-11-22T14:23:00Z,Closed - Inactive,44513.645138888889,NULL,NA
21003648,VANDALISM - OTHER,2021-11-22T13:15:00Z,Closed - Inactive,44518.875,44519.333333333336,501 N 14th St
21003647,VANDALISM - OTHER,2021-11-22T10:03:00Z,Closed - Inactive,44515.875,44521.645833333336,N 39TH ST & CENTER ST
21003642,ACCIDENTS - P.D. H&R NOT REPORTABLE,2021-11-21T21:10:00Z,Closed - Inactive,44520.583333333336,44521.5,1220 N 14th St
21003640,FIRE - FALSE ALARM,2021-11-21T02:54:00Z,Closed - Inactive,44521.120833333334,NULL,715 N 16th St
21003639,OUTSIDE - O.P.S. OTHER,2021-11-21T01:54:00Z,Closed - Non-Criminal Case,44521.07916666667,NULL,N 11TH ST & Q ST
21003637,ALCOHOL - MINOR IN POSSESSION,2021-11-21T00:56:00Z,Closed - Cleared by Arrest-Adult,44521.038888888892,NULL,X ST & N 16TH ST
21003628,ALCOHOL - MINOR IN POSSESSION,2021-11-20T02:28:00Z,Closed - Cleared by Arrest-Adult,44520.102777777778,NULL,R ST & N 16TH ST
21003627,DISTURBANCE - OTHER,2021-11-19T23:47:00Z,Closed - Inactive,44519.990972222222,44519.990972222222,1880 Transformation Dr
21003615,NARCOTICS - POSSESSION,2021-11-19T04:33:00Z,Closed - Cleared by Arrest-Adult,44519.189583333333,NULL,1120 N 14th St
21003613,ALCOHOL - MINOR IN POSSESSION,2021-11-19T02:02:00Z,Closed - Cleared by Arrest-Adult,44519.084722222222,NULL,1830 Vine St
21003612,TRAFFIC - SUSPENDED DRIVER,2021-11-19T00:10:00Z,Closed - Cleared by Arrest-Adult,44519.006944444445,NULL,N 18TH ST & P ST
21003605,TRESPASSING,2021-11-18T08:54:00Z,Closed - Cleared by Arrest-Adult,44518.370833333334,NULL,3248 Starr St
21003600,ALCOHOL - MINOR IN POSSESSION,2021-11-18T04:49:00Z,Closed - Non-Criminal Case,44518.200694444444,NULL,440 N 17th St
21003598,ALCOHOL - MINOR IN POSSESSION,2021-11-18T02:12:00Z,Closed - Non-Criminal Case,44518.091666666667,NULL,1780 R St
21003597,LARCENY - STOLEN BIKE,2021-11-18T01:11:00Z,Closed - Cleared by Arrest-Adult,44518.011805555558,44518.037499999999,N 19TH ST & S ST
21003587,TRESPASSING,2021-11-16T20:34:00Z,Closed - Cleared by Arrest-Adult,44516.856944444444,NULL,1400 R St
21003572,LARCENY - STOLEN BIKE,2021-11-15T22:28:00Z,Closed - Inactive,44511.875,44515.916666666664,1120 N 14th St
21003566,LARCENY - STOLEN BIKE,2021-11-15T14:43:00Z,Closed - Inactive,44513.541666666664,44515.472222222219,900 N 16th St
21003564,LARCENY - OTHER OR FROM OPEN AREA,2021-11-15T12:26:00Z,Closed - Inactive,44512.25,44515.371527777781,R ST & N 14TH ST
21003554,ALCOHOL - DRUNK,2021-11-14T02:31:00Z,Closed - Non-Criminal Case,44514.104861111111,NULL,N 16TH ST & S ST
21003552,ALCOHOL - DRUNK,2021-11-14T00:29:00Z,Closed - Non-Criminal Case,44514.020138888889,NULL,1780 R St
21003546,LARCENY - STOLEN BIKE,2021-11-13T11:20:00Z,Closed - Non-Criminal Case,44510.75,44512.75,1801 R St
21003544,LARCENY - STOLEN BIKE,2021-11-13T09:07:00Z,Closed - Inactive,44513.125,44513.375,3601 Apple St
21003543,DISTURBANCE - OTHER,2021-11-13T05:31:00Z,Closed - Cleared by Arrest-Adult,44513.229861111111,NULL,600 N 15th St
21003539,TRESPASSING,2021-11-13T00:02:00Z,Closed - Cleared by Arrest-Adult,44513.001388888886,NULL,1400 R St
21003528,ALCOHOL - DWI,2021-11-12T01:33:00Z,Closed - Cleared by Arrest-Adult,44512.064583333333,NULL,N 16TH ST & Q ST
21003522,DISTURBANCE - OTHER,2021-11-11T09:49:00Z,Closed - Inactive,44428.833333333336,44511.375,880 N 17th St
21003519,NARCOTICS - OTHER,2021-11-10T23:21:00Z,Closed - Inactive,44510.972916666666,NULL,880 N 17th St
21003517,ACCIDENTS - P.D. H&R NOT REPORTABLE,2021-11-10T17:56:00Z,Closed - Inactive,44505.583333333336,44510.685416666667,1801 R St
21003513,SUSPICIOUS PERSON,2021-11-10T12:55:00Z,Closed - Non-Criminal Case,44510.526388888888,44510.546527777777,R ST & N 14TH ST
21003506,LARCENY - FROM BUILDING,2021-11-10T09:52:00Z,Closed - Inactive,44490.5,44495.770833333336,1104 R St
21003505,DISTURBANCE - OTHER,2021-11-10T09:45:00Z,Closed - Inactive,NULL,NULL,N 17TH ST & VINE ST
21003497,DISTURBANCE - OTHER,2021-11-09T16:09:00Z,Closed - Non-Criminal Case,NULL,NULL,1400 R St
21003494,DISTURBANCE - OTHER,2021-11-09T13:46:00Z,Closed - Non-Criminal Case,44471.979166666664,NULL,1535 R St
21003495,VANDALISM - OTHER,2021-11-09T13:46:00Z,Closed - Inactive,44508.75,44509.479166666664,1801 R St
21003486,LARCENY - STOLEN BIKE,2021-11-08T16:50:00Z,Closed - Inactive,44506.708333333336,44508.666666666664,1120 N 14th St
21003488,VANDALISM - BY GRAFFITI,2021-11-08T16:48:00Z,Closed - Inactive,NULL,NULL,512 N 12th St
21003484,TRESPASSING,2021-11-08T16:12:00Z,Closed - Non-Criminal Case,44508.675000000003,NULL,1400 R St
21003483,AUTO THEFT,2021-11-08T15:56:00Z,Closed - Inactive,44508.395833333336,44508.659722222219,2200 Vine St
21003479,LARCENY - MOTOR VEH. ACCESSORIES,2021-11-08T05:07:00Z,Closed - Inactive,44508.213194444441,NULL,2222 Vine St
21003478,NARCOTICS - POSSESSION,2021-11-08T01:03:00Z,Closed - Cleared by Arrest-Adult,44508.043749999997,NULL,1640 Holdrege Street
21003472,ANIMAL - DOG RUNNING LOOSE,2021-11-07T16:14:00Z,Closed - Non-Criminal Case,44507.676388888889,NULL,2000 N 35th St
21003465,OUTSIDE CRIME - REPORTS OUTSIDE JURISDICTION,2021-11-06T17:19:00Z,Closed - Cleared by Arrest-Juvenile,44506.72152777778,NULL,N 22ND ST & Y ST
21003464,LARCENY - FROM MOTOR VEHICLE,2021-11-06T17:07:00Z,Closed - Cleared by Arrest-Juvenile,44506.707638888889,NULL,200 Centennial Mall N
21003460,LARCENY - MOTOR VEH. ACCESSORIES,2021-11-06T12:21:00Z,Closed - Inactive,44504.993055555555,44505.416666666664,N 23RD ST & VINE ST
21003455,NARCOTICS - POSSESSION,2021-11-06T01:18:00Z,Closed - Cleared by Arrest-Adult,44506.054166666669,NULL,820 N 17th St
21003449,LARCENY - STOLEN BIKE,2021-11-05T18:21:00Z,Closed - Inactive,44505.416666666664,44505.6875,660 N 12th St
21003448,ACCIDENTS - P.D. H&R NOT REPORTABLE,2021-11-05T18:06:00Z,Closed - Inactive,44505.333333333336,44505.75,1875 N 38th St
21003446,LARCENY - OTHER OR FROM OPEN AREA,2021-11-05T11:51:00Z,Closed - Inactive,44504.791666666664,44505.375,2224 U St
21003444,NARCOTICS - POSSESSION,2021-11-05T00:12:00Z,Closed - Cleared by Arrest-Adult,44505.008333333331,NULL,1640 Holdrege Street
21003442,ACCIDENTS - P.D. H&R NOT REPORTABLE,2021-11-04T16:57:00Z,Closed - Inactive,44504.302083333336,44504.706250000003,1000 North 16th Street
21003439,LARCENY - OTHER OR FROM OPEN AREA,2021-11-04T14:29:00Z,Closed - Inactive,44479.333333333336,44504.597222222219,1300 R St
21003422,ALCOHOL - DRUNK,2021-11-03T16:42:00Z,Closed - Non-Criminal Case,44503.695833333331,NULL,1830 Vine St
21003418,LARCENY - OTHER OR FROM OPEN AREA,2021-11-03T10:55:00Z,Closed - Inactive,NULL,NULL,1130 N 14th St
21003416,VANDALISM - OTHER,2021-11-03T08:45:00Z,Closed - Inactive,44498.708333333336,44501.333333333336,600 N 15th St
21003414,TRESPASSING,2021-11-03T00:36:00Z,Closed - Non-Criminal Case,44503.025000000001,NULL,1400 R St
21003407,DISTURBANCE - OTHER,2021-11-02T17:00:00Z,Closed - Cleared by Arrest-Adult,44498.833333333336,44498.84375,1120 N 14th St
21003409,OUTSIDE - O.P.S. OTHER,2021-11-02T16:44:00Z,Closed - Non-Criminal Case,44502,NULL,1104 R St
21003405,DISTURBANCE - OTHER,2021-11-02T15:53:00Z,Closed - Inactive,44370,44502.661805555559,300 N 17th St
21003404,LARCENY - STOLEN BIKE,2021-11-02T15:39:00Z,Closed - Cleared by Arrest-Adult,44498.666666666664,44501.375,639 N 12th St
21003401,LARCENY - STOLEN BIKE,2021-11-02T14:19:00Z,Closed - Inactive,44501.458333333336,44502.5,440 N 17th St
21003398,LARCENY - FROM BUILDING,2021-11-02T10:35:00Z,Closed - Inactive,44490.5,44495.770833333336,1104 R St
21003396,LARCENY - FROM BUILDING,2021-11-02T10:08:00Z,Closed - Unfounded,44496.8125,44502.354166666664,1400 R St
21003394,LARCENY - FROM MOTOR VEHICLE,2021-11-02T09:44:00Z,Closed - Inactive,44502.166666666664,44502.405555555553,3601 Apple St
21003395,LARCENY - FROM MOTOR VEHICLE,2021-11-02T09:44:00Z,Closed - Inactive,44502.166666666664,44502.405555555553,3601 Apple St
21003393,LARCENY - FROM MOTOR VEHICLE,2021-11-02T09:17:00Z,Closed - Inactive,44502.166666666664,44502.386805555558,3601 Apple St
21003432,TRAFFIC - OTHER,2021-11-02T08:43:00Z,Closed - Inactive,44502.329861111109,44504.001388888886,EAST CAMPUS LOOP & DAIRY STORE DRIVE
21003386,LARCENY - STOLEN BIKE,2021-11-01T19:48:00Z,Closed - Cleared by Arrest-Adult,44497.875,44501.791666666664,1055 N 16th St
21003385,ACCIDENTS - P.D. H&R NOT REPORTABLE,2021-11-01T17:43:00Z,Closed - Cleared by Arrest-Adult,44480,44499,1111 N 14th St
21003383,FIRE - FALSE ALARM,2021-11-01T16:29:00Z,Closed - Non-Criminal Case,44501.686805555553,NULL,2200 Vine St
21003380,LARCENY - FROM BUILDING,2021-11-01T13:57:00Z,Closed - Inactive,44501.552083333336,NULL,1430 Vine St
21003379,DISTURBANCE - OTHER,2021-11-01T12:43:00Z,Closed - Non-Criminal Case,NULL,NULL,300 N 17th St
21003376,DISTURBANCE - OTHER,2021-11-01T11:38:00Z,Closed - Cleared by Arrest-Adult,44500.916666666664,44501.129166666666,1780 R St
21003371,VANDALISM - OTHER,2021-11-01T07:13:00Z,Closed - Cleared by Arrest-Adult,44498.708333333336,44501.300694444442,3310 Holdrege St
21003368,VANDALISM - OTHER,2021-11-01T00:27:00Z,Closed - Cleared by Arrest-Adult,44500.770833333336,44500.988888888889,405 University Terrace
21003369,OUTSIDE - O.P.S. OTHER,2021-11-01T00:05:00Z,Closed - Non-Criminal Case,44500,44501,405 University Terrace
21003365,DISTURBANCE - OTHER,2021-10-31T17:07:00Z,Closed - Cleared by Arrest-Adult,44500.713194444441,NULL,240 N 17th St
21003354,ALCOHOL - MINOR IN POSSESSION,2021-10-30T23:51:00Z,Closed - Cleared by Arrest-Adult,44499.993750000001,NULL,1801 R St
21003353,ALCOHOL - MINOR IN POSSESSION,2021-10-30T23:17:00Z,Closed - Cleared by Arrest-Adult,44499.970138888886,NULL,1801 R St
21003348,LARCENY - STOLEN BIKE,2021-10-30T09:17:00Z,Closed - Inactive,44499.241666666669,NULL,433 N 19th St
21003345,ALCOHOL - DWI,2021-10-29T23:37:00Z,Closed - Cleared by Arrest-Adult,44498.984027777777,NULL,N 22ND ST & VINE ST
21003343,TRAFFIC - SUSPENDED DRIVER,2021-10-29T19:38:00Z,Closed - Cleared by Arrest-Adult,44498.818055555559,NULL,820 N 17th St
21003337,VANDALISM - OTHER,2021-10-29T13:49:00Z,Closed - Inactive,44497.479166666664,44498.354166666664,600 N 15th St
21003330,VANDALISM - OTHER,2021-10-29T05:33:00Z,Closed - Inactive,44498,44498.231249999997,880 N 17th St
21003328,FALSE INFORMATION - GIVEN TO OFC.,2021-10-29T00:58:00Z,Closed - Cleared by Arrest-Adult,44498.040277777778,NULL,1780 R St
21003326,ALCOHOL - MINOR IN POSSESSION,2021-10-29T00:15:00Z,Closed - Non-Criminal Case,44498.010416666664,NULL,433 N 19th St
21003324,NARCOTICS - POSSESSION,2021-10-28T23:01:00Z,Closed - Cleared by Arrest-Adult,44497.959027777775,NULL,W ST & N 16TH ST
21003314,SEX OFFENSE - MOLEST/FONDLING,2021-10-28T02:25:00Z,Closed - Cleared by Arrest-Adult,44492.916666666664,44493.083333333336,880 N 17th St
21003310,DISTURBANCE - OTHER,2021-10-27T22:29:00Z,Closed - Non-Criminal Case,44496.936805555553,NULL,880 N 17th St
21003306,LARCENY - STOLEN BIKE,2021-10-27T13:45:00Z,Closed - Cleared by Arrest-Adult,44495.875,44496.458333333336,820 N 17th St
21003302,TELEPHONE - OTHER,2021-10-27T12:15:00Z,Closed - Inactive,44496.491666666669,44496.507638888892,1248 R St
21003301,DISTURBANCE - OTHER,2021-10-27T11:53:00Z,Closed - Non-Criminal Case,44495.458333333336,44496.489583333336,639 N 12th St
21003297,DISTURBANCE - OTHER,2021-10-27T10:15:00Z,Closed - Inactive,44494.78125,NULL,1400 R St
21003295,NARCOTICS - OTHER,2021-10-27T10:14:00Z,Closed - Inactive,NULL,NULL,1780 R St
21003286,ACCIDENTS - P.D. H&R NOT REPORTABLE,2021-10-26T14:15:00Z,Closed - Inactive,44495.5,44495.583333333336,N 37TH ST & FAIR ST
21003281,ALCOHOL - USING FALSE I.D.,2021-10-25T23:29:00Z,Closed - Cleared by Arrest-Adult,44494.978472222225,NULL,1300 R St
21003279,VANDALISM - OTHER,2021-10-25T20:50:00Z,Closed - Inactive,44490.541666666664,44492.875,1780 R St #124
21003278,VANDALISM - OTHER,2021-10-25T18:01:00Z,Closed - Inactive,44470,44484,300 N 17th St
21003273,DISTURBANCE - OTHER,2021-10-25T13:53:00Z,Closed - Inactive,44494.570833333331,NULL,NA
21003270,DISTURBANCE - OTHER,2021-10-25T09:29:00Z,Closed - Inactive,44494.38958333333,NULL,R ST & N 14TH ST
21003268,ALCOHOL - USING FALSE I.D.,2021-10-24T23:19:00Z,Closed - Cleared by Arrest-Adult,44493.97152777778,NULL,730 N 14th St
21003255,TRESPASSING,2021-10-24T00:06:00Z,Closed - Cleared by Arrest-Adult,44493.004166666666,NULL,1400 R St
21003252,ALCOHOL - DRUNK,2021-10-23T19:56:00Z,Closed - Inactive,44492.830555555556,NULL,1545 R St
21003249,ACCIDENTS - P.D. H&R NOT REPORTABLE,2021-10-23T13:44:00Z,Closed - Inactive,44491.395833333336,44492.572222222225,1801 R St
21003248,VANDALISM - OTHER,2021-10-23T10:12:00Z,Closed - Inactive,44490.75,44492.416666666664,1830 Vine St
21003227,NARCOTICS - OTHER,2021-10-22T23:42:00Z,Closed - Non-Criminal Case,44491.987500000003,NULL,880 N 17th St
21003243,VANDALISM - OTHER,2021-10-22T21:58:00Z,Closed - Cleared by Arrest-Adult,44491.915277777778,NULL,1801 R St
21003241,DISTURBANCE - OTHER,2021-10-22T20:28:00Z,Closed - Non-Criminal Case,44491.852777777778,NULL,1150 N 14th St
21003234,VANDALISM - OTHER,2021-10-22T16:27:00Z,Closed - Inactive,44467.5,NULL,4000 East Campus Loop S
21003304,TELEPHONE - OTHER,2021-10-22T16:21:00Z,Closed - Non-Criminal Case,44491.606249999997,NULL,NA
OS21010,SEX OFFENSE - RAPE,2021-10-22T11:13:00Z,NA - Clery Report Only,44044.5,44228.5,On-campus Student Housing
OS21009,SEX OFFENSE - MOLEST/FONDLING,2021-10-22T10:59:00Z,NA - Clery Report Only,44075.5,44228.5,On-campus Student Housing
21003226,ALCOHOL - DRUNK,2021-10-21T23:58:00Z,Closed - Non-Criminal Case,44490.998611111114,NULL,1400 R St
21003224,ALCOHOL - USING FALSE I.D.,2021-10-21T22:02:00Z,Closed - Cleared by Arrest-Adult,44490.918055555558,NULL,N 17TH ST & R ST
21003221,DISTURBANCE - OTHER,2021-10-21T15:23:00Z,Closed - Non-Criminal Case,44490.333333333336,NULL,300 N 17th St
21003219,LARCENY - STOLEN BIKE,2021-10-21T13:48:00Z,Closed - Cleared by Arrest-Adult,44484.583333333336,44489.291666666664,1710 Arbor Dr
21003217,ACCIDENTS - P.D. H&R NOT REPORTABLE,2021-10-21T13:27:00Z,Closed - Inactive,NULL,NULL,600 N 17th St
21003209,LARCENY - STOLEN BIKE,2021-10-20T19:43:00Z,Closed - Cleared by Arrest-Adult,44485.722916666666,NULL,3601 Apple St
21003193,LARCENY - FROM BUILDING,2021-10-18T18:47:00Z,Closed - Inactive,44484.8125,44487.458333333336,1101 T St
21003184,DISTURBANCE - OTHER,2021-10-17T17:00:00Z,Closed - Inactive,44485.8125,NULL,1209 R St
21003181,ALCOHOL - DRUNK,2021-10-17T02:04:00Z,Closed - Non-Criminal Case,44486.086111111108,NULL,NA
21003182,VANDALISM - OTHER,2021-10-16T17:00:00Z,Closed - Non-Criminal Case,44484.946527777778,44484.965277777781,1055 N 16th St
21003176,ALCOHOL - MINOR IN POSSESSION,2021-10-16T00:13:00Z,Closed - Non-Criminal Case,44485.009027777778,NULL,1055 N 16th St
21003175,AUTO THEFT,2021-10-15T23:47:00Z,Closed - Cleared by Arrest-Juvenile,44484.708333333336,44484.979166666664,303 N 17th St
21003174,TRAFFIC - SUSPENDED DRIVER,2021-10-15T22:47:00Z,Closed - Cleared by Arrest-Adult,44484.949305555558,NULL,N 13TH ST
21003169,LARCENY - FROM MOTOR VEHICLE,2021-10-15T18:03:00Z,Closed - Cleared by Arrest-Juvenile,44484.5625,44484.75,N 14TH ST & R ST
21003167,VANDALISM - OTHER,2021-10-15T16:01:00Z,Closed - Inactive,44483.854166666664,44484.666666666664,1150 N 14th St
21003164,LARCENY - FROM MOTOR VEHICLE,2021-10-15T12:09:00Z,Closed - Inactive,44484.463194444441,NULL,200 Centennial Mall N
21003161,LARCENY - FROM MOTOR VEHICLE,2021-10-15T08:16:00Z,Closed - Inactive,44484.21875,44484.225694444445,3601 Apple St
21003162,LARCENY - FROM MOTOR VEHICLE,2021-10-15T08:16:00Z,Closed - Inactive,44484.222222222219,44484.225694444445,3601 Apple St
21003157,DISTURBANCE - DOMESTIC,2021-10-15T00:04:00Z,Closed - Non-Criminal Case,44484.00277777778,NULL,3320 Starr St 2
21003199,DISTURBANCE - DOMESTIC,2021-10-14T20:33:00Z,Closed - Inactive,44482.770833333336,NULL,730 N 14th St
21003149,ASSAULT - OF POLICE OFFICER,2021-10-13T22:23:00Z,Closed - Cleared by Arrest-Juvenile,44482.932638888888,NULL,1425 R St
21003140,LARCENY - STOLEN BIKE,2021-10-13T12:10:00Z,Closed - Inactive,44482.506944444445,44482.506944444445,303 N 17th St
21003137,LARCENY - STOLEN BIKE,2021-10-13T08:26:00Z,Closed - Inactive,44481.875,44482.263888888891,1104 R St
21003132,VANDALISM - OTHER,2021-10-12T15:57:00Z,Closed - Non-Criminal Case,44480.083333333336,44480.916666666664,4000 East Campus Loop Parking Lot 134
21003123,LARCENY - STOLEN BIKE,2021-10-11T16:22:00Z,Closed - Cleared by Arrest-Adult,44478.708333333336,44480.666666666664,440 N 17th St
21003100,ASSAULT - OF POLICE OFFICER,2021-10-10T23:15:00Z,Closed - Cleared by Arrest-Adult,44478.96875,NULL,N 10TH ST & Salt Creek RDWY
21003111,SUSPICIOUS PERSON,2021-10-10T18:12:00Z,Closed - Non-Criminal Case,44476.916666666664,44477.625,1220 N 14th St
21003108,AUTO THEFT,2021-10-10T12:51:00Z,Closed - Inactive,44479.223611111112,NULL,1220 N 14th St
21003105,ALCOHOL - MINOR IN POSSESSION,2021-10-10T02:56:00Z,Closed - Non-Criminal Case,44479.12222222222,NULL,1400 R St
21003103,ALCOHOL - MINOR IN POSSESSION,2021-10-10T02:05:00Z,Closed - Non-Criminal Case,44479.086805555555,NULL,1150 N 14th St
21003099,ALCOHOL - MINOR IN POSSESSION,2021-10-09T20:06:00Z,Closed - Non-Criminal Case,44478.837500000001,NULL,1130 N 14th St
21003097,ALCOHOL - DRUNK,2021-10-09T19:42:00Z,Closed - Non-Criminal Case,44478.820833333331,NULL,1055 N 16th St
21003090,VANDALISM - OTHER,2021-10-09T03:31:00Z,Closed - Inactive,44478.072916666664,44478.146527777775,1780 R St
21003092,ALCOHOL - DRUNK,2021-10-09T02:28:00Z,Closed - Non-Criminal Case,44478.102777777778,NULL,N 17TH ST & Q ST
21003089,ACCIDENTS - P.D. H&R NOT REPORTABLE,2021-10-09T01:22:00Z,Closed - Inactive,44476.5,44476.875,820 N 17th St
21003086,NARCOTICS - POSSESSION,2021-10-08T22:20:00Z,Closed - Cleared by Arrest-Adult,44477.930555555555,NULL,1055 N 16th St
21003084,VANDALISM - OTHER,2021-10-08T16:31:00Z,Closed - Inactive,44476.729166666664,44477.416666666664,1531 S St
21003083,FRAUD - CON GAMES/DECEPTION/FALSE    PRETENSE/OTHER,2021-10-08T16:23:00Z,Closed - Inactive,44477.444444444445,NULL,1055 N 16th St
21003094,LARCENY - FROM BUILDING,2021-10-08T14:01:00Z,Closed - Inactive,44477.083333333336,44477.333333333336,880 N 17th St
21003078,AUTO THEFT,2021-10-08T10:33:00Z,Closed - Inactive,44476.895833333336,44477.333333333336,716 N 16th St
21003077,VANDALISM - OTHER,2021-10-08T08:08:00Z,Closed - Inactive,44459.260416666664,44476.4375,625 Stadium Dr
21003075,DISTURBANCE - WILD PARTY,2021-10-08T00:02:00Z,Closed - Inactive,44476.895833333336,44477.979166666664,3053 T Street
21003070,FRAUD - CHECKS INSUF/NO ACC/NOT FORGED,2021-10-07T23:35:00Z,Closed - Inactive,44476.503472222219,44476.503472222219,1531 S St
21003066,ACCIDENTS - P.D. H&R NOT REPORTABLE,2021-10-07T19:45:00Z,Closed - Cleared by Arrest-Adult,44476.5625,44476.822916666664,1801 R St
21003062,ACCIDENTS - P.D. H&R NOT REPORTABLE,2021-10-07T08:52:00Z,Closed - Cleared by Arrest-Adult,44475.625,44475.638888888891,530 N 17th St
21003058,VANDALISM - OTHER,2021-10-07T00:32:00Z,Closed - Cleared by Arrest-Adult,44476.000694444447,44476.006944444445,1234 K Street
21003057,DISTURBANCE - OTHER,2021-10-07T00:17:00Z,Closed - Cleared by Arrest-Adult,44476.011805555558,NULL,1005 S 17th Street
21003056,NARCOTICS - POSSESSION,2021-10-07T00:12:00Z,Closed - Cleared by Arrest-Adult,44476.008333333331,NULL,N 17TH ST & R ST
21003054,ACCIDENTS - P.D. H&R NOT REPORTABLE,2021-10-06T16:58:00Z,Closed - Cleared by Arrest-Adult,44464.708333333336,44475.706944444442,1801 R St
21003038,FRAUD - CON GAMES/DECEPTION/FALSE    PRETENSE/OTHER,2021-10-05T17:26:00Z,Closed - Inactive,44474.973611111112,NULL,1880 N 42nd St
21003035,DISTURBANCE - OTHER,2021-10-05T15:16:00Z,Closed - Inactive,44474.5,NULL,4075 East Campus Loop S
21003033,NARCOTICS - OTHER,2021-10-05T11:18:00Z,Closed - Inactive,44474.470833333333,NULL,600 N 15th St
21003031,ACCIDENTS - P.D. H&R NOT REPORTABLE,2021-10-05T08:52:00Z,Closed - Non-Criminal Case,44473.416666666664,44473.75,1111 N 14th St
21003027,LARCENY - OTHER OR FROM OPEN AREA,2021-10-04T16:05:00Z,Closed - Inactive,44473.243055555555,NULL,3601 Apple St
21003024,LARCENY - FROM BUILDING,2021-10-04T13:49:00Z,Closed - Cleared by Arrest-Adult,44471.552083333336,NULL,625 Stadium Dr
21003022,FRAUD - CON GAMES/DECEPTION/FALSE    PRETENSE/OTHER,2021-10-04T12:24:00Z,Closed - Inactive,44470.635416666664,NULL,1055 N 16th St
21003018,OUTSIDE - O.P.S. OTHER,2021-10-03T23:59:00Z,Closed - Non-Criminal Case,44472.999305555553,NULL,880 N 17th St
21003015,NARCOTICS - POSSESSION,2021-10-03T21:41:00Z,Closed - Cleared by Arrest-Adult,44472.90347222222,NULL,880 N 17th St
21003010,ALCOHOL - MINOR IN POSSESSION,2021-10-03T03:41:00Z,Closed - Cleared by Arrest-Adult,44472.15347222222,NULL,1120 N 14th St
21003009,ALCOHOL - USING FALSE I.D.,2021-10-03T03:25:00Z,Closed - Cleared by Arrest-Adult,44472.142361111109,NULL,N 13TH ST & Q ST
21003008,ALCOHOL - MINOR IN POSSESSION,2021-10-03T02:58:00Z,Closed - Cleared by Arrest-Adult,44472.123611111114,NULL,N 16TH ST & VINE ST
21003007,ALCOHOL - DWI,2021-10-02T23:58:00Z,Closed - Cleared by Arrest-Adult,44471.998611111114,NULL,R ST & N 13TH ST
21003003,VANDALISM - OTHER,2021-10-02T21:39:00Z,Closed - Cleared by Arrest-Adult,44471.902083333334,NULL,1100 T St
21002994,VANDALISM - OTHER,2021-10-02T03:34:00Z,Closed - Inactive,44471.148611111108,NULL,880 N 17th St
21002992,VANDALISM - OTHER,2021-10-02T02:41:00Z,Closed - Inactive,NULL,NULL,433 N 19th St
21002995,ALCOHOL - DRUNK,2021-10-02T02:26:00Z,Closed - Non-Criminal Case,44471.101388888892,NULL,N 14TH ST & P ST
21002991,LARCENY - OTHER OR FROM OPEN AREA,2021-10-02T01:58:00Z,Closed - Cleared by Arrest-Adult,44470.958333333336,NULL,519 N 16th St.
21002988,ACCIDENTS - P.D. H&R NOT REPORTABLE,2021-10-01T22:32:00Z,Closed - Non-Criminal Case,44470.90625,NULL,745 N 14th St
21002980,DISTURBANCE - OTHER,2021-10-01T12:56:00Z,Closed - Non-Criminal Case,44468.520833333336,44470.520833333336,1400 R St
OS21008,STALKING,2021-10-01T12:00:00Z,NA - Clery Report Only,44469.5,44470.5,City Campus
21002976,TRESPASSING,2021-10-01T02:42:00Z,Closed - Cleared by Arrest-Adult,44470.112500000003,NULL,625 N 16th St
21002975,VANDALISM - OTHER,2021-10-01T02:36:00Z,Closed - Cleared by Arrest-Adult,44470.10833333333,NULL,NA
21002969,ALCOHOL - MINOR IN POSSESSION,2021-10-01T00:20:00Z,Closed - Non-Criminal Case,44470.013888888891,NULL,1120 N 14th St
21002968,NARCOTICS - POSSESSION,2021-10-01T00:06:00Z,Closed - Cleared by Arrest-Adult,44470.004166666666,NULL,1220 N 14th St
21002965,NARCOTICS - POSSESSION,2021-09-30T21:35:00Z,Closed - Non-Criminal Case,44469.899305555555,NULL,1120 N 14th St
21002962,ACCIDENTS - P.D. H&R NOT REPORTABLE,2021-09-30T17:25:00Z,Closed - Cleared by Arrest-Adult,44469.698611111111,NULL,1345 R Street
21002955,SUSPICIOUS PERSON,2021-09-30T01:47:00Z,Closed - Cleared by Arrest-Adult,44469.074305555558,44469.074305555558,733 N 17th St
21002954,FRAUD - CON GAMES/DECEPTION/FALSE    PRETENSE/OTHER,2021-09-29T21:13:00Z,Closed - Inactive,NULL,NULL,300 N 17th St
21002953,ACCIDENTS - P.D. H&R NOT REPORTABLE,2021-09-29T17:13:00Z,Closed - Inactive,44468.458333333336,44468.708333333336,1000 N 16th St
21002951,DISTURBANCE - OTHER,2021-09-29T16:02:00Z,Closed - Non-Criminal Case,44466.808333333334,NULL,2100 N 38th St
21002943,LARCENY - STOLEN BIKE,2021-09-29T09:33:00Z,Closed - Inactive,44467.791666666664,44468.347222222219,600 N 15th St
21002938,NARCOTICS - POSSESSION,2021-09-29T01:48:00Z,Closed - Cleared by Arrest-Adult,44468.074999999997,NULL,530 N 17th St
21002923,NARCOTICS - POSSESSION,2021-09-28T23:57:00Z,Closed - Cleared by Arrest-Adult,44467.997916666667,NULL,733 N 17th St
21002931,TRESPASSING,2021-09-28T10:53:00Z,Closed - Cleared by Arrest-Adult,44467.447916666664,44467.454861111109,1875 N 42nd St
21002930,ACCIDENTS - P.D. H&R NOT REPORTABLE,2021-09-28T10:21:00Z,Closed - Cleared by Arrest-Adult,44467.322916666664,44467.395833333336,1111 N 14th St
21002920,LARCENY - STOLEN BIKE,2021-09-27T17:06:00Z,Closed - Cleared by Arrest-Adult,44466.078472222223,NULL,820 N 17th St
21002918,LARCENY - OTHER OR FROM OPEN AREA,2021-09-27T15:23:00Z,Closed - Non-Criminal Case,44466.395833333336,44466.604166666664,1801 R St
21002916,DISTURBANCE - OTHER,2021-09-27T12:16:00Z,Closed - Non-Criminal Case,44465.631944444445,NULL,1248 R St
21002914,DISTURBANCE - OTHER,2021-09-27T09:36:00Z,Closed - Inactive,44461.427083333336,NULL,200 Centennial Mall N
21002905,ACCIDENTS - P.D. H&R NOT REPORTABLE,2021-09-26T13:11:00Z,Closed - Inactive,44464.479166666664,44465.520833333336,200 Centennial Mall N
21002901,NARCOTICS - POSSESSION,2021-09-26T01:49:00Z,Closed - Cleared by Arrest-Adult,44465.075694444444,NULL,N 14TH ST & Q ST
21002900,TRESPASSING,2021-09-26T00:13:00Z,Closed - Cleared by Arrest-Adult,44465.009027777778,NULL,N 17TH ST & VINE ST
21002891,ACCIDENTS - P.D. H&R NOT REPORTABLE,2021-09-25T09:03:00Z,Closed - Non-Criminal Case,44463.9375,44464.368055555555,1830 Vine St
21002886,ASSAULT - NON DOMESTIC,2021-09-25T01:06:00Z,Closed - Cleared by Arrest-Adult,44464.04583333333,NULL,1515 R St
21002882,NARCOTICS - POSSESSION,2021-09-24T23:02:00Z,Closed - Cleared by Arrest-Adult,44463.959722222222,NULL,N 16TH ST & Q ST
21002874,DISTURBANCE - OTHER,2021-09-24T12:31:00Z,Closed - Non-Criminal Case,44463.293055555558,NULL,730 N 14th St
21002869,TRAFFIC - SUSPENDED DRIVER,2021-09-24T03:01:00Z,Closed - Cleared by Arrest-Adult,44463.125694444447,NULL,N 24TH ST & W ST
21002866,LARCENY - OTHER OR FROM OPEN AREA,2021-09-24T01:08:00Z,Closed - Cleared by Arrest-Adult,44463.047222222223,NULL,N 16TH ST & P ST
21002864,NARCOTICS - POSSESSION,2021-09-23T23:39:00Z,Closed - Cleared by Arrest-Adult,44462.98541666667,NULL,N 16TH ST & W ST
21002861,DISTURBANCE - OTHER,2021-09-23T18:33:00Z,Closed - Non-Criminal Case,44462.71875,NULL,1425 R St
21002860,LARCENY - STOLEN BIKE,2021-09-23T16:59:00Z,Closed - Inactive,44432.172222222223,NULL,303 N 17th St
21002859,ACCIDENTS - P.D. H&R NOT REPORTABLE,2021-09-23T16:29:00Z,Closed - Inactive,44462.666666666664,44462.673611111109,615 N 19th St
21002858,DISTURBANCE - OTHER,2021-09-23T11:42:00Z,Closed - Inactive,44462.375,44462.394444444442,501 N 14th St
21002855,ACCIDENTS - P.D. H&R NOT REPORTABLE,2021-09-23T10:29:00Z,Closed - Inactive,44456.75,44458.5,615 N 19th St
21002854,VANDALISM - BY GRAFFITI,2021-09-23T10:20:00Z,Closed - Inactive,44460.509722222225,44462.375,707 Stadium Dr
21002849,NARCOTICS - POSSESSION,2021-09-23T02:27:00Z,Closed - Cleared by Arrest-Adult,44462.102083333331,NULL,NA
21002848,LARCENY - OTHER OR FROM OPEN AREA,2021-09-23T00:52:00Z,Closed - Cleared by Arrest-Adult,44462.036111111112,NULL,N 14TH ST & R ST
21002836,TRESPASSING,2021-09-22T13:18:00Z,Closed - Inactive,44461.554166666669,44461.554166666669,1400 R St
21002834,DISTURBANCE - OTHER,2021-09-22T09:34:00Z,Closed - Inactive,44461.388888888891,NULL,NA
21002832,FIRE - FALSE ALARM,2021-09-22T02:13:00Z,Closed - Inactive,44461.090277777781,44461.092361111114,1780 R St
21002826,DISTURBANCE - OTHER,2021-09-21T17:41:00Z,Closed - Non-Criminal Case,44460.732638888891,44460.736111111109,745 N 14th St
21002824,VANDALISM - OTHER,2021-09-21T15:21:00Z,Closed - Cleared by Arrest-Adult,44454.416666666664,44459.333333333336,1055 N 16th St
21002823,SEX OFFENSE - RAPE,2021-09-21T13:58:00Z,Closed - Inactive,44452.479166666664,44453.041666666664,880 N 17th St
21002818,OUTSIDE - O.P.S. OTHER,2021-09-21T12:05:00Z,Closed - Non-Criminal Case,44457.503472222219,NULL,300 N 17th St
21002807,LARCENY - STOLEN BIKE,2021-09-20T13:11:00Z,Closed - Cleared by Arrest-Adult,44454.4375,44459.368055555555,880 N 17th St
21002806,LARCENY - FROM BUILDING,2021-09-20T11:29:00Z,Closed - Cleared by Arrest-Adult,44459.472222222219,44459.474305555559,1248 R St
21002802,DISTURBANCE - OTHER,2021-09-19T18:16:00Z,Closed - Inactive,44457.445833333331,44457.791666666664,300 N 17th St
21002801,VANDALISM - OTHER,2021-09-19T15:00:00Z,Closed - Cleared by Arrest-Adult,44450.989583333336,44451.541666666664,433 N 19th St
21002800,VANDALISM - BY GRAFFITI,2021-09-19T11:19:00Z,Closed - Inactive,44458.125,NULL,1425 R St
21002799,VANDALISM - BY GRAFFITI,2021-09-19T10:45:00Z,Closed - Inactive,44458.104861111111,NULL,1100 T St
21002794,DISTURBANCE - OTHER,2021-09-18T12:19:00Z,Closed - Non-Criminal Case,44455.708333333336,44457.166666666664,NA
21002792,DISTURBANCE - OTHER,2021-09-18T07:28:00Z,Closed - Inactive,44456.909722222219,44457.311111111114,300 N 17th St
21002790,WEAPONS - FELON IN POSSESSION,2021-09-18T04:22:00Z,Closed - Cleared by Arrest-Adult,44457.181944444441,NULL,1055 N 16th St
21002789,ASSAULT - NON DOMESTIC,2021-09-18T02:29:00Z,Closed - Cleared by Arrest-Adult,44457.083333333336,NULL,433 N 19th St
21002788,SUSPICIOUS PERSON,2021-09-18T01:20:00Z,Closed - Cleared by Arrest-Adult,44457.055555555555,NULL,CENTENNIAL MALL & R ST
21002779,FRAUD - CON GAMES/DECEPTION/FALSE    PRETENSE/OTHER,2021-09-17T16:03:00Z,Closed - Inactive,44455.333333333336,44456.541666666664,NA
21002780,LARCENY - STOLEN BIKE,2021-09-17T15:10:00Z,Closed - Cleared by Arrest-Adult,44454.916666666664,44456.541666666664,820 N 17th St
21002778,LARCENY - SHOPLIFTING,2021-09-17T11:55:00Z,Closed - Non-Criminal Case,44456.46875,44456.489583333336,1100 T St
21002772,TRESPASSING,2021-09-17T03:18:00Z,Closed - Non-Criminal Case,44456.137499999997,44456.137499999997,625 Stadium Dr
21002771,ALCOHOL - USING FALSE I.D.,2021-09-17T01:42:00Z,Closed - Cleared by Arrest-Adult,44456.070833333331,NULL,405 University Terrace
21002770,OUTSIDE CRIME - REPORTS OUTSIDE JURISDICTION,2021-09-17T01:19:00Z,Closed - Non-Criminal Case,44445,NULL,300 N 17th St
21002769,NARCOTICS - POSSESSION,2021-09-17T00:27:00Z,Closed - Cleared by Arrest-Adult,44456.018750000003,NULL,33RD ST & APPLE ST
21002765,DISTURBANCE - OTHER,2021-09-16T18:15:00Z,Closed - Cleared by Arrest-Adult,44454.972222222219,44454.979166666664,1710 Arbor Dr
21002757,LARCENY - STOLEN BIKE,2021-09-16T02:04:00Z,Closed - Inactive,44455.072916666664,44455.073611111111,1120 N 14th St
21002756,ALCOHOL - MINOR IN POSSESSION,2021-09-16T00:24:00Z,Closed - Non-Criminal Case,44455.01666666667,NULL,N 16TH ST & U ST
21002752,DISTURBANCE - OTHER,2021-09-15T20:34:00Z,Closed - Non-Criminal Case,44454.856944444444,NULL,1150 N 14th St
21002744,ACCIDENTS - P.D. H&R NOT REPORTABLE,2021-09-15T10:10:00Z,Closed - Inactive,NULL,NULL,NA
21002738,LARCENY - STOLEN BIKE,2021-09-14T19:54:00Z,Closed - Inactive,44447.791666666664,44448.354166666664,1055 N 16th St
21002733,LARCENY - FROM BUILDING,2021-09-14T13:40:00Z,Closed - Inactive,44317.333333333336,44453.569444444445,1430 Vine St
21002732,DISTURBANCE - OTHER,2021-09-14T13:11:00Z,Closed - Inactive,NULL,NULL,600 N 15th St
21002729,FRAUD - CREDIT CARDS/ATM/BANK CARD,2021-09-14T08:09:00Z,Closed - Inactive,44446.479166666664,44452.486111111109,NA
21002727,ALCOHOL - DRUNK,2021-09-14T01:41:00Z,Closed - Non-Criminal Case,44453.070138888892,NULL,1780 R St
21002724,ACCIDENTS - P.D. H&R NOT REPORTABLE,2021-09-13T18:58:00Z,Closed - Inactive,44438.5,44438.708333333336,625 Stadium Dr
21002722,VANDALISM - BY GRAFFITI,2021-09-13T17:26:00Z,Closed - Inactive,NULL,NULL,615 N 19th St
21002721,LARCENY - STOLEN BIKE,2021-09-13T17:16:00Z,Closed - Cleared by Arrest-Adult,44450.5625,44452.347222222219,880 N 17th St
21002711,LARCENY - MOTOR VEH. ACCESSORIES,2021-09-13T11:32:00Z,Closed - Inactive,44451.875,44452.4375,615 N 19th St
21002708,VANDALISM - OTHER,2021-09-13T09:17:00Z,Closed - Cleared by Arrest-Adult,44451.114583333336,NULL,433 N 19th St
21002702,ACCIDENTS - P.D. H&R NOT REPORTABLE,2021-09-12T12:21:00Z,Closed - Non-Criminal Case,44449.333333333336,44451.770833333336,707 Stadium Dr
21002698,LARCENY - STOLEN BIKE,2021-09-12T03:01:00Z,Closed - Cleared by Arrest-Adult,44451.125694444447,NULL,433 N 19th St
21002684,LARCENY - STOLEN BIKE,2021-09-11T13:36:00Z,Closed - Inactive,44446.5,44450.4375,1625 Arbor Dr
21002682,TRESPASSING,2021-09-11T10:41:00Z,Closed - Inactive,44448.833333333336,44450.445138888892,1541 S St
21002679,LARCENY - STOLEN BIKE,2021-09-11T04:05:00Z,Closed - Cleared by Arrest-Adult,44450.170138888891,NULL,433 N 19th St
21002677,ALCOHOL - MINOR IN POSSESSION,2021-09-11T00:42:00Z,Closed - Cleared by Arrest-Adult,44450.029166666667,NULL,1120 N 14th St
21002676,NARCOTICS - POSSESSION,2021-09-11T00:12:00Z,Closed - Cleared by Arrest-Adult,44450.008333333331,NULL,615 N 19th St
21002670,ACCIDENTS - P.D. H&R NOT REPORTABLE,2021-09-10T17:02:00Z,Closed - Inactive,44449.447916666664,44449.604166666664,1055 N 16th St
21002669,LARCENY - STOLEN BIKE,2021-09-10T16:47:00Z,Closed - Cleared by Arrest-Adult,44449.041666666664,44449.583333333336,1120 N 14th St
21002663,LARCENY - OTHER OR FROM OPEN AREA,2021-09-10T12:28:00Z,Closed - Cleared by Arrest-Adult,44448.777777777781,44449.347222222219,600 N 15th St
21002662,ACCIDENTS - P.D. H&R NOT REPORTABLE,2021-09-10T12:15:00Z,Closed - Cleared by Arrest-Adult,44449.458333333336,NULL,3721 East Campus Loop North
21002661,LARCENY - OTHER OR FROM OPEN AREA,2021-09-10T12:11:00Z,Closed - Cleared by Arrest-Adult,44448.791666666664,44449.388888888891,600 N 15th St
21002658,ALCOHOL - DWI,2021-09-10T00:54:00Z,Closed - Cleared by Arrest-Adult,44449.037499999999,NULL,1150 N 14th St
21002651,LARCENY - STOLEN BIKE,2021-09-09T18:51:00Z,Closed - Inactive,44447.833333333336,44448.375,1801 R St
21002647,LARCENY - STOLEN BIKE,2021-09-09T17:07:00Z,Closed - Inactive,44448.541666666664,44448.708333333336,900 N 16th St
21002643,LARCENY - STOLEN BIKE,2021-09-09T12:32:00Z,Closed - Inactive,44447.875,44448.375,1055 N 16th St
21002636,ACCIDENTS - P.D. H&R NOT REPORTABLE,2021-09-09T09:18:00Z,Closed - Cleared by Arrest-Adult,44448.305555555555,44448.387499999997,4000 East Campus Loop S
21002633,LARCENY - FROM MOTOR VEHICLE,2021-09-09T07:44:00Z,Closed - Inactive,44447.520833333336,44448.3125,1220 N 14TH
21002632,LARCENY - OTHER OR FROM OPEN AREA,2021-09-09T02:34:00Z,Closed - Cleared by Arrest-Adult,44448.106944444444,NULL,1144 T St
21002629,ACCIDENTS - P.D. H&R NOT REPORTABLE,2021-09-08T22:17:00Z,Closed - Non-Criminal Case,44443.000694444447,44447.409722222219,1111 N 14th St
OS21007,SEX OFFENSE - RAPE,2021-09-08T14:51:00Z,NA - Clery Report Only,42342.5,42343.5,Non-campus property
21002626,FRAUD - CHECKS INSUF/NO ACC/NOT FORGED,2021-09-08T12:42:00Z,Closed - Inactive,44447.520833333336,NULL,1705 Arbor Dr
21002621,LARCENY - FROM BUILDING,2021-09-07T16:55:00Z,Closed - Cleared by Arrest-Adult,44446.666666666664,44446.704861111109,1248 R St
21002619,TELEPHONE - THREATENING CALLS,2021-09-07T16:25:00Z,Closed - Non-Criminal Case,NULL,NULL,300 N 17th St
21002620,ACCIDENTS - P.D. H&R NOT REPORTABLE,2021-09-07T16:23:00Z,Closed - Inactive,44446.354166666664,44446.489583333336,1100 T St
21002614,VANDALISM - OTHER,2021-09-07T12:04:00Z,Closed - Non-Criminal Case,44446.083333333336,44446.479166666664,1801 R St
21002609,VANDALISM - OTHER,2021-09-06T19:57:00Z,Closed - Inactive,44443.625,44443.854166666664,1801 R St
21002607,FRAUD - CON GAMES/DECEPTION/FALSE    PRETENSE/OTHER,2021-09-06T18:47:00Z,Closed - Non-Criminal Case,44445.747916666667,NULL,1625 Arbor Dr
21002599,LARCENY - STOLEN BIKE,2021-09-06T02:35:00Z,Closed - Cleared by Arrest-Adult,44445.107638888891,NULL,440 N 17th St
21002598,NARCOTICS - POSSESSION,2021-09-06T01:43:00Z,Closed - Cleared by Arrest-Adult,44445.071527777778,NULL,1055 N 16th St
21002593,VANDALISM - OTHER,2021-09-05T16:00:00Z,Closed - Inactive,44444.0625,44444.104166666664,1425 R St
21002591,ALCOHOL - DRUNK,2021-09-05T14:04:00Z,Closed - Non-Criminal Case,44444.586111111108,NULL,300 N 17th St
21002589,TELEPHONE - THREATENING CALLS,2021-09-05T11:14:00Z,Closed - Non-Criminal Case,44444.072916666664,NULL,300 N 17th St
21002587,TRESPASSING,2021-09-05T04:52:00Z,Closed - Non-Criminal Case,44444.202777777777,NULL,1055 N 16th St
21002576,BURGLARY,2021-09-04T16:06:00Z,Closed - Inactive,44443.647222222222,44443.651388888888,1433 R St
21002575,LARCENY - STOLEN BIKE,2021-09-04T15:51:00Z,Closed - Inactive,44442.8125,44443.083333333336,1801 R St
21002574,LARCENY - STOLEN BIKE,2021-09-04T15:39:00Z,Closed - Inactive,44443.333333333336,44443.645833333336,639 N 12th St
21002568,ALCOHOL - UNL POLICY VIOLATION,2021-09-04T09:09:00Z,Closed - Non-Criminal Case,44443.381249999999,NULL,1400 R St
21002603,DISTURBANCE - OTHER,2021-09-04T09:06:00Z,Closed - Cleared by Arrest-Adult,44439.5,NULL,NA
21002656,VANDALISM - OTHER,2021-09-04T04:26:00Z,Closed - Inactive,NULL,NULL,1130 N 14th St
21002564,ALCOHOL - MINOR IN POSSESSION,2021-09-04T00:59:00Z,Closed - Cleared by Arrest-Adult,44443.040972222225,NULL,1150 N 14th St
21002559,ALCOHOL - MINOR IN POSSESSION,2021-09-03T21:56:00Z,Closed - Cleared by Arrest-Adult,44442.913888888892,NULL,1780 R St
21002557,ACCIDENTS - P.D. H&R NOT REPORTABLE,2021-09-03T20:43:00Z,Closed - Inactive,44442.863194444442,44442.863194444442,1830 Vine St
21002552,LARCENY - STOLEN BIKE,2021-09-03T16:07:00Z,Closed - Inactive,44414.333333333336,44442.671527777777,440 N 17th St
21002551,LARCENY - STOLEN BIKE,2021-09-03T14:38:00Z,Closed - Inactive,44440.791666666664,44440.854166666664,1104 R St
21002543,LARCENY - STOLEN BIKE,2021-09-03T09:31:00Z,Closed - Inactive,44441.916666666664,44442.322916666664,820 N 17th St
21002542,LARCENY - STOLEN BIKE,2021-09-03T08:55:00Z,Closed - Cleared by Arrest-Adult,44428.791666666664,44435.5,1055 N 16th St
21002538,DISTURBANCE - WILD PARTY,2021-09-03T00:16:00Z,Closed - Non-Criminal Case,44442.011111111111,NULL,1545 R St
21002518,ACCIDENTS - P.D. H&R NOT REPORTABLE,2021-09-02T22:55:00Z,Closed - Cleared by Arrest-Adult,44440.699305555558,NULL,1055 N 16th St
21002537,ALCOHOL - USING FALSE I.D.,2021-09-02T21:42:00Z,Closed - Cleared by Arrest-Adult,44441.896527777775,NULL,N 16TH ST & Q ST
21002532,DISTURBANCE - OTHER,2021-09-02T13:30:00Z,Closed - Non-Criminal Case,44440.4375,44440.447916666664,1801 R St
21002526,DISTURBANCE - OTHER,2021-09-02T11:15:00Z,Closed - Non-Criminal Case,44441.375,44441.395833333336,330 S 21st St
21002522,LARCENY - STOLEN BIKE,2021-09-02T06:57:00Z,Closed - Inactive,44439.5,44441.289583333331,630 N 14th St
21002521,ALCOHOL - MINOR IN POSSESSION,2021-09-02T00:19:00Z,Closed - Inactive,44441.013194444444,NULL,1150 N 14th St
21002516,ACCIDENTS - P.D. H&R NOT REPORTABLE,2021-09-01T19:17:00Z,Closed - Cleared by Arrest-Adult,44437.833333333336,44440.803472222222,1111 N 14th St
21002512,DISTURBANCE - OTHER,2021-09-01T17:49:00Z,Closed - Inactive,NULL,NULL,639 N 12th St
21002511,DISTURBANCE - OTHER,2021-09-01T17:38:00Z,Closed - Inactive,44439,NULL,2255 Vine St
21002510,LARCENY - FROM BUILDING,2021-09-01T17:03:00Z,Closed - Inactive,44440.565972222219,44440.583333333336,530 N 17th St
21002509,LARCENY - FROM MOTOR VEHICLE,2021-09-01T16:28:00Z,Closed - Inactive,44439.791666666664,44440.677083333336,1150 N 14th St
21002504,DISTURBANCE - OTHER,2021-09-01T12:45:00Z,Closed - Inactive,44438,44439,2255 Vine St
21002501,DISTURBANCE - OTHER,2021-09-01T12:00:00Z,Closed - Non-Criminal Case,43986.5,44437.851388888892,NA
21002496,ALCOHOL - CONSUMPTION IN PUBLIC,2021-09-01T11:26:00Z,Closed - Non-Criminal Case,44440.476388888892,NULL,200 Centennial Mall N
21002493,LARCENY - FROM BUILDING,2021-09-01T11:00:00Z,Closed - Inactive,44439.9375,44440.375,1425 R St
21002481,LARCENY - FROM MOTOR VEHICLE,2021-08-31T17:46:00Z,Closed - Inactive,44439.479166666664,44439.697916666664,3940 Fair St
21002480,LARCENY - STOLEN BIKE,2021-08-31T16:37:00Z,Closed - Inactive,44439.645833333336,44439.6875,900 N 16th St
21002473,DISTURBANCE - OTHER,2021-08-31T14:56:00Z,Closed - Non-Criminal Case,44439.618055555555,44439.623611111114,1360 Vine St
21002503,DISTURBANCE - OTHER,2021-08-31T11:42:00Z,Closed - Non-Criminal Case,44439.431944444441,NULL,NA
21002466,DISTURBANCE - OTHER,2021-08-31T10:34:00Z,Closed - Non-Criminal Case,44431.75,44431.833333333336,900 N 16th St
21002508,DISTURBANCE - OTHER,2021-08-31T06:58:00Z,Closed - Inactive,44438.647916666669,44438.656944444447,NA
21002458,LARCENY - STOLEN BIKE,2021-08-30T18:11:00Z,Closed - Cleared by Arrest-Adult,44425.541666666664,44432.416666666664,440 N 17th St
21002456,NARCOTICS - OTHER,2021-08-30T15:32:00Z,Closed - Non-Criminal Case,NULL,NULL,1120 N 14th St
21002452,ACCIDENTS - P.D. H&R NOT REPORTABLE,2021-08-30T12:19:00Z,Closed - Inactive,44437.895833333336,44437.958333333336,933 N 16 ST
OS21006,SEX OFFENSE - RAPE,2021-08-30T11:24:00Z,NA - Clery Report Only,43902,NULL,Private Residence
OS21005,SEX OFFENSE - RAPE,2021-08-30T11:11:00Z,NA - Clery Report Only,43860,NULL,On-campus Student Housing
OS21004,SEX OFFENSE - RAPE,2021-08-30T11:04:00Z,NA - Clery Report Only,44218,NULL,On-campus Student Housing
OS21003,SEX OFFENSE - RAPE,2021-08-30T10:31:00Z,NA - Clery Report Only,44060,NULL,On-campus Student Housing
21002442,LARCENY - STOLEN BIKE,2021-08-30T07:11:00Z,Closed - Inactive,44436.791666666664,44438.299305555556,733 N 17th St
21002440,SEX OFFENSE - OTHER,2021-08-30T01:28:00Z,Closed - Inactive,44434.916666666664,44435.125,1510 Vine St
21002423,LARCENY - STOLEN BIKE,2021-08-28T20:12:00Z,Closed - Cleared by Arrest-Adult,44435.583333333336,44436.416666666664,433 N 19th St
21002417,LARCENY - OTHER OR FROM OPEN AREA,2021-08-28T02:47:00Z,Closed - Cleared by Exception,44436.115972222222,NULL,1425 R St
21002415,ALCOHOL - MINOR IN POSSESSION,2021-08-28T02:02:00Z,Closed - Non-Criminal Case,44436.084722222222,NULL,1780 R St
21002413,ALCOHOL - MINOR IN POSSESSION,2021-08-28T01:28:00Z,Closed - Non-Criminal Case,44436.061111111114,NULL,880 N 17th St 303
21002411,DISTURBANCE - OTHER,2021-08-27T23:02:00Z,Closed - Non-Criminal Case,44435.959722222222,NULL,2400 N Antelope Valley Pky
21002454,DISTURBANCE - OTHER,2021-08-27T20:13:00Z,Closed - Non-Criminal Case,44435.84097222222,NULL,300 N 17th St
21002403,ACCIDENTS - P.D. H&R NOT REPORTABLE,2021-08-27T17:01:00Z,Closed - Inactive,44431.333333333336,44435.708333333336,3310 Holdrege St
21002396,ACCIDENTS - P.D. H&R NOT REPORTABLE,2021-08-27T15:50:00Z,Closed - Inactive,44434.875,44435.65625,1111 N 14th St
21002393,LARCENY - STOLEN BIKE,2021-08-27T15:21:00Z,Closed - Cleared by Arrest-Adult,44435.520833333336,44435.635416666664,630 N 14th St
21002394,DISTURBANCE - OTHER,2021-08-27T14:37:00Z,Closed - Non-Criminal Case,44435.583333333336,NULL,NA
21002390,DISTURBANCE - OTHER,2021-08-27T13:52:00Z,Closed - Non-Criminal Case,44431.75,44435.458333333336,1144 T St
21002392,LARCENY - STOLEN BIKE,2021-08-27T13:49:00Z,Closed - Cleared by Arrest-Juvenile,44429.75,44435.5625,1801 R St
21002388,ACCIDENTS - P.D. H&R NOT REPORTABLE,2021-08-27T11:19:00Z,Closed - Inactive,44432.94027777778,44435.47152777778,1801 R St
21002386,LARCENY - STOLEN BIKE,2021-08-27T10:26:00Z,Closed - Inactive,44434.666666666664,44435.375,300 N 17th St
21002387,ACCIDENTS - P.D. H&R NOT REPORTABLE,2021-08-27T10:26:00Z,Closed - Inactive,44433.354166666664,44433.875,625 Stadium Dr
21002446,DISTURBANCE - OTHER,2021-08-27T10:24:00Z,Closed - Non-Criminal Case,44426.541666666664,NULL,451 N 12th St
21002384,TELEPHONE - OTHER,2021-08-27T09:35:00Z,Closed - Non-Criminal Case,44435.388888888891,NULL,501 N 14th St
21002391,DISTURBANCE - OTHER,2021-08-27T09:33:00Z,Closed - Non-Criminal Case,44433.333333333336,NULL,841 N 14th St
21002383,ACCIDENTS - P.D. H&R NOT REPORTABLE,2021-08-27T09:30:00Z,Closed - Cleared by Arrest-Adult,44433.288888888892,NULL,707 Stadium Dr
21002380,ACCIDENTS - P.D. H&R NOT REPORTABLE,2021-08-27T09:08:00Z,Closed - Inactive,44434.395833333336,44434.59375,1329 R St.
21002372,VANDALISM - OTHER,2021-08-26T22:21:00Z,Closed - Inactive,44434.931250000001,NULL,530 N 17th St
21002371,ALCOHOL - MINOR IN POSSESSION,2021-08-26T22:11:00Z,Closed - Non-Criminal Case,44434.924305555556,NULL,433 N 19th St
21002370,ACCIDENTS - P.D. H&R NOT REPORTABLE,2021-08-26T20:53:00Z,Closed - Inactive,44433.916666666664,44434.868055555555,1801 R St
21002369,ACCIDENTS - P.D. H&R NOT REPORTABLE,2021-08-26T20:47:00Z,Closed - Inactive,44428.458333333336,44434.865972222222,300 N 17th St
21002367,VANDALISM - OTHER,2021-08-26T18:56:00Z,Closed - Inactive,44434.458333333336,44434.625,855 N 16th St
21002364,VANDALISM - OTHER,2021-08-26T17:25:00Z,Closed - Inactive,44433.666666666664,44434.583333333336,1801 R St
21002361,LARCENY - STOLEN BIKE,2021-08-26T17:15:00Z,Closed - Inactive,44430.625,44434.71875,440 N 17th St
21002357,ASSAULT - NON DOMESTIC,2021-08-26T14:59:00Z,Closed - Cleared by Arrest-Adult,44434.624305555553,NULL,1875 N 42nd St
21002354,ACCIDENTS - P.D. H&R NOT REPORTABLE,2021-08-26T13:24:00Z,Closed - Inactive,44434.479166666664,44434.5,2222 Vine St
21002355,DISTURBANCE - OTHER,2021-08-26T13:00:00Z,Closed - Inactive,44432.40625,NULL,1875 N 42nd St
21002352,TRESPASSING,2021-08-26T07:19:00Z,Closed - Cleared by Arrest-Adult,44434.304861111108,NULL,1875 N 42nd St
21002351,ALCOHOL - USING FALSE I.D.,2021-08-25T23:14:00Z,Closed - Cleared by Arrest-Adult,44433.968055555553,NULL,300 N 17th St
21002347,DISTURBANCE - OTHER,2021-08-25T20:39:00Z,Closed - Cleared by Arrest-Adult,44433.86041666667,NULL,1425 R St
21002346,LARCENY - OTHER OR FROM OPEN AREA,2021-08-25T19:24:00Z,Closed - Inactive,44433.763888888891,NULL,855 N 16th St
21002339,ACCIDENTS - P.D. H&R NOT REPORTABLE,2021-08-25T12:48:00Z,Closed - Unfounded,44433.229166666664,44433.479166666664,745 N. 14th Street
21002337,DISTURBANCE - OTHER,2021-08-25T12:19:00Z,Closed - Inactive,44432.4375,44432.458333333336,1120 N 14th St
21002332,DISTURBANCE - OTHER,2021-08-25T09:56:00Z,Closed - Inactive,44433.413888888892,NULL,1875 N 42nd St
21002327,TRESPASSING,2021-08-24T23:13:00Z,Closed - Cleared by Arrest-Adult,44432.961805555555,44432.967361111114,1425 R St
21002321,LARCENY - STOLEN BIKE,2021-08-24T19:20:00Z,Closed - Cleared by Arrest-Adult,44432.802083333336,44432.805555555555,440 N 17th St
21002315,DISTURBANCE - OTHER,2021-08-24T19:10:00Z,Closed - Non-Criminal Case,44432.798611111109,NULL,300 N 17th St
21002313,LARCENY - OTHER OR FROM OPEN AREA,2021-08-24T15:39:00Z,Closed - Inactive,44431.645833333336,44432.385416666664,303 N 17th St
21002312,ACCIDENTS - P.D. H&R NOT REPORTABLE,2021-08-24T15:11:00Z,Closed - Inactive,44430.75,44432.625,1111 N 14th St
21002307,DISTURBANCE - OTHER,2021-08-24T12:26:00Z,Closed - Cleared by Arrest-Adult,44424.333333333336,44432.518055555556,1875 N 42nd St
21002305,SEX OFFENSE - RAPE,2021-08-24T11:40:00Z,Closed - Inactive,43922.5,44287.5,880 N 17th St
21002299,ABANDONED BICYCLE,2021-08-24T08:00:00Z,Closed - Non-Criminal Case,44431.9,NULL,1360 Vine St
21002298,LARCENY - STOLEN BIKE,2021-08-24T04:57:00Z,Closed - Inactive,44432.206250000003,NULL,733 N 17th St
21002296,SEX OFFENSE - RAPE,2021-08-24T03:47:00Z,Closed - Inactive,44431.979166666664,44432,1425 R St
21002335,DISTURBANCE - WILD PARTY,2021-08-24T03:47:00Z,Closed - Inactive,44431.979166666664,NULL,1425 R St
21002292,SUSPICIOUS PERSON,2021-08-23T22:51:00Z,Closed - Non-Criminal Case,44431.95208333333,NULL,730 N 14th St
21002286,LARCENY - STOLEN BIKE,2021-08-23T16:03:00Z,Closed - Inactive,44427.833333333336,44431.666666666664,1801 R St
21002284,LARCENY - STOLEN BIKE,2021-08-23T15:32:00Z,Closed - Inactive,44427.583333333336,44431.302083333336,440 N 17th St
21002281,LARCENY - STOLEN BIKE,2021-08-23T13:40:00Z,Closed - Inactive,NULL,NULL,300 N 17th St
21002278,LARCENY - STOLEN BIKE,2021-08-23T12:44:00Z,Open,44431.416666666664,44431.474305555559,510 Stadium Dr
21002277,LARCENY - STOLEN BIKE,2021-08-23T12:33:00Z,Closed - Inactive,44431.34375,44431.489583333336,601 N 16th St
21002276,LARCENY - STOLEN BIKE,2021-08-23T12:30:00Z,Closed - Cleared by Arrest-Adult,44431.476388888892,44431.513888888891,512 N 12th St
21002275,LARCENY - STOLEN BIKE,2021-08-23T12:11:00Z,Closed - Inactive,44426.402777777781,44431.458333333336,1055 N 16th St
21002271,VANDALISM - OTHER,2021-08-23T08:14:00Z,Closed - Inactive,44428.666666666664,44431.322916666664,1830 Vine St
21002268,ACCIDENTS - P.D. H&R NOT REPORTABLE,2021-08-22T15:22:00Z,Closed - Cleared by Arrest-Adult,44420.916666666664,44430.604166666664,1801 R St
21002263,LARCENY - STOLEN BIKE,2021-08-22T11:10:00Z,Closed - Inactive,44429.4375,44430.434027777781,440 N 17th St
21002260,ALCOHOL - DRUNK,2021-08-22T00:51:00Z,Closed - Non-Criminal Case,44430.035416666666,NULL,1433 R St
21002261,DISTURBANCE - OTHER,2021-08-22T00:51:00Z,Closed - Non-Criminal Case,44430.035416666666,NULL,625 N 14th St
21002257,ACCIDENTS - P.D. H&R NOT REPORTABLE,2021-08-21T15:18:00Z,Closed - Inactive,44428.645833333336,44429.637499999997,615 N 19th St
21002253,LARCENY - STOLEN BIKE,2021-08-21T12:12:00Z,Closed - Cleared by Arrest-Adult,44427.458333333336,44429.508333333331,440 N 17th St
21002246,NARCOTICS - POSSESSION,2021-08-21T00:03:00Z,Closed - Cleared by Arrest-Adult,44429.002083333333,NULL,N 17TH ST & Q ST
21002245,NARCOTICS - OTHER,2021-08-20T23:12:00Z,Closed - Non-Criminal Case,44428.966666666667,NULL,1780 R St
21002251,DISTURBANCE - OTHER,2021-08-20T19:18:00Z,Closed - Inactive,44427.039583333331,44427.041666666664,N 17TH ST & U ST
21002238,LARCENY - STOLEN BIKE,2021-08-20T18:51:00Z,Closed - Inactive,44426.75,44428.784722222219,1130 N 14th St
21002228,DISTURBANCE - OTHER,2021-08-20T12:37:00Z,Closed - Non-Criminal Case,44428.510416666664,44428.524305555555,1360 Vine St
21002226,NARCOTICS - SALE/DELIVER,2021-08-20T02:27:00Z,Closed - Cleared by Arrest-Adult,44428.102083333331,NULL,300 N 17th St
21002225,ALCOHOL - MINOR IN POSSESSION,2021-08-20T02:19:00Z,Closed - Cleared by Arrest-Adult,44428.09652777778,NULL,N 18TH ST & R ST
21002219,ACCIDENTS - P.D. H&R NOT REPORTABLE,2021-08-19T14:58:00Z,Closed - Inactive,44426.291666666664,44427.583333333336,1830 Vine St
21002216,ALCOHOL - USING FALSE I.D.,2021-08-19T10:33:00Z,Closed - Cleared by Arrest-Adult,44427.439583333333,NULL,300 N 17th St
21002214,ALCOHOL - DWI,2021-08-19T01:44:00Z,Closed - Cleared by Arrest-Adult,44427.072222222225,NULL,ANTELOPE VALLEY PARKWAY & TRANSFORMATION DR
21002211,LARCENY - STOLEN BIKE,2021-08-18T21:55:00Z,Closed - Cleared by Arrest-Adult,44426.333333333336,44426.875,1104 R St
21002194,"HAZARDS - NON-TRAFFIC (WIRES,TREES,ETC)",2021-08-18T10:42:00Z,Closed - Non-Criminal Case,44426.445833333331,NULL,900 N 16th St
21002188,ALCOHOL - MINOR IN POSSESSION,2021-08-18T01:13:00Z,Closed - Non-Criminal Case,44426.050694444442,NULL,N 17TH ST & VINE ST
21002187,ALCOHOL - DRUNK,2021-08-17T22:00:00Z,Closed - Non-Criminal Case,44425.916666666664,NULL,N 14TH ST & R ST
21002186,TRAFFIC - OTHER,2021-08-17T19:58:00Z,Closed - Non-Criminal Case,44425.831944444442,NULL,VINE ST & N 16TH ST
21002184,LARCENY - FROM MOTOR VEHICLE,2021-08-17T09:35:00Z,Closed - Cleared by Arrest-Adult,44425.399305555555,NULL,1400 R St
21002183,DISTURBANCE - DOMESTIC,2021-08-16T21:45:00Z,Closed - Inactive,44424.864583333336,NULL,639 N 12th St
21002174,WEAPONS – OTHER,2021-08-15T22:56:00Z,Closed - Cleared by Arrest-Adult,44423.955555555556,NULL,R ST & N 17TH ST
21002169,DISTURBANCE - OTHER,2021-08-15T13:39:00Z,Closed - Inactive,44422.916666666664,44422.927083333336,1100 T St
21002165,TRAFFIC - OTHER,2021-08-15T02:12:00Z,Closed - Cleared by Arrest-Adult,44423.091666666667,NULL,N 17TH ST & P ST
21002154,LARCENY - STOLEN BIKE,2021-08-14T20:45:00Z,Closed - Cleared by Arrest-Adult,44422.375,44422.864583333336,1801 R St
21002152,DISTURBANCE - OTHER,2021-08-14T19:15:00Z,Closed - Non-Criminal Case,44422.760416666664,44422.802083333336,ANTELOPE VALLEY PARKWAY & Salt Creek RDWY
21002146,ALCOHOL - DWI,2021-08-14T00:51:00Z,Closed - Cleared by Arrest-Adult,44422.035416666666,NULL,N 16TH ST
21002144,DISTURBANCE - OTHER,2021-08-13T19:30:00Z,Closed - Inactive,44421,NULL,880 N 17th St
21002141,FRAUD - CON GAMES/DECEPTION/FALSE    PRETENSE/OTHER,2021-08-13T11:33:00Z,Closed - Non-Criminal Case,44377.625,NULL,300 N 17th St
21002140,LARCENY - STOLEN BIKE,2021-08-13T08:57:00Z,Closed - Inactive,44421.333333333336,44421.372916666667,1515 R St
21002136,ALCOHOL - MINOR IN POSSESSION,2021-08-13T01:04:00Z,Closed - Cleared by Arrest-Adult,44421.044444444444,NULL,N 10TH ST & Salt Creek RDWY
21002128,DISTURBANCE - OTHER,2021-08-12T11:28:00Z,Closed - Inactive,44420.477777777778,NULL,1410 Q St
21002124,TRAFFIC - SUSPENDED DRIVER,2021-08-11T22:07:00Z,Closed - Cleared by Arrest-Adult,44419.921527777777,NULL,ANTELOPE VALLEY PARKWAY & VINE ST
21002115,NARCOTICS - POSSESSION,2021-08-11T02:36:00Z,Closed - Cleared by Arrest-Adult,44419.10833333333,44419.10833333333,300 N 17th St
21002112,LARCENY - STOLEN BIKE,2021-08-10T17:45:00Z,Closed - Inactive,44417.5,44418.708333333336,1801 R St
21002108,OUTSIDE - O.P.S. OTHER,2021-08-10T11:30:00Z,Closed - Non-Criminal Case,NULL,NULL,300 N 17th St
21002104,TRAFFIC - SUSPENDED DRIVER,2021-08-09T21:50:00Z,Closed - Cleared by Arrest-Adult,44417.909722222219,NULL,ANTELOPE VALLEY PARKWAY & N 17TH ST
21002101,LARCENY - FROM BUILDING,2021-08-09T16:42:00Z,Closed - Inactive,44414.625,44417.416666666664,844 N 16th St
21002096,OUTSIDE - O.P.S. OTHER,2021-08-08T08:53:00Z,Closed - Non-Criminal Case,44416.370138888888,NULL,300 N 17th St
21002095,ALCOHOL - DWI,2021-08-08T02:55:00Z,Closed - Cleared by Arrest-Adult,44416.121527777781,NULL,S ST & N ANTELOPE VALLEY PKWY
21002094,LARCENY - STOLEN BIKE,2021-08-07T23:19:00Z,Closed - Inactive,44415.708333333336,44415.958333333336,1144 T St
21002089,ALCOHOL - DRUNK,2021-08-07T01:49:00Z,Closed - Non-Criminal Case,44415.075694444444,NULL,1901 Vine St
21002088,TRAFFIC - SUSPENDED DRIVER,2021-08-07T00:03:00Z,Closed - Cleared by Arrest-Adult,44415.002083333333,NULL,P ST & N 10TH ST
21002086,LARCENY - STOLEN BIKE,2021-08-06T17:40:00Z,Closed - Cleared by Arrest-Adult,44414.541666666664,44414.729166666664,1400 R St
21002085,SEX OFFENSE - OTHER,2021-08-06T13:45:00Z,Closed - Inactive,44094.840277777781,44460.333333333336,600 N 15th St
21002083,TRESPASSING,2021-08-06T13:23:00Z,Closed - Cleared by Arrest-Adult,44414.556944444441,NULL,200 Centennial Mall N
21002073,LARCENY - FROM BUILDING,2021-08-04T08:41:00Z,Closed - Cleared by Arrest-Adult,44412.359722222223,NULL,1400 R St
21002067,NARCOTICS - POSSESSION,2021-08-02T21:49:00Z,Closed - Cleared by Arrest-Adult,44410.90902777778,NULL,ANTELOPE VALLEY PARKWAY & Q ST
21002062,DISTURBANCE - OTHER,2021-08-02T12:55:00Z,Closed - Non-Criminal Case,44410.520833333336,NULL,1600 Court St
21002061,TELEPHONE - OTHER,2021-08-02T10:41:00Z,Closed - Inactive,NULL,NULL,625 Stadium Dr
21002051,ALCOHOL - DRUNK,2021-07-31T00:22:00Z,Closed - Non-Criminal Case,44408.015277777777,NULL,1644 P Street
21002049,DISTURBANCE - OTHER,2021-07-30T17:14:00Z,Closed - Inactive,44378.333333333336,44407.718055555553,NA
21002030,DISTURBANCE - OTHER,2021-07-29T08:01:00Z,Closed - Non-Criminal Case,44405.5,44405.541666666664,4040 East Campus Loop N
21002021,LARCENY - STOLEN BIKE,2021-07-28T15:04:00Z,Closed - Cleared by Arrest-Adult,44401.770833333336,44405.583333333336,1801 R St
21002020,LARCENY - STOLEN BIKE,2021-07-28T14:37:00Z,Closed - Inactive,44397.770833333336,44399.5625,1801 R St
21002019,MISSING PERSON - OUTSIDE JURISDICTION,2021-07-28T12:08:00Z,Closed - Non-Criminal Case,44405.498611111114,44405.505555555559,2032 U Street
21002016,LARCENY - OTHER OR FROM OPEN AREA,2021-07-27T20:37:00Z,Closed - Cleared by Arrest-Adult,44404.769444444442,NULL,440 N 17th St
21002015,VANDALISM - BY GRAFFITI,2021-07-27T17:26:00Z,Closed - Inactive,NULL,NULL,1130 N 14th St
21002014,SEX OFFENSE - INDECENT EXPOSURE,2021-07-27T13:48:00Z,Closed - Cleared by Arrest-Juvenile,44404.565972222219,NULL,1155 Q St
21002011,ANIMAL - DOG BITE TO PERSON,2021-07-27T11:04:00Z,Closed - Non-Criminal Case,44404.421527777777,NULL,4075 East Campus Loop S
21002008,VANDALISM - OTHER,2021-07-27T07:07:00Z,Closed - Inactive,NULL,NULL,1410 Q St
21002007,VANDALISM - OTHER,2021-07-27T07:02:00Z,Closed - Inactive,44403.625,44404.293055555558,N 38TH ST & EAST CAMPUS LOOP
21002003,ASSAULT - NON DOMESTIC,2021-07-26T15:58:00Z,Closed - Non-Criminal Case,44403.576388888891,NULL,1880 Transformation Dr
21001999,LARCENY - MOTOR VEH. ACCESSORIES,2021-07-26T09:30:00Z,Closed - Cleared by Arrest-Adult,44390.572916666664,44403.395833333336,707 Stadium Dr
21001995,OUTSIDE - O.P.S. OTHER,2021-07-25T03:22:00Z,Closed - Non-Criminal Case,44402.140277777777,NULL,NA
21001994,OUTSIDE - O.P.S. OTHER,2021-07-25T02:53:00Z,Closed - Non-Criminal Case,44401.083333333336,44402.090277777781,N 16TH ST & Q ST
21001993,TRAFFIC - SUSPENDED DRIVER,2021-07-25T01:20:00Z,Closed - Cleared by Arrest-Adult,44402.055555555555,NULL,N 14TH ST & Q ST
21001992,NARCOTICS - POSSESSION,2021-07-24T23:33:00Z,Closed - Cleared by Arrest-Adult,44401.981249999997,NULL,ANTELOPE VALLEY PARKWAY & N 17TH ST
21001991,PARKING - OTHER,2021-07-24T08:35:00Z,Closed - Non-Criminal Case,NULL,NULL,EAST CAMPUS LOOP & N 33RD ST
21001989,TRAFFIC - SUSPENDED DRIVER,2021-07-24T02:55:00Z,Closed - Cleared by Arrest-Adult,44401.121527777781,NULL,N 14TH ST & Q ST
21001987,NARCOTICS - POSSESSION,2021-07-24T02:46:00Z,Closed - Cleared by Arrest-Adult,44401.115277777775,NULL,N 14TH ST & R ST
21001986,TRAFFIC - SUSPENDED DRIVER,2021-07-24T02:14:00Z,Closed - Cleared by Arrest-Adult,44401.093055555553,NULL,N 17TH ST & Q ST
21001973,LARCENY - STOLEN BIKE,2021-07-22T18:47:00Z,Closed - Inactive,44399.375,44399.5,639 N 12th St
21001968,LARCENY - STOLEN BIKE,2021-07-22T12:22:00Z,Closed - Inactive,44398.895833333336,44399.28125,600 N 15th St
21001962,TRAFFIC - OTHER,2021-07-21T22:14:00Z,Closed - Inactive,44398.926388888889,NULL,ANTELOPE VALLEY PARKWAY & Salt Creek RDWY
21001960,FRAUD - CON GAMES/DECEPTION/FALSE    PRETENSE/OTHER,2021-07-21T13:35:00Z,Closed - Cleared by Arrest-Adult,44069.333333333336,44347.708333333336,NA
21001953,VANDALISM - OTHER,2021-07-20T07:46:00Z,Closed - Cleared by Arrest-Adult,44396.707638888889,NULL,625 Stadium Dr
21001952,TRESPASSING,2021-07-20T06:01:00Z,Closed - Non-Criminal Case,44397.250694444447,NULL,300 N 17th St
21001946,VANDALISM - BY GRAFFITI,2021-07-19T14:51:00Z,Closed - Inactive,NULL,NULL,451 N 12th St
21001945,LARCENY - OTHER OR FROM OPEN AREA,2021-07-19T14:08:00Z,Closed - Inactive,44395.791666666664,44396.291666666664,600 N 15th St
21001943,FIRE - FALSE ALARM,2021-07-19T11:16:00Z,Closed - Non-Criminal Case,44396.469444444447,NULL,1548 Vine St
21001933,LARCENY - FROM MOTOR VEHICLE,2021-07-18T21:25:00Z,Closed - Inactive,44393.770833333336,44394.892361111109,1801 R St
21001938,LARCENY - FROM MOTOR VEHICLE,2021-07-18T16:01:00Z,Closed - Inactive,44395.635416666664,44395.659722222219,1548 S St
21001929,ALCOHOL - DWI,2021-07-17T02:08:00Z,Closed - Cleared by Arrest-Adult,44394.088888888888,NULL,N 16TH ST & R ST
21001922,FRAUD - CON GAMES/DECEPTION/FALSE    PRETENSE/OTHER,2021-07-16T16:23:00Z,Closed - Inactive,NULL,NULL,2230 SW 47th Street
21001921,DISTURBANCE - OTHER,2021-07-16T14:53:00Z,Closed - Non-Criminal Case,44392.541666666664,44392.645833333336,625 Stadium Dr
21001920,ACCIDENTS - P.D. H&R NOT REPORTABLE,2021-07-16T14:04:00Z,Closed - Non-Criminal Case,44393.576388888891,44393.583333333336,1717 N 35th
21001919,FND ARTICLE OTHER THAN ABAND. BIKE OR VEH.,2021-07-16T12:54:00Z,Closed - Non-Criminal Case,44393.537499999999,NULL,1360 Vine St
21001917,BOMB - THREAT,2021-07-16T07:53:00Z,Closed - Inactive,44393.057638888888,NULL,NA
21001916,ALCOHOL - DRUNK,2021-07-16T01:28:00Z,Closed - Non-Criminal Case,44393.061111111114,NULL,N 16TH ST & X ST
21001906,LARCENY - OTHER OR FROM OPEN AREA,2021-07-14T13:33:00Z,Closed - Cleared by Arrest-Adult,44391.421527777777,NULL,1140 N 14th St
21001896,ALCOHOL - DRUNK,2021-07-13T17:10:00Z,Closed - Non-Criminal Case,44390.708333333336,44390.715277777781,N 16TH ST & R ST
21001876,OUTSIDE - O.P.S. OTHER,2021-07-11T15:30:00Z,Closed - Non-Criminal Case,44388.645833333336,NULL,1335 U St
21001873,ALCOHOL - DRUNK,2021-07-11T01:18:00Z,Closed - Non-Criminal Case,44388.054166666669,NULL,CENTENNIAL MALL & P ST
21001870,NARCOTICS - POSSESSION,2021-07-10T02:58:00Z,Closed - Cleared by Arrest-Adult,44387.123611111114,NULL,N 12TH ST & P ST
21001867,ALCOHOL - DWI,2021-07-10T01:38:00Z,Closed - Cleared by Arrest-Adult,44387.068055555559,NULL,N 16TH ST & Q ST
21001860,SEX OFFENSE - OTHER,2021-07-09T02:33:00Z,Closed - Cleared by Arrest-Adult,44386.106249999997,NULL,615 N 19th St
21001859,ALCOHOL - DWI,2021-07-09T01:42:00Z,Closed - Cleared by Arrest-Adult,44386.070833333331,NULL,N 12TH ST & Q ST
21001858,ALCOHOL - DWI,2021-07-09T00:01:00Z,Closed - Cleared by Arrest-Adult,44386.000694444447,NULL,N 9TH ST & Q ST
21001844,LARCENY - FROM MOTOR VEHICLE,2021-07-07T12:57:00Z,Closed - Inactive,44383.875,44384.524305555555,1548 Vine St
21001825,OUTSIDE - O.P.S. OTHER,2021-07-04T10:40:00Z,Closed - Inactive,44381.444444444445,NULL,N 38TH ST & EAST CAMPUS LOOP
21001820,ALCOHOL - DWI,2021-07-03T02:44:00Z,Closed - Cleared by Arrest-Adult,44380.088194444441,NULL,N 16TH ST & Q ST
21001819,LARCENY - BAIT BIKE - UNL,2021-07-02T23:27:00Z,Closed - Cleared by Arrest-Adult,44379.977083333331,NULL,733 N 17th St
21001814,NARCOTICS - POSSESSION,2021-07-02T03:31:00Z,Closed - Cleared by Arrest-Adult,44379.146527777775,NULL,S ST & N 16TH ST
21001813,ALCOHOL - DWI,2021-07-02T01:47:00Z,Closed - Cleared by Arrest-Adult,44379.074305555558,NULL,N 16TH ST & Q ST
21001803,NARCOTICS - POSSESSION,2021-07-01T09:04:00Z,Closed - Cleared by Arrest-Adult,44378.37777777778,NULL,N 16TH ST & U ST
21001802,ALCOHOL - MINOR IN POSSESSION,2021-07-01T01:58:00Z,Closed - Cleared by Arrest-Adult,44378.081944444442,NULL,N 17TH ST & R ST
21001794,LARCENY - STOLEN BIKE,2021-06-30T00:23:00Z,Closed - Cleared by Arrest-Adult,44377.015972222223,NULL,733 N 17th St
21001793,LARCENY - OTHER OR FROM OPEN AREA,2021-06-29T17:10:00Z,Closed - Inactive,44374.875,44375.583333333336,1801 R St
21001792,TRESPASSING,2021-06-29T16:54:00Z,Closed - Inactive,NULL,NULL,N 43RD ST & LEIGHTON AVE
21001785,TRESPASSING,2021-06-29T00:54:00Z,Closed - Inactive,44376.037499999999,44376.057638888888,715 N 16th St
21001784,ALCOHOL - DRUNK,2021-06-28T21:47:00Z,Closed - Non-Criminal Case,44375.907638888886,NULL,1400 R St
21001783,LARCENY - STOLEN BIKE,2021-06-28T19:04:00Z,Closed - Inactive,44372.791666666664,44375.416666666664,2222 Vine St
21001781,DISTURBANCE - OTHER,2021-06-28T11:34:00Z,Closed - Non-Criminal Case,44375.481944444444,NULL,6805 Ballard Ave
21001776,ALCOHOL - DRUNK,2021-06-28T00:51:00Z,Closed - Non-Criminal Case,44375.035416666666,NULL,433 V St
21001775,SUSPICIOUS PERSON,2021-06-28T00:13:00Z,Closed - Inactive,44374.958333333336,44374.974305555559,1104 R St
21001769,ALCOHOL - DWI,2021-06-27T01:40:00Z,Closed - Cleared by Arrest-Adult,44374.069444444445,NULL,N 17TH ST & Q ST
21001768,NARCOTICS - POSSESSION,2021-06-27T00:21:00Z,Closed - Cleared by Arrest-Adult,44374.01458333333,NULL,N 16TH ST & P ST
21001765,ALCOHOL - DWI,2021-06-26T02:15:00Z,Closed - Cleared by Arrest-Adult,44373.09375,NULL,N 17TH ST & R ST
21001763,NARCOTICS - POSSESSION,2021-06-25T22:58:00Z,Closed - Cleared by Arrest-Adult,44372.956944444442,NULL,Q ST & N 18TH ST
21001758,DISTURBANCE - OTHER,2021-06-25T17:46:00Z,Closed - Non-Criminal Case,44372.740277777775,NULL,600 N 15th St
21001756,LARCENY - STOLEN BIKE,2021-06-25T07:57:00Z,Closed - Cleared by Arrest-Adult,44371.875,44372.326388888891,600 N 15th St
21001755,NARCOTICS - POSSESSION,2021-06-25T07:28:00Z,Closed - Non-Criminal Case,44371.408333333333,44372.311111111114,N 44TH ST & HOLDREGE ST
21001753,ALCOHOL - DWI,2021-06-25T02:43:00Z,Closed - Cleared by Arrest-Adult,44372.113194444442,NULL,N 17TH ST & R ST
21001752,ALCOHOL - DRUNK,2021-06-24T19:25:00Z,Closed - Inactive,44371.78125,NULL,N 17TH ST & Q ST
21001750,FIRE - FALSE ALARM,2021-06-24T17:51:00Z,Closed - Non-Criminal Case,44371.743750000001,NULL,1120 N 14th St
21001732,LARCENY - STOLEN BIKE,2021-06-22T20:29:00Z,Closed - Cleared by Arrest-Adult,44369.8125,NULL,1780 R St
21001730,LARCENY - STOLEN BIKE,2021-06-22T15:41:00Z,Closed - Cleared by Arrest-Adult,44364.75,44369.635416666664,600 N 15th St
21001713,NARCOTICS - POSSESSION,2021-06-21T22:24:00Z,Closed - Cleared by Arrest-Adult,44367.933333333334,NULL,733 N 17th St
21001716,TRESPASSING,2021-06-21T08:10:00Z,Closed - Non-Criminal Case,44368.340277777781,NULL,3420 Leighton Ave
21001710,LARCENY - OTHER OR FROM OPEN AREA,2021-06-20T17:17:00Z,Closed - Inactive,44365.75,44367.708333333336,1600 Court St
21001703,ALCOHOL - DRUNK,2021-06-19T03:17:00Z,Closed - Non-Criminal Case,44366.136805555558,NULL,300 N 17th St
21001696,LARCENY - OTHER OR FROM OPEN AREA,2021-06-18T17:19:00Z,Closed - Cleared by Arrest-Adult,44302.333333333336,44365.666666666664,3630 East Campus Loop N
21001685,ALCOHOL - DRUNK,2021-06-17T09:36:00Z,Closed - Non-Criminal Case,44364.4,NULL,4000 East Campus Loop S
21001682,TRAFFIC - SUSPENDED DRIVER,2021-06-17T02:22:00Z,Closed - Cleared by Arrest-Adult,44364.098611111112,NULL,N 16TH ST & P ST
21001677,DISTURBANCE - OTHER,2021-06-16T15:43:00Z,Closed - Inactive,44363.654861111114,NULL,1410 Q St
21001671,ALCOHOL - DWI,2021-06-16T01:54:00Z,Closed - Cleared by Arrest-Adult,44363.07916666667,NULL,N 16TH ST & Q ST
21001667,TRESPASSING,2021-06-15T19:03:00Z,Closed - Non-Criminal Case,44362.791666666664,NULL,1400 R St
21001666,DISTURBANCE - OTHER,2021-06-15T17:16:00Z,Closed - Cleared by Arrest-Adult,NULL,NULL,300 N 17th St
21001661,SUSPICIOUS PERSON,2021-06-15T05:39:00Z,Closed - Cleared by Arrest-Adult,44362.2,NULL,1104 R St
21001659,OUTSIDE - O.P.S. OTHER,2021-06-15T04:48:00Z,Closed - Non-Criminal Case,44362.2,NULL,1040 P St
21001644,ALCOHOL - DWI,2021-06-13T01:38:00Z,Closed - Cleared by Arrest-Adult,44360.068055555559,NULL,N ANTELOPE VALLEY PKWY & M ST
21001638,ALCOHOL - DRUNK,2021-06-12T01:40:00Z,Closed - Non-Criminal Case,44359.069444444445,NULL,N 17TH ST & Q ST
21001637,ALCOHOL - DWI,2021-06-12T01:28:00Z,Closed - Cleared by Arrest-Adult,44359.061111111114,NULL,N 16TH ST & Q ST
21001636,ALCOHOL - DWI,2021-06-11T23:27:00Z,Closed - Cleared by Arrest-Adult,44358.977083333331,NULL,N 14TH ST & Q ST
OS21002,SEX OFFENSE - MOLEST/FONDLING,2021-06-11T17:02:00Z,NA - Clery Report Only,44301.5,NULL,On-campus Student Housing
21001622,VANDALISM - OTHER,2021-06-10T20:55:00Z,Closed - Inactive,44357.354166666664,44357.708333333336,1410 Q St
21001615,TRAFFIC - SUSPENDED DRIVER,2021-06-10T01:29:00Z,Closed - Cleared by Arrest-Adult,44357.061805555553,NULL,N 16TH ST & O ST
21001602,SEX OFFENSE - OTHER,2021-06-08T19:15:00Z,Closed - Inactive,44355.795138888891,NULL,1104 R St
21001601,OUTSIDE - O.P.S. OTHER,2021-06-08T17:13:00Z,Closed - Non-Criminal Case,44355.717361111114,NULL,N 22ND ST & U ST
21001591,TRAFFIC - OTHER,2021-06-07T23:27:00Z,Closed - Inactive,44354.977083333331,NULL,Q ST & N 11TH ST
21001586,DISTURBANCE - OTHER,2021-06-07T15:51:00Z,Closed - Non-Criminal Case,44354.65625,44354.660416666666,NA
21001578,ALCOHOL - DRUNK,2021-06-06T02:57:00Z,Closed - Non-Criminal Case,44353.122916666667,NULL,200 Centennial Mall N
21001573,ALCOHOL - DWI,2021-06-05T03:04:00Z,Closed - Cleared by Arrest-Adult,44352.12777777778,NULL,N 17TH ST & P ST
21001572,DISTURBANCE - OTHER,2021-06-05T02:08:00Z,Closed - Non-Criminal Case,44352.088888888888,NULL,1644 P Street
21001571,ACCIDENTS - P.D. H&R NOT REPORTABLE,2021-06-04T23:42:00Z,Closed - Non-Criminal Case,44351.6875,44351.916666666664,707 Stadium Dr
21001568,NARCOTICS - OTHER,2021-06-04T13:45:00Z,Closed - Non-Criminal Case,44351.572916666664,NULL,1140 N 14th St
21001543,VANDALISM - OTHER,2021-06-01T20:42:00Z,Closed - Non-Criminal Case,44348.46875,44348.850694444445,942 N 22nd St C187
21001541,LARCENY - OTHER OR FROM OPEN AREA,2021-06-01T17:58:00Z,Closed - Inactive,44348.458333333336,44348.746527777781,660 N 12th St
21001537,LARCENY - STOLEN BIKE,2021-06-01T09:08:00Z,Closed - Cleared by Arrest-Adult,44347.885416666664,44348.380555555559,600 N 15th St
21001536,NARCOTICS - POSSESSION,2021-05-31T23:28:00Z,Closed - Cleared by Arrest-Adult,44347.977777777778,NULL,N 27TH ST & O ST
21001533,LARCENY - STOLEN BIKE,2021-05-31T20:10:00Z,Closed - Inactive,44347.458333333336,44347.833333333336,639 N 12th St
21001531,LARCENY - STOLEN BIKE,2021-05-31T16:07:00Z,Closed - Inactive,44344.572916666664,44347.666666666664,2225 W St
21001521,TRAFFIC - OTHER,2021-05-30T01:41:00Z,Closed - Inactive,44346.070138888892,NULL,R ST & N 13TH ST
21001516,TRESPASSING,2021-05-29T01:37:00Z,Closed - Non-Criminal Case,44345.067361111112,NULL,700 N 17th St
21001515,LARCENY - STOLEN BIKE,2021-05-28T18:31:00Z,Closed - Inactive,44344.756249999999,NULL,930 N 14th St
21001512,VANDALISM - OTHER,2021-05-28T11:27:00Z,Closed - Inactive,44336.625,44343.625,1600 Court St
21001506,TRESPASSING,2021-05-27T18:20:00Z,Closed - Non-Criminal Case,44343.763888888891,NULL,1433 W St
LE20005,WEAPONS – OTHER,2021-05-27T12:01:00Z,NA - Clery Report Only,43831.5,44196.5,6825 Pine Street - Omaha
LE20004,AUTO THEFT,2021-05-27T11:45:00Z,NA - Clery Report Only,43831.5,44196.5,6035 Binney Street - Omaha
LE20003,MISC - OTHER,2021-05-27T11:32:00Z,NA - Clery Report Only,43831.5,44196.5,"3708 SW 29th  St. - Topeka, KS"
LE20002,AUTO THEFT,2021-05-27T11:25:00Z,NA - Clery Report Only,43831.5,44196.5,1811 West 2nd Street - Grand Island
LE20001,ASSAULT - DOMESTIC,2021-05-27T11:17:00Z,NA - Clery Report Only,43869.5,NULL,Innovation Campus
LE20000,BURGLARY,2021-05-27T11:15:00Z,NA - Clery Report Only,43831.5,44196.5,206 South 13th
21001502,OUTSIDE - O.P.S. OTHER,2021-05-27T08:10:00Z,Closed - Non-Criminal Case,44333.881944444445,44333.898611111108,300 N 17th St
21001500,OUTSIDE CRIME - REPORTS OUTSIDE JURISDICTION,2021-05-27T07:19:00Z,Closed - Inactive,44302.5,NULL,NA
21001499,NARCOTICS - POSSESSION,2021-05-27T02:44:00Z,Closed - Cleared by Arrest-Adult,44343.113888888889,NULL,855 N 16th St
21001476,LARCENY - STOLEN BIKE,2021-05-25T13:32:00Z,Closed - Inactive,44324.375,44333.666666666664,426 N 16th St
21001469,ACCIDENTS - INJURY,2021-05-24T22:11:00Z,Closed - Non-Criminal Case,44340.92083333333,44340.921527777777,N 14TH ST & T ST
21001461,TRESPASSING,2021-05-23T18:21:00Z,Closed - Non-Criminal Case,44339.76458333333,NULL,600 N 15th St
21001454,ALCOHOL - DWI,2021-05-23T01:53:00Z,Closed - Cleared by Arrest-Adult,44339.078472222223,NULL,Q ST & N 16TH ST
21001453,ALCOHOL - DWI,2021-05-23T00:12:00Z,Closed - Cleared by Arrest-Adult,44339.008333333331,NULL,Q ST & N 17TH ST
21001452,NARCOTICS - POSSESSION,2021-05-22T23:00:00Z,Closed - Cleared by Arrest-Adult,44338.958333333336,NULL,N 16TH ST & Q ST
21001446,TRAFFIC - SUSPENDED DRIVER,2021-05-22T01:38:00Z,Closed - Cleared by Arrest-Adult,44338.068055555559,NULL,N 16TH ST & Q ST
21001434,LARCENY - STOLEN BIKE,2021-05-21T07:55:00Z,Closed - Cleared by Arrest-Adult,44337.25,44337.322916666664,841 N 14th St
21001432,ALCOHOL - DWI,2021-05-21T02:19:00Z,Closed - Cleared by Arrest-Adult,44337.09652777778,NULL,N ANTELOPE VALLEY PKWY & O ST
21001427,LARCENY - FROM BUILDING,2021-05-19T16:39:00Z,Closed - Inactive,44328.708333333336,44335.693749999999,1430 Vine St
21001415,LARCENY - STOLEN BIKE,2021-05-18T14:50:00Z,Closed - Inactive,44328.354166666664,44334.604166666664,1600 Court St
21001386,VANDALISM - OTHER,2021-05-14T09:56:00Z,Closed - Inactive,44294.416666666664,44329.416666666664,1931 N Antelope Valley Pky
21001384,LARCENY - FROM BUILDING,2021-05-14T08:41:00Z,Closed - Inactive,44060.458333333336,44329.458333333336,402 Stadium Dr
21001380,NARCOTICS - POSSESSION,2021-05-14T03:39:00Z,Closed - Cleared by Arrest-Adult,44330.152083333334,NULL,433 N 19th St
21001379,ALCOHOL - DWI,2021-05-14T02:14:00Z,Closed - Cleared by Arrest-Adult,44330.093055555553,NULL,N 16TH ST & X ST
21001411,OUTSIDE - O.P.S. OTHER,2021-05-13T12:00:00Z,Closed - Non-Criminal Case,NULL,NULL,NA
21001373,DISTURBANCE - OTHER,2021-05-12T16:12:00Z,Closed - Non-Criminal Case,44309,44326,1780 R St
21001365,LARCENY - FROM BUILDING,2021-05-12T09:30:00Z,Closed - Inactive,44327.833333333336,44327.875,1901 Vine St
21001362,VANDALISM - BY GRAFFITI,2021-05-12T01:36:00Z,Closed - Inactive,NULL,NULL,625 N 14th St
21001359,LARCENY - OTHER OR FROM OPEN AREA,2021-05-11T16:03:00Z,Closed - Inactive,44327.668749999997,44327.668749999997,1710 Arbor Dr
21001357,FALSE INFORMATION - GIVEN TO OFC.,2021-05-10T23:26:00Z,Closed - Cleared by Arrest-Adult,44326.976388888892,NULL,N 17TH ST & N ANTELOPE VALLEY PKWY
21001352,FIRE (WORKING) - ALARM,2021-05-10T12:05:00Z,Closed - Non-Criminal Case,44326.503472222219,NULL,1915 N 38th St
21001350,TRESPASSING,2021-05-10T07:09:00Z,Closed - Inactive,44312.5,44326.29791666667,N 16TH ST & VINE ST
21001349,PROTECTION ORDER VIOLATION,2021-05-10T02:41:00Z,Closed - Cleared by Arrest-Adult,44326.111805555556,NULL,635 N 16th St
21001348,LARCENY - STOLEN BIKE,2021-05-09T19:17:00Z,Open,44323.666666666664,44325.791666666664,1100 T St
21001347,SS - OTHER,2021-05-09T19:05:00Z,Closed - Non-Criminal Case,44325.795138888891,NULL,1801 R St
21001338,ACCIDENTS - P.D. H&R NOT REPORTABLE,2021-05-08T17:36:00Z,Closed - Inactive,44324.729166666664,NULL,1111 N 14th St
21001326,NARCOTICS - SALE/DELIVER,2021-05-08T00:13:00Z,Closed - Cleared by Arrest-Adult,44324.009027777778,NULL,1780 R St
21001320,TRESPASSING,2021-05-07T19:15:00Z,Closed - Cleared by Arrest-Adult,44323.784722222219,NULL,1433 W St
21001315,LARCENY - OTHER OR FROM OPEN AREA,2021-05-07T09:05:00Z,Closed - Inactive,44322.395833333336,44322.402777777781,451 N 12th St
21001311,ALCOHOL - DWI,2021-05-07T01:40:00Z,Closed - Cleared by Arrest-Adult,44323.069444444445,NULL,N 17TH ST & Q ST
21001310,ALCOHOL - DWI,2021-05-07T01:04:00Z,Closed - Cleared by Arrest-Adult,44323.044444444444,NULL,N 16TH ST & Q ST
21001308,SEX OFFENSE - OTHER,2021-05-06T13:15:00Z,Closed - Inactive,44275.5,NULL,1801 R St
21001302,TRAFFIC - SUSPENDED DRIVER,2021-05-06T00:09:00Z,Closed - Cleared by Arrest-Adult,44322.006249999999,NULL,SALT CREEK RDWY & ANTELOPE CREEK RD
21001298,FIREWORKS - DISTURBANCE,2021-05-05T22:16:00Z,Closed - Cleared by Arrest-Adult,44321.927777777775,NULL,1801 R St
21001296,LARCENY - STOLEN BIKE,2021-05-05T17:55:00Z,Closed - Inactive,44301.666666666664,44321.729166666664,733 N 17th St
21001305,DISTURBANCE - OTHER,2021-05-05T17:23:00Z,Closed - Inactive,44321.611111111109,44321.652777777781,NA
21001291,SEX OFFENSE - OTHER,2021-05-05T09:13:00Z,Closed - Cleared by Arrest-Adult,NULL,NULL,600 N 15th St
21001286,VANDALISM - OTHER,2021-05-04T15:03:00Z,Closed - Inactive,44317.5,44320.604166666664,1801 R St
21001279,ALCOHOL - MINOR IN POSSESSION,2021-05-04T02:07:00Z,Closed - Cleared by Arrest-Adult,44320.088194444441,NULL,200 Centennial Mall N
21001275,VANDALISM - BY GRAFFITI,2021-05-03T14:24:00Z,Closed - Inactive,44316.5,44319.59375,451 N 12th St
21001274,VANDALISM - OTHER,2021-05-03T08:21:00Z,Closed - Inactive,44316.708333333336,44319.347916666666,2200 Vine St
21001270,ALCOHOL - DRUNK,2021-05-02T22:46:00Z,Closed - Non-Criminal Case,44318.948611111111,NULL,N 17TH ST
21001269,DISTURBANCE - OTHER,2021-05-02T21:19:00Z,Closed - Non-Criminal Case,44318.826388888891,44318.840277777781,433 V St
21001258,ALCOHOL - DRUNK,2021-05-02T01:46:00Z,Closed - Non-Criminal Case,44318.073611111111,NULL,200 Centennial Mall N
21001251,LARCENY - STOLEN BIKE,2021-05-01T15:47:00Z,Closed - Inactive,44317.041666666664,44317.583333333336,880 N 17th St
21001240,ALCOHOL - DRUNK,2021-04-30T23:19:00Z,Closed - Non-Criminal Case,44316.97152777778,NULL,433 V St
21001229,ACCIDENTS - P.D. H&R NOT REPORTABLE,2021-04-30T13:17:00Z,Closed - Inactive,44314.770833333336,44316.5,1830 Vine St
21001223,DISTURBANCE - OTHER,2021-04-30T02:55:00Z,Closed - Cleared by Arrest-Adult,44316.121527777781,NULL,1535 R St
21001216,ACCIDENTS - P.D. H&R NOT REPORTABLE,2021-04-29T20:19:00Z,Closed - Non-Criminal Case,44315,44315.59375,1150 N 14th St
21001215,ACCIDENTS - P.D. H&R NOT REPORTABLE,2021-04-29T20:15:00Z,Closed - Inactive,44292.708333333336,44315.729166666664,1801 R St
21001213,FRAUD - CREDIT CARDS/ATM/BANK CARD,2021-04-29T19:19:00Z,Closed - Non-Criminal Case,44315.333333333336,NULL,300 N 17th St
21001211,SUSPICIOUS VEHICLE,2021-04-29T15:09:00Z,Closed - Inactive,44315.572916666664,NULL,N 22ND ST & W ST
21001210,OUTSIDE - O.P.S. OTHER,2021-04-29T10:00:00Z,Closed - Non-Criminal Case,NULL,NULL,300 N 17
21001209,OUTSIDE - O.P.S. OTHER,2021-04-29T08:00:00Z,Closed - Inactive,NULL,NULL,NA
21001203,TRESPASSING,2021-04-29T03:14:00Z,Closed - Cleared by Arrest-Adult,44315.134722222225,NULL,300 N 17th St
21001200,ALCOHOL - USING FALSE I.D.,2021-04-28T22:49:00Z,Closed - Cleared by Arrest-Adult,44314.950694444444,NULL,1150 N 14th St
21001196,VANDALISM - OTHER,2021-04-28T14:52:00Z,Closed - Inactive,44314.416666666664,44314.604166666664,900 N 16th St
21001191,LARCENY - MOTOR VEH. ACCESSORIES,2021-04-28T08:02:00Z,Closed - Inactive,44313.635416666664,44314.322916666664,942 N 22nd St
21001189,TELEPHONE - OBSCENE CALLS,2021-04-28T00:33:00Z,Closed - Inactive,44313.99722222222,NULL,300 N 17th St
21001183,LARCENY - STOLEN BIKE,2021-04-27T13:43:00Z,Closed - Inactive,44310.999305555553,44313.5,1801 R St
21001174,TRAFFIC - SUSPENDED DRIVER,2021-04-27T00:21:00Z,Closed - Cleared by Arrest-Adult,44313.01458333333,NULL,ANTELOPE VALLEY PARKWAY & VINE ST
21001175,TRAFFIC - SUSPENDED DRIVER,2021-04-27T00:11:00Z,Closed - Cleared by Arrest-Adult,44313.007638888892,NULL,N 19TH ST & VINE ST
21001168,SUSPICIOUS PERSON,2021-04-26T14:52:00Z,Closed - Non-Criminal Case,44312.612500000003,NULL,2000 N 35th St
21001167,DISTURBANCE - OTHER,2021-04-26T14:20:00Z,Closed - Non-Criminal Case,44306.333333333336,NULL,530 N 17th St
21001162,ALCOHOL - USING FALSE I.D.,2021-04-25T15:47:00Z,Closed - Cleared by Arrest-Adult,44311.657638888886,NULL,300 N 17th St
21001157,ALCOHOL - MINOR IN POSSESSION,2021-04-25T02:30:00Z,Closed - Cleared by Arrest-Adult,44311.104166666664,NULL,630 N 14th St
21001156,TRAFFIC - SUSPENDED DRIVER,2021-04-25T00:04:00Z,Closed - Cleared by Arrest-Adult,44311.00277777778,NULL,N 17TH ST & Q ST
21001150,OUTSIDE - O.P.S. OTHER,2021-04-24T02:17:00Z,Closed - Non-Criminal Case,44309.90625,44310.958333333336,740 S 17th Street
21001147,DISTURBANCE - DOMESTIC,2021-04-23T21:50:00Z,Closed - Non-Criminal Case,44309.909722222219,NULL,1880 Transformation Dr
21001144,ACCIDENTS - P.D. H&R NOT REPORTABLE,2021-04-23T15:56:00Z,Closed - Non-Criminal Case,44309.625,NULL,1801 R St
21001143,DISTURBANCE - OTHER,2021-04-23T08:30:00Z,Closed - Non-Criminal Case,44308.484027777777,44309.354166666664,402 Stadium Dr
21001139,ACCIDENTS - P.D. H&R NOT REPORTABLE,2021-04-23T07:50:00Z,Closed - Cleared by Arrest-Adult,44309.088888888888,NULL,300 N 17th St
21001137,OUTSIDE - O.P.S. OTHER,2021-04-23T05:16:00Z,Closed - Non-Criminal Case,44309.219444444447,NULL,2224 Y Street
21001135,ALCOHOL - MINOR IN POSSESSION,2021-04-23T00:13:00Z,Closed - Non-Criminal Case,44309.009027777778,NULL,1150 N 14th St
21001132,VANDALISM - OTHER,2021-04-22T20:45:00Z,Closed - Inactive,44307.864583333336,44308.864583333336,900 N 16th St
21001127,DISTURBANCE - OTHER,2021-04-22T14:45:00Z,Closed - Non-Criminal Case,44308.614583333336,NULL,841 N 14th St
21001121,ALCOHOL - DWI,2021-04-22T01:30:00Z,Closed - Cleared by Arrest-Adult,44308.0625,NULL,N 18TH ST & P ST
21001120,TRESPASSING,2021-04-21T23:36:00Z,Closed - Cleared by Arrest-Adult,44307.98333333333,NULL,1780 R St
21001111,TRESPASSING,2021-04-21T00:27:00Z,Closed - Non-Criminal Case,44307.018750000003,44307.03402777778,440 N 17th St
21001102,ALCOHOL - DRUNK,2021-04-20T01:48:00Z,Closed - Non-Criminal Case,44306.074999999997,NULL,N 16TH ST & Q ST
21001100,OUTSIDE - O.P.S. OTHER,2021-04-19T20:04:00Z,Closed - Non-Criminal Case,44301.879861111112,44305.833333333336,300 N 17th St
21001098,ASSAULT - NON DOMESTIC,2021-04-19T11:51:00Z,Closed - Inactive,NULL,NULL,NA
21001090,OUTSIDE - O.P.S. OTHER,2021-04-18T08:55:00Z,Closed - Non-Criminal Case,44303.822916666664,NULL,NA
21001089,ARSON,2021-04-18T02:00:00Z,Closed - Inactive,44304.0625,44304.079861111109,512 N 12th St
21001087,ALCOHOL - MINOR IN POSSESSION,2021-04-18T00:55:00Z,Closed - Cleared by Arrest-Adult,44304.038194444445,NULL,880 N 17th St
21001082,LARCENY - FROM BUILDING,2021-04-17T14:50:00Z,Closed - Inactive,44302.884027777778,NULL,530 N 17th St
21001075,OUTSIDE - O.P.S. OTHER,2021-04-16T18:23:00Z,Closed - Non-Criminal Case,44302.765972222223,NULL,3248 Starr St
21001074,LARCENY - FROM MOTOR VEHICLE,2021-04-16T16:38:00Z,Closed - Inactive,44302.682638888888,NULL,3248 Starr St
21001072,ACCIDENTS - P.D. H&R NOT REPORTABLE,2021-04-16T13:51:00Z,Closed - Inactive,44300.010416666664,44301.645833333336,1150 N 14th St
21001069,OUTSIDE - O.P.S. OTHER,2021-04-16T04:01:00Z,Closed - Non-Criminal Case,44302.167361111111,NULL,640 N 16th St
21001065,LARCENY - OTHER OR FROM OPEN AREA,2021-04-15T20:06:00Z,Closed - Inactive,44301.729166666664,44301.75,1921 N 21st.
21001062,LARCENY - STOLEN BIKE,2021-04-15T14:14:00Z,Closed - Inactive,44300.625,44301.583333333336,1710 Arbor Dr
21001060,LARCENY - STOLEN BIKE,2021-04-15T11:08:00Z,Closed - Cleared by Arrest-Adult,44300.000694444447,44301.270833333336,440 N 17th St
21001055,ALCOHOL - MINOR IN POSSESSION,2021-04-15T00:40:00Z,Closed - Cleared by Arrest-Adult,44301.027777777781,NULL,ANTELOPE VALLEY PARKWAY & VINE ST
21001050,TELEPHONE - OTHER,2021-04-14T17:15:00Z,Closed - Non-Criminal Case,44300.71875,NULL,300 N 17th St
21001046,SEX OFFENSE - RAPE,2021-04-14T12:00:00Z,Closed - Inactive,44297.25,44297.9375,2222 Vine St
21001038,ACCIDENTS - P.D. H&R NOT REPORTABLE,2021-04-13T21:02:00Z,Closed - Inactive,44299.868055555555,NULL,N 17TH ST & R ST
21001037,TRESPASSING,2021-04-13T20:27:00Z,Closed - Non-Criminal Case,44299.852083333331,NULL,1104 R St
21001036,OUTSIDE - O.P.S. OTHER,2021-04-13T14:43:00Z,Closed - Non-Criminal Case,44299.613194444442,NULL,300 N 17th St
21001031,TRESPASSING,2021-04-12T16:27:00Z,Closed - Non-Criminal Case,44298.685416666667,NULL,1400 R St
21001026,ALCOHOL - DRUNK,2021-04-12T01:46:00Z,Closed - Non-Criminal Case,44298.073611111111,NULL,1130 N 14th St
21001017,WEAPONS - FELON IN POSSESSION,2021-04-11T02:02:00Z,Closed - Cleared by Arrest-Adult,44297.084722222222,NULL,N 16TH ST & S ST
21001016,ALCOHOL - DRUNK,2021-04-11T01:31:00Z,Closed - Non-Criminal Case,44297.063194444447,NULL,N 12TH ST & Q ST
21001018,VANDALISM - OTHER,2021-04-11T00:54:00Z,Closed - Cleared by Arrest-Adult,44297.037499999999,NULL,433 N 19th St
21001008,LARCENY - FROM MOTOR VEHICLE,2021-04-10T04:06:00Z,Closed - Inactive,44296.152083333334,NULL,616 N 16th St
21001007,NARCOTICS - POSSESSION,2021-04-10T01:46:00Z,Closed - Cleared by Arrest-Adult,44296.073611111111,NULL,N 14TH ST & R ST
21001002,ACCIDENTS - P.D. H&R NOT REPORTABLE,2021-04-09T14:06:00Z,Closed - Inactive,44295.510416666664,44295.587500000001,1055 N 16th St
21000995,NARCOTICS - POSSESSION,2021-04-09T01:51:00Z,Closed - Cleared by Arrest-Adult,44295.07708333333,NULL,N 14TH ST & Q ST
21000994,ALCOHOL - MINOR IN POSSESSION,2021-04-09T01:36:00Z,Closed - Cleared by Arrest-Adult,44295.066666666666,NULL,1535 R St
21000993,SEX OFFENSE - INDECENT EXPOSURE,2021-04-09T00:58:00Z,Closed - Cleared by Arrest-Adult,44295.040277777778,NULL,N 17TH ST & R ST
21000981,DISTURBANCE - OTHER,2021-04-07T02:42:00Z,Closed - Non-Criminal Case,44293.104166666664,NULL,880 N 17th St
21000979,FIRE (WORKING) - NO ALARM,2021-04-06T22:07:00Z,Closed - Non-Criminal Case,44292.715277777781,44292.90625,855 N 16th St
21000975,LARCENY - FROM MOTOR VEHICLE,2021-04-06T17:00:00Z,Closed - Inactive,44290.875,44292.708333333336,3940 Fair St
OS21001,SEX OFFENSE - RAPE,2021-04-06T11:02:00Z,NA - Clery Report Only,43831.5,44196.5,On campus
21000960,LARCENY - STOLEN BIKE,2021-04-05T15:38:00Z,Closed - Inactive,44288.541666666664,44290.854166666664,1600 Court St
21000953,TRAFFIC - SUSPENDED DRIVER,2021-04-05T02:52:00Z,Closed - Cleared by Arrest-Adult,44291.119444444441,NULL,N 19TH ST & S ST
21000950,NARCOTICS - POSSESSION,2021-04-04T04:15:00Z,Closed - Cleared by Arrest-Adult,44290.177083333336,NULL,880 N 17th St
21000949,TRESPASSING,2021-04-04T02:32:00Z,Closed - Inactive,44290.105555555558,NULL,1619 R St
21000948,OUTSIDE - O.P.S. OTHER,2021-04-04T01:50:00Z,Closed - Non-Criminal Case,44290.076388888891,NULL,1426 O Street
21000946,ARSON,2021-04-03T23:55:00Z,Closed - Inactive,44289.996527777781,NULL,512 N 12th St
21000947,TRESPASSING,2021-04-03T23:28:00Z,Closed - Non-Criminal Case,44289.998611111114,NULL,1055 N 16th St
21000942,TRESPASSING,2021-04-03T15:40:00Z,Closed - Non-Criminal Case,44289.652777777781,NULL,1780 R St
21000939,OUTSIDE - O.P.S. OTHER,2021-04-03T00:43:00Z,Closed - Non-Criminal Case,44289.029861111114,NULL,N 16TH ST & Q ST
21000938,ALCOHOL - DWI,2021-04-03T00:42:00Z,Closed - Cleared by Arrest-Adult,44289.029166666667,NULL,N 11TH ST & Q ST
21000937,NARCOTICS - OTHER,2021-04-03T00:23:00Z,Closed - Cleared by Arrest-Adult,44289.015972222223,NULL,N 16TH ST & Q ST
21000933,TRAFFIC - SUSPENDED DRIVER,2021-04-02T22:59:00Z,Closed - Cleared by Arrest-Adult,44288.957638888889,NULL,ANTELOPE VALLEY PARKWAY & S ST
21000929,DISTURBANCE - OTHER,2021-04-02T13:30:00Z,Closed - Inactive,44274.541666666664,44288.559027777781,1400 R St
21000926,LARCENY - STOLEN BIKE,2021-04-02T12:47:00Z,Closed - Inactive,44287.875,44288.5,1120 N 14th St
21000925,LARCENY - OTHER OR FROM OPEN AREA,2021-04-02T11:46:00Z,Closed - Cleared by Arrest-Adult,44287.75,44288.458333333336,530 N 17th St
21000924,DISTURBANCE - OTHER,2021-04-02T11:09:00Z,Closed - Non-Criminal Case,44288.464583333334,NULL,1400 R St
21000923,TRESPASSING,2021-04-02T09:51:00Z,Closed - Cleared by Arrest-Adult,44288.396527777775,44288.401388888888,600 N 15th St
21000917,LARCENY - FROM BUILDING,2021-04-01T13:33:00Z,Closed - Non-Criminal Case,44282.65625,NULL,530 N 17th St
21000911,DISTURBANCE - OTHER,2021-03-31T14:14:00Z,Closed - Non-Criminal Case,44286.593055555553,NULL,1600 Court St
21000896,DISTURBANCE - OTHER,2021-03-29T19:36:00Z,Closed - Non-Criminal Case,44284.816666666666,NULL,1625 Arbor Dr
21000893,TELEPHONE - THREATENING CALLS,2021-03-29T12:39:00Z,Closed - Non-Criminal Case,44284.451388888891,NULL,1800 N 33rd St
21000892,DISTURBANCE - OTHER,2021-03-29T08:33:00Z,Closed - Non-Criminal Case,44284.06527777778,44284.074999999997,501 N 14th St
21000890,LARCENY - MOTOR VEH. ACCESSORIES,2021-03-29T07:02:00Z,Closed - Inactive,44281.6875,44284.25,942 N 22nd St
21000891,LARCENY - MOTOR VEH. ACCESSORIES,2021-03-29T07:02:00Z,Closed - Inactive,44281.666666666664,44284.25,942 N 22nd St
21000885,ALCOHOL - MINOR IN POSSESSION,2021-03-28T16:00:00Z,Closed - Cleared by Arrest-Adult,44283.666666666664,NULL,300 N 17th St
21000882,ALCOHOL - DRUNK,2021-03-27T06:17:00Z,Closed - Non-Criminal Case,44282.261805555558,NULL,N 17TH ST & Q ST
21000879,ASSAULT - NON DOMESTIC,2021-03-27T02:20:00Z,Closed - Cleared by Arrest-Adult,44282.097222222219,NULL,1801 R St
21000878,SEX OFFENSE - OTHER,2021-03-27T00:36:00Z,Closed - Inactive,NULL,NULL,N 16TH ST & VINE ST
21000875,DISTURBANCE - OTHER,2021-03-26T21:35:00Z,Closed - Non-Criminal Case,44281.899305555555,NULL,1400 R St
21000873,VANDALISM - OTHER,2021-03-26T21:00:00Z,Closed - Cleared by Arrest-Adult,44281.067361111112,NULL,1111 N 14th St
21000868,DISTURBANCE - OTHER,2021-03-26T14:32:00Z,Closed - Inactive,44281.605555555558,NULL,616 N 16th St
21000855,DISTURBANCE - OTHER,2021-03-24T21:42:00Z,Closed - Non-Criminal Case,44279.904166666667,NULL,300 N 17th St
21000853,DISTURBANCE - OTHER,2021-03-24T17:51:00Z,Closed - Non-Criminal Case,44279.743750000001,NULL,639 N 12th St
21000851,LARCENY - STOLEN BIKE,2021-03-24T16:04:00Z,Closed - Inactive,44272.458333333336,44279.458333333336,820 N 17th St
21000849,LARCENY - FROM BUILDING,2021-03-24T14:36:00Z,Closed - Cleared by Arrest-Adult,44275.791666666664,NULL,530 N 17th St
21000846,DISTURBANCE - OTHER,2021-03-24T11:29:00Z,Closed - Non-Criminal Case,44278.375,44278.541666666664,730 N 14th St
21000844,VANDALISM - OTHER,2021-03-24T09:39:00Z,Closed - Inactive,44274.708333333336,44277.416666666664,1710 Arbor Dr
21000842,NARCOTICS - OTHER,2021-03-24T00:42:00Z,Closed - Cleared by Arrest-Adult,44279.029166666667,NULL,R ST & N 17TH ST
21000839,NARCOTICS - OTHER,2021-03-23T22:30:00Z,Closed - Cleared by Arrest-Adult,44278.9375,NULL,ANTELOPE VALLEY PARKWAY & Salt Creek RDWY
21000838,OUTSIDE - O.P.S. OTHER,2021-03-23T19:19:00Z,Closed - Non-Criminal Case,44278.804861111108,NULL,N 11TH ST & Q ST
21000835,LARCENY - STOLEN BIKE,2021-03-23T15:17:00Z,Closed - Inactive,44277.083333333336,44277.958333333336,1780 R St
21000834,FRAUD - CON GAMES/DECEPTION/FALSE    PRETENSE/OTHER,2021-03-23T13:57:00Z,Closed - Inactive,44278.574305555558,NULL,1801 R St
21000830,ACCIDENTS - P.D. H&R NOT REPORTABLE,2021-03-22T19:19:00Z,Closed - Inactive,44270.333333333336,44277.804166666669,1220 N 14th St
21000820,ALCOHOL - DRUNK,2021-03-21T23:59:00Z,Closed - Cleared by Arrest-Adult,44276.999305555553,NULL,1710 Arbor Dr
21000815,WEAPONS – OTHER,2021-03-21T19:36:00Z,Closed - Cleared by Arrest-Juvenile,44276.815972222219,NULL,300 N 17th St
21000810,LARCENY - STOLEN BIKE,2021-03-20T17:13:00Z,Closed - Inactive,44273.833333333336,44275.666666666664,880 N 17th St
21000809,LARCENY - OTHER OR FROM OPEN AREA,2021-03-20T16:18:00Z,Closed - Inactive,44275.416666666664,44275.659722222219,660 N 12th St
21000807,TRESPASSING,2021-03-20T13:58:00Z,Closed - Inactive,44275.581944444442,NULL,1433 W St
21000804,ALCOHOL - DRUNK,2021-03-20T04:04:00Z,Closed - Non-Criminal Case,44275.169444444444,NULL,1120 N 14th St
21000803,TRESPASSING,2021-03-20T03:17:00Z,Closed - Non-Criminal Case,44275.136805555558,NULL,433 N 19th St
21000801,NARCOTICS - POSSESSION,2021-03-20T02:33:00Z,Closed - Cleared by Arrest-Adult,44275.106249999997,NULL,N 16TH ST & R ST
21000802,ALCOHOL - MINOR IN POSSESSION,2021-03-20T01:31:00Z,Closed - Cleared by Arrest-Adult,44275.063194444447,NULL,N 18TH ST & P ST
21000791,LARCENY - STOLEN BIKE,2021-03-19T12:31:00Z,Closed - Inactive,44272.5,44274.5,1545 R St
21000790,FRAUD - CREDIT CARDS/ATM/BANK CARD,2021-03-19T12:15:00Z,Closed - Non-Criminal Case,44274.510416666664,NULL,503 N 14th St
21000787,DISTURBANCE - OTHER,2021-03-19T09:28:00Z,Closed - Non-Criminal Case,44273.5,44273.708333333336,4240 Fair St
21000783,LARCENY - OTHER OR FROM OPEN AREA,2021-03-19T02:31:00Z,Closed - Cleared by Arrest-Adult,44274.104861111111,NULL,1801 R St
21000782,ALCOHOL - MINOR IN POSSESSION,2021-03-18T22:40:00Z,Closed - Cleared by Arrest-Adult,44273.944444444445,NULL,N 16TH ST & R ST
21000776,ACCIDENTS - P.D. H&R NOT REPORTABLE,2021-03-18T13:23:00Z,Closed - Inactive,44272.395833333336,44272.75,3855 Merrill St
21000775,ACCIDENTS - P.D. H&R NOT REPORTABLE,2021-03-18T11:24:00Z,Closed - Inactive,44256.512499999997,44273.474999999999,1150 N 14th St
21000774,VANDALISM - OTHER,2021-03-18T10:53:00Z,Closed - Inactive,44273.125,44273.291666666664,1535 R St
21000773,DISTURBANCE - OTHER,2021-03-18T10:19:00Z,Closed - Non-Criminal Case,44263.625,44272.697916666664,880 N 17th St
21000770,LARCENY - FROM MOTOR VEHICLE,2021-03-18T06:15:00Z,Closed - Inactive,44271.8125,44273.25,4417 Fair Street
21000769,ALCOHOL - DWI,2021-03-18T02:19:00Z,Closed - Cleared by Arrest-Adult,44273.09652777778,NULL,N 17TH ST & Q ST
21000768,ALCOHOL - DWI,2021-03-18T01:58:00Z,Closed - Cleared by Arrest-Adult,44273.081944444442,NULL,N 16TH ST
21000752,LARCENY - OTHER OR FROM OPEN AREA,2021-03-15T22:41:00Z,Closed - Inactive,44270.888888888891,44270.940972222219,1104 R St
21000743,LARCENY - FROM MOTOR VEHICLE,2021-03-15T13:27:00Z,Closed - Inactive,44267.625,44270.458333333336,942 N 22nd St
21000742,LARCENY - FROM MOTOR VEHICLE,2021-03-15T11:29:00Z,Closed - Inactive,44267.708333333336,44269.625,942 N 22nd St
21000740,LARCENY - FROM MOTOR VEHICLE,2021-03-15T09:38:00Z,Closed - Inactive,44267.708333333336,44269.625,942 N 22nd St
21000741,LARCENY - FROM MOTOR VEHICLE,2021-03-15T09:38:00Z,Closed - Inactive,44267.708333333336,44269.625,942 N 22nd St
21000735,LARCENY - FROM MOTOR VEHICLE,2021-03-15T08:14:00Z,Closed - Cleared by Arrest-Adult,44267.708333333336,44269.625,942 N 22nd St
21000731,LARCENY - FROM MOTOR VEHICLE,2021-03-14T17:54:00Z,Closed - Inactive,44267.875,44268.333333333336,1830 Vine St
21000730,OUTSIDE - O.P.S. OTHER,2021-03-14T17:42:00Z,Closed - Non-Criminal Case,44269.681250000001,44269.681250000001,1400 R St
21000728,LARCENY - FROM MOTOR VEHICLE,2021-03-14T14:25:00Z,Closed - Inactive,44265.4375,44266.097222222219,3248 Starr St
21000724,TRESPASSING,2021-03-14T05:56:00Z,Closed - Cleared by Arrest-Adult,44269.24722222222,NULL,600 N 15th St
21000723,ALCOHOL - MINOR IN POSSESSION,2021-03-14T03:32:00Z,Closed - Cleared by Arrest-Adult,44269.147222222222,NULL,N 16TH ST & S ST
21000722,VANDALISM - OTHER,2021-03-14T03:21:00Z,Closed - Inactive,44269.05972222222,NULL,433 N 19th St
21000719,LARCENY - OTHER OR FROM OPEN AREA,2021-03-13T20:10:00Z,Closed - Inactive,44267.833333333336,44268.75,1055 N 16th St
21000718,LARCENY - FROM MOTOR VEHICLE,2021-03-13T19:20:00Z,Closed - Inactive,44267.75,44268.75,1130 N 14th St
21000711,NARCOTICS - POSSESSION,2021-03-12T23:44:00Z,Closed - Cleared by Arrest-Adult,44267.988888888889,NULL,ANTELOPE VALLEY PARKWAY & DAWES AVE
21000710,NARCOTICS - POSSESSION,2021-03-12T22:40:00Z,Closed - Cleared by Arrest-Adult,44267.944444444445,NULL,440 N 17th St
21000701,VANDALISM - OTHER,2021-03-12T08:30:00Z,Closed - Inactive,44266.333333333336,44267.333333333336,1248 R St
21000700,LARCENY - OTHER OR FROM OPEN AREA,2021-03-12T02:05:00Z,Closed - Cleared by Arrest-Adult,44267.086805555555,NULL,N 16TH ST & VINE ST
21000699,ALCOHOL - DWI,2021-03-11T23:55:00Z,Closed - Cleared by Arrest-Adult,44266.996527777781,NULL,N 17TH ST & R ST
21000695,DISTURBANCE - OTHER,2021-03-11T19:26:00Z,Closed - Non-Criminal Case,44266.80972222222,NULL,820 N 16th St
21000688,FRAUD - IMPERSONATION,2021-03-11T09:29:00Z,Closed - Inactive,44266.395138888889,NULL,NA
21000681,DISTURBANCE - OTHER,2021-03-10T16:17:00Z,Closed - Non-Criminal Case,44153,44251.708333333336,626 N 16th St
21000679,OUTSIDE - O.P.S. OTHER,2021-03-10T15:45:00Z,Closed - Non-Criminal Case,44265.65625,NULL,1111 Izaak Walton Rd
21000678,LARCENY - STOLEN BIKE,2021-03-10T15:23:00Z,Closed - Inactive,44264.916666666664,44265.583333333336,1120 N 14th St
21000676,NARCOTICS - POSSESSION,2021-03-10T14:26:00Z,Closed - Non-Criminal Case,44265.458333333336,44265.601388888892,1780 R St
21000690,DISTURBANCE - OTHER,2021-03-10T13:54:00Z,Closed - Inactive,44265.333333333336,44265.541666666664,1400 R St
21000673,TRESPASSING,2021-03-10T10:49:00Z,Closed - Non-Criminal Case,44265.450694444444,NULL,1010 N 14th St
21000672,ACCIDENTS - P.D. H&R NOT REPORTABLE,2021-03-10T09:30:00Z,Closed - Inactive,44263.388888888891,44263.458333333336,FAIR ST & N 37TH ST
21000665,DISTURBANCE - OTHER,2021-03-09T16:20:00Z,Closed - Non-Criminal Case,44264.484027777777,NULL,300 N 17th St
21000664,TRESPASSING,2021-03-09T12:52:00Z,Closed - Non-Criminal Case,44264.439583333333,44264.534722222219,600 N 15th St
21000662,ACCIDENTS - P.D. H&R NOT REPORTABLE,2021-03-09T11:29:00Z,Closed - Cleared by Arrest-Adult,44261.583333333336,44262.78125,1801 R St
21000661,OUTSIDE - O.P.S. OTHER,2021-03-09T09:45:00Z,Closed - Non-Criminal Case,44264.40625,NULL,N 16TH ST & Q ST
21000655,ALCOHOL - MINOR IN POSSESSION,2021-03-09T00:01:00Z,Closed - Cleared by Arrest-Adult,44264.000694444447,NULL,N 17TH ST
21000641,ALCOHOL - DWI,2021-03-07T01:55:00Z,Closed - Cleared by Arrest-Adult,44262.079861111109,NULL,N 14TH ST & R ST
21000626,TRESPASSING,2021-03-05T18:45:00Z,Closed - Non-Criminal Case,44260.78125,NULL,1433 W St
21000630,TRESPASSING,2021-03-05T18:08:00Z,Closed - Inactive,44260.755555555559,NULL,1433 W St
21000622,ACCIDENTS - P.D. H&R NOT REPORTABLE,2021-03-05T07:01:00Z,Closed - Cleared by Arrest-Adult,44259.931944444441,NULL,1104 R St
21000621,ALCOHOL - DWI,2021-03-05T00:45:00Z,Closed - Cleared by Arrest-Adult,44260.03125,NULL,N 16TH ST & R ST
21000617,DISTURBANCE - OTHER,2021-03-04T08:00:00Z,Closed - Inactive,44228.333333333336,44241.708333333336,630 N 14th St
OS20011,STALKING,2021-03-04T08:00:00Z,NA - Clery Report Only,43831.5,44196.5,On-Campus Student Housing
21000606,ALCOHOL - DWI,2021-03-04T00:18:00Z,Closed - Cleared by Arrest-Adult,44259.012499999997,NULL,N 16TH ST & R ST
21000605,ALCOHOL - MINOR IN POSSESSION,2021-03-03T23:46:00Z,Closed - Non-Criminal Case,44258.990277777775,NULL,820 N 17th St
21000604,NARCOTICS - POSSESSION,2021-03-03T23:22:00Z,Closed - Cleared by Arrest-Adult,44258.973611111112,NULL,1545 U St
21000601,LARCENY - STOLEN BIKE,2021-03-03T13:00:00Z,Closed - Inactive,44256.4375,44258.4375,440 N 17th St
21000593,FRAUD - CON GAMES/DECEPTION/FALSE    PRETENSE/OTHER,2021-03-02T21:03:00Z,Closed - Cleared by Arrest-Adult,44257.859722222223,NULL,730 N 14th St
21000592,ACCIDENTS - P.D. H&R NOT REPORTABLE,2021-03-02T20:17:00Z,Closed - Cleared by Arrest-Adult,44257.625,44257.770833333336,CENTER ST & EAST CAMPUS MALL
21000596,DISTURBANCE - OTHER,2021-03-02T08:27:00Z,Closed - Non-Criminal Case,44254.449305555558,NULL,1248 R St
21000583,VANDALISM - OTHER,2021-03-01T15:30:00Z,Closed - Inactive,44249.854166666664,44256.645833333336,1220 N 14th St
21000581,DISTURBANCE - OTHER,2021-03-01T13:46:00Z,Closed - Inactive,44254.816666666666,NULL,300 N 17th St
21000575,LARCENY - OTHER OR FROM OPEN AREA,2021-03-01T08:45:00Z,Closed - Inactive,44253.645833333336,44256.364583333336,900 N 21st St
21000570,FRAUD - CON GAMES/DECEPTION/FALSE    PRETENSE/OTHER,2021-02-28T22:03:00Z,Closed - Cleared by Arrest-Adult,44255.708333333336,NULL,1248 R St
21000579,DISTURBANCE - OTHER,2021-02-28T04:09:00Z,Closed - Non-Criminal Case,44255.166666666664,NULL,626 N 16th St
21000553,ALCOHOL - DWI,2021-02-27T01:30:00Z,Closed - Cleared by Arrest-Adult,44254.0625,NULL,R ST & N 14TH ST
21000537,FRAUD - CON GAMES/DECEPTION/FALSE    PRETENSE/OTHER,2021-02-26T22:47:00Z,Closed - Cleared by Arrest-Adult,44252.788194444445,NULL,1400 R St
21000551,NARCOTICS - POSSESSION,2021-02-26T21:28:00Z,Closed - Cleared by Arrest-Adult,44253.894444444442,NULL,820 N 17th St
21000549,FRAUD - CON GAMES/DECEPTION/FALSE    PRETENSE/OTHER,2021-02-26T17:51:00Z,Closed - Cleared by Arrest-Adult,44253.743055555555,NULL,1248 R St
21000546,DISTURBANCE - OTHER,2021-02-26T15:32:00Z,Closed - Inactive,44253.632638888892,NULL,1410 Q St
21000552,FRAUD - CON GAMES/DECEPTION/FALSE    PRETENSE/OTHER,2021-02-26T14:06:00Z,Closed - Cleared by Arrest-Adult,44252.75,NULL,1248 R St
21000543,ACCIDENTS - P.D. H&R NOT REPORTABLE,2021-02-26T10:34:00Z,Closed - Inactive,44235,44238.999305555553,1830 Vine St
21000525,NARCOTICS - POSSESSION,2021-02-25T21:43:00Z,Closed - Inactive,44251.904861111114,NULL,1150 N 14th St
21000538,ALCOHOL - MINOR IN POSSESSION,2021-02-25T21:04:00Z,Closed - Cleared by Arrest-Adult,44252.87777777778,NULL,N 17TH ST & Q ST
21000536,FRAUD - CON GAMES/DECEPTION/FALSE    PRETENSE/OTHER,2021-02-25T19:54:00Z,Closed - Cleared by Arrest-Adult,44252.8125,NULL,1248 R St
21000533,VANDALISM - OTHER,2021-02-25T14:00:00Z,Closed - Inactive,44251.729166666664,44252.270833333336,433 N 19th St
21000529,LITTERING,2021-02-25T07:36:00Z,Closed - Inactive,44252.104861111111,44252.106944444444,433 N 19th St
21000526,ALCOHOL - OPEN CONTAINER,2021-02-25T00:02:00Z,Closed - Cleared by Arrest-Adult,44252.036111111112,NULL,N 16TH ST & Q ST
21000524,ACCIDENTS - P.D. H&R NOT REPORTABLE,2021-02-24T17:58:00Z,Closed - Non-Criminal Case,44250.666666666664,44250.875,1830 Vine St
21000522,DISTURBANCE - OTHER,2021-02-24T15:47:00Z,Closed - Non-Criminal Case,NULL,NULL,1150 N 14th St
21000518,VANDALISM - OTHER,2021-02-24T12:46:00Z,Closed - Inactive,44251.058333333334,44251.0625,1780 R St
21000511,ALCOHOL - OPEN CONTAINER,2021-02-24T00:05:00Z,Closed - Cleared by Arrest-Adult,44251.003472222219,NULL,N 16TH ST
21000509,ALCOHOL - DWI,2021-02-23T23:20:00Z,Closed - Cleared by Arrest-Adult,44250.972222222219,NULL,N 14TH ST & Q ST
21000507,NARCOTICS - POSSESSION,2021-02-23T23:19:00Z,Closed - Cleared by Arrest-Adult,44250.97152777778,NULL,N 16TH ST
21000504,VANDALISM - OTHER,2021-02-23T18:02:00Z,Closed - Inactive,NULL,NULL,1360 Vine St
21000498,ALCOHOL - DRUNK,2021-02-23T03:20:00Z,Closed - Non-Criminal Case,44250.138888888891,NULL,1130 N 14th St
21000495,DISTURBANCE - OTHER,2021-02-22T20:57:00Z,Closed - Non-Criminal Case,44249.872916666667,NULL,1400 R St
21000486,ALCOHOL - DWI,2021-02-22T08:44:00Z,Closed - Cleared by Arrest-Adult,44249.363888888889,NULL,N 17TH ST & R ST
21000484,NARCOTICS - POSSESSION,2021-02-22T05:52:00Z,Closed - Cleared by Arrest-Adult,44249.244444444441,NULL,300 N 17th St
21000476,ALCOHOL - MINOR IN POSSESSION,2021-02-21T00:11:00Z,Closed - Cleared by Arrest-Adult,44248.007638888892,NULL,433 N 19th St
21000475,ALCOHOL - MINOR IN POSSESSION,2021-02-20T23:07:00Z,Closed - Cleared by Arrest-Adult,44247.963194444441,NULL,1780 R St
21000462,ALCOHOL - USING FALSE I.D.,2021-02-20T00:18:00Z,Closed - Cleared by Arrest-Adult,44247.012499999997,NULL,N 17TH ST & R ST
21000459,ACCIDENTS - P.D. H&R NOT REPORTABLE,2021-02-19T20:05:00Z,Closed - Inactive,44246.708333333336,44246.777777777781,1150 N 14th St
21000453,NARCOTICS - POSSESSION,2021-02-19T02:33:00Z,Closed - Cleared by Arrest-Adult,44246.106249999997,NULL,615 N 19th St
21000449,VANDALISM - OTHER,2021-02-18T16:47:00Z,Closed - Inactive,44244.745138888888,44244.822222222225,880 N 17th St
21000446,TRESPASSING,2021-02-18T10:02:00Z,Closed - Non-Criminal Case,44245.418055555558,NULL,1410 Q St
21000443,NARCOTICS - POSSESSION,2021-02-18T02:09:00Z,Closed - Non-Criminal Case,44245.089583333334,NULL,615 N 19th St
21000442,NARCOTICS - POSSESSION,2021-02-18T01:14:00Z,Closed - Cleared by Arrest-Adult,44245.051388888889,NULL,1150 N 14th St
21000440,TRESPASSING,2021-02-18T00:07:00Z,Closed - Non-Criminal Case,44245.004861111112,NULL,1400 R St
21000434,FIRE - FALSE ALARM,2021-02-17T14:41:00Z,Closed - Non-Criminal Case,44244.611805555556,NULL,1100 T St
21000429,ALCOHOL - USING FALSE I.D.,2021-02-17T04:38:00Z,Closed - Cleared by Arrest-Adult,44244.193055555559,NULL,300 N 17th St
21000418,SEX OFFENSE - RAPE,2021-02-16T09:42:00Z,Closed - Inactive,44239.625,44240.333333333336,600 N 15th St
21000415,VANDALISM - OTHER,2021-02-15T23:57:00Z,Closed - Inactive,44242.958333333336,44242.997916666667,880 N 17th St
21000407,TRESPASSING,2021-02-15T12:47:00Z,Closed - Non-Criminal Case,44242.532638888886,NULL,1400 R St
21000404,FIRE - FALSE ALARM,2021-02-14T19:11:00Z,Closed - Non-Criminal Case,44241.799305555556,NULL,200 Centennial Mall N
21000403,FRAUD - CON GAMES/DECEPTION/FALSE    PRETENSE/OTHER,2021-02-14T18:49:00Z,Closed - Inactive,44239.083333333336,44241.78402777778,880 N 17th St 631
21000395,ALCOHOL - MINOR IN POSSESSION,2021-02-14T02:07:00Z,Closed - Non-Criminal Case,44241.088194444441,NULL,880 N 17th St
21000396,ALCOHOL - DWI,2021-02-14T02:07:00Z,Closed - Cleared by Arrest-Adult,44241.088194444441,NULL,N 17TH ST & Q ST
21000381,ALCOHOL - DWI,2021-02-13T02:37:00Z,Closed - Cleared by Arrest-Adult,44240.109027777777,NULL,1111 N 14th St
21000382,ALCOHOL - MINOR IN POSSESSION,2021-02-13T02:21:00Z,Closed - Non-Criminal Case,44240.097916666666,NULL,N 16TH ST & W ST
21000377,OUTSIDE - O.P.S. OTHER,2021-02-12T13:38:00Z,Closed - Non-Criminal Case,NULL,NULL,NA
21000375,VANDALISM - OTHER,2021-02-12T12:57:00Z,Closed - Inactive,44239.050694444442,NULL,880 N 17th St
21000369,TRAFFIC - SUSPENDED DRIVER,2021-02-12T09:21:00Z,Closed - Cleared by Arrest-Adult,44239.38958333333,NULL,X ST & N 16TH ST
21000357,LARCENY - FROM BUILDING,2021-02-11T11:19:00Z,Closed - Inactive,44228.708333333336,44232.291666666664,900 N 16th St
21000361,LARCENY - OTHER OR FROM OPEN AREA,2021-02-11T11:19:00Z,Closed - Inactive,44228.708333333336,44232.291666666664,900 N 16th St
21000362,LARCENY - FROM BUILDING,2021-02-11T11:19:00Z,Closed - Inactive,44228.708333333336,44232.291666666664,900 N 16th St
21000363,LARCENY - FROM BUILDING,2021-02-11T11:19:00Z,Closed - Inactive,44228.708333333336,44232.291666666664,900 N 16th St
21000354,ALCOHOL - MINOR IN POSSESSION,2021-02-11T00:22:00Z,Closed - Cleared by Arrest-Adult,44238.015277777777,NULL,880 N 17th St
21000353,NARCOTICS - OTHER,2021-02-10T23:21:00Z,Closed - Non-Criminal Case,44237.972916666666,NULL,880 N 17th St
21000341,DISTURBANCE - OTHER,2021-02-09T17:03:00Z,Closed - Non-Criminal Case,44236.697916666664,44236.710416666669,1248 R St
21000335,VANDALISM - OTHER,2021-02-08T14:41:00Z,Closed - Inactive,NULL,NULL,501 Stadium Dr
21000332,LARCENY - STOLEN BIKE,2021-02-08T13:30:00Z,Closed - Inactive,44219.604166666664,44235.552083333336,820 N 17th St
21000324,LARCENY - STOLEN BIKE,2021-02-07T22:51:00Z,Closed - Inactive,44232.5,44234.95208333333,N 17TH ST & HOLDREGE ST
21000322,ACCIDENTS - P.D. H&R NOT REPORTABLE,2021-02-07T16:46:00Z,Closed - Cleared by Arrest-Adult,44234.104166666664,NULL,1425 R St
21000320,VANDALISM - OTHER,2021-02-07T03:16:00Z,Closed - Non-Criminal Case,NULL,NULL,733 N 17th St
21000318,ALCOHOL - DRUNK,2021-02-07T00:58:00Z,Closed - Non-Criminal Case,44234.040277777778,NULL,N 16TH ST & S ST
21000311,ASSAULT - OF POLICE OFFICER,2021-02-06T03:37:00Z,Closed - Cleared by Arrest-Adult,44233.150694444441,NULL,721 K Street
21000310,ALCOHOL - MINOR IN POSSESSION,2021-02-06T02:09:00Z,Closed - Non-Criminal Case,44233.089583333334,NULL,N 17TH ST & R ST
21000307,ALCOHOL - DWI,2021-02-05T23:47:00Z,Closed - Cleared by Arrest-Adult,44232.990972222222,NULL,N 14TH ST & R ST
21000305,FRAUD - CREDIT CARDS/ATM/BANK CARD,2021-02-05T20:45:00Z,Closed - Non-Criminal Case,44232.75,44232.833333333336,1130 N 14th St
21000302,TRESPASSING,2021-02-05T16:04:00Z,Closed - Inactive,44232.201388888891,44232.351388888892,880 N 17th St
21000287,LARCENY - FROM MOTOR VEHICLE,2021-02-04T09:30:00Z,Closed - Inactive,44231.1875,44231.197916666664,3601 Apple St
21000288,LARCENY - FROM MOTOR VEHICLE,2021-02-04T09:30:00Z,Closed - Inactive,44231.1875,44231.197916666664,3601 Apple St
21000289,LARCENY - FROM MOTOR VEHICLE,2021-02-04T09:30:00Z,Closed - Inactive,44231.1875,44231.197916666664,3601 Apple St
21000290,LARCENY - FROM MOTOR VEHICLE,2021-02-04T09:30:00Z,Closed - Inactive,44231.1875,44231.197916666664,3601 Apple St
21000291,LARCENY - FROM MOTOR VEHICLE,2021-02-04T09:30:00Z,Closed - Inactive,44231.1875,44231.197916666664,3601 Apple St
21000286,ACCIDENTS - P.D. REPORTABLE,2021-02-04T08:31:00Z,Closed - Cleared by Arrest-Adult,44231.35,NULL,1600 Court Street
21000284,LITTERING,2021-02-04T00:44:00Z,Closed - Cleared by Arrest-Adult,44231.030555555553,NULL,1220 N 14th St
21000282,NARCOTICS - POSSESSION,2021-02-04T00:14:00Z,Closed - Cleared by Arrest-Adult,44231.009722222225,NULL,R ST & N 17TH ST
21000259,NARCOTICS - OTHER,2021-02-02T06:15:00Z,Closed - Cleared by Arrest-Adult,44229.260416666664,NULL,N 12TH ST & R ST
21000258,TRAFFIC - SUSPENDED DRIVER,2021-02-02T01:55:00Z,Closed - Cleared by Arrest-Adult,44229.079861111109,NULL,N 16TH ST & Q ST
21000246,TRAFFIC - SUSPENDED DRIVER,2021-02-01T14:36:00Z,Closed - Cleared by Arrest-Adult,44228.60833333333,NULL,N 19TH ST & SUPERIOR ST
21000244,LARCENY - STOLEN BIKE,2021-02-01T13:03:00Z,Closed - Cleared by Arrest-Adult,44159.5,44228.5,1710 Arbor Dr
21000292,DISTURBANCE - OTHER,2021-02-01T10:42:00Z,Closed - Inactive,43865.445833333331,44228.445833333331,300 N 17th St
21000241,DISTURBANCE - OTHER,2021-02-01T08:55:00Z,Closed - Inactive,44225.645833333336,44228.291666666664,880 N 17th St
21000232,TRAFFIC - SUSPENDED DRIVER,2021-01-31T00:39:00Z,Closed - Cleared by Arrest-Adult,44227.027083333334,NULL,1ST ST & Q ST
21000230,ALCOHOL - MINOR IN POSSESSION,2021-01-31T00:35:00Z,Closed - Cleared by Arrest-Adult,44227.024305555555,NULL,820 N 17th St
21000229,ALCOHOL - MINOR IN POSSESSION,2021-01-31T00:11:00Z,Closed - Cleared by Arrest-Adult,44227.007638888892,NULL,1130 N 14th St
21000226,OUTSIDE - O.P.S. OTHER,2021-01-30T21:43:00Z,Closed - Non-Criminal Case,44226.904861111114,NULL,880 N 17th St
21000225,WEAPONS - CONCEALED,2021-01-30T15:10:00Z,Closed - Non-Criminal Case,44226.631944444445,NULL,433 V St
21000222,ALCOHOL - MINOR IN POSSESSION,2021-01-30T03:37:00Z,Closed - Non-Criminal Case,44226.150694444441,NULL,1140 N 14th St
21000221,ALCOHOL - DWI,2021-01-30T02:51:00Z,Closed - Cleared by Arrest-Adult,44226.118750000001,NULL,N 16TH ST & R ST
21000220,ALCOHOL - DRUNK,2021-01-30T01:28:00Z,Closed - Non-Criminal Case,44226.061111111114,NULL,N 17TH ST & Q ST
21000218,DISTURBANCE - BETWEEN NEIGHBORS,2021-01-29T23:33:00Z,Closed - Non-Criminal Case,44225.981249999997,NULL,1801 R St
21000219,SUSPICIOUS PERSON,2021-01-29T21:30:00Z,Closed - Non-Criminal Case,44225.833333333336,NULL,300 N 17th St
21000205,ALCOHOL - DRUNK,2021-01-29T01:53:00Z,Closed - Non-Criminal Case,44225.078472222223,NULL,N 18TH ST & Q ST
21000203,NARCOTICS - POSSESSION,2021-01-28T21:28:00Z,Closed - Cleared by Arrest-Adult,44224.894444444442,NULL,1830 Vine St
21000206,OUTSIDE - O.P.S. OTHER,2021-01-28T11:00:00Z,Closed - Non-Criminal Case,NULL,NULL,NA
21000178,VANDALISM - OTHER,2021-01-27T01:00:00Z,Closed - Inactive,44222.493055555555,44223,880 N 17th St
21000172,LARCENY - FROM MOTOR VEHICLE,2021-01-26T14:44:00Z,Closed - Inactive,44220.791666666664,44222.583333333336,1710 Arbor Dr
21000147,ALCOHOL - MINOR IN POSSESSION,2021-01-25T00:53:00Z,Closed - Cleared by Arrest-Adult,44221.036805555559,NULL,N 16TH ST
21000141,ALCOHOL - MINOR IN POSSESSION,2021-01-24T01:42:00Z,Closed - Cleared by Arrest-Adult,44220.070833333331,NULL,N 17TH ST & Q ST
21000140,ALCOHOL - MINOR IN POSSESSION,2021-01-24T00:53:00Z,Closed - Cleared by Arrest-Adult,44220.036805555559,NULL,N 16TH ST & W ST
21000138,ALCOHOL - MINOR IN POSSESSION,2021-01-24T00:14:00Z,Closed - Non-Criminal Case,44220.009722222225,NULL,433 N 19th St
21000136,SEX OFFENSE - RAPE,2021-01-23T19:03:00Z,Closed - Inactive,43678.333333333336,44050.999305555553,1150 N 14th St
21000132,FIRE - FALSE ALARM,2021-01-23T03:46:00Z,Closed - Inactive,44219.156944444447,NULL,1433 R St
21000131,ALCOHOL - DRUNK,2021-01-23T02:28:00Z,Closed - Non-Criminal Case,44219.102083333331,NULL,1400 R St
21000129,ALCOHOL - MINOR IN POSSESSION,2021-01-23T01:38:00Z,Closed - Cleared by Arrest-Adult,44219.068055555559,NULL,880 N 17th St
21000128,ALCOHOL - MINOR IN POSSESSION,2021-01-23T00:28:00Z,Closed - Cleared by Arrest-Adult,44219.019444444442,NULL,R Street-Vine Street & 14th-16th
21000127,DISTURBANCE - WILD PARTY,2021-01-23T00:01:00Z,Closed - Inactive,44219.000694444447,NULL,1425 R St
21000113,TRESPASSING,2021-01-21T12:50:00Z,Closed - Non-Criminal Case,44217.534722222219,NULL,900 N 21st St
21000109,DISTURBANCE - OTHER,2021-01-20T23:12:00Z,Closed - Inactive,44214.854166666664,44216.708333333336,1055 N 16th St
21000091,"HAZARDS - NON-TRAFFIC (WIRES,TREES,ETC)",2021-01-18T13:14:00Z,Closed - Non-Criminal Case,44214.551388888889,NULL,4075 East Campus Loop S
21000088,DISTURBANCE - OTHER,2021-01-18T08:23:00Z,Closed - Non-Criminal Case,44210.333333333336,44210.5,1541 S St
21000086,DISTURBANCE - DOMESTIC,2021-01-17T15:38:00Z,Closed - Inactive,44213.644444444442,44213.651388888888,1055 N 16th St
21000082,TRAFFIC - SUSPENDED DRIVER,2021-01-17T01:53:00Z,Closed - Cleared by Arrest-Adult,44213.078472222223,NULL,N ANTELOPE VALLEY PKWY & VINE ST
21000081,ALCOHOL - MINOR IN POSSESSION,2021-01-17T00:08:00Z,Closed - Non-Criminal Case,44213.005555555559,NULL,1801 R St
21000079,TRESPASSING,2021-01-16T15:38:00Z,Closed - Non-Criminal Case,44212.6,44212.617361111108,639 N 12th St
21000077,DISTURBANCE - OTHER,2021-01-16T01:26:00Z,Closed - Cleared by Arrest-Adult,44212.05972222222,NULL,N 7TH ST & R ST
21000075,TRAFFIC - SUSPENDED DRIVER,2021-01-15T23:25:00Z,Closed - Cleared by Arrest-Adult,44211.975694444445,NULL,ANTELOPE VALLEY PARKWAY & VINE ST
21000073,JUVENILE - NOT OTHERWISE CLASSIFIED,2021-01-15T15:18:00Z,Closed - Non-Criminal Case,44211.614583333336,NULL,2225 W St
21000067,ACCIDENTS - P.D. H&R NOT REPORTABLE,2021-01-14T17:42:00Z,Closed - Inactive,44210.447916666664,44210.479166666664,1700 N 34th St
21000063,ALCOHOL - DRUNK,2021-01-14T00:40:00Z,Closed - Non-Criminal Case,44210.027777777781,NULL,N 14TH ST & P ST
21000059,TRESPASSING,2021-01-13T00:29:00Z,Closed - Non-Criminal Case,44209.020138888889,NULL,1111 Salt Creek Rdwy
21000056,VANDALISM - OTHER,2021-01-12T21:48:00Z,Closed - Inactive,NULL,NULL,1400 R St
21000053,TRESPASSING,2021-01-12T06:47:00Z,Closed - Non-Criminal Case,44208.282638888886,NULL,820 N 17th St
21000042,FND ARTICLE OTHER THAN ABAND. BIKE OR VEH.,2021-01-11T06:10:00Z,Closed - Inactive,44204.385416666664,44205.617361111108,730 N 14th St
21000039,TRESPASSING,2021-01-11T01:04:00Z,Closed - Non-Criminal Case,44207.044444444444,NULL,600 N 15th St
21000038,LARCENY - FROM BUILDING,2021-01-10T12:15:00Z,Closed - Inactive,44205.833333333336,44206.493055555555,433 V St
21000037,VANDALISM - OTHER,2021-01-09T15:50:00Z,Closed - Inactive,44205.208333333336,44205.659722222219,639 N 12th St
21000034,ALCOHOL - DRUNK,2021-01-09T05:00:00Z,Closed - Non-Criminal Case,44205.209027777775,NULL,300 N 17th St
21000027,TELEPHONE - OTHER,2021-01-06T13:09:00Z,Closed - Inactive,44201.583333333336,44202.520833333336,4075 East Campus Loop S
21000024,NARCOTICS - OTHER,2021-01-05T23:20:00Z,Closed - Cleared by Arrest-Adult,44201.972222222219,NULL,ANTELOPE VALLEY PARKWAY & SALT CREEK RD
21000020,VANDALISM - OTHER,2021-01-05T13:21:00Z,Closed - Inactive,44188.5,44201.556250000001,4075 East Campus Loop S
21000014,OUTSIDE - O.P.S. OTHER,2021-01-04T14:57:00Z,Closed - Non-Criminal Case,NULL,NULL,NA
21000009,ALCOHOL - MINOR IN POSSESSION,2021-01-03T05:25:00Z,Closed - Cleared by Arrest-Adult,44199.225694444445,NULL,ANTELOPE VALLEY PARKWAY & N 17TH ST
21000008,ACCIDENTS - P.D. H&R NOT REPORTABLE,2021-01-03T02:52:00Z,Closed - Non-Criminal Case,44195.40625,NULL,200 Centennial Mall N
21000006,NARCOTICS - POSSESSION,2021-01-02T15:39:00Z,Closed - Cleared by Arrest-Adult,44198.652083333334,NULL,1130 N 14th St
21000005,LITTERING,2021-01-01T23:53:00Z,Closed - Cleared by Arrest-Adult,44197.995138888888,44198.090277777781,1000 N 16th St
21000001,OUTSIDE - O.P.S. OTHER,2021-01-01T00:15:00Z,Closed - Non-Criminal Case,44197.010416666664,NULL,2200 Vine St
LE20006,STALKING,2020-12-31T12:00:00Z,NA - Clery Report Only,44044.5,44196.5,On-campus Student Housing
20003861,TRESPASSING,2020-12-30T02:07:00Z,Closed - Non-Criminal Case,44195.084722222222,NULL,1120 N 14th St
20003842,ALCOHOL - DWI,2020-12-27T00:01:00Z,Closed - Cleared by Arrest-Adult,44192.000694444447,NULL,Q ST & N 16TH ST
20003840,ALCOHOL - DWI,2020-12-24T22:55:00Z,Closed - Cleared by Arrest-Adult,44189.954861111109,NULL,STADIUM DR & Salt Creek RDWY
20003837,LARCENY - STOLEN BIKE,2020-12-23T13:58:00Z,Closed - Inactive,44136.333333333336,44155.581944444442,820 N 17th St
20003835,NARCOTICS - POSSESSION,2020-12-23T11:20:00Z,Closed - Cleared by Arrest-Adult,44188.472222222219,NULL,THERESA ST & N 27TH ST
20003832,TRAFFIC - OTHER,2020-12-23T01:10:00Z,Closed - Cleared by Arrest-Adult,44188.048611111109,NULL,501 Stadium Dr
20003827,NARCOTICS - POSSESSION,2020-12-21T23:21:00Z,Closed - Cleared by Arrest-Adult,44186.972916666666,NULL,301 N 12th St
20003828,VANDALISM - OTHER,2020-12-21T22:54:00Z,Closed - Non-Criminal Case,44186.95416666667,NULL,1875 N 38th St
20003824,LARCENY - FROM MOTOR VEHICLE,2020-12-21T16:36:00Z,Closed - Cleared by Arrest-Juvenile,44186.691666666666,NULL,1111 N 14th St
20003822,"HAZARDS - NON-TRAFFIC (WIRES,TREES,ETC)",2020-12-21T04:53:00Z,Closed - Non-Criminal Case,44186.203472222223,NULL,820 N 17th St
20003820,LARCENY - FROM MOTOR VEHICLE,2020-12-20T14:02:00Z,Closed - Inactive,44185.472222222219,44185.534722222219,1100 T St
20003818,TRESPASSING,2020-12-20T04:48:00Z,Closed - Cleared by Arrest-Adult,44185.2,NULL,625 N 16th St
20003817,ACCIDENTS - P.D. H&R NOT REPORTABLE,2020-12-20T00:42:00Z,Closed - Cleared by Arrest-Adult,NULL,NULL,FAIR ST & N 38TH ST
20003816,NARCOTICS - POSSESSION,2020-12-20T00:19:00Z,Closed - Cleared by Arrest-Adult,44185.013194444444,NULL,N 8TH ST & SALT CREEK RD
20003812,TRAFFIC - OTHER,2020-12-18T23:05:00Z,Closed - Inactive,44183.961805555555,NULL,ANTELOPE VALLEY PARKWAY & VINE ST
20003807,DISTURBANCE - OTHER,2020-12-18T11:49:00Z,Closed - Non-Criminal Case,44181.458333333336,44181.520833333336,1875 N 38th St
20003805,LARCENY - FROM BUILDING,2020-12-18T11:24:00Z,Closed - Cleared by Arrest-Adult,44178.751388888886,44178.763194444444,1600 Court St
20003800,TRESPASSING,2020-12-17T05:12:00Z,Closed - Cleared by Arrest-Adult,44181.708333333336,44182.216666666667,1300 R St
20003775,OUTSIDE - O.P.S. OTHER,2020-12-12T10:07:00Z,Closed - Non-Criminal Case,44177.4,NULL,HOLDREGE ST & N 29TH ST
20003768,NARCOTICS - POSSESSION,2020-12-10T22:36:00Z,Closed - Cleared by Arrest-Adult,44175.941666666666,NULL,ANTELOPE VALLEY PARKWAY & S ST
20003767,TRAFFIC - SUSPENDED DRIVER,2020-12-10T22:17:00Z,Closed - Cleared by Arrest-Adult,44175.928472222222,NULL,P ST & N ANTELOPE VALLEY PKWY
20003765,ALCOHOL - UNL POLICY VIOLATION,2020-12-10T17:48:00Z,Closed - Non-Criminal Case,44175.741666666669,NULL,625 Stadium Dr
20003759,LARCENY - FROM MOTOR VEHICLE,2020-12-09T10:40:00Z,Closed - Inactive,NULL,NULL,1430 Idylwild Dr
20003754,LARCENY - STOLEN BIKE,2020-12-08T15:38:00Z,Closed - Inactive,44171.625,44173.651388888888,1120 N 14th St
20003753,OUTSIDE - O.P.S. OTHER,2020-12-08T14:00:00Z,Closed - Non-Criminal Case,44166,44167.5,1071 County G Road
20003752,ALCOHOL - DRUNK,2020-12-08T12:56:00Z,Closed - Non-Criminal Case,44173.538888888892,NULL,1400 R St
20003749,TRAFFIC - SUSPENDED DRIVER,2020-12-07T23:15:00Z,Closed - Cleared by Arrest-Adult,44172.96875,NULL,N 16TH ST & S ST
20003737,TRAFFIC - SUSPENDED DRIVER,2020-12-05T23:39:00Z,Closed - Cleared by Arrest-Adult,44170.98541666667,NULL,VINE ST & N ANTELOPE VALLEY PKWY
20003743,DISTURBANCE - OTHER,2020-12-04T14:00:00Z,Closed - Non-Criminal Case,44169.583333333336,NULL,820 N 16th St
20003731,LARCENY - STOLEN BIKE,2020-12-04T10:00:00Z,Closed - Cleared by Arrest-Adult,44138,44159.708333333336,1130 N 14th St
20003762,OUTSIDE - O.P.S. OTHER,2020-12-04T08:00:00Z,Closed - Non-Criminal Case,NULL,NULL,NA
20003729,ALCOHOL - MINOR IN POSSESSION,2020-12-04T01:31:00Z,Closed - Cleared by Arrest-Adult,44169.063194444447,NULL,N ANTELOPE VALLEY PKWY & MILITARY RD
OS20010,STALKING,2020-12-03T12:09:00Z,NA - Clery Report Only,43770.5,44068.5,On-campus Student Housing
20003721,TRESPASSING,2020-12-03T05:44:00Z,Closed - Non-Criminal Case,44168.238888888889,NULL,1111 N 14th St
20003720,TRESPASSING,2020-12-03T04:16:00Z,Closed - Cleared by Arrest-Adult,44168.177777777775,NULL,300 N 17th St
20003718,TRAFFIC - SUSPENDED DRIVER,2020-12-02T22:35:00Z,Closed - Cleared by Arrest-Adult,44167.940972222219,NULL,P ST & N ANTELOPE VALLEY PKWY
20003716,LARCENY - STOLEN BIKE,2020-12-02T16:12:00Z,Closed - Inactive,44150.000694444447,44167.675000000003,820 N 17th St
OS19016,STALKING,2020-12-02T13:20:00Z,NA - Clery Report Only,43770.5,44068.5,On-campus Student Housing
20003710,TRAFFIC - OTHER,2020-12-02T00:07:00Z,Closed - Cleared by Arrest-Adult,44167.004861111112,NULL,N 19TH ST & VINE ST
20003699,ALCOHOL - USING FALSE I.D.,2020-12-01T01:08:00Z,Closed - Cleared by Arrest-Adult,44166.047222222223,NULL,733 N 17th St
20003695,LARCENY - STOLEN BIKE,2020-11-30T15:29:00Z,Closed - Inactive,44153,44155.916666666664,440 N 17th St
20003692,ACCIDENTS - P.D. H&R NOT REPORTABLE,2020-11-30T07:55:00Z,Closed - Inactive,44160.708333333336,44165.329861111109,705 N 23rd St
20003689,LARCENY - STOLEN BIKE,2020-11-29T11:55:00Z,Closed - Inactive,44157.770833333336,44164.479166666664,1130 N 14th St
20003684,ACCIDENTS - P.D. H&R NOT REPORTABLE,2020-11-28T00:30:00Z,Closed - Non-Criminal Case,44162.79791666667,NULL,1100 T St
20003675,SEX OFFENSE - RAPE,2020-11-25T16:17:00Z,Closed - Inactive,44159.979166666664,NULL,303 N 17th St
20003671,LARCENY - STOLEN BIKE,2020-11-25T11:56:00Z,Closed - Inactive,44140.000694444447,44144.999305555553,1055 N 16th St
20003670,VANDALISM - BY GRAFFITI,2020-11-25T09:19:00Z,Closed - Inactive,NULL,NULL,933 N 16th St
20003668,LARCENY - STOLEN BIKE,2020-11-24T19:40:00Z,Closed - Inactive,44158.806250000001,NULL,1710 Arbor Dr
20003667,ACCIDENTS - P.D. H&R NOT REPORTABLE,2020-11-24T15:07:00Z,Closed - Non-Criminal Case,44136.145833333336,44156.572916666664,1830 Vine St
20003663,LARCENY - STOLEN BIKE,2020-11-24T04:16:00Z,Closed - Cleared by Arrest-Adult,44159.177777777775,NULL,1130 N 14th St
20003662,TRESPASSING,2020-11-24T02:54:00Z,Closed - Non-Criminal Case,44159.120833333334,NULL,600 N 15th St
20003658,OUTSIDE - O.P.S. OTHER,2020-11-23T14:52:00Z,Closed - Non-Criminal Case,NULL,NULL,1850 P St
20003657,SEX OFFENSE - SODOMY,2020-11-23T12:44:00Z,Closed - Inactive,NULL,NULL,715 N 16th St
20003654,TRAFFIC - SUSPENDED DRIVER,2020-11-23T02:17:00Z,Closed - Cleared by Arrest-Adult,44158.095138888886,NULL,N 12TH ST & R ST
20003651,LARCENY - STOLEN BIKE,2020-11-22T16:03:00Z,Closed - Inactive,44153.916666666664,44157.416666666664,1120 N 14th St
20003647,LARCENY - STOLEN BIKE,2020-11-22T03:52:00Z,Closed - Cleared by Arrest-Adult,44157.161111111112,NULL,1055 N 16th St
20003646,NARCOTICS - POSSESSION,2020-11-22T03:13:00Z,Closed - Cleared by Arrest-Adult,44157.134027777778,NULL,433 N 19th St
20003643,NARCOTICS - POSSESSION,2020-11-22T00:09:00Z,Closed - Cleared by Arrest-Adult,44157.006249999999,NULL,600 N 15th St
20003641,FIRE - FALSE ALARM,2020-11-21T21:32:00Z,Closed - Non-Criminal Case,44156.897222222222,NULL,3601 Apple St
20003639,TRESPASSING,2020-11-21T01:41:00Z,Closed - Cleared by Arrest-Adult,44156.070138888892,NULL,1100 T St
20003637,ALCOHOL - MINOR IN POSSESSION,2020-11-21T00:38:00Z,Closed - Cleared by Arrest-Adult,44156.026388888888,NULL,N 18TH ST & R ST
20003633,NARCOTICS - POSSESSION,2020-11-20T19:24:00Z,Closed - Cleared by Arrest-Adult,44155.808333333334,NULL,730 N 14th St
20003630,DISTURBANCE - OTHER,2020-11-20T11:53:00Z,Closed - Non-Criminal Case,44155.084027777775,NULL,625 Stadium Dr
20003631,TELEPHONE - OTHER,2020-11-20T11:53:00Z,Closed - Inactive,44155.48541666667,NULL,625 Stadium Dr
20003628,LARCENY - FROM BUILDING,2020-11-20T08:54:00Z,Closed - Unfounded,44154.967361111114,44155.370833333334,510 Stadium Dr
20003625,VANDALISM - OTHER,2020-11-20T02:53:00Z,Closed - Cleared by Arrest-Adult,44155.120138888888,NULL,300 N 17th St
20003624,LARCENY - OTHER OR FROM OPEN AREA,2020-11-20T01:44:00Z,Closed - Cleared by Arrest-Adult,44155.072222222225,NULL,1510 Vine St
20003622,ALCOHOL - USING FALSE I.D.,2020-11-19T23:31:00Z,Closed - Inactive,44154.979861111111,NULL,N 13TH ST & P ST
20003621,NARCOTICS - POSSESSION,2020-11-19T23:07:00Z,Closed - Cleared by Arrest-Adult,44154.963194444441,NULL,1111 N 14th St
20003619,VANDALISM - OTHER,2020-11-19T20:38:00Z,Closed - Cleared by Arrest-Adult,44142.947222222225,NULL,730 N 14th St
20003604,FRAUD - CON GAMES/DECEPTION/FALSE    PRETENSE/OTHER,2020-11-18T23:34:00Z,Closed - Inactive,44153.895833333336,44153.981944444444,880 N 17th St
20003611,DISTURBANCE - OTHER,2020-11-18T18:48:00Z,Closed - Inactive,44153.708333333336,44153.71875,1150 N 14th St
20003596,LARCENY - OTHER OR FROM OPEN AREA,2020-11-17T13:36:00Z,Closed - Inactive,44148.4375,44152.552083333336,630 N 14th St
20003591,DISTURBANCE - OTHER,2020-11-16T22:52:00Z,Closed - Non-Criminal Case,44151.952777777777,NULL,1400 R St
20003587,LARCENY - STOLEN BIKE,2020-11-16T12:33:00Z,Closed - Inactive,44137.333333333336,44144.333333333336,1120 N 14th St
20003586,LARCENY - STOLEN BIKE,2020-11-16T12:14:00Z,Closed - Inactive,44148.5,44151.333333333336,880 N 17th St
20003582,DISTURBANCE - OTHER,2020-11-16T02:16:00Z,Closed - Non-Criminal Case,44151.081250000003,NULL,900 N 16th St
20003581,LARCENY - OTHER OR FROM OPEN AREA,2020-11-15T18:20:00Z,Closed - Cleared by Arrest-Adult,44150.520833333336,44150.763888888891,1300 R St
20003578,ALCOHOL - DWI,2020-11-15T03:21:00Z,Closed - Cleared by Arrest-Adult,44150.13958333333,NULL,4000 East Campus Loop S
20003577,ALCOHOL - DRUNK,2020-11-15T01:54:00Z,Closed - Non-Criminal Case,44150.07916666667,NULL,2400 N Antelope Valley Pky
20003569,TRESPASSING,2020-11-14T06:09:00Z,Closed - Non-Criminal Case,44149.256249999999,NULL,300 N 17th St
20003559,LARCENY - STOLEN BIKE,2020-11-13T15:34:00Z,Closed - Inactive,44144.6875,44148.645833333336,880 N 17th St
20003558,ACCIDENTS - P.D. H&R NOT REPORTABLE,2020-11-13T11:22:00Z,Closed - Cleared by Arrest-Adult,44145.5625,44148.416666666664,1830 Vine St
20003556,ARSON,2020-11-13T04:46:00Z,Closed - Inactive,44148.198611111111,NULL,1830 Vine St
20003555,ALCOHOL - MINOR IN POSSESSION,2020-11-12T23:18:00Z,Closed - Cleared by Arrest-Adult,44147.970833333333,NULL,540 N 16th St
20003550,ACCIDENTS - P.D. H&R NOT REPORTABLE,2020-11-12T17:34:00Z,Closed - Inactive,44146.833333333336,44147.729166666664,1130 N 14th St
20003546,DISTURBANCE - OTHER,2020-11-12T13:33:00Z,Closed - Non-Criminal Case,44147.104166666664,NULL,1710 Arbor Dr
20003544,LARCENY - FROM MOTOR VEHICLE,2020-11-12T09:07:00Z,Closed - Inactive,44141.447916666664,44147.322916666664,942 N 22nd St
20003540,SUSPICIOUS PERSON,2020-11-12T00:13:00Z,Closed - Inactive,NULL,NULL,300 N 17th St
20003539,SUSPICIOUS PERSON,2020-11-11T22:47:00Z,Closed - Non-Criminal Case,44146.854166666664,44146.885416666664,N 14TH ST & W ST
20003526,ALCOHOL - DWI,2020-11-10T23:49:00Z,Closed - Cleared by Arrest-Adult,44145.992361111108,NULL,ANTELOPE VALLEY PARKWAY & Q ST
20003519,FRAUD - CON GAMES/DECEPTION/FALSE    PRETENSE/OTHER,2020-11-10T10:46:00Z,Closed - Inactive,44143.375,44143.395833333336,1780 R St
20003517,ALCOHOL - DRUNK,2020-11-09T18:28:00Z,Closed - Non-Criminal Case,44144.769444444442,NULL,1104 R St
20003511,DISTURBANCE - DOMESTIC,2020-11-09T14:46:00Z,Closed - Cleared by Arrest-Adult,44144.615277777775,NULL,615 N 19th St
20003502,TRESPASSING,2020-11-08T17:57:00Z,Closed - Inactive,44143.747916666667,NULL,700 N 17th St
20003495,ALCOHOL - MINOR IN POSSESSION,2020-11-08T02:21:00Z,Closed - Cleared by Arrest-Adult,44143.097916666666,NULL,R ST & N 13TH ST
20003492,ALCOHOL - MINOR IN POSSESSION,2020-11-07T23:59:00Z,Closed - Cleared by Arrest-Adult,44142.999305555553,NULL,N 16TH ST & S ST
20003486,DISTURBANCE - OTHER,2020-11-07T12:11:00Z,Closed - Inactive,44142.451388888891,44142.479166666664,433 N 19th St
20003485,ALCOHOL - USING FALSE I.D.,2020-11-07T00:39:00Z,Closed - Cleared by Arrest-Adult,44142.027083333334,NULL,N 14TH ST & R ST
20003484,LARCENY - STOLEN BIKE,2020-11-06T19:48:00Z,Closed - Inactive,44141.104166666664,44141.791666666664,733 N 17th St
20003481,LARCENY - STOLEN BIKE,2020-11-06T16:21:00Z,Closed - Inactive,44140.25,44141.666666666664,1055 N 16th St
20003478,LARCENY - STOLEN BIKE,2020-11-06T15:01:00Z,Closed - Inactive,44140.416666666664,44141.5,880 N 17th St
20003472,ALCOHOL - MINOR IN POSSESSION,2020-11-06T00:39:00Z,Closed - Cleared by Arrest-Adult,44141.027083333334,NULL,N 14TH ST & P ST
20003464,LARCENY - STOLEN BIKE,2020-11-05T10:08:00Z,Closed - Inactive,44138.520833333336,44139.5,1130 N 14th St
20003458,TELEPHONE - OTHER,2020-11-04T21:19:00Z,Closed - Non-Criminal Case,NULL,NULL,1130 N 14th St
20003456,STALKING,2020-11-04T13:35:00Z,Closed - Inactive,43770.333333333336,44139.565972222219,716 N 16th St
20003455,ACCIDENTS - P.D. H&R NOT REPORTABLE,2020-11-04T13:32:00Z,Closed - Inactive,44134.333333333336,44139.563888888886,1931 N Antelope Valley Pky
20003451,"HAZARDS - NON-TRAFFIC (WIRES,TREES,ETC)",2020-11-04T11:00:00Z,Closed - Non-Criminal Case,44139.458333333336,NULL,844 N 16th St
20003450,LARCENY - OTHER OR FROM OPEN AREA,2020-11-04T10:57:00Z,Closed - Inactive,44137.666666666664,44139.454861111109,N 14TH ST & AVERY AVE
20003449,VANDALISM - OTHER,2020-11-04T10:51:00Z,Closed - Inactive,44138.75,44139.326388888891,1130 N 14th St
20003448,VANDALISM - OTHER,2020-11-04T10:16:00Z,Closed - Inactive,NULL,NULL,1780 R St
20003447,LARCENY - OTHER OR FROM OPEN AREA,2020-11-04T09:08:00Z,Closed - Inactive,44137.666666666664,44139.375,1144 T St
20003445,ALCOHOL - DRUNK,2020-11-04T02:03:00Z,Closed - Non-Criminal Case,44139.085416666669,NULL,301 N 12th St
20003436,SEX OFFENSE - OTHER,2020-11-03T17:04:00Z,Closed - Inactive,44132.625,NULL,880 N 17th St
20003434,LARCENY - STOLEN BIKE,2020-11-03T14:43:00Z,Closed - Inactive,44119,44133,1801 R St
20003433,VANDALISM - BY GRAFFITI,2020-11-03T14:38:00Z,Closed - Inactive,NULL,NULL,905 N 14th St
20003428,ALCOHOL - MINOR IN POSSESSION,2020-11-03T03:08:00Z,Closed - Cleared by Arrest-Adult,44138.130555555559,NULL,880 N 17th St
20003423,OUTSIDE - O.P.S. OTHER,2020-11-02T15:56:00Z,Closed - Non-Criminal Case,44136.125,44136.208333333336,550 N 19th St
20003413,VANDALISM - OTHER,2020-11-02T00:24:00Z,Closed - Inactive,44135.8125,44137.01666666667,1220 T St
20003409,DISTURBANCE - OTHER,2020-11-01T02:28:00Z,Closed - Non-Criminal Case,44136.102777777778,NULL,1425 R St
20003408,ALCOHOL - MINOR IN POSSESSION,2020-11-01T00:07:00Z,Closed - Non-Criminal Case,44136.004861111112,NULL,N 14TH ST & R ST
20003402,LARCENY - STOLEN BIKE,2020-10-31T15:19:00Z,Closed - Inactive,44135.538888888892,NULL,1901 Vine St
20003401,ALCOHOL - MINOR IN POSSESSION,2020-10-31T04:12:00Z,Closed - Inactive,44135.175000000003,NULL,880 N 17th St
20003396,LARCENY - STOLEN BIKE,2020-10-30T22:18:00Z,Closed - Inactive,44129.929166666669,44134.929166666669,1130 N 14th St
20003390,OUTSIDE - O.P.S. OTHER,2020-10-30T10:57:00Z,Closed - Inactive,NULL,NULL,550 N 19th St
20003387,LARCENY - OTHER OR FROM OPEN AREA,2020-10-30T08:54:00Z,Closed - Inactive,44126,44134.370833333334,1830 Vine St
20003380,TRESPASSING,2020-10-29T13:30:00Z,Closed - Non-Criminal Case,44133.479166666664,NULL,900 N 16th St
20003378,OUTSIDE - O.P.S. OTHER,2020-10-29T08:15:00Z,Closed - Inactive,44133.340277777781,44133.345138888886,NA
OS20008,SEX OFFENSE - RAPE,2020-10-28T16:31:00Z,NA - Clery Report Only,43862.5,43890.5,On-campus Student Housing
LE19006,BURGLARY,2020-10-28T16:05:00Z,NA - Clery Report Only,43775.5,43778.5,Non-campus Property
LE19007,AUTO THEFT,2020-10-28T15:59:00Z,NA - Clery Report Only,43744.5,NULL,Non-campus Property
LE19009,NARCOTICS - POSSESSION,2020-10-28T15:46:00Z,NA - Clery Report Only,43773.508333333331,NULL,Non-campus Property
20003367,SUSPICIOUS PERSON,2020-10-28T12:26:00Z,Closed - Non-Criminal Case,44131.809027777781,NULL,880 N 17th St
LE19008,NARCOTICS - POSSESSION,2020-10-28T10:46:00Z,NA - Clery Report Only,43605.5,NULL,Non-campus Property
OS20009,SEX OFFENSE - RAPE,2020-10-28T10:44:00Z,NA - Clery Report Only,44106.5,44109.5,On-campus Student Housing
OS20007,SEX OFFENSE - MOLEST/FONDLING,2020-10-28T10:33:00Z,NA - Clery Report Only,44106.5,44109.5,On-campus Student Housing
OS20006,STALKING,2020-10-28T10:21:00Z,NA - Clery Report Only,43831.5,44118.5,On Campus
20003368,TRAFFIC - OTHER,2020-10-28T08:13:00Z,Closed - Unfounded,44130.631944444445,NULL,560 Stadium Dr
20003366,NARCOTICS - POSSESSION,2020-10-28T02:02:00Z,Closed - Cleared by Arrest-Adult,44132.084722222222,NULL,1220 N 14th St
20003361,OUTSIDE - O.P.S. OTHER,2020-10-27T15:38:00Z,Closed - Inactive,44128.875,44129.041666666664,550 N 19th St
20003360,ACCIDENTS - P.D. H&R NOT REPORTABLE,2020-10-27T15:20:00Z,Closed - Inactive,44129,44131.625,300 N 17th St
20003362,SEX OFFENSE - RAPE,2020-10-27T14:00:00Z,Closed - Inactive,44115.18472222222,44115.4375,820 N 17th St
20003355,LARCENY - OTHER OR FROM OPEN AREA,2020-10-27T08:44:00Z,Closed - Inactive,44130.333333333336,44131.333333333336,CENTER DR & N 39TH ST
20003359,OUTSIDE - O.P.S. OTHER,2020-10-27T08:38:00Z,Closed - Inactive,44131.295138888891,44131.321527777778,NA
20003351,LARCENY - STOLEN BIKE,2020-10-26T15:46:00Z,Closed - Inactive,44128.625,44129.375,600 N 15th St
20003346,FRAUD - CHECKS INSUF/NO ACC/NOT FORGED,2020-10-26T13:34:00Z,Closed - Inactive,44130.638194444444,44130.638194444444,NA
20003350,SEX OFFENSE - MOLEST/FONDLING,2020-10-26T13:00:00Z,Closed - Inactive,44081.479166666664,44082.1875,880 N 17th St
20003341,TRESPASSING,2020-10-26T00:01:00Z,Closed - Non-Criminal Case,44130.000694444447,NULL,1400 R St
20003340,DISTURBANCE - OTHER,2020-10-25T23:12:00Z,Closed - Inactive,44129.895833333336,44129.958333333336,1780 R St
20003338,TRESPASSING,2020-10-25T20:44:00Z,Closed - Inactive,44129.863888888889,NULL,1433 W St
20003333,ALCOHOL - MINOR IN POSSESSION,2020-10-25T01:59:00Z,Closed - Non-Criminal Case,44129.049305555556,NULL,1780 R St
20003334,ALCOHOL - MINOR IN POSSESSION,2020-10-25T01:23:00Z,Closed - Cleared by Arrest-Adult,44129.057638888888,NULL,880 N 17th St
20003332,OUTSIDE - O.P.S. OTHER,2020-10-24T21:34:00Z,Closed - Non-Criminal Case,44128.898611111108,NULL,2202 O Street
20003323,LARCENY - FROM MOTOR VEHICLE,2020-10-24T08:18:00Z,Closed - Inactive,44127.791666666664,44128.345833333333,1430 Idylwild Dr
20003320,ALCOHOL - MINOR IN POSSESSION,2020-10-24T02:16:00Z,Closed - Cleared by Arrest-Adult,44128.094444444447,NULL,880 N 17th St
20003318,OUTSIDE - O.P.S. OTHER,2020-10-23T18:19:00Z,Closed - Non-Criminal Case,44127.763194444444,NULL,EMERALD DR & TIERRA DR
20003314,LARCENY - STOLEN BIKE,2020-10-23T12:48:00Z,Closed - Inactive,44113.583333333336,44127.451388888891,1801 R St
20003315,DISTURBANCE - OTHER,2020-10-23T10:00:00Z,Closed - Non-Criminal Case,44127.401388888888,NULL,501 N 14th St
20003308,ALCOHOL - MINOR IN POSSESSION,2020-10-23T00:26:00Z,Closed - Cleared by Arrest-Adult,44127.018055555556,NULL,433 N 19th St
20003305,LARCENY - STOLEN BIKE,2020-10-22T17:32:00Z,Closed - Inactive,44117.729166666664,44125.75,440 N 17th St
20003298,LARCENY - STOLEN BIKE,2020-10-21T20:39:00Z,Closed - Inactive,44125.416666666664,44125.826388888891,510 Stadium Dr
20003289,FRAUD - CHECKS INSUF/NO ACC/NOT FORGED,2020-10-20T11:21:00Z,Closed - Cleared by Exception,44104.75,44124.472916666666,NA
20003288,VANDALISM - OTHER,2020-10-20T10:38:00Z,Closed - Inactive,44123.6875,44123.708333333336,2400 N Antelope Valley Pky
20003284,FIRE - FALSE ALARM,2020-10-20T01:26:00Z,Closed - Inactive,44124.05972222222,NULL,715 N 16th St
20003264,DISTURBANCE - OTHER,2020-10-18T16:35:00Z,Closed - Inactive,44122.410416666666,44122.690972222219,880 N 17th St
20003245,SUSPICIOUS PERSON,2020-10-16T19:13:00Z,Closed - Inactive,44120.78125,44120.791666666664,1433 W St
20003242,TRESPASSING,2020-10-16T16:24:00Z,Closed - Inactive,44120.683333333334,NULL,1535 R St
20003236,ALCOHOL - MINOR IN POSSESSION,2020-10-16T01:20:00Z,Closed - Cleared by Arrest-Adult,44120.055555555555,NULL,820 N 17th St
20003235,ALCOHOL - MINOR IN POSSESSION,2020-10-16T00:32:00Z,Closed - Cleared by Arrest-Adult,44120.022222222222,NULL,1801 R St
20003234,ALCOHOL - MINOR IN POSSESSION,2020-10-16T00:12:00Z,Closed - Non-Criminal Case,44120.008333333331,NULL,745 N 14th St
20003215,OUTSIDE - O.P.S. OTHER,2020-10-14T14:53:00Z,Closed - Non-Criminal Case,44084.5,44116.756944444445,NA
20003214,FRAUD - CON GAMES/DECEPTION/FALSE    PRETENSE/OTHER,2020-10-14T13:05:00Z,Closed - Inactive,44118.409722222219,44118.482638888891,300 N 17th St
20003213,TRESPASSING,2020-10-14T11:44:00Z,Closed - Non-Criminal Case,44118.488888888889,NULL,1104 R St
20003212,SEX OFFENSE - RAPE,2020-10-14T11:25:00Z,Closed - Inactive,44109.083333333336,44109.166666666664,1130 N 14th St
20003208,LARCENY - OTHER OR FROM OPEN AREA,2020-10-14T08:54:00Z,Closed - Inactive,44113.708333333336,44117.635416666664,820 N 16th St
20003200,DISTURBANCE - OTHER,2020-10-14T05:29:00Z,Closed - Non-Criminal Case,44118.228472222225,NULL,1360 Vine St
20003197,LARCENY - STOLEN BIKE,2020-10-13T19:28:00Z,Closed - Inactive,44117.75,44117.753472222219,2255 Vine St
20003194,SEX OFFENSE - RAPE,2020-10-13T16:59:00Z,Closed - Inactive,44112.989583333336,44113.166666666664,1548 S St
20003195,LARCENY - STOLEN BIKE,2020-10-13T16:53:00Z,Closed - Inactive,44116.666666666664,44117.635416666664,1120 N 14th St
20003193,DISTURBANCE - OTHER,2020-10-13T15:43:00Z,Closed - Cleared by Arrest-Adult,44117.654861111114,NULL,N 22ND ST & U ST
20003191,DISTURBANCE - OTHER,2020-10-13T14:24:00Z,Closed - Inactive,44117.59375,44117.599999999999,313 N 13th St
20003186,DISTURBANCE - OTHER,2020-10-13T02:28:00Z,Closed - Cleared by Arrest-Adult,44117.102777777778,NULL,820 N 17th St
20003183,DISTURBANCE - OTHER,2020-10-12T18:28:00Z,Closed - Inactive,44114,NULL,300 N 17th St
20003180,LARCENY - STOLEN BIKE,2020-10-12T15:09:00Z,Closed - Inactive,44116.354166666664,44116.604166666664,560 Stadium Dr
20003178,DISTURBANCE - OTHER,2020-10-12T13:42:00Z,Closed - Inactive,44116.565972222219,44116.570833333331,900 N 16th St
20003175,VANDALISM - OTHER,2020-10-12T07:45:00Z,Closed - Inactive,NULL,NULL,1335 U St
20003170,ACCIDENTS - P.D. H&R NOT REPORTABLE,2020-10-11T21:33:00Z,Closed - Inactive,44105.000694444447,44115.897916666669,300 N 17th St
20003168,TRESPASSING,2020-10-11T00:43:00Z,Closed - Cleared by Arrest-Adult,44115.029861111114,NULL,625 N 16th St
20003163,VANDALISM - OTHER,2020-10-10T14:38:00Z,Closed - Inactive,44113.613194444442,44113.875,1111 N 14th St
20003159,VANDALISM - OTHER,2020-10-10T04:18:00Z,Closed - Inactive,NULL,NULL,1780 R St
20003153,VANDALISM - OTHER,2020-10-09T20:38:00Z,Closed - Inactive,44113.859722222223,NULL,1140 R St
20003152,VANDALISM - OTHER,2020-10-09T20:17:00Z,Closed - Cleared by Arrest-Adult,44113.84375,NULL,1801 R St
20003162,VANDALISM - OTHER,2020-10-09T16:20:00Z,Closed - Inactive,44112.18472222222,NULL,3601 Apple St
20003146,OUTSIDE - O.P.S. OTHER,2020-10-09T13:51:00Z,Closed - Non-Criminal Case,44113.57708333333,NULL,433 N 19th St
20003148,LARCENY - STOLEN BIKE,2020-10-09T13:18:00Z,Closed - Inactive,44099.5,44113.541666666664,880 N 17th St
20003144,TRESPASSING,2020-10-09T11:27:00Z,Closed - Inactive,44113.477083333331,NULL,8301 Havelock Ave
20003142,TRESPASSING,2020-10-09T08:12:00Z,Closed - Inactive,44113.3125,NULL,639 N 12th St
20003140,ALCOHOL - DRUNK,2020-10-09T05:05:00Z,Closed - Non-Criminal Case,44113.211805555555,NULL,1209 R St
20003137,ALCOHOL - MINOR IN POSSESSION,2020-10-08T23:44:00Z,Closed - Non-Criminal Case,44112.988888888889,NULL,820 N 17th St
20003128,LARCENY - FROM MOTOR VEHICLE,2020-10-08T14:10:00Z,Closed - Inactive,44112.18472222222,NULL,3601 Apple St
20003127,LARCENY - FROM MOTOR VEHICLE,2020-10-08T13:27:00Z,Closed - Inactive,44112.18472222222,NULL,3601 Apple St
20003126,VANDALISM - OTHER,2020-10-08T09:32:00Z,Closed - Inactive,44112.18472222222,NULL,3601 Apple St
20003122,ALCOHOL - USING FALSE I.D.,2020-10-07T17:25:00Z,Closed - Cleared by Arrest-Adult,NULL,NULL,300 N 17th St
20003111,SEX OFFENSE - RAPE,2020-10-06T22:11:00Z,Closed - Inactive,44110.666666666664,44110.6875,1120 N 14th St
20003108,ACCIDENTS - P.D. H&R NOT REPORTABLE,2020-10-06T20:25:00Z,Closed - Cleared by Arrest-Adult,44110.694444444445,44110.729166666664,300 N 17th St
20003105,TELEPHONE - THREATENING CALLS,2020-10-06T16:00:00Z,Closed - Inactive,NULL,NULL,300 N 17th St
20003104,FRAUD - CON GAMES/DECEPTION/FALSE    PRETENSE/OTHER,2020-10-06T15:59:00Z,Closed - Inactive,44110.659722222219,NULL,300 N 17th St
20003100,LARCENY - STOLEN BIKE,2020-10-06T08:33:00Z,Closed - Inactive,44106.347222222219,44109.4375,2400 N Antelope Valley Pky
20003092,ACCIDENTS - P.D. H&R NOT REPORTABLE,2020-10-05T19:13:00Z,Closed - Cleared by Arrest-Adult,44109.743055555555,NULL,1505 S St
20003085,"HAZARDS - NON-TRAFFIC (WIRES,TREES,ETC)",2020-10-05T09:01:00Z,Closed - Non-Criminal Case,44109.375694444447,NULL,844 N 16th St
20003084,ACCIDENTS - P.D. H&R NOT REPORTABLE,2020-10-05T08:39:00Z,Closed - Inactive,NULL,NULL,N 14TH ST & R ST
20003077,NARCOTICS - POSSESSION,2020-10-04T00:28:00Z,Closed - Cleared by Arrest-Adult,44108.019444444442,NULL,1055 N 16th St
20003070,TRESPASSING,2020-10-03T01:46:00Z,Closed - Non-Criminal Case,44107.066666666666,NULL,1801 R St
20003058,DISTURBANCE - DOMESTIC,2020-10-02T00:07:00Z,Closed - Non-Criminal Case,44106.004861111112,NULL,1150 N 14th St
20003059,NARCOTICS - POSSESSION,2020-10-01T23:56:00Z,Closed - Cleared by Arrest-Adult,44105.99722222222,NULL,820 N 17th St
20003053,ALCOHOL - DRUNK,2020-10-01T19:02:00Z,Closed - Non-Criminal Case,44105.793055555558,NULL,301 N 12th St
20003050,OUTSIDE - O.P.S. OTHER,2020-10-01T17:12:00Z,Closed - Non-Criminal Case,44103.724999999999,NULL,300 N 17th St
20003038,FRAUD - CON GAMES/DECEPTION/FALSE    PRETENSE/OTHER,2020-09-30T15:47:00Z,Closed - Inactive,44099.5,NULL,300 N 17th St
20003034,ALCOHOL - MINOR IN POSSESSION,2020-09-30T00:06:00Z,Closed - Non-Criminal Case,44104.004166666666,NULL,1120 N 14th St
20003032,NARCOTICS - POSSESSION,2020-09-29T22:39:00Z,Closed - Cleared by Arrest-Adult,44103.943749999999,NULL,1710 Arbor Dr
20003029,ASSAULT - DOMESTIC,2020-09-29T15:09:00Z,Closed - Cleared by Arrest-Adult,44103.61041666667,44103.631249999999,1055 N 16th St
20003027,VANDALISM - OTHER,2020-09-29T11:54:00Z,Closed - Inactive,44103.01458333333,NULL,1830 Vine Street
20003026,VANDALISM - OTHER,2020-09-29T11:34:00Z,Closed - Inactive,44103.01458333333,NULL,1830 Vine Street
20003024,LARCENY - STOLEN BIKE,2020-09-29T10:07:00Z,Closed - Inactive,44100.333333333336,44103.413194444445,1055 N 16th St
20003021,NARCOTICS - OTHER,2020-09-29T01:00:00Z,Closed - Unfounded,44103.041666666664,NULL,880 N 17th St
20003020,NARCOTICS - OTHER,2020-09-29T00:18:00Z,Closed - Non-Criminal Case,44103.012499999997,NULL,VINE ST & N 17TH ST
20003015,ACCIDENTS - P.D. H&R NOT REPORTABLE,2020-09-28T19:23:00Z,Closed - Inactive,44102.701388888891,44102.791666666664,1705 Arbor Drive
20003011,OUTSIDE - O.P.S. OTHER,2020-09-28T10:10:00Z,Closed - Non-Criminal Case,44100.777777777781,44102.381249999999,300 N 17th St
20003009,LARCENY - OTHER OR FROM OPEN AREA,2020-09-28T07:22:00Z,Closed - Cleared by Arrest-Adult,44100.048611111109,NULL,530 N 17th St
20003008,FIRE - FALSE ALARM,2020-09-28T06:41:00Z,Closed - Non-Criminal Case,44102.27847222222,NULL,1104 R St
20003006,DISTURBANCE - OTHER,2020-09-27T23:30:00Z,Closed - Inactive,44101.958333333336,NULL,1548 Vine St
20002999,ALCOHOL - DWI,2020-09-27T03:27:00Z,Closed - Cleared by Arrest-Adult,44101.143750000003,NULL,N 19TH ST & R ST
20002998,ALCOHOL - MINOR IN POSSESSION,2020-09-27T02:35:00Z,Closed - Cleared by Arrest-Adult,44101.107638888891,NULL,N 16TH ST & S ST
20002996,ALCOHOL - MINOR IN POSSESSION,2020-09-27T01:33:00Z,Closed - Cleared by Arrest-Adult,44101.064583333333,NULL,200 N 17th Street
20002994,ALCOHOL - DRUNK,2020-09-26T23:59:00Z,Closed - Non-Criminal Case,44100.999305555553,NULL,ANTELOPE VALLEY PARKWAY & SALT CREEK RD
20002992,NARCOTICS - OTHER,2020-09-26T23:02:00Z,Closed - Non-Criminal Case,44100.959722222222,NULL,600 N 15th St
20002990,LARCENY - STOLEN BIKE,2020-09-26T17:28:00Z,Closed - Inactive,44099.583333333336,44100.708333333336,1220 T St
20002988,LARCENY - FROM BUILDING,2020-09-26T17:24:00Z,Closed - Non-Criminal Case,44100.688194444447,44100.71597222222,1248 R St
20002979,ALCOHOL - DWI,2020-09-26T01:46:00Z,Closed - Cleared by Arrest-Adult,44100.073611111111,NULL,P ST & CENTENNIAL MALL
20002977,NARCOTICS - POSSESSION,2020-09-26T00:15:00Z,Closed - Cleared by Arrest-Adult,44100.010416666664,NULL,600 N 15th St
20002965,LARCENY - OTHER OR FROM OPEN AREA,2020-09-25T07:22:00Z,Closed - Cleared by Arrest-Adult,44099.097916666666,NULL,530 N 17th St
20002961,ALCOHOL - MINOR IN POSSESSION,2020-09-25T03:00:00Z,Closed - Non-Criminal Case,44099.125,NULL,1055 N 16th St
20002960,ALCOHOL - MINOR IN POSSESSION,2020-09-25T02:20:00Z,Closed - Cleared by Arrest-Adult,44099.097222222219,NULL,Parking lot 1130 N 14th Street
20002951,LARCENY - FROM BUILDING,2020-09-24T12:28:00Z,Closed - Non-Criminal Case,44085,44098.519444444442,300 N 17th St
20002949,LARCENY - FROM BUILDING,2020-09-24T06:37:00Z,Closed - Inactive,44096.625,44097.270833333336,1340 N 17th St
20002948,SUSPICIOUS PERSON,2020-09-23T20:05:00Z,Closed - Inactive,44097.836805555555,NULL,1710 Arbor Dr
OS20005,STALKING,2020-09-22T10:56:00Z,NA - Clery Report Only,43770.5,44068.5,On-campus Student Housing
OS20004,ASSAULT - NON DOMESTIC,2020-09-22T10:46:00Z,NA - Clery Report Only,44060.833333333336,NULL,On-campus Student Housing
20002933,OUTSIDE - O.P.S. OTHER,2020-09-21T23:37:00Z,Closed - Cleared by Exception,44095.982638888891,44095.984027777777,N 33RD ST & HOLDREGE ST
20002931,NARCOTICS - POSSESSION,2020-09-21T21:56:00Z,Closed - Cleared by Arrest-Adult,44095.913888888892,NULL,1150 N 14th St
20002927,NARCOTICS - POSSESSION,2020-09-21T17:28:00Z,Closed - Cleared by Arrest-Adult,44095.727777777778,NULL,880 N 17th St
20002922,LARCENY - STOLEN BIKE,2020-09-21T15:22:00Z,Closed - Inactive,44050,44052,1801 R St
20002923,LARCENY - STOLEN BIKE,2020-09-21T15:22:00Z,Closed - Inactive,44088,44090,1055 N 16th St
20002914,NARCOTICS - POSSESSION,2020-09-21T00:53:00Z,Closed - Cleared by Arrest-Adult,44095.036805555559,NULL,615 N 19th St
20002912,NARCOTICS - POSSESSION,2020-09-20T22:31:00Z,Closed - Cleared by Arrest-Adult,44094.938194444447,NULL,1130 N 14th St
20002911,LARCENY - STOLEN BIKE,2020-09-20T22:28:00Z,Closed - Cleared by Arrest-Adult,44094.936111111114,NULL,VINE ST & N 17TH ST
20002910,DISTURBANCE - DOMESTIC,2020-09-20T20:13:00Z,Closed - Cleared by Arrest-Juvenile,NULL,NULL,433 N 19th St
20002904,ALCOHOL - MINOR IN POSSESSION,2020-09-20T01:17:00Z,Closed - Cleared by Arrest-Adult,44094.053472222222,NULL,880 N 17th St
20002903,ALCOHOL - MINOR IN POSSESSION,2020-09-20T01:05:00Z,Closed - Non-Criminal Case,44094.045138888891,NULL,1055 N 16th St
20002902,ALCOHOL - MINOR IN POSSESSION,2020-09-19T23:38:00Z,Closed - Cleared by Arrest-Adult,44093.984722222223,NULL,N 17TH ST & X ST
20002901,NARCOTICS - POSSESSION,2020-09-19T21:14:00Z,Closed - Cleared by Arrest-Adult,44093.884722222225,NULL,1780 R St
20002897,FIRE - FALSE ALARM,2020-09-19T03:13:00Z,Closed - Inactive,44093.134027777778,NULL,601 N 16th St
20002898,ALCOHOL - DRUNK,2020-09-19T03:05:00Z,Closed - Non-Criminal Case,44093.128472222219,NULL,The Bar 1644 P Street
20002894,ALCOHOL - MINOR IN POSSESSION,2020-09-19T01:19:00Z,Closed - Non-Criminal Case,44093.054861111108,NULL,433 N 19th St
20002891,ALCOHOL - DRUNK,2020-09-18T23:51:00Z,Closed - Non-Criminal Case,44092.993750000001,NULL,303 N 17th St
20002881,DISTURBANCE - OTHER,2020-09-18T16:07:00Z,Closed - Non-Criminal Case,44092.671527777777,NULL,1300 Q St
20002874,ALCOHOL - DWI,2020-09-18T02:29:00Z,Closed - Cleared by Arrest-Adult,44092.103472222225,NULL,VINE ST & N 17TH CT
20002873,ALCOHOL - DWI,2020-09-18T01:56:00Z,Closed - Cleared by Arrest-Adult,44092.080555555556,NULL,N 16TH ST & R ST
20002872,ALCOHOL - MINOR IN POSSESSION,2020-09-17T23:56:00Z,Closed - Non-Criminal Case,44091.99722222222,NULL,N 17TH ST & Q ST
20002868,TRAFFIC - SUSPENDED DRIVER,2020-09-17T22:02:00Z,Closed - Cleared by Arrest-Adult,44091.918055555558,NULL,N 16TH ST & Q ST
20002861,DISTURBANCE - OTHER,2020-09-17T12:57:00Z,Closed - Inactive,44091.520833333336,NULL,433 N 19th St
20002849,ACCIDENTS - P.D. H&R NOT REPORTABLE,2020-09-16T16:50:00Z,Closed - Cleared by Arrest-Adult,NULL,NULL,UNL lot 134
20002847,VANDALISM - OTHER,2020-09-16T16:03:00Z,Closed - Inactive,44089.979166666664,44090.020833333336,1901 Vine St
20002846,FRAUD - CON GAMES/DECEPTION/FALSE    PRETENSE/OTHER,2020-09-16T15:51:00Z,Closed - Inactive,44053.25,44090.625,530 N 17th St
20002845,LARCENY - STOLEN BIKE,2020-09-16T14:52:00Z,Closed - Inactive,44089.375,44089.791666666664,733 N 17th St
20002893,ANIMAL - DOG BITE TO PERSON,2020-09-16T12:57:00Z,Closed - Inactive,44090.479166666664,44090.5,1400 R St
20002835,SEX OFFENSE - RAPE,2020-09-15T18:24:00Z,Closed - Inactive,44086,44086.458333333336,880 N 17th St
20002833,ACCIDENTS - P.D. H&R NOT REPORTABLE,2020-09-15T16:33:00Z,Closed - Inactive,44085.916666666664,44087.5,433 N 19th St
20002831,DISTURBANCE - OTHER,2020-09-15T15:17:00Z,Closed - Cleared by Arrest-Adult,44089.636805555558,NULL,1400 R St
20002830,NARCOTICS - POSSESSION,2020-09-15T15:01:00Z,Closed - Cleared by Arrest-Adult,44089.625694444447,NULL,1780 R St
20002829,TELEPHONE - OTHER,2020-09-15T14:12:00Z,Closed - Non-Criminal Case,44089.5625,NULL,600 N 15th St
20002826,ACCIDENTS - P.D. H&R NOT REPORTABLE,2020-09-15T13:05:00Z,Closed - Cleared by Arrest-Adult,44089.045138888891,NULL,1801 R St
20002817,LARCENY - OTHER OR FROM OPEN AREA,2020-09-14T13:34:00Z,Closed - Inactive,44087.583333333336,44087.604166666664,1055 N 16th St
20002813,SEX OFFENSE - OTHER,2020-09-14T10:09:00Z,Closed - Inactive,43902,43902.208333333336,1801 R St
20002809,ACCIDENTS - P.D. H&R NOT REPORTABLE,2020-09-13T16:10:00Z,Closed - Inactive,44084.625,44087.666666666664,1801 R St
20002807,LARCENY - STOLEN BIKE,2020-09-13T14:15:00Z,Closed - Inactive,44066.75,44087.541666666664,1515 R St
20002804,LARCENY - STOLEN BIKE,2020-09-13T11:00:00Z,Closed - Inactive,44087.041666666664,NULL,1801 R St
20002803,ALCOHOL - DRUNK,2020-09-13T02:18:00Z,Closed - Non-Criminal Case,44087.095833333333,NULL,N 16TH ST & R ST
20002802,ALCOHOL - DRUNK,2020-09-13T01:36:00Z,Closed - Non-Criminal Case,44087.066666666666,NULL,200 Centennial Mall N
20002801,ALCOHOL - DRUNK,2020-09-13T00:47:00Z,Closed - Non-Criminal Case,44087.032638888886,NULL,T ST & N 10TH ST
20002792,LARCENY - STOLEN BIKE,2020-09-12T16:10:00Z,Closed - Inactive,44086.645833333336,44086.673611111109,1248 R St
20002779,NARCOTICS - POSSESSION,2020-09-12T00:51:00Z,Closed - Non-Criminal Case,44086.035416666666,NULL,1220 N 14th St
20002778,NARCOTICS - POSSESSION,2020-09-11T23:20:00Z,Closed - Cleared by Arrest-Adult,44085.972222222219,NULL,N 14TH ST & VINE ST
20002775,ACCIDENTS - P.D. H&R NOT REPORTABLE,2020-09-11T22:56:00Z,Closed - Inactive,44083.826388888891,44085.909722222219,1801 R St
20002774,WEAPONS – OTHER,2020-09-11T19:02:00Z,Closed - Inactive,44085.790972222225,NULL,N 17TH ST & VINE ST
20002773,TRESPASSING,2020-09-11T18:14:00Z,Closed - Inactive,44084.759722222225,NULL,1430 Vine St
20002771,LARCENY - STOLEN BIKE,2020-09-11T15:26:00Z,Closed - Inactive,44084.770833333336,44085.5625,880 N 17th St
20002768,DISTURBANCE - OTHER,2020-09-11T09:36:00Z,Closed - Cleared by Arrest-Adult,44085.383333333331,44085.4,1300 Q St
20002767,TELEPHONE - OTHER,2020-09-11T09:19:00Z,Closed - Non-Criminal Case,44082.008333333331,44084.354166666664,530 N 17th St
20002765,LARCENY - FROM MOTOR VEHICLE,2020-09-11T05:20:00Z,Closed - Inactive,44085.138888888891,44085.142361111109,1220 N 14th St Parking Lot
20002763,TRESPASSING,2020-09-11T03:34:00Z,Closed - Inactive,44085.148611111108,NULL,733 N 17th St
20002750,LARCENY - FROM MOTOR VEHICLE,2020-09-10T09:03:00Z,Closed - Inactive,44083.875,44084.375,615 N 19TH ST
20002751,LARCENY - FROM MOTOR VEHICLE,2020-09-10T09:03:00Z,Closed - Inactive,44083.875,44084.375,615 N 19TH ST
20002744,ACCIDENTS - P.D. H&R NOT REPORTABLE,2020-09-09T17:03:00Z,Closed - Cleared by Arrest-Adult,44077.083333333336,44083.583333333336,1830 Vine St
20002742,VANDALISM - OTHER,2020-09-09T15:29:00Z,Closed - Inactive,44080.666666666664,44083.572916666664,880 N 17th St
20002739,LARCENY - STOLEN BIKE,2020-09-09T14:30:00Z,Closed - Inactive,44078.75,44083.583333333336,1055 N 16th St
20002741,SEX OFFENSE - OTHER,2020-09-09T13:00:00Z,Closed - Cleared by Arrest-Adult,44083.541666666664,NULL,300 N 17th St
20002733,LARCENY - STOLEN BIKE,2020-09-08T23:21:00Z,Closed - Inactive,44077.645833333336,44082.972916666666,433 N 19th St
20002754,DISTURBANCE - OTHER,2020-09-08T20:08:00Z,Closed - Inactive,44081.708333333336,44082.838888888888,716 N 16th St
20002726,LARCENY - MOTOR VEH. ACCESSORIES,2020-09-08T17:25:00Z,Closed - Inactive,44081.541666666664,44082.708333333336,1425 R St
20002724,OUTSIDE - O.P.S. OTHER,2020-09-08T16:53:00Z,Closed - Inactive,NULL,NULL,300 N 17th St
20002722,DISTURBANCE - OTHER,2020-09-08T13:41:00Z,Closed - Non-Criminal Case,44082.041666666664,44082.125,433 N 19th St
20002717,NARCOTICS - POSSESSION,2020-09-07T21:10:00Z,Closed - Cleared by Arrest-Adult,44081.881944444445,NULL,433 N 19th St
20002712,LARCENY - STOLEN BIKE,2020-09-07T13:28:00Z,Closed - Inactive,NULL,NULL,880 N 17th St
20002710,LARCENY - OTHER OR FROM OPEN AREA,2020-09-07T13:11:00Z,Closed - Inactive,44081.52847222222,44081.597916666666,900 N 16th St
20002709,LARCENY - STOLEN BIKE,2020-09-07T10:42:00Z,Closed - Inactive,44080.708333333336,44081.375,820 N 17th St
20002708,VANDALISM - OTHER,2020-09-07T08:40:00Z,Closed - Inactive,44078.541666666664,44081.361111111109,880 N 17th St
20002697,NARCOTICS - POSSESSION,2020-09-06T03:42:00Z,Closed - Cleared by Arrest-Adult,44080.154166666667,NULL,1220 N 14th St Parking Lot
20002696,ALCOHOL - USING FALSE I.D.,2020-09-06T02:43:00Z,Closed - Cleared by Arrest-Adult,44080.113194444442,NULL,N 16TH ST & VINE ST
20002694,ALCOHOL - DRUNK,2020-09-06T02:01:00Z,Closed - Non-Criminal Case,44080.084027777775,NULL,N 17TH ST & VINE ST
20002692,ACCIDENTS - P.D. H&R NOT REPORTABLE,2020-09-06T01:26:00Z,Closed - Inactive,44080.057638888888,NULL,2255 Vine St
20002690,LARCENY - STOLEN BIKE,2020-09-05T14:43:00Z,Closed - Inactive,44078.708333333336,44079.583333333336,433 N 19th St
20002689,LARCENY - STOLEN BIKE,2020-09-05T13:35:00Z,Closed - Inactive,44076.575694444444,44078.770833333336,2222 Vine St
20002688,LARCENY - STOLEN BIKE,2020-09-05T12:56:00Z,Closed - Inactive,44078.833333333336,44079.375,1130 N 14th St
20002687,VANDALISM - OTHER,2020-09-05T11:18:00Z,Closed - Inactive,44078.708333333336,44079.25,3100 N 112th St
20002685,SUSPICIOUS VEHICLE,2020-09-05T05:01:00Z,Closed - Non-Criminal Case,44079.209027777775,NULL,615 N 19th St
20002682,ALCOHOL - DRUNK,2020-09-05T02:27:00Z,Closed - Non-Criminal Case,44079.102083333331,NULL,N 8TH ST
20002680,ALCOHOL - DRUNK,2020-09-05T01:55:00Z,Closed - Non-Criminal Case,44079.079861111109,NULL,S ST & N 16TH ST
20002681,ALCOHOL - DRUNK,2020-09-05T01:38:00Z,Closed - Non-Criminal Case,44079.068055555559,NULL,N 16TH ST & W ST
20002676,DISTURBANCE - OTHER,2020-09-04T21:14:00Z,Closed - Non-Criminal Case,44078.884722222225,NULL,1801 R St
20002675,SEX OFFENSE - OTHER,2020-09-04T17:50:00Z,Closed - Inactive,44076.5,44076.506944444445,880 N 17th St
20002674,ACCIDENTS - P.D. H&R NOT REPORTABLE,2020-09-04T16:25:00Z,Closed - Inactive,44074.833333333336,44078.5,1801 R St
20002672,LARCENY - FROM MOTOR VEHICLE,2020-09-04T10:28:00Z,Closed - Inactive,44073.75,44078.083333333336,1220 N 14 ST
20002671,ACCIDENTS - P.D. H&R NOT REPORTABLE,2020-09-04T08:08:00Z,Closed - Inactive,NULL,NULL,300 N 17th St
20002669,TRAFFIC - SUSPENDED DRIVER,2020-09-04T03:01:00Z,Closed - Cleared by Arrest-Adult,44078.125694444447,NULL,N 16TH ST & S ST
20002665,SEX OFFENSE - OTHER,2020-09-03T21:01:00Z,Closed - Inactive,44076.979166666664,44077,880 N 17th St
20002668,SEX OFFENSE - OTHER,2020-09-03T21:01:00Z,Closed - Inactive,44077.854166666664,44077.861111111109,880 N 17th St
20002658,LARCENY - FROM MOTOR VEHICLE,2020-09-03T12:50:00Z,Closed - Inactive,44077.000694444447,44077.215277777781,1601 Court St
20002659,LARCENY - STOLEN BIKE,2020-09-03T11:41:00Z,Closed - Inactive,44077,44077.451388888891,733 N 17th St
20002657,LARCENY - FROM MOTOR VEHICLE,2020-09-03T09:06:00Z,Closed - Inactive,44077.000694444447,44077.215277777781,1220 N 14 St
20002655,LARCENY - FROM MOTOR VEHICLE,2020-09-03T08:25:00Z,Closed - Inactive,44077.125,44077.215277777781,1220 N 14 ST
20002649,NARCOTICS - POSSESSION,2020-09-02T21:36:00Z,Closed - Cleared by Arrest-Adult,44076.9,NULL,880 N 17th St
20002648,ACCIDENTS - P.D. H&R NOT REPORTABLE,2020-09-02T17:58:00Z,Closed - Inactive,44076.625,44076.743055555555,1120 N 14th St
20002647,LARCENY - STOLEN BIKE,2020-09-02T14:26:00Z,Closed - Inactive,44075.708333333336,44076.5,1055 N 16th St
20002639,SUSPICIOUS PERSON,2020-09-02T01:58:00Z,Closed - Non-Criminal Case,44076.081944444442,NULL,1220 N 14th Street
20002627,TRESPASSING,2020-09-01T10:58:00Z,Closed - Inactive,44074.833333333336,44075.447916666664,2255 Vine St
20002628,TRESPASSING,2020-09-01T10:58:00Z,Closed - Inactive,44074.833333333336,44075.447916666664,2255 Vine St
20002629,VANDALISM - OTHER,2020-09-01T10:58:00Z,Closed - Inactive,44074.833333333336,44075.447916666664,2255 Vine St
20002626,DISTURBANCE - OTHER,2020-09-01T10:30:00Z,Closed - Non-Criminal Case,44074.548611111109,44074.583333333336,NA
20002625,LARCENY - FROM BUILDING,2020-09-01T09:53:00Z,Closed - Inactive,44075.055555555555,NULL,1130 N 14th St
20002624,ALCOHOL - DRUNK,2020-09-01T02:31:00Z,Closed - Non-Criminal Case,44075.104861111111,NULL,1400 R St
20002621,VANDALISM - OTHER,2020-08-31T18:02:00Z,Closed - Inactive,44073.708333333336,44074.71875,2224 U St
20002620,LARCENY - STOLEN BIKE,2020-08-31T17:07:00Z,Closed - Inactive,44073.791666666664,44074.638888888891,1130 N 14th St
20002617,DISTURBANCE - OTHER,2020-08-31T16:19:00Z,Closed - Non-Criminal Case,44074.679861111108,NULL,4000 East Campus Loop S
20002615,FRAUD - CON GAMES/DECEPTION/FALSE    PRETENSE/OTHER,2020-08-31T15:37:00Z,Closed - Inactive,44074.583333333336,44074.650694444441,1055 N 16th St
20002611,OUTSIDE - O.P.S. OTHER,2020-08-31T12:30:00Z,Closed - Non-Criminal Case,44071.854166666664,44072.006249999999,NA
20002605,TELEPHONE - OTHER,2020-08-31T09:08:00Z,Closed - Inactive,44071.648611111108,NULL,733 N 17th St
20002602,ALCOHOL - MINOR IN POSSESSION,2020-08-31T01:27:00Z,Closed - Cleared by Arrest-Adult,44074.060416666667,NULL,1220 N 14th St
20002601,ACCIDENTS - P.D. H&R NOT REPORTABLE,2020-08-30T18:07:00Z,Closed - Inactive,44073.583333333336,44073.729166666664,615 N 19th St
20002600,LARCENY - FROM MOTOR VEHICLE,2020-08-30T17:46:00Z,Closed - Inactive,44056.625,44071.697916666664,1600 Court St
20002599,ACCIDENTS - P.D. H&R NOT REPORTABLE,2020-08-30T16:02:00Z,Closed - Cleared by Arrest-Adult,44073.668055555558,NULL,N 40TH ST & EAST CAMPUS LOOP
20002594,ALCOHOL - DWI,2020-08-30T01:16:00Z,Closed - Cleared by Arrest-Adult,44073.052777777775,NULL,STADIUM DR & T ST
20002593,TRAFFIC - SUSPENDED DRIVER,2020-08-30T01:00:00Z,Closed - Cleared by Arrest-Adult,44073.024305555555,NULL,N 17TH ST & R ST
20002588,SUSPICIOUS PERSON,2020-08-29T19:50:00Z,Closed - Inactive,44069.958333333336,44069.999305555553,1400 R St
20002590,LARCENY - STOLEN BIKE,2020-08-29T19:09:00Z,Closed - Inactive,44070.916666666664,44072.791666666664,1055 N 16th St
20002581,LARCENY - STOLEN BIKE,2020-08-29T13:20:00Z,Closed - Inactive,44067.895833333336,44072.333333333336,1130 N 14th St
20002573,TRESPASSING,2020-08-29T00:26:00Z,Closed - Non-Criminal Case,44072.018055555556,NULL,1055 N 16th St
20002572,DISTURBANCE - OTHER,2020-08-29T00:14:00Z,Closed - Inactive,44071.958333333336,44071.986111111109,1400 R St
20002554,LARCENY - STOLEN BIKE,2020-08-28T13:17:00Z,Closed - Inactive,44070.854166666664,44071.552083333336,880 N 17th St
20002553,DISTURBANCE - OTHER,2020-08-28T13:02:00Z,Closed - Inactive,44071.510416666664,44071.53125,451 N 12th St
20002546,ASSAULT - DOMESTIC,2020-08-28T03:12:00Z,Closed - Cleared by Arrest-Adult,44071.133333333331,NULL,1801 R St
20002542,NARCOTICS - POSSESSION,2020-08-28T00:42:00Z,Closed - Cleared by Arrest-Adult,44070.981249999997,NULL,N 19TH ST & S ST
20002524,VANDALISM - OTHER,2020-08-27T14:47:00Z,Closed - Non-Criminal Case,44070.0625,44070.541666666664,NA
20002522,DISTURBANCE - OTHER,2020-08-27T14:00:00Z,Closed - Inactive,43696.333333333336,44062.708333333336,1400 R St
20002511,ALCOHOL - MINOR IN POSSESSION,2020-08-27T02:03:00Z,Closed - Cleared by Arrest-Adult,44070.085416666669,NULL,N 12TH ST & Q ST
20002510,SEX OFFENSE - INDECENT EXPOSURE,2020-08-27T01:35:00Z,Closed - Cleared by Arrest-Adult,44070.065972222219,NULL,301 N 12th St
20002508,DISTURBANCE - OTHER,2020-08-26T22:05:00Z,Closed - Cleared by Arrest-Adult,44069.920138888891,NULL,1400 R St
20002504,LARCENY - FROM BUILDING,2020-08-26T18:03:00Z,Closed - Non-Criminal Case,44068.854166666664,44069.333333333336,1150 N 14th St
20002502,LARCENY - FROM BUILDING,2020-08-26T16:27:00Z,Closed - Inactive,44068.625,44069.302083333336,900 N 16th St
20002501,DISTURBANCE - OTHER,2020-08-26T14:15:00Z,Closed - Inactive,44069.59375,NULL,1400 R St
20002500,OUTSIDE - O.P.S. OTHER,2020-08-26T13:23:00Z,Closed - Non-Criminal Case,NULL,NULL,NA
20002498,VANDALISM - OTHER,2020-08-26T12:51:00Z,Closed - Inactive,44066.163888888892,NULL,730 N 14th St
20002497,OUTSIDE - O.P.S. OTHER,2020-08-26T12:01:00Z,Closed - Inactive,44069.481944444444,NULL,3255 Vine Street
20002491,LARCENY - STOLEN BIKE,2020-08-26T02:10:00Z,Closed - Cleared by Arrest-Adult,44069.090277777781,NULL,ANTELOPE VALLEY PARKWAY & Q ST
20002490,SEX OFFENSE - INDECENT EXPOSURE,2020-08-26T00:10:00Z,Closed - Cleared by Arrest-Adult,44069.993055555555,NULL,1300 R St
20002486,LARCENY - STOLEN BIKE,2020-08-25T20:03:00Z,Closed - Inactive,44063.583333333336,44068.833333333336,1055 N 16th St
20002481,LARCENY - STOLEN BIKE,2020-08-25T16:09:00Z,Closed - Inactive,44066.489583333336,44067.291666666664,1535 R St
20002480,LARCENY - STOLEN BIKE,2020-08-25T15:51:00Z,Closed - Inactive,44065.5,44068.625,1055 N 16th St
20002478,LARCENY - STOLEN BIKE,2020-08-25T14:51:00Z,Closed - Inactive,44065.5,44068.375,1055 N 16th St
20002473,LARCENY - STOLEN BIKE,2020-08-25T11:03:00Z,Closed - Non-Criminal Case,44068.375,44068.458333333336,600 N 15th St
20002471,TRAFFIC - SUSPENDED DRIVER,2020-08-25T09:37:00Z,Closed - Cleared by Arrest-Adult,44068.400694444441,NULL,33RD ST & VINE ST
20002469,"HAZARDS - NON-TRAFFIC (WIRES,TREES,ETC)",2020-08-25T07:51:00Z,Closed - Non-Criminal Case,44068.32708333333,NULL,1625 N 38th St
20002458,ALCOHOL - USING FALSE I.D.,2020-08-24T15:41:00Z,Closed - Cleared by Arrest-Adult,44067.65347222222,NULL,1248 R St
20002454,ACCIDENTS - P.D. H&R NOT REPORTABLE,2020-08-24T12:21:00Z,Closed - Inactive,44057.5,44061.333333333336,NA
20002453,SUSPICIOUS PERSON,2020-08-24T12:15:00Z,Closed - Non-Criminal Case,44067.489583333336,NULL,625 N 14th St
20002450,DISTURBANCE - OTHER,2020-08-24T11:17:00Z,Closed - Non-Criminal Case,44057,44057.999305555553,300 N 17th St
20002437,LARCENY - FROM BUILDING,2020-08-23T13:22:00Z,Closed - Inactive,44066.489583333336,44066.541666666664,530 N 17th St
20002436,LARCENY - STOLEN BIKE,2020-08-23T11:16:00Z,Closed - Inactive,44063.5,44066.4375,630 N 14th St
20002434,ALCOHOL - MINOR IN POSSESSION,2020-08-23T01:35:00Z,Closed - Non-Criminal Case,44066.065972222219,NULL,733 N 17th St
20002425,OUTSIDE - O.P.S. OTHER,2020-08-22T02:25:00Z,Closed - Non-Criminal Case,44065.100694444445,NULL,N ANTELOPE VALLEY PKWY & VINE ST
20002423,ALCOHOL - MINOR IN POSSESSION,2020-08-22T00:11:00Z,Closed - Non-Criminal Case,44065.007638888892,NULL,820 N 17th St
20002421,NARCOTICS - POSSESSION,2020-08-21T22:21:00Z,Closed - Cleared by Arrest-Adult,44064.931250000001,NULL,N 14TH ST & VINE ST
20002415,LARCENY - FROM MOTOR VEHICLE,2020-08-21T13:22:00Z,Closed - Inactive,44063.75,44064.552777777775,615 N 19th St
20002413,SUSPICIOUS PERSON,2020-08-21T12:05:00Z,Closed - Inactive,44064.487500000003,NULL,1300 Q St
20002411,NARCOTICS - POSSESSION,2020-08-21T05:21:00Z,Closed - Cleared by Arrest-Adult,44064.222916666666,NULL,1150 N 14th St
20002409,LARCENY - FROM MOTOR VEHICLE,2020-08-21T05:07:00Z,Closed - Inactive,44064.125,44064.208333333336,1875 N 42nd St
20002407,NARCOTICS - POSSESSION,2020-08-20T23:53:00Z,Closed - Cleared by Arrest-Adult,44063.995138888888,NULL,1000 N 16th St
20002401,VANDALISM - OTHER,2020-08-20T11:29:00Z,Closed - Inactive,44056.5,44063.395833333336,1300 Q St
20002394,NARCOTICS - POSSESSION,2020-08-19T23:37:00Z,Closed - Cleared by Arrest-Adult,44062.984027777777,NULL,880 N 17th St
20002393,DISTURBANCE - DOMESTIC,2020-08-19T23:24:00Z,Closed - Non-Criminal Case,44062.974999999999,NULL,3301 Starr St
20002380,ACCIDENTS - P.D. H&R NOT REPORTABLE,2020-08-19T13:06:00Z,Closed - Non-Criminal Case,44062.54583333333,44062.54583333333,1801 R St
20002376,SUSPICIOUS ITEM OR PACKAGE (NON-EXPLOSIVE),2020-08-19T06:15:00Z,Closed - Non-Criminal Case,44062.260416666664,NULL,1300 Q St
20002375,TRESPASSING,2020-08-19T03:33:00Z,Closed - Non-Criminal Case,44062.147916666669,NULL,N 19TH ST & S ST
20002374,ACCIDENTS - P.D. H&R NOT REPORTABLE,2020-08-18T18:23:00Z,Closed - Inactive,44059.833333333336,44061.541666666664,4000 East Campus Loop
20002370,LARCENY - STOLEN BIKE,2020-08-18T11:51:00Z,Closed - Inactive,44055.708333333336,44061.493750000001,1801 R St
20002369,SEX OFFENSE - RAPE,2020-08-18T11:08:00Z,Closed - Inactive,44060.885416666664,44061.015972222223,1055 N 16th St
20002368,SS - OTHER,2020-08-18T10:25:00Z,Closed - Non-Criminal Case,44057.333333333336,44061.434027777781,1130 N 14th St
20002365,LARCENY - STOLEN BIKE,2020-08-18T09:52:00Z,Closed - Cleared by Arrest-Adult,44059.708333333336,44061.333333333336,433 N 19th St
20002354,LARCENY - STOLEN BIKE,2020-08-17T18:10:00Z,Closed - Inactive,44059.708333333336,44060.75,1130 N 14th St
20002346,LARCENY - STOLEN BIKE,2020-08-17T12:02:00Z,Closed - Inactive,44059.666666666664,44060.333333333336,820 N 17th St
20002340,VANDALISM - OTHER,2020-08-17T07:33:00Z,Closed - Inactive,44060.150694444441,NULL,1220 N 14 St
20002341,VANDALISM - OTHER,2020-08-17T07:33:00Z,Closed - Inactive,44060.150694444441,NULL,1220 N 14 St
20002342,LARCENY - FROM MOTOR VEHICLE,2020-08-17T07:33:00Z,Closed - Inactive,44060.150694444441,NULL,1220 N 14 ST
20002343,VANDALISM - OTHER,2020-08-17T07:33:00Z,Closed - Inactive,44060.150694444441,NULL,1220 N 14 St
20002339,ACCIDENTS - P.D. H&R NOT REPORTABLE,2020-08-17T07:18:00Z,Closed - Cleared by Arrest-Adult,44058.416666666664,44058.958333333336,1780 R St
20002338,TRESPASSING,2020-08-17T04:21:00Z,Closed - Non-Criminal Case,44060.181250000001,NULL,733 N 17th St
20002337,ALCOHOL - MINOR IN POSSESSION,2020-08-16T22:33:00Z,Closed - Cleared by Arrest-Adult,44059.939583333333,NULL,880 N 17th St
20002326,ALCOHOL - DRUNK,2020-08-16T02:05:00Z,Closed - Non-Criminal Case,44059.086805555555,NULL,1400 R St
20002325,SEX OFFENSE - INDECENT EXPOSURE,2020-08-15T23:20:00Z,Closed - Inactive,44058.958333333336,NULL,N 12TH ST & R ST
20002321,FIRE - FALSE ALARM,2020-08-15T23:00:00Z,Closed - Inactive,44058.958333333336,NULL,1425 R St
20002313,VANDALISM - OTHER,2020-08-15T12:28:00Z,Closed - Inactive,44057.791666666664,44058.519444444442,2222 Vine St
20002308,LARCENY - OTHER OR FROM OPEN AREA,2020-08-14T13:51:00Z,Closed - Inactive,44056.666666666664,44057.375,630 N 14th St
20002304,ALCOHOL - MINOR IN POSSESSION,2020-08-14T00:39:00Z,Closed - Cleared by Arrest-Adult,44057.027083333334,NULL,1520 R St
20002291,LARCENY - FROM MOTOR VEHICLE,2020-08-12T23:22:00Z,Closed - Inactive,44055.875,44055.895833333336,N 16TH ST & R ST
20002289,LARCENY - OTHER OR FROM OPEN AREA,2020-08-12T15:27:00Z,Closed - Inactive,NULL,NULL,1915 N 38th St
20002279,VANDALISM - BY GRAFFITI,2020-08-11T14:01:00Z,Closed - Inactive,NULL,NULL,1111 N 14th St
20002276,ALCOHOL - DRUNK,2020-08-10T22:51:00Z,Closed - Non-Criminal Case,44053.95208333333,NULL,N 14TH ST & P ST
20002274,DISTURBANCE - OTHER,2020-08-10T20:08:00Z,Closed - Inactive,NULL,NULL,NA
20002271,DISTURBANCE - OTHER,2020-08-10T14:53:00Z,Closed - Inactive,44050.438888888886,NULL,1430 Vine St
20002269,FIRE (WORKING) - NO ALARM,2020-08-10T02:25:00Z,Closed - Non-Criminal Case,44053.100694444445,NULL,820 N 16th St
20002266,ALCOHOL - DRUNK,2020-08-09T18:06:00Z,Closed - Non-Criminal Case,44052.754166666666,NULL,O ST & N 14TH ST
20002258,ALCOHOL - DWI,2020-08-09T01:39:00Z,Closed - Cleared by Arrest-Adult,44052.068749999999,NULL,N 21ST ST & P ST
20002254,ASSAULT - NON DOMESTIC,2020-08-08T21:07:00Z,Closed - Cleared by Arrest-Juvenile,44051.879861111112,NULL,433 V St
20002250,DISTURBANCE - DOMESTIC,2020-08-08T14:44:00Z,Closed - Inactive,43770.333333333336,44051.5,1130 N 14th St
20002249,LARCENY - STOLEN BIKE,2020-08-08T10:11:00Z,Closed - Inactive,44050.833333333336,44051.375,600 N 15th St
20002243,LARCENY - MOTOR VEH. ACCESSORIES,2020-08-07T15:41:00Z,Closed - Inactive,44041.583333333336,44045.666666666664,615 N 19th St
20002236,TRESPASSING,2020-08-06T22:50:00Z,Closed - Cleared by Arrest-Adult,44049.951388888891,NULL,300 N 17th St
20002233,FIRE (WORKING) - NO ALARM,2020-08-06T19:12:00Z,Closed - Cleared by Arrest-Juvenile,44049.73541666667,44049.739583333336,STADIUM DR & T ST
20002222,TRAFFIC - SUSPENDED DRIVER,2020-08-06T01:12:00Z,Closed - Cleared by Arrest-Adult,44049.05,NULL,Q ST & N 10TH ST
20002220,TRESPASSING,2020-08-05T18:39:00Z,Closed - Non-Criminal Case,44048.770833333336,44048.774305555555,733 N 17th St
20002200,LARCENY - STOLEN BIKE,2020-08-04T08:25:00Z,Closed - Inactive,44042.430555555555,44043.284722222219,1111 Salt Creek Rdwy
20002207,OUTSIDE - O.P.S. OTHER,2020-08-03T23:43:00Z,Closed - Non-Criminal Case,NULL,NULL,NA
20002195,LARCENY - FROM MOTOR VEHICLE,2020-08-03T19:51:00Z,Closed - Inactive,44046.583333333336,44046.770833333336,1101 Salt Creek Roadway
20002189,LARCENY - OTHER OR FROM OPEN AREA,2020-08-03T09:31:00Z,Closed - Cleared by Arrest-Adult,44046.396527777775,NULL,1209 R St
20002180,ALCOHOL - DWI,2020-08-02T01:07:00Z,Closed - Cleared by Arrest-Adult,44045.046527777777,NULL,200 Centennial Mall N
20002178,ALCOHOL - MINOR IN POSSESSION,2020-08-01T03:47:00Z,Closed - Non-Criminal Case,44044.157638888886,NULL,N 17TH ST & P ST
20002177,ALCOHOL - DWI,2020-08-01T02:13:00Z,Closed - Cleared by Arrest-Adult,44044.092361111114,NULL,N 17TH ST & Q ST
20002176,ALCOHOL - DRUNK,2020-08-01T01:54:00Z,Closed - Non-Criminal Case,44044.07916666667,NULL,S ST & N 16TH ST
20002168,SEX OFFENSE - OTHER,2020-07-31T08:31:00Z,Closed - Inactive,40909,42369,3310 Holdrege St
20002160,LARCENY - FROM MOTOR VEHICLE,2020-07-30T11:38:00Z,Closed - Inactive,44029.708333333336,44041.333333333336,2000 N 34th St
20002157,DISTURBANCE - OTHER,2020-07-30T10:17:00Z,Closed - Inactive,44042.428472222222,NULL,1400 R St
20002154,LARCENY - FROM BUILDING,2020-07-29T17:01:00Z,Closed - Non-Criminal Case,44031.625,44038.333333333336,440 N 17th St
20002148,ALCOHOL - DWI,2020-07-29T02:57:00Z,Closed - Cleared by Arrest-Adult,44041.122916666667,NULL,933 N 16th St
20002141,TRESPASSING,2020-07-27T19:47:00Z,Closed - Inactive,44039.824305555558,NULL,1801 R St
20002134,FIRE (WORKING) - ALARM,2020-07-26T11:53:00Z,Closed - Non-Criminal Case,44038.495138888888,NULL,639 N 12th St
20002133,ALCOHOL - DWI,2020-07-26T02:13:00Z,Closed - Cleared by Arrest-Adult,44038.092361111114,NULL,N 17TH ST & R ST
20002128,ALCOHOL - DRUNK,2020-07-25T02:33:00Z,Closed - Non-Criminal Case,44037.106249999997,44037.132638888892,P ST & N 14TH ST
20002127,ALCOHOL - DRUNK,2020-07-25T02:10:00Z,Closed - Non-Criminal Case,44037.090277777781,NULL,1644 P St.
20002126,DISTURBANCE - OTHER,2020-07-24T21:00:00Z,Closed - Inactive,44036.875,NULL,1433 W St
20002123,DEATH - UNK CAUSE,2020-07-24T15:03:00Z,Closed - Non-Criminal Case,44036,44036.627083333333,715 N 16th St
20002117,TRESPASSING,2020-07-24T00:04:00Z,Closed - Cleared by Arrest-Adult,44036.00277777778,NULL,1400 R St
20002090,ALCOHOL - DRUNK,2020-07-21T22:30:00Z,Closed - Non-Criminal Case,44033.9375,NULL,N 12TH ST & P ST
20002099,DISTURBANCE - OTHER,2020-07-21T19:25:00Z,Closed - Inactive,44033.541666666664,44033.604166666664,300 N 17th St
20002083,FIRE - FALSE ALARM,2020-07-21T08:28:00Z,Closed - Non-Criminal Case,44033.351388888892,NULL,733 N 17th St
20002081,VANDALISM - OTHER,2020-07-21T07:26:00Z,Closed - Cleared by Arrest-Adult,44032.6875,44033.239583333336,1625 N 38th St
20002079,TRAFFIC - SUSPENDED DRIVER,2020-07-21T01:08:00Z,Closed - Cleared by Arrest-Adult,44033.047222222223,NULL,ANTELOPE VALLEY PARKWAY & MILITARY RD
20002072,VANDALISM - OTHER,2020-07-20T14:01:00Z,Closed - Inactive,44030.4375,44032.5625,1801 R St
20002057,DISTURBANCE - DOMESTIC,2020-07-19T02:39:00Z,Closed - Non-Criminal Case,43586,44031.11041666667,N 17TH ST & Q ST
20002050,ALCOHOL - DRUNK,2020-07-18T02:31:00Z,Closed - Non-Criminal Case,44030.104861111111,NULL,300 N 17th St
20002049,ALCOHOL - DRUNK,2020-07-18T01:51:00Z,Closed - Non-Criminal Case,44030.07708333333,NULL,N 16TH ST & Q ST
20002042,ACCIDENTS - P.D. H&R NOT REPORTABLE,2020-07-17T10:52:00Z,Closed - Inactive,44028.541666666664,44028.645833333336,4000 East Campus Loop S
20002029,TELEPHONE - THREATENING CALLS,2020-07-15T15:35:00Z,Closed - Inactive,44027.630555555559,44027.631944444445,1400 R St
20002028,TELEPHONE - OTHER,2020-07-15T08:00:00Z,Closed - Inactive,44026.808333333334,44027.472916666666,300 N 17th St
20002023,FRAUD - CREDIT CARDS/ATM/BANK CARD,2020-07-14T18:22:00Z,Closed - Non-Criminal Case,44025.730555555558,44026.765277777777,300 N 17th St
20002014,DISTURBANCE - OTHER,2020-07-14T09:13:00Z,Closed - Non-Criminal Case,44026.367361111108,44026.368750000001,900 N 16th St
20002008,OUTSIDE - O.P.S. OTHER,2020-07-13T09:46:00Z,Closed - Non-Criminal Case,44015.708333333336,44016.28125,NA
20002002,TELEPHONE - OTHER,2020-07-12T02:46:00Z,Closed - Non-Criminal Case,44024.115277777775,NULL,900 N 16th St
20002001,ALCOHOL - DWI,2020-07-12T01:08:00Z,Closed - Cleared by Arrest-Adult,44024.047222222223,NULL,N 18TH ST & R ST
20001996,OUTSIDE - O.P.S. OTHER,2020-07-11T02:52:00Z,Closed - Non-Criminal Case,44023.119444444441,NULL,N 14TH ST & O ST
20001983,ALCOHOL - MINOR IN POSSESSION,2020-07-10T01:36:00Z,Closed - Cleared by Arrest-Adult,44022.066666666666,NULL,N 17TH ST & R ST
20001977,OUTSIDE - O.P.S. OTHER,2020-07-09T12:54:00Z,Closed - Non-Criminal Case,44019.551388888889,NULL,300 North 17th
20001967,ALCOHOL - MINOR IN POSSESSION,2020-07-08T03:19:00Z,Closed - Non-Criminal Case,44020.138194444444,NULL,1780 R St
20001965,LITTERING,2020-07-08T00:41:00Z,Closed - Cleared by Arrest-Adult,44020.02847222222,NULL,1720 N 17th Street.
20001956,ALCOHOL - DWI,2020-07-07T02:37:00Z,Closed - Cleared by Arrest-Adult,44019.109027777777,NULL,240 N 17th St
20001955,DISTURBANCE - OTHER,2020-07-06T14:01:00Z,Closed - Inactive,43912.815972222219,44018.583333333336,300 N 17th St
20001945,VANDALISM - OTHER,2020-07-06T06:26:00Z,Closed - Inactive,44014.583333333336,44018.25,1104 R St
20001940,ALCOHOL - DWI,2020-07-04T01:53:00Z,Closed - Cleared by Arrest-Adult,44016.078472222223,NULL,200 Centennial Mall N
20001953,OUTSIDE - O.P.S. OTHER,2020-07-03T14:17:00Z,Closed - Non-Criminal Case,43435.041666666664,43485.5,NA
20001933,ALCOHOL - DRUNK,2020-07-03T02:26:00Z,Closed - Non-Criminal Case,44015.101388888892,NULL,200 Centennial Mall N
20001914,NARCOTICS - POSSESSION,2020-06-30T16:27:00Z,Closed - Cleared by Arrest-Adult,44012.685416666667,NULL,Y ST & N 17TH ST
20001908,NARCOTICS - POSSESSION,2020-06-29T23:36:00Z,Closed - Cleared by Arrest-Adult,44011.98333333333,NULL,N 14TH ST & P ST
20001902,OUTSIDE - O.P.S. OTHER,2020-06-29T13:34:00Z,Closed - Non-Criminal Case,NULL,NULL,300 N 17th St
20001901,FIRE (WORKING) - NO ALARM,2020-06-29T12:39:00Z,Closed - Non-Criminal Case,44011.527083333334,NULL,3605 Fair St
20001897,VANDALISM - OTHER,2020-06-29T07:06:00Z,Closed - Inactive,44009.583333333336,44011.29583333333,1100 T St
20001894,ASSAULT - OF POLICE OFFICER,2020-06-28T02:37:00Z,Closed - Cleared by Arrest-Adult,44010.109027777777,NULL,1644 P Street
20001893,ALCOHOL - DRUNK,2020-06-28T01:32:00Z,Closed - Non-Criminal Case,44010.063888888886,NULL,N 18TH ST & R ST
20001890,OUTSIDE - O.P.S. OTHER,2020-06-27T20:02:00Z,Closed - Non-Criminal Case,43936.847222222219,44008.75,507 Chateau Drive
20001887,ALCOHOL - DRUNK,2020-06-27T03:20:00Z,Closed - Non-Criminal Case,44009.138888888891,NULL,P ST & N ANTELOPE VALLEY PKWY
20001886,ALCOHOL - DRUNK,2020-06-27T02:04:00Z,Closed - Non-Criminal Case,44009.086111111108,NULL,N 16TH ST & S ST
20001885,ALCOHOL - DRUNK,2020-06-26T23:56:00Z,Closed - Non-Criminal Case,44008.99722222222,NULL,1220 N 14th St.
20001884,OUTSIDE - O.P.S. OTHER,2020-06-26T16:00:00Z,Closed - Non-Criminal Case,44005.541666666664,NULL,520 Surfside Dr.
20001879,TRAFFIC - OTHER,2020-06-25T23:45:00Z,Closed - Cleared by Arrest-Adult,44007.947916666664,NULL,Y ST & N 19TH ST
20001876,VANDALISM - OTHER,2020-06-25T16:17:00Z,Closed - Inactive,44006.666666666664,44007.678472222222,2244 Vine St
20001864,OUTSIDE - O.P.S. OTHER,2020-06-23T13:20:00Z,Closed - Non-Criminal Case,44004.564583333333,44005.555555555555,844 Rd 313
20001858,VANDALISM - OTHER,2020-06-23T09:05:00Z,Closed - Inactive,NULL,NULL,300 N 17th St
20001845,TRAFFIC - OTHER,2020-06-23T00:45:00Z,Closed - Cleared by Arrest-Adult,44005.03125,NULL,EAST CAMPUS LOOP & N 40TH ST
20001851,DISTURBANCE - OTHER,2020-06-22T22:05:00Z,Closed - Non-Criminal Case,44003.45208333333,NULL,2222 Vine St
20001844,ALCOHOL - DWI,2020-06-21T01:27:00Z,Closed - Cleared by Arrest-Adult,44003.060416666667,NULL,N 17TH ST & P ST
20001836,ALCOHOL - DRUNK,2020-06-19T23:56:00Z,Closed - Non-Criminal Case,44001.99722222222,NULL,N 18TH ST & P ST
20001837,NARCOTICS - POSSESSION,2020-06-19T22:03:00Z,Closed - Cleared by Arrest-Adult,44001.918749999997,NULL,N 17TH ST & Y ST
20001814,NARCOTICS - POSSESSION,2020-06-17T21:48:00Z,Closed - Cleared by Arrest-Adult,43999.908333333333,NULL,433 N 19th St
20001810,ACCIDENTS - P.D. H&R NOT REPORTABLE,2020-06-17T15:21:00Z,Closed - Inactive,43998.354166666664,43999.63958333333,300 N 17th St
20001821,DISTURBANCE - OTHER,2020-06-17T12:55:00Z,Closed - Inactive,43986.669444444444,43999.538194444445,1144 T St
20001807,DISTURBANCE - OTHER,2020-06-17T12:00:00Z,Closed - Non-Criminal Case,43999.336805555555,NULL,625 Stadium Dr
20001802,ALCOHOL - DRUNK,2020-06-16T23:02:00Z,Closed - Non-Criminal Case,43998.959722222222,NULL,1100 T St
20001801,NARCOTICS - POSSESSION,2020-06-16T15:32:00Z,Closed - Cleared by Arrest-Adult,43998.647222222222,NULL,HUNTINGTON AVE & N 38TH ST
20001793,NARCOTICS - POSSESSION,2020-06-15T14:28:00Z,Closed - Cleared by Arrest-Adult,43997.602777777778,NULL,N 17TH ST & Y ST
20001780,ALCOHOL - DWI,2020-06-13T02:01:00Z,Closed - Cleared by Arrest-Adult,43995.084027777775,NULL,R ST & N 12TH ST
20001775,FRAUD - CON GAMES/DECEPTION/FALSE    PRETENSE/OTHER,2020-06-12T13:11:00Z,Closed - Inactive,43994.549305555556,NULL,2224 U St
20001773,FRAUD - CON GAMES/DECEPTION/FALSE    PRETENSE/OTHER,2020-06-12T11:11:00Z,Closed - Inactive,43993.486111111109,43993.895833333336,235 S11th St
20001770,ACCIDENTS - P.D. H&R NOT REPORTABLE,2020-06-12T08:10:00Z,Closed - Inactive,43990.375,43990.791666666664,3420 Holdrege St
20001768,TRAFFIC - SUSPENDED DRIVER,2020-06-11T22:22:00Z,Closed - Cleared by Arrest-Adult,43993.931944444441,NULL,ANTELOPE VALLEY PARKWAY & VINE ST
20001749,ASSAULT - DOMESTIC,2020-06-10T19:39:00Z,Closed - Cleared by Arrest-Adult,43992.777777777781,NULL,733 N 17th St
20001712,TRESPASSING,2020-06-05T17:03:00Z,Closed - Inactive,43987.666666666664,43987.708333333336,3248 Starr St
20001703,LARCENY - STOLEN BIKE,2020-06-05T10:20:00Z,Closed - Inactive,43952.416666666664,43959.423611111109,1104 R St
20001700,ALCOHOL - DRUNK,2020-06-05T01:19:00Z,Closed - Non-Criminal Case,43987.054861111108,NULL,N 17TH ST & P ST
20001689,VANDALISM - BY GRAFFITI,2020-06-04T09:25:00Z,Closed - Inactive,43985.666666666664,43986.375,3342 Starr St
20001666,FRAUD - CREDIT CARDS/ATM/BANK CARD,2020-06-02T10:35:00Z,Closed - Inactive,43973.708333333336,43982.708333333336,NA
20001660,VANDALISM - OTHER,2020-06-01T13:01:00Z,Closed - Inactive,43978.833333333336,43980.416666666664,1801 R St
20001648,VANDALISM - OTHER,2020-05-31T18:43:00Z,Closed - Non-Criminal Case,43980.708333333336,43982.666666666664,1520 R St
20001646,VANDALISM - OTHER,2020-05-31T11:36:00Z,Closed - Inactive,NULL,NULL,200 Centennial Mall N
20001644,ALCOHOL - DRUNK,2020-05-30T03:10:00Z,Closed - Non-Criminal Case,43981.131944444445,43981.22152777778,110 Q Street
20001640,ALCOHOL - DRUNK,2020-05-30T02:10:00Z,Closed - Non-Criminal Case,43981.090277777781,43981.090277777781,Q ST & N 17TH ST
20001639,TRAFFIC - OTHER,2020-05-30T00:13:00Z,Closed - Inactive,43981.009027777778,NULL,ANTELOPE VALLEY PARKWAY & SAUNDERS AVE
20001631,NARCOTICS - OTHER,2020-05-29T09:23:00Z,Closed - Inactive,43965.333333333336,43979.916666666664,640 N 16th St
20001626,FRAUD - CREDIT CARDS/ATM/BANK CARD,2020-05-28T21:54:00Z,Closed - Inactive,43979.611111111109,43979.895833333336,440 N 17th St
20001622,VANDALISM - BY GRAFFITI,2020-05-28T14:54:00Z,Closed - Inactive,43972.5,43979.375,433 V St
20001618,VANDALISM - OTHER,2020-05-28T03:30:00Z,Closed - Inactive,43978.875,43979.145833333336,2255 Vine St
20001620,VANDALISM - OTHER,2020-05-28T03:30:00Z,Closed - Inactive,43978.875,43979.145833333336,2255 Vine St
20001613,FRAUD - CON GAMES/DECEPTION/FALSE    PRETENSE/OTHER,2020-05-27T12:03:00Z,Closed - Inactive,43969,43972,300 N 17th St
20001612,OUTSIDE CRIME - REPORTS OUTSIDE JURISDICTION,2020-05-27T09:23:00Z,Closed - Non-Criminal Case,43966.916666666664,43967.333333333336,NA
20001606,DISTURBANCE - OTHER,2020-05-27T08:00:00Z,Closed - Non-Criminal Case,43978.291666666664,NULL,300 N 17th St
20001605,ALCOHOL - DWI,2020-05-26T22:00:00Z,Closed - Cleared by Arrest-Adult,43977.916666666664,NULL,1931 N Antelope Valley Pky
20001598,TRESPASSING,2020-05-25T20:05:00Z,Closed - Inactive,43976.836805555555,NULL,3248 Starr St
20001597,FRAUD - CHECKS INSUF/NO ACC/NOT FORGED,2020-05-25T17:46:00Z,Closed - Inactive,43976.740277777775,43976.740277777775,300 N 17th St
20001594,VANDALISM - OTHER,2020-05-24T19:03:00Z,Closed - Inactive,43973.708333333336,43975.784722222219,1100 N 17th St
20001585,DISTURBANCE - OTHER,2020-05-23T01:11:00Z,Closed - Cleared by Arrest-Adult,43974.049305555556,NULL,1630 P Street
20001584,FIRE - FALSE ALARM,2020-05-22T20:22:00Z,Closed - Non-Criminal Case,43973.799305555556,NULL,503 N 14th St
20001580,ALCOHOL - DRUNK,2020-05-22T12:14:00Z,Closed - Non-Criminal Case,43973.509722222225,NULL,1931 N Antelope Valley Pky
20001573,OUTSIDE - O.P.S. OTHER,2020-05-21T19:12:00Z,Closed - Non-Criminal Case,43972.800000000003,NULL,2520 Y Street
20001559,FIRE - FALSE ALARM,2020-05-21T08:13:00Z,Closed - Non-Criminal Case,43972.3125,43972.333333333336,1780 R St
20001555,NARCOTICS - POSSESSION,2020-05-20T17:40:00Z,Closed - Cleared by Arrest-Adult,43971.706944444442,43971.706944444442,N 16TH ST & VINE ST
20001543,NARCOTICS - POSSESSION,2020-05-19T23:13:00Z,Closed - Cleared by Arrest-Adult,43970.967361111114,NULL,N 17TH ST & Y ST
20001552,SUSPICIOUS PERSON,2020-05-19T09:59:00Z,Closed - Non-Criminal Case,43967.655555555553,43967.682638888888,300 N 17th St
20001534,WEAPONS - CONCEALED,2020-05-18T23:15:00Z,Closed - Cleared by Arrest-Adult,43969.96875,NULL,1801 R St
20001533,LARCENY - STOLEN BIKE,2020-05-18T22:30:00Z,Closed - Cleared by Arrest-Adult,43969.932638888888,43969.934027777781,1104 R St
20001529,VANDALISM - BY GRAFFITI,2020-05-18T12:26:00Z,Closed - Inactive,NULL,NULL,1220 T St
20001522,TRESPASSING,2020-05-17T21:43:00Z,Closed - Non-Criminal Case,43968.904861111114,NULL,300 N 17th St
20001519,ALCOHOL - OPEN CONTAINER,2020-05-16T23:26:00Z,Closed - Cleared by Arrest-Adult,43967.976388888892,NULL,N 16TH ST & COURT ST
20001507,VANDALISM - OTHER,2020-05-14T18:40:00Z,Closed - Cleared by Arrest-Adult,NULL,NULL,1111 N 14th St
20001501,LARCENY - OTHER OR FROM OPEN AREA,2020-05-14T08:44:00Z,Closed - Inactive,43962.666666666664,43964.333333333336,1248 R St
20001497,TRESPASSING,2020-05-13T14:23:00Z,Closed - Inactive,43964.599305555559,43964.599305555559,1801 R St
LE19005,DISTURBANCE - DOMESTIC,2020-05-12T11:04:00Z,NA - Clery Report Only,43520.5,NULL,Non-campus Property
LE19004,DISTURBANCE - DOMESTIC,2020-05-12T10:56:00Z,NA - Clery Report Only,43533.5,NULL,Non-campus Property
20001488,VANDALISM - BY GRAFFITI,2020-05-12T07:50:00Z,Closed - Inactive,NULL,NULL,1700 Y St
20001482,TRAFFIC - SUSPENDED DRIVER,2020-05-11T00:00:00Z,Closed - Cleared by Arrest-Adult,43962,NULL,N 17TH ST & N ANTELOPE VALLEY PKWY
20001476,LARCENY - OTHER OR FROM OPEN AREA,2020-05-09T08:36:00Z,Closed - Inactive,43959.270833333336,NULL,2105 N 38th St
20001458,VANDALISM - OTHER,2020-05-05T15:44:00Z,Closed - Inactive,43956.4375,43956.655555555553,1360 Vine St
20001452,OUTSIDE - O.P.S. OTHER,2020-05-05T11:53:00Z,Closed - Non-Criminal Case,43955.635416666664,43956,NA
20001460,DISTURBANCE - OTHER,2020-05-05T11:30:00Z,Closed - Non-Criminal Case,43956.458333333336,NULL,300 N 17th St
20001450,TRAFFIC - SUSPENDED DRIVER,2020-05-04T22:09:00Z,Closed - Cleared by Arrest-Adult,43955.92291666667,NULL,N 10TH ST & T ST
20001439,NARCOTICS - POSSESSION,2020-05-04T00:01:00Z,Closed - Cleared by Arrest-Adult,43955.000694444447,NULL,1880 Transformation Dr
20001433,ALCOHOL - DRUNK,2020-05-01T21:41:00Z,Closed - Non-Criminal Case,43952.90347222222,NULL,1780 R St
20001424,LARCENY - STOLEN BIKE,2020-04-30T20:38:00Z,Closed - Inactive,43948.666666666664,43951.75,440 N 17th St
20001413,VANDALISM - OTHER,2020-04-29T08:52:00Z,Closed - Inactive,43927.708333333336,43950.369444444441,2320 N 43 St
20001414,OUTSIDE - O.P.S. OTHER,2020-04-29T07:41:00Z,Closed - Non-Criminal Case,43945.277083333334,43950.320138888892,300 N 17th St
20001409,ALCOHOL - MINOR IN POSSESSION,2020-04-28T02:39:00Z,Closed - Cleared by Arrest-Adult,43949.11041666667,NULL,440 N 17th St
20001406,FIRE (WORKING) - ALARM,2020-04-27T14:16:00Z,Closed - Non-Criminal Case,43948.594444444447,NULL,402 Stadium Dr
OS20003,SEX OFFENSE - MOLEST/FONDLING,2020-04-27T10:43:00Z,NA - Clery Report Only,43709.5,43799.5,On Campus
20001401,FRAUD - CON GAMES/DECEPTION/FALSE    PRETENSE/OTHER,2020-04-26T18:07:00Z,Closed - Inactive,43947.710416666669,NULL,440 N 17th St
20001396,VANDALISM - OTHER,2020-04-25T08:58:00Z,Closed - Non-Criminal Case,43945.854166666664,43946.208333333336,615 N 19th St
20001381,VANDALISM - BY GRAFFITI,2020-04-23T08:33:00Z,Closed - Inactive,43943.375,43943.541666666664,625 N 14th St
20001375,TRAFFIC - SUSPENDED DRIVER,2020-04-21T23:30:00Z,Closed - Cleared by Arrest-Adult,43942.979166666664,NULL,N 27TH ST & Y ST
20001372,OUTSIDE - O.P.S. OTHER,2020-04-21T15:16:00Z,Closed - Non-Criminal Case,43942.636111111111,NULL,N 27TH ST & FAIR ST
20001367,VANDALISM - OTHER,2020-04-21T09:25:00Z,Closed - Inactive,43941.333333333336,43942.333333333336,733 N 17th St
20001365,OUTSIDE - O.P.S. OTHER,2020-04-21T01:30:00Z,Closed - Non-Criminal Case,43942.0625,NULL,3835 Holdrege St
20001364,DISTURBANCE - DOMESTIC,2020-04-20T22:40:00Z,Closed - Non-Criminal Case,43941.944444444445,NULL,3345 Starr St
20001353,SUSPICIOUS PERSON,2020-04-18T17:22:00Z,Closed - Non-Criminal Case,43939.699305555558,NULL,1400 R St
20001338,LARCENY - STOLEN BIKE,2020-04-15T13:52:00Z,Closed - Inactive,43928,43936.572916666664,433 N 19th St
20001334,FRAUD - CON GAMES/DECEPTION/FALSE    PRETENSE/OTHER,2020-04-15T10:59:00Z,Closed - Inactive,43934.5,43936.457638888889,300 N 17th St
20001328,ACCIDENTS - P.D. H&R NOT REPORTABLE,2020-04-14T15:00:00Z,Closed - Inactive,43935.458333333336,43935.625,1144 T St
20001317,SUSPICIOUS PERSON,2020-04-14T02:05:00Z,Closed - Non-Criminal Case,43935.086805555555,NULL,1055 N 16th St
20001305,DISTURBANCE - OTHER,2020-04-13T00:20:00Z,Closed - Non-Criminal Case,43934.013888888891,NULL,440 N 17th St
20001303,ALCOHOL - DRUNK,2020-04-12T21:25:00Z,Closed - Non-Criminal Case,43933.892361111109,NULL,N 16TH ST & VINE ST
20001255,LARCENY - STOLEN BIKE,2020-04-07T12:59:00Z,Closed - Inactive,43909.583333333336,43924.708333333336,2021 Transformation Dr
20001246,ALCOHOL - DWI,2020-04-06T21:52:00Z,Closed - Cleared by Arrest-Adult,43927.911111111112,NULL,N 17TH ST & Q ST
20001234,ALCOHOL - UNL POLICY VIOLATION,2020-04-05T04:25:00Z,Closed - Non-Criminal Case,43926.184027777781,NULL,1780 R St
20001231,SEX OFFENSE - RAPE,2020-04-04T20:15:00Z,Closed - Inactive,43568.9375,NULL,1780 R St
20001198,TRESPASSING,2020-03-31T10:56:00Z,Closed - Non-Criminal Case,43921.455555555556,NULL,8301 Havelock Ave
20001197,LARCENY - FROM MOTOR VEHICLE,2020-03-31T09:43:00Z,Closed - Inactive,43918.833333333336,43920.708333333336,2244 Vine St
20001182,VANDALISM - OTHER,2020-03-30T11:42:00Z,Closed - Inactive,43917.645833333336,43920.291666666664,2100 Vine St.
20001152,TRESPASSING,2020-03-26T22:19:00Z,Closed - Cleared by Arrest-Adult,43916.929861111108,NULL,1130 N 14th St
20001151,DISTURBANCE - OTHER,2020-03-26T17:29:00Z,Closed - Inactive,43915.625,NULL,660 N 12th St
20001146,LARCENY - STOLEN BIKE,2020-03-26T14:25:00Z,Closed - Inactive,43902.416666666664,43916.59375,1600 Court St
OS20002,STALKING,2020-03-26T11:17:00Z,NA - Clery Report Only,43855.5,43878.5,On-campus Student Housing
LE19003,BURGLARY,2020-03-26T11:09:00Z,NA - Clery Report Only,43490.5,43491.5,Non-campus Property
20001142,DISTURBANCE - OTHER,2020-03-26T05:56:00Z,Closed - Inactive,43916.24722222222,NULL,1780 R St
LE19002,AUTO THEFT,2020-03-24T09:44:00Z,NA - Clery Report Only,43466.5,43830.5,Non-campus property
20001116,ACCIDENTS - P.D. H&R NOT REPORTABLE,2020-03-24T09:32:00Z,Closed - Inactive,NULL,NULL,1321 Military Rd
20001114,TRESPASSING,2020-03-23T22:54:00Z,Closed - Non-Criminal Case,43913.95416666667,NULL,730 N 14th St
20001108,LARCENY - OTHER OR FROM OPEN AREA,2020-03-23T12:30:00Z,Closed - Inactive,43912.429166666669,43913.520833333336,635 N 16th St
20001100,TRESPASSING,2020-03-22T04:14:00Z,Closed - Non-Criminal Case,43912.176388888889,NULL,300 N 17th St
20001093,NARCOTICS - POSSESSION,2020-03-21T00:31:00Z,Closed - Cleared by Arrest-Adult,43911.021527777775,NULL,1150 N 14th St
20001078,ACCIDENTS - P.D. H&R NOT REPORTABLE,2020-03-20T08:57:00Z,Closed - Inactive,43909.291666666664,43909.375,3520 East Campus Loop N
20001053,LARCENY - STOLEN BIKE,2020-03-19T13:30:00Z,Closed - Inactive,43908.791666666664,43909.541666666664,600 N 15th St
20001048,OUTSIDE - O.P.S. OTHER,2020-03-19T09:57:00Z,Closed - Inactive,43909.414583333331,NULL,300 N 17th St
20001046,BURGLARY,2020-03-19T08:44:00Z,Closed - Inactive,43907.635416666664,43909.363888888889,3342 Starr St
20001031,LARCENY - FROM MOTOR VEHICLE,2020-03-18T12:02:00Z,Closed - Inactive,43907.666666666664,43908.501388888886,1150 N 14th St
20001030,LARCENY - FROM BUILDING,2020-03-18T10:41:00Z,Closed - Inactive,43902.708333333336,43906.416666666664,900 N 16th St
20001028,VANDALISM - OTHER,2020-03-18T07:57:00Z,Closed - Inactive,43907.520833333336,43908.326388888891,1601 Court Street
20001018,DISTURBANCE - DOMESTIC,2020-03-17T13:01:00Z,Closed - Non-Criminal Case,43907.520833333336,43907.541666666664,1360 Vine St
20001015,TRESPASSING,2020-03-17T00:10:00Z,Closed - Non-Criminal Case,43907.006944444445,NULL,433 N 19th St
20001014,NARCOTICS - POSSESSION,2020-03-16T21:33:00Z,Closed - Cleared by Arrest-Adult,43906.897916666669,NULL,1300 Q St
20001012,LARCENY - OTHER OR FROM OPEN AREA,2020-03-16T19:05:00Z,Closed - Inactive,43898.791666666664,43901.6875,NA
20001001,ALCOHOL - MINOR IN POSSESSION,2020-03-16T03:30:00Z,Closed - Non-Criminal Case,43906.145833333336,NULL,880 N 17th St
20000995,FRAUD - CREDIT CARDS/ATM/BANK CARD,2020-03-15T18:03:00Z,Closed - Inactive,43900.510416666664,NULL,300 N 17th St
20000994,ACCIDENTS - P.D. H&R NOT REPORTABLE,2020-03-15T15:45:00Z,Closed - Inactive,43904.75,43905.625,1220 N 14th St
20000990,OUTSIDE - O.P.S. OTHER,2020-03-15T01:32:00Z,Closed - Non-Criminal Case,43905.063888888886,NULL,N 14TH ST & O ST
20000977,ALCOHOL - UNL POLICY VIOLATION,2020-03-14T17:23:00Z,Closed - Non-Criminal Case,43904.724305555559,NULL,1055 N 16th St
20000969,ALCOHOL - MINOR IN POSSESSION,2020-03-14T00:19:00Z,Closed - Cleared by Arrest-Adult,43904.013194444444,NULL,880 N 17th St
20000961,SEX OFFENSE - OTHER,2020-03-13T09:37:00Z,Closed - Inactive,NULL,NULL,NA
20000952,ALCOHOL - MINOR IN POSSESSION,2020-03-13T00:28:00Z,Closed - Non-Criminal Case,43903.019444444442,NULL,845 N 14th St
20000947,ALCOHOL - UNL POLICY VIOLATION,2020-03-12T17:51:00Z,Closed - Inactive,43902.743750000001,NULL,820 N 17th St
20000943,ANIMAL - DOG BITE TO PERSON,2020-03-12T11:34:00Z,Closed - Inactive,43901.555555555555,NULL,820 N 17th St
20000938,OUTSIDE - O.P.S. OTHER,2020-03-12T02:14:00Z,Closed - Non-Criminal Case,43902.093055555553,NULL,N 17TH ST & P ST
20000933,TRESPASSING,2020-03-11T16:41:00Z,Closed - Non-Criminal Case,43901.6875,43901.690972222219,3940 Fair St
20000923,LARCENY - FROM MOTOR VEHICLE,2020-03-10T14:28:00Z,Closed - Cleared by Arrest-Juvenile,43900.602777777778,NULL,4000 East Campus Loop S
20000911,TRAFFIC - SUSPENDED DRIVER,2020-03-10T01:40:00Z,Closed - Cleared by Arrest-Adult,43900.069444444445,NULL,N 13TH ST & O ST
20000908,VANDALISM - OTHER,2020-03-09T13:22:00Z,Closed - Inactive,43899.291666666664,43899.541666666664,625 N 14th St
20000903,ACCIDENTS - P.D. H&R NOT REPORTABLE,2020-03-09T09:06:00Z,Closed - Inactive,43899.365972222222,NULL,933 N 16th St
20000899,OUTSIDE - O.P.S. OTHER,2020-03-08T22:39:00Z,Closed - Non-Criminal Case,43898.943749999999,NULL,Q ST & N 23RD ST
20000896,LARCENY - FROM BUILDING,2020-03-08T18:08:00Z,Closed - Inactive,43898.6875,43898.729166666664,1400 R St
20000894,ACCIDENTS - P.D. H&R NOT REPORTABLE,2020-03-08T16:04:00Z,Closed - Inactive,43884.666666666664,43898.65625,1710 Arbor Dr
20000892,ALCOHOL - USING FALSE I.D.,2020-03-08T14:04:00Z,Closed - Cleared by Arrest-Adult,43898.586111111108,NULL,880 N 17th St
20000886,NARCOTICS - POSSESSION,2020-03-07T23:51:00Z,Closed - Cleared by Arrest-Adult,43897.993750000001,NULL,1830 Vine St
20000885,FIRE - FALSE ALARM,2020-03-07T23:32:00Z,Closed - Cleared by Arrest-Adult,43897.980555555558,NULL,1510 Vine St
20000881,LARCENY - STOLEN BIKE,2020-03-07T16:36:00Z,Closed - Inactive,43894.989583333336,43896.916666666664,1055 N 16th St
20000855,ALCOHOL - MINOR IN POSSESSION,2020-03-05T23:42:00Z,Closed - Non-Criminal Case,43895.987500000003,NULL,433 N 19th St
20000843,SUSPICIOUS PERSON,2020-03-05T13:49:00Z,Closed - Non-Criminal Case,43896.5625,NULL,1400 R St
20000842,TRESPASSING,2020-03-05T13:31:00Z,Closed - Non-Criminal Case,43895.563194444447,NULL,1113 R St
20000838,DISTURBANCE - OTHER,2020-03-05T11:31:00Z,Closed - Non-Criminal Case,43895.479861111111,NULL,1400 R St
20000844,WEAPONS - CONCEALED,2020-03-05T09:59:00Z,Closed - Cleared by Arrest-Adult,43888.650694444441,43890.875,300 N 17th St
20000829,LITTERING,2020-03-04T18:20:00Z,Closed - Inactive,43894.666666666664,43894.75,820 N 17th St
20000828,ALCOHOL - DRUNK,2020-03-04T18:17:00Z,Closed - Non-Criminal Case,43894.761805555558,NULL,200 Centennial Mall N
20000822,TRESPASSING,2020-03-04T13:25:00Z,Closed - Non-Criminal Case,43894.52847222222,NULL,451 N 12th St
20000820,LARCENY - FROM BUILDING,2020-03-04T09:47:00Z,Closed - Cleared by Arrest-Adult,43883.333333333336,43883.583333333336,1600 Court St
20000818,ALCOHOL - MINOR IN POSSESSION,2020-03-04T02:16:00Z,Closed - Cleared by Arrest-Adult,43894.094444444447,NULL,1410 Q St
20000808,NARCOTICS - OTHER,2020-03-03T14:29:00Z,Closed - Non-Criminal Case,43893.603472222225,NULL,639 N 12th St
20000801,SUSPICIOUS PERSON,2020-03-02T19:22:00Z,Closed - Non-Criminal Case,43847,43847.020833333336,1710 Arbor Dr
20000797,DISTURBANCE - OTHER,2020-03-02T15:07:00Z,Closed - Inactive,43892.629861111112,NULL,512 N 12th St
OS19015,SEX OFFENSE - RAPE,2020-03-02T09:46:00Z,NA - Clery Report Only,43694.5,NULL,On-campus Student Housing
20000794,TELEPHONE - OTHER,2020-03-02T09:18:00Z,Closed - Non-Criminal Case,43892.333333333336,NULL,1360 Vine St
20000788,NARCOTICS - POSSESSION,2020-03-01T23:32:00Z,Closed - Cleared by Arrest-Adult,43891.980555555558,NULL,Y ST & N 17TH ST
20000785,LARCENY - FROM BUILDING,2020-03-01T20:23:00Z,Closed - Inactive,43891.722222222219,43891.847222222219,841 N 14th St
20000778,ALCOHOL - DRUNK,2020-03-01T03:04:00Z,Closed - Non-Criminal Case,43891.12777777778,NULL,550 N 19th St
20000769,SEX OFFENSE - RAPE,2020-02-29T04:14:00Z,Closed - Non-Criminal Case,NULL,NULL,NA
20000768,ALCOHOL - DRUNK,2020-02-29T01:54:00Z,Closed - Inactive,43890.07916666667,NULL,1780 R St
20000767,ACCIDENTS - P.D. H&R NOT REPORTABLE,2020-02-28T23:50:00Z,Closed - Cleared by Arrest-Adult,43889.979166666664,43889.993055555555,1430 Vine St
20000765,ALCOHOL - MINOR IN POSSESSION,2020-02-28T22:50:00Z,Closed - Cleared by Arrest-Adult,43889.951388888891,NULL,NW 17TH ST & R ST
20000763,ALCOHOL - DRUNK,2020-02-28T22:29:00Z,Closed - Inactive,43889.936805555553,NULL,880 N 17th St
20000762,DISTURBANCE - OTHER,2020-02-28T21:59:00Z,Closed - Non-Criminal Case,43889.915972222225,NULL,715 N 16th St
20000755,LARCENY - STOLEN BIKE,2020-02-28T13:27:00Z,Closed - Inactive,43888.645833333336,43889.375,880 N 17th St
20000744,LARCENY - FROM BUILDING,2020-02-27T20:30:00Z,Open,43886.875,43888.854166666664,433 N 19th St
20000743,LARCENY - FROM BUILDING,2020-02-27T17:19:00Z,Closed - Non-Criminal Case,43888.25,43888.625,1780 R St
20000742,ACCIDENTS - P.D. H&R NOT REPORTABLE,2020-02-27T16:32:00Z,Closed - Cleared by Arrest-Adult,43888.572916666664,43888.666666666664,1055 N 16th St
20000740,TELEPHONE - OTHER,2020-02-27T15:37:00Z,Closed - Inactive,43888.642361111109,NULL,433 N 19th St
20000735,SUSPICIOUS PERSON,2020-02-27T04:46:00Z,Closed - Non-Criminal Case,43888.198611111111,NULL,1335 U St
20000732,ACCIDENTS - P.D. H&R REPORTABLE,2020-02-26T19:17:00Z,Closed - Cleared by Arrest-Adult,43887.78125,43887.803472222222,N 14TH ST & VINE ST
20000725,TELEPHONE - THREATENING CALLS,2020-02-26T15:44:00Z,Closed - Inactive,43887.586805555555,43887.613888888889,426 N 16th St
20000724,ACCIDENTS - P.D. H&R NOT REPORTABLE,2020-02-26T14:57:00Z,Closed - Inactive,43887.4375,43887.618055555555,300 N 17th St
20000722,ACCIDENTS - INJURY,2020-02-26T09:44:00Z,Closed - Cleared by Arrest-Adult,43887.405555555553,NULL,S ST & N 15TH ST
20000721,LARCENY - FROM BUILDING,2020-02-26T09:38:00Z,Closed - Cleared by Arrest-Adult,43887.378472222219,43887.386111111111,841 N 14th St
20000716,ACCIDENTS - P.D. H&R NOT REPORTABLE,2020-02-25T22:57:00Z,Closed - Inactive,43886.791666666664,43886.833333333336,1830 Vine St
20000715,ALCOHOL - USING FALSE I.D.,2020-02-25T21:11:00Z,Closed - Cleared by Arrest-Adult,NULL,NULL,1780 R St
20000711,ALCOHOL - USING FALSE I.D.,2020-02-25T16:32:00Z,Closed - Cleared by Arrest-Adult,43886.688888888886,NULL,1430 Idylwild Dr
20000709,DISTURBANCE - OTHER,2020-02-25T11:45:00Z,Closed - Non-Criminal Case,43886.489583333336,NULL,1400 R St
20000705,DISTURBANCE - OTHER,2020-02-25T08:59:00Z,Closed - Inactive,43885.729166666664,43886.3125,1360 Vine St
20000699,TRAFFIC - SUSPENDED DRIVER,2020-02-25T05:18:00Z,Closed - Cleared by Arrest-Adult,43886.220833333333,NULL,N 33RD ST & FAIR ST
20000690,LARCENY - STOLEN BIKE,2020-02-24T16:19:00Z,Closed - Inactive,43880.833333333336,43882.666666666664,600 N 15th St
20000686,LARCENY - OTHER OR FROM OPEN AREA,2020-02-24T09:37:00Z,Closed - Cleared by Arrest-Adult,43885.364583333336,43885.375,841 N 14th St
20000674,ALCOHOL - DWI,2020-02-23T02:38:00Z,Closed - Cleared by Arrest-Adult,43884.109722222223,NULL,SALT CREEK RDWY & N 14TH ST
20000673,NARCOTICS - POSSESSION,2020-02-23T00:03:00Z,Closed - Cleared by Arrest-Adult,43884.002083333333,NULL,1150 N 14th St
20000671,VANDALISM - OTHER,2020-02-22T21:50:00Z,Closed - Inactive,43882.875,43883.208333333336,1548 Vine St
20000667,ACCIDENTS - P.D. H&R NOT REPORTABLE,2020-02-22T14:48:00Z,Closed - Inactive,43883.53125,43883.604166666664,930 N 14th St
20000661,FIRE (WORKING) - NO ALARM,2020-02-22T07:35:00Z,Closed - Non-Criminal Case,43883.315972222219,NULL,1705 Arbor Dr
20000659,NARCOTICS - POSSESSION,2020-02-22T02:27:00Z,Closed - Cleared by Arrest-Adult,43883.102083333331,NULL,1150 N 14th St
20000660,TRESPASSING,2020-02-22T02:25:00Z,Closed - Cleared by Arrest-Adult,43883.100694444445,NULL,402 Stadium Dr
20000649,FRAUD - CON GAMES/DECEPTION/FALSE    PRETENSE/OTHER,2020-02-21T14:38:00Z,Closed - Inactive,43879.5,43880.833333333336,1400 R St
20000644,ALCOHOL - DRUNK,2020-02-21T01:29:00Z,Closed - Non-Criminal Case,43882.061805555553,NULL,600 Q Street
20000640,NARCOTICS - POSSESSION,2020-02-20T22:01:00Z,Closed - Cleared by Arrest-Adult,43881.917361111111,NULL,616 N 16th St
20000639,LARCENY - FROM MOTOR VEHICLE,2020-02-20T18:54:00Z,Closed - Inactive,43880.75,43881.458333333336,616 N 16th St
20000635,DISTURBANCE - OTHER,2020-02-20T12:57:00Z,Closed - Inactive,43880.649305555555,43880.962500000001,503 N 14th St
20000633,LARCENY - FROM BUILDING,2020-02-20T11:18:00Z,Closed - Inactive,43850.5625,43879.5625,313 N 13th St
20000632,SS - OTHER,2020-02-20T11:17:00Z,Closed - Non-Criminal Case,43848.5,43874.5,NA
20000630,NARCOTICS - POSSESSION,2020-02-19T22:25:00Z,Closed - Cleared by Arrest-Adult,43880.934027777781,NULL,600 N 15th St
20000624,SUSPICIOUS ITEM OR PACKAGE (NON-EXPLOSIVE),2020-02-19T15:36:00Z,Closed - Non-Criminal Case,43880.65,43880.65,1780 R St
20000623,DISTURBANCE - OTHER,2020-02-19T15:06:00Z,Closed - Inactive,43709.333333333336,43880.5,600 N 15th St
20000627,FRAUD - CHECKS INSUF/NO ACC/NOT FORGED,2020-02-19T14:57:00Z,Closed - Inactive,NULL,NULL,1400 R St
20000613,NARCOTICS - POSSESSION,2020-02-18T23:27:00Z,Closed - Cleared by Arrest-Adult,43879.977083333331,NULL,433 N 19th St
20000609,DISTURBANCE - OTHER,2020-02-18T18:52:00Z,Closed - Non-Criminal Case,43879.78125,43879.791666666664,1400 R St
20000605,TRESPASSING,2020-02-18T17:21:00Z,Closed - Non-Criminal Case,43879.71875,43879.722222222219,1400 R St
20000601,LARCENY - FROM BUILDING,2020-02-18T11:55:00Z,Closed - Inactive,43871.708333333336,43872.5,1780 R St
20000596,LARCENY - MOTOR VEH. ACCESSORIES,2020-02-18T07:56:00Z,Closed - Inactive,43878.88958333333,NULL,3855 Merrill St
20000592,TRAFFIC - OTHER,2020-02-17T22:56:00Z,Closed - Cleared by Arrest-Adult,43878.955555555556,NULL,ANTELOPE VALLEY PARKWAY & N 17TH ST
20000588,DISTURBANCE - OTHER,2020-02-17T17:26:00Z,Closed - Cleared by Exception,NULL,NULL,1150 N 14th St
OS20001,SEX OFFENSE - OTHER,2020-02-17T13:43:00Z,NA - Clery Report Only,43814.5,43840.5,Non-campus Property
OS19014,AUTO THEFT,2020-02-17T13:30:00Z,NA - Clery Report Only,43561.5,43563.5,Non-campus Property
OS19013,STALKING,2020-02-17T13:19:00Z,NA - Clery Report Only,43466.5,43640.5,On-campus
20000582,LARCENY - FROM BUILDING,2020-02-16T20:13:00Z,Closed - Cleared by Arrest-Adult,43877.770833333336,43877.842361111114,530 N 17th St
20000577,ALCOHOL - MINOR IN POSSESSION,2020-02-16T00:59:00Z,Closed - Cleared by Arrest-Adult,43877.040972222225,NULL,1150 N 14th St
20000568,DISTURBANCE - DOMESTIC,2020-02-15T01:37:00Z,Closed - Non-Criminal Case,43876.067361111112,NULL,880 N 17th St
20000566,FALSE INFORMATION - GIVEN TO OFC.,2020-02-15T00:17:00Z,Closed - Cleared by Arrest-Adult,43876.011805555558,NULL,N 10TH ST & NEW HAMPSHIRE ST
20000564,DISTURBANCE - OTHER,2020-02-14T22:29:00Z,Closed - Non-Criminal Case,43875.936805555553,NULL,1150 N 14th St
20000546,ACCIDENTS - P.D. H&R NOT REPORTABLE,2020-02-13T17:16:00Z,Closed - Inactive,43873.520833333336,43874.666666666664,300 N 17th St
20000517,DISTURBANCE - OTHER,2020-02-12T12:52:00Z,Closed - Inactive,NULL,NULL,NA
20000516,ACCIDENTS - P.D. H&R NOT REPORTABLE,2020-02-12T12:05:00Z,Closed - Cleared by Arrest-Adult,43872.520833333336,43873.446527777778,1830 Vine St
20000515,VANDALISM - OTHER,2020-02-12T12:00:00Z,Closed - Inactive,43872.635416666664,43872.854166666664,VINE ST & N 14TH ST
20000509,ALCOHOL - DRUNK,2020-02-12T02:33:00Z,Closed - Non-Criminal Case,43873.106249999997,NULL,1300 Q St
20000501,ACCIDENTS - P.D. H&R NOT REPORTABLE,2020-02-11T15:20:00Z,Closed - Inactive,43872.4375,43872.583333333336,300 N 17th St
20000493,FRAUD - CREDIT CARDS/ATM/BANK CARD,2020-02-10T23:23:00Z,Closed - Inactive,43871.875,43871.895833333336,900 N 16th St
20000488,ACCIDENTS - P.D. H&R NOT REPORTABLE,2020-02-10T16:08:00Z,Closed - Inactive,43853.638888888891,43869.833333333336,1801 R St
20000485,VANDALISM - OTHER,2020-02-10T08:39:00Z,Closed - Inactive,NULL,NULL,880 N 17th St
20000483,DISTURBANCE - OTHER,2020-02-10T01:50:00Z,Closed - Inactive,43871.0625,43871.076388888891,426 N 16th St
20000474,ASSAULT - OF POLICE OFFICER,2020-02-09T02:42:00Z,Closed - Cleared by Arrest-Juvenile,43869.958333333336,43870.112500000003,1130 N 14th St
20000471,ALCOHOL - MINOR IN POSSESSION,2020-02-09T01:27:00Z,Closed - Non-Criminal Case,43870.060416666667,NULL,880 N 17th St
20000472,ACCIDENTS - P.D. H&R NOT REPORTABLE,2020-02-09T01:27:00Z,Closed - Cleared by Arrest-Adult,43870.060416666667,NULL,1830 Vine St
20000470,NARCOTICS - OTHER,2020-02-08T18:40:00Z,Closed - Non-Criminal Case,43869.777777777781,NULL,City of Lincoln
20000465,ACCIDENTS - P.D. H&R NOT REPORTABLE,2020-02-08T13:13:00Z,Closed - Inactive,43868.930555555555,NULL,1150 N 14th St
20000461,ALCOHOL - MINOR IN POSSESSION,2020-02-08T01:02:00Z,Closed - Non-Criminal Case,43869.043055555558,NULL,1545 S St
20000460,ALCOHOL - MINOR IN POSSESSION,2020-02-07T21:53:00Z,Closed - Non-Criminal Case,43868.911805555559,NULL,1150 N 14th St
20000456,FRAUD - CON GAMES/DECEPTION/FALSE    PRETENSE/OTHER,2020-02-07T18:35:00Z,Closed - Inactive,43860.333333333336,43864.75,300 N 17th St
20000454,DISTURBANCE - OTHER,2020-02-07T15:03:00Z,Closed - Inactive,43868.597222222219,43868.607638888891,1525 U St
20000453,DISTURBANCE - OTHER,2020-02-07T14:15:00Z,Closed - Non-Criminal Case,43867.770833333336,NULL,1144 T St
20000452,FRAUD - CON GAMES/DECEPTION/FALSE    PRETENSE/OTHER,2020-02-07T14:00:00Z,Closed - Inactive,43867.658333333333,NULL,1400 R St
20000445,TELEPHONE - OTHER,2020-02-07T08:54:00Z,Closed - Inactive,43819.875,43867.975694444445,1100 T St
20000438,TRESPASSING,2020-02-06T23:53:00Z,Closed - Non-Criminal Case,43867.995138888888,NULL,1400 R St
20000429,ACCIDENTS - P.D. H&R NOT REPORTABLE,2020-02-06T18:08:00Z,Closed - Inactive,43866.875,43867.645833333336,1801 R St
20000417,DISTURBANCE - OTHER,2020-02-06T10:42:00Z,Closed - Inactive,43866.611111111109,43866.708333333336,730 N 14th St
20000416,SUSPICIOUS ITEM OR PACKAGE (NON-EXPLOSIVE),2020-02-06T10:04:00Z,Closed - Non-Criminal Case,43867.419444444444,NULL,2225 W St
20000408,NARCOTICS - POSSESSION,2020-02-05T21:12:00Z,Closed - Cleared by Arrest-Adult,43866.883333333331,NULL,880 N 17th St
20000411,DISTURBANCE - OTHER,2020-02-05T19:00:00Z,Closed - Inactive,43866.791666666664,NULL,1400 R St
20000403,OUTSIDE - O.P.S. OTHER,2020-02-05T10:24:00Z,Closed - Non-Criminal Case,43848.597222222219,NULL,1071 County Road G
20000402,DISTURBANCE - OTHER,2020-02-05T09:03:00Z,Closed - Non-Criminal Case,43865.666666666664,NULL,1335 U St
20000401,LARCENY - OTHER OR FROM OPEN AREA,2020-02-05T08:44:00Z,Closed - Inactive,43865.3125,43865.916666666664,1248 R St
20000399,LARCENY - STOLEN BIKE,2020-02-04T23:39:00Z,Closed - Inactive,43864.520833333336,43865.604166666664,1104 R St
20000398,NARCOTICS - POSSESSION,2020-02-04T23:05:00Z,Closed - Cleared by Arrest-Adult,43865.961805555555,NULL,N 17TH ST & Y ST
20000396,SUSPICIOUS PERSON,2020-02-04T21:36:00Z,Closed - Non-Criminal Case,43865.6875,43865.722222222219,1400 R St
20000395,FRAUD - CHECKS INSUF/NO ACC/NOT FORGED,2020-02-04T14:18:00Z,Closed - Inactive,43860.34375,43865.583333333336,300 N 17th St
20000392,LARCENY - FROM BUILDING,2020-02-04T09:52:00Z,Closed - Inactive,43857.666666666664,43857.75,841 N 14th St
20000389,LARCENY - FROM BUILDING,2020-02-03T22:40:00Z,Closed - Inactive,43864.895833333336,43864.9375,841 N 14th St
20000382,LARCENY - STOLEN BIKE,2020-02-03T14:43:00Z,Closed - Inactive,43863.729166666664,43864.916666666664,1100 T St
20000381,DISTURBANCE - OTHER,2020-02-03T12:24:00Z,Closed - Non-Criminal Case,43864.458333333336,NULL,1360 Vine St
20000364,TELEPHONE - OTHER,2020-02-02T11:18:00Z,Closed - Non-Criminal Case,43863,43863.458333333336,1601 R St
20000360,ALCOHOL - DWI,2020-02-02T01:58:00Z,Closed - Cleared by Arrest-Adult,43863.081944444442,NULL,N 17TH ST & O ST
20000358,ASSAULT - NON DOMESTIC,2020-02-02T00:03:00Z,Closed - Cleared by Arrest-Adult,43863.002083333333,NULL,1545 R St
20000344,ALCOHOL - MINOR IN POSSESSION,2020-02-01T04:16:00Z,Closed - Non-Criminal Case,43862.177777777775,NULL,880 N 17th St
20000340,SUSPICIOUS PERSON,2020-01-31T23:08:00Z,Closed - Non-Criminal Case,43861.963888888888,NULL,600 N 15th St
20000337,ALCOHOL - DRUNK,2020-01-31T19:40:00Z,Closed - Non-Criminal Case,43861.819444444445,NULL,1400 R St
20000332,NARCOTICS - OTHER,2020-01-31T15:49:00Z,Closed - Non-Criminal Case,43861.65902777778,NULL,433 N 19th St
20000324,DISTURBANCE - OTHER,2020-01-31T07:56:00Z,Closed - Non-Criminal Case,43860.208333333336,NULL,500 Stadium Dr
20000322,ALCOHOL - MINOR IN POSSESSION,2020-01-31T03:33:00Z,Closed - Cleared by Arrest-Adult,43861.147916666669,NULL,1150 N 14th St
20000321,VANDALISM - OTHER,2020-01-31T01:53:00Z,Closed - Inactive,43861.078472222223,NULL,880 N 17th St
20000319,ALCOHOL - MINOR IN POSSESSION,2020-01-31T00:37:00Z,Closed - Non-Criminal Case,43861.025694444441,NULL,1130 N 14th St
20000317,DISTURBANCE - OTHER,2020-01-30T18:57:00Z,Closed - Inactive,43852.78125,NULL,1400 R St
20000314,LARCENY - STOLEN BIKE,2020-01-30T15:37:00Z,Closed - Inactive,43859.875,43860.375,440 N 17th St
20000304,NARCOTICS - POSSESSION,2020-01-29T23:37:00Z,Closed - Cleared by Arrest-Adult,43859.984027777777,NULL,820 N 17th St
20000296,ACCIDENTS - P.D. H&R NOT REPORTABLE,2020-01-29T14:04:00Z,Closed - Inactive,43859.333333333336,43859.458333333336,330 N. 10th Street
20000284,LARCENY - STOLEN BIKE,2020-01-28T14:33:00Z,Closed - Inactive,43853.333333333336,43854.9375,1055 N 16th St
20000281,LARCENY - FROM MOTOR VEHICLE,2020-01-28T12:03:00Z,Closed - Inactive,43857.729166666664,43858.502083333333,3301 Starr St
20000282,FRAUD - CREDIT CARDS/ATM/BANK CARD,2020-01-28T12:03:00Z,Closed - Cleared by Arrest-Adult,43857.729166666664,43858.502083333333,City of Lincoln
20000276,NARCOTICS - POSSESSION,2020-01-27T20:55:00Z,Closed - Cleared by Arrest-Adult,43857.871527777781,NULL,1120 N 14th St
20000275,LARCENY - FROM BUILDING,2020-01-27T19:44:00Z,Closed - Non-Criminal Case,43857.375,43857.75,1825 N 38th St
20000273,DISTURBANCE - OTHER,2020-01-27T16:59:00Z,Closed - Inactive,43857.577777777777,43857.693055555559,1545 S St
20000263,VANDALISM - OTHER,2020-01-27T05:16:00Z,Closed - Inactive,43857.041666666664,43857.083333333336,N 23RD ST & VINE ST
20000262,DISTURBANCE - OTHER,2020-01-27T01:37:00Z,Closed - Non-Criminal Case,43857.067361111112,NULL,1120 N 14th St
20000261,FND ARTICLE OTHER THAN ABAND. BIKE OR VEH.,2020-01-26T22:04:00Z,Closed - Cleared by Arrest-Adult,43856.919444444444,NULL,1130 N 14th St
20000258,DISTURBANCE - OTHER,2020-01-26T10:55:00Z,Closed - Cleared by Arrest-Adult,43850.5,43856.454861111109,1780 R St
20000256,ALCOHOL - MINOR IN POSSESSION,2020-01-26T02:38:00Z,Closed - Cleared by Arrest-Adult,43856.109722222223,NULL,1780 R St
20000255,TRAFFIC - OTHER,2020-01-26T02:17:00Z,Closed - Cleared by Arrest-Adult,43856.095138888886,NULL,N 21ST ST & Salt Creek RDWY
20000250,DISTURBANCE - OTHER,2020-01-25T20:24:00Z,Open,43855.581944444442,43855.820833333331,433 V St
20000242,OUTSIDE - O.P.S. OTHER,2020-01-25T05:25:00Z,Closed - Non-Criminal Case,43855.125,43855.145833333336,CITY OF LINCOLN
20000232,LARCENY - MOTOR VEH. ACCESSORIES,2020-01-24T15:21:00Z,Open,43851.416666666664,43854.625,900 N 21st St
20000231,FIRE - FALSE ALARM,2020-01-24T15:13:00Z,Closed - Non-Criminal Case,43854.634027777778,NULL,1801 R St
20000229,DISTURBANCE - OTHER,2020-01-24T10:15:00Z,Closed - Non-Criminal Case,NULL,NULL,625 Stadium Dr
20000224,DISTURBANCE - OTHER,2020-01-23T22:53:00Z,Closed - Non-Criminal Case,43853.953472222223,NULL,1150 N 14th St
20000217,ALCOHOL - DRUNK,2020-01-23T17:45:00Z,Closed - Non-Criminal Case,43853.729166666664,43853.732638888891,N 16TH ST & U ST
20000200,ACCIDENTS - P.D. H&R NOT REPORTABLE,2020-01-22T14:55:00Z,Closed - Inactive,43852.416666666664,43852.472222222219,STADIUM DR & T ST
20000198,DISTURBANCE - OTHER,2020-01-22T11:39:00Z,Closed - Inactive,43852.46875,NULL,660 N 12th St
20000197,LARCENY - FROM MOTOR VEHICLE,2020-01-22T11:36:00Z,Closed - Unfounded,43839.541666666664,43844.666666666664,1830 Vine St
20000194,NARCOTICS - POSSESSION,2020-01-22T03:59:00Z,Closed - Cleared by Arrest-Adult,43852.165972222225,NULL,1120 N 14th St
20000189,DISTURBANCE - OTHER,2020-01-21T17:49:00Z,Closed - Non-Criminal Case,43851.645833333336,43851.65625,1130 N 14th St
20000177,FND ARTICLE OTHER THAN ABAND. BIKE OR VEH.,2020-01-20T11:35:00Z,Closed - Cleared by Arrest-Adult,43850.482638888891,NULL,300 N 17th St
20000166,ALCOHOL - DRUNK,2020-01-19T02:21:00Z,Closed - Non-Criminal Case,43849.097916666666,NULL,N 16TH ST & S ST
20000167,ALCOHOL - DWI,2020-01-19T02:01:00Z,Closed - Cleared by Arrest-Adult,43849.084027777775,NULL,N 16TH ST & VINE ST
20000164,ALCOHOL - MINOR IN POSSESSION,2020-01-19T00:18:00Z,Closed - Cleared by Arrest-Adult,43849.012499999997,NULL,N 18TH ST & R ST
20000165,FALSE INFORMATION - GIVEN TO OFC.,2020-01-19T00:18:00Z,Closed - Cleared by Arrest-Adult,43849.012499999997,NULL,1780 R St
20000158,LARCENY - OTHER OR FROM OPEN AREA,2020-01-18T00:17:00Z,Closed - Non-Criminal Case,43848.011805555558,43848.072222222225,NA
20000156,ASSAULT - DOMESTIC,2020-01-17T23:50:00Z,Closed - Cleared by Arrest-Adult,43847.993055555555,NULL,1130 N 14th Street
20000151,TELEPHONE - OTHER,2020-01-17T16:07:00Z,Closed - Inactive,43847.652777777781,NULL,501 N 14th St
20000137,VANDALISM - OTHER,2020-01-16T12:16:00Z,Closed - Inactive,NULL,NULL,2075 N 38th St
20000133,OUTSIDE - O.P.S. OTHER,2020-01-16T09:33:00Z,Closed - Non-Criminal Case,43813.125,NULL,6255 S.W. 58th St.
20000123,LARCENY - STOLEN BIKE,2020-01-15T08:21:00Z,Closed - Inactive,43844.833333333336,43845.347222222219,1300 R St
20000119,ALCOHOL - DRUNK,2020-01-14T20:33:00Z,Closed - Non-Criminal Case,43844.856249999997,NULL,1055 N 16th St
20000117,LARCENY - STOLEN BIKE,2020-01-14T19:34:00Z,Closed - Inactive,43817.333333333336,43844.791666666664,1055 N 16th St
20000116,DISTURBANCE - OTHER,2020-01-14T12:00:00Z,Closed - Non-Criminal Case,43844.479166666664,NULL,560 Stadium Dr
20000096,ALCOHOL - MINOR IN POSSESSION,2020-01-13T01:09:00Z,Closed - Cleared by Arrest-Adult,43843.04791666667,NULL,880 N 17th St
20000094,NARCOTICS - OTHER,2020-01-12T23:14:00Z,Closed - Non-Criminal Case,43842.968055555553,NULL,820 N 17th St
20000091,DISTURBANCE - OTHER,2020-01-12T14:48:00Z,Closed - Non-Criminal Case,43842.616666666669,NULL,1400 R St
20000088,ALCOHOL - MINOR IN POSSESSION,2020-01-12T02:51:00Z,Closed - Non-Criminal Case,43842.118750000001,NULL,600 N 15th St
20000085,SUSPICIOUS PERSON,2020-01-11T15:49:00Z,Closed - Inactive,43742.5,43841.625,300 N 17th St
20000070,FRAUD - CON GAMES/DECEPTION/FALSE    PRETENSE/OTHER,2020-01-10T12:44:00Z,Closed - Inactive,43838.606249999997,43840.593055555553,600 N 15th St
20000066,NARCOTICS - POSSESSION,2020-01-09T23:35:00Z,Closed - Cleared by Arrest-Adult,43839.982638888891,NULL,1710 Arbor Dr
20000069,DISTURBANCE - OTHER,2020-01-09T14:04:00Z,Closed - Inactive,43830.555555555555,43836.569444444445,300 N 17th St
20000060,TRAFFIC - OTHER,2020-01-08T23:07:00Z,Closed - Inactive,43838.963194444441,NULL,Y ST & N 27TH ST
20000056,OUTSIDE - O.P.S. OTHER,2020-01-08T18:29:00Z,Closed - Non-Criminal Case,NULL,NULL,1505 S St
20000050,DISTURBANCE - OTHER,2020-01-07T18:29:00Z,Closed - Inactive,43837.708333333336,NULL,1505 S St
20000047,LARCENY - OTHER OR FROM OPEN AREA,2020-01-07T08:58:00Z,Closed - Cleared by Arrest-Adult,43819.708333333336,43837.373611111114,501 N 14th St
20000037,OUTSIDE - O.P.S. OTHER,2020-01-05T02:13:00Z,Closed - Non-Criminal Case,43835.092361111114,NULL,240 N 17th St.
20000036,OUTSIDE - O.P.S. OTHER,2020-01-04T23:40:00Z,Closed - Non-Criminal Case,43834.986111111109,NULL,1100 Military Rd
20000025,SUSPICIOUS PERSON,2020-01-03T15:55:00Z,Closed - Inactive,43833.53125,43833.541666666664,1101 T St
20000017,VANDALISM - OTHER,2020-01-02T19:52:00Z,Closed - Inactive,43831.791666666664,43832.375,2222 Vine Street
20000012,ACCIDENTS - P.D. H&R NOT REPORTABLE,2020-01-02T14:49:00Z,Closed - Cleared by Arrest-Adult,43831.115972222222,43831.115972222222,1801 R St
20000003,DISTURBANCE - OTHER,2020-01-01T04:06:00Z,Closed - Inactive,43831.152777777781,43831.159722222219,1130 N 14th St
20000002,VANDALISM - OTHER,2020-01-01T01:13:00Z,Closed - Cleared by Arrest-Adult,43831.050694444442,NULL,1415 O St
19004736,AUTO THEFT,2019-12-30T19:03:00Z,Closed - Cleared by Arrest-Adult,43829.466666666667,NULL,1801 R St
19004705,FRAUD - CON GAMES/DECEPTION/FALSE    PRETENSE/OTHER,2019-12-22T11:16:00Z,Closed - Inactive,43820.375,43821.4375,400 Pinnacle Arena Dr
19004704,NARCOTICS - POSSESSION,2019-12-21T22:04:00Z,Closed - Cleared by Arrest-Adult,43820.919444444444,NULL,N 17TH ST & VINE ST
19004680,OUTSIDE - O.P.S. OTHER,2019-12-20T14:35:00Z,Closed - Non-Criminal Case,43819.607638888891,43819.607638888891,1111 Q Street
LE19001,SEX OFFENSE - RAPE,2019-12-20T14:02:00Z,NA - Clery Report Only,43329.5,43503.5,On-campus Student Housing
19004682,OUTSIDE - O.P.S. OTHER,2019-12-20T13:54:00Z,Closed - Inactive,43819.57916666667,NULL,N 12TH ST & P ST
19004679,VANDALISM - OTHER,2019-12-20T12:47:00Z,Closed - Non-Criminal Case,43710.333333333336,43816.9375,4240 Fair St
19004671,TRESPASSING,2019-12-19T19:05:00Z,Closed - Cleared by Exception,43818.777777777781,NULL,1140 N 14th St
19004662,FIRE - FALSE ALARM,2019-12-19T00:09:00Z,Closed - Cleared by Arrest-Adult,43818.006249999999,NULL,635 N 16th Street
19004661,TRESPASSING,2019-12-18T21:52:00Z,Closed - Cleared by Arrest-Adult,43817.911111111112,NULL,1150 N 14th Street
19004650,DISTURBANCE - OTHER,2019-12-17T12:00:00Z,Closed - Inactive,43816.5,NULL,503 N 14th St
19004647,TRAFFIC - SUSPENDED DRIVER,2019-12-17T08:32:00Z,Closed - Cleared by Arrest-Adult,43816.355555555558,NULL,N 16TH ST & W ST
19004641,NARCOTICS - POSSESSION,2019-12-16T23:44:00Z,Closed - Cleared by Arrest-Adult,43815.988888888889,43816.023611111108,1505 S St
19004633,NARCOTICS - POSSESSION,2019-12-16T00:23:00Z,Closed - Cleared by Arrest-Adult,43815.015972222223,NULL,4000 East Campus Loop
19004632,LARCENY - FROM MOTOR VEHICLE,2019-12-15T23:58:00Z,Closed - Inactive,43814.965277777781,43814.998611111114,1700 N 34th St
19004629,FRAUD - CREDIT CARDS/ATM/BANK CARD,2019-12-15T12:11:00Z,Closed - Inactive,43814.102777777778,NULL,300 N 17th St
19004627,ALCOHOL - USING FALSE I.D.,2019-12-15T07:53:00Z,Closed - Cleared by Arrest-Adult,43814.328472222223,NULL,880 N 17th St
19004625,VANDALISM - OTHER,2019-12-15T02:35:00Z,Closed - Cleared by Arrest-Adult,43814.107638888891,NULL,1601 R St
19004624,ACCIDENTS - P.D. REPORTABLE,2019-12-15T02:13:00Z,Closed - Non-Criminal Case,43814.092361111114,NULL,N 17TH ST & P ST
19004623,ALCOHOL - MINOR IN POSSESSION,2019-12-14T23:17:00Z,Closed - Inactive,43813.970138888886,NULL,1780 R Street
19004621,FRAUD - CON GAMES/DECEPTION/FALSE    PRETENSE/OTHER,2019-12-14T22:32:00Z,Closed - Inactive,43813.666666666664,NULL,300 N 17th St
19004614,LARCENY - OTHER OR FROM OPEN AREA,2019-12-14T15:23:00Z,Closed - Cleared by Arrest-Adult,43813.054166666669,NULL,530 N 17th St
19004609,TRESPASSING,2019-12-14T04:46:00Z,Closed - Non-Criminal Case,43813.198611111111,NULL,600 N 15th St
19004610,ALCOHOL - DRUNK,2019-12-14T02:19:00Z,Closed - Non-Criminal Case,43813.09652777778,NULL,N 16TH ST & Q ST
19004608,OUTSIDE - O.P.S. OTHER,2019-12-14T00:54:00Z,Closed - Non-Criminal Case,43813.037499999999,NULL,1426 O Street
19004606,NARCOTICS - POSSESSION,2019-12-13T22:53:00Z,Closed - Cleared by Arrest-Adult,43812.953472222223,NULL,200 Centennial Mall N
19004604,NARCOTICS - OTHER,2019-12-13T20:39:00Z,Closed - Non-Criminal Case,43812.86041666667,NULL,733 N 17th St
19004605,OUTSIDE - O.P.S. OTHER,2019-12-13T19:52:00Z,Closed - Non-Criminal Case,43672.380555555559,NULL,S 13TH ST & N ST
19004590,DISTURBANCE - OTHER,2019-12-13T07:30:00Z,Closed - Inactive,43762.5625,43811.6875,2225 W St
19004595,DISTURBANCE - OTHER,2019-12-12T15:43:00Z,Closed - Non-Criminal Case,43810.375,NULL,1300 R St
19004579,DISTURBANCE - OTHER,2019-12-12T14:39:00Z,Closed - Non-Criminal Case,43811.61041666667,NULL,1209 R St
19004575,MISSING PERSON - ADULT,2019-12-12T02:52:00Z,Closed - Non-Criminal Case,43811.75,NULL,NA
19004567,OUTSIDE - O.P.S. OTHER,2019-12-11T16:15:00Z,Closed - Non-Criminal Case,43810.677083333336,NULL,NA
19004562,LARCENY - OTHER OR FROM OPEN AREA,2019-12-11T08:21:00Z,Closed - Inactive,43807.043749999997,43807.050694444442,530 N 17th St
19004560,DISTURBANCE - OTHER,2019-12-11T00:01:00Z,Closed - Non-Criminal Case,43809.958333333336,NULL,1400 R St
19004559,LARCENY - FROM BUILDING,2019-12-10T22:16:00Z,Closed - Inactive,43809.666666666664,43809.881944444445,820 N 17th St
19004553,LARCENY - STOLEN BIKE,2019-12-10T12:55:00Z,Closed - Cleared by Arrest-Adult,43805.541666666664,43806.666666666664,503 N 14th St
19004551,TELEPHONE - OTHER,2019-12-10T10:54:00Z,Closed - Inactive,43809.176388888889,43809.273611111108,1619 R St
19004549,FIRE - FALSE ALARM,2019-12-10T09:09:00Z,Closed - Non-Criminal Case,43809.381249999999,NULL,942 N 22nd St
19004545,NARCOTICS - POSSESSION,2019-12-09T23:37:00Z,Closed - Cleared by Exception,43808.984027777777,NULL,EAST CAMPUS LOOP & N 38TH ST
19004543,NARCOTICS - POSSESSION,2019-12-09T22:59:00Z,Closed - Cleared by Arrest-Adult,43808.957638888889,NULL,1111 N 14th St
19004540,NARCOTICS - POSSESSION,2019-12-09T20:30:00Z,Closed - Cleared by Arrest-Adult,43808.854166666664,NULL,1120 N 14th St
19004536,LARCENY - OTHER OR FROM OPEN AREA,2019-12-09T17:05:00Z,Closed - Inactive,43808.701388888891,43808.711805555555,600 N 15th St
19004535,LARCENY - STOLEN BIKE,2019-12-09T16:32:00Z,Closed - Inactive,43806.833333333336,43807.666666666664,1600 Court St
19004538,DISTURBANCE - OTHER,2019-12-09T16:10:00Z,Closed - Non-Criminal Case,NULL,NULL,3420 Holdrege St
19004530,VANDALISM - OTHER,2019-12-09T13:56:00Z,Closed - Non-Criminal Case,43805.666666666664,43808.5,1300 Q St
19004528,DISTURBANCE - OTHER,2019-12-09T02:05:00Z,Closed - Non-Criminal Case,43808.086805555555,NULL,N 14TH ST & VINE ST
19004527,DISTURBANCE - OTHER,2019-12-09T01:30:00Z,Closed - Non-Criminal Case,43808.0625,NULL,1300 R St
19004526,TRESPASSING,2019-12-09T00:22:00Z,Closed - Non-Criminal Case,43808.015277777777,NULL,1150 N 14th St
19004514,ACCIDENTS - P.D. H&R NOT REPORTABLE,2019-12-08T10:54:00Z,Closed - Inactive,43806.416666666664,43807.416666666664,NA
19004510,ALCOHOL - MINOR IN POSSESSION,2019-12-08T02:37:00Z,Closed - Inactive,43807.109027777777,NULL,880 N 17th St
19004511,OUTSIDE - O.P.S. OTHER,2019-12-08T02:35:00Z,Closed - Non-Criminal Case,43807.107638888891,NULL,ANTELOPE VALLEY PARKWAY & VINE ST
19004508,ALCOHOL - MINOR IN POSSESSION,2019-12-08T02:10:00Z,Closed - Cleared by Arrest-Adult,43807.090277777781,NULL,880 N 17th St
19004507,ALCOHOL - MINOR IN POSSESSION,2019-12-08T01:47:00Z,Closed - Cleared by Arrest-Adult,43807.074305555558,NULL,1780 R St
19004496,ALCOHOL - MINOR IN POSSESSION,2019-12-07T01:41:00Z,Closed - Cleared by Arrest-Adult,43806.00277777778,NULL,820 N 17th St
19004487,ACCIDENTS - P.D. H&R NOT REPORTABLE,2019-12-06T12:02:00Z,Closed - Inactive,43803.5,43805.473611111112,1801 R St
19004485,NARCOTICS - POSSESSION,2019-12-06T03:38:00Z,Closed - Cleared by Arrest-Adult,43805.151388888888,NULL,1710 Arbor Dr
19004482,VANDALISM - OTHER,2019-12-06T01:39:00Z,Closed - Inactive,43804.306944444441,43805.068749999999,4040 East Campus Loop N
19004468,LARCENY - OTHER OR FROM OPEN AREA,2019-12-05T15:02:00Z,Closed - Cleared by Arrest-Adult,43798.666666666664,43798.680555555555,933 N 16th St
19004467,VANDALISM - OTHER,2019-12-05T13:52:00Z,Closed - Inactive,43804.371527777781,43804.576388888891,933 N 16th St
19004461,TRAFFIC - OTHER,2019-12-04T23:19:00Z,Closed - Inactive,43803.97152777778,NULL,VINE ST & N 23RD ST
19004451,VANDALISM - OTHER,2019-12-04T11:39:00Z,Closed - Inactive,43802.717361111114,NULL,W ST & N 23RD ST
19004445,NARCOTICS - POSSESSION,2019-12-03T22:14:00Z,Closed - Cleared by Arrest-Adult,43802.926388888889,NULL,300 N 17th St
19004444,TRESPASSING,2019-12-03T22:08:00Z,Closed - Non-Criminal Case,43802.922222222223,NULL,840 N 14th St
19004441,SUSPICIOUS PERSON,2019-12-03T15:34:00Z,Closed - Inactive,43801.604166666664,NULL,730 N 14th St
19004434,ACCIDENTS - P.D. H&R NOT REPORTABLE,2019-12-02T19:02:00Z,Closed - Inactive,43801.472222222219,43801.791666666664,300 N 17th St
19004431,ACCIDENTS - P.D. H&R NOT REPORTABLE,2019-12-02T13:14:00Z,Closed - Inactive,43781.385416666664,43783.645833333336,1111 N 14th St
19004429,LARCENY - FROM BUILDING,2019-12-02T12:53:00Z,Closed - Inactive,43791.645833333336,43801.3125,3940 Fair St
19004424,ALCOHOL - MINOR IN POSSESSION,2019-12-02T01:33:00Z,Closed - Non-Criminal Case,43801.064583333333,NULL,1120 N 14th St
19004412,LARCENY - FROM MOTOR VEHICLE,2019-12-01T01:47:00Z,Closed - Non-Criminal Case,43800.074305555558,NULL,615 N 19th St
19004411,TRESPASSING,2019-11-30T17:44:00Z,Closed - Non-Criminal Case,43799.723611111112,NULL,1600 Court St
19004408,DISTURBANCE - OTHER,2019-11-29T21:07:00Z,Closed - Non-Criminal Case,43798.879861111112,43798.879861111112,707 Stadium Dr
19004390,ALCOHOL - DRUNK,2019-11-28T00:20:00Z,Closed - Inactive,43797.013888888891,NULL,1130 N 14th St
19004381,ALCOHOL - DRUNK,2019-11-27T01:02:00Z,Closed - Inactive,43796.043055555558,NULL,1700 N 34th St
19004379,TRESPASSING,2019-11-26T20:06:00Z,Closed - Non-Criminal Case,43795.837500000001,NULL,600 N 15th St
OS19012,STALKING,2019-11-26T15:24:00Z,NA - Clery Report Only,43435.5,43572.5,On-campus Student Housing
OS19011,SEX OFFENSE - RAPE,2019-11-26T15:15:00Z,NA - Clery Report Only,43568.5,NULL,On-campus Student Housing
19004374,TRAFFIC - SUSPENDED DRIVER,2019-11-26T09:53:00Z,Closed - Cleared by Arrest-Adult,43795.376388888886,NULL,N 17TH ST & P ST
OS19010,STALKING,2019-11-26T08:53:00Z,NA - Clery Report Only,43739.5,43772.5,On-campus Student Housing
19004370,ALCOHOL - DRUNK,2019-11-25T23:59:00Z,Closed - Non-Criminal Case,43794.999305555553,NULL,1400 R St
19004369,SUSPICIOUS VEHICLE,2019-11-25T22:14:00Z,Closed - Non-Criminal Case,43794.926388888889,NULL,N 14TH ST & Q ST
19004360,ALCOHOL - UNL POLICY VIOLATION,2019-11-25T15:26:00Z,Closed - Non-Criminal Case,43794.643055555556,NULL,1780 R St
19004352,VANDALISM - OTHER,2019-11-25T10:27:00Z,Closed - Inactive,43791.5,43793.677083333336,615 N 19th St
19004351,VANDALISM - OTHER,2019-11-25T09:02:00Z,Closed - Inactive,43791.333333333336,43794.333333333336,600 N 15th St
19004349,SUSPICIOUS PERSON,2019-11-25T08:44:00Z,Closed - Inactive,NULL,NULL,300 N 17th St
19004348,TRESPASSING,2019-11-25T02:13:00Z,Closed - Cleared by Arrest-Adult,43794.092361111114,NULL,1780 R St
19004346,TRESPASSING,2019-11-24T23:09:00Z,Closed - Non-Criminal Case,43793.964583333334,NULL,600 N 15th St
19004342,DISTURBANCE - OTHER,2019-11-24T21:48:00Z,Closed - Cleared by Arrest-Adult,43793.908333333333,NULL,1055 N 16th St
19004341,LARCENY - STOLEN BIKE,2019-11-24T18:44:00Z,Closed - Inactive,43793.583333333336,43793.780555555553,1300 R St
19004335,TRESPASSING,2019-11-23T18:34:00Z,Closed - Non-Criminal Case,43792.773611111108,NULL,600 N 15th St
19004337,MISSING PERSON - ADULT,2019-11-23T14:10:00Z,Closed - Non-Criminal Case,43792.583333333336,NULL,880 N 17th Street
19004331,LARCENY - FROM BUILDING,2019-11-23T13:41:00Z,Closed - Non-Criminal Case,43792.541666666664,43792.5625,730 N 14th St
19004327,LARCENY - FROM BUILDING,2019-11-23T11:30:00Z,Closed - Inactive,43792.125,NULL,1130 N 14th St
19004322,DISTURBANCE - WILD PARTY,2019-11-22T22:58:00Z,Closed - Non-Criminal Case,43791.956944444442,NULL,1801 R St
19004315,DISTURBANCE - OTHER,2019-11-22T11:13:00Z,Closed - Inactive,43791.467361111114,NULL,660 N 12th St
19004309,ALCOHOL - DRUNK,2019-11-22T03:31:00Z,Closed - Non-Criminal Case,43791.146527777775,NULL,880 N 17th Street
19004307,ALCOHOL - MINOR IN POSSESSION,2019-11-22T00:23:00Z,Closed - Cleared by Arrest-Adult,43791.015972222223,NULL,820 N 17th St
19004298,ACCIDENTS - P.D. H&R NOT REPORTABLE,2019-11-21T17:17:00Z,Closed - Inactive,43786.666666666664,43790.458333333336,1801 R St
19004301,DISTURBANCE - OTHER,2019-11-21T16:13:00Z,Closed - Non-Criminal Case,43781.645833333336,NULL,300 North 17th
19004299,VANDALISM - OTHER,2019-11-21T15:40:00Z,Closed - Inactive,43790.270833333336,43790.645833333336,1140 N 14th St
19004296,VANDALISM - OTHER,2019-11-21T14:07:00Z,Closed - Inactive,43790.588194444441,43790.588194444441,2320 N 43RD ST
19004294,FRAUD - CON GAMES/DECEPTION/FALSE    PRETENSE/OTHER,2019-11-21T10:27:00Z,Closed - Inactive,43779.834722222222,43784.708333333336,880 N 17th St
19004287,ALCOHOL - MINOR IN POSSESSION,2019-11-21T02:06:00Z,Closed - Cleared by Arrest-Adult,43790.087500000001,NULL,820 N 17th St
19004285,ALCOHOL - MINOR IN POSSESSION,2019-11-21T00:50:00Z,Closed - Cleared by Arrest-Adult,43789.976388888892,NULL,820 N 17th St
OS19009,ASSAULT - NON DOMESTIC,2019-11-20T11:00:00Z,NA - Clery Report Only,43765.5,NULL,On-campus Student Housing
19004265,TRESPASSING,2019-11-20T00:44:00Z,Closed - Non-Criminal Case,43789.030555555553,NULL,1800 N 33rd Street
19004258,ACCIDENTS - P.D. H&R NOT REPORTABLE,2019-11-19T13:54:00Z,Closed - Cleared by Arrest-Adult,43788.371527777781,43788.57916666667,933 N 16th St
19004249,SUSPICIOUS PERSON,2019-11-19T01:12:00Z,Closed - Cleared by Exception,43788.05,NULL,1400 R St
19004248,DISTURBANCE - WILD PARTY,2019-11-19T00:01:00Z,Closed - Inactive,43788.000694444447,NULL,1515 R St
19004247,ALCOHOL - MINOR IN POSSESSION,2019-11-18T23:48:00Z,Closed - Inactive,43787.991666666669,NULL,1505 S St
19004244,DISTURBANCE - OTHER,2019-11-18T22:46:00Z,Closed - Non-Criminal Case,43787.948611111111,NULL,N 15TH ST & S ST
19004242,DISTURBANCE - OTHER,2019-11-18T22:18:00Z,Closed - Non-Criminal Case,43786.125,NULL,1780 R St
19004240,LARCENY - FROM BUILDING,2019-11-18T21:55:00Z,Closed - Non-Criminal Case,43787.868055555555,43787.888888888891,841 N 14th St
19004233,ACCIDENTS - P.D. H&R NOT REPORTABLE,2019-11-18T11:43:00Z,Closed - Inactive,43787.385416666664,43787.479166666664,1830 Vine St
19004229,TRAFFIC - SUSPENDED DRIVER,2019-11-18T04:09:00Z,Closed - Cleared by Arrest-Adult,43787.170138888891,NULL,N 17TH ST & R ST
19004222,ACCIDENTS - P.D. H&R NOT REPORTABLE,2019-11-17T15:48:00Z,Closed - Inactive,43779.520833333336,43780.895833333336,1144 T St
19004221,DISTURBANCE - OTHER,2019-11-17T12:44:00Z,Closed - Cleared by Arrest-Adult,43786,43786.166666666664,N 18TH ST & R ST
19004213,DISTURBANCE - OTHER,2019-11-16T19:51:00Z,Closed - Cleared by Arrest-Adult,43785.82708333333,NULL,433 N 19th St
19004212,ALCOHOL - DWI,2019-11-16T19:12:00Z,Closed - Cleared by Arrest-Adult,43785.8,NULL,1400 R St
19004201,LARCENY - OTHER OR FROM OPEN AREA,2019-11-16T01:22:00Z,Closed - Cleared by Arrest-Adult,43785.056944444441,NULL,N 16TH ST & R ST
19004200,ALCOHOL - MINOR IN POSSESSION,2019-11-16T01:06:00Z,Closed - Cleared by Arrest-Adult,43785.04583333333,NULL,433 N 19th St
19004198,NARCOTICS - POSSESSION,2019-11-16T00:14:00Z,Closed - Cleared by Arrest-Juvenile,43785.009722222225,NULL,600 N 15th Street
19004196,FIRE - FALSE ALARM,2019-11-15T23:39:00Z,Closed - Cleared by Arrest-Adult,43784.98541666667,NULL,1545 R St
19004195,FIRE - FALSE ALARM,2019-11-15T22:11:00Z,Closed - Inactive,43784.924305555556,NULL,1150 N 14th St
19004181,ALCOHOL - USING FALSE I.D.,2019-11-15T11:41:00Z,Closed - Cleared by Arrest-Adult,43784.486805555556,NULL,300 N 17th St
19004178,DISTURBANCE - OTHER,2019-11-15T08:40:00Z,Closed - Non-Criminal Case,43768.333333333336,NULL,1400 R St
19004174,LARCENY - FROM MOTOR VEHICLE,2019-11-14T23:08:00Z,Closed - Inactive,43783.109027777777,43783.111111111109,1150 N 14th St
19004171,LARCENY - FROM MOTOR VEHICLE,2019-11-14T21:05:00Z,Closed - Inactive,43783.085416666669,NULL,1150 N 14th St
19004165,SUSPICIOUS PERSON,2019-11-14T17:29:00Z,Closed - Inactive,43783.747916666667,43783.747916666667,1150 N 14th St
19004164,LARCENY - FROM MOTOR VEHICLE,2019-11-14T16:47:00Z,Closed - Inactive,43783.125,43783.25,615 N 19th St
19004163,VANDALISM - OTHER,2019-11-14T15:19:00Z,Closed - Inactive,43777.833333333336,43781.458333333336,1901 Vine St
19004158,FRAUD - CON GAMES/DECEPTION/FALSE    PRETENSE/OTHER,2019-11-14T11:41:00Z,Closed - Cleared by Arrest-Adult,43733.5,43771.5,1400 R St
19004153,LARCENY - FROM MOTOR VEHICLE,2019-11-13T21:42:00Z,Closed - Inactive,43782.625,43782.868055555555,1055 N 16th St
19004149,ACCIDENTS - P.D. H&R NOT REPORTABLE,2019-11-13T12:02:00Z,Closed - Cleared by Arrest-Adult,43782.456944444442,NULL,625 Stadium Dr
19004146,TRESPASSING,2019-11-13T10:46:00Z,Closed - Non-Criminal Case,43782.448611111111,NULL,1901 Y St
19004145,LARCENY - FROM BUILDING,2019-11-13T10:41:00Z,Closed - Inactive,43780.625,43781.125,600 N 15th St
19004144,LARCENY - STOLEN BIKE,2019-11-13T10:24:00Z,Closed - Inactive,43782.395833333336,43782.430555555555,1901 Vine St
19004136,NARCOTICS - OTHER,2019-11-12T15:41:00Z,Closed - Inactive,NULL,NULL,1055 N 16th St
19004135,ACCIDENTS - P.D. H&R NOT REPORTABLE,2019-11-12T14:33:00Z,Closed - Inactive,43781.447916666664,43781.493055555555,300 N 17th St
19004125,OUTSIDE - O.P.S. OTHER,2019-11-12T14:23:00Z,Closed - Non-Criminal Case,43772.2,NULL,NA
19004132,DISTURBANCE - OTHER,2019-11-12T13:08:00Z,Closed - Non-Criminal Case,43781.534722222219,43781.545138888891,1400 R St
19004130,TRESPASSING,2019-11-12T12:53:00Z,Closed - Non-Criminal Case,43781.536805555559,NULL,1901 Y St
19004119,VANDALISM - OTHER,2019-11-11T13:09:00Z,Closed - Inactive,NULL,NULL,1120 N 14th St
19004103,DISTURBANCE - OTHER,2019-11-10T02:16:00Z,Closed - Inactive,43779.094444444447,NULL,1425 R St
19004101,ALCOHOL - MINOR IN POSSESSION,2019-11-10T01:06:00Z,Closed - Non-Criminal Case,43779.04583333333,NULL,1130 N 14th St
19004100,ALCOHOL - MINOR IN POSSESSION,2019-11-10T00:26:00Z,Closed - Cleared by Arrest-Juvenile,43779.018055555556,NULL,880 N 17th St
19004098,ALCOHOL - MINOR IN POSSESSION,2019-11-09T22:35:00Z,Closed - Non-Criminal Case,43778.940972222219,NULL,1541 S St
19004096,ASSAULT - DOMESTIC,2019-11-09T04:33:00Z,Closed - Cleared by Arrest-Adult,43778.189583333333,NULL,1055 N 16th St
19004095,NARCOTICS - POSSESSION,2019-11-09T01:01:00Z,Closed - Cleared by Arrest-Adult,43778.042361111111,NULL,1150 N 14th St
19004090,DISTURBANCE - OTHER,2019-11-08T21:31:00Z,Closed - Non-Criminal Case,43759.654166666667,43759.904861111114,300 N 17th St
19004080,NARCOTICS - POSSESSION,2019-11-08T10:37:00Z,Closed - Cleared by Arrest-Adult,NULL,NULL,820 N 17th St
19004070,ACCIDENTS - P.D. H&R NOT REPORTABLE,2019-11-07T17:25:00Z,Closed - Cleared by Arrest-Adult,43774.375,43776.680555555555,1801 R St
19004064,LARCENY - FROM BUILDING,2019-11-07T15:16:00Z,Closed - Inactive,43776.486111111109,43776.613194444442,200 Centennial Mall N
19004066,FRAUD - CREDIT CARDS/ATM/BANK CARD,2019-11-07T15:16:00Z,Closed - Inactive,43776.486111111109,43776.613194444442,NA
19004060,DISTURBANCE - OTHER,2019-11-07T08:51:00Z,Closed - Inactive,43776.041666666664,43776.058333333334,NA
19004048,NARCOTICS - POSSESSION,2019-11-06T15:17:00Z,Closed - Cleared by Arrest-Adult,43775.636805555558,NULL,880 N 17th St
19004047,LARCENY - MOTOR VEH. ACCESSORIES,2019-11-06T13:40:00Z,Closed - Inactive,43747.333333333336,43775.569444444445,3721 East Campus Loop No.
19004046,LARCENY - MOTOR VEH. ACCESSORIES,2019-11-06T13:14:00Z,Closed - Inactive,43739.333333333336,43769.416666666664,3721 East Campus Loop No.
19004032,ALCOHOL - DRUNK,2019-11-05T04:49:00Z,Closed - Non-Criminal Case,43774.200694444444,NULL,N 17TH ST & R ST
19004031,ALCOHOL - MINOR IN POSSESSION,2019-11-05T03:25:00Z,Closed - Cleared by Arrest-Adult,43774.142361111109,NULL,820 N 17th St
19004027,TRESPASSING,2019-11-04T19:36:00Z,Closed - Non-Criminal Case,NULL,NULL,600 N 15th St
19004024,LITTERING,2019-11-04T17:08:00Z,Closed - Cleared by Arrest-Adult,43773.775694444441,43773.775694444441,615 N 19th St
19004019,VANDALISM - OTHER,2019-11-04T15:50:00Z,Closed - Inactive,43772.708333333336,43773.625,451 N 12th St
19004015,DISTURBANCE - OTHER,2019-11-04T13:18:00Z,Closed - Inactive,43475.622916666667,43773.622916666667,300 N 17th St
19004011,TRAFFIC - OTHER,2019-11-04T07:54:00Z,Closed - Inactive,43771.809027777781,43771.811111111114,1931 N Antelope Valley Pky
19004007,DISTURBANCE - OTHER,2019-11-03T20:55:00Z,Closed - Non-Criminal Case,43772.871527777781,NULL,440 N 17th St
19004006,STALKING,2019-11-03T12:47:00Z,Closed - Inactive,43767.53125,43772.532638888886,1120 N 14th St
19004003,VANDALISM - OTHER,2019-11-03T02:40:00Z,Closed - Inactive,43772.013888888891,43772.111111111109,1780 R Street
19004056,DISTURBANCE - WILD PARTY,2019-11-03T00:01:00Z,Closed - Inactive,43772.000694444447,NULL,1545 N 31st
19003981,ACCIDENTS - P.D. H&R NOT REPORTABLE,2019-11-02T21:24:00Z,Closed - Cleared by Arrest-Adult,43770.652777777781,43770.82916666667,715 N 16th Street
19003989,FIRE (WORKING) - NO ALARM,2019-11-02T11:23:00Z,Closed - Non-Criminal Case,43771.340277777781,NULL,2065 N 38th St
19003980,ASSAULT - NON DOMESTIC,2019-11-01T19:35:00Z,Closed - Inactive,43770.802777777775,NULL,845 N 14th St
19003978,AUTO THEFT,2019-11-01T15:14:00Z,Closed - Cleared by Arrest-Adult,43769.791666666664,43770.604166666664,615 N 19th St
19003976,AUTO THEFT,2019-11-01T14:08:00Z,Closed - Cleared by Arrest-Adult,43770.09375,NULL,4000 East Campus Loop S
19003969,"FRAUD, FAIL TO PAY",2019-11-01T08:38:00Z,Closed - Cleared by Exception,43769.749305555553,43769.752083333333,3855 Merrill St
19003966,VANDALISM - OTHER,2019-11-01T04:45:00Z,Closed - Cleared by Arrest-Adult,43770.197916666664,NULL,639 N 12th Street
19003964,NARCOTICS - POSSESSION,2019-11-01T02:34:00Z,Closed - Cleared by Arrest-Adult,43770.106944444444,NULL,O ST & N 16TH ST
19003963,FALSE INFORMATION - GIVEN TO OFC.,2019-11-01T02:28:00Z,Closed - Cleared by Arrest-Adult,43770.102777777778,NULL,Q ST & N 17TH ST
19003960,NARCOTICS - POSSESSION,2019-11-01T00:25:00Z,Closed - Cleared by Arrest-Adult,43770.017361111109,NULL,ANTELOPE VALLEY PARKWAY & P ST
19003959,ALCOHOL - MINOR IN POSSESSION,2019-10-31T23:27:00Z,Closed - Cleared by Arrest-Adult,43769.977083333331,NULL,1313 N 13th Street
19003955,FRAUD - CHECKS INSUF/NO ACC/NOT FORGED,2019-10-31T15:28:00Z,Closed - Inactive,43769.644444444442,NULL,300 N 17th St
19003954,LARCENY - MOTOR VEH. ACCESSORIES,2019-10-31T13:08:00Z,Closed - Inactive,43767.69027777778,NULL,2200 Vine St
19003945,NARCOTICS - POSSESSION,2019-10-31T00:45:00Z,Closed - Cleared by Arrest-Adult,43769.03125,NULL,1111 N 14th St
19003933,DISTURBANCE - OTHER,2019-10-30T12:44:00Z,Closed - Non-Criminal Case,43768.530555555553,NULL,513 N 17th St
19003931,FRAUD - CON GAMES/DECEPTION/FALSE    PRETENSE/OTHER,2019-10-30T11:48:00Z,Closed - Inactive,43768.491666666669,NULL,900 N 16th St
19003930,ALCOHOL - DRUNK,2019-10-30T07:33:00Z,Closed - Non-Criminal Case,43768.314583333333,NULL,625 Stadium Dr
19003929,ALCOHOL - DRUNK,2019-10-30T04:48:00Z,Closed - Non-Criminal Case,43768.083333333336,43768.2,200 Centennial Mall N
19003927,ALCOHOL - DRUNK,2019-10-30T01:13:00Z,Closed - Non-Criminal Case,43768.050694444442,NULL,N 14TH ST & W ST
19003926,LARCENY - OTHER OR FROM OPEN AREA,2019-10-30T00:03:00Z,Closed - Cleared by Arrest-Adult,43768.002083333333,NULL,1300 R St
19003923,DISTURBANCE - OTHER,2019-10-29T22:30:00Z,Closed - Non-Criminal Case,43767.875,NULL,1601 R St
19003920,ASSAULT - NON DOMESTIC,2019-10-29T17:52:00Z,Closed - Cleared by Arrest-Adult,43765.53125,NULL,"433 N 19th St,"
19003940,ASSAULT - DOMESTIC,2019-10-29T17:52:00Z,Closed - Cleared by Arrest-Adult,43765.03125,NULL,433 N 19th St
19003917,ALCOHOL - DWI,2019-10-29T15:07:00Z,Closed - Cleared by Arrest-Adult,43767.629861111112,NULL,N 16TH ST & Q ST
19003913,ALCOHOL - DRUNK,2019-10-29T13:10:00Z,Closed - Non-Criminal Case,43767.548611111109,NULL,1400 R St
19003912,TRAFFIC - OTHER,2019-10-29T11:57:00Z,Closed - Cleared by Arrest-Adult,43767.497916666667,NULL,N 14TH ST & VINE ST
19003908,LARCENY - FROM BUILDING,2019-10-28T20:35:00Z,Closed - Inactive,43763.5,43766.354166666664,400 Stadium Dr
19003906,FRAUD - CON GAMES/DECEPTION/FALSE    PRETENSE/OTHER,2019-10-28T20:00:00Z,Closed - Inactive,43735,43759.583333333336,300 N 17th St
19003901,ALCOHOL - DRUNK,2019-10-28T15:15:00Z,Closed - Non-Criminal Case,43766.635416666664,NULL,1400 R St
19003898,VANDALISM - BY GRAFFITI,2019-10-28T14:10:00Z,Closed - Inactive,NULL,NULL,1410 Q St
19003893,ALCOHOL - DRUNK,2019-10-27T22:10:00Z,Closed - Non-Criminal Case,43765.923611111109,NULL,1300 R St
19003895,FRAUD - CON GAMES/DECEPTION/FALSE    PRETENSE/OTHER,2019-10-27T17:14:00Z,Closed - Inactive,43755.510416666664,43764.510416666664,1400 R St
19003872,NARCOTICS - POSSESSION,2019-10-26T18:28:00Z,Closed - Non-Criminal Case,43764.769444444442,NULL,300 N 17th St
19003868,NARCOTICS - OTHER,2019-10-26T13:12:00Z,Closed - Non-Criminal Case,43764.55,NULL,880 N 17th St
19003862,ALCOHOL - MINOR IN POSSESSION,2019-10-26T01:00:00Z,Closed - Cleared by Arrest-Adult,43764.041666666664,NULL,880 N 17th St
19003864,TRAFFIC - OTHER,2019-10-26T00:01:00Z,Closed - Non-Criminal Case,43764.000694444447,NULL,ANTELOPE VALLEY PARKWAY & SAUNDERS AVE
19003860,NARCOTICS - POSSESSION,2019-10-25T23:25:00Z,Closed - Cleared by Arrest-Adult,43763.975694444445,NULL,N 17TH ST & R ST
19003834,ACCIDENTS - P.D. H&R NOT REPORTABLE,2019-10-24T10:06:00Z,Closed - Inactive,43753.5,43760.625,1801 R St
19003832,TELEPHONE - OTHER,2019-10-24T08:36:00Z,Closed - Non-Criminal Case,43761.893055555556,43762.944444444445,1100 T St
19003830,ALCOHOL - DWI,2019-10-24T02:47:00Z,Closed - Cleared by Arrest-Adult,43762.115972222222,NULL,1100 T Street
19003829,NARCOTICS - POSSESSION,2019-10-23T22:47:00Z,Closed - Cleared by Arrest-Adult,43761.949305555558,NULL,880 N 17th St
19003821,DISTURBANCE - OTHER,2019-10-23T19:28:00Z,Closed - Non-Criminal Case,43761.811111111114,NULL,300 N 17th St
19003820,DISTURBANCE - OTHER,2019-10-23T18:56:00Z,Closed - Inactive,43761.756944444445,43761.770833333336,530 N 17th St
19003817,LARCENY - FROM BUILDING,2019-10-23T16:45:00Z,Closed - Cleared by Exception,43761.4375,43761.45208333333,730 N 14th St
19003816,LARCENY - STOLEN BIKE,2019-10-23T16:25:00Z,Closed - Inactive,43757.854166666664,43761.625,880 N 17th St
19003815,LARCENY - STOLEN BIKE,2019-10-23T15:39:00Z,Closed - Inactive,43761.532638888886,43761.541666666664,2225 W St
19003813,DISTURBANCE - OTHER,2019-10-23T12:48:00Z,Closed - Non-Criminal Case,43761.349305555559,NULL,1100 T ST
19003810,OUTSIDE - O.P.S. OTHER,2019-10-23T08:22:00Z,Closed - Non-Criminal Case,43761.348611111112,NULL,1001 Y St
19003808,OUTSIDE - O.P.S. OTHER,2019-10-22T23:23:00Z,Closed - Non-Criminal Case,43760.974305555559,NULL,300 N 17th St
19003806,NARCOTICS - POSSESSION,2019-10-22T20:03:00Z,Closed - Cleared by Arrest-Adult,43760.835416666669,NULL,600 N 15th St
19003799,ALCOHOL - DRUNK,2019-10-21T23:01:00Z,Closed - Non-Criminal Case,43759.959027777775,NULL,1400 R St
19003795,VANDALISM - BY GRAFFITI,2019-10-21T14:57:00Z,Closed - Inactive,43759.622916666667,NULL,1100 T St
19003785,LARCENY - FROM BUILDING,2019-10-20T14:48:00Z,Closed - Inactive,43758.541666666664,43758.604166666664,841 N 14th Street
19003784,LARCENY - OTHER OR FROM OPEN AREA,2019-10-20T11:40:00Z,Closed - Inactive,43757.541666666664,43757.6875,1650 N 35th St
19003783,ALCOHOL - DRUNK,2019-10-20T03:29:00Z,Closed - Non-Criminal Case,43758.145138888889,NULL,733 N 17th Street
19003774,ALCOHOL - MINOR IN POSSESSION,2019-10-18T23:17:00Z,Closed - Cleared by Arrest-Adult,43756.970138888886,NULL,880 N 17th St
19003772,ALCOHOL - MINOR IN POSSESSION,2019-10-18T22:26:00Z,Closed - Cleared by Arrest-Adult,43756.93472222222,NULL,300 N 17th Street
19003766,DISTURBANCE - OTHER,2019-10-18T13:05:00Z,Closed - Non-Criminal Case,43756.333333333336,43756.47152777778,625 N 14th St
19003763,ALCOHOL - MINOR IN POSSESSION,2019-10-18T01:39:00Z,Closed - Cleared by Arrest-Adult,43756.068749999999,NULL,N 17TH ST & R ST
19003762,ALCOHOL - MINOR IN POSSESSION,2019-10-18T01:01:00Z,Closed - Cleared by Arrest-Adult,43756.042361111111,NULL,N 16TH ST & S ST
19003761,LARCENY - OTHER OR FROM OPEN AREA,2019-10-18T00:52:00Z,Closed - Inactive,43756.036111111112,NULL,530 N 17th St
19003749,FRAUD - CON GAMES/DECEPTION/FALSE    PRETENSE/OTHER,2019-10-17T17:14:00Z,Closed - Inactive,43728.760416666664,43755.718055555553,600 N 15th St
19003745,ASSAULT - NON DOMESTIC,2019-10-17T12:29:00Z,Closed - Cleared by Arrest-Adult,43755.479166666664,NULL,733 N 17th St
19003736,TELEPHONE - OTHER,2019-10-17T07:18:00Z,Closed - Non-Criminal Case,43754.6875,43754.708333333336,942 N 22nd St
19003767,SEX OFFENSE - OTHER,2019-10-17T04:16:00Z,Closed - Inactive,NULL,NULL,300 N 17th St
19003730,DISTURBANCE - OTHER,2019-10-16T22:39:00Z,Closed - Inactive,43754.943749999999,NULL,1300 R Street
19003728,NARCOTICS - POSSESSION,2019-10-16T21:06:00Z,Closed - Cleared by Arrest-Adult,43754.882638888892,NULL,300 N 17th St
19003724,ACCIDENTS - P.D. H&R NOT REPORTABLE,2019-10-16T15:37:00Z,Closed - Cleared by Arrest-Adult,43754.416666666664,43754.645833333336,1100 T St
19003723,VANDALISM - BY GRAFFITI,2019-10-16T15:04:00Z,Closed - Inactive,NULL,NULL,1120 N 14th St
19003709,LARCENY - OTHER OR FROM OPEN AREA,2019-10-15T18:35:00Z,Closed - Inactive,43753.729166666664,43753.75,841 N 14th St
19003706,LARCENY - STOLEN BIKE,2019-10-15T17:15:00Z,Closed - Inactive,43752.708333333336,43753.388888888891,880 N 17th St
19003703,LARCENY - FROM MOTOR VEHICLE,2019-10-15T11:35:00Z,Closed - Inactive,43753.069444444445,43753.482638888891,1430 Idylwild Dr
19003685,LARCENY - FROM BUILDING,2019-10-14T10:48:00Z,Closed - Inactive,43746.604166666664,43749.71875,550 N 19th St
19003678,SEX OFFENSE - RAPE,2019-10-13T23:22:00Z,Closed - Cleared by Arrest-Adult,43750.958333333336,43751.041666666664,601 N 16th St
19003676,ALCOHOL - DRUNK,2019-10-13T22:57:00Z,Closed - Non-Criminal Case,43751.956250000003,NULL,1780 R St
19003675,ALCOHOL - MINOR IN POSSESSION,2019-10-13T20:00:00Z,Closed - Cleared by Arrest-Adult,43751.833333333336,NULL,880 N 17th St
19003665,ALCOHOL - MINOR IN POSSESSION,2019-10-13T03:44:00Z,Closed - Cleared by Arrest-Adult,43751.155555555553,NULL,1780 R St
19003664,ALCOHOL - MINOR IN POSSESSION,2019-10-13T02:06:00Z,Closed - Cleared by Arrest-Adult,43751.087500000001,NULL,1130 N 14th St
19003662,ALCOHOL - MINOR IN POSSESSION,2019-10-13T00:21:00Z,Closed - Cleared by Arrest-Adult,43751.01458333333,NULL,1780 R Street
19003658,DISTURBANCE - OTHER,2019-10-12T20:01:00Z,Closed - Inactive,43750.834027777775,NULL,1113 R Street
19003654,VANDALISM - OTHER,2019-10-12T08:38:00Z,Closed - Cleared by Arrest-Adult,43750,43750.0625,1433 R St
19003653,ALCOHOL - DRUNK,2019-10-12T01:09:00Z,Closed - Non-Criminal Case,43750.04791666667,NULL,880 N 17th St
19003651,DISTURBANCE - OTHER,2019-10-11T22:35:00Z,Closed - Inactive,43749.982638888891,NULL,1400 R Street
19003652,DISTURBANCE - OTHER,2019-10-11T22:31:00Z,Closed - Non-Criminal Case,43749.938194444447,NULL,880 N 17th St
19003646,AUTO THEFT,2019-10-11T17:33:00Z,Closed - Inactive,43747.777777777781,43749.791666666664,1111 N 14th St
19003647,LARCENY - MOTOR VEH. ACCESSORIES,2019-10-11T16:44:00Z,Closed - Inactive,43744.854166666664,43749.666666666664,1150 N 14th St
19003644,LARCENY - STOLEN BIKE,2019-10-11T15:45:00Z,Open,43747.875,43749.5625,930 N 14th St
19003637,DISTURBANCE - OTHER,2019-10-11T09:49:00Z,Closed - Inactive,43749.40902777778,43749.40902777778,300 N 17th St
19003634,ALCOHOL - DRUNK,2019-10-10T23:41:00Z,Closed - Non-Criminal Case,43748.972916666666,NULL,601 N. 16th Street
19003632,OUTSIDE - O.P.S. OTHER,2019-10-10T21:13:00Z,Closed - Non-Criminal Case,43748.884027777778,NULL,730 N 14th St
19003622,LARCENY - FROM BUILDING,2019-10-10T15:49:00Z,Closed - Inactive,43748.569444444445,43748.583333333336,855 N 16th St
19003618,FRAUD - CON GAMES/DECEPTION/FALSE    PRETENSE/OTHER,2019-10-10T13:02:00Z,Closed - Inactive,43735.5,43748.543055555558,1850 P St
19003612,FND ARTICLE OTHER THAN ABAND. BIKE OR VEH.,2019-10-10T06:21:00Z,Closed - Cleared by Arrest-Adult,NULL,NULL,730 N 14th Street
19003601,ACCIDENTS - P.D. H&R NOT REPORTABLE,2019-10-09T11:12:00Z,Closed - Inactive,43747.409722222219,43747.458333333336,N 37TH ST & FAIR ST
19003598,"FRAUD, FAIL TO PAY",2019-10-09T08:56:00Z,Closed - Inactive,43742.708333333336,43747.3125,4000 East Campus Loop S
19003589,VANDALISM - OTHER,2019-10-08T16:32:00Z,Closed - Inactive,NULL,NULL,1144 T St
19003682,OUTSIDE - O.P.S. OTHER,2019-10-08T15:20:00Z,Closed - Non-Criminal Case,43746.638888888891,NULL,300 N 17th St
19003587,OUTSIDE - O.P.S. OTHER,2019-10-08T13:06:00Z,Closed - Non-Criminal Case,43746.54583333333,NULL,S 27TH ST & SOUTHRIDGE RD
19003584,DISTURBANCE - OTHER,2019-10-08T09:35:00Z,Closed - Non-Criminal Case,43745.604166666664,43745.666666666664,1780 R St
19003572,LARCENY - STOLEN BIKE,2019-10-07T14:32:00Z,Closed - Inactive,43745.177083333336,43745.451388888891,440 N 17th St
19003567,VANDALISM - OTHER,2019-10-07T09:08:00Z,Closed - Inactive,43743.381249999999,NULL,1300 R St
19003564,SEX OFFENSE - OTHER,2019-10-06T20:47:00Z,Closed - Inactive,43744.145833333336,43744.166666666664,1425 R St
19003557,LARCENY - FROM MOTOR VEHICLE,2019-10-06T11:03:00Z,Closed - Inactive,43743.310416666667,NULL,1531 S St
19003556,ALCOHOL - DRUNK,2019-10-06T02:51:00Z,Closed - Non-Criminal Case,43744.118750000001,NULL,1120 N 14th St
19003555,NARCOTICS - POSSESSION,2019-10-06T02:04:00Z,Closed - Cleared by Arrest-Adult,43744.086111111108,NULL,N 16TH ST & R ST
19003553,LARCENY - STOLEN BIKE,2019-10-06T01:18:00Z,Closed - Cleared by Arrest-Adult,43744.054166666669,NULL,530 N 17th St
19003552,ALCOHOL - DRUNK,2019-10-05T23:57:00Z,Closed - Non-Criminal Case,43743.997916666667,NULL,1120 N 14th St
19003551,ALCOHOL - MINOR IN POSSESSION,2019-10-05T23:48:00Z,Closed - Cleared by Arrest-Adult,43743.991666666669,NULL,1780 R St
19003549,ALCOHOL - DRUNK,2019-10-05T21:22:00Z,Closed - Non-Criminal Case,43743.890277777777,NULL,560 Stadium Dr
19003543,ALCOHOL - USING FALSE I.D.,2019-10-05T15:26:00Z,Closed - Cleared by Arrest-Adult,43743.643055555556,NULL,707 Stadium Dr
19003542,ALCOHOL - USING FALSE I.D.,2019-10-05T15:04:00Z,Closed - Cleared by Arrest-Adult,43743.62777777778,NULL,1100 T St
19003535,FIRE - FALSE ALARM,2019-10-05T01:19:00Z,Closed - Inactive,43743.054861111108,NULL,1515 R St
19003534,ALCOHOL - DRUNK,2019-10-05T00:17:00Z,Closed - Non-Criminal Case,43743.011805555558,NULL,880 N 17th St
19003533,ALCOHOL - DRUNK,2019-10-04T23:50:00Z,Closed - Non-Criminal Case,43742.993055555555,NULL,1801 R St
19003532,BURGLARY,2019-10-04T23:04:00Z,Closed - Non-Criminal Case,43742.583333333336,43742.75,880 N 17th St
19003529,SUSPICIOUS ITEM OR PACKAGE (NON-EXPLOSIVE),2019-10-04T18:15:00Z,Closed - Non-Criminal Case,43742.760416666664,NULL,1111 N 14th St
19003524,TELEPHONE - THREATENING CALLS,2019-10-04T16:36:00Z,Closed - Inactive,43742.691666666666,43742.691666666666,4240 Fair St
19003512,ALCOHOL - USING FALSE I.D.,2019-10-04T05:46:00Z,Closed - Cleared by Arrest-Adult,43742.240277777775,NULL,200 Centennial Mall N
19003508,LARCENY - STOLEN BIKE,2019-10-04T01:32:00Z,Closed - Cleared by Arrest-Adult,43742.063888888886,NULL,1710 Arbor Dr
19003502,ALCOHOL - MINOR IN POSSESSION,2019-10-03T21:35:00Z,Closed - Cleared by Arrest-Adult,43741.892361111109,NULL,4100 N 84th St
19003494,ASSAULT - NON DOMESTIC,2019-10-03T16:39:00Z,Closed - Inactive,43736.743055555555,NULL,STADIUM DR & U ST
19003497,DISTURBANCE - OTHER,2019-10-03T16:30:00Z,Closed - Inactive,43741.6875,NULL,300 N 17th St
19003492,LARCENY - FROM MOTOR VEHICLE,2019-10-03T14:46:00Z,Closed - Cleared by Arrest-Adult,43740.385416666664,43741.4375,1150 N 14th St
19003487,SUSPICIOUS PERSON,2019-10-03T02:40:00Z,Closed - Non-Criminal Case,43741.111111111109,NULL,N ANTELOPE VALLEY PKWY & VINE ST
19003480,DISTURBANCE - OTHER,2019-10-02T16:58:00Z,Closed - Cleared by Exception,43739.854166666664,43739.916666666664,1400 R St
OS19008,SEX OFFENSE - RAPE,2019-10-02T09:06:00Z,NA - Clery Report Only,43336.5,43342.5,On-campus Student Housing
19003471,LARCENY - STOLEN BIKE,2019-10-01T17:04:00Z,Closed - Non-Criminal Case,43734.416666666664,43738.479166666664,730 N 14th St
19003457,DISTURBANCE - OTHER,2019-09-30T21:34:00Z,Closed - Non-Criminal Case,43738.8125,43738.815972222219,1433 W St
19003442,LARCENY - STOLEN BIKE,2019-09-30T11:31:00Z,Closed - Inactive,43736.291666666664,43738.479166666664,1600 Court Street
19003439,VANDALISM - OTHER,2019-09-30T09:03:00Z,Closed - Inactive,43735.5,43738.377083333333,N 14TH ST & U ST
19003438,LARCENY - FROM BUILDING,2019-09-30T08:32:00Z,Closed - Non-Criminal Case,43735.5,43736.947916666664,1300 R St
19003417,VANDALISM - OTHER,2019-09-29T09:12:00Z,Closed - Inactive,43736.708333333336,43737.383333333331,840 N 14th St
19003414,ALCOHOL - DRUNK,2019-09-29T03:30:00Z,Closed - Non-Criminal Case,43737.120138888888,NULL,R ST & N 16TH ST
19003415,ALCOHOL - DRUNK,2019-09-29T02:53:00Z,Closed - Cleared by Arrest-Adult,43737.120138888888,NULL,N 16TH ST & S ST
19003411,LARCENY - OTHER OR FROM OPEN AREA,2019-09-29T01:14:00Z,Closed - Cleared by Arrest-Adult,43737.034722222219,43737.051388888889,101 N 14th
19003410,ALCOHOL - DRUNK,2019-09-29T00:06:00Z,Closed - Cleared by Arrest-Adult,43737.004166666666,NULL,402 Stadium Dr
19003407,FND ARTICLE OTHER THAN ABAND. BIKE OR VEH.,2019-09-28T23:11:00Z,Closed - Cleared by Arrest-Adult,43736.96597222222,NULL,1100 T St
19003404,LARCENY - OTHER OR FROM OPEN AREA,2019-09-28T20:49:00Z,Closed - Non-Criminal Case,43736.679166666669,43736.688194444447,1150 N 14th St
19003402,ALCOHOL - MINOR IN POSSESSION,2019-09-28T19:46:00Z,Closed - Cleared by Arrest-Adult,43736.823611111111,NULL,639 N 12th St
19003400,ALCOHOL - MINOR IN POSSESSION,2019-09-28T19:21:00Z,Closed - Cleared by Arrest-Adult,43736.806250000001,NULL,1100 T St
19003416,FRAUD - CREDIT CARDS/ATM/BANK CARD,2019-09-28T14:09:00Z,Closed - Cleared by Arrest-Adult,43736.208333333336,43736.5,NA
19003385,ALCOHOL - MINOR IN POSSESSION,2019-09-28T03:38:00Z,Closed - Cleared by Arrest-Adult,43736.151388888888,NULL,1150 N 14th St
19003383,ALCOHOL - MINOR IN POSSESSION,2019-09-28T02:12:00Z,Closed - Cleared by Arrest-Adult,43736.091666666667,NULL,880 N 17th St
19003381,ALCOHOL - MINOR IN POSSESSION,2019-09-28T01:43:00Z,Closed - Cleared by Arrest-Adult,43736.071527777778,NULL,1150 N 14th St
19003379,OUTSIDE - O.P.S. OTHER,2019-09-28T00:05:00Z,Closed - Cleared by Arrest-Adult,43736.003472222219,NULL,N 22ND CT & Y ST
19003372,VANDALISM - OTHER,2019-09-27T13:10:00Z,Closed - Cleared by Arrest-Adult,43734.729166666664,43734.730555555558,1705 Arbor Dr
19003363,ACCIDENTS - P.D. H&R NOT REPORTABLE,2019-09-26T17:16:00Z,Open,43728.333333333336,43728.666666666664,1111 N 14th St
19003359,FRAUD - CON GAMES/DECEPTION/FALSE    PRETENSE/OTHER,2019-09-26T09:12:00Z,Closed - Inactive,43731.833333333336,43731.875,2721 N. 6th St.
19003347,NARCOTICS - POSSESSION,2019-09-25T16:16:00Z,Closed - Cleared by Arrest-Adult,43733.677777777775,NULL,1780 R St
OS19007,SEX OFFENSE - RAPE,2019-09-25T08:22:00Z,NA - Clery Report Only,43282.5,NULL,Non-campus property
19003337,DISTURBANCE - DOMESTIC,2019-09-24T19:43:00Z,Closed - Non-Criminal Case,NULL,NULL,600 N 15th St
19003328,ACCIDENTS - P.D. H&R NOT REPORTABLE,2019-09-24T15:04:00Z,Closed - Inactive,43726.333333333336,43726.708333333336,1600 N 33rd Street
19003317,NARCOTICS - POSSESSION,2019-09-23T23:15:00Z,Closed - Cleared by Arrest-Adult,43731.96875,NULL,820 N 17th St
19003316,ACCIDENTS - P.D. H&R NOT REPORTABLE,2019-09-23T17:38:00Z,Closed - Inactive,43728.604166666664,43731.291666666664,1801 R St
19003315,LARCENY - STOLEN BIKE,2019-09-23T15:58:00Z,Closed - Inactive,43731.583333333336,43731.645833333336,2255 Vine St
19003314,ACCIDENTS - P.D. REPORTABLE,2019-09-23T15:34:00Z,Closed - Non-Criminal Case,43731.648611111108,NULL,4000 East Campus Loop S
19003302,ACCIDENTS - P.D. H&R NOT REPORTABLE,2019-09-23T07:55:00Z,Closed - Inactive,43728.018055555556,43731.329861111109,NA
19003299,FND ARTICLE OTHER THAN ABAND. BIKE OR VEH.,2019-09-23T02:26:00Z,Closed - Cleared by Arrest-Adult,43731.101388888892,NULL,730 N 14th St
19003285,ALCOHOL - MINOR IN POSSESSION,2019-09-21T23:24:00Z,Closed - Cleared by Arrest-Adult,43729.974999999999,NULL,1150 N 14th St
19003284,ALCOHOL - MINOR IN POSSESSION,2019-09-21T21:53:00Z,Closed - Non-Criminal Case,43729.911805555559,NULL,1780 R St
19003273,ALCOHOL - MINOR IN POSSESSION,2019-09-20T23:04:00Z,Closed - Non-Criminal Case,43728.961111111108,NULL,880 N 17th St
19003272,DISTURBANCE - OTHER,2019-09-20T22:10:00Z,Closed - Non-Criminal Case,43728.915277777778,NULL,1400 R St
19003269,ACCIDENTS - P.D. H&R NOT REPORTABLE,2019-09-20T15:51:00Z,Closed - Inactive,43713.5,43723.375,1830 Vine St
19003266,ACCIDENTS - P.D. H&R NOT REPORTABLE,2019-09-20T12:05:00Z,Closed - Inactive,43724.458333333336,NULL,300 N 17th St
19003264,TELEPHONE - OBSCENE CALLS,2019-09-20T10:59:00Z,Closed - Inactive,43728.453472222223,NULL,313 N 13th St
19003262,ALCOHOL - MINOR IN POSSESSION,2019-09-20T01:08:00Z,Closed - Cleared by Arrest-Adult,43728.047222222223,NULL,601 N 16th St
19003254,FRAUD - CREDIT CARDS/ATM/BANK CARD,2019-09-19T18:35:00Z,Closed - Inactive,43724,NULL,1400 R St
19003247,TRESPASSING,2019-09-19T13:24:00Z,Closed - Inactive,43727.104166666664,43727.558333333334,716 N 16th St
19003255,TRESPASSING,2019-09-19T02:38:00Z,Closed - Inactive,43727.107638888891,NULL,1433 R St
19003208,ALCOHOL - USING FALSE I.D.,2019-09-17T21:51:00Z,Closed - Cleared by Arrest-Adult,NULL,NULL,841 N 14th St
19003202,LARCENY - STOLEN BIKE,2019-09-17T16:19:00Z,Closed - Inactive,43724.6875,43725.041666666664,1100 T St
19003201,LARCENY - STOLEN BIKE,2019-09-17T16:04:00Z,Closed - Inactive,43721.666666666664,43725.5625,1710 Arbor Dr
19003197,ACCIDENTS - P.D. H&R NOT REPORTABLE,2019-09-17T13:14:00Z,Closed - Non-Criminal Case,43725.728472222225,43725.728472222225,1777 N 42nd Street Parking Lot
19003195,LARCENY - STOLEN BIKE,2019-09-17T11:24:00Z,Closed - Inactive,43721.916666666664,43722.479166666664,1104 R Street
19003194,OUTSIDE - O.P.S. OTHER,2019-09-17T11:06:00Z,Closed - Non-Criminal Case,43724.55972222222,43724.75,8053 Palmilla Lane
19003218,OUTSIDE - O.P.S. OTHER,2019-09-17T08:16:00Z,Closed - Non-Criminal Case,43679.708333333336,43682.3125,1071 Co Rd G
19003183,ACCIDENTS - P.D. H&R NOT REPORTABLE,2019-09-16T18:14:00Z,Closed - Cleared by Arrest-Adult,43724.734027777777,NULL,1104 R St
19003179,ACCIDENTS - P.D. H&R NOT REPORTABLE,2019-09-16T14:40:00Z,Closed - Cleared by Arrest-Adult,43721.660416666666,43721.720138888886,1500 U Street
19003174,VANDALISM - OTHER,2019-09-16T12:28:00Z,Closed - Inactive,43722.708333333336,43722.979166666664,1548 Vine Street
19003173,DISTURBANCE - OTHER,2019-09-16T11:00:00Z,Closed - Non-Criminal Case,43724.020833333336,43724.052083333336,880 N 17th St
19003164,TELEPHONE - OTHER,2019-09-15T19:44:00Z,Closed - Inactive,43723.743055555555,NULL,900 N 16th Street
19003140,DISTURBANCE - OTHER,2019-09-15T14:43:00Z,Closed - Inactive,43722.576388888891,43723.590277777781,1155 Q St
19003155,ALCOHOL - DRUNK,2019-09-15T02:20:00Z,Closed - Non-Criminal Case,43723.097222222219,NULL,730 N 14th St
19003154,WEAPONS - CONCEALED,2019-09-15T01:53:00Z,Closed - Cleared by Arrest-Adult,43723.078472222223,NULL,ANTELOPE VALLEY PARKWAY & VINE ST
19003152,SUSPICIOUS PERSON,2019-09-15T01:43:00Z,Closed - Non-Criminal Case,43723.054861111108,43723.055555555555,1100 T St
19003144,ALCOHOL - MINOR IN POSSESSION,2019-09-14T19:28:00Z,Closed - Cleared by Arrest-Adult,43722.811111111114,NULL,1100 T St
19003141,ALCOHOL - DRUNK,2019-09-14T16:48:00Z,Closed - Inactive,43722.7,43722.7,601 N 16th St
19003136,ALCOHOL - DRUNK,2019-09-14T03:10:00Z,Closed - Non-Criminal Case,43722.131944444445,NULL,1400 R St
19003135,ALCOHOL - DRUNK,2019-09-14T02:54:00Z,Closed - Non-Criminal Case,43722.120833333334,NULL,1120 N 14th St
19003134,ALCOHOL - DRUNK,2019-09-14T01:39:00Z,Closed - Non-Criminal Case,43722.068749999999,NULL,1644 P Street
19003129,ALCOHOL - MINOR IN POSSESSION,2019-09-14T00:29:00Z,Closed - Cleared by Arrest-Adult,43722.020138888889,NULL,433 N 19th St
19003127,ALCOHOL - DRUNK,2019-09-13T23:15:00Z,Closed - Non-Criminal Case,43721.96875,NULL,1150 N 14th St
19003119,ACCIDENTS - P.D. REPORTABLE,2019-09-13T15:00:00Z,Closed - Non-Criminal Case,43721.625,NULL,N 39TH ST & CENTER ST
19003104,ACCIDENTS - P.D. H&R NOT REPORTABLE,2019-09-12T20:18:00Z,Closed - Inactive,43719.90625,43720.316666666666,2100 N 38th St
19003102,LARCENY - STOLEN BIKE,2019-09-12T17:57:00Z,Closed - Inactive,43719.75,43720.625,733 N 17th St
19003101,DISTURBANCE - OTHER,2019-09-12T16:39:00Z,Closed - Inactive,43720.693749999999,NULL,880 N 17th St
19003099,LARCENY - STOLEN BIKE,2019-09-12T14:49:00Z,Closed - Inactive,43714.5,43720.322916666664,1801 R St
19003098,LARCENY - FROM BUILDING,2019-09-12T13:25:00Z,Closed - Inactive,43616.333333333336,43707.833333333336,1209 R St
19003096,ACCIDENTS - P.D. H&R NOT REPORTABLE,2019-09-12T11:18:00Z,Closed - Cleared by Arrest-Adult,43720.458333333336,43720.461805555555,1700 N 34th St
19003092,ACCIDENTS - P.D. H&R NOT REPORTABLE,2019-09-12T07:51:00Z,Closed - Inactive,43720.041666666664,43720.25,4001 Holdrege St
19003088,TRESPASSING,2019-09-12T00:51:00Z,Closed - Non-Criminal Case,43720.035416666666,NULL,519 N 16th Street
19003081,LARCENY - STOLEN BIKE,2019-09-11T20:02:00Z,Closed - Cleared by Arrest-Adult,43719.273611111108,43719.291666666664,820 N 17th St
19003079,OUTSIDE - O.P.S. OTHER,2019-09-11T14:36:00Z,Closed - Inactive,43714.588194444441,NULL,64 Sparrow Dr
19003080,DISTURBANCE - OTHER,2019-09-11T11:26:00Z,Closed - Non-Criminal Case,43703.5,43718.75,880 N 17th St
19003072,ACCIDENTS - P.D. H&R NOT REPORTABLE,2019-09-11T10:52:00Z,Closed - Inactive,43718.333333333336,43718.833333333336,1111 N 14th St
19003068,LARCENY - STOLEN BIKE,2019-09-11T08:03:00Z,Closed - Inactive,43718.708333333336,43719.319444444445,820 N 17th St
19003063,LARCENY - STOLEN BIKE,2019-09-11T02:12:00Z,Closed - Cleared by Arrest-Adult,43719.091666666667,NULL,880 N 17th St
19003060,LARCENY - STOLEN BIKE,2019-09-10T21:05:00Z,Closed - Inactive,43718.5,43718.847222222219,2200 Vine St
19003054,LARCENY - STOLEN BIKE,2019-09-10T19:26:00Z,Closed - Inactive,43716.291666666664,43718.80972222222,880 N 17th Street
19003055,LARCENY - STOLEN BIKE,2019-09-10T18:38:00Z,Closed - Inactive,43718.775000000001,NULL,820 N 17th St
19003052,LARCENY - OTHER OR FROM OPEN AREA,2019-09-10T17:07:00Z,Closed - Inactive,43718.395833333336,43718.520833333336,N 17TH ST & Q ST
19003038,DISTURBANCE - BETWEEN NEIGHBORS,2019-09-10T00:26:00Z,Closed - Non-Criminal Case,43717.925000000003,43717.966666666667,3320 Starr St
19003035,LARCENY - OTHER OR FROM OPEN AREA,2019-09-09T21:12:00Z,Closed - Inactive,43716.791666666664,43717.701388888891,1801 R St
19003033,DISTURBANCE - OTHER,2019-09-09T19:24:00Z,Closed - Non-Criminal Case,43717.808333333334,NULL,1150 N 14th St
19003029,LARCENY - FROM BUILDING,2019-09-09T16:58:00Z,Closed - Non-Criminal Case,43717.614583333336,43717.625,730 N 14th St
19003028,LARCENY - STOLEN BIKE,2019-09-09T16:16:00Z,Closed - Inactive,43716.9375,43717.638888888891,1120 N 14th St
19003027,LARCENY - STOLEN BIKE,2019-09-09T14:33:00Z,Closed - Inactive,43714.625,43717.395833333336,1120 N 14th St
19003025,LARCENY - STOLEN BIKE,2019-09-09T14:22:00Z,Closed - Inactive,43715.802083333336,43717.364583333336,1801 R St
19003016,NARCOTICS - POSSESSION,2019-09-09T01:07:00Z,Closed - Cleared by Arrest-Adult,43717.046527777777,NULL,N 9TH ST & P ST
19003015,TRAFFIC - SUSPENDED DRIVER,2019-09-08T23:48:00Z,Closed - Cleared by Arrest-Adult,43716.991666666669,NULL,ANTELOPE VALLEY PARKWAY & VINE ST
19003007,LARCENY - STOLEN BIKE,2019-09-08T09:18:00Z,Closed - Inactive,43710.75,43716.387499999997,1710 Arbor Dr
19002998,DISTURBANCE - BETWEEN NEIGHBORS,2019-09-07T12:48:00Z,Closed - Non-Criminal Case,43715.533333333333,NULL,3320 Starr St
19002993,LARCENY - OTHER OR FROM OPEN AREA,2019-09-07T04:18:00Z,Closed - Inactive,43715.179166666669,NULL,1801 R St
19002991,ALCOHOL - MINOR IN POSSESSION,2019-09-07T01:40:00Z,Closed - Cleared by Arrest-Adult,43715.069444444445,NULL,R ST & CENTENNIAL MALL
19002979,ACCIDENTS - P.D. H&R NOT REPORTABLE,2019-09-06T16:33:00Z,Open,43710.75,43714.583333333336,4000 East Campus Loop S
19002983,LARCENY - STOLEN BIKE,2019-09-06T15:51:00Z,Closed - Inactive,43713.833333333336,43714.458333333336,1801 R St
19002981,LARCENY - STOLEN BIKE,2019-09-06T15:02:00Z,Closed - Inactive,43712.5625,43714.626388888886,880 N 17th St
19002978,ACCIDENTS - P.D. H&R NOT REPORTABLE,2019-09-06T14:02:00Z,Closed - Cleared by Arrest-Adult,43713.708333333336,43714.541666666664,1830 Vine St
19002962,DISTURBANCE - OTHER,2019-09-05T16:09:00Z,Closed - Inactive,43712.520833333336,43712.520833333336,4000 East Campus Loop S
19002961,DISTURBANCE - OTHER,2019-09-05T15:41:00Z,Closed - Inactive,43713.645833333336,NULL,1248 R St
19002960,LARCENY - FROM MOTOR VEHICLE,2019-09-05T13:24:00Z,Closed - Non-Criminal Case,43713.385416666664,43713.538194444445,1150 N 14th St
19002958,ACCIDENTS - P.D. H&R NOT REPORTABLE,2019-09-05T12:10:00Z,Closed - Inactive,43713.334027777775,43713.479166666664,300 N 17th St
19002956,VANDALISM - OTHER,2019-09-05T08:25:00Z,Closed - Inactive,43712.875,43713.333333333336,626 N 16th St
19002952,NARCOTICS - OTHER,2019-09-04T21:13:00Z,Closed - Inactive,43712.842361111114,43712.884027777778,1400 R St
19002946,ACCIDENTS - P.D. H&R NOT REPORTABLE,2019-09-04T14:56:00Z,Closed - Cleared by Arrest-Adult,43712.598611111112,NULL,1548 Vine St
19002945,ACCIDENTS - P.D. H&R NOT REPORTABLE,2019-09-04T14:15:00Z,Closed - Inactive,43711.416666666664,43711.833333333336,625 Stadium Dr
19002940,LARCENY - STOLEN BIKE,2019-09-04T10:10:00Z,Closed - Inactive,43705.333333333336,43712.423611111109,1710 Arbor Dr
19002936,DISTURBANCE - DOMESTIC,2019-09-03T19:47:00Z,Closed - Inactive,NULL,NULL,1801 R St
19002929,LARCENY - OTHER OR FROM OPEN AREA,2019-09-03T15:31:00Z,Closed - Inactive,43696.436805555553,43711.646527777775,1800 N 37th St
19002928,VANDALISM - BY GRAFFITI,2019-09-03T15:04:00Z,Closed - Inactive,NULL,NULL,1248 R St
19002926,LARCENY - FROM BUILDING,2019-09-03T12:47:00Z,Closed - Inactive,43707.729166666664,43711.364583333336,639 N 12th St
19002921,SUSPICIOUS PERSON,2019-09-02T23:03:00Z,Closed - Non-Criminal Case,43710.960416666669,NULL,4000 East Campus Loop S
19002900,FIRE - FALSE ALARM,2019-09-01T19:14:00Z,Closed - Cleared by Arrest-Adult,43709.801388888889,NULL,600 N 15th St
19002898,LARCENY - STOLEN BIKE,2019-09-01T16:12:00Z,Closed - Inactive,43707.666666666664,43709.479166666664,1209 R St
19002897,LARCENY - STOLEN BIKE,2019-09-01T15:17:00Z,Closed - Inactive,43706.375,43708.541666666664,519 N. 16th Street
19002893,ALCOHOL - DRUNK,2019-09-01T03:16:00Z,Closed - Non-Criminal Case,43709.136111111111,NULL,440 N 17th St
19002884,DISTURBANCE - OTHER,2019-08-31T16:38:00Z,Closed - Inactive,43708.686111111114,NULL,1801 R St
19002944,DISTURBANCE - OTHER,2019-08-31T12:27:00Z,Closed - Non-Criminal Case,43708.475694444445,NULL,1100 T St Gate #2
19002873,TRESPASSING,2019-08-31T05:44:00Z,Closed - Non-Criminal Case,43708.238888888889,NULL,N 14TH ST & R ST
19002868,DISTURBANCE - DOMESTIC,2019-08-31T02:23:00Z,Closed - Inactive,43708.099305555559,NULL,2300  W Q Street
19002872,NARCOTICS - POSSESSION,2019-08-31T00:50:00Z,Closed - Inactive,43708.034722222219,NULL,300 N 17th St
19002871,DISTURBANCE - WILD PARTY,2019-08-30T23:44:00Z,Closed - Non-Criminal Case,43707.988888888889,NULL,3895 Holdrege St
19002858,LARCENY - FROM COIN OPERATED MACH.,2019-08-30T22:30:00Z,Closed - Inactive,43707.854166666664,43707.9375,733 N 17th St
19002850,LARCENY - STOLEN BIKE,2019-08-30T13:14:00Z,Closed - Inactive,43706.583333333336,43707.291666666664,N 16TH ST & R ST
19002839,ALCOHOL - MINOR IN POSSESSION,2019-08-30T01:31:00Z,Closed - Cleared by Arrest-Adult,43707.063194444447,NULL,1120 N 14th St
19002830,DISTURBANCE - OTHER,2019-08-29T15:00:00Z,Closed - Inactive,43705.540972222225,NULL,730 N 14th St
LE18010,DISTURBANCE - DOMESTIC,2019-08-29T09:56:00Z,NA - Clery Report Only,43393.5,NULL,Non-campus property
19002812,ALCOHOL - MINOR IN POSSESSION,2019-08-28T23:44:00Z,Closed - Cleared by Arrest-Adult,43705.988888888889,NULL,1780 R St
19002818,ASSAULT - NON DOMESTIC,2019-08-28T20:13:00Z,Closed - Cleared by Exception,43705.813194444447,NULL,VINE ST & N 15TH ST
19002806,DISTURBANCE - OTHER,2019-08-28T18:33:00Z,Closed - Inactive,43705.772916666669,43705.772916666669,880 N 17th St
19002802,ACCIDENTS - P.D. H&R NOT REPORTABLE,2019-08-28T14:58:00Z,Closed - Inactive,43704.833333333336,43705.586805555555,1801 R St
19002801,LARCENY - STOLEN BIKE,2019-08-28T14:31:00Z,Closed - Inactive,43695.333333333336,43702.833333333336,625 Stadium Dr
19002800,ACCIDENTS - P.D. H&R NOT REPORTABLE,2019-08-28T12:41:00Z,Closed - Cleared by Arrest-Adult,43705.447916666664,NULL,3940 Fair St
19002786,LARCENY - STOLEN BIKE,2019-08-27T17:27:00Z,Closed - Inactive,43704.583333333336,43704.727083333331,4000 East Campus Loop S
19002785,LARCENY - OTHER OR FROM OPEN AREA,2019-08-27T14:44:00Z,Closed - Inactive,43700.708333333336,43701.75,1350 Vine St
19002783,LARCENY - FROM BUILDING,2019-08-27T12:57:00Z,Closed - Inactive,43690.541666666664,43690.583333333336,433 V St
19002781,VANDALISM - OTHER,2019-08-27T10:17:00Z,Closed - Inactive,43700.768750000003,43700.774305555555,730 N 14th St
19002776,LARCENY - STOLEN BIKE,2019-08-27T07:59:00Z,Closed - Inactive,43703.833333333336,43704.260416666664,1600 Court St
19002774,ALCOHOL - DRUNK,2019-08-27T01:54:00Z,Closed - Non-Criminal Case,43704.07916666667,43704.07916666667,730 N 14th St
19002772,TRAFFIC - OTHER,2019-08-27T00:45:00Z,Closed - Cleared by Arrest-Adult,43704.03125,NULL,N 16TH ST & S ST
19002770,NARCOTICS - POSSESSION,2019-08-26T22:02:00Z,Closed - Cleared by Arrest-Adult,43703.918055555558,NULL,N 14TH ST & R ST
19002767,STALKING,2019-08-26T19:57:00Z,Closed - Inactive,43374,43703.831250000003,300 N 17th St
19002762,DISTURBANCE - OTHER,2019-08-26T17:03:00Z,Closed - Non-Criminal Case,43703.710416666669,NULL,1100 T St
19002777,DISTURBANCE - OTHER,2019-08-26T13:40:00Z,Closed - Non-Criminal Case,43589.5,43693.5,1800 N 37th St
19002757,VANDALISM - OTHER,2019-08-26T13:00:00Z,Closed - Inactive,43700.666666666664,43703.541666666664,EAST CAMPUS LOOP & DAIRY STORE DRIVE
19002755,DISTURBANCE - OTHER,2019-08-26T11:55:00Z,Closed - Non-Criminal Case,43702,43703.496527777781,300 N 17th St
19002753,LARCENY - STOLEN BIKE,2019-08-26T11:05:00Z,Closed - Inactive,43700.5,43703.461805555555,1780 R St
19002749,ALCOHOL - MINOR IN POSSESSION,2019-08-25T23:08:00Z,Closed - Cleared by Arrest-Adult,43702.963888888888,NULL,1120 N 14th St
19002740,DISTURBANCE - OTHER,2019-08-25T13:45:00Z,Closed - Inactive,43700.833333333336,NULL,1055 N 16th St
19002722,LARCENY - FROM MOTOR VEHICLE,2019-08-24T12:24:00Z,Closed - Inactive,43700.583333333336,43701.270833333336,CENTER ST & N 39TH ST
19002720,FRAUD - CON GAMES/DECEPTION/FALSE    PRETENSE/OTHER,2019-08-24T10:59:00Z,Closed - Inactive,43690.25,43701.416666666664,300 N 17th St
19002719,ACCIDENTS - P.D. H&R NOT REPORTABLE,2019-08-24T09:27:00Z,Closed - Cleared by Arrest-Adult,43699.25,43700.75,625 Stadium Dr
19002715,ALCOHOL - DWI,2019-08-24T01:30:00Z,Closed - Cleared by Arrest-Adult,43701.0625,NULL,N 17TH ST & VINE ST
19002713,NARCOTICS - POSSESSION,2019-08-23T23:35:00Z,Closed - Cleared by Arrest-Adult,43700.982638888891,NULL,1120 N 14th St
19002711,ALCOHOL - MINOR IN POSSESSION,2019-08-23T23:05:00Z,Closed - Non-Criminal Case,43700.961805555555,NULL,1120 N 14th St
19002705,ACCIDENTS - P.D. H&R NOT REPORTABLE,2019-08-23T17:20:00Z,Closed - Cleared by Arrest-Adult,43699.625,43699.628472222219,1100 T St
19002699,DISTURBANCE - OTHER,2019-08-23T10:02:00Z,Closed - Inactive,43699.833333333336,43700.404861111114,1055 N 16th St
19002694,TRESPASSING,2019-08-23T05:30:00Z,Closed - Non-Criminal Case,43700.229166666664,NULL,2200 Vine St
19002692,ALCOHOL - MINOR IN POSSESSION,2019-08-23T01:24:00Z,Closed - Cleared by Arrest-Adult,43700.058333333334,NULL,840 N 14th St
19002686,ALCOHOL - MINOR IN POSSESSION,2019-08-22T18:22:00Z,Closed - Cleared by Arrest-Adult,43699.765277777777,NULL,300 N 17th St
19002684,DISTURBANCE - OTHER,2019-08-22T18:17:00Z,Closed - Non-Criminal Case,43699.761805555558,43699.761805555558,880 N 17th St
19002685,DISTURBANCE - OTHER,2019-08-22T18:07:00Z,Closed - Inactive,43040.000694444447,43695.801388888889,433 N 19th St
19002682,LARCENY - STOLEN BIKE,2019-08-22T13:57:00Z,Closed - Inactive,NULL,NULL,1055 N 16th St
19002681,FIRE (WORKING) - ALARM,2019-08-22T12:45:00Z,Closed - Non-Criminal Case,43699.53125,NULL,2222 Vine St
19002680,LARCENY - STOLEN BIKE,2019-08-22T12:13:00Z,Closed - Inactive,NULL,NULL,639 N 12th St
19002673,LARCENY - STOLEN BIKE,2019-08-21T17:56:00Z,Closed - Inactive,NULL,NULL,600 N 15th St
19002669,ALCOHOL - DRUNK,2019-08-21T13:21:00Z,Closed - Non-Criminal Case,43698.556250000001,NULL,1400 R St
19002667,OUTSIDE - O.P.S. OTHER,2019-08-21T09:35:00Z,Closed - Non-Criminal Case,43698.399305555555,NULL,S ST & N 15TH ST
19002661,FIRE - FALSE ALARM,2019-08-20T23:29:00Z,Closed - Non-Criminal Case,43697.978472222225,NULL,1433 R St
19002658,DISTURBANCE - OTHER,2019-08-20T16:39:00Z,Closed - Inactive,43697.561805555553,NULL,400 University Terrace
19002647,LARCENY - BAIT BIKE - UNL,2019-08-20T01:23:00Z,Closed - Cleared by Arrest-Adult,43697.057638888888,NULL,1360 Vine St
19002635,TRAFFIC - SUSPENDED DRIVER,2019-08-18T22:52:00Z,Closed - Cleared by Arrest-Adult,43695.952777777777,NULL,Y ST & N 22ND ST
19002634,FIRE - FALSE ALARM,2019-08-18T21:33:00Z,Closed - Inactive,43695.892361111109,43695.897916666669,1801 R St
19002623,LARCENY - STOLEN BIKE,2019-08-16T19:20:00Z,Closed - Inactive,43693.760416666664,43693.798611111109,844 N 16th St
19002618,LARCENY - STOLEN BIKE,2019-08-16T16:06:00Z,Closed - Cleared by Arrest-Adult,43693.616666666669,NULL,530 N 17th St
19002617,ACCIDENTS - P.D. H&R NOT REPORTABLE,2019-08-16T14:24:00Z,Closed - Inactive,43691.375,43692.666666666664,942 N 22nd St
19002615,LARCENY - STOLEN BIKE,2019-08-16T11:56:00Z,Closed - Inactive,43690.541666666664,43693.340277777781,503 N 14th St
19002608,OUTSIDE - O.P.S. OTHER,2019-08-15T20:21:00Z,Closed - Non-Criminal Case,NULL,NULL,NA
19002606,ALCOHOL - DRUNK,2019-08-15T18:52:00Z,Closed - Non-Criminal Case,43692.786111111112,NULL,200 Centennial Mall N
19002603,OUTSIDE CRIME - REPORTS OUTSIDE JURISDICTION,2019-08-15T15:16:00Z,Closed - Non-Criminal Case,NULL,NULL,NA
19002601,ALCOHOL - DRUNK,2019-08-15T11:21:00Z,Closed - Non-Criminal Case,43692.472916666666,NULL,200 Centennial Mall N
19002598,ALCOHOL - DRUNK,2019-08-15T01:14:00Z,Closed - Non-Criminal Case,43692.051388888889,NULL,N 10TH ST & Q ST
19002587,SUSPICIOUS PERSON,2019-08-13T22:24:00Z,Closed - Non-Criminal Case,43690.933333333334,NULL,1101 T St
