area,series_code,title,current_month,average_hours_worked_week,average_hourly_wage,average_weekly_earnings,preliminary_current_month,seasonally_adjusted,real_date
Nebraska,06000000,Goods-producing,153012,N/A,N/A,N/A,No,No,2000-01-01T06:00:00Z
Nebraska,07000000,Service-providing,738131,Confidential,Confidential,Confidential,No,No,2000-01-01T06:00:00Z
Nebraska,08000000,Private service-providing,585331,N/A,N/A,N/A,No,No,2000-01-01T06:00:00Z
Nebraska,10000000,Mining and logging,1100,Confidential,Confidential,Confidential,No,No,2000-01-01T06:00:00Z
Nebraska,15000000,Natural Resources and Mining and Constru,40500,N/A,N/A,N/A,No,No,2000-01-01T06:00:00Z
Nebraska,20000000,Construction,39400,Confidential,Confidential,Confidential,No,No,2000-01-01T06:00:00Z
Nebraska,30000000,Manufacturing,112512,N/A,N/A,N/A,No,No,2000-01-01T06:00:00Z
Nebraska,31000000,Durable goods,58104,Confidential,Confidential,Confidential,No,No,2000-01-01T06:00:00Z
Nebraska,32000000,Nondurable goods,54408,Confidential,Confidential,Confidential,No,No,2000-01-01T06:00:00Z
Nebraska,40000000,"Trade, transportation, and utilities",195555,N/A,N/A,N/A,No,No,2000-01-01T06:00:00Z
Nebraska,41000000,Wholesale Trade,41437,Confidential,Confidential,Confidential,No,No,2000-01-01T06:00:00Z
Nebraska,42000000,Retail trade,109918,Confidential,Confidential,Confidential,No,No,2000-01-01T06:00:00Z
Nebraska,43000000,Transportation and warehousing,44200,Confidential,Confidential,Confidential,No,No,2000-01-01T06:00:00Z
Nebraska,50000000,Information,27635,Confidential,Confidential,Confidential,No,No,2000-01-01T06:00:00Z
Nebraska,55000000,Financial activities,60400,N/A,N/A,N/A,No,No,2000-01-01T06:00:00Z
Nebraska,60000000,Professional and business services,92072,N/A,N/A,N/A,No,No,2000-01-01T06:00:00Z
Nebraska,65000000,Education and health services,106669,N/A,N/A,N/A,No,No,2000-01-01T06:00:00Z
Nebraska,70000000,Leisure and hospitality,71500,N/A,N/A,N/A,No,No,2000-01-01T06:00:00Z
Nebraska,80000000,Other services,31500,Confidential,Confidential,Confidential,No,No,2000-01-01T06:00:00Z
Nebraska,90000000,Government,152800,Confidential,Confidential,Confidential,No,No,2000-01-01T06:00:00Z
Nebraska,06000000,Goods-producing,153313,N/A,N/A,N/A,No,No,2000-02-01T06:00:00Z
Nebraska,07000000,Service-providing,740851,Confidential,Confidential,Confidential,No,No,2000-02-01T06:00:00Z
Nebraska,08000000,Private service-providing,586851,N/A,N/A,N/A,No,No,2000-02-01T06:00:00Z
Nebraska,10000000,Mining and logging,1100,Confidential,Confidential,Confidential,No,No,2000-02-01T06:00:00Z
Nebraska,15000000,Natural Resources and Mining and Constru,40400,N/A,N/A,N/A,No,No,2000-02-01T06:00:00Z
Nebraska,20000000,Construction,39300,Confidential,Confidential,Confidential,No,No,2000-02-01T06:00:00Z
Nebraska,30000000,Manufacturing,112913,N/A,N/A,N/A,No,No,2000-02-01T06:00:00Z
Nebraska,31000000,Durable goods,58304,Confidential,Confidential,Confidential,No,No,2000-02-01T06:00:00Z
Nebraska,32000000,Nondurable goods,54609,Confidential,Confidential,Confidential,No,No,2000-02-01T06:00:00Z
Nebraska,40000000,"Trade, transportation, and utilities",194140,N/A,N/A,N/A,No,No,2000-02-01T06:00:00Z
Nebraska,41000000,Wholesale Trade,41521,Confidential,Confidential,Confidential,No,No,2000-02-01T06:00:00Z
Nebraska,42000000,Retail trade,108519,Confidential,Confidential,Confidential,No,No,2000-02-01T06:00:00Z
Nebraska,43000000,Transportation and warehousing,44100,Confidential,Confidential,Confidential,No,No,2000-02-01T06:00:00Z
Nebraska,50000000,Information,27238,Confidential,Confidential,Confidential,No,No,2000-02-01T06:00:00Z
Nebraska,55000000,Financial activities,60200,N/A,N/A,N/A,No,No,2000-02-01T06:00:00Z
Nebraska,60000000,Professional and business services,92583,N/A,N/A,N/A,No,No,2000-02-01T06:00:00Z
Nebraska,65000000,Education and health services,108490,N/A,N/A,N/A,No,No,2000-02-01T06:00:00Z
Nebraska,70000000,Leisure and hospitality,72400,N/A,N/A,N/A,No,No,2000-02-01T06:00:00Z
Nebraska,80000000,Other services,31800,Confidential,Confidential,Confidential,No,No,2000-02-01T06:00:00Z
Nebraska,90000000,Government,154000,Confidential,Confidential,Confidential,No,No,2000-02-01T06:00:00Z
Nebraska,06000000,Goods-producing,156212,N/A,N/A,N/A,No,No,2000-03-01T06:00:00Z
Nebraska,07000000,Service-providing,747371,Confidential,Confidential,Confidential,No,No,2000-03-01T06:00:00Z
Nebraska,08000000,Private service-providing,590871,N/A,N/A,N/A,No,No,2000-03-01T06:00:00Z
Nebraska,10000000,Mining and logging,1200,Confidential,Confidential,Confidential,No,No,2000-03-01T06:00:00Z
Nebraska,15000000,Natural Resources and Mining and Constru,42300,N/A,N/A,N/A,No,No,2000-03-01T06:00:00Z
Nebraska,20000000,Construction,41100,Confidential,Confidential,Confidential,No,No,2000-03-01T06:00:00Z
Nebraska,30000000,Manufacturing,113912,N/A,N/A,N/A,No,No,2000-03-01T06:00:00Z
Nebraska,31000000,Durable goods,58804,Confidential,Confidential,Confidential,No,No,2000-03-01T06:00:00Z
Nebraska,32000000,Nondurable goods,55108,Confidential,Confidential,Confidential,No,No,2000-03-01T06:00:00Z
Nebraska,40000000,"Trade, transportation, and utilities",194842,N/A,N/A,N/A,No,No,2000-03-01T06:00:00Z
Nebraska,41000000,Wholesale Trade,41624,Confidential,Confidential,Confidential,No,No,2000-03-01T06:00:00Z
Nebraska,42000000,Retail trade,108918,Confidential,Confidential,Confidential,No,No,2000-03-01T06:00:00Z
Nebraska,43000000,Transportation and warehousing,44300,Confidential,Confidential,Confidential,No,No,2000-03-01T06:00:00Z
Nebraska,50000000,Information,26841,Confidential,Confidential,Confidential,No,No,2000-03-01T06:00:00Z
Nebraska,55000000,Financial activities,60100,N/A,N/A,N/A,No,No,2000-03-01T06:00:00Z
Nebraska,60000000,Professional and business services,93678,N/A,N/A,N/A,No,No,2000-03-01T06:00:00Z
Nebraska,65000000,Education and health services,109110,N/A,N/A,N/A,No,No,2000-03-01T06:00:00Z
Nebraska,70000000,Leisure and hospitality,74200,N/A,N/A,N/A,No,No,2000-03-01T06:00:00Z
Nebraska,80000000,Other services,32100,Confidential,Confidential,Confidential,No,No,2000-03-01T06:00:00Z
Nebraska,90000000,Government,156500,Confidential,Confidential,Confidential,No,No,2000-03-01T06:00:00Z
Nebraska,06000000,Goods-producing,158409,N/A,N/A,N/A,No,No,2000-04-01T06:00:00Z
Nebraska,07000000,Service-providing,750895,Confidential,Confidential,Confidential,No,No,2000-04-01T06:00:00Z
Nebraska,08000000,Private service-providing,595095,N/A,N/A,N/A,No,No,2000-04-01T06:00:00Z
Nebraska,10000000,Mining and logging,1200,Confidential,Confidential,Confidential,No,No,2000-04-01T06:00:00Z
Nebraska,15000000,Natural Resources and Mining and Constru,44700,N/A,N/A,N/A,No,No,2000-04-01T06:00:00Z
Nebraska,20000000,Construction,43500,Confidential,Confidential,Confidential,No,No,2000-04-01T06:00:00Z
Nebraska,30000000,Manufacturing,113709,N/A,N/A,N/A,No,No,2000-04-01T06:00:00Z
Nebraska,31000000,Durable goods,58903,Confidential,Confidential,Confidential,No,No,2000-04-01T06:00:00Z
Nebraska,32000000,Nondurable goods,54806,Confidential,Confidential,Confidential,No,No,2000-04-01T06:00:00Z
Nebraska,40000000,"Trade, transportation, and utilities",196007,N/A,N/A,N/A,No,No,2000-04-01T06:00:00Z
Nebraska,41000000,Wholesale Trade,41390,Confidential,Confidential,Confidential,No,No,2000-04-01T06:00:00Z
Nebraska,42000000,Retail trade,109717,Confidential,Confidential,Confidential,No,No,2000-04-01T06:00:00Z
Nebraska,43000000,Transportation and warehousing,44900,Confidential,Confidential,Confidential,No,No,2000-04-01T06:00:00Z
Nebraska,50000000,Information,27344,Confidential,Confidential,Confidential,No,No,2000-04-01T06:00:00Z
Nebraska,55000000,Financial activities,60300,N/A,N/A,N/A,No,No,2000-04-01T06:00:00Z
Nebraska,60000000,Professional and business services,95413,N/A,N/A,N/A,No,No,2000-04-01T06:00:00Z
Nebraska,65000000,Education and health services,107031,N/A,N/A,N/A,No,No,2000-04-01T06:00:00Z
Nebraska,70000000,Leisure and hospitality,76900,N/A,N/A,N/A,No,No,2000-04-01T06:00:00Z
Nebraska,80000000,Other services,32100,Confidential,Confidential,Confidential,No,No,2000-04-01T06:00:00Z
Nebraska,90000000,Government,155800,Confidential,Confidential,Confidential,No,No,2000-04-01T06:00:00Z
Nebraska,06000000,Goods-producing,160409,N/A,N/A,N/A,No,No,2000-05-01T05:00:00Z
Nebraska,07000000,Service-providing,759715,Confidential,Confidential,Confidential,No,No,2000-05-01T05:00:00Z
Nebraska,08000000,Private service-providing,600315,N/A,N/A,N/A,No,No,2000-05-01T05:00:00Z
Nebraska,10000000,Mining and logging,1300,Confidential,Confidential,Confidential,No,No,2000-05-01T05:00:00Z
Nebraska,15000000,Natural Resources and Mining and Constru,46400,N/A,N/A,N/A,No,No,2000-05-01T05:00:00Z
Nebraska,20000000,Construction,45100,Confidential,Confidential,Confidential,No,No,2000-05-01T05:00:00Z
Nebraska,30000000,Manufacturing,114009,N/A,N/A,N/A,No,No,2000-05-01T05:00:00Z
Nebraska,31000000,Durable goods,59203,Confidential,Confidential,Confidential,No,No,2000-05-01T05:00:00Z
Nebraska,32000000,Nondurable goods,54806,Confidential,Confidential,Confidential,No,No,2000-05-01T05:00:00Z
Nebraska,40000000,"Trade, transportation, and utilities",196911,N/A,N/A,N/A,No,No,2000-05-01T05:00:00Z
Nebraska,41000000,Wholesale Trade,41494,Confidential,Confidential,Confidential,No,No,2000-05-01T05:00:00Z
Nebraska,42000000,Retail trade,110817,Confidential,Confidential,Confidential,No,No,2000-05-01T05:00:00Z
Nebraska,43000000,Transportation and warehousing,44600,Confidential,Confidential,Confidential,No,No,2000-05-01T05:00:00Z
Nebraska,50000000,Information,26947,Confidential,Confidential,Confidential,No,No,2000-05-01T05:00:00Z
Nebraska,55000000,Financial activities,60400,N/A,N/A,N/A,No,No,2000-05-01T05:00:00Z
Nebraska,60000000,Professional and business services,95706,N/A,N/A,N/A,No,No,2000-05-01T05:00:00Z
Nebraska,65000000,Education and health services,109051,N/A,N/A,N/A,No,No,2000-05-01T05:00:00Z
Nebraska,70000000,Leisure and hospitality,79000,N/A,N/A,N/A,No,No,2000-05-01T05:00:00Z
Nebraska,80000000,Other services,32300,Confidential,Confidential,Confidential,No,No,2000-05-01T05:00:00Z
Nebraska,90000000,Government,159400,Confidential,Confidential,Confidential,No,No,2000-05-01T05:00:00Z
Nebraska,06000000,Goods-producing,163709,N/A,N/A,N/A,No,No,2000-06-01T05:00:00Z
Nebraska,07000000,Service-providing,765334,Confidential,Confidential,Confidential,No,No,2000-06-01T05:00:00Z
Nebraska,08000000,Private service-providing,607134,N/A,N/A,N/A,No,No,2000-06-01T05:00:00Z
Nebraska,10000000,Mining and logging,1300,Confidential,Confidential,Confidential,No,No,2000-06-01T05:00:00Z
Nebraska,15000000,Natural Resources and Mining and Constru,48400,N/A,N/A,N/A,No,No,2000-06-01T05:00:00Z
Nebraska,20000000,Construction,47100,Confidential,Confidential,Confidential,No,No,2000-06-01T05:00:00Z
Nebraska,30000000,Manufacturing,115309,N/A,N/A,N/A,No,No,2000-06-01T05:00:00Z
Nebraska,31000000,Durable goods,59603,Confidential,Confidential,Confidential,No,No,2000-06-01T05:00:00Z
Nebraska,32000000,Nondurable goods,55706,Confidential,Confidential,Confidential,No,No,2000-06-01T05:00:00Z
Nebraska,40000000,"Trade, transportation, and utilities",198811,N/A,N/A,N/A,No,No,2000-06-01T05:00:00Z
Nebraska,41000000,Wholesale Trade,41794,Confidential,Confidential,Confidential,No,No,2000-06-01T05:00:00Z
Nebraska,42000000,Retail trade,112317,Confidential,Confidential,Confidential,No,No,2000-06-01T05:00:00Z
Nebraska,43000000,Transportation and warehousing,44700,Confidential,Confidential,Confidential,No,No,2000-06-01T05:00:00Z
Nebraska,50000000,Information,27150,Confidential,Confidential,Confidential,No,No,2000-06-01T05:00:00Z
Nebraska,55000000,Financial activities,60900,N/A,N/A,N/A,No,No,2000-06-01T05:00:00Z
Nebraska,60000000,Professional and business services,97802,N/A,N/A,N/A,No,No,2000-06-01T05:00:00Z
Nebraska,65000000,Education and health services,109471,N/A,N/A,N/A,No,No,2000-06-01T05:00:00Z
Nebraska,70000000,Leisure and hospitality,80500,N/A,N/A,N/A,No,No,2000-06-01T05:00:00Z
Nebraska,80000000,Other services,32500,Confidential,Confidential,Confidential,No,No,2000-06-01T05:00:00Z
Nebraska,90000000,Government,158200,Confidential,Confidential,Confidential,No,No,2000-06-01T05:00:00Z
Nebraska,06000000,Goods-producing,162409,N/A,N/A,N/A,No,No,2000-07-01T05:00:00Z
Nebraska,07000000,Service-providing,750955,Confidential,Confidential,Confidential,No,No,2000-07-01T05:00:00Z
Nebraska,08000000,Private service-providing,602455,N/A,N/A,N/A,No,No,2000-07-01T05:00:00Z
Nebraska,10000000,Mining and logging,1300,Confidential,Confidential,Confidential,No,No,2000-07-01T05:00:00Z
Nebraska,15000000,Natural Resources and Mining and Constru,48000,N/A,N/A,N/A,No,No,2000-07-01T05:00:00Z
Nebraska,20000000,Construction,46700,Confidential,Confidential,Confidential,No,No,2000-07-01T05:00:00Z
Nebraska,30000000,Manufacturing,114409,N/A,N/A,N/A,No,No,2000-07-01T05:00:00Z
Nebraska,31000000,Durable goods,59103,Confidential,Confidential,Confidential,No,No,2000-07-01T05:00:00Z
Nebraska,32000000,Nondurable goods,55306,Confidential,Confidential,Confidential,No,No,2000-07-01T05:00:00Z
Nebraska,40000000,"Trade, transportation, and utilities",197205,N/A,N/A,N/A,No,No,2000-07-01T05:00:00Z
Nebraska,41000000,Wholesale Trade,41887,Confidential,Confidential,Confidential,No,No,2000-07-01T05:00:00Z
Nebraska,42000000,Retail trade,110318,Confidential,Confidential,Confidential,No,No,2000-07-01T05:00:00Z
Nebraska,43000000,Transportation and warehousing,45000,Confidential,Confidential,Confidential,No,No,2000-07-01T05:00:00Z
Nebraska,50000000,Information,27153,Confidential,Confidential,Confidential,No,No,2000-07-01T05:00:00Z
Nebraska,55000000,Financial activities,60300,N/A,N/A,N/A,No,No,2000-07-01T05:00:00Z
Nebraska,60000000,Professional and business services,97505,N/A,N/A,N/A,No,No,2000-07-01T05:00:00Z
Nebraska,65000000,Education and health services,108292,N/A,N/A,N/A,No,No,2000-07-01T05:00:00Z
Nebraska,70000000,Leisure and hospitality,79800,N/A,N/A,N/A,No,No,2000-07-01T05:00:00Z
Nebraska,80000000,Other services,32200,Confidential,Confidential,Confidential,No,No,2000-07-01T05:00:00Z
Nebraska,90000000,Government,148500,Confidential,Confidential,Confidential,No,No,2000-07-01T05:00:00Z
Nebraska,06000000,Goods-producing,162109,N/A,N/A,N/A,No,No,2000-08-01T05:00:00Z
Nebraska,07000000,Service-providing,752374,Confidential,Confidential,Confidential,No,No,2000-08-01T05:00:00Z
Nebraska,08000000,Private service-providing,604074,N/A,N/A,N/A,No,No,2000-08-01T05:00:00Z
Nebraska,10000000,Mining and logging,1300,Confidential,Confidential,Confidential,No,No,2000-08-01T05:00:00Z
Nebraska,15000000,Natural Resources and Mining and Constru,48200,N/A,N/A,N/A,No,No,2000-08-01T05:00:00Z
Nebraska,20000000,Construction,46900,Confidential,Confidential,Confidential,No,No,2000-08-01T05:00:00Z
Nebraska,30000000,Manufacturing,113909,N/A,N/A,N/A,No,No,2000-08-01T05:00:00Z
Nebraska,31000000,Durable goods,58703,Confidential,Confidential,Confidential,No,No,2000-08-01T05:00:00Z
Nebraska,32000000,Nondurable goods,55206,Confidential,Confidential,Confidential,No,No,2000-08-01T05:00:00Z
Nebraska,40000000,"Trade, transportation, and utilities",197513,N/A,N/A,N/A,No,No,2000-08-01T05:00:00Z
Nebraska,41000000,Wholesale Trade,41894,Confidential,Confidential,Confidential,No,No,2000-08-01T05:00:00Z
Nebraska,42000000,Retail trade,110419,Confidential,Confidential,Confidential,No,No,2000-08-01T05:00:00Z
Nebraska,43000000,Transportation and warehousing,45200,Confidential,Confidential,Confidential,No,No,2000-08-01T05:00:00Z
Nebraska,50000000,Information,26856,Confidential,Confidential,Confidential,No,No,2000-08-01T05:00:00Z
Nebraska,55000000,Financial activities,60300,N/A,N/A,N/A,No,No,2000-08-01T05:00:00Z
Nebraska,60000000,Professional and business services,97693,N/A,N/A,N/A,No,No,2000-08-01T05:00:00Z
Nebraska,65000000,Education and health services,109012,N/A,N/A,N/A,No,No,2000-08-01T05:00:00Z
Nebraska,70000000,Leisure and hospitality,80500,N/A,N/A,N/A,No,No,2000-08-01T05:00:00Z
Nebraska,80000000,Other services,32200,Confidential,Confidential,Confidential,No,No,2000-08-01T05:00:00Z
Nebraska,90000000,Government,148300,Confidential,Confidential,Confidential,No,No,2000-08-01T05:00:00Z
Nebraska,06000000,Goods-producing,160509,N/A,N/A,N/A,No,No,2000-09-01T05:00:00Z
Nebraska,07000000,Service-providing,756695,Confidential,Confidential,Confidential,No,No,2000-09-01T05:00:00Z
Nebraska,08000000,Private service-providing,603395,N/A,N/A,N/A,No,No,2000-09-01T05:00:00Z
Nebraska,10000000,Mining and logging,1300,Confidential,Confidential,Confidential,No,No,2000-09-01T05:00:00Z
Nebraska,15000000,Natural Resources and Mining and Constru,47000,N/A,N/A,N/A,No,No,2000-09-01T05:00:00Z
Nebraska,20000000,Construction,45700,Confidential,Confidential,Confidential,No,No,2000-09-01T05:00:00Z
Nebraska,30000000,Manufacturing,113509,N/A,N/A,N/A,No,No,2000-09-01T05:00:00Z
Nebraska,31000000,Durable goods,58503,Confidential,Confidential,Confidential,No,No,2000-09-01T05:00:00Z
Nebraska,32000000,Nondurable goods,55006,Confidential,Confidential,Confidential,No,No,2000-09-01T05:00:00Z
Nebraska,40000000,"Trade, transportation, and utilities",196717,N/A,N/A,N/A,No,No,2000-09-01T05:00:00Z
Nebraska,41000000,Wholesale Trade,41400,Confidential,Confidential,Confidential,No,No,2000-09-01T05:00:00Z
Nebraska,42000000,Retail trade,110017,Confidential,Confidential,Confidential,No,No,2000-09-01T05:00:00Z
Nebraska,43000000,Transportation and warehousing,45300,Confidential,Confidential,Confidential,No,No,2000-09-01T05:00:00Z
Nebraska,50000000,Information,26559,Confidential,Confidential,Confidential,No,No,2000-09-01T05:00:00Z
Nebraska,55000000,Financial activities,60100,N/A,N/A,N/A,No,No,2000-09-01T05:00:00Z
Nebraska,60000000,Professional and business services,97286,N/A,N/A,N/A,No,No,2000-09-01T05:00:00Z
Nebraska,65000000,Education and health services,111633,N/A,N/A,N/A,No,No,2000-09-01T05:00:00Z
Nebraska,70000000,Leisure and hospitality,79100,N/A,N/A,N/A,No,No,2000-09-01T05:00:00Z
Nebraska,80000000,Other services,32000,Confidential,Confidential,Confidential,No,No,2000-09-01T05:00:00Z
Nebraska,90000000,Government,153300,Confidential,Confidential,Confidential,No,No,2000-09-01T05:00:00Z
Nebraska,06000000,Goods-producing,160309,N/A,N/A,N/A,No,No,2000-10-01T05:00:00Z
Nebraska,07000000,Service-providing,758215,Confidential,Confidential,Confidential,No,No,2000-10-01T05:00:00Z
Nebraska,08000000,Private service-providing,604015,N/A,N/A,N/A,No,No,2000-10-01T05:00:00Z
Nebraska,10000000,Mining and logging,1200,Confidential,Confidential,Confidential,No,No,2000-10-01T05:00:00Z
Nebraska,15000000,Natural Resources and Mining and Constru,46400,N/A,N/A,N/A,No,No,2000-10-01T05:00:00Z
Nebraska,20000000,Construction,45200,Confidential,Confidential,Confidential,No,No,2000-10-01T05:00:00Z
Nebraska,30000000,Manufacturing,113909,N/A,N/A,N/A,No,No,2000-10-01T05:00:00Z
Nebraska,31000000,Durable goods,58303,Confidential,Confidential,Confidential,No,No,2000-10-01T05:00:00Z
Nebraska,32000000,Nondurable goods,55606,Confidential,Confidential,Confidential,No,No,2000-10-01T05:00:00Z
Nebraska,40000000,"Trade, transportation, and utilities",198418,N/A,N/A,N/A,No,No,2000-10-01T05:00:00Z
Nebraska,41000000,Wholesale Trade,41201,Confidential,Confidential,Confidential,No,No,2000-10-01T05:00:00Z
Nebraska,42000000,Retail trade,111817,Confidential,Confidential,Confidential,No,No,2000-10-01T05:00:00Z
Nebraska,43000000,Transportation and warehousing,45400,Confidential,Confidential,Confidential,No,No,2000-10-01T05:00:00Z
Nebraska,50000000,Information,26562,Confidential,Confidential,Confidential,No,No,2000-10-01T05:00:00Z
Nebraska,55000000,Financial activities,59900,N/A,N/A,N/A,No,No,2000-10-01T05:00:00Z
Nebraska,60000000,Professional and business services,97882,N/A,N/A,N/A,No,No,2000-10-01T05:00:00Z
Nebraska,65000000,Education and health services,112153,N/A,N/A,N/A,No,No,2000-10-01T05:00:00Z
Nebraska,70000000,Leisure and hospitality,77000,N/A,N/A,N/A,No,No,2000-10-01T05:00:00Z
Nebraska,80000000,Other services,32100,Confidential,Confidential,Confidential,No,No,2000-10-01T05:00:00Z
Nebraska,90000000,Government,154200,Confidential,Confidential,Confidential,No,No,2000-10-01T05:00:00Z
Nebraska,06000000,Goods-producing,159009,N/A,N/A,N/A,No,No,2000-11-01T06:00:00Z
Nebraska,07000000,Service-providing,764434,Confidential,Confidential,Confidential,No,No,2000-11-01T06:00:00Z
Nebraska,08000000,Private service-providing,608534,N/A,N/A,N/A,No,No,2000-11-01T06:00:00Z
Nebraska,10000000,Mining and logging,1200,Confidential,Confidential,Confidential,No,No,2000-11-01T06:00:00Z
Nebraska,15000000,Natural Resources and Mining and Constru,44700,N/A,N/A,N/A,No,No,2000-11-01T06:00:00Z
Nebraska,20000000,Construction,43500,Confidential,Confidential,Confidential,No,No,2000-11-01T06:00:00Z
Nebraska,30000000,Manufacturing,114309,N/A,N/A,N/A,No,No,2000-11-01T06:00:00Z
Nebraska,31000000,Durable goods,58203,Confidential,Confidential,Confidential,No,No,2000-11-01T06:00:00Z
Nebraska,32000000,Nondurable goods,56106,Confidential,Confidential,Confidential,No,No,2000-11-01T06:00:00Z
Nebraska,40000000,"Trade, transportation, and utilities",201324,N/A,N/A,N/A,No,No,2000-11-01T06:00:00Z
Nebraska,41000000,Wholesale Trade,41107,Confidential,Confidential,Confidential,No,No,2000-11-01T06:00:00Z
Nebraska,42000000,Retail trade,114717,Confidential,Confidential,Confidential,No,No,2000-11-01T06:00:00Z
Nebraska,43000000,Transportation and warehousing,45500,Confidential,Confidential,Confidential,No,No,2000-11-01T06:00:00Z
Nebraska,50000000,Information,26765,Confidential,Confidential,Confidential,No,No,2000-11-01T06:00:00Z
Nebraska,55000000,Financial activities,60100,N/A,N/A,N/A,No,No,2000-11-01T06:00:00Z
Nebraska,60000000,Professional and business services,98372,N/A,N/A,N/A,No,No,2000-11-01T06:00:00Z
Nebraska,65000000,Education and health services,114073,N/A,N/A,N/A,No,No,2000-11-01T06:00:00Z
Nebraska,70000000,Leisure and hospitality,75900,N/A,N/A,N/A,No,No,2000-11-01T06:00:00Z
Nebraska,80000000,Other services,32000,Confidential,Confidential,Confidential,No,No,2000-11-01T06:00:00Z
Nebraska,90000000,Government,155900,Confidential,Confidential,Confidential,No,No,2000-11-01T06:00:00Z
Nebraska,06000000,Goods-producing,157309,N/A,N/A,N/A,No,No,2000-12-01T06:00:00Z
Nebraska,07000000,Service-providing,764855,Confidential,Confidential,Confidential,No,No,2000-12-01T06:00:00Z
Nebraska,08000000,Private service-providing,608955,N/A,N/A,N/A,No,No,2000-12-01T06:00:00Z
Nebraska,10000000,Mining and logging,1200,Confidential,Confidential,Confidential,No,No,2000-12-01T06:00:00Z
Nebraska,15000000,Natural Resources and Mining and Constru,42900,N/A,N/A,N/A,No,No,2000-12-01T06:00:00Z
Nebraska,20000000,Construction,41700,Confidential,Confidential,Confidential,No,No,2000-12-01T06:00:00Z
Nebraska,30000000,Manufacturing,114409,N/A,N/A,N/A,No,No,2000-12-01T06:00:00Z
Nebraska,31000000,Durable goods,58203,Confidential,Confidential,Confidential,No,No,2000-12-01T06:00:00Z
Nebraska,32000000,Nondurable goods,56206,Confidential,Confidential,Confidential,No,No,2000-12-01T06:00:00Z
Nebraska,40000000,"Trade, transportation, and utilities",203422,N/A,N/A,N/A,No,No,2000-12-01T06:00:00Z
Nebraska,41000000,Wholesale Trade,41006,Confidential,Confidential,Confidential,No,No,2000-12-01T06:00:00Z
Nebraska,42000000,Retail trade,116916,Confidential,Confidential,Confidential,No,No,2000-12-01T06:00:00Z
Nebraska,43000000,Transportation and warehousing,45500,Confidential,Confidential,Confidential,No,No,2000-12-01T06:00:00Z
Nebraska,50000000,Information,26768,Confidential,Confidential,Confidential,No,No,2000-12-01T06:00:00Z
Nebraska,55000000,Financial activities,60400,N/A,N/A,N/A,No,No,2000-12-01T06:00:00Z
Nebraska,60000000,Professional and business services,98771,N/A,N/A,N/A,No,No,2000-12-01T06:00:00Z
Nebraska,65000000,Education and health services,112594,N/A,N/A,N/A,No,No,2000-12-01T06:00:00Z
Nebraska,70000000,Leisure and hospitality,75100,N/A,N/A,N/A,No,No,2000-12-01T06:00:00Z
Nebraska,80000000,Other services,31900,Confidential,Confidential,Confidential,No,No,2000-12-01T06:00:00Z
Nebraska,90000000,Government,155900,Confidential,Confidential,Confidential,No,No,2000-12-01T06:00:00Z
Nebraska,06000000,Goods-producing,152808,N/A,N/A,N/A,No,No,2001-01-01T06:00:00Z
Nebraska,07000000,Service-providing,747675,Confidential,Confidential,Confidential,No,No,2001-01-01T06:00:00Z
Nebraska,08000000,Private service-providing,594875,N/A,N/A,N/A,No,No,2001-01-01T06:00:00Z
Nebraska,10000000,Mining and logging,1100,Confidential,Confidential,Confidential,No,No,2001-01-01T06:00:00Z
Nebraska,15000000,Natural Resources and Mining and Constru,39700,N/A,N/A,N/A,No,No,2001-01-01T06:00:00Z
Nebraska,20000000,Construction,38600,Confidential,Confidential,Confidential,No,No,2001-01-01T06:00:00Z
Nebraska,30000000,Manufacturing,113108,N/A,N/A,N/A,No,No,2001-01-01T06:00:00Z
Nebraska,31000000,Durable goods,57003,Confidential,Confidential,Confidential,No,No,2001-01-01T06:00:00Z
Nebraska,32000000,Nondurable goods,56105,Confidential,Confidential,Confidential,No,No,2001-01-01T06:00:00Z
Nebraska,40000000,"Trade, transportation, and utilities",196836,N/A,N/A,N/A,No,No,2001-01-01T06:00:00Z
Nebraska,41000000,Wholesale Trade,41919,Confidential,Confidential,Confidential,No,No,2001-01-01T06:00:00Z
Nebraska,42000000,Retail trade,110117,Confidential,Confidential,Confidential,No,No,2001-01-01T06:00:00Z
Nebraska,43000000,Transportation and warehousing,44800,Confidential,Confidential,Confidential,No,No,2001-01-01T06:00:00Z
Nebraska,50000000,Information,26471,Confidential,Confidential,Confidential,No,No,2001-01-01T06:00:00Z
Nebraska,55000000,Financial activities,59100,N/A,N/A,N/A,No,No,2001-01-01T06:00:00Z
Nebraska,60000000,Professional and business services,95754,N/A,N/A,N/A,No,No,2001-01-01T06:00:00Z
Nebraska,65000000,Education and health services,111914,N/A,N/A,N/A,No,No,2001-01-01T06:00:00Z
Nebraska,70000000,Leisure and hospitality,72600,N/A,N/A,N/A,No,No,2001-01-01T06:00:00Z
Nebraska,80000000,Other services,32200,Confidential,Confidential,Confidential,No,No,2001-01-01T06:00:00Z
Nebraska,90000000,Government,152800,Confidential,Confidential,Confidential,No,No,2001-01-01T06:00:00Z
Nebraska,06000000,Goods-producing,152108,N/A,N/A,N/A,No,No,2001-02-01T06:00:00Z
Nebraska,07000000,Service-providing,750296,Confidential,Confidential,Confidential,No,No,2001-02-01T06:00:00Z
Nebraska,08000000,Private service-providing,594996,N/A,N/A,N/A,No,No,2001-02-01T06:00:00Z
Nebraska,10000000,Mining and logging,1100,Confidential,Confidential,Confidential,No,No,2001-02-01T06:00:00Z
Nebraska,15000000,Natural Resources and Mining and Constru,39400,N/A,N/A,N/A,No,No,2001-02-01T06:00:00Z
Nebraska,20000000,Construction,38300,Confidential,Confidential,Confidential,No,No,2001-02-01T06:00:00Z
Nebraska,30000000,Manufacturing,112708,N/A,N/A,N/A,No,No,2001-02-01T06:00:00Z
Nebraska,31000000,Durable goods,56603,Confidential,Confidential,Confidential,No,No,2001-02-01T06:00:00Z
Nebraska,32000000,Nondurable goods,56105,Confidential,Confidential,Confidential,No,No,2001-02-01T06:00:00Z
Nebraska,40000000,"Trade, transportation, and utilities",194836,N/A,N/A,N/A,No,No,2001-02-01T06:00:00Z
Nebraska,41000000,Wholesale Trade,41921,Confidential,Confidential,Confidential,No,No,2001-02-01T06:00:00Z
Nebraska,42000000,Retail trade,108015,Confidential,Confidential,Confidential,No,No,2001-02-01T06:00:00Z
Nebraska,43000000,Transportation and warehousing,44900,Confidential,Confidential,Confidential,No,No,2001-02-01T06:00:00Z
Nebraska,50000000,Information,26374,Confidential,Confidential,Confidential,No,No,2001-02-01T06:00:00Z
Nebraska,55000000,Financial activities,59200,N/A,N/A,N/A,No,No,2001-02-01T06:00:00Z
Nebraska,60000000,Professional and business services,96051,N/A,N/A,N/A,No,No,2001-02-01T06:00:00Z
Nebraska,65000000,Education and health services,113335,N/A,N/A,N/A,No,No,2001-02-01T06:00:00Z
Nebraska,70000000,Leisure and hospitality,72800,N/A,N/A,N/A,No,No,2001-02-01T06:00:00Z
Nebraska,80000000,Other services,32400,Confidential,Confidential,Confidential,No,No,2001-02-01T06:00:00Z
Nebraska,90000000,Government,155300,Confidential,Confidential,Confidential,No,No,2001-02-01T06:00:00Z
Nebraska,06000000,Goods-producing,152908,N/A,N/A,N/A,No,No,2001-03-01T06:00:00Z
Nebraska,07000000,Service-providing,756314,Confidential,Confidential,Confidential,No,No,2001-03-01T06:00:00Z
Nebraska,08000000,Private service-providing,599714,N/A,N/A,N/A,No,No,2001-03-01T06:00:00Z
Nebraska,10000000,Mining and logging,1200,Confidential,Confidential,Confidential,No,No,2001-03-01T06:00:00Z
Nebraska,15000000,Natural Resources and Mining and Constru,40600,N/A,N/A,N/A,No,No,2001-03-01T06:00:00Z
Nebraska,20000000,Construction,39400,Confidential,Confidential,Confidential,No,No,2001-03-01T06:00:00Z
Nebraska,30000000,Manufacturing,112308,N/A,N/A,N/A,No,No,2001-03-01T06:00:00Z
Nebraska,31000000,Durable goods,56203,Confidential,Confidential,Confidential,No,No,2001-03-01T06:00:00Z
Nebraska,32000000,Nondurable goods,56105,Confidential,Confidential,Confidential,No,No,2001-03-01T06:00:00Z
Nebraska,40000000,"Trade, transportation, and utilities",195434,N/A,N/A,N/A,No,No,2001-03-01T06:00:00Z
Nebraska,41000000,Wholesale Trade,42119,Confidential,Confidential,Confidential,No,No,2001-03-01T06:00:00Z
Nebraska,42000000,Retail trade,108215,Confidential,Confidential,Confidential,No,No,2001-03-01T06:00:00Z
Nebraska,43000000,Transportation and warehousing,45100,Confidential,Confidential,Confidential,No,No,2001-03-01T06:00:00Z
Nebraska,50000000,Information,26477,Confidential,Confidential,Confidential,No,No,2001-03-01T06:00:00Z
Nebraska,55000000,Financial activities,59300,N/A,N/A,N/A,No,No,2001-03-01T06:00:00Z
Nebraska,60000000,Professional and business services,96648,N/A,N/A,N/A,No,No,2001-03-01T06:00:00Z
Nebraska,65000000,Education and health services,114655,N/A,N/A,N/A,No,No,2001-03-01T06:00:00Z
Nebraska,70000000,Leisure and hospitality,74500,N/A,N/A,N/A,No,No,2001-03-01T06:00:00Z
Nebraska,80000000,Other services,32700,Confidential,Confidential,Confidential,No,No,2001-03-01T06:00:00Z
Nebraska,90000000,Government,156600,Confidential,Confidential,Confidential,No,No,2001-03-01T06:00:00Z
Nebraska,06000000,Goods-producing,156208,N/A,N/A,N/A,No,No,2001-04-01T06:00:00Z
Nebraska,07000000,Service-providing,763036,Confidential,Confidential,Confidential,No,No,2001-04-01T06:00:00Z
Nebraska,08000000,Private service-providing,605336,N/A,N/A,N/A,No,No,2001-04-01T06:00:00Z
Nebraska,10000000,Mining and logging,1200,Confidential,Confidential,Confidential,No,No,2001-04-01T06:00:00Z
Nebraska,15000000,Natural Resources and Mining and Constru,44100,N/A,N/A,N/A,No,No,2001-04-01T06:00:00Z
Nebraska,20000000,Construction,42900,Confidential,Confidential,Confidential,No,No,2001-04-01T06:00:00Z
Nebraska,30000000,Manufacturing,112108,N/A,N/A,N/A,No,No,2001-04-01T06:00:00Z
Nebraska,31000000,Durable goods,55903,Confidential,Confidential,Confidential,No,No,2001-04-01T06:00:00Z
Nebraska,32000000,Nondurable goods,56205,Confidential,Confidential,Confidential,No,No,2001-04-01T06:00:00Z
Nebraska,40000000,"Trade, transportation, and utilities",197041,N/A,N/A,N/A,No,No,2001-04-01T06:00:00Z
Nebraska,41000000,Wholesale Trade,42425,Confidential,Confidential,Confidential,No,No,2001-04-01T06:00:00Z
Nebraska,42000000,Retail trade,109116,Confidential,Confidential,Confidential,No,No,2001-04-01T06:00:00Z
Nebraska,43000000,Transportation and warehousing,45500,Confidential,Confidential,Confidential,No,No,2001-04-01T06:00:00Z
Nebraska,50000000,Information,26680,Confidential,Confidential,Confidential,No,No,2001-04-01T06:00:00Z
Nebraska,55000000,Financial activities,59700,N/A,N/A,N/A,No,No,2001-04-01T06:00:00Z
Nebraska,60000000,Professional and business services,97139,N/A,N/A,N/A,No,No,2001-04-01T06:00:00Z
Nebraska,65000000,Education and health services,115176,N/A,N/A,N/A,No,No,2001-04-01T06:00:00Z
Nebraska,70000000,Leisure and hospitality,77000,N/A,N/A,N/A,No,No,2001-04-01T06:00:00Z
Nebraska,80000000,Other services,32600,Confidential,Confidential,Confidential,No,No,2001-04-01T06:00:00Z
Nebraska,90000000,Government,157700,Confidential,Confidential,Confidential,No,No,2001-04-01T06:00:00Z
Nebraska,06000000,Goods-producing,158508,N/A,N/A,N/A,No,No,2001-05-01T05:00:00Z
Nebraska,07000000,Service-providing,770355,Confidential,Confidential,Confidential,No,No,2001-05-01T05:00:00Z
Nebraska,08000000,Private service-providing,609655,N/A,N/A,N/A,No,No,2001-05-01T05:00:00Z
Nebraska,10000000,Mining and logging,1300,Confidential,Confidential,Confidential,No,No,2001-05-01T05:00:00Z
Nebraska,15000000,Natural Resources and Mining and Constru,46700,N/A,N/A,N/A,No,No,2001-05-01T05:00:00Z
Nebraska,20000000,Construction,45400,Confidential,Confidential,Confidential,No,No,2001-05-01T05:00:00Z
Nebraska,30000000,Manufacturing,111808,N/A,N/A,N/A,No,No,2001-05-01T05:00:00Z
Nebraska,31000000,Durable goods,55703,Confidential,Confidential,Confidential,No,No,2001-05-01T05:00:00Z
Nebraska,32000000,Nondurable goods,56105,Confidential,Confidential,Confidential,No,No,2001-05-01T05:00:00Z
Nebraska,40000000,"Trade, transportation, and utilities",199042,N/A,N/A,N/A,No,No,2001-05-01T05:00:00Z
Nebraska,41000000,Wholesale Trade,42926,Confidential,Confidential,Confidential,No,No,2001-05-01T05:00:00Z
Nebraska,42000000,Retail trade,110616,Confidential,Confidential,Confidential,No,No,2001-05-01T05:00:00Z
Nebraska,43000000,Transportation and warehousing,45500,Confidential,Confidential,Confidential,No,No,2001-05-01T05:00:00Z
Nebraska,50000000,Information,26382,Confidential,Confidential,Confidential,No,No,2001-05-01T05:00:00Z
Nebraska,55000000,Financial activities,60100,N/A,N/A,N/A,No,No,2001-05-01T05:00:00Z
Nebraska,60000000,Professional and business services,97835,N/A,N/A,N/A,No,No,2001-05-01T05:00:00Z
Nebraska,65000000,Education and health services,113996,N/A,N/A,N/A,No,No,2001-05-01T05:00:00Z
Nebraska,70000000,Leisure and hospitality,79400,N/A,N/A,N/A,No,No,2001-05-01T05:00:00Z
Nebraska,80000000,Other services,32900,Confidential,Confidential,Confidential,No,No,2001-05-01T05:00:00Z
Nebraska,90000000,Government,160700,Confidential,Confidential,Confidential,No,No,2001-05-01T05:00:00Z
Nebraska,06000000,Goods-producing,160508,N/A,N/A,N/A,No,No,2001-06-01T05:00:00Z
Nebraska,07000000,Service-providing,774972,Confidential,Confidential,Confidential,No,No,2001-06-01T05:00:00Z
Nebraska,08000000,Private service-providing,614772,N/A,N/A,N/A,No,No,2001-06-01T05:00:00Z
Nebraska,10000000,Mining and logging,1300,Confidential,Confidential,Confidential,No,No,2001-06-01T05:00:00Z
Nebraska,15000000,Natural Resources and Mining and Constru,48500,N/A,N/A,N/A,No,No,2001-06-01T05:00:00Z
Nebraska,20000000,Construction,47200,Confidential,Confidential,Confidential,No,No,2001-06-01T05:00:00Z
Nebraska,30000000,Manufacturing,112008,N/A,N/A,N/A,No,No,2001-06-01T05:00:00Z
Nebraska,31000000,Durable goods,55403,Confidential,Confidential,Confidential,No,No,2001-06-01T05:00:00Z
Nebraska,32000000,Nondurable goods,56605,Confidential,Confidential,Confidential,No,No,2001-06-01T05:00:00Z
Nebraska,40000000,"Trade, transportation, and utilities",199241,N/A,N/A,N/A,No,No,2001-06-01T05:00:00Z
Nebraska,41000000,Wholesale Trade,43126,Confidential,Confidential,Confidential,No,No,2001-06-01T05:00:00Z
Nebraska,42000000,Retail trade,110815,Confidential,Confidential,Confidential,No,No,2001-06-01T05:00:00Z
Nebraska,43000000,Transportation and warehousing,45300,Confidential,Confidential,Confidential,No,No,2001-06-01T05:00:00Z
Nebraska,50000000,Information,26485,Confidential,Confidential,Confidential,No,No,2001-06-01T05:00:00Z
Nebraska,55000000,Financial activities,61000,N/A,N/A,N/A,No,No,2001-06-01T05:00:00Z
Nebraska,60000000,Professional and business services,99130,N/A,N/A,N/A,No,No,2001-06-01T05:00:00Z
Nebraska,65000000,Education and health services,115316,N/A,N/A,N/A,No,No,2001-06-01T05:00:00Z
Nebraska,70000000,Leisure and hospitality,80600,N/A,N/A,N/A,No,No,2001-06-01T05:00:00Z
Nebraska,80000000,Other services,33000,Confidential,Confidential,Confidential,No,No,2001-06-01T05:00:00Z
Nebraska,90000000,Government,160200,Confidential,Confidential,Confidential,No,No,2001-06-01T05:00:00Z
Nebraska,06000000,Goods-producing,159808,N/A,N/A,N/A,No,No,2001-07-01T05:00:00Z
Nebraska,07000000,Service-providing,760095,Confidential,Confidential,Confidential,No,No,2001-07-01T05:00:00Z
Nebraska,08000000,Private service-providing,609995,N/A,N/A,N/A,No,No,2001-07-01T05:00:00Z
Nebraska,10000000,Mining and logging,1300,Confidential,Confidential,Confidential,No,No,2001-07-01T05:00:00Z
Nebraska,15000000,Natural Resources and Mining and Constru,48600,N/A,N/A,N/A,No,No,2001-07-01T05:00:00Z
Nebraska,20000000,Construction,47300,Confidential,Confidential,Confidential,No,No,2001-07-01T05:00:00Z
Nebraska,30000000,Manufacturing,111208,N/A,N/A,N/A,No,No,2001-07-01T05:00:00Z
Nebraska,31000000,Durable goods,54703,Confidential,Confidential,Confidential,No,No,2001-07-01T05:00:00Z
Nebraska,32000000,Nondurable goods,56505,Confidential,Confidential,Confidential,No,No,2001-07-01T05:00:00Z
Nebraska,40000000,"Trade, transportation, and utilities",197846,N/A,N/A,N/A,No,No,2001-07-01T05:00:00Z
Nebraska,41000000,Wholesale Trade,43031,Confidential,Confidential,Confidential,No,No,2001-07-01T05:00:00Z
Nebraska,42000000,Retail trade,109515,Confidential,Confidential,Confidential,No,No,2001-07-01T05:00:00Z
Nebraska,43000000,Transportation and warehousing,45300,Confidential,Confidential,Confidential,No,No,2001-07-01T05:00:00Z
Nebraska,50000000,Information,25988,Confidential,Confidential,Confidential,No,No,2001-07-01T05:00:00Z
Nebraska,55000000,Financial activities,60800,N/A,N/A,N/A,No,No,2001-07-01T05:00:00Z
Nebraska,60000000,Professional and business services,98124,N/A,N/A,N/A,No,No,2001-07-01T05:00:00Z
Nebraska,65000000,Education and health services,114437,N/A,N/A,N/A,No,No,2001-07-01T05:00:00Z
Nebraska,70000000,Leisure and hospitality,79700,N/A,N/A,N/A,No,No,2001-07-01T05:00:00Z
Nebraska,80000000,Other services,33100,Confidential,Confidential,Confidential,No,No,2001-07-01T05:00:00Z
Nebraska,90000000,Government,150100,Confidential,Confidential,Confidential,No,No,2001-07-01T05:00:00Z
Nebraska,06000000,Goods-producing,159407,N/A,N/A,N/A,No,No,2001-08-01T05:00:00Z
Nebraska,07000000,Service-providing,763613,Confidential,Confidential,Confidential,No,No,2001-08-01T05:00:00Z
Nebraska,08000000,Private service-providing,612313,N/A,N/A,N/A,No,No,2001-08-01T05:00:00Z
Nebraska,10000000,Mining and logging,1400,Confidential,Confidential,Confidential,No,No,2001-08-01T05:00:00Z
Nebraska,15000000,Natural Resources and Mining and Constru,48900,N/A,N/A,N/A,No,No,2001-08-01T05:00:00Z
Nebraska,20000000,Construction,47500,Confidential,Confidential,Confidential,No,No,2001-08-01T05:00:00Z
Nebraska,30000000,Manufacturing,110507,N/A,N/A,N/A,No,No,2001-08-01T05:00:00Z
Nebraska,31000000,Durable goods,54202,Confidential,Confidential,Confidential,No,No,2001-08-01T05:00:00Z
Nebraska,32000000,Nondurable goods,56305,Confidential,Confidential,Confidential,No,No,2001-08-01T05:00:00Z
Nebraska,40000000,"Trade, transportation, and utilities",197849,N/A,N/A,N/A,No,No,2001-08-01T05:00:00Z
Nebraska,41000000,Wholesale Trade,42634,Confidential,Confidential,Confidential,No,No,2001-08-01T05:00:00Z
Nebraska,42000000,Retail trade,110015,Confidential,Confidential,Confidential,No,No,2001-08-01T05:00:00Z
Nebraska,43000000,Transportation and warehousing,45200,Confidential,Confidential,Confidential,No,No,2001-08-01T05:00:00Z
Nebraska,50000000,Information,25591,Confidential,Confidential,Confidential,No,No,2001-08-01T05:00:00Z
Nebraska,55000000,Financial activities,60800,N/A,N/A,N/A,No,No,2001-08-01T05:00:00Z
Nebraska,60000000,Professional and business services,98716,N/A,N/A,N/A,No,No,2001-08-01T05:00:00Z
Nebraska,65000000,Education and health services,115857,N/A,N/A,N/A,No,No,2001-08-01T05:00:00Z
Nebraska,70000000,Leisure and hospitality,80500,N/A,N/A,N/A,No,No,2001-08-01T05:00:00Z
Nebraska,80000000,Other services,33000,Confidential,Confidential,Confidential,No,No,2001-08-01T05:00:00Z
Nebraska,90000000,Government,151300,Confidential,Confidential,Confidential,No,No,2001-08-01T05:00:00Z
Nebraska,06000000,Goods-producing,156907,N/A,N/A,N/A,No,No,2001-09-01T05:00:00Z
Nebraska,07000000,Service-providing,765734,Confidential,Confidential,Confidential,No,No,2001-09-01T05:00:00Z
Nebraska,08000000,Private service-providing,608534,N/A,N/A,N/A,No,No,2001-09-01T05:00:00Z
Nebraska,10000000,Mining and logging,1300,Confidential,Confidential,Confidential,No,No,2001-09-01T05:00:00Z
Nebraska,15000000,Natural Resources and Mining and Constru,47400,N/A,N/A,N/A,No,No,2001-09-01T05:00:00Z
Nebraska,20000000,Construction,46100,Confidential,Confidential,Confidential,No,No,2001-09-01T05:00:00Z
Nebraska,30000000,Manufacturing,109507,N/A,N/A,N/A,No,No,2001-09-01T05:00:00Z
Nebraska,31000000,Durable goods,53102,Confidential,Confidential,Confidential,No,No,2001-09-01T05:00:00Z
Nebraska,32000000,Nondurable goods,56405,Confidential,Confidential,Confidential,No,No,2001-09-01T05:00:00Z
Nebraska,40000000,"Trade, transportation, and utilities",197243,N/A,N/A,N/A,No,No,2001-09-01T05:00:00Z
Nebraska,41000000,Wholesale Trade,42127,Confidential,Confidential,Confidential,No,No,2001-09-01T05:00:00Z
Nebraska,42000000,Retail trade,109816,Confidential,Confidential,Confidential,No,No,2001-09-01T05:00:00Z
Nebraska,43000000,Transportation and warehousing,45300,Confidential,Confidential,Confidential,No,No,2001-09-01T05:00:00Z
Nebraska,50000000,Information,25394,Confidential,Confidential,Confidential,No,No,2001-09-01T05:00:00Z
Nebraska,55000000,Financial activities,60500,N/A,N/A,N/A,No,No,2001-09-01T05:00:00Z
Nebraska,60000000,Professional and business services,97319,N/A,N/A,N/A,No,No,2001-09-01T05:00:00Z
Nebraska,65000000,Education and health services,117478,N/A,N/A,N/A,No,No,2001-09-01T05:00:00Z
Nebraska,70000000,Leisure and hospitality,78000,N/A,N/A,N/A,No,No,2001-09-01T05:00:00Z
Nebraska,80000000,Other services,32600,Confidential,Confidential,Confidential,No,No,2001-09-01T05:00:00Z
Nebraska,90000000,Government,157200,Confidential,Confidential,Confidential,No,No,2001-09-01T05:00:00Z
Nebraska,06000000,Goods-producing,156308,N/A,N/A,N/A,No,No,2001-10-01T05:00:00Z
Nebraska,07000000,Service-providing,764154,Confidential,Confidential,Confidential,No,No,2001-10-01T05:00:00Z
Nebraska,08000000,Private service-providing,605654,N/A,N/A,N/A,No,No,2001-10-01T05:00:00Z
Nebraska,10000000,Mining and logging,1300,Confidential,Confidential,Confidential,No,No,2001-10-01T05:00:00Z
Nebraska,15000000,Natural Resources and Mining and Constru,47200,N/A,N/A,N/A,No,No,2001-10-01T05:00:00Z
Nebraska,20000000,Construction,45900,Confidential,Confidential,Confidential,No,No,2001-10-01T05:00:00Z
Nebraska,30000000,Manufacturing,109108,N/A,N/A,N/A,No,No,2001-10-01T05:00:00Z
Nebraska,31000000,Durable goods,52603,Confidential,Confidential,Confidential,No,No,2001-10-01T05:00:00Z
Nebraska,32000000,Nondurable goods,56505,Confidential,Confidential,Confidential,No,No,2001-10-01T05:00:00Z
Nebraska,40000000,"Trade, transportation, and utilities",197539,N/A,N/A,N/A,No,No,2001-10-01T05:00:00Z
Nebraska,41000000,Wholesale Trade,42023,Confidential,Confidential,Confidential,No,No,2001-10-01T05:00:00Z
Nebraska,42000000,Retail trade,110416,Confidential,Confidential,Confidential,No,No,2001-10-01T05:00:00Z
Nebraska,43000000,Transportation and warehousing,45100,Confidential,Confidential,Confidential,No,No,2001-10-01T05:00:00Z
Nebraska,50000000,Information,25397,Confidential,Confidential,Confidential,No,No,2001-10-01T05:00:00Z
Nebraska,55000000,Financial activities,60300,N/A,N/A,N/A,No,No,2001-10-01T05:00:00Z
Nebraska,60000000,Professional and business services,96320,N/A,N/A,N/A,No,No,2001-10-01T05:00:00Z
Nebraska,65000000,Education and health services,117398,N/A,N/A,N/A,No,No,2001-10-01T05:00:00Z
Nebraska,70000000,Leisure and hospitality,75900,N/A,N/A,N/A,No,No,2001-10-01T05:00:00Z
Nebraska,80000000,Other services,32800,Confidential,Confidential,Confidential,No,No,2001-10-01T05:00:00Z
Nebraska,90000000,Government,158500,Confidential,Confidential,Confidential,No,No,2001-10-01T05:00:00Z
Nebraska,06000000,Goods-producing,155308,N/A,N/A,N/A,No,No,2001-11-01T06:00:00Z
Nebraska,07000000,Service-providing,771473,Confidential,Confidential,Confidential,No,No,2001-11-01T06:00:00Z
Nebraska,08000000,Private service-providing,610473,N/A,N/A,N/A,No,No,2001-11-01T06:00:00Z
Nebraska,10000000,Mining and logging,1300,Confidential,Confidential,Confidential,No,No,2001-11-01T06:00:00Z
Nebraska,15000000,Natural Resources and Mining and Constru,46600,N/A,N/A,N/A,No,No,2001-11-01T06:00:00Z
Nebraska,20000000,Construction,45300,Confidential,Confidential,Confidential,No,No,2001-11-01T06:00:00Z
Nebraska,30000000,Manufacturing,108708,N/A,N/A,N/A,No,No,2001-11-01T06:00:00Z
Nebraska,31000000,Durable goods,52303,Confidential,Confidential,Confidential,No,No,2001-11-01T06:00:00Z
Nebraska,32000000,Nondurable goods,56405,Confidential,Confidential,Confidential,No,No,2001-11-01T06:00:00Z
Nebraska,40000000,"Trade, transportation, and utilities",201033,N/A,N/A,N/A,No,No,2001-11-01T06:00:00Z
Nebraska,41000000,Wholesale Trade,41818,Confidential,Confidential,Confidential,No,No,2001-11-01T06:00:00Z
Nebraska,42000000,Retail trade,113915,Confidential,Confidential,Confidential,No,No,2001-11-01T06:00:00Z
Nebraska,43000000,Transportation and warehousing,45300,Confidential,Confidential,Confidential,No,No,2001-11-01T06:00:00Z
Nebraska,50000000,Information,25400,Confidential,Confidential,Confidential,No,No,2001-11-01T06:00:00Z
Nebraska,55000000,Financial activities,60500,N/A,N/A,N/A,No,No,2001-11-01T06:00:00Z
Nebraska,60000000,Professional and business services,96622,N/A,N/A,N/A,No,No,2001-11-01T06:00:00Z
Nebraska,65000000,Education and health services,119018,N/A,N/A,N/A,No,No,2001-11-01T06:00:00Z
Nebraska,70000000,Leisure and hospitality,75100,N/A,N/A,N/A,No,No,2001-11-01T06:00:00Z
Nebraska,80000000,Other services,32800,Confidential,Confidential,Confidential,No,No,2001-11-01T06:00:00Z
Nebraska,90000000,Government,161000,Confidential,Confidential,Confidential,No,No,2001-11-01T06:00:00Z
Nebraska,06000000,Goods-producing,153908,N/A,N/A,N/A,No,No,2001-12-01T06:00:00Z
Nebraska,07000000,Service-providing,770694,Confidential,Confidential,Confidential,No,No,2001-12-01T06:00:00Z
Nebraska,08000000,Private service-providing,610594,N/A,N/A,N/A,No,No,2001-12-01T06:00:00Z
Nebraska,10000000,Mining and logging,1300,Confidential,Confidential,Confidential,No,No,2001-12-01T06:00:00Z
Nebraska,15000000,Natural Resources and Mining and Constru,45300,N/A,N/A,N/A,No,No,2001-12-01T06:00:00Z
Nebraska,20000000,Construction,44000,Confidential,Confidential,Confidential,No,No,2001-12-01T06:00:00Z
Nebraska,30000000,Manufacturing,108608,N/A,N/A,N/A,No,No,2001-12-01T06:00:00Z
Nebraska,31000000,Durable goods,52103,Confidential,Confidential,Confidential,No,No,2001-12-01T06:00:00Z
Nebraska,32000000,Nondurable goods,56505,Confidential,Confidential,Confidential,No,No,2001-12-01T06:00:00Z
Nebraska,40000000,"Trade, transportation, and utilities",202533,N/A,N/A,N/A,No,No,2001-12-01T06:00:00Z
Nebraska,41000000,Wholesale Trade,41718,Confidential,Confidential,Confidential,No,No,2001-12-01T06:00:00Z
Nebraska,42000000,Retail trade,115315,Confidential,Confidential,Confidential,No,No,2001-12-01T06:00:00Z
Nebraska,43000000,Transportation and warehousing,45500,Confidential,Confidential,Confidential,No,No,2001-12-01T06:00:00Z
Nebraska,50000000,Information,25503,Confidential,Confidential,Confidential,No,No,2001-12-01T06:00:00Z
Nebraska,55000000,Financial activities,61000,N/A,N/A,N/A,No,No,2001-12-01T06:00:00Z
Nebraska,60000000,Professional and business services,95719,N/A,N/A,N/A,No,No,2001-12-01T06:00:00Z
Nebraska,65000000,Education and health services,118339,N/A,N/A,N/A,No,No,2001-12-01T06:00:00Z
Nebraska,70000000,Leisure and hospitality,74800,N/A,N/A,N/A,No,No,2001-12-01T06:00:00Z
Nebraska,80000000,Other services,32700,Confidential,Confidential,Confidential,No,No,2001-12-01T06:00:00Z
Nebraska,90000000,Government,160100,Confidential,Confidential,Confidential,No,No,2001-12-01T06:00:00Z
Nebraska,06000000,Goods-producing,148208,N/A,N/A,N/A,No,No,2002-01-01T06:00:00Z
Nebraska,07000000,Service-providing,744413,Confidential,Confidential,Confidential,No,No,2002-01-01T06:00:00Z
Nebraska,08000000,Private service-providing,588013,N/A,N/A,N/A,No,No,2002-01-01T06:00:00Z
Nebraska,10000000,Mining and logging,1200,Confidential,Confidential,Confidential,No,No,2002-01-01T06:00:00Z
Nebraska,15000000,Natural Resources and Mining and Constru,41200,N/A,N/A,N/A,No,No,2002-01-01T06:00:00Z
Nebraska,20000000,Construction,40000,Confidential,Confidential,Confidential,No,No,2002-01-01T06:00:00Z
Nebraska,30000000,Manufacturing,107008,N/A,N/A,N/A,No,No,2002-01-01T06:00:00Z
Nebraska,31000000,Durable goods,51503,Confidential,Confidential,Confidential,No,No,2002-01-01T06:00:00Z
Nebraska,32000000,Nondurable goods,55505,Confidential,Confidential,Confidential,No,No,2002-01-01T06:00:00Z
Nebraska,40000000,"Trade, transportation, and utilities",194731,N/A,N/A,N/A,No,No,2002-01-01T06:00:00Z
Nebraska,41000000,Wholesale Trade,40917,Confidential,Confidential,Confidential,No,No,2002-01-01T06:00:00Z
Nebraska,42000000,Retail trade,108514,Confidential,Confidential,Confidential,No,No,2002-01-01T06:00:00Z
Nebraska,43000000,Transportation and warehousing,45300,Confidential,Confidential,Confidential,No,No,2002-01-01T06:00:00Z
Nebraska,50000000,Information,24706,Confidential,Confidential,Confidential,No,No,2002-01-01T06:00:00Z
Nebraska,55000000,Financial activities,60600,N/A,N/A,N/A,No,No,2002-01-01T06:00:00Z
Nebraska,60000000,Professional and business services,88917,N/A,N/A,N/A,No,No,2002-01-01T06:00:00Z
Nebraska,65000000,Education and health services,115059,N/A,N/A,N/A,No,No,2002-01-01T06:00:00Z
Nebraska,70000000,Leisure and hospitality,71900,N/A,N/A,N/A,No,No,2002-01-01T06:00:00Z
Nebraska,80000000,Other services,32100,Confidential,Confidential,Confidential,No,No,2002-01-01T06:00:00Z
Nebraska,90000000,Government,156400,Confidential,Confidential,Confidential,No,No,2002-01-01T06:00:00Z
Nebraska,06000000,Goods-producing,147408,N/A,N/A,N/A,No,No,2002-02-01T06:00:00Z
Nebraska,07000000,Service-providing,748633,Confidential,Confidential,Confidential,No,No,2002-02-01T06:00:00Z
Nebraska,08000000,Private service-providing,589133,N/A,N/A,N/A,No,No,2002-02-01T06:00:00Z
Nebraska,10000000,Mining and logging,1200,Confidential,Confidential,Confidential,No,No,2002-02-01T06:00:00Z
Nebraska,15000000,Natural Resources and Mining and Constru,40800,N/A,N/A,N/A,No,No,2002-02-01T06:00:00Z
Nebraska,20000000,Construction,39600,Confidential,Confidential,Confidential,No,No,2002-02-01T06:00:00Z
Nebraska,30000000,Manufacturing,106608,N/A,N/A,N/A,No,No,2002-02-01T06:00:00Z
Nebraska,31000000,Durable goods,51303,Confidential,Confidential,Confidential,No,No,2002-02-01T06:00:00Z
Nebraska,32000000,Nondurable goods,55305,Confidential,Confidential,Confidential,No,No,2002-02-01T06:00:00Z
Nebraska,40000000,"Trade, transportation, and utilities",192229,N/A,N/A,N/A,No,No,2002-02-01T06:00:00Z
Nebraska,41000000,Wholesale Trade,40715,Confidential,Confidential,Confidential,No,No,2002-02-01T06:00:00Z
Nebraska,42000000,Retail trade,106314,Confidential,Confidential,Confidential,No,No,2002-02-01T06:00:00Z
Nebraska,43000000,Transportation and warehousing,45200,Confidential,Confidential,Confidential,No,No,2002-02-01T06:00:00Z
Nebraska,50000000,Information,24509,Confidential,Confidential,Confidential,No,No,2002-02-01T06:00:00Z
Nebraska,55000000,Financial activities,60700,N/A,N/A,N/A,No,No,2002-02-01T06:00:00Z
Nebraska,60000000,Professional and business services,89715,N/A,N/A,N/A,No,No,2002-02-01T06:00:00Z
Nebraska,65000000,Education and health services,116880,N/A,N/A,N/A,No,No,2002-02-01T06:00:00Z
Nebraska,70000000,Leisure and hospitality,72600,N/A,N/A,N/A,No,No,2002-02-01T06:00:00Z
Nebraska,80000000,Other services,32500,Confidential,Confidential,Confidential,No,No,2002-02-01T06:00:00Z
Nebraska,90000000,Government,159500,Confidential,Confidential,Confidential,No,No,2002-02-01T06:00:00Z
Nebraska,06000000,Goods-producing,148508,N/A,N/A,N/A,No,No,2002-03-01T06:00:00Z
Nebraska,07000000,Service-providing,753553,Confidential,Confidential,Confidential,No,No,2002-03-01T06:00:00Z
Nebraska,08000000,Private service-providing,593353,N/A,N/A,N/A,No,No,2002-03-01T06:00:00Z
Nebraska,10000000,Mining and logging,1200,Confidential,Confidential,Confidential,No,No,2002-03-01T06:00:00Z
Nebraska,15000000,Natural Resources and Mining and Constru,42400,N/A,N/A,N/A,No,No,2002-03-01T06:00:00Z
Nebraska,20000000,Construction,41200,Confidential,Confidential,Confidential,No,No,2002-03-01T06:00:00Z
Nebraska,30000000,Manufacturing,106108,N/A,N/A,N/A,No,No,2002-03-01T06:00:00Z
Nebraska,31000000,Durable goods,50903,Confidential,Confidential,Confidential,No,No,2002-03-01T06:00:00Z
Nebraska,32000000,Nondurable goods,55205,Confidential,Confidential,Confidential,No,No,2002-03-01T06:00:00Z
Nebraska,40000000,"Trade, transportation, and utilities",192926,N/A,N/A,N/A,No,No,2002-03-01T06:00:00Z
Nebraska,41000000,Wholesale Trade,41112,Confidential,Confidential,Confidential,No,No,2002-03-01T06:00:00Z
Nebraska,42000000,Retail trade,106614,Confidential,Confidential,Confidential,No,No,2002-03-01T06:00:00Z
Nebraska,43000000,Transportation and warehousing,45200,Confidential,Confidential,Confidential,No,No,2002-03-01T06:00:00Z
Nebraska,50000000,Information,24212,Confidential,Confidential,Confidential,No,No,2002-03-01T06:00:00Z
Nebraska,55000000,Financial activities,60900,N/A,N/A,N/A,No,No,2002-03-01T06:00:00Z
Nebraska,60000000,Professional and business services,91315,N/A,N/A,N/A,No,No,2002-03-01T06:00:00Z
Nebraska,65000000,Education and health services,117700,N/A,N/A,N/A,No,No,2002-03-01T06:00:00Z
Nebraska,70000000,Leisure and hospitality,73800,N/A,N/A,N/A,No,No,2002-03-01T06:00:00Z
Nebraska,80000000,Other services,32500,Confidential,Confidential,Confidential,No,No,2002-03-01T06:00:00Z
Nebraska,90000000,Government,160200,Confidential,Confidential,Confidential,No,No,2002-03-01T06:00:00Z
Nebraska,06000000,Goods-producing,151109,N/A,N/A,N/A,No,No,2002-04-01T06:00:00Z
Nebraska,07000000,Service-providing,761171,Confidential,Confidential,Confidential,No,No,2002-04-01T06:00:00Z
Nebraska,08000000,Private service-providing,600671,N/A,N/A,N/A,No,No,2002-04-01T06:00:00Z
Nebraska,10000000,Mining and logging,1300,Confidential,Confidential,Confidential,No,No,2002-04-01T06:00:00Z
Nebraska,15000000,Natural Resources and Mining and Constru,45300,N/A,N/A,N/A,No,No,2002-04-01T06:00:00Z
Nebraska,20000000,Construction,44000,Confidential,Confidential,Confidential,No,No,2002-04-01T06:00:00Z
Nebraska,30000000,Manufacturing,105809,N/A,N/A,N/A,No,No,2002-04-01T06:00:00Z
Nebraska,31000000,Durable goods,50903,Confidential,Confidential,Confidential,No,No,2002-04-01T06:00:00Z
Nebraska,32000000,Nondurable goods,54906,Confidential,Confidential,Confidential,No,No,2002-04-01T06:00:00Z
Nebraska,40000000,"Trade, transportation, and utilities",194122,N/A,N/A,N/A,No,No,2002-04-01T06:00:00Z
Nebraska,41000000,Wholesale Trade,41408,Confidential,Confidential,Confidential,No,No,2002-04-01T06:00:00Z
Nebraska,42000000,Retail trade,107414,Confidential,Confidential,Confidential,No,No,2002-04-01T06:00:00Z
Nebraska,43000000,Transportation and warehousing,45300,Confidential,Confidential,Confidential,No,No,2002-04-01T06:00:00Z
Nebraska,50000000,Information,24015,Confidential,Confidential,Confidential,No,No,2002-04-01T06:00:00Z
Nebraska,55000000,Financial activities,61000,N/A,N/A,N/A,No,No,2002-04-01T06:00:00Z
Nebraska,60000000,Professional and business services,92814,N/A,N/A,N/A,No,No,2002-04-01T06:00:00Z
Nebraska,65000000,Education and health services,118420,N/A,N/A,N/A,No,No,2002-04-01T06:00:00Z
Nebraska,70000000,Leisure and hospitality,76800,N/A,N/A,N/A,No,No,2002-04-01T06:00:00Z
Nebraska,80000000,Other services,33500,Confidential,Confidential,Confidential,No,No,2002-04-01T06:00:00Z
Nebraska,90000000,Government,160500,Confidential,Confidential,Confidential,No,No,2002-04-01T06:00:00Z
Nebraska,06000000,Goods-producing,153209,N/A,N/A,N/A,No,No,2002-05-01T05:00:00Z
Nebraska,07000000,Service-providing,766592,Confidential,Confidential,Confidential,No,No,2002-05-01T05:00:00Z
Nebraska,08000000,Private service-providing,603792,N/A,N/A,N/A,No,No,2002-05-01T05:00:00Z
Nebraska,10000000,Mining and logging,1300,Confidential,Confidential,Confidential,No,No,2002-05-01T05:00:00Z
Nebraska,15000000,Natural Resources and Mining and Constru,47200,N/A,N/A,N/A,No,No,2002-05-01T05:00:00Z
Nebraska,20000000,Construction,45900,Confidential,Confidential,Confidential,No,No,2002-05-01T05:00:00Z
Nebraska,30000000,Manufacturing,106009,N/A,N/A,N/A,No,No,2002-05-01T05:00:00Z
Nebraska,31000000,Durable goods,51103,Confidential,Confidential,Confidential,No,No,2002-05-01T05:00:00Z
Nebraska,32000000,Nondurable goods,54906,Confidential,Confidential,Confidential,No,No,2002-05-01T05:00:00Z
Nebraska,40000000,"Trade, transportation, and utilities",195818,N/A,N/A,N/A,No,No,2002-05-01T05:00:00Z
Nebraska,41000000,Wholesale Trade,41804,Confidential,Confidential,Confidential,No,No,2002-05-01T05:00:00Z
Nebraska,42000000,Retail trade,108714,Confidential,Confidential,Confidential,No,No,2002-05-01T05:00:00Z
Nebraska,43000000,Transportation and warehousing,45300,Confidential,Confidential,Confidential,No,No,2002-05-01T05:00:00Z
Nebraska,50000000,Information,23718,Confidential,Confidential,Confidential,No,No,2002-05-01T05:00:00Z
Nebraska,55000000,Financial activities,61300,N/A,N/A,N/A,No,No,2002-05-01T05:00:00Z
Nebraska,60000000,Professional and business services,92615,N/A,N/A,N/A,No,No,2002-05-01T05:00:00Z
Nebraska,65000000,Education and health services,118141,N/A,N/A,N/A,No,No,2002-05-01T05:00:00Z
Nebraska,70000000,Leisure and hospitality,78700,N/A,N/A,N/A,No,No,2002-05-01T05:00:00Z
Nebraska,80000000,Other services,33500,Confidential,Confidential,Confidential,No,No,2002-05-01T05:00:00Z
Nebraska,90000000,Government,162800,Confidential,Confidential,Confidential,No,No,2002-05-01T05:00:00Z
Nebraska,06000000,Goods-producing,155609,N/A,N/A,N/A,No,No,2002-06-01T05:00:00Z
Nebraska,07000000,Service-providing,769411,Confidential,Confidential,Confidential,No,No,2002-06-01T05:00:00Z
Nebraska,08000000,Private service-providing,607711,N/A,N/A,N/A,No,No,2002-06-01T05:00:00Z
Nebraska,10000000,Mining and logging,1300,Confidential,Confidential,Confidential,No,No,2002-06-01T05:00:00Z
Nebraska,15000000,Natural Resources and Mining and Constru,48800,N/A,N/A,N/A,No,No,2002-06-01T05:00:00Z
Nebraska,20000000,Construction,47500,Confidential,Confidential,Confidential,No,No,2002-06-01T05:00:00Z
Nebraska,30000000,Manufacturing,106809,N/A,N/A,N/A,No,No,2002-06-01T05:00:00Z
Nebraska,31000000,Durable goods,51203,Confidential,Confidential,Confidential,No,No,2002-06-01T05:00:00Z
Nebraska,32000000,Nondurable goods,55606,Confidential,Confidential,Confidential,No,No,2002-06-01T05:00:00Z
Nebraska,40000000,"Trade, transportation, and utilities",195918,N/A,N/A,N/A,No,No,2002-06-01T05:00:00Z
Nebraska,41000000,Wholesale Trade,42004,Confidential,Confidential,Confidential,No,No,2002-06-01T05:00:00Z
Nebraska,42000000,Retail trade,108814,Confidential,Confidential,Confidential,No,No,2002-06-01T05:00:00Z
Nebraska,43000000,Transportation and warehousing,45100,Confidential,Confidential,Confidential,No,No,2002-06-01T05:00:00Z
Nebraska,50000000,Information,23521,Confidential,Confidential,Confidential,No,No,2002-06-01T05:00:00Z
Nebraska,55000000,Financial activities,61900,N/A,N/A,N/A,No,No,2002-06-01T05:00:00Z
Nebraska,60000000,Professional and business services,93011,N/A,N/A,N/A,No,No,2002-06-01T05:00:00Z
Nebraska,65000000,Education and health services,118961,N/A,N/A,N/A,No,No,2002-06-01T05:00:00Z
Nebraska,70000000,Leisure and hospitality,80800,N/A,N/A,N/A,No,No,2002-06-01T05:00:00Z
Nebraska,80000000,Other services,33600,Confidential,Confidential,Confidential,No,No,2002-06-01T05:00:00Z
Nebraska,90000000,Government,161700,Confidential,Confidential,Confidential,No,No,2002-06-01T05:00:00Z
Nebraska,06000000,Goods-producing,155909,N/A,N/A,N/A,No,No,2002-07-01T05:00:00Z
Nebraska,07000000,Service-providing,754432,Confidential,Confidential,Confidential,No,No,2002-07-01T05:00:00Z
Nebraska,08000000,Private service-providing,602832,N/A,N/A,N/A,No,No,2002-07-01T05:00:00Z
Nebraska,10000000,Mining and logging,1400,Confidential,Confidential,Confidential,No,No,2002-07-01T05:00:00Z
Nebraska,15000000,Natural Resources and Mining and Constru,49300,N/A,N/A,N/A,No,No,2002-07-01T05:00:00Z
Nebraska,20000000,Construction,47900,Confidential,Confidential,Confidential,No,No,2002-07-01T05:00:00Z
Nebraska,30000000,Manufacturing,106609,N/A,N/A,N/A,No,No,2002-07-01T05:00:00Z
Nebraska,31000000,Durable goods,51003,Confidential,Confidential,Confidential,No,No,2002-07-01T05:00:00Z
Nebraska,32000000,Nondurable goods,55606,Confidential,Confidential,Confidential,No,No,2002-07-01T05:00:00Z
Nebraska,40000000,"Trade, transportation, and utilities",194618,N/A,N/A,N/A,No,No,2002-07-01T05:00:00Z
Nebraska,41000000,Wholesale Trade,42306,Confidential,Confidential,Confidential,No,No,2002-07-01T05:00:00Z
Nebraska,42000000,Retail trade,107812,Confidential,Confidential,Confidential,No,No,2002-07-01T05:00:00Z
Nebraska,43000000,Transportation and warehousing,44500,Confidential,Confidential,Confidential,No,No,2002-07-01T05:00:00Z
Nebraska,50000000,Information,23224,Confidential,Confidential,Confidential,No,No,2002-07-01T05:00:00Z
Nebraska,55000000,Financial activities,61900,N/A,N/A,N/A,No,No,2002-07-01T05:00:00Z
Nebraska,60000000,Professional and business services,91208,N/A,N/A,N/A,No,No,2002-07-01T05:00:00Z
Nebraska,65000000,Education and health services,117982,N/A,N/A,N/A,No,No,2002-07-01T05:00:00Z
Nebraska,70000000,Leisure and hospitality,80200,N/A,N/A,N/A,No,No,2002-07-01T05:00:00Z
Nebraska,80000000,Other services,33700,Confidential,Confidential,Confidential,No,No,2002-07-01T05:00:00Z
Nebraska,90000000,Government,151600,Confidential,Confidential,Confidential,No,No,2002-07-01T05:00:00Z
Nebraska,06000000,Goods-producing,155609,N/A,N/A,N/A,No,No,2002-08-01T05:00:00Z
Nebraska,07000000,Service-providing,755052,Confidential,Confidential,Confidential,No,No,2002-08-01T05:00:00Z
Nebraska,08000000,Private service-providing,604152,N/A,N/A,N/A,No,No,2002-08-01T05:00:00Z
Nebraska,10000000,Mining and logging,1400,Confidential,Confidential,Confidential,No,No,2002-08-01T05:00:00Z
Nebraska,15000000,Natural Resources and Mining and Constru,49100,N/A,N/A,N/A,No,No,2002-08-01T05:00:00Z
Nebraska,20000000,Construction,47700,Confidential,Confidential,Confidential,No,No,2002-08-01T05:00:00Z
Nebraska,30000000,Manufacturing,106509,N/A,N/A,N/A,No,No,2002-08-01T05:00:00Z
Nebraska,31000000,Durable goods,50703,Confidential,Confidential,Confidential,No,No,2002-08-01T05:00:00Z
Nebraska,32000000,Nondurable goods,55806,Confidential,Confidential,Confidential,No,No,2002-08-01T05:00:00Z
Nebraska,40000000,"Trade, transportation, and utilities",194616,N/A,N/A,N/A,No,No,2002-08-01T05:00:00Z
Nebraska,41000000,Wholesale Trade,41804,Confidential,Confidential,Confidential,No,No,2002-08-01T05:00:00Z
Nebraska,42000000,Retail trade,108012,Confidential,Confidential,Confidential,No,No,2002-08-01T05:00:00Z
Nebraska,43000000,Transportation and warehousing,44800,Confidential,Confidential,Confidential,No,No,2002-08-01T05:00:00Z
Nebraska,50000000,Information,23027,Confidential,Confidential,Confidential,No,No,2002-08-01T05:00:00Z
Nebraska,55000000,Financial activities,61800,N/A,N/A,N/A,No,No,2002-08-01T05:00:00Z
Nebraska,60000000,Professional and business services,91107,N/A,N/A,N/A,No,No,2002-08-01T05:00:00Z
Nebraska,65000000,Education and health services,118602,N/A,N/A,N/A,No,No,2002-08-01T05:00:00Z
Nebraska,70000000,Leisure and hospitality,81600,N/A,N/A,N/A,No,No,2002-08-01T05:00:00Z
Nebraska,80000000,Other services,33400,Confidential,Confidential,Confidential,No,No,2002-08-01T05:00:00Z
Nebraska,90000000,Government,150900,Confidential,Confidential,Confidential,No,No,2002-08-01T05:00:00Z
Nebraska,06000000,Goods-producing,154309,N/A,N/A,N/A,No,No,2002-09-01T05:00:00Z
Nebraska,07000000,Service-providing,760171,Confidential,Confidential,Confidential,No,No,2002-09-01T05:00:00Z
Nebraska,08000000,Private service-providing,602271,N/A,N/A,N/A,No,No,2002-09-01T05:00:00Z
Nebraska,10000000,Mining and logging,1400,Confidential,Confidential,Confidential,No,No,2002-09-01T05:00:00Z
Nebraska,15000000,Natural Resources and Mining and Constru,48300,N/A,N/A,N/A,No,No,2002-09-01T05:00:00Z
Nebraska,20000000,Construction,46900,Confidential,Confidential,Confidential,No,No,2002-09-01T05:00:00Z
Nebraska,30000000,Manufacturing,106009,N/A,N/A,N/A,No,No,2002-09-01T05:00:00Z
Nebraska,31000000,Durable goods,50303,Confidential,Confidential,Confidential,No,No,2002-09-01T05:00:00Z
Nebraska,32000000,Nondurable goods,55706,Confidential,Confidential,Confidential,No,No,2002-09-01T05:00:00Z
Nebraska,40000000,"Trade, transportation, and utilities",194916,N/A,N/A,N/A,No,No,2002-09-01T05:00:00Z
Nebraska,41000000,Wholesale Trade,41404,Confidential,Confidential,Confidential,No,No,2002-09-01T05:00:00Z
Nebraska,42000000,Retail trade,108912,Confidential,Confidential,Confidential,No,No,2002-09-01T05:00:00Z
Nebraska,43000000,Transportation and warehousing,44600,Confidential,Confidential,Confidential,No,No,2002-09-01T05:00:00Z
Nebraska,50000000,Information,22730,Confidential,Confidential,Confidential,No,No,2002-09-01T05:00:00Z
Nebraska,55000000,Financial activities,61400,N/A,N/A,N/A,No,No,2002-09-01T05:00:00Z
Nebraska,60000000,Professional and business services,90703,N/A,N/A,N/A,No,No,2002-09-01T05:00:00Z
Nebraska,65000000,Education and health services,119922,N/A,N/A,N/A,No,No,2002-09-01T05:00:00Z
Nebraska,70000000,Leisure and hospitality,79400,N/A,N/A,N/A,No,No,2002-09-01T05:00:00Z
Nebraska,80000000,Other services,33200,Confidential,Confidential,Confidential,No,No,2002-09-01T05:00:00Z
Nebraska,90000000,Government,157900,Confidential,Confidential,Confidential,No,No,2002-09-01T05:00:00Z
Nebraska,06000000,Goods-producing,153409,N/A,N/A,N/A,No,No,2002-10-01T05:00:00Z
Nebraska,07000000,Service-providing,760991,Confidential,Confidential,Confidential,No,No,2002-10-01T05:00:00Z
Nebraska,08000000,Private service-providing,599391,N/A,N/A,N/A,No,No,2002-10-01T05:00:00Z
Nebraska,10000000,Mining and logging,1400,Confidential,Confidential,Confidential,No,No,2002-10-01T05:00:00Z
Nebraska,15000000,Natural Resources and Mining and Constru,47900,N/A,N/A,N/A,No,No,2002-10-01T05:00:00Z
Nebraska,20000000,Construction,46500,Confidential,Confidential,Confidential,No,No,2002-10-01T05:00:00Z
Nebraska,30000000,Manufacturing,105509,N/A,N/A,N/A,No,No,2002-10-01T05:00:00Z
Nebraska,31000000,Durable goods,50003,Confidential,Confidential,Confidential,No,No,2002-10-01T05:00:00Z
Nebraska,32000000,Nondurable goods,55506,Confidential,Confidential,Confidential,No,No,2002-10-01T05:00:00Z
Nebraska,40000000,"Trade, transportation, and utilities",194211,N/A,N/A,N/A,No,No,2002-10-01T05:00:00Z
Nebraska,41000000,Wholesale Trade,40799,Confidential,Confidential,Confidential,No,No,2002-10-01T05:00:00Z
Nebraska,42000000,Retail trade,109012,Confidential,Confidential,Confidential,No,No,2002-10-01T05:00:00Z
Nebraska,43000000,Transportation and warehousing,44400,Confidential,Confidential,Confidential,No,No,2002-10-01T05:00:00Z
Nebraska,50000000,Information,22532,Confidential,Confidential,Confidential,No,No,2002-10-01T05:00:00Z
Nebraska,55000000,Financial activities,61600,N/A,N/A,N/A,No,No,2002-10-01T05:00:00Z
Nebraska,60000000,Professional and business services,90805,N/A,N/A,N/A,No,No,2002-10-01T05:00:00Z
Nebraska,65000000,Education and health services,120043,N/A,N/A,N/A,No,No,2002-10-01T05:00:00Z
Nebraska,70000000,Leisure and hospitality,77000,N/A,N/A,N/A,No,No,2002-10-01T05:00:00Z
Nebraska,80000000,Other services,33200,Confidential,Confidential,Confidential,No,No,2002-10-01T05:00:00Z
Nebraska,90000000,Government,161600,Confidential,Confidential,Confidential,No,No,2002-10-01T05:00:00Z
Nebraska,06000000,Goods-producing,152209,N/A,N/A,N/A,No,No,2002-11-01T06:00:00Z
Nebraska,07000000,Service-providing,764609,Confidential,Confidential,Confidential,No,No,2002-11-01T06:00:00Z
Nebraska,08000000,Private service-providing,602409,N/A,N/A,N/A,No,No,2002-11-01T06:00:00Z
Nebraska,10000000,Mining and logging,1300,Confidential,Confidential,Confidential,No,No,2002-11-01T06:00:00Z
Nebraska,15000000,Natural Resources and Mining and Constru,46900,N/A,N/A,N/A,No,No,2002-11-01T06:00:00Z
Nebraska,20000000,Construction,45600,Confidential,Confidential,Confidential,No,No,2002-11-01T06:00:00Z
Nebraska,30000000,Manufacturing,105309,N/A,N/A,N/A,No,No,2002-11-01T06:00:00Z
Nebraska,31000000,Durable goods,49503,Confidential,Confidential,Confidential,No,No,2002-11-01T06:00:00Z
Nebraska,32000000,Nondurable goods,55806,Confidential,Confidential,Confidential,No,No,2002-11-01T06:00:00Z
Nebraska,40000000,"Trade, transportation, and utilities",197910,N/A,N/A,N/A,No,No,2002-11-01T06:00:00Z
Nebraska,41000000,Wholesale Trade,40798,Confidential,Confidential,Confidential,No,No,2002-11-01T06:00:00Z
Nebraska,42000000,Retail trade,112312,Confidential,Confidential,Confidential,No,No,2002-11-01T06:00:00Z
Nebraska,43000000,Transportation and warehousing,44800,Confidential,Confidential,Confidential,No,No,2002-11-01T06:00:00Z
Nebraska,50000000,Information,22235,Confidential,Confidential,Confidential,No,No,2002-11-01T06:00:00Z
Nebraska,55000000,Financial activities,61700,N/A,N/A,N/A,No,No,2002-11-01T06:00:00Z
Nebraska,60000000,Professional and business services,90801,N/A,N/A,N/A,No,No,2002-11-01T06:00:00Z
Nebraska,65000000,Education and health services,120763,N/A,N/A,N/A,No,No,2002-11-01T06:00:00Z
Nebraska,70000000,Leisure and hospitality,76000,N/A,N/A,N/A,No,No,2002-11-01T06:00:00Z
Nebraska,80000000,Other services,33000,Confidential,Confidential,Confidential,No,No,2002-11-01T06:00:00Z
Nebraska,90000000,Government,162200,Confidential,Confidential,Confidential,No,No,2002-11-01T06:00:00Z
Nebraska,06000000,Goods-producing,151009,N/A,N/A,N/A,No,No,2002-12-01T06:00:00Z
Nebraska,07000000,Service-providing,766430,Confidential,Confidential,Confidential,No,No,2002-12-01T06:00:00Z
Nebraska,08000000,Private service-providing,604830,N/A,N/A,N/A,No,No,2002-12-01T06:00:00Z
Nebraska,10000000,Mining and logging,1300,Confidential,Confidential,Confidential,No,No,2002-12-01T06:00:00Z
Nebraska,15000000,Natural Resources and Mining and Constru,45800,N/A,N/A,N/A,No,No,2002-12-01T06:00:00Z
Nebraska,20000000,Construction,44500,Confidential,Confidential,Confidential,No,No,2002-12-01T06:00:00Z
Nebraska,30000000,Manufacturing,105209,N/A,N/A,N/A,No,No,2002-12-01T06:00:00Z
Nebraska,31000000,Durable goods,49203,Confidential,Confidential,Confidential,No,No,2002-12-01T06:00:00Z
Nebraska,32000000,Nondurable goods,56006,Confidential,Confidential,Confidential,No,No,2002-12-01T06:00:00Z
Nebraska,40000000,"Trade, transportation, and utilities",199912,N/A,N/A,N/A,No,No,2002-12-01T06:00:00Z
Nebraska,41000000,Wholesale Trade,40899,Confidential,Confidential,Confidential,No,No,2002-12-01T06:00:00Z
Nebraska,42000000,Retail trade,114213,Confidential,Confidential,Confidential,No,No,2002-12-01T06:00:00Z
Nebraska,43000000,Transportation and warehousing,44800,Confidential,Confidential,Confidential,No,No,2002-12-01T06:00:00Z
Nebraska,50000000,Information,22038,Confidential,Confidential,Confidential,No,No,2002-12-01T06:00:00Z
Nebraska,55000000,Financial activities,62200,N/A,N/A,N/A,No,No,2002-12-01T06:00:00Z
Nebraska,60000000,Professional and business services,90396,N/A,N/A,N/A,No,No,2002-12-01T06:00:00Z
Nebraska,65000000,Education and health services,121184,N/A,N/A,N/A,No,No,2002-12-01T06:00:00Z
Nebraska,70000000,Leisure and hospitality,76000,N/A,N/A,N/A,No,No,2002-12-01T06:00:00Z
Nebraska,80000000,Other services,33100,Confidential,Confidential,Confidential,No,No,2002-12-01T06:00:00Z
Nebraska,90000000,Government,161600,Confidential,Confidential,Confidential,No,No,2002-12-01T06:00:00Z
Nebraska,06000000,Goods-producing,145709,N/A,N/A,N/A,No,No,2003-01-01T06:00:00Z
Nebraska,07000000,Service-providing,752945,Confidential,Confidential,Confidential,No,No,2003-01-01T06:00:00Z
Nebraska,08000000,Private service-providing,593245,N/A,N/A,N/A,No,No,2003-01-01T06:00:00Z
Nebraska,10000000,Mining and logging,1300,Confidential,Confidential,Confidential,No,No,2003-01-01T06:00:00Z
Nebraska,15000000,Natural Resources and Mining and Constru,42700,N/A,N/A,N/A,No,No,2003-01-01T06:00:00Z
Nebraska,20000000,Construction,41400,Confidential,Confidential,Confidential,No,No,2003-01-01T06:00:00Z
Nebraska,30000000,Manufacturing,103009,N/A,N/A,N/A,No,No,2003-01-01T06:00:00Z
Nebraska,31000000,Durable goods,48103,Confidential,Confidential,Confidential,No,No,2003-01-01T06:00:00Z
Nebraska,32000000,Nondurable goods,54906,Confidential,Confidential,Confidential,No,No,2003-01-01T06:00:00Z
Nebraska,40000000,"Trade, transportation, and utilities",192813,N/A,N/A,N/A,No,No,2003-01-01T06:00:00Z
Nebraska,41000000,Wholesale Trade,40200,Confidential,Confidential,Confidential,No,No,2003-01-01T06:00:00Z
Nebraska,42000000,Retail trade,106713,Confidential,Confidential,Confidential,No,No,2003-01-01T06:00:00Z
Nebraska,43000000,Transportation and warehousing,45900,Confidential,Confidential,Confidential,No,No,2003-01-01T06:00:00Z
Nebraska,50000000,Information,21741,Confidential,Confidential,Confidential,No,No,2003-01-01T06:00:00Z
Nebraska,55000000,Financial activities,61800,N/A,N/A,N/A,No,No,2003-01-01T06:00:00Z
Nebraska,60000000,Professional and business services,88187,N/A,N/A,N/A,No,No,2003-01-01T06:00:00Z
Nebraska,65000000,Education and health services,121204,N/A,N/A,N/A,No,No,2003-01-01T06:00:00Z
Nebraska,70000000,Leisure and hospitality,73900,N/A,N/A,N/A,No,No,2003-01-01T06:00:00Z
Nebraska,80000000,Other services,33600,Confidential,Confidential,Confidential,No,No,2003-01-01T06:00:00Z
Nebraska,90000000,Government,159700,Confidential,Confidential,Confidential,No,No,2003-01-01T06:00:00Z
Nebraska,06000000,Goods-producing,144509,N/A,N/A,N/A,No,No,2003-02-01T06:00:00Z
Nebraska,07000000,Service-providing,754066,Confidential,Confidential,Confidential,No,No,2003-02-01T06:00:00Z
Nebraska,08000000,Private service-providing,593366,N/A,N/A,N/A,No,No,2003-02-01T06:00:00Z
Nebraska,10000000,Mining and logging,1200,Confidential,Confidential,Confidential,No,No,2003-02-01T06:00:00Z
Nebraska,15000000,Natural Resources and Mining and Constru,41800,N/A,N/A,N/A,No,No,2003-02-01T06:00:00Z
Nebraska,20000000,Construction,40600,Confidential,Confidential,Confidential,No,No,2003-02-01T06:00:00Z
Nebraska,30000000,Manufacturing,102709,N/A,N/A,N/A,No,No,2003-02-01T06:00:00Z
Nebraska,31000000,Durable goods,47803,Confidential,Confidential,Confidential,No,No,2003-02-01T06:00:00Z
Nebraska,32000000,Nondurable goods,54906,Confidential,Confidential,Confidential,No,No,2003-02-01T06:00:00Z
Nebraska,40000000,"Trade, transportation, and utilities",191315,N/A,N/A,N/A,No,No,2003-02-01T06:00:00Z
Nebraska,41000000,Wholesale Trade,40102,Confidential,Confidential,Confidential,No,No,2003-02-01T06:00:00Z
Nebraska,42000000,Retail trade,104913,Confidential,Confidential,Confidential,No,No,2003-02-01T06:00:00Z
Nebraska,43000000,Transportation and warehousing,46300,Confidential,Confidential,Confidential,No,No,2003-02-01T06:00:00Z
Nebraska,50000000,Information,21744,Confidential,Confidential,Confidential,No,No,2003-02-01T06:00:00Z
Nebraska,55000000,Financial activities,61900,N/A,N/A,N/A,No,No,2003-02-01T06:00:00Z
Nebraska,60000000,Professional and business services,88882,N/A,N/A,N/A,No,No,2003-02-01T06:00:00Z
Nebraska,65000000,Education and health services,121825,N/A,N/A,N/A,No,No,2003-02-01T06:00:00Z
Nebraska,70000000,Leisure and hospitality,74000,N/A,N/A,N/A,No,No,2003-02-01T06:00:00Z
Nebraska,80000000,Other services,33700,Confidential,Confidential,Confidential,No,No,2003-02-01T06:00:00Z
Nebraska,90000000,Government,160700,Confidential,Confidential,Confidential,No,No,2003-02-01T06:00:00Z
Nebraska,06000000,Goods-producing,145109,N/A,N/A,N/A,No,No,2003-03-01T06:00:00Z
Nebraska,07000000,Service-providing,757586,Confidential,Confidential,Confidential,No,No,2003-03-01T06:00:00Z
Nebraska,08000000,Private service-providing,596886,N/A,N/A,N/A,No,No,2003-03-01T06:00:00Z
Nebraska,10000000,Mining and logging,1300,Confidential,Confidential,Confidential,No,No,2003-03-01T06:00:00Z
Nebraska,15000000,Natural Resources and Mining and Constru,42700,N/A,N/A,N/A,No,No,2003-03-01T06:00:00Z
Nebraska,20000000,Construction,41400,Confidential,Confidential,Confidential,No,No,2003-03-01T06:00:00Z
Nebraska,30000000,Manufacturing,102409,N/A,N/A,N/A,No,No,2003-03-01T06:00:00Z
Nebraska,31000000,Durable goods,47503,Confidential,Confidential,Confidential,No,No,2003-03-01T06:00:00Z
Nebraska,32000000,Nondurable goods,54906,Confidential,Confidential,Confidential,No,No,2003-03-01T06:00:00Z
Nebraska,40000000,"Trade, transportation, and utilities",192314,N/A,N/A,N/A,No,No,2003-03-01T06:00:00Z
Nebraska,41000000,Wholesale Trade,40301,Confidential,Confidential,Confidential,No,No,2003-03-01T06:00:00Z
Nebraska,42000000,Retail trade,105613,Confidential,Confidential,Confidential,No,No,2003-03-01T06:00:00Z
Nebraska,43000000,Transportation and warehousing,46400,Confidential,Confidential,Confidential,No,No,2003-03-01T06:00:00Z
Nebraska,50000000,Information,21747,Confidential,Confidential,Confidential,No,No,2003-03-01T06:00:00Z
Nebraska,55000000,Financial activities,62000,N/A,N/A,N/A,No,No,2003-03-01T06:00:00Z
Nebraska,60000000,Professional and business services,89580,N/A,N/A,N/A,No,No,2003-03-01T06:00:00Z
Nebraska,65000000,Education and health services,121945,N/A,N/A,N/A,No,No,2003-03-01T06:00:00Z
Nebraska,70000000,Leisure and hospitality,75300,N/A,N/A,N/A,No,No,2003-03-01T06:00:00Z
Nebraska,80000000,Other services,34000,Confidential,Confidential,Confidential,No,No,2003-03-01T06:00:00Z
Nebraska,90000000,Government,160700,Confidential,Confidential,Confidential,No,No,2003-03-01T06:00:00Z
Nebraska,06000000,Goods-producing,148409,N/A,N/A,N/A,No,No,2003-04-01T06:00:00Z
Nebraska,07000000,Service-providing,766706,Confidential,Confidential,Confidential,No,No,2003-04-01T06:00:00Z
Nebraska,08000000,Private service-providing,603206,N/A,N/A,N/A,No,No,2003-04-01T06:00:00Z
Nebraska,10000000,Mining and logging,1300,Confidential,Confidential,Confidential,No,No,2003-04-01T06:00:00Z
Nebraska,15000000,Natural Resources and Mining and Constru,46000,N/A,N/A,N/A,No,No,2003-04-01T06:00:00Z
Nebraska,20000000,Construction,44700,Confidential,Confidential,Confidential,No,No,2003-04-01T06:00:00Z
Nebraska,30000000,Manufacturing,102409,N/A,N/A,N/A,No,No,2003-04-01T06:00:00Z
Nebraska,31000000,Durable goods,47203,Confidential,Confidential,Confidential,No,No,2003-04-01T06:00:00Z
Nebraska,32000000,Nondurable goods,55206,Confidential,Confidential,Confidential,No,No,2003-04-01T06:00:00Z
Nebraska,40000000,"Trade, transportation, and utilities",193410,N/A,N/A,N/A,No,No,2003-04-01T06:00:00Z
Nebraska,41000000,Wholesale Trade,40798,Confidential,Confidential,Confidential,No,No,2003-04-01T06:00:00Z
Nebraska,42000000,Retail trade,106212,Confidential,Confidential,Confidential,No,No,2003-04-01T06:00:00Z
Nebraska,43000000,Transportation and warehousing,46400,Confidential,Confidential,Confidential,No,No,2003-04-01T06:00:00Z
Nebraska,50000000,Information,21650,Confidential,Confidential,Confidential,No,No,2003-04-01T06:00:00Z
Nebraska,55000000,Financial activities,62000,N/A,N/A,N/A,No,No,2003-04-01T06:00:00Z
Nebraska,60000000,Professional and business services,91881,N/A,N/A,N/A,No,No,2003-04-01T06:00:00Z
Nebraska,65000000,Education and health services,122665,N/A,N/A,N/A,No,No,2003-04-01T06:00:00Z
Nebraska,70000000,Leisure and hospitality,77500,N/A,N/A,N/A,No,No,2003-04-01T06:00:00Z
Nebraska,80000000,Other services,34100,Confidential,Confidential,Confidential,No,No,2003-04-01T06:00:00Z
Nebraska,90000000,Government,163500,Confidential,Confidential,Confidential,No,No,2003-04-01T06:00:00Z
Nebraska,06000000,Goods-producing,150809,N/A,N/A,N/A,No,No,2003-05-01T05:00:00Z
Nebraska,07000000,Service-providing,771427,Confidential,Confidential,Confidential,No,No,2003-05-01T05:00:00Z
Nebraska,08000000,Private service-providing,606427,N/A,N/A,N/A,No,No,2003-05-01T05:00:00Z
Nebraska,10000000,Mining and logging,1400,Confidential,Confidential,Confidential,No,No,2003-05-01T05:00:00Z
Nebraska,15000000,Natural Resources and Mining and Constru,48300,N/A,N/A,N/A,No,No,2003-05-01T05:00:00Z
Nebraska,20000000,Construction,46900,Confidential,Confidential,Confidential,No,No,2003-05-01T05:00:00Z
Nebraska,30000000,Manufacturing,102509,N/A,N/A,N/A,No,No,2003-05-01T05:00:00Z
Nebraska,31000000,Durable goods,47403,Confidential,Confidential,Confidential,No,No,2003-05-01T05:00:00Z
Nebraska,32000000,Nondurable goods,55106,Confidential,Confidential,Confidential,No,No,2003-05-01T05:00:00Z
Nebraska,40000000,"Trade, transportation, and utilities",194611,N/A,N/A,N/A,No,No,2003-05-01T05:00:00Z
Nebraska,41000000,Wholesale Trade,41099,Confidential,Confidential,Confidential,No,No,2003-05-01T05:00:00Z
Nebraska,42000000,Retail trade,106812,Confidential,Confidential,Confidential,No,No,2003-05-01T05:00:00Z
Nebraska,43000000,Transportation and warehousing,46700,Confidential,Confidential,Confidential,No,No,2003-05-01T05:00:00Z
Nebraska,50000000,Information,21653,Confidential,Confidential,Confidential,No,No,2003-05-01T05:00:00Z
Nebraska,55000000,Financial activities,62300,N/A,N/A,N/A,No,No,2003-05-01T05:00:00Z
Nebraska,60000000,Professional and business services,91677,N/A,N/A,N/A,No,No,2003-05-01T05:00:00Z
Nebraska,65000000,Education and health services,122386,N/A,N/A,N/A,No,No,2003-05-01T05:00:00Z
Nebraska,70000000,Leisure and hospitality,79700,N/A,N/A,N/A,No,No,2003-05-01T05:00:00Z
Nebraska,80000000,Other services,34100,Confidential,Confidential,Confidential,No,No,2003-05-01T05:00:00Z
Nebraska,90000000,Government,165000,Confidential,Confidential,Confidential,No,No,2003-05-01T05:00:00Z
Nebraska,06000000,Goods-producing,152909,N/A,N/A,N/A,No,No,2003-06-01T05:00:00Z
Nebraska,07000000,Service-providing,773847,Confidential,Confidential,Confidential,No,No,2003-06-01T05:00:00Z
Nebraska,08000000,Private service-providing,610047,N/A,N/A,N/A,No,No,2003-06-01T05:00:00Z
Nebraska,10000000,Mining and logging,1300,Confidential,Confidential,Confidential,No,No,2003-06-01T05:00:00Z
Nebraska,15000000,Natural Resources and Mining and Constru,50200,N/A,N/A,N/A,No,No,2003-06-01T05:00:00Z
Nebraska,20000000,Construction,48900,Confidential,Confidential,Confidential,No,No,2003-06-01T05:00:00Z
Nebraska,30000000,Manufacturing,102709,N/A,N/A,N/A,No,No,2003-06-01T05:00:00Z
Nebraska,31000000,Durable goods,47303,Confidential,Confidential,Confidential,No,No,2003-06-01T05:00:00Z
Nebraska,32000000,Nondurable goods,55406,Confidential,Confidential,Confidential,No,No,2003-06-01T05:00:00Z
Nebraska,40000000,"Trade, transportation, and utilities",195013,N/A,N/A,N/A,No,No,2003-06-01T05:00:00Z
Nebraska,41000000,Wholesale Trade,41401,Confidential,Confidential,Confidential,No,No,2003-06-01T05:00:00Z
Nebraska,42000000,Retail trade,106912,Confidential,Confidential,Confidential,No,No,2003-06-01T05:00:00Z
Nebraska,43000000,Transportation and warehousing,46700,Confidential,Confidential,Confidential,No,No,2003-06-01T05:00:00Z
Nebraska,50000000,Information,21856,Confidential,Confidential,Confidential,No,No,2003-06-01T05:00:00Z
Nebraska,55000000,Financial activities,62900,N/A,N/A,N/A,No,No,2003-06-01T05:00:00Z
Nebraska,60000000,Professional and business services,92772,N/A,N/A,N/A,No,No,2003-06-01T05:00:00Z
Nebraska,65000000,Education and health services,122606,N/A,N/A,N/A,No,No,2003-06-01T05:00:00Z
Nebraska,70000000,Leisure and hospitality,80600,N/A,N/A,N/A,No,No,2003-06-01T05:00:00Z
Nebraska,80000000,Other services,34300,Confidential,Confidential,Confidential,No,No,2003-06-01T05:00:00Z
Nebraska,90000000,Government,163800,Confidential,Confidential,Confidential,No,No,2003-06-01T05:00:00Z
Nebraska,06000000,Goods-producing,153209,N/A,N/A,N/A,No,No,2003-07-01T05:00:00Z
Nebraska,07000000,Service-providing,757067,Confidential,Confidential,Confidential,No,No,2003-07-01T05:00:00Z
Nebraska,08000000,Private service-providing,605767,N/A,N/A,N/A,No,No,2003-07-01T05:00:00Z
Nebraska,10000000,Mining and logging,1300,Confidential,Confidential,Confidential,No,No,2003-07-01T05:00:00Z
Nebraska,15000000,Natural Resources and Mining and Constru,51000,N/A,N/A,N/A,No,No,2003-07-01T05:00:00Z
Nebraska,20000000,Construction,49700,Confidential,Confidential,Confidential,No,No,2003-07-01T05:00:00Z
Nebraska,30000000,Manufacturing,102209,N/A,N/A,N/A,No,No,2003-07-01T05:00:00Z
Nebraska,31000000,Durable goods,47003,Confidential,Confidential,Confidential,No,No,2003-07-01T05:00:00Z
Nebraska,32000000,Nondurable goods,55206,Confidential,Confidential,Confidential,No,No,2003-07-01T05:00:00Z
Nebraska,40000000,"Trade, transportation, and utilities",193214,N/A,N/A,N/A,No,No,2003-07-01T05:00:00Z
Nebraska,41000000,Wholesale Trade,41302,Confidential,Confidential,Confidential,No,No,2003-07-01T05:00:00Z
Nebraska,42000000,Retail trade,105912,Confidential,Confidential,Confidential,No,No,2003-07-01T05:00:00Z
Nebraska,43000000,Transportation and warehousing,46000,Confidential,Confidential,Confidential,No,No,2003-07-01T05:00:00Z
Nebraska,50000000,Information,21759,Confidential,Confidential,Confidential,No,No,2003-07-01T05:00:00Z
Nebraska,55000000,Financial activities,63000,N/A,N/A,N/A,No,No,2003-07-01T05:00:00Z
Nebraska,60000000,Professional and business services,92767,N/A,N/A,N/A,No,No,2003-07-01T05:00:00Z
Nebraska,65000000,Education and health services,121327,N/A,N/A,N/A,No,No,2003-07-01T05:00:00Z
Nebraska,70000000,Leisure and hospitality,79700,N/A,N/A,N/A,No,No,2003-07-01T05:00:00Z
Nebraska,80000000,Other services,34000,Confidential,Confidential,Confidential,No,No,2003-07-01T05:00:00Z
Nebraska,90000000,Government,151300,Confidential,Confidential,Confidential,No,No,2003-07-01T05:00:00Z
Nebraska,06000000,Goods-producing,153409,N/A,N/A,N/A,No,No,2003-08-01T05:00:00Z
Nebraska,07000000,Service-providing,757885,Confidential,Confidential,Confidential,No,No,2003-08-01T05:00:00Z
Nebraska,08000000,Private service-providing,608285,N/A,N/A,N/A,No,No,2003-08-01T05:00:00Z
Nebraska,10000000,Mining and logging,1300,Confidential,Confidential,Confidential,No,No,2003-08-01T05:00:00Z
Nebraska,15000000,Natural Resources and Mining and Constru,51200,N/A,N/A,N/A,No,No,2003-08-01T05:00:00Z
Nebraska,20000000,Construction,49900,Confidential,Confidential,Confidential,No,No,2003-08-01T05:00:00Z
Nebraska,30000000,Manufacturing,102209,N/A,N/A,N/A,No,No,2003-08-01T05:00:00Z
Nebraska,31000000,Durable goods,47103,Confidential,Confidential,Confidential,No,No,2003-08-01T05:00:00Z
Nebraska,32000000,Nondurable goods,55106,Confidential,Confidential,Confidential,No,No,2003-08-01T05:00:00Z
Nebraska,40000000,"Trade, transportation, and utilities",193910,N/A,N/A,N/A,No,No,2003-08-01T05:00:00Z
Nebraska,41000000,Wholesale Trade,41198,Confidential,Confidential,Confidential,No,No,2003-08-01T05:00:00Z
Nebraska,42000000,Retail trade,106212,Confidential,Confidential,Confidential,No,No,2003-08-01T05:00:00Z
Nebraska,43000000,Transportation and warehousing,46500,Confidential,Confidential,Confidential,No,No,2003-08-01T05:00:00Z
Nebraska,50000000,Information,21562,Confidential,Confidential,Confidential,No,No,2003-08-01T05:00:00Z
Nebraska,55000000,Financial activities,62900,N/A,N/A,N/A,No,No,2003-08-01T05:00:00Z
Nebraska,60000000,Professional and business services,93666,N/A,N/A,N/A,No,No,2003-08-01T05:00:00Z
Nebraska,65000000,Education and health services,121847,N/A,N/A,N/A,No,No,2003-08-01T05:00:00Z
Nebraska,70000000,Leisure and hospitality,80600,N/A,N/A,N/A,No,No,2003-08-01T05:00:00Z
Nebraska,80000000,Other services,33800,Confidential,Confidential,Confidential,No,No,2003-08-01T05:00:00Z
Nebraska,90000000,Government,149600,Confidential,Confidential,Confidential,No,No,2003-08-01T05:00:00Z
Nebraska,06000000,Goods-producing,151609,N/A,N/A,N/A,No,No,2003-09-01T05:00:00Z
Nebraska,07000000,Service-providing,763706,Confidential,Confidential,Confidential,No,No,2003-09-01T05:00:00Z
Nebraska,08000000,Private service-providing,607306,N/A,N/A,N/A,No,No,2003-09-01T05:00:00Z
Nebraska,10000000,Mining and logging,1300,Confidential,Confidential,Confidential,No,No,2003-09-01T05:00:00Z
Nebraska,15000000,Natural Resources and Mining and Constru,49800,N/A,N/A,N/A,No,No,2003-09-01T05:00:00Z
Nebraska,20000000,Construction,48500,Confidential,Confidential,Confidential,No,No,2003-09-01T05:00:00Z
Nebraska,30000000,Manufacturing,101809,N/A,N/A,N/A,No,No,2003-09-01T05:00:00Z
Nebraska,31000000,Durable goods,46903,Confidential,Confidential,Confidential,No,No,2003-09-01T05:00:00Z
Nebraska,32000000,Nondurable goods,54906,Confidential,Confidential,Confidential,No,No,2003-09-01T05:00:00Z
Nebraska,40000000,"Trade, transportation, and utilities",193906,N/A,N/A,N/A,No,No,2003-09-01T05:00:00Z
Nebraska,41000000,Wholesale Trade,40994,Confidential,Confidential,Confidential,No,No,2003-09-01T05:00:00Z
Nebraska,42000000,Retail trade,106312,Confidential,Confidential,Confidential,No,No,2003-09-01T05:00:00Z
Nebraska,43000000,Transportation and warehousing,46600,Confidential,Confidential,Confidential,No,No,2003-09-01T05:00:00Z
Nebraska,50000000,Information,21465,Confidential,Confidential,Confidential,No,No,2003-09-01T05:00:00Z
Nebraska,55000000,Financial activities,62300,N/A,N/A,N/A,No,No,2003-09-01T05:00:00Z
Nebraska,60000000,Professional and business services,94268,N/A,N/A,N/A,No,No,2003-09-01T05:00:00Z
Nebraska,65000000,Education and health services,122967,N/A,N/A,N/A,No,No,2003-09-01T05:00:00Z
Nebraska,70000000,Leisure and hospitality,78700,N/A,N/A,N/A,No,No,2003-09-01T05:00:00Z
Nebraska,80000000,Other services,33700,Confidential,Confidential,Confidential,No,No,2003-09-01T05:00:00Z
Nebraska,90000000,Government,156400,Confidential,Confidential,Confidential,No,No,2003-09-01T05:00:00Z
Nebraska,06000000,Goods-producing,151809,N/A,N/A,N/A,No,No,2003-10-01T05:00:00Z
Nebraska,07000000,Service-providing,767927,Confidential,Confidential,Confidential,No,No,2003-10-01T05:00:00Z
Nebraska,08000000,Private service-providing,606427,N/A,N/A,N/A,No,No,2003-10-01T05:00:00Z
Nebraska,10000000,Mining and logging,1300,Confidential,Confidential,Confidential,No,No,2003-10-01T05:00:00Z
Nebraska,15000000,Natural Resources and Mining and Constru,49600,N/A,N/A,N/A,No,No,2003-10-01T05:00:00Z
Nebraska,20000000,Construction,48300,Confidential,Confidential,Confidential,No,No,2003-10-01T05:00:00Z
Nebraska,30000000,Manufacturing,102209,N/A,N/A,N/A,No,No,2003-10-01T05:00:00Z
Nebraska,31000000,Durable goods,47103,Confidential,Confidential,Confidential,No,No,2003-10-01T05:00:00Z
Nebraska,32000000,Nondurable goods,55106,Confidential,Confidential,Confidential,No,No,2003-10-01T05:00:00Z
Nebraska,40000000,"Trade, transportation, and utilities",195204,N/A,N/A,N/A,No,No,2003-10-01T05:00:00Z
Nebraska,41000000,Wholesale Trade,40992,Confidential,Confidential,Confidential,No,No,2003-10-01T05:00:00Z
Nebraska,42000000,Retail trade,107712,Confidential,Confidential,Confidential,No,No,2003-10-01T05:00:00Z
Nebraska,43000000,Transportation and warehousing,46500,Confidential,Confidential,Confidential,No,No,2003-10-01T05:00:00Z
Nebraska,50000000,Information,21668,Confidential,Confidential,Confidential,No,No,2003-10-01T05:00:00Z
Nebraska,55000000,Financial activities,62300,N/A,N/A,N/A,No,No,2003-10-01T05:00:00Z
Nebraska,60000000,Professional and business services,94067,N/A,N/A,N/A,No,No,2003-10-01T05:00:00Z
Nebraska,65000000,Education and health services,122688,N/A,N/A,N/A,No,No,2003-10-01T05:00:00Z
Nebraska,70000000,Leisure and hospitality,76900,N/A,N/A,N/A,No,No,2003-10-01T05:00:00Z
Nebraska,80000000,Other services,33600,Confidential,Confidential,Confidential,No,No,2003-10-01T05:00:00Z
Nebraska,90000000,Government,161500,Confidential,Confidential,Confidential,No,No,2003-10-01T05:00:00Z
Nebraska,06000000,Goods-producing,150709,N/A,N/A,N/A,No,No,2003-11-01T06:00:00Z
Nebraska,07000000,Service-providing,770546,Confidential,Confidential,Confidential,No,No,2003-11-01T06:00:00Z
Nebraska,08000000,Private service-providing,609046,N/A,N/A,N/A,No,No,2003-11-01T06:00:00Z
Nebraska,10000000,Mining and logging,1300,Confidential,Confidential,Confidential,No,No,2003-11-01T06:00:00Z
Nebraska,15000000,Natural Resources and Mining and Constru,48600,N/A,N/A,N/A,No,No,2003-11-01T06:00:00Z
Nebraska,20000000,Construction,47300,Confidential,Confidential,Confidential,No,No,2003-11-01T06:00:00Z
Nebraska,30000000,Manufacturing,102109,N/A,N/A,N/A,No,No,2003-11-01T06:00:00Z
Nebraska,31000000,Durable goods,46903,Confidential,Confidential,Confidential,No,No,2003-11-01T06:00:00Z
Nebraska,32000000,Nondurable goods,55206,Confidential,Confidential,Confidential,No,No,2003-11-01T06:00:00Z
Nebraska,40000000,"Trade, transportation, and utilities",197703,N/A,N/A,N/A,No,No,2003-11-01T06:00:00Z
Nebraska,41000000,Wholesale Trade,40590,Confidential,Confidential,Confidential,No,No,2003-11-01T06:00:00Z
Nebraska,42000000,Retail trade,110713,Confidential,Confidential,Confidential,No,No,2003-11-01T06:00:00Z
Nebraska,43000000,Transportation and warehousing,46400,Confidential,Confidential,Confidential,No,No,2003-11-01T06:00:00Z
Nebraska,50000000,Information,21771,Confidential,Confidential,Confidential,No,No,2003-11-01T06:00:00Z
Nebraska,55000000,Financial activities,62300,N/A,N/A,N/A,No,No,2003-11-01T06:00:00Z
Nebraska,60000000,Professional and business services,93564,N/A,N/A,N/A,No,No,2003-11-01T06:00:00Z
Nebraska,65000000,Education and health services,124208,N/A,N/A,N/A,No,No,2003-11-01T06:00:00Z
Nebraska,70000000,Leisure and hospitality,75900,N/A,N/A,N/A,No,No,2003-11-01T06:00:00Z
Nebraska,80000000,Other services,33600,Confidential,Confidential,Confidential,No,No,2003-11-01T06:00:00Z
Nebraska,90000000,Government,161500,Confidential,Confidential,Confidential,No,No,2003-11-01T06:00:00Z
Nebraska,06000000,Goods-producing,149809,N/A,N/A,N/A,No,No,2003-12-01T06:00:00Z
Nebraska,07000000,Service-providing,772169,Confidential,Confidential,Confidential,No,No,2003-12-01T06:00:00Z
Nebraska,08000000,Private service-providing,610869,N/A,N/A,N/A,No,No,2003-12-01T06:00:00Z
Nebraska,10000000,Mining and logging,1200,Confidential,Confidential,Confidential,No,No,2003-12-01T06:00:00Z
Nebraska,15000000,Natural Resources and Mining and Constru,47300,N/A,N/A,N/A,No,No,2003-12-01T06:00:00Z
Nebraska,20000000,Construction,46100,Confidential,Confidential,Confidential,No,No,2003-12-01T06:00:00Z
Nebraska,30000000,Manufacturing,102509,N/A,N/A,N/A,No,No,2003-12-01T06:00:00Z
Nebraska,31000000,Durable goods,47003,Confidential,Confidential,Confidential,No,No,2003-12-01T06:00:00Z
Nebraska,32000000,Nondurable goods,55506,Confidential,Confidential,Confidential,No,No,2003-12-01T06:00:00Z
Nebraska,40000000,"Trade, transportation, and utilities",199705,N/A,N/A,N/A,No,No,2003-12-01T06:00:00Z
Nebraska,41000000,Wholesale Trade,40792,Confidential,Confidential,Confidential,No,No,2003-12-01T06:00:00Z
Nebraska,42000000,Retail trade,112313,Confidential,Confidential,Confidential,No,No,2003-12-01T06:00:00Z
Nebraska,43000000,Transportation and warehousing,46600,Confidential,Confidential,Confidential,No,No,2003-12-01T06:00:00Z
Nebraska,50000000,Information,21974,Confidential,Confidential,Confidential,No,No,2003-12-01T06:00:00Z
Nebraska,55000000,Financial activities,62800,N/A,N/A,N/A,No,No,2003-12-01T06:00:00Z
Nebraska,60000000,Professional and business services,93661,N/A,N/A,N/A,No,No,2003-12-01T06:00:00Z
Nebraska,65000000,Education and health services,124029,N/A,N/A,N/A,No,No,2003-12-01T06:00:00Z
Nebraska,70000000,Leisure and hospitality,75200,N/A,N/A,N/A,No,No,2003-12-01T06:00:00Z
Nebraska,80000000,Other services,33500,Confidential,Confidential,Confidential,No,No,2003-12-01T06:00:00Z
Nebraska,90000000,Government,161300,Confidential,Confidential,Confidential,No,No,2003-12-01T06:00:00Z
Nebraska,06000000,Goods-producing,144609,N/A,N/A,N/A,No,No,2004-01-01T06:00:00Z
Nebraska,07000000,Service-providing,754789,Confidential,Confidential,Confidential,No,No,2004-01-01T06:00:00Z
Nebraska,08000000,Private service-providing,596689,N/A,N/A,N/A,No,No,2004-01-01T06:00:00Z
Nebraska,10000000,Mining and logging,1000,Confidential,Confidential,Confidential,No,No,2004-01-01T06:00:00Z
Nebraska,15000000,Natural Resources and Mining and Constru,43600,N/A,N/A,N/A,No,No,2004-01-01T06:00:00Z
Nebraska,20000000,Construction,42600,Confidential,Confidential,Confidential,No,No,2004-01-01T06:00:00Z
Nebraska,30000000,Manufacturing,101009,N/A,N/A,N/A,No,No,2004-01-01T06:00:00Z
Nebraska,31000000,Durable goods,46503,Confidential,Confidential,Confidential,No,No,2004-01-01T06:00:00Z
Nebraska,32000000,Nondurable goods,54506,Confidential,Confidential,Confidential,No,No,2004-01-01T06:00:00Z
Nebraska,40000000,"Trade, transportation, and utilities",192606,N/A,N/A,N/A,No,No,2004-01-01T06:00:00Z
Nebraska,41000000,Wholesale Trade,39794,Confidential,Confidential,Confidential,No,No,2004-01-01T06:00:00Z
Nebraska,42000000,Retail trade,106312,Confidential,Confidential,Confidential,No,No,2004-01-01T06:00:00Z
Nebraska,43000000,Transportation and warehousing,46500,Confidential,Confidential,Confidential,No,No,2004-01-01T06:00:00Z
Nebraska,50000000,Information,21577,Confidential,Confidential,Confidential,No,No,2004-01-01T06:00:00Z
Nebraska,55000000,Financial activities,62200,N/A,N/A,N/A,No,No,2004-01-01T06:00:00Z
Nebraska,60000000,Professional and business services,90957,N/A,N/A,N/A,No,No,2004-01-01T06:00:00Z
Nebraska,65000000,Education and health services,123049,N/A,N/A,N/A,No,No,2004-01-01T06:00:00Z
Nebraska,70000000,Leisure and hospitality,72900,N/A,N/A,N/A,No,No,2004-01-01T06:00:00Z
Nebraska,80000000,Other services,33400,Confidential,Confidential,Confidential,No,No,2004-01-01T06:00:00Z
Nebraska,90000000,Government,158100,Confidential,Confidential,Confidential,No,No,2004-01-01T06:00:00Z
Nebraska,06000000,Goods-producing,143209,N/A,N/A,N/A,No,No,2004-02-01T06:00:00Z
Nebraska,07000000,Service-providing,754208,Confidential,Confidential,Confidential,No,No,2004-02-01T06:00:00Z
Nebraska,08000000,Private service-providing,594608,N/A,N/A,N/A,No,No,2004-02-01T06:00:00Z
Nebraska,10000000,Mining and logging,1200,Confidential,Confidential,Confidential,No,No,2004-02-01T06:00:00Z
Nebraska,15000000,Natural Resources and Mining and Constru,42400,N/A,N/A,N/A,No,No,2004-02-01T06:00:00Z
Nebraska,20000000,Construction,41200,Confidential,Confidential,Confidential,No,No,2004-02-01T06:00:00Z
Nebraska,30000000,Manufacturing,100809,N/A,N/A,N/A,No,No,2004-02-01T06:00:00Z
Nebraska,31000000,Durable goods,46603,Confidential,Confidential,Confidential,No,No,2004-02-01T06:00:00Z
Nebraska,32000000,Nondurable goods,54206,Confidential,Confidential,Confidential,No,No,2004-02-01T06:00:00Z
Nebraska,40000000,"Trade, transportation, and utilities",190104,N/A,N/A,N/A,No,No,2004-02-01T06:00:00Z
Nebraska,41000000,Wholesale Trade,39691,Confidential,Confidential,Confidential,No,No,2004-02-01T06:00:00Z
Nebraska,42000000,Retail trade,104213,Confidential,Confidential,Confidential,No,No,2004-02-01T06:00:00Z
Nebraska,43000000,Transportation and warehousing,46200,Confidential,Confidential,Confidential,No,No,2004-02-01T06:00:00Z
Nebraska,50000000,Information,21580,Confidential,Confidential,Confidential,No,No,2004-02-01T06:00:00Z
Nebraska,55000000,Financial activities,62100,N/A,N/A,N/A,No,No,2004-02-01T06:00:00Z
Nebraska,60000000,Professional and business services,90955,N/A,N/A,N/A,No,No,2004-02-01T06:00:00Z
Nebraska,65000000,Education and health services,123669,N/A,N/A,N/A,No,No,2004-02-01T06:00:00Z
Nebraska,70000000,Leisure and hospitality,72700,N/A,N/A,N/A,No,No,2004-02-01T06:00:00Z
Nebraska,80000000,Other services,33500,Confidential,Confidential,Confidential,No,No,2004-02-01T06:00:00Z
Nebraska,90000000,Government,159600,Confidential,Confidential,Confidential,No,No,2004-02-01T06:00:00Z
Nebraska,06000000,Goods-producing,145809,N/A,N/A,N/A,No,No,2004-03-01T06:00:00Z
Nebraska,07000000,Service-providing,760629,Confidential,Confidential,Confidential,No,No,2004-03-01T06:00:00Z
Nebraska,08000000,Private service-providing,600129,N/A,N/A,N/A,No,No,2004-03-01T06:00:00Z
Nebraska,10000000,Mining and logging,1400,Confidential,Confidential,Confidential,No,No,2004-03-01T06:00:00Z
Nebraska,15000000,Natural Resources and Mining and Constru,44900,N/A,N/A,N/A,No,No,2004-03-01T06:00:00Z
Nebraska,20000000,Construction,43500,Confidential,Confidential,Confidential,No,No,2004-03-01T06:00:00Z
Nebraska,30000000,Manufacturing,100909,N/A,N/A,N/A,No,No,2004-03-01T06:00:00Z
Nebraska,31000000,Durable goods,47003,Confidential,Confidential,Confidential,No,No,2004-03-01T06:00:00Z
Nebraska,32000000,Nondurable goods,53906,Confidential,Confidential,Confidential,No,No,2004-03-01T06:00:00Z
Nebraska,40000000,"Trade, transportation, and utilities",191502,N/A,N/A,N/A,No,No,2004-03-01T06:00:00Z
Nebraska,41000000,Wholesale Trade,40089,Confidential,Confidential,Confidential,No,No,2004-03-01T06:00:00Z
Nebraska,42000000,Retail trade,104513,Confidential,Confidential,Confidential,No,No,2004-03-01T06:00:00Z
Nebraska,43000000,Transportation and warehousing,46900,Confidential,Confidential,Confidential,No,No,2004-03-01T06:00:00Z
Nebraska,50000000,Information,21583,Confidential,Confidential,Confidential,No,No,2004-03-01T06:00:00Z
Nebraska,55000000,Financial activities,62600,N/A,N/A,N/A,No,No,2004-03-01T06:00:00Z
Nebraska,60000000,Professional and business services,92154,N/A,N/A,N/A,No,No,2004-03-01T06:00:00Z
Nebraska,65000000,Education and health services,124090,N/A,N/A,N/A,No,No,2004-03-01T06:00:00Z
Nebraska,70000000,Leisure and hospitality,74500,N/A,N/A,N/A,No,No,2004-03-01T06:00:00Z
Nebraska,80000000,Other services,33700,Confidential,Confidential,Confidential,No,No,2004-03-01T06:00:00Z
Nebraska,90000000,Government,160500,Confidential,Confidential,Confidential,No,No,2004-03-01T06:00:00Z
Nebraska,06000000,Goods-producing,148609,N/A,N/A,N/A,No,No,2004-04-01T06:00:00Z
Nebraska,07000000,Service-providing,770749,Confidential,Confidential,Confidential,No,No,2004-04-01T06:00:00Z
Nebraska,08000000,Private service-providing,609049,N/A,N/A,N/A,No,No,2004-04-01T06:00:00Z
Nebraska,10000000,Mining and logging,1400,Confidential,Confidential,Confidential,No,No,2004-04-01T06:00:00Z
Nebraska,15000000,Natural Resources and Mining and Constru,48300,N/A,N/A,N/A,No,No,2004-04-01T06:00:00Z
Nebraska,20000000,Construction,46900,Confidential,Confidential,Confidential,No,No,2004-04-01T06:00:00Z
Nebraska,30000000,Manufacturing,100309,N/A,N/A,N/A,No,No,2004-04-01T06:00:00Z
Nebraska,31000000,Durable goods,46803,Confidential,Confidential,Confidential,No,No,2004-04-01T06:00:00Z
Nebraska,32000000,Nondurable goods,53506,Confidential,Confidential,Confidential,No,No,2004-04-01T06:00:00Z
Nebraska,40000000,"Trade, transportation, and utilities",194106,N/A,N/A,N/A,No,No,2004-04-01T06:00:00Z
Nebraska,41000000,Wholesale Trade,40794,Confidential,Confidential,Confidential,No,No,2004-04-01T06:00:00Z
Nebraska,42000000,Retail trade,105312,Confidential,Confidential,Confidential,No,No,2004-04-01T06:00:00Z
Nebraska,43000000,Transportation and warehousing,48000,Confidential,Confidential,Confidential,No,No,2004-04-01T06:00:00Z
Nebraska,50000000,Information,21485,Confidential,Confidential,Confidential,No,No,2004-04-01T06:00:00Z
Nebraska,55000000,Financial activities,62800,N/A,N/A,N/A,No,No,2004-04-01T06:00:00Z
Nebraska,60000000,Professional and business services,94548,N/A,N/A,N/A,No,No,2004-04-01T06:00:00Z
Nebraska,65000000,Education and health services,125210,N/A,N/A,N/A,No,No,2004-04-01T06:00:00Z
Nebraska,70000000,Leisure and hospitality,77000,N/A,N/A,N/A,No,No,2004-04-01T06:00:00Z
Nebraska,80000000,Other services,33900,Confidential,Confidential,Confidential,No,No,2004-04-01T06:00:00Z
Nebraska,90000000,Government,161700,Confidential,Confidential,Confidential,No,No,2004-04-01T06:00:00Z
Nebraska,06000000,Goods-producing,150909,N/A,N/A,N/A,No,No,2004-05-01T05:00:00Z
Nebraska,07000000,Service-providing,777570,Confidential,Confidential,Confidential,No,No,2004-05-01T05:00:00Z
Nebraska,08000000,Private service-providing,614270,N/A,N/A,N/A,No,No,2004-05-01T05:00:00Z
Nebraska,10000000,Mining and logging,1300,Confidential,Confidential,Confidential,No,No,2004-05-01T05:00:00Z
Nebraska,15000000,Natural Resources and Mining and Constru,50100,N/A,N/A,N/A,No,No,2004-05-01T05:00:00Z
Nebraska,20000000,Construction,48800,Confidential,Confidential,Confidential,No,No,2004-05-01T05:00:00Z
Nebraska,30000000,Manufacturing,100809,N/A,N/A,N/A,No,No,2004-05-01T05:00:00Z
Nebraska,31000000,Durable goods,47103,Confidential,Confidential,Confidential,No,No,2004-05-01T05:00:00Z
Nebraska,32000000,Nondurable goods,53706,Confidential,Confidential,Confidential,No,No,2004-05-01T05:00:00Z
Nebraska,40000000,"Trade, transportation, and utilities",196409,N/A,N/A,N/A,No,No,2004-05-01T05:00:00Z
Nebraska,41000000,Wholesale Trade,40997,Confidential,Confidential,Confidential,No,No,2004-05-01T05:00:00Z
Nebraska,42000000,Retail trade,106712,Confidential,Confidential,Confidential,No,No,2004-05-01T05:00:00Z
Nebraska,43000000,Transportation and warehousing,48700,Confidential,Confidential,Confidential,No,No,2004-05-01T05:00:00Z
Nebraska,50000000,Information,21388,Confidential,Confidential,Confidential,No,No,2004-05-01T05:00:00Z
Nebraska,55000000,Financial activities,63100,N/A,N/A,N/A,No,No,2004-05-01T05:00:00Z
Nebraska,60000000,Professional and business services,94642,N/A,N/A,N/A,No,No,2004-05-01T05:00:00Z
Nebraska,65000000,Education and health services,124731,N/A,N/A,N/A,No,No,2004-05-01T05:00:00Z
Nebraska,70000000,Leisure and hospitality,79900,N/A,N/A,N/A,No,No,2004-05-01T05:00:00Z
Nebraska,80000000,Other services,34100,Confidential,Confidential,Confidential,No,No,2004-05-01T05:00:00Z
Nebraska,90000000,Government,163300,Confidential,Confidential,Confidential,No,No,2004-05-01T05:00:00Z
Nebraska,06000000,Goods-producing,153209,N/A,N/A,N/A,No,No,2004-06-01T05:00:00Z
Nebraska,07000000,Service-providing,780490,Confidential,Confidential,Confidential,No,No,2004-06-01T05:00:00Z
Nebraska,08000000,Private service-providing,618190,N/A,N/A,N/A,No,No,2004-06-01T05:00:00Z
Nebraska,10000000,Mining and logging,1400,Confidential,Confidential,Confidential,No,No,2004-06-01T05:00:00Z
Nebraska,15000000,Natural Resources and Mining and Constru,51800,N/A,N/A,N/A,No,No,2004-06-01T05:00:00Z
Nebraska,20000000,Construction,50400,Confidential,Confidential,Confidential,No,No,2004-06-01T05:00:00Z
Nebraska,30000000,Manufacturing,101409,N/A,N/A,N/A,No,No,2004-06-01T05:00:00Z
Nebraska,31000000,Durable goods,47503,Confidential,Confidential,Confidential,No,No,2004-06-01T05:00:00Z
Nebraska,32000000,Nondurable goods,53906,Confidential,Confidential,Confidential,No,No,2004-06-01T05:00:00Z
Nebraska,40000000,"Trade, transportation, and utilities",197307,N/A,N/A,N/A,No,No,2004-06-01T05:00:00Z
Nebraska,41000000,Wholesale Trade,41095,Confidential,Confidential,Confidential,No,No,2004-06-01T05:00:00Z
Nebraska,42000000,Retail trade,107112,Confidential,Confidential,Confidential,No,No,2004-06-01T05:00:00Z
Nebraska,43000000,Transportation and warehousing,49100,Confidential,Confidential,Confidential,No,No,2004-06-01T05:00:00Z
Nebraska,50000000,Information,21491,Confidential,Confidential,Confidential,No,No,2004-06-01T05:00:00Z
Nebraska,55000000,Financial activities,63600,N/A,N/A,N/A,No,No,2004-06-01T05:00:00Z
Nebraska,60000000,Professional and business services,95841,N/A,N/A,N/A,No,No,2004-06-01T05:00:00Z
Nebraska,65000000,Education and health services,124651,N/A,N/A,N/A,No,No,2004-06-01T05:00:00Z
Nebraska,70000000,Leisure and hospitality,80900,N/A,N/A,N/A,No,No,2004-06-01T05:00:00Z
Nebraska,80000000,Other services,34400,Confidential,Confidential,Confidential,No,No,2004-06-01T05:00:00Z
Nebraska,90000000,Government,162300,Confidential,Confidential,Confidential,No,No,2004-06-01T05:00:00Z
Nebraska,06000000,Goods-producing,153609,N/A,N/A,N/A,No,No,2004-07-01T05:00:00Z
Nebraska,07000000,Service-providing,768610,Confidential,Confidential,Confidential,No,No,2004-07-01T05:00:00Z
Nebraska,08000000,Private service-providing,615610,N/A,N/A,N/A,No,No,2004-07-01T05:00:00Z
Nebraska,10000000,Mining and logging,1400,Confidential,Confidential,Confidential,No,No,2004-07-01T05:00:00Z
Nebraska,15000000,Natural Resources and Mining and Constru,52200,N/A,N/A,N/A,No,No,2004-07-01T05:00:00Z
Nebraska,20000000,Construction,50800,Confidential,Confidential,Confidential,No,No,2004-07-01T05:00:00Z
Nebraska,30000000,Manufacturing,101409,N/A,N/A,N/A,No,No,2004-07-01T05:00:00Z
Nebraska,31000000,Durable goods,47503,Confidential,Confidential,Confidential,No,No,2004-07-01T05:00:00Z
Nebraska,32000000,Nondurable goods,53906,Confidential,Confidential,Confidential,No,No,2004-07-01T05:00:00Z
Nebraska,40000000,"Trade, transportation, and utilities",196580,N/A,N/A,N/A,No,No,2004-07-01T05:00:00Z
Nebraska,41000000,Wholesale Trade,41368,Confidential,Confidential,Confidential,No,No,2004-07-01T05:00:00Z
Nebraska,42000000,Retail trade,106112,Confidential,Confidential,Confidential,No,No,2004-07-01T05:00:00Z
Nebraska,43000000,Transportation and warehousing,49100,Confidential,Confidential,Confidential,No,No,2004-07-01T05:00:00Z
Nebraska,50000000,Information,21494,Confidential,Confidential,Confidential,No,No,2004-07-01T05:00:00Z
Nebraska,55000000,Financial activities,63700,N/A,N/A,N/A,No,No,2004-07-01T05:00:00Z
Nebraska,60000000,Professional and business services,95065,N/A,N/A,N/A,No,No,2004-07-01T05:00:00Z
Nebraska,65000000,Education and health services,123671,N/A,N/A,N/A,No,No,2004-07-01T05:00:00Z
Nebraska,70000000,Leisure and hospitality,80600,N/A,N/A,N/A,No,No,2004-07-01T05:00:00Z
Nebraska,80000000,Other services,34500,Confidential,Confidential,Confidential,No,No,2004-07-01T05:00:00Z
Nebraska,90000000,Government,153000,Confidential,Confidential,Confidential,No,No,2004-07-01T05:00:00Z
Nebraska,06000000,Goods-producing,153009,N/A,N/A,N/A,No,No,2004-08-01T05:00:00Z
Nebraska,07000000,Service-providing,770230,Confidential,Confidential,Confidential,No,No,2004-08-01T05:00:00Z
Nebraska,08000000,Private service-providing,617730,N/A,N/A,N/A,No,No,2004-08-01T05:00:00Z
Nebraska,10000000,Mining and logging,1300,Confidential,Confidential,Confidential,No,No,2004-08-01T05:00:00Z
Nebraska,15000000,Natural Resources and Mining and Constru,51700,N/A,N/A,N/A,No,No,2004-08-01T05:00:00Z
Nebraska,20000000,Construction,50400,Confidential,Confidential,Confidential,No,No,2004-08-01T05:00:00Z
Nebraska,30000000,Manufacturing,101309,N/A,N/A,N/A,No,No,2004-08-01T05:00:00Z
Nebraska,31000000,Durable goods,47403,Confidential,Confidential,Confidential,No,No,2004-08-01T05:00:00Z
Nebraska,32000000,Nondurable goods,53906,Confidential,Confidential,Confidential,No,No,2004-08-01T05:00:00Z
Nebraska,40000000,"Trade, transportation, and utilities",197478,N/A,N/A,N/A,No,No,2004-08-01T05:00:00Z
Nebraska,41000000,Wholesale Trade,40866,Confidential,Confidential,Confidential,No,No,2004-08-01T05:00:00Z
Nebraska,42000000,Retail trade,106512,Confidential,Confidential,Confidential,No,No,2004-08-01T05:00:00Z
Nebraska,43000000,Transportation and warehousing,50100,Confidential,Confidential,Confidential,No,No,2004-08-01T05:00:00Z
Nebraska,50000000,Information,21297,Confidential,Confidential,Confidential,No,No,2004-08-01T05:00:00Z
Nebraska,55000000,Financial activities,63800,N/A,N/A,N/A,No,No,2004-08-01T05:00:00Z
Nebraska,60000000,Professional and business services,95563,N/A,N/A,N/A,No,No,2004-08-01T05:00:00Z
Nebraska,65000000,Education and health services,124292,N/A,N/A,N/A,No,No,2004-08-01T05:00:00Z
Nebraska,70000000,Leisure and hospitality,80900,N/A,N/A,N/A,No,No,2004-08-01T05:00:00Z
Nebraska,80000000,Other services,34400,Confidential,Confidential,Confidential,No,No,2004-08-01T05:00:00Z
Nebraska,90000000,Government,152500,Confidential,Confidential,Confidential,No,No,2004-08-01T05:00:00Z
Nebraska,06000000,Goods-producing,151008,N/A,N/A,N/A,No,No,2004-09-01T05:00:00Z
Nebraska,07000000,Service-providing,777151,Confidential,Confidential,Confidential,No,No,2004-09-01T05:00:00Z
Nebraska,08000000,Private service-providing,616651,N/A,N/A,N/A,No,No,2004-09-01T05:00:00Z
Nebraska,10000000,Mining and logging,1300,Confidential,Confidential,Confidential,No,No,2004-09-01T05:00:00Z
Nebraska,15000000,Natural Resources and Mining and Constru,50200,N/A,N/A,N/A,No,No,2004-09-01T05:00:00Z
Nebraska,20000000,Construction,48900,Confidential,Confidential,Confidential,No,No,2004-09-01T05:00:00Z
Nebraska,30000000,Manufacturing,100808,N/A,N/A,N/A,No,No,2004-09-01T05:00:00Z
Nebraska,31000000,Durable goods,46803,Confidential,Confidential,Confidential,No,No,2004-09-01T05:00:00Z
Nebraska,32000000,Nondurable goods,54005,Confidential,Confidential,Confidential,No,No,2004-09-01T05:00:00Z
Nebraska,40000000,"Trade, transportation, and utilities",197584,N/A,N/A,N/A,No,No,2004-09-01T05:00:00Z
Nebraska,41000000,Wholesale Trade,40574,Confidential,Confidential,Confidential,No,No,2004-09-01T05:00:00Z
Nebraska,42000000,Retail trade,106110,Confidential,Confidential,Confidential,No,No,2004-09-01T05:00:00Z
Nebraska,43000000,Transportation and warehousing,50900,Confidential,Confidential,Confidential,No,No,2004-09-01T05:00:00Z
Nebraska,50000000,Information,21200,Confidential,Confidential,Confidential,No,No,2004-09-01T05:00:00Z
Nebraska,55000000,Financial activities,63400,N/A,N/A,N/A,No,No,2004-09-01T05:00:00Z
Nebraska,60000000,Professional and business services,94555,N/A,N/A,N/A,No,No,2004-09-01T05:00:00Z
Nebraska,65000000,Education and health services,125712,N/A,N/A,N/A,No,No,2004-09-01T05:00:00Z
Nebraska,70000000,Leisure and hospitality,79700,N/A,N/A,N/A,No,No,2004-09-01T05:00:00Z
Nebraska,80000000,Other services,34500,Confidential,Confidential,Confidential,No,No,2004-09-01T05:00:00Z
Nebraska,90000000,Government,160500,Confidential,Confidential,Confidential,No,No,2004-09-01T05:00:00Z
Nebraska,06000000,Goods-producing,150509,N/A,N/A,N/A,No,No,2004-10-01T05:00:00Z
Nebraska,07000000,Service-providing,779271,Confidential,Confidential,Confidential,No,No,2004-10-01T05:00:00Z
Nebraska,08000000,Private service-providing,617071,N/A,N/A,N/A,No,No,2004-10-01T05:00:00Z
Nebraska,10000000,Mining and logging,1400,Confidential,Confidential,Confidential,No,No,2004-10-01T05:00:00Z
Nebraska,15000000,Natural Resources and Mining and Constru,49700,N/A,N/A,N/A,No,No,2004-10-01T05:00:00Z
Nebraska,20000000,Construction,48300,Confidential,Confidential,Confidential,No,No,2004-10-01T05:00:00Z
Nebraska,30000000,Manufacturing,100809,N/A,N/A,N/A,No,No,2004-10-01T05:00:00Z
Nebraska,31000000,Durable goods,46803,Confidential,Confidential,Confidential,No,No,2004-10-01T05:00:00Z
Nebraska,32000000,Nondurable goods,54006,Confidential,Confidential,Confidential,No,No,2004-10-01T05:00:00Z
Nebraska,40000000,"Trade, transportation, and utilities",198978,N/A,N/A,N/A,No,No,2004-10-01T05:00:00Z
Nebraska,41000000,Wholesale Trade,40666,Confidential,Confidential,Confidential,No,No,2004-10-01T05:00:00Z
Nebraska,42000000,Retail trade,107512,Confidential,Confidential,Confidential,No,No,2004-10-01T05:00:00Z
Nebraska,43000000,Transportation and warehousing,50800,Confidential,Confidential,Confidential,No,No,2004-10-01T05:00:00Z
Nebraska,50000000,Information,21103,Confidential,Confidential,Confidential,No,No,2004-10-01T05:00:00Z
Nebraska,55000000,Financial activities,63500,N/A,N/A,N/A,No,No,2004-10-01T05:00:00Z
Nebraska,60000000,Professional and business services,95157,N/A,N/A,N/A,No,No,2004-10-01T05:00:00Z
Nebraska,65000000,Education and health services,125933,N/A,N/A,N/A,No,No,2004-10-01T05:00:00Z
Nebraska,70000000,Leisure and hospitality,77800,N/A,N/A,N/A,No,No,2004-10-01T05:00:00Z
Nebraska,80000000,Other services,34600,Confidential,Confidential,Confidential,No,No,2004-10-01T05:00:00Z
Nebraska,90000000,Government,162200,Confidential,Confidential,Confidential,No,No,2004-10-01T05:00:00Z
Nebraska,06000000,Goods-producing,149809,N/A,N/A,N/A,No,No,2004-11-01T06:00:00Z
Nebraska,07000000,Service-providing,783091,Confidential,Confidential,Confidential,No,No,2004-11-01T06:00:00Z
Nebraska,08000000,Private service-providing,620491,N/A,N/A,N/A,No,No,2004-11-01T06:00:00Z
Nebraska,10000000,Mining and logging,1300,Confidential,Confidential,Confidential,No,No,2004-11-01T06:00:00Z
Nebraska,15000000,Natural Resources and Mining and Constru,48700,N/A,N/A,N/A,No,No,2004-11-01T06:00:00Z
Nebraska,20000000,Construction,47400,Confidential,Confidential,Confidential,No,No,2004-11-01T06:00:00Z
Nebraska,30000000,Manufacturing,101109,N/A,N/A,N/A,No,No,2004-11-01T06:00:00Z
Nebraska,31000000,Durable goods,46803,Confidential,Confidential,Confidential,No,No,2004-11-01T06:00:00Z
Nebraska,32000000,Nondurable goods,54306,Confidential,Confidential,Confidential,No,No,2004-11-01T06:00:00Z
Nebraska,40000000,"Trade, transportation, and utilities",201375,N/A,N/A,N/A,No,No,2004-11-01T06:00:00Z
Nebraska,41000000,Wholesale Trade,40463,Confidential,Confidential,Confidential,No,No,2004-11-01T06:00:00Z
Nebraska,42000000,Retail trade,110612,Confidential,Confidential,Confidential,No,No,2004-11-01T06:00:00Z
Nebraska,43000000,Transportation and warehousing,50300,Confidential,Confidential,Confidential,No,No,2004-11-01T06:00:00Z
Nebraska,50000000,Information,21206,Confidential,Confidential,Confidential,No,No,2004-11-01T06:00:00Z
Nebraska,55000000,Financial activities,63800,N/A,N/A,N/A,No,No,2004-11-01T06:00:00Z
Nebraska,60000000,Professional and business services,95257,N/A,N/A,N/A,No,No,2004-11-01T06:00:00Z
Nebraska,65000000,Education and health services,127253,N/A,N/A,N/A,No,No,2004-11-01T06:00:00Z
Nebraska,70000000,Leisure and hospitality,77000,N/A,N/A,N/A,No,No,2004-11-01T06:00:00Z
Nebraska,80000000,Other services,34600,Confidential,Confidential,Confidential,No,No,2004-11-01T06:00:00Z
Nebraska,90000000,Government,162600,Confidential,Confidential,Confidential,No,No,2004-11-01T06:00:00Z
Nebraska,06000000,Goods-producing,148909,N/A,N/A,N/A,No,No,2004-12-01T06:00:00Z
Nebraska,07000000,Service-providing,784610,Confidential,Confidential,Confidential,No,No,2004-12-01T06:00:00Z
Nebraska,08000000,Private service-providing,622110,N/A,N/A,N/A,No,No,2004-12-01T06:00:00Z
Nebraska,10000000,Mining and logging,1400,Confidential,Confidential,Confidential,No,No,2004-12-01T06:00:00Z
Nebraska,15000000,Natural Resources and Mining and Constru,47300,N/A,N/A,N/A,No,No,2004-12-01T06:00:00Z
Nebraska,20000000,Construction,45900,Confidential,Confidential,Confidential,No,No,2004-12-01T06:00:00Z
Nebraska,30000000,Manufacturing,101609,N/A,N/A,N/A,No,No,2004-12-01T06:00:00Z
Nebraska,31000000,Durable goods,47003,Confidential,Confidential,Confidential,No,No,2004-12-01T06:00:00Z
Nebraska,32000000,Nondurable goods,54606,Confidential,Confidential,Confidential,No,No,2004-12-01T06:00:00Z
Nebraska,40000000,"Trade, transportation, and utilities",203478,N/A,N/A,N/A,No,No,2004-12-01T06:00:00Z
Nebraska,41000000,Wholesale Trade,40466,Confidential,Confidential,Confidential,No,No,2004-12-01T06:00:00Z
Nebraska,42000000,Retail trade,112412,Confidential,Confidential,Confidential,No,No,2004-12-01T06:00:00Z
Nebraska,43000000,Transportation and warehousing,50600,Confidential,Confidential,Confidential,No,No,2004-12-01T06:00:00Z
Nebraska,50000000,Information,21009,Confidential,Confidential,Confidential,No,No,2004-12-01T06:00:00Z
Nebraska,55000000,Financial activities,64200,N/A,N/A,N/A,No,No,2004-12-01T06:00:00Z
Nebraska,60000000,Professional and business services,94950,N/A,N/A,N/A,No,No,2004-12-01T06:00:00Z
Nebraska,65000000,Education and health services,126973,N/A,N/A,N/A,No,No,2004-12-01T06:00:00Z
Nebraska,70000000,Leisure and hospitality,76600,N/A,N/A,N/A,No,No,2004-12-01T06:00:00Z
Nebraska,80000000,Other services,34900,Confidential,Confidential,Confidential,No,No,2004-12-01T06:00:00Z
Nebraska,90000000,Government,162500,Confidential,Confidential,Confidential,No,No,2004-12-01T06:00:00Z
Nebraska,06000000,Goods-producing,142708,N/A,N/A,N/A,No,No,2005-01-01T06:00:00Z
Nebraska,07000000,Service-providing,766532,Confidential,Confidential,Confidential,No,No,2005-01-01T06:00:00Z
Nebraska,08000000,Private service-providing,607532,N/A,N/A,N/A,No,No,2005-01-01T06:00:00Z
Nebraska,10000000,Mining and logging,1200,Confidential,Confidential,Confidential,No,No,2005-01-01T06:00:00Z
Nebraska,15000000,Natural Resources and Mining and Constru,43000,N/A,N/A,N/A,No,No,2005-01-01T06:00:00Z
Nebraska,20000000,Construction,41800,Confidential,Confidential,Confidential,No,No,2005-01-01T06:00:00Z
Nebraska,30000000,Manufacturing,99708,N/A,N/A,N/A,No,No,2005-01-01T06:00:00Z
Nebraska,31000000,Durable goods,47203,Confidential,Confidential,Confidential,No,No,2005-01-01T06:00:00Z
Nebraska,32000000,Nondurable goods,52505,Confidential,Confidential,Confidential,No,No,2005-01-01T06:00:00Z
Nebraska,40000000,"Trade, transportation, and utilities",196881,N/A,N/A,N/A,No,No,2005-01-01T06:00:00Z
Nebraska,41000000,Wholesale Trade,39768,Confidential,Confidential,Confidential,No,No,2005-01-01T06:00:00Z
Nebraska,42000000,Retail trade,106013,Confidential,Confidential,Confidential,No,No,2005-01-01T06:00:00Z
Nebraska,43000000,Transportation and warehousing,51100,Confidential,Confidential,Confidential,No,No,2005-01-01T06:00:00Z
Nebraska,50000000,Information,20712,Confidential,Confidential,Confidential,No,No,2005-01-01T06:00:00Z
Nebraska,55000000,Financial activities,63500,N/A,N/A,N/A,No,No,2005-01-01T06:00:00Z
Nebraska,60000000,Professional and business services,93745,N/A,N/A,N/A,No,No,2005-01-01T06:00:00Z
Nebraska,65000000,Education and health services,124994,N/A,N/A,N/A,No,No,2005-01-01T06:00:00Z
Nebraska,70000000,Leisure and hospitality,73900,N/A,N/A,N/A,No,No,2005-01-01T06:00:00Z
Nebraska,80000000,Other services,33800,Confidential,Confidential,Confidential,No,No,2005-01-01T06:00:00Z
Nebraska,90000000,Government,159000,Confidential,Confidential,Confidential,No,No,2005-01-01T06:00:00Z
Nebraska,06000000,Goods-producing,143208,N/A,N/A,N/A,No,No,2005-02-01T06:00:00Z
Nebraska,07000000,Service-providing,771150,Confidential,Confidential,Confidential,No,No,2005-02-01T06:00:00Z
Nebraska,08000000,Private service-providing,610150,N/A,N/A,N/A,No,No,2005-02-01T06:00:00Z
Nebraska,10000000,Mining and logging,1200,Confidential,Confidential,Confidential,No,No,2005-02-01T06:00:00Z
Nebraska,15000000,Natural Resources and Mining and Constru,42700,N/A,N/A,N/A,No,No,2005-02-01T06:00:00Z
Nebraska,20000000,Construction,41500,Confidential,Confidential,Confidential,No,No,2005-02-01T06:00:00Z
Nebraska,30000000,Manufacturing,100508,N/A,N/A,N/A,No,No,2005-02-01T06:00:00Z
Nebraska,31000000,Durable goods,47203,Confidential,Confidential,Confidential,No,No,2005-02-01T06:00:00Z
Nebraska,32000000,Nondurable goods,53305,Confidential,Confidential,Confidential,No,No,2005-02-01T06:00:00Z
Nebraska,40000000,"Trade, transportation, and utilities",196278,N/A,N/A,N/A,No,No,2005-02-01T06:00:00Z
Nebraska,41000000,Wholesale Trade,39765,Confidential,Confidential,Confidential,No,No,2005-02-01T06:00:00Z
Nebraska,42000000,Retail trade,105013,Confidential,Confidential,Confidential,No,No,2005-02-01T06:00:00Z
Nebraska,43000000,Transportation and warehousing,51500,Confidential,Confidential,Confidential,No,No,2005-02-01T06:00:00Z
Nebraska,50000000,Information,20815,Confidential,Confidential,Confidential,No,No,2005-02-01T06:00:00Z
Nebraska,55000000,Financial activities,63800,N/A,N/A,N/A,No,No,2005-02-01T06:00:00Z
Nebraska,60000000,Professional and business services,94343,N/A,N/A,N/A,No,No,2005-02-01T06:00:00Z
Nebraska,65000000,Education and health services,126214,N/A,N/A,N/A,No,No,2005-02-01T06:00:00Z
Nebraska,70000000,Leisure and hospitality,74400,N/A,N/A,N/A,No,No,2005-02-01T06:00:00Z
Nebraska,80000000,Other services,34300,Confidential,Confidential,Confidential,No,No,2005-02-01T06:00:00Z
Nebraska,90000000,Government,161000,Confidential,Confidential,Confidential,No,No,2005-02-01T06:00:00Z
Nebraska,06000000,Goods-producing,145708,N/A,N/A,N/A,No,No,2005-03-01T06:00:00Z
Nebraska,07000000,Service-providing,777272,Confidential,Confidential,Confidential,No,No,2005-03-01T06:00:00Z
Nebraska,08000000,Private service-providing,615372,N/A,N/A,N/A,No,No,2005-03-01T06:00:00Z
Nebraska,10000000,Mining and logging,1300,Confidential,Confidential,Confidential,No,No,2005-03-01T06:00:00Z
Nebraska,15000000,Natural Resources and Mining and Constru,44700,N/A,N/A,N/A,No,No,2005-03-01T06:00:00Z
Nebraska,20000000,Construction,43400,Confidential,Confidential,Confidential,No,No,2005-03-01T06:00:00Z
Nebraska,30000000,Manufacturing,101008,N/A,N/A,N/A,No,No,2005-03-01T06:00:00Z
Nebraska,31000000,Durable goods,47603,Confidential,Confidential,Confidential,No,No,2005-03-01T06:00:00Z
Nebraska,32000000,Nondurable goods,53405,Confidential,Confidential,Confidential,No,No,2005-03-01T06:00:00Z
Nebraska,40000000,"Trade, transportation, and utilities",197883,N/A,N/A,N/A,No,No,2005-03-01T06:00:00Z
Nebraska,41000000,Wholesale Trade,40171,Confidential,Confidential,Confidential,No,No,2005-03-01T06:00:00Z
Nebraska,42000000,Retail trade,105912,Confidential,Confidential,Confidential,No,No,2005-03-01T06:00:00Z
Nebraska,43000000,Transportation and warehousing,51800,Confidential,Confidential,Confidential,No,No,2005-03-01T06:00:00Z
Nebraska,50000000,Information,20718,Confidential,Confidential,Confidential,No,No,2005-03-01T06:00:00Z
Nebraska,55000000,Financial activities,63900,N/A,N/A,N/A,No,No,2005-03-01T06:00:00Z
Nebraska,60000000,Professional and business services,95536,N/A,N/A,N/A,No,No,2005-03-01T06:00:00Z
Nebraska,65000000,Education and health services,126635,N/A,N/A,N/A,No,No,2005-03-01T06:00:00Z
Nebraska,70000000,Leisure and hospitality,76300,N/A,N/A,N/A,No,No,2005-03-01T06:00:00Z
Nebraska,80000000,Other services,34400,Confidential,Confidential,Confidential,No,No,2005-03-01T06:00:00Z
Nebraska,90000000,Government,161900,Confidential,Confidential,Confidential,No,No,2005-03-01T06:00:00Z
Nebraska,06000000,Goods-producing,148308,N/A,N/A,N/A,No,No,2005-04-01T06:00:00Z
Nebraska,07000000,Service-providing,784391,Confidential,Confidential,Confidential,No,No,2005-04-01T06:00:00Z
Nebraska,08000000,Private service-providing,621791,N/A,N/A,N/A,No,No,2005-04-01T06:00:00Z
Nebraska,10000000,Mining and logging,1300,Confidential,Confidential,Confidential,No,No,2005-04-01T06:00:00Z
Nebraska,15000000,Natural Resources and Mining and Constru,47100,N/A,N/A,N/A,No,No,2005-04-01T06:00:00Z
Nebraska,20000000,Construction,45800,Confidential,Confidential,Confidential,No,No,2005-04-01T06:00:00Z
Nebraska,30000000,Manufacturing,101208,N/A,N/A,N/A,No,No,2005-04-01T06:00:00Z
Nebraska,31000000,Durable goods,48003,Confidential,Confidential,Confidential,No,No,2005-04-01T06:00:00Z
Nebraska,32000000,Nondurable goods,53205,Confidential,Confidential,Confidential,No,No,2005-04-01T06:00:00Z
Nebraska,40000000,"Trade, transportation, and utilities",198391,N/A,N/A,N/A,No,No,2005-04-01T06:00:00Z
Nebraska,41000000,Wholesale Trade,40278,Confidential,Confidential,Confidential,No,No,2005-04-01T06:00:00Z
Nebraska,42000000,Retail trade,106513,Confidential,Confidential,Confidential,No,No,2005-04-01T06:00:00Z
Nebraska,43000000,Transportation and warehousing,51600,Confidential,Confidential,Confidential,No,No,2005-04-01T06:00:00Z
Nebraska,50000000,Information,20621,Confidential,Confidential,Confidential,No,No,2005-04-01T06:00:00Z
Nebraska,55000000,Financial activities,64100,N/A,N/A,N/A,No,No,2005-04-01T06:00:00Z
Nebraska,60000000,Professional and business services,97124,N/A,N/A,N/A,No,No,2005-04-01T06:00:00Z
Nebraska,65000000,Education and health services,127755,N/A,N/A,N/A,No,No,2005-04-01T06:00:00Z
Nebraska,70000000,Leisure and hospitality,79300,N/A,N/A,N/A,No,No,2005-04-01T06:00:00Z
Nebraska,80000000,Other services,34500,Confidential,Confidential,Confidential,No,No,2005-04-01T06:00:00Z
Nebraska,90000000,Government,162600,Confidential,Confidential,Confidential,No,No,2005-04-01T06:00:00Z
Nebraska,06000000,Goods-producing,150008,N/A,N/A,N/A,No,No,2005-05-01T05:00:00Z
Nebraska,07000000,Service-providing,790611,Confidential,Confidential,Confidential,No,No,2005-05-01T05:00:00Z
Nebraska,08000000,Private service-providing,626011,N/A,N/A,N/A,No,No,2005-05-01T05:00:00Z
Nebraska,10000000,Mining and logging,1500,Confidential,Confidential,Confidential,No,No,2005-05-01T05:00:00Z
Nebraska,15000000,Natural Resources and Mining and Constru,49000,N/A,N/A,N/A,No,No,2005-05-01T05:00:00Z
Nebraska,20000000,Construction,47500,Confidential,Confidential,Confidential,No,No,2005-05-01T05:00:00Z
Nebraska,30000000,Manufacturing,101008,N/A,N/A,N/A,No,No,2005-05-01T05:00:00Z
Nebraska,31000000,Durable goods,48203,Confidential,Confidential,Confidential,No,No,2005-05-01T05:00:00Z
Nebraska,32000000,Nondurable goods,52805,Confidential,Confidential,Confidential,No,No,2005-05-01T05:00:00Z
Nebraska,40000000,"Trade, transportation, and utilities",200690,N/A,N/A,N/A,No,No,2005-05-01T05:00:00Z
Nebraska,41000000,Wholesale Trade,40676,Confidential,Confidential,Confidential,No,No,2005-05-01T05:00:00Z
Nebraska,42000000,Retail trade,107714,Confidential,Confidential,Confidential,No,No,2005-05-01T05:00:00Z
Nebraska,43000000,Transportation and warehousing,52300,Confidential,Confidential,Confidential,No,No,2005-05-01T05:00:00Z
Nebraska,50000000,Information,20324,Confidential,Confidential,Confidential,No,No,2005-05-01T05:00:00Z
Nebraska,55000000,Financial activities,64500,N/A,N/A,N/A,No,No,2005-05-01T05:00:00Z
Nebraska,60000000,Professional and business services,97321,N/A,N/A,N/A,No,No,2005-05-01T05:00:00Z
Nebraska,65000000,Education and health services,126976,N/A,N/A,N/A,No,No,2005-05-01T05:00:00Z
Nebraska,70000000,Leisure and hospitality,81500,N/A,N/A,N/A,No,No,2005-05-01T05:00:00Z
Nebraska,80000000,Other services,34700,Confidential,Confidential,Confidential,No,No,2005-05-01T05:00:00Z
Nebraska,90000000,Government,164600,Confidential,Confidential,Confidential,No,No,2005-05-01T05:00:00Z
Nebraska,06000000,Goods-producing,152708,N/A,N/A,N/A,No,No,2005-06-01T05:00:00Z
Nebraska,07000000,Service-providing,793331,Confidential,Confidential,Confidential,No,No,2005-06-01T05:00:00Z
Nebraska,08000000,Private service-providing,630031,N/A,N/A,N/A,No,No,2005-06-01T05:00:00Z
Nebraska,10000000,Mining and logging,1400,Confidential,Confidential,Confidential,No,No,2005-06-01T05:00:00Z
Nebraska,15000000,Natural Resources and Mining and Constru,50900,N/A,N/A,N/A,No,No,2005-06-01T05:00:00Z
Nebraska,20000000,Construction,49500,Confidential,Confidential,Confidential,No,No,2005-06-01T05:00:00Z
Nebraska,30000000,Manufacturing,101808,N/A,N/A,N/A,No,No,2005-06-01T05:00:00Z
Nebraska,31000000,Durable goods,48803,Confidential,Confidential,Confidential,No,No,2005-06-01T05:00:00Z
Nebraska,32000000,Nondurable goods,53005,Confidential,Confidential,Confidential,No,No,2005-06-01T05:00:00Z
Nebraska,40000000,"Trade, transportation, and utilities",200788,N/A,N/A,N/A,No,No,2005-06-01T05:00:00Z
Nebraska,41000000,Wholesale Trade,40775,Confidential,Confidential,Confidential,No,No,2005-06-01T05:00:00Z
Nebraska,42000000,Retail trade,107413,Confidential,Confidential,Confidential,No,No,2005-06-01T05:00:00Z
Nebraska,43000000,Transportation and warehousing,52600,Confidential,Confidential,Confidential,No,No,2005-06-01T05:00:00Z
Nebraska,50000000,Information,20627,Confidential,Confidential,Confidential,No,No,2005-06-01T05:00:00Z
Nebraska,55000000,Financial activities,64900,N/A,N/A,N/A,No,No,2005-06-01T05:00:00Z
Nebraska,60000000,Professional and business services,98320,N/A,N/A,N/A,No,No,2005-06-01T05:00:00Z
Nebraska,65000000,Education and health services,127296,N/A,N/A,N/A,No,No,2005-06-01T05:00:00Z
Nebraska,70000000,Leisure and hospitality,83200,N/A,N/A,N/A,No,No,2005-06-01T05:00:00Z
Nebraska,80000000,Other services,34900,Confidential,Confidential,Confidential,No,No,2005-06-01T05:00:00Z
Nebraska,90000000,Government,163300,Confidential,Confidential,Confidential,No,No,2005-06-01T05:00:00Z
Nebraska,06000000,Goods-producing,153308,N/A,N/A,N/A,No,No,2005-07-01T05:00:00Z
Nebraska,07000000,Service-providing,781250,Confidential,Confidential,Confidential,No,No,2005-07-01T05:00:00Z
Nebraska,08000000,Private service-providing,627550,N/A,N/A,N/A,No,No,2005-07-01T05:00:00Z
Nebraska,10000000,Mining and logging,1600,Confidential,Confidential,Confidential,No,No,2005-07-01T05:00:00Z
Nebraska,15000000,Natural Resources and Mining and Constru,51400,N/A,N/A,N/A,No,No,2005-07-01T05:00:00Z
Nebraska,20000000,Construction,49800,Confidential,Confidential,Confidential,No,No,2005-07-01T05:00:00Z
Nebraska,30000000,Manufacturing,101908,N/A,N/A,N/A,No,No,2005-07-01T05:00:00Z
Nebraska,31000000,Durable goods,49003,Confidential,Confidential,Confidential,No,No,2005-07-01T05:00:00Z
Nebraska,32000000,Nondurable goods,52905,Confidential,Confidential,Confidential,No,No,2005-07-01T05:00:00Z
Nebraska,40000000,"Trade, transportation, and utilities",199884,N/A,N/A,N/A,No,No,2005-07-01T05:00:00Z
Nebraska,41000000,Wholesale Trade,41070,Confidential,Confidential,Confidential,No,No,2005-07-01T05:00:00Z
Nebraska,42000000,Retail trade,106814,Confidential,Confidential,Confidential,No,No,2005-07-01T05:00:00Z
Nebraska,43000000,Transportation and warehousing,52000,Confidential,Confidential,Confidential,No,No,2005-07-01T05:00:00Z
Nebraska,50000000,Information,20530,Confidential,Confidential,Confidential,No,No,2005-07-01T05:00:00Z
Nebraska,55000000,Financial activities,64900,N/A,N/A,N/A,No,No,2005-07-01T05:00:00Z
Nebraska,60000000,Professional and business services,98320,N/A,N/A,N/A,No,No,2005-07-01T05:00:00Z
Nebraska,65000000,Education and health services,126516,N/A,N/A,N/A,No,No,2005-07-01T05:00:00Z
Nebraska,70000000,Leisure and hospitality,82500,N/A,N/A,N/A,No,No,2005-07-01T05:00:00Z
Nebraska,80000000,Other services,34900,Confidential,Confidential,Confidential,No,No,2005-07-01T05:00:00Z
Nebraska,90000000,Government,153700,Confidential,Confidential,Confidential,No,No,2005-07-01T05:00:00Z
Nebraska,06000000,Goods-producing,152808,N/A,N/A,N/A,No,No,2005-08-01T05:00:00Z
Nebraska,07000000,Service-providing,781671,Confidential,Confidential,Confidential,No,No,2005-08-01T05:00:00Z
Nebraska,08000000,Private service-providing,628571,N/A,N/A,N/A,No,No,2005-08-01T05:00:00Z
Nebraska,10000000,Mining and logging,1500,Confidential,Confidential,Confidential,No,No,2005-08-01T05:00:00Z
Nebraska,15000000,Natural Resources and Mining and Constru,51100,N/A,N/A,N/A,No,No,2005-08-01T05:00:00Z
Nebraska,20000000,Construction,49600,Confidential,Confidential,Confidential,No,No,2005-08-01T05:00:00Z
Nebraska,30000000,Manufacturing,101708,N/A,N/A,N/A,No,No,2005-08-01T05:00:00Z
Nebraska,31000000,Durable goods,49003,Confidential,Confidential,Confidential,No,No,2005-08-01T05:00:00Z
Nebraska,32000000,Nondurable goods,52705,Confidential,Confidential,Confidential,No,No,2005-08-01T05:00:00Z
Nebraska,40000000,"Trade, transportation, and utilities",199888,N/A,N/A,N/A,No,No,2005-08-01T05:00:00Z
Nebraska,41000000,Wholesale Trade,40574,Confidential,Confidential,Confidential,No,No,2005-08-01T05:00:00Z
Nebraska,42000000,Retail trade,106814,Confidential,Confidential,Confidential,No,No,2005-08-01T05:00:00Z
Nebraska,43000000,Transportation and warehousing,52500,Confidential,Confidential,Confidential,No,No,2005-08-01T05:00:00Z
Nebraska,50000000,Information,20533,Confidential,Confidential,Confidential,No,No,2005-08-01T05:00:00Z
Nebraska,55000000,Financial activities,65000,N/A,N/A,N/A,No,No,2005-08-01T05:00:00Z
Nebraska,60000000,Professional and business services,98813,N/A,N/A,N/A,No,No,2005-08-01T05:00:00Z
Nebraska,65000000,Education and health services,126637,N/A,N/A,N/A,No,No,2005-08-01T05:00:00Z
Nebraska,70000000,Leisure and hospitality,83100,N/A,N/A,N/A,No,No,2005-08-01T05:00:00Z
Nebraska,80000000,Other services,34600,Confidential,Confidential,Confidential,No,No,2005-08-01T05:00:00Z
Nebraska,90000000,Government,153100,Confidential,Confidential,Confidential,No,No,2005-08-01T05:00:00Z
Nebraska,06000000,Goods-producing,151508,N/A,N/A,N/A,No,No,2005-09-01T05:00:00Z
Nebraska,07000000,Service-providing,788588,Confidential,Confidential,Confidential,No,No,2005-09-01T05:00:00Z
Nebraska,08000000,Private service-providing,626788,N/A,N/A,N/A,No,No,2005-09-01T05:00:00Z
Nebraska,10000000,Mining and logging,1500,Confidential,Confidential,Confidential,No,No,2005-09-01T05:00:00Z
Nebraska,15000000,Natural Resources and Mining and Constru,50100,N/A,N/A,N/A,No,No,2005-09-01T05:00:00Z
Nebraska,20000000,Construction,48600,Confidential,Confidential,Confidential,No,No,2005-09-01T05:00:00Z
Nebraska,30000000,Manufacturing,101408,N/A,N/A,N/A,No,No,2005-09-01T05:00:00Z
Nebraska,31000000,Durable goods,48803,Confidential,Confidential,Confidential,No,No,2005-09-01T05:00:00Z
Nebraska,32000000,Nondurable goods,52605,Confidential,Confidential,Confidential,No,No,2005-09-01T05:00:00Z
Nebraska,40000000,"Trade, transportation, and utilities",199487,N/A,N/A,N/A,No,No,2005-09-01T05:00:00Z
Nebraska,41000000,Wholesale Trade,40173,Confidential,Confidential,Confidential,No,No,2005-09-01T05:00:00Z
Nebraska,42000000,Retail trade,106314,Confidential,Confidential,Confidential,No,No,2005-09-01T05:00:00Z
Nebraska,43000000,Transportation and warehousing,53000,Confidential,Confidential,Confidential,No,No,2005-09-01T05:00:00Z
Nebraska,50000000,Information,20335,Confidential,Confidential,Confidential,No,No,2005-09-01T05:00:00Z
Nebraska,55000000,Financial activities,64700,N/A,N/A,N/A,No,No,2005-09-01T05:00:00Z
Nebraska,60000000,Professional and business services,98709,N/A,N/A,N/A,No,No,2005-09-01T05:00:00Z
Nebraska,65000000,Education and health services,128057,N/A,N/A,N/A,No,No,2005-09-01T05:00:00Z
Nebraska,70000000,Leisure and hospitality,81100,N/A,N/A,N/A,No,No,2005-09-01T05:00:00Z
Nebraska,80000000,Other services,34400,Confidential,Confidential,Confidential,No,No,2005-09-01T05:00:00Z
Nebraska,90000000,Government,161800,Confidential,Confidential,Confidential,No,No,2005-09-01T05:00:00Z
Nebraska,06000000,Goods-producing,150908,N/A,N/A,N/A,No,No,2005-10-01T05:00:00Z
Nebraska,07000000,Service-providing,791412,Confidential,Confidential,Confidential,No,No,2005-10-01T05:00:00Z
Nebraska,08000000,Private service-providing,627512,N/A,N/A,N/A,No,No,2005-10-01T05:00:00Z
Nebraska,10000000,Mining and logging,1400,Confidential,Confidential,Confidential,No,No,2005-10-01T05:00:00Z
Nebraska,15000000,Natural Resources and Mining and Constru,49200,N/A,N/A,N/A,No,No,2005-10-01T05:00:00Z
Nebraska,20000000,Construction,47800,Confidential,Confidential,Confidential,No,No,2005-10-01T05:00:00Z
Nebraska,30000000,Manufacturing,101708,N/A,N/A,N/A,No,No,2005-10-01T05:00:00Z
Nebraska,31000000,Durable goods,49003,Confidential,Confidential,Confidential,No,No,2005-10-01T05:00:00Z
Nebraska,32000000,Nondurable goods,52705,Confidential,Confidential,Confidential,No,No,2005-10-01T05:00:00Z
Nebraska,40000000,"Trade, transportation, and utilities",200193,N/A,N/A,N/A,No,No,2005-10-01T05:00:00Z
Nebraska,41000000,Wholesale Trade,40278,Confidential,Confidential,Confidential,No,No,2005-10-01T05:00:00Z
Nebraska,42000000,Retail trade,107215,Confidential,Confidential,Confidential,No,No,2005-10-01T05:00:00Z
Nebraska,43000000,Transportation and warehousing,52700,Confidential,Confidential,Confidential,No,No,2005-10-01T05:00:00Z
Nebraska,50000000,Information,20338,Confidential,Confidential,Confidential,No,No,2005-10-01T05:00:00Z
Nebraska,55000000,Financial activities,64800,N/A,N/A,N/A,No,No,2005-10-01T05:00:00Z
Nebraska,60000000,Professional and business services,100103,N/A,N/A,N/A,No,No,2005-10-01T05:00:00Z
Nebraska,65000000,Education and health services,128378,N/A,N/A,N/A,No,No,2005-10-01T05:00:00Z
Nebraska,70000000,Leisure and hospitality,79400,N/A,N/A,N/A,No,No,2005-10-01T05:00:00Z
Nebraska,80000000,Other services,34300,Confidential,Confidential,Confidential,No,No,2005-10-01T05:00:00Z
Nebraska,90000000,Government,163900,Confidential,Confidential,Confidential,No,No,2005-10-01T05:00:00Z
Nebraska,06000000,Goods-producing,150307,N/A,N/A,N/A,No,No,2005-11-01T06:00:00Z
Nebraska,07000000,Service-providing,795732,Confidential,Confidential,Confidential,No,No,2005-11-01T06:00:00Z
Nebraska,08000000,Private service-providing,631532,N/A,N/A,N/A,No,No,2005-11-01T06:00:00Z
Nebraska,10000000,Mining and logging,1400,Confidential,Confidential,Confidential,No,No,2005-11-01T06:00:00Z
Nebraska,15000000,Natural Resources and Mining and Constru,48500,N/A,N/A,N/A,No,No,2005-11-01T06:00:00Z
Nebraska,20000000,Construction,47100,Confidential,Confidential,Confidential,No,No,2005-11-01T06:00:00Z
Nebraska,30000000,Manufacturing,101807,N/A,N/A,N/A,No,No,2005-11-01T06:00:00Z
Nebraska,31000000,Durable goods,48902,Confidential,Confidential,Confidential,No,No,2005-11-01T06:00:00Z
Nebraska,32000000,Nondurable goods,52905,Confidential,Confidential,Confidential,No,No,2005-11-01T06:00:00Z
Nebraska,40000000,"Trade, transportation, and utilities",203196,N/A,N/A,N/A,No,No,2005-11-01T06:00:00Z
Nebraska,41000000,Wholesale Trade,40181,Confidential,Confidential,Confidential,No,No,2005-11-01T06:00:00Z
Nebraska,42000000,Retail trade,109815,Confidential,Confidential,Confidential,No,No,2005-11-01T06:00:00Z
Nebraska,43000000,Transportation and warehousing,53200,Confidential,Confidential,Confidential,No,No,2005-11-01T06:00:00Z
Nebraska,50000000,Information,20341,Confidential,Confidential,Confidential,No,No,2005-11-01T06:00:00Z
Nebraska,55000000,Financial activities,64700,N/A,N/A,N/A,No,No,2005-11-01T06:00:00Z
Nebraska,60000000,Professional and business services,100297,N/A,N/A,N/A,No,No,2005-11-01T06:00:00Z
Nebraska,65000000,Education and health services,129998,N/A,N/A,N/A,No,No,2005-11-01T06:00:00Z
Nebraska,70000000,Leisure and hospitality,78800,N/A,N/A,N/A,No,No,2005-11-01T06:00:00Z
Nebraska,80000000,Other services,34200,Confidential,Confidential,Confidential,No,No,2005-11-01T06:00:00Z
Nebraska,90000000,Government,164200,Confidential,Confidential,Confidential,No,No,2005-11-01T06:00:00Z
Nebraska,06000000,Goods-producing,148307,N/A,N/A,N/A,No,No,2005-12-01T06:00:00Z
Nebraska,07000000,Service-providing,796051,Confidential,Confidential,Confidential,No,No,2005-12-01T06:00:00Z
Nebraska,08000000,Private service-providing,632751,N/A,N/A,N/A,No,No,2005-12-01T06:00:00Z
Nebraska,10000000,Mining and logging,1200,Confidential,Confidential,Confidential,No,No,2005-12-01T06:00:00Z
Nebraska,15000000,Natural Resources and Mining and Constru,46200,N/A,N/A,N/A,No,No,2005-12-01T06:00:00Z
Nebraska,20000000,Construction,45000,Confidential,Confidential,Confidential,No,No,2005-12-01T06:00:00Z
Nebraska,30000000,Manufacturing,102107,N/A,N/A,N/A,No,No,2005-12-01T06:00:00Z
Nebraska,31000000,Durable goods,49002,Confidential,Confidential,Confidential,No,No,2005-12-01T06:00:00Z
Nebraska,32000000,Nondurable goods,53105,Confidential,Confidential,Confidential,No,No,2005-12-01T06:00:00Z
Nebraska,40000000,"Trade, transportation, and utilities",204894,N/A,N/A,N/A,No,No,2005-12-01T06:00:00Z
Nebraska,41000000,Wholesale Trade,40279,Confidential,Confidential,Confidential,No,No,2005-12-01T06:00:00Z
Nebraska,42000000,Retail trade,111115,Confidential,Confidential,Confidential,No,No,2005-12-01T06:00:00Z
Nebraska,43000000,Transportation and warehousing,53500,Confidential,Confidential,Confidential,No,No,2005-12-01T06:00:00Z
Nebraska,50000000,Information,20444,Confidential,Confidential,Confidential,No,No,2005-12-01T06:00:00Z
Nebraska,55000000,Financial activities,65000,N/A,N/A,N/A,No,No,2005-12-01T06:00:00Z
Nebraska,60000000,Professional and business services,100295,N/A,N/A,N/A,No,No,2005-12-01T06:00:00Z
Nebraska,65000000,Education and health services,129718,N/A,N/A,N/A,No,No,2005-12-01T06:00:00Z
Nebraska,70000000,Leisure and hospitality,78200,N/A,N/A,N/A,No,No,2005-12-01T06:00:00Z
Nebraska,80000000,Other services,34200,Confidential,Confidential,Confidential,No,No,2005-12-01T06:00:00Z
Nebraska,90000000,Government,163300,Confidential,Confidential,Confidential,No,No,2005-12-01T06:00:00Z
Nebraska,06000000,Goods-producing,144907,N/A,N/A,N/A,No,No,2006-01-01T06:00:00Z
Nebraska,07000000,Service-providing,777873,Confidential,Confidential,Confidential,No,No,2006-01-01T06:00:00Z
Nebraska,08000000,Private service-providing,617373,N/A,N/A,N/A,No,No,2006-01-01T06:00:00Z
Nebraska,10000000,Mining and logging,1200,Confidential,Confidential,Confidential,No,No,2006-01-01T06:00:00Z
Nebraska,15000000,Natural Resources and Mining and Constru,43400,N/A,N/A,N/A,No,No,2006-01-01T06:00:00Z
Nebraska,20000000,Construction,42200,Confidential,Confidential,Confidential,No,No,2006-01-01T06:00:00Z
Nebraska,30000000,Manufacturing,101507,N/A,N/A,N/A,No,No,2006-01-01T06:00:00Z
Nebraska,31000000,Durable goods,48702,Confidential,Confidential,Confidential,No,No,2006-01-01T06:00:00Z
Nebraska,32000000,Nondurable goods,52805,Confidential,Confidential,Confidential,No,No,2006-01-01T06:00:00Z
Nebraska,40000000,"Trade, transportation, and utilities",196604,N/A,N/A,N/A,No,No,2006-01-01T06:00:00Z
Nebraska,41000000,Wholesale Trade,39989,Confidential,Confidential,Confidential,No,No,2006-01-01T06:00:00Z
Nebraska,42000000,Retail trade,105015,Confidential,Confidential,Confidential,No,No,2006-01-01T06:00:00Z
Nebraska,43000000,Transportation and warehousing,51600,Confidential,Confidential,Confidential,No,No,2006-01-01T06:00:00Z
Nebraska,50000000,Information,20047,Confidential,Confidential,Confidential,No,No,2006-01-01T06:00:00Z
Nebraska,55000000,Financial activities,64600,N/A,N/A,N/A,No,No,2006-01-01T06:00:00Z
Nebraska,60000000,Professional and business services,97683,N/A,N/A,N/A,No,No,2006-01-01T06:00:00Z
Nebraska,65000000,Education and health services,127639,N/A,N/A,N/A,No,No,2006-01-01T06:00:00Z
Nebraska,70000000,Leisure and hospitality,76800,N/A,N/A,N/A,No,No,2006-01-01T06:00:00Z
Nebraska,80000000,Other services,34000,Confidential,Confidential,Confidential,No,No,2006-01-01T06:00:00Z
Nebraska,90000000,Government,160500,Confidential,Confidential,Confidential,No,No,2006-01-01T06:00:00Z
Nebraska,06000000,Goods-producing,145207,N/A,N/A,N/A,No,No,2006-02-01T06:00:00Z
Nebraska,07000000,Service-providing,782790,Confidential,Confidential,Confidential,No,No,2006-02-01T06:00:00Z
Nebraska,08000000,Private service-providing,620290,N/A,N/A,N/A,No,No,2006-02-01T06:00:00Z
Nebraska,10000000,Mining and logging,1200,Confidential,Confidential,Confidential,No,No,2006-02-01T06:00:00Z
Nebraska,15000000,Natural Resources and Mining and Constru,43500,N/A,N/A,N/A,No,No,2006-02-01T06:00:00Z
Nebraska,20000000,Construction,42300,Confidential,Confidential,Confidential,No,No,2006-02-01T06:00:00Z
Nebraska,30000000,Manufacturing,101707,N/A,N/A,N/A,No,No,2006-02-01T06:00:00Z
Nebraska,31000000,Durable goods,49002,Confidential,Confidential,Confidential,No,No,2006-02-01T06:00:00Z
Nebraska,32000000,Nondurable goods,52705,Confidential,Confidential,Confidential,No,No,2006-02-01T06:00:00Z
Nebraska,40000000,"Trade, transportation, and utilities",195793,N/A,N/A,N/A,No,No,2006-02-01T06:00:00Z
Nebraska,41000000,Wholesale Trade,39978,Confidential,Confidential,Confidential,No,No,2006-02-01T06:00:00Z
Nebraska,42000000,Retail trade,103815,Confidential,Confidential,Confidential,No,No,2006-02-01T06:00:00Z
Nebraska,43000000,Transportation and warehousing,52000,Confidential,Confidential,Confidential,No,No,2006-02-01T06:00:00Z
Nebraska,50000000,Information,19950,Confidential,Confidential,Confidential,No,No,2006-02-01T06:00:00Z
Nebraska,55000000,Financial activities,64900,N/A,N/A,N/A,No,No,2006-02-01T06:00:00Z
Nebraska,60000000,Professional and business services,98488,N/A,N/A,N/A,No,No,2006-02-01T06:00:00Z
Nebraska,65000000,Education and health services,129159,N/A,N/A,N/A,No,No,2006-02-01T06:00:00Z
Nebraska,70000000,Leisure and hospitality,77800,N/A,N/A,N/A,No,No,2006-02-01T06:00:00Z
Nebraska,80000000,Other services,34200,Confidential,Confidential,Confidential,No,No,2006-02-01T06:00:00Z
Nebraska,90000000,Government,162500,Confidential,Confidential,Confidential,No,No,2006-02-01T06:00:00Z
Nebraska,06000000,Goods-producing,146607,N/A,N/A,N/A,No,No,2006-03-01T06:00:00Z
Nebraska,07000000,Service-providing,788111,Confidential,Confidential,Confidential,No,No,2006-03-01T06:00:00Z
Nebraska,08000000,Private service-providing,624811,N/A,N/A,N/A,No,No,2006-03-01T06:00:00Z
Nebraska,10000000,Mining and logging,1200,Confidential,Confidential,Confidential,No,No,2006-03-01T06:00:00Z
Nebraska,15000000,Natural Resources and Mining and Constru,44900,N/A,N/A,N/A,No,No,2006-03-01T06:00:00Z
Nebraska,20000000,Construction,43700,Confidential,Confidential,Confidential,No,No,2006-03-01T06:00:00Z
Nebraska,30000000,Manufacturing,101707,N/A,N/A,N/A,No,No,2006-03-01T06:00:00Z
Nebraska,31000000,Durable goods,49102,Confidential,Confidential,Confidential,No,No,2006-03-01T06:00:00Z
Nebraska,32000000,Nondurable goods,52605,Confidential,Confidential,Confidential,No,No,2006-03-01T06:00:00Z
Nebraska,40000000,"Trade, transportation, and utilities",196892,N/A,N/A,N/A,No,No,2006-03-01T06:00:00Z
Nebraska,41000000,Wholesale Trade,40177,Confidential,Confidential,Confidential,No,No,2006-03-01T06:00:00Z
Nebraska,42000000,Retail trade,104415,Confidential,Confidential,Confidential,No,No,2006-03-01T06:00:00Z
Nebraska,43000000,Transportation and warehousing,52300,Confidential,Confidential,Confidential,No,No,2006-03-01T06:00:00Z
Nebraska,50000000,Information,19953,Confidential,Confidential,Confidential,No,No,2006-03-01T06:00:00Z
Nebraska,55000000,Financial activities,65200,N/A,N/A,N/A,No,No,2006-03-01T06:00:00Z
Nebraska,60000000,Professional and business services,100186,N/A,N/A,N/A,No,No,2006-03-01T06:00:00Z
Nebraska,65000000,Education and health services,129380,N/A,N/A,N/A,No,No,2006-03-01T06:00:00Z
Nebraska,70000000,Leisure and hospitality,78700,N/A,N/A,N/A,No,No,2006-03-01T06:00:00Z
Nebraska,80000000,Other services,34500,Confidential,Confidential,Confidential,No,No,2006-03-01T06:00:00Z
Nebraska,90000000,Government,163300,Confidential,Confidential,Confidential,No,No,2006-03-01T06:00:00Z
Nebraska,06000000,Goods-producing,148907,N/A,N/A,N/A,No,No,2006-04-01T06:00:00Z
Nebraska,07000000,Service-providing,792531,Confidential,Confidential,Confidential,No,No,2006-04-01T06:00:00Z
Nebraska,08000000,Private service-providing,628731,N/A,N/A,N/A,No,No,2006-04-01T06:00:00Z
Nebraska,10000000,Mining and logging,1300,Confidential,Confidential,Confidential,No,No,2006-04-01T06:00:00Z
Nebraska,15000000,Natural Resources and Mining and Constru,47400,N/A,N/A,N/A,No,No,2006-04-01T06:00:00Z
Nebraska,20000000,Construction,46100,Confidential,Confidential,Confidential,No,No,2006-04-01T06:00:00Z
Nebraska,30000000,Manufacturing,101507,N/A,N/A,N/A,No,No,2006-04-01T06:00:00Z
Nebraska,31000000,Durable goods,49402,Confidential,Confidential,Confidential,No,No,2006-04-01T06:00:00Z
Nebraska,32000000,Nondurable goods,52105,Confidential,Confidential,Confidential,No,No,2006-04-01T06:00:00Z
Nebraska,40000000,"Trade, transportation, and utilities",197656,N/A,N/A,N/A,No,No,2006-04-01T06:00:00Z
Nebraska,41000000,Wholesale Trade,40541,Confidential,Confidential,Confidential,No,No,2006-04-01T06:00:00Z
Nebraska,42000000,Retail trade,104815,Confidential,Confidential,Confidential,No,No,2006-04-01T06:00:00Z
Nebraska,43000000,Transportation and warehousing,52300,Confidential,Confidential,Confidential,No,No,2006-04-01T06:00:00Z
Nebraska,50000000,Information,19956,Confidential,Confidential,Confidential,No,No,2006-04-01T06:00:00Z
Nebraska,55000000,Financial activities,65700,N/A,N/A,N/A,No,No,2006-04-01T06:00:00Z
Nebraska,60000000,Professional and business services,101019,N/A,N/A,N/A,No,No,2006-04-01T06:00:00Z
Nebraska,65000000,Education and health services,129300,N/A,N/A,N/A,No,No,2006-04-01T06:00:00Z
Nebraska,70000000,Leisure and hospitality,80500,N/A,N/A,N/A,No,No,2006-04-01T06:00:00Z
Nebraska,80000000,Other services,34600,Confidential,Confidential,Confidential,No,No,2006-04-01T06:00:00Z
Nebraska,90000000,Government,163800,Confidential,Confidential,Confidential,No,No,2006-04-01T06:00:00Z
Nebraska,06000000,Goods-producing,150207,N/A,N/A,N/A,No,No,2006-05-01T05:00:00Z
Nebraska,07000000,Service-providing,800950,Confidential,Confidential,Confidential,No,No,2006-05-01T05:00:00Z
Nebraska,08000000,Private service-providing,634950,N/A,N/A,N/A,No,No,2006-05-01T05:00:00Z
Nebraska,10000000,Mining and logging,1300,Confidential,Confidential,Confidential,No,No,2006-05-01T05:00:00Z
Nebraska,15000000,Natural Resources and Mining and Constru,49200,N/A,N/A,N/A,No,No,2006-05-01T05:00:00Z
Nebraska,20000000,Construction,47900,Confidential,Confidential,Confidential,No,No,2006-05-01T05:00:00Z
Nebraska,30000000,Manufacturing,101007,N/A,N/A,N/A,No,No,2006-05-01T05:00:00Z
Nebraska,31000000,Durable goods,49602,Confidential,Confidential,Confidential,No,No,2006-05-01T05:00:00Z
Nebraska,32000000,Nondurable goods,51405,Confidential,Confidential,Confidential,No,No,2006-05-01T05:00:00Z
Nebraska,40000000,"Trade, transportation, and utilities",200058,N/A,N/A,N/A,No,No,2006-05-01T05:00:00Z
Nebraska,41000000,Wholesale Trade,40943,Confidential,Confidential,Confidential,No,No,2006-05-01T05:00:00Z
Nebraska,42000000,Retail trade,106115,Confidential,Confidential,Confidential,No,No,2006-05-01T05:00:00Z
Nebraska,43000000,Transportation and warehousing,53000,Confidential,Confidential,Confidential,No,No,2006-05-01T05:00:00Z
Nebraska,50000000,Information,19859,Confidential,Confidential,Confidential,No,No,2006-05-01T05:00:00Z
Nebraska,55000000,Financial activities,66400,N/A,N/A,N/A,No,No,2006-05-01T05:00:00Z
Nebraska,60000000,Professional and business services,102113,N/A,N/A,N/A,No,No,2006-05-01T05:00:00Z
Nebraska,65000000,Education and health services,129520,N/A,N/A,N/A,No,No,2006-05-01T05:00:00Z
Nebraska,70000000,Leisure and hospitality,82500,N/A,N/A,N/A,No,No,2006-05-01T05:00:00Z
Nebraska,80000000,Other services,34500,Confidential,Confidential,Confidential,No,No,2006-05-01T05:00:00Z
Nebraska,90000000,Government,166000,Confidential,Confidential,Confidential,No,No,2006-05-01T05:00:00Z
Nebraska,06000000,Goods-producing,153007,N/A,N/A,N/A,No,No,2006-06-01T05:00:00Z
Nebraska,07000000,Service-providing,805172,Confidential,Confidential,Confidential,No,No,2006-06-01T05:00:00Z
Nebraska,08000000,Private service-providing,639972,N/A,N/A,N/A,No,No,2006-06-01T05:00:00Z
Nebraska,10000000,Mining and logging,1200,Confidential,Confidential,Confidential,No,No,2006-06-01T05:00:00Z
Nebraska,15000000,Natural Resources and Mining and Constru,51200,N/A,N/A,N/A,No,No,2006-06-01T05:00:00Z
Nebraska,20000000,Construction,50000,Confidential,Confidential,Confidential,No,No,2006-06-01T05:00:00Z
Nebraska,30000000,Manufacturing,101807,N/A,N/A,N/A,No,No,2006-06-01T05:00:00Z
Nebraska,31000000,Durable goods,50202,Confidential,Confidential,Confidential,No,No,2006-06-01T05:00:00Z
Nebraska,32000000,Nondurable goods,51605,Confidential,Confidential,Confidential,No,No,2006-06-01T05:00:00Z
Nebraska,40000000,"Trade, transportation, and utilities",200464,N/A,N/A,N/A,No,No,2006-06-01T05:00:00Z
Nebraska,41000000,Wholesale Trade,41150,Confidential,Confidential,Confidential,No,No,2006-06-01T05:00:00Z
Nebraska,42000000,Retail trade,106114,Confidential,Confidential,Confidential,No,No,2006-06-01T05:00:00Z
Nebraska,43000000,Transportation and warehousing,53200,Confidential,Confidential,Confidential,No,No,2006-06-01T05:00:00Z
Nebraska,50000000,Information,20062,Confidential,Confidential,Confidential,No,No,2006-06-01T05:00:00Z
Nebraska,55000000,Financial activities,67200,N/A,N/A,N/A,No,No,2006-06-01T05:00:00Z
Nebraska,60000000,Professional and business services,104205,N/A,N/A,N/A,No,No,2006-06-01T05:00:00Z
Nebraska,65000000,Education and health services,129641,N/A,N/A,N/A,No,No,2006-06-01T05:00:00Z
Nebraska,70000000,Leisure and hospitality,83600,N/A,N/A,N/A,No,No,2006-06-01T05:00:00Z
Nebraska,80000000,Other services,34800,Confidential,Confidential,Confidential,No,No,2006-06-01T05:00:00Z
Nebraska,90000000,Government,165200,Confidential,Confidential,Confidential,No,No,2006-06-01T05:00:00Z
Nebraska,06000000,Goods-producing,153107,N/A,N/A,N/A,No,No,2006-07-01T05:00:00Z
Nebraska,07000000,Service-providing,790592,Confidential,Confidential,Confidential,No,No,2006-07-01T05:00:00Z
Nebraska,08000000,Private service-providing,636892,N/A,N/A,N/A,No,No,2006-07-01T05:00:00Z
Nebraska,10000000,Mining and logging,1200,Confidential,Confidential,Confidential,No,No,2006-07-01T05:00:00Z
Nebraska,15000000,Natural Resources and Mining and Constru,51300,N/A,N/A,N/A,No,No,2006-07-01T05:00:00Z
Nebraska,20000000,Construction,50100,Confidential,Confidential,Confidential,No,No,2006-07-01T05:00:00Z
Nebraska,30000000,Manufacturing,101807,N/A,N/A,N/A,No,No,2006-07-01T05:00:00Z
Nebraska,31000000,Durable goods,50202,Confidential,Confidential,Confidential,No,No,2006-07-01T05:00:00Z
Nebraska,32000000,Nondurable goods,51605,Confidential,Confidential,Confidential,No,No,2006-07-01T05:00:00Z
Nebraska,40000000,"Trade, transportation, and utilities",199767,N/A,N/A,N/A,No,No,2006-07-01T05:00:00Z
Nebraska,41000000,Wholesale Trade,41053,Confidential,Confidential,Confidential,No,No,2006-07-01T05:00:00Z
Nebraska,42000000,Retail trade,105714,Confidential,Confidential,Confidential,No,No,2006-07-01T05:00:00Z
Nebraska,43000000,Transportation and warehousing,53000,Confidential,Confidential,Confidential,No,No,2006-07-01T05:00:00Z
Nebraska,50000000,Information,19965,Confidential,Confidential,Confidential,No,No,2006-07-01T05:00:00Z
Nebraska,55000000,Financial activities,67400,N/A,N/A,N/A,No,No,2006-07-01T05:00:00Z
Nebraska,60000000,Professional and business services,103599,N/A,N/A,N/A,No,No,2006-07-01T05:00:00Z
Nebraska,65000000,Education and health services,128361,N/A,N/A,N/A,No,No,2006-07-01T05:00:00Z
Nebraska,70000000,Leisure and hospitality,83000,N/A,N/A,N/A,No,No,2006-07-01T05:00:00Z
Nebraska,80000000,Other services,34800,Confidential,Confidential,Confidential,No,No,2006-07-01T05:00:00Z
Nebraska,90000000,Government,153700,Confidential,Confidential,Confidential,No,No,2006-07-01T05:00:00Z
Nebraska,06000000,Goods-producing,152707,N/A,N/A,N/A,No,No,2006-08-01T05:00:00Z
Nebraska,07000000,Service-providing,792013,Confidential,Confidential,Confidential,No,No,2006-08-01T05:00:00Z
Nebraska,08000000,Private service-providing,637913,N/A,N/A,N/A,No,No,2006-08-01T05:00:00Z
Nebraska,10000000,Mining and logging,1200,Confidential,Confidential,Confidential,No,No,2006-08-01T05:00:00Z
Nebraska,15000000,Natural Resources and Mining and Constru,51100,N/A,N/A,N/A,No,No,2006-08-01T05:00:00Z
Nebraska,20000000,Construction,49900,Confidential,Confidential,Confidential,No,No,2006-08-01T05:00:00Z
Nebraska,30000000,Manufacturing,101607,N/A,N/A,N/A,No,No,2006-08-01T05:00:00Z
Nebraska,31000000,Durable goods,50102,Confidential,Confidential,Confidential,No,No,2006-08-01T05:00:00Z
Nebraska,32000000,Nondurable goods,51505,Confidential,Confidential,Confidential,No,No,2006-08-01T05:00:00Z
Nebraska,40000000,"Trade, transportation, and utilities",200271,N/A,N/A,N/A,No,No,2006-08-01T05:00:00Z
Nebraska,41000000,Wholesale Trade,40657,Confidential,Confidential,Confidential,No,No,2006-08-01T05:00:00Z
Nebraska,42000000,Retail trade,105914,Confidential,Confidential,Confidential,No,No,2006-08-01T05:00:00Z
Nebraska,43000000,Transportation and warehousing,53700,Confidential,Confidential,Confidential,No,No,2006-08-01T05:00:00Z
Nebraska,50000000,Information,19868,Confidential,Confidential,Confidential,No,No,2006-08-01T05:00:00Z
Nebraska,55000000,Financial activities,67600,N/A,N/A,N/A,No,No,2006-08-01T05:00:00Z
Nebraska,60000000,Professional and business services,103192,N/A,N/A,N/A,No,No,2006-08-01T05:00:00Z
Nebraska,65000000,Education and health services,129382,N/A,N/A,N/A,No,No,2006-08-01T05:00:00Z
Nebraska,70000000,Leisure and hospitality,83300,N/A,N/A,N/A,No,No,2006-08-01T05:00:00Z
Nebraska,80000000,Other services,34300,Confidential,Confidential,Confidential,No,No,2006-08-01T05:00:00Z
Nebraska,90000000,Government,154100,Confidential,Confidential,Confidential,No,No,2006-08-01T05:00:00Z
Nebraska,06000000,Goods-producing,152107,N/A,N/A,N/A,No,No,2006-09-01T05:00:00Z
Nebraska,07000000,Service-providing,799332,Confidential,Confidential,Confidential,No,No,2006-09-01T05:00:00Z
Nebraska,08000000,Private service-providing,636632,N/A,N/A,N/A,No,No,2006-09-01T05:00:00Z
Nebraska,10000000,Mining and logging,1000,Confidential,Confidential,Confidential,No,No,2006-09-01T05:00:00Z
Nebraska,15000000,Natural Resources and Mining and Constru,50800,N/A,N/A,N/A,No,No,2006-09-01T05:00:00Z
Nebraska,20000000,Construction,49800,Confidential,Confidential,Confidential,No,No,2006-09-01T05:00:00Z
Nebraska,30000000,Manufacturing,101307,N/A,N/A,N/A,No,No,2006-09-01T05:00:00Z
Nebraska,31000000,Durable goods,49902,Confidential,Confidential,Confidential,No,No,2006-09-01T05:00:00Z
Nebraska,32000000,Nondurable goods,51405,Confidential,Confidential,Confidential,No,No,2006-09-01T05:00:00Z
Nebraska,40000000,"Trade, transportation, and utilities",200567,N/A,N/A,N/A,No,No,2006-09-01T05:00:00Z
Nebraska,41000000,Wholesale Trade,40452,Confidential,Confidential,Confidential,No,No,2006-09-01T05:00:00Z
Nebraska,42000000,Retail trade,105715,Confidential,Confidential,Confidential,No,No,2006-09-01T05:00:00Z
Nebraska,43000000,Transportation and warehousing,54400,Confidential,Confidential,Confidential,No,No,2006-09-01T05:00:00Z
Nebraska,50000000,Information,19671,Confidential,Confidential,Confidential,No,No,2006-09-01T05:00:00Z
Nebraska,55000000,Financial activities,67200,N/A,N/A,N/A,No,No,2006-09-01T05:00:00Z
Nebraska,60000000,Professional and business services,102692,N/A,N/A,N/A,No,No,2006-09-01T05:00:00Z
Nebraska,65000000,Education and health services,130602,N/A,N/A,N/A,No,No,2006-09-01T05:00:00Z
Nebraska,70000000,Leisure and hospitality,81600,N/A,N/A,N/A,No,No,2006-09-01T05:00:00Z
Nebraska,80000000,Other services,34300,Confidential,Confidential,Confidential,No,No,2006-09-01T05:00:00Z
Nebraska,90000000,Government,162700,Confidential,Confidential,Confidential,No,No,2006-09-01T05:00:00Z
Nebraska,06000000,Goods-producing,151507,N/A,N/A,N/A,No,No,2006-10-01T05:00:00Z
Nebraska,07000000,Service-providing,801553,Confidential,Confidential,Confidential,No,No,2006-10-01T05:00:00Z
Nebraska,08000000,Private service-providing,637053,N/A,N/A,N/A,No,No,2006-10-01T05:00:00Z
Nebraska,10000000,Mining and logging,1000,Confidential,Confidential,Confidential,No,No,2006-10-01T05:00:00Z
Nebraska,15000000,Natural Resources and Mining and Constru,50100,N/A,N/A,N/A,No,No,2006-10-01T05:00:00Z
Nebraska,20000000,Construction,49100,Confidential,Confidential,Confidential,No,No,2006-10-01T05:00:00Z
Nebraska,30000000,Manufacturing,101407,N/A,N/A,N/A,No,No,2006-10-01T05:00:00Z
Nebraska,31000000,Durable goods,49902,Confidential,Confidential,Confidential,No,No,2006-10-01T05:00:00Z
Nebraska,32000000,Nondurable goods,51505,Confidential,Confidential,Confidential,No,No,2006-10-01T05:00:00Z
Nebraska,40000000,"Trade, transportation, and utilities",201867,N/A,N/A,N/A,No,No,2006-10-01T05:00:00Z
Nebraska,41000000,Wholesale Trade,40352,Confidential,Confidential,Confidential,No,No,2006-10-01T05:00:00Z
Nebraska,42000000,Retail trade,107015,Confidential,Confidential,Confidential,No,No,2006-10-01T05:00:00Z
Nebraska,43000000,Transportation and warehousing,54500,Confidential,Confidential,Confidential,No,No,2006-10-01T05:00:00Z
Nebraska,50000000,Information,19474,Confidential,Confidential,Confidential,No,No,2006-10-01T05:00:00Z
Nebraska,55000000,Financial activities,67400,N/A,N/A,N/A,No,No,2006-10-01T05:00:00Z
Nebraska,60000000,Professional and business services,102290,N/A,N/A,N/A,No,No,2006-10-01T05:00:00Z
Nebraska,65000000,Education and health services,130522,N/A,N/A,N/A,No,No,2006-10-01T05:00:00Z
Nebraska,70000000,Leisure and hospitality,80900,N/A,N/A,N/A,No,No,2006-10-01T05:00:00Z
Nebraska,80000000,Other services,34600,Confidential,Confidential,Confidential,No,No,2006-10-01T05:00:00Z
Nebraska,90000000,Government,164500,Confidential,Confidential,Confidential,No,No,2006-10-01T05:00:00Z
Nebraska,06000000,Goods-producing,150507,N/A,N/A,N/A,No,No,2006-11-01T06:00:00Z
Nebraska,07000000,Service-providing,807774,Confidential,Confidential,Confidential,No,No,2006-11-01T06:00:00Z
Nebraska,08000000,Private service-providing,642574,N/A,N/A,N/A,No,No,2006-11-01T06:00:00Z
Nebraska,10000000,Mining and logging,900,Confidential,Confidential,Confidential,No,No,2006-11-01T06:00:00Z
Nebraska,15000000,Natural Resources and Mining and Constru,49400,N/A,N/A,N/A,No,No,2006-11-01T06:00:00Z
Nebraska,20000000,Construction,48500,Confidential,Confidential,Confidential,No,No,2006-11-01T06:00:00Z
Nebraska,30000000,Manufacturing,101107,N/A,N/A,N/A,No,No,2006-11-01T06:00:00Z
Nebraska,31000000,Durable goods,49802,Confidential,Confidential,Confidential,No,No,2006-11-01T06:00:00Z
Nebraska,32000000,Nondurable goods,51305,Confidential,Confidential,Confidential,No,No,2006-11-01T06:00:00Z
Nebraska,40000000,"Trade, transportation, and utilities",205771,N/A,N/A,N/A,No,No,2006-11-01T06:00:00Z
Nebraska,41000000,Wholesale Trade,40356,Confidential,Confidential,Confidential,No,No,2006-11-01T06:00:00Z
Nebraska,42000000,Retail trade,110515,Confidential,Confidential,Confidential,No,No,2006-11-01T06:00:00Z
Nebraska,43000000,Transportation and warehousing,54900,Confidential,Confidential,Confidential,No,No,2006-11-01T06:00:00Z
Nebraska,50000000,Information,19577,Confidential,Confidential,Confidential,No,No,2006-11-01T06:00:00Z
Nebraska,55000000,Financial activities,67800,N/A,N/A,N/A,No,No,2006-11-01T06:00:00Z
Nebraska,60000000,Professional and business services,102283,N/A,N/A,N/A,No,No,2006-11-01T06:00:00Z
Nebraska,65000000,Education and health services,132643,N/A,N/A,N/A,No,No,2006-11-01T06:00:00Z
Nebraska,70000000,Leisure and hospitality,80000,N/A,N/A,N/A,No,No,2006-11-01T06:00:00Z
Nebraska,80000000,Other services,34500,Confidential,Confidential,Confidential,No,No,2006-11-01T06:00:00Z
Nebraska,90000000,Government,165200,Confidential,Confidential,Confidential,No,No,2006-11-01T06:00:00Z
Nebraska,06000000,Goods-producing,149207,40.5,$18.03,$730.22,No,No,2006-12-01T06:00:00Z
Nebraska,07000000,Service-providing,808593,Confidential,Confidential,Confidential,No,No,2006-12-01T06:00:00Z
Nebraska,08000000,Private service-providing,644293,28.2,$20.55,$579.51,No,No,2006-12-01T06:00:00Z
Nebraska,10000000,Mining and logging,800,Confidential,Confidential,Confidential,No,No,2006-12-01T06:00:00Z
Nebraska,15000000,Natural Resources and Mining and Constru,48000,39.5,$18.27,$721.67,No,No,2006-12-01T06:00:00Z
Nebraska,20000000,Construction,47200,Confidential,Confidential,Confidential,No,No,2006-12-01T06:00:00Z
Nebraska,30000000,Manufacturing,101207,40.9,$17.92,$732.93,No,No,2006-12-01T06:00:00Z
Nebraska,31000000,Durable goods,49902,Confidential,Confidential,Confidential,No,No,2006-12-01T06:00:00Z
Nebraska,32000000,Nondurable goods,51305,Confidential,Confidential,Confidential,No,No,2006-12-01T06:00:00Z
Nebraska,40000000,"Trade, transportation, and utilities",207872,30.9,$17.93,$554.04,No,No,2006-12-01T06:00:00Z
Nebraska,41000000,Wholesale Trade,40656,Confidential,Confidential,Confidential,No,No,2006-12-01T06:00:00Z
Nebraska,42000000,Retail trade,111916,Confidential,Confidential,Confidential,No,No,2006-12-01T06:00:00Z
Nebraska,43000000,Transportation and warehousing,55300,Confidential,Confidential,Confidential,No,No,2006-12-01T06:00:00Z
Nebraska,50000000,Information,19680,Confidential,Confidential,Confidential,No,No,2006-12-01T06:00:00Z
Nebraska,55000000,Financial activities,68500,37.0,$26.24,$970.88,No,No,2006-12-01T06:00:00Z
Nebraska,60000000,Professional and business services,101878,32.1,$23.71,$761.09,No,No,2006-12-01T06:00:00Z
Nebraska,65000000,Education and health services,131563,32.9,$22.57,$742.55,No,No,2006-12-01T06:00:00Z
Nebraska,70000000,Leisure and hospitality,80400,20.1,$9.94,$199.79,No,No,2006-12-01T06:00:00Z
Nebraska,80000000,Other services,34400,Confidential,Confidential,Confidential,No,No,2006-12-01T06:00:00Z
Nebraska,90000000,Government,164300,Confidential,Confidential,Confidential,No,No,2006-12-01T06:00:00Z
Nebraska,06000000,Goods-producing,144707,40.7,$17.96,$730.97,No,No,2007-01-01T06:00:00Z
Nebraska,07000000,Service-providing,791614,Confidential,Confidential,Confidential,No,No,2007-01-01T06:00:00Z
Nebraska,08000000,Private service-providing,629914,31.3,$20.50,$641.65,No,No,2007-01-01T06:00:00Z
Nebraska,10000000,Mining and logging,800,Confidential,Confidential,Confidential,No,No,2007-01-01T06:00:00Z
Nebraska,15000000,Natural Resources and Mining and Constru,44700,38.1,$18.69,$712.09,No,No,2007-01-01T06:00:00Z
Nebraska,20000000,Construction,43900,Confidential,Confidential,Confidential,No,No,2007-01-01T06:00:00Z
Nebraska,30000000,Manufacturing,100007,41.9,$17.66,$739.95,No,No,2007-01-01T06:00:00Z
Nebraska,31000000,Durable goods,49502,Confidential,Confidential,Confidential,No,No,2007-01-01T06:00:00Z
Nebraska,32000000,Nondurable goods,50505,Confidential,Confidential,Confidential,No,No,2007-01-01T06:00:00Z
Nebraska,40000000,"Trade, transportation, and utilities",200676,30.8,$16.61,$511.59,No,No,2007-01-01T06:00:00Z
Nebraska,41000000,Wholesale Trade,39661,Confidential,Confidential,Confidential,No,No,2007-01-01T06:00:00Z
Nebraska,42000000,Retail trade,105615,Confidential,Confidential,Confidential,No,No,2007-01-01T06:00:00Z
Nebraska,43000000,Transportation and warehousing,55400,Confidential,Confidential,Confidential,No,No,2007-01-01T06:00:00Z
Nebraska,50000000,Information,19483,Confidential,Confidential,Confidential,No,No,2007-01-01T06:00:00Z
Nebraska,55000000,Financial activities,67700,36.9,$25.58,$943.90,No,No,2007-01-01T06:00:00Z
Nebraska,60000000,Professional and business services,100271,31.2,$24.10,$751.92,No,No,2007-01-01T06:00:00Z
Nebraska,65000000,Education and health services,129884,32.2,$21.98,$707.76,No,No,2007-01-01T06:00:00Z
Nebraska,70000000,Leisure and hospitality,77700,20.1,$9.76,$196.18,No,No,2007-01-01T06:00:00Z
Nebraska,80000000,Other services,34200,Confidential,Confidential,Confidential,No,No,2007-01-01T06:00:00Z
Nebraska,90000000,Government,161700,Confidential,Confidential,Confidential,No,No,2007-01-01T06:00:00Z
Nebraska,06000000,Goods-producing,144407,39.7,$18.14,$720.16,No,No,2007-02-01T06:00:00Z
Nebraska,07000000,Service-providing,795034,Confidential,Confidential,Confidential,No,No,2007-02-01T06:00:00Z
Nebraska,08000000,Private service-providing,631734,31.5,$20.43,$643.55,No,No,2007-02-01T06:00:00Z
Nebraska,10000000,Mining and logging,700,Confidential,Confidential,Confidential,No,No,2007-02-01T06:00:00Z
Nebraska,15000000,Natural Resources and Mining and Constru,44000,36.4,$18.83,$685.41,No,No,2007-02-01T06:00:00Z
Nebraska,20000000,Construction,43300,Confidential,Confidential,Confidential,No,No,2007-02-01T06:00:00Z
Nebraska,30000000,Manufacturing,100407,41.2,$17.87,$736.24,No,No,2007-02-01T06:00:00Z
Nebraska,31000000,Durable goods,49402,Confidential,Confidential,Confidential,No,No,2007-02-01T06:00:00Z
Nebraska,32000000,Nondurable goods,51005,Confidential,Confidential,Confidential,No,No,2007-02-01T06:00:00Z
Nebraska,40000000,"Trade, transportation, and utilities",199675,31.2,$16.45,$513.24,No,No,2007-02-01T06:00:00Z
Nebraska,41000000,Wholesale Trade,39560,Confidential,Confidential,Confidential,No,No,2007-02-01T06:00:00Z
Nebraska,42000000,Retail trade,104515,Confidential,Confidential,Confidential,No,No,2007-02-01T06:00:00Z
Nebraska,43000000,Transportation and warehousing,55600,Confidential,Confidential,Confidential,No,No,2007-02-01T06:00:00Z
Nebraska,50000000,Information,19486,Confidential,Confidential,Confidential,No,No,2007-02-01T06:00:00Z
Nebraska,55000000,Financial activities,68200,36.9,$25.95,$957.56,No,No,2007-02-01T06:00:00Z
Nebraska,60000000,Professional and business services,100969,31.9,$23.77,$758.26,No,No,2007-02-01T06:00:00Z
Nebraska,65000000,Education and health services,131304,32.3,$21.99,$710.28,No,No,2007-02-01T06:00:00Z
Nebraska,70000000,Leisure and hospitality,77800,20.9,$9.86,$206.07,No,No,2007-02-01T06:00:00Z
Nebraska,80000000,Other services,34300,Confidential,Confidential,Confidential,No,No,2007-02-01T06:00:00Z
Nebraska,90000000,Government,163300,Confidential,Confidential,Confidential,No,No,2007-02-01T06:00:00Z
Nebraska,06000000,Goods-producing,146606,41.5,$17.98,$746.17,No,No,2007-03-01T06:00:00Z
Nebraska,07000000,Service-providing,799654,Confidential,Confidential,Confidential,No,No,2007-03-01T06:00:00Z
Nebraska,08000000,Private service-providing,635954,31.3,$20.50,$641.65,No,No,2007-03-01T06:00:00Z
Nebraska,10000000,Mining and logging,900,Confidential,Confidential,Confidential,No,No,2007-03-01T06:00:00Z
Nebraska,15000000,Natural Resources and Mining and Constru,46200,39.9,$18.41,$734.56,No,No,2007-03-01T06:00:00Z
Nebraska,20000000,Construction,45300,Confidential,Confidential,Confidential,No,No,2007-03-01T06:00:00Z
Nebraska,30000000,Manufacturing,100406,42.2,$17.79,$750.74,No,No,2007-03-01T06:00:00Z
Nebraska,31000000,Durable goods,49702,Confidential,Confidential,Confidential,No,No,2007-03-01T06:00:00Z
Nebraska,32000000,Nondurable goods,50704,Confidential,Confidential,Confidential,No,No,2007-03-01T06:00:00Z
Nebraska,40000000,"Trade, transportation, and utilities",200872,31.0,$16.45,$509.95,No,No,2007-03-01T06:00:00Z
Nebraska,41000000,Wholesale Trade,39957,Confidential,Confidential,Confidential,No,No,2007-03-01T06:00:00Z
Nebraska,42000000,Retail trade,105215,Confidential,Confidential,Confidential,No,No,2007-03-01T06:00:00Z
Nebraska,43000000,Transportation and warehousing,55700,Confidential,Confidential,Confidential,No,No,2007-03-01T06:00:00Z
Nebraska,50000000,Information,19488,Confidential,Confidential,Confidential,No,No,2007-03-01T06:00:00Z
Nebraska,55000000,Financial activities,68400,36.7,$25.01,$917.87,No,No,2007-03-01T06:00:00Z
Nebraska,60000000,Professional and business services,101769,31.9,$24.40,$778.36,No,No,2007-03-01T06:00:00Z
Nebraska,65000000,Education and health services,131525,32.5,$22.40,$728.00,No,No,2007-03-01T06:00:00Z
Nebraska,70000000,Leisure and hospitality,79200,20.1,$9.81,$197.18,No,No,2007-03-01T06:00:00Z
Nebraska,80000000,Other services,34700,Confidential,Confidential,Confidential,No,No,2007-03-01T06:00:00Z
Nebraska,90000000,Government,163700,Confidential,Confidential,Confidential,No,No,2007-03-01T06:00:00Z
Nebraska,06000000,Goods-producing,149706,40.9,$18.49,$756.24,No,No,2007-04-01T05:00:00Z
Nebraska,07000000,Service-providing,806774,Confidential,Confidential,Confidential,No,No,2007-04-01T05:00:00Z
Nebraska,08000000,Private service-providing,642574,31.9,$20.86,$665.43,No,No,2007-04-01T05:00:00Z
Nebraska,10000000,Mining and logging,900,Confidential,Confidential,Confidential,No,No,2007-04-01T05:00:00Z
Nebraska,15000000,Natural Resources and Mining and Constru,49100,39.4,$18.48,$728.11,No,No,2007-04-01T05:00:00Z
Nebraska,20000000,Construction,48200,Confidential,Confidential,Confidential,No,No,2007-04-01T05:00:00Z
Nebraska,30000000,Manufacturing,100606,41.6,$18.49,$769.18,No,No,2007-04-01T05:00:00Z
Nebraska,31000000,Durable goods,49802,Confidential,Confidential,Confidential,No,No,2007-04-01T05:00:00Z
Nebraska,32000000,Nondurable goods,50804,Confidential,Confidential,Confidential,No,No,2007-04-01T05:00:00Z
Nebraska,40000000,"Trade, transportation, and utilities",202170,31.0,$16.92,$524.52,No,No,2007-04-01T05:00:00Z
Nebraska,41000000,Wholesale Trade,40555,Confidential,Confidential,Confidential,No,No,2007-04-01T05:00:00Z
Nebraska,42000000,Retail trade,106115,Confidential,Confidential,Confidential,No,No,2007-04-01T05:00:00Z
Nebraska,43000000,Transportation and warehousing,55500,Confidential,Confidential,Confidential,No,No,2007-04-01T05:00:00Z
Nebraska,50000000,Information,19791,Confidential,Confidential,Confidential,No,No,2007-04-01T05:00:00Z
Nebraska,55000000,Financial activities,68400,38.0,$26.27,$998.26,No,No,2007-04-01T05:00:00Z
Nebraska,60000000,Professional and business services,102968,32.5,$24.37,$792.03,No,No,2007-04-01T05:00:00Z
Nebraska,65000000,Education and health services,132245,33.6,$22.28,$748.61,No,No,2007-04-01T05:00:00Z
Nebraska,70000000,Leisure and hospitality,82100,20.7,$10.05,$208.04,No,No,2007-04-01T05:00:00Z
Nebraska,80000000,Other services,34900,Confidential,Confidential,Confidential,No,No,2007-04-01T05:00:00Z
Nebraska,90000000,Government,164200,Confidential,Confidential,Confidential,No,No,2007-04-01T05:00:00Z
Nebraska,06000000,Goods-producing,152107,41.4,$18.25,$755.55,No,No,2007-05-01T05:00:00Z
Nebraska,07000000,Service-providing,816392,Confidential,Confidential,Confidential,No,No,2007-05-01T05:00:00Z
Nebraska,08000000,Private service-providing,649392,31.5,$20.49,$645.44,No,No,2007-05-01T05:00:00Z
Nebraska,10000000,Mining and logging,900,Confidential,Confidential,Confidential,No,No,2007-05-01T05:00:00Z
Nebraska,15000000,Natural Resources and Mining and Constru,50900,41.4,$18.10,$749.34,No,No,2007-05-01T05:00:00Z
Nebraska,20000000,Construction,50000,Confidential,Confidential,Confidential,No,No,2007-05-01T05:00:00Z
Nebraska,30000000,Manufacturing,101207,41.4,$18.32,$758.45,No,No,2007-05-01T05:00:00Z
Nebraska,31000000,Durable goods,50102,Confidential,Confidential,Confidential,No,No,2007-05-01T05:00:00Z
Nebraska,32000000,Nondurable goods,51105,Confidential,Confidential,Confidential,No,No,2007-05-01T05:00:00Z
Nebraska,40000000,"Trade, transportation, and utilities",204768,31.5,$16.67,$525.11,No,No,2007-05-01T05:00:00Z
Nebraska,41000000,Wholesale Trade,40953,Confidential,Confidential,Confidential,No,No,2007-05-01T05:00:00Z
Nebraska,42000000,Retail trade,107915,Confidential,Confidential,Confidential,No,No,2007-05-01T05:00:00Z
Nebraska,43000000,Transportation and warehousing,55900,Confidential,Confidential,Confidential,No,No,2007-05-01T05:00:00Z
Nebraska,50000000,Information,19694,Confidential,Confidential,Confidential,No,No,2007-05-01T05:00:00Z
Nebraska,55000000,Financial activities,69100,36.6,$25.27,$924.88,No,No,2007-05-01T05:00:00Z
Nebraska,60000000,Professional and business services,103565,32.0,$24.60,$787.20,No,No,2007-05-01T05:00:00Z
Nebraska,65000000,Education and health services,132765,32.3,$22.26,$719.00,No,No,2007-05-01T05:00:00Z
Nebraska,70000000,Leisure and hospitality,84400,20.9,$9.76,$203.98,No,No,2007-05-01T05:00:00Z
Nebraska,80000000,Other services,35100,Confidential,Confidential,Confidential,No,No,2007-05-01T05:00:00Z
Nebraska,90000000,Government,167000,Confidential,Confidential,Confidential,No,No,2007-05-01T05:00:00Z
Nebraska,06000000,Goods-producing,155006,41.6,$18.31,$761.70,No,No,2007-06-01T05:00:00Z
Nebraska,07000000,Service-providing,819013,Confidential,Confidential,Confidential,No,No,2007-06-01T05:00:00Z
Nebraska,08000000,Private service-providing,653313,32.0,$20.60,$659.20,No,No,2007-06-01T05:00:00Z
Nebraska,10000000,Mining and logging,900,Confidential,Confidential,Confidential,No,No,2007-06-01T05:00:00Z
Nebraska,15000000,Natural Resources and Mining and Constru,53000,41.6,$18.67,$776.67,No,No,2007-06-01T05:00:00Z
Nebraska,20000000,Construction,52100,Confidential,Confidential,Confidential,No,No,2007-06-01T05:00:00Z
Nebraska,30000000,Manufacturing,102006,41.6,$18.13,$754.21,No,No,2007-06-01T05:00:00Z
Nebraska,31000000,Durable goods,50502,Confidential,Confidential,Confidential,No,No,2007-06-01T05:00:00Z
Nebraska,32000000,Nondurable goods,51504,Confidential,Confidential,Confidential,No,No,2007-06-01T05:00:00Z
Nebraska,40000000,"Trade, transportation, and utilities",205172,32.0,$17.81,$569.92,No,No,2007-06-01T05:00:00Z
Nebraska,41000000,Wholesale Trade,41457,Confidential,Confidential,Confidential,No,No,2007-06-01T05:00:00Z
Nebraska,42000000,Retail trade,107715,Confidential,Confidential,Confidential,No,No,2007-06-01T05:00:00Z
Nebraska,43000000,Transportation and warehousing,56000,Confidential,Confidential,Confidential,No,No,2007-06-01T05:00:00Z
Nebraska,50000000,Information,19997,Confidential,Confidential,Confidential,No,No,2007-06-01T05:00:00Z
Nebraska,55000000,Financial activities,69400,36.6,$25.09,$918.29,No,No,2007-06-01T05:00:00Z
Nebraska,60000000,Professional and business services,105458,32.5,$24.55,$797.88,No,No,2007-06-01T05:00:00Z
Nebraska,65000000,Education and health services,132586,33.0,$21.63,$713.79,No,No,2007-06-01T05:00:00Z
Nebraska,70000000,Leisure and hospitality,85600,21.7,$9.65,$209.41,No,No,2007-06-01T05:00:00Z
Nebraska,80000000,Other services,35100,Confidential,Confidential,Confidential,No,No,2007-06-01T05:00:00Z
Nebraska,90000000,Government,165700,Confidential,Confidential,Confidential,No,No,2007-06-01T05:00:00Z
Nebraska,06000000,Goods-producing,156707,42.4,$18.15,$769.56,No,No,2007-07-01T05:00:00Z
Nebraska,07000000,Service-providing,804732,Confidential,Confidential,Confidential,No,No,2007-07-01T05:00:00Z
Nebraska,08000000,Private service-providing,651832,32.2,$20.29,$653.34,No,No,2007-07-01T05:00:00Z
Nebraska,10000000,Mining and logging,1100,Confidential,Confidential,Confidential,No,No,2007-07-01T05:00:00Z
Nebraska,15000000,Natural Resources and Mining and Constru,54700,44.2,$18.11,$800.46,No,No,2007-07-01T05:00:00Z
Nebraska,20000000,Construction,53600,Confidential,Confidential,Confidential,No,No,2007-07-01T05:00:00Z
Nebraska,30000000,Manufacturing,102007,41.4,$18.18,$752.65,No,No,2007-07-01T05:00:00Z
Nebraska,31000000,Durable goods,50302,Confidential,Confidential,Confidential,No,No,2007-07-01T05:00:00Z
Nebraska,32000000,Nondurable goods,51705,Confidential,Confidential,Confidential,No,No,2007-07-01T05:00:00Z
Nebraska,40000000,"Trade, transportation, and utilities",204668,32.1,$16.57,$531.90,No,No,2007-07-01T05:00:00Z
Nebraska,41000000,Wholesale Trade,41454,Confidential,Confidential,Confidential,No,No,2007-07-01T05:00:00Z
Nebraska,42000000,Retail trade,107214,Confidential,Confidential,Confidential,No,No,2007-07-01T05:00:00Z
Nebraska,43000000,Transportation and warehousing,56000,Confidential,Confidential,Confidential,No,No,2007-07-01T05:00:00Z
Nebraska,50000000,Information,20000,Confidential,Confidential,Confidential,No,No,2007-07-01T05:00:00Z
Nebraska,55000000,Financial activities,69400,37.8,$25.83,$976.37,No,No,2007-07-01T05:00:00Z
Nebraska,60000000,Professional and business services,105558,32.7,$24.44,$799.19,No,No,2007-07-01T05:00:00Z
Nebraska,65000000,Education and health services,132206,32.7,$21.69,$709.26,No,No,2007-07-01T05:00:00Z
Nebraska,70000000,Leisure and hospitality,85100,22.0,$9.77,$214.94,No,No,2007-07-01T05:00:00Z
Nebraska,80000000,Other services,34900,Confidential,Confidential,Confidential,No,No,2007-07-01T05:00:00Z
Nebraska,90000000,Government,152900,Confidential,Confidential,Confidential,No,No,2007-07-01T05:00:00Z
Nebraska,06000000,Goods-producing,156906,42.2,$18.27,$770.99,No,No,2007-08-01T05:00:00Z
Nebraska,07000000,Service-providing,808553,Confidential,Confidential,Confidential,No,No,2007-08-01T05:00:00Z
Nebraska,08000000,Private service-providing,654453,31.6,$20.20,$638.32,No,No,2007-08-01T05:00:00Z
Nebraska,10000000,Mining and logging,1000,Confidential,Confidential,Confidential,No,No,2007-08-01T05:00:00Z
Nebraska,15000000,Natural Resources and Mining and Constru,55000,43.3,$18.09,$783.30,No,No,2007-08-01T05:00:00Z
Nebraska,20000000,Construction,54000,Confidential,Confidential,Confidential,No,No,2007-08-01T05:00:00Z
Nebraska,30000000,Manufacturing,101906,41.6,$18.37,$764.19,No,No,2007-08-01T05:00:00Z
Nebraska,31000000,Durable goods,50502,Confidential,Confidential,Confidential,No,No,2007-08-01T05:00:00Z
Nebraska,32000000,Nondurable goods,51404,Confidential,Confidential,Confidential,No,No,2007-08-01T05:00:00Z
Nebraska,40000000,"Trade, transportation, and utilities",205070,31.8,$16.36,$520.25,No,No,2007-08-01T05:00:00Z
Nebraska,41000000,Wholesale Trade,40956,Confidential,Confidential,Confidential,No,No,2007-08-01T05:00:00Z
Nebraska,42000000,Retail trade,107514,Confidential,Confidential,Confidential,No,No,2007-08-01T05:00:00Z
Nebraska,43000000,Transportation and warehousing,56600,Confidential,Confidential,Confidential,No,No,2007-08-01T05:00:00Z
Nebraska,50000000,Information,20003,Confidential,Confidential,Confidential,No,No,2007-08-01T05:00:00Z
Nebraska,55000000,Financial activities,69100,35.8,$25.58,$915.76,No,No,2007-08-01T05:00:00Z
Nebraska,60000000,Professional and business services,105953,32.7,$25.09,$820.44,No,No,2007-08-01T05:00:00Z
Nebraska,65000000,Education and health services,133527,32.0,$21.36,$683.52,No,No,2007-08-01T05:00:00Z
Nebraska,70000000,Leisure and hospitality,86100,21.6,$9.84,$212.54,No,No,2007-08-01T05:00:00Z
Nebraska,80000000,Other services,34700,Confidential,Confidential,Confidential,No,No,2007-08-01T05:00:00Z
Nebraska,90000000,Government,154100,Confidential,Confidential,Confidential,No,No,2007-08-01T05:00:00Z
Nebraska,06000000,Goods-producing,155807,41.8,$18.21,$761.18,No,No,2007-09-01T05:00:00Z
Nebraska,07000000,Service-providing,814172,Confidential,Confidential,Confidential,No,No,2007-09-01T05:00:00Z
Nebraska,08000000,Private service-providing,651972,32.0,$20.24,$647.68,No,No,2007-09-01T05:00:00Z
Nebraska,10000000,Mining and logging,1000,Confidential,Confidential,Confidential,No,No,2007-09-01T05:00:00Z
Nebraska,15000000,Natural Resources and Mining and Constru,54100,42.1,$18.05,$759.91,No,No,2007-09-01T05:00:00Z
Nebraska,20000000,Construction,53100,Confidential,Confidential,Confidential,No,No,2007-09-01T05:00:00Z
Nebraska,30000000,Manufacturing,101707,41.7,$18.30,$763.11,No,No,2007-09-01T05:00:00Z
Nebraska,31000000,Durable goods,50002,Confidential,Confidential,Confidential,No,No,2007-09-01T05:00:00Z
Nebraska,32000000,Nondurable goods,51705,Confidential,Confidential,Confidential,No,No,2007-09-01T05:00:00Z
Nebraska,40000000,"Trade, transportation, and utilities",204868,32.0,$16.57,$530.24,No,No,2007-09-01T05:00:00Z
Nebraska,41000000,Wholesale Trade,40954,Confidential,Confidential,Confidential,No,No,2007-09-01T05:00:00Z
Nebraska,42000000,Retail trade,106914,Confidential,Confidential,Confidential,No,No,2007-09-01T05:00:00Z
Nebraska,43000000,Transportation and warehousing,57000,Confidential,Confidential,Confidential,No,No,2007-09-01T05:00:00Z
Nebraska,50000000,Information,19806,Confidential,Confidential,Confidential,No,No,2007-09-01T05:00:00Z
Nebraska,55000000,Financial activities,68700,37.0,$25.43,$940.91,No,No,2007-09-01T05:00:00Z
Nebraska,60000000,Professional and business services,105251,33.5,$24.61,$824.44,No,No,2007-09-01T05:00:00Z
Nebraska,65000000,Education and health services,134647,32.7,$21.29,$696.18,No,No,2007-09-01T05:00:00Z
Nebraska,70000000,Leisure and hospitality,84100,20.9,$10.27,$214.64,No,No,2007-09-01T05:00:00Z
Nebraska,80000000,Other services,34600,Confidential,Confidential,Confidential,No,No,2007-09-01T05:00:00Z
Nebraska,90000000,Government,162200,Confidential,Confidential,Confidential,No,No,2007-09-01T05:00:00Z
Nebraska,06000000,Goods-producing,155007,41.8,$18.56,$775.81,No,No,2007-10-01T05:00:00Z
Nebraska,07000000,Service-providing,817491,Confidential,Confidential,Confidential,No,No,2007-10-01T05:00:00Z
Nebraska,08000000,Private service-providing,652691,31.5,$20.12,$633.78,No,No,2007-10-01T05:00:00Z
Nebraska,10000000,Mining and logging,900,Confidential,Confidential,Confidential,No,No,2007-10-01T05:00:00Z
Nebraska,15000000,Natural Resources and Mining and Constru,53200,42.3,$18.72,$791.86,No,No,2007-10-01T05:00:00Z
Nebraska,20000000,Construction,52300,Confidential,Confidential,Confidential,No,No,2007-10-01T05:00:00Z
Nebraska,30000000,Manufacturing,101807,41.5,$18.47,$766.51,No,No,2007-10-01T05:00:00Z
Nebraska,31000000,Durable goods,49902,Confidential,Confidential,Confidential,No,No,2007-10-01T05:00:00Z
Nebraska,32000000,Nondurable goods,51905,Confidential,Confidential,Confidential,No,No,2007-10-01T05:00:00Z
Nebraska,40000000,"Trade, transportation, and utilities",205666,31.3,$16.20,$507.06,No,No,2007-10-01T05:00:00Z
Nebraska,41000000,Wholesale Trade,41252,Confidential,Confidential,Confidential,No,No,2007-10-01T05:00:00Z
Nebraska,42000000,Retail trade,107714,Confidential,Confidential,Confidential,No,No,2007-10-01T05:00:00Z
Nebraska,43000000,Transportation and warehousing,56700,Confidential,Confidential,Confidential,No,No,2007-10-01T05:00:00Z
Nebraska,50000000,Information,19809,Confidential,Confidential,Confidential,No,No,2007-10-01T05:00:00Z
Nebraska,55000000,Financial activities,68600,36.2,$25.44,$920.93,No,No,2007-10-01T05:00:00Z
Nebraska,60000000,Professional and business services,104949,32.4,$24.54,$795.10,No,No,2007-10-01T05:00:00Z
Nebraska,65000000,Education and health services,135367,32.4,$21.69,$702.76,No,No,2007-10-01T05:00:00Z
Nebraska,70000000,Leisure and hospitality,83300,20.7,$10.31,$213.42,No,No,2007-10-01T05:00:00Z
Nebraska,80000000,Other services,35000,Confidential,Confidential,Confidential,No,No,2007-10-01T05:00:00Z
Nebraska,90000000,Government,164800,Confidential,Confidential,Confidential,No,No,2007-10-01T05:00:00Z
Nebraska,06000000,Goods-producing,153907,41.6,$18.57,$772.51,No,No,2007-11-01T05:00:00Z
Nebraska,07000000,Service-providing,821512,Confidential,Confidential,Confidential,No,No,2007-11-01T05:00:00Z
Nebraska,08000000,Private service-providing,656212,31.5,$19.97,$629.06,No,No,2007-11-01T05:00:00Z
Nebraska,10000000,Mining and logging,1100,Confidential,Confidential,Confidential,No,No,2007-11-01T05:00:00Z
Nebraska,15000000,Natural Resources and Mining and Constru,51700,43.0,$18.71,$804.53,No,No,2007-11-01T05:00:00Z
Nebraska,20000000,Construction,50600,Confidential,Confidential,Confidential,No,No,2007-11-01T05:00:00Z
Nebraska,30000000,Manufacturing,102207,40.9,$18.50,$756.65,No,No,2007-11-01T05:00:00Z
Nebraska,31000000,Durable goods,50102,Confidential,Confidential,Confidential,No,No,2007-11-01T05:00:00Z
Nebraska,32000000,Nondurable goods,52105,Confidential,Confidential,Confidential,No,No,2007-11-01T05:00:00Z
Nebraska,40000000,"Trade, transportation, and utilities",209267,31.5,$16.39,$516.29,No,No,2007-11-01T05:00:00Z
Nebraska,41000000,Wholesale Trade,41353,Confidential,Confidential,Confidential,No,No,2007-11-01T05:00:00Z
Nebraska,42000000,Retail trade,110914,Confidential,Confidential,Confidential,No,No,2007-11-01T05:00:00Z
Nebraska,43000000,Transportation and warehousing,57000,Confidential,Confidential,Confidential,No,No,2007-11-01T05:00:00Z
Nebraska,50000000,Information,19912,Confidential,Confidential,Confidential,No,No,2007-11-01T05:00:00Z
Nebraska,55000000,Financial activities,68600,35.7,$25.83,$922.13,No,No,2007-11-01T05:00:00Z
Nebraska,60000000,Professional and business services,105545,32.8,$24.01,$787.53,No,No,2007-11-01T05:00:00Z
Nebraska,65000000,Education and health services,136088,31.9,$21.22,$676.92,No,No,2007-11-01T05:00:00Z
Nebraska,70000000,Leisure and hospitality,81800,20.8,$10.26,$213.41,No,No,2007-11-01T05:00:00Z
Nebraska,80000000,Other services,35000,Confidential,Confidential,Confidential,No,No,2007-11-01T05:00:00Z
Nebraska,90000000,Government,165300,Confidential,Confidential,Confidential,No,No,2007-11-01T05:00:00Z
Nebraska,06000000,Goods-producing,151707,39.8,$19.54,$777.69,No,No,2007-12-01T06:00:00Z
Nebraska,07000000,Service-providing,821831,Confidential,Confidential,Confidential,No,No,2007-12-01T06:00:00Z
Nebraska,08000000,Private service-providing,657731,32.2,$20.55,$661.71,No,No,2007-12-01T06:00:00Z
Nebraska,10000000,Mining and logging,900,Confidential,Confidential,Confidential,No,No,2007-12-01T06:00:00Z
Nebraska,15000000,Natural Resources and Mining and Constru,49200,38.6,$19.31,$745.37,No,No,2007-12-01T06:00:00Z
Nebraska,20000000,Construction,48300,Confidential,Confidential,Confidential,No,No,2007-12-01T06:00:00Z
Nebraska,30000000,Manufacturing,102507,40.4,$19.65,$793.86,No,No,2007-12-01T06:00:00Z
Nebraska,31000000,Durable goods,50002,Confidential,Confidential,Confidential,No,No,2007-12-01T06:00:00Z
Nebraska,32000000,Nondurable goods,52505,Confidential,Confidential,Confidential,No,No,2007-12-01T06:00:00Z
Nebraska,40000000,"Trade, transportation, and utilities",210871,31.7,$17.97,$569.65,No,No,2007-12-01T06:00:00Z
Nebraska,41000000,Wholesale Trade,41557,Confidential,Confidential,Confidential,No,No,2007-12-01T06:00:00Z
Nebraska,42000000,Retail trade,112414,Confidential,Confidential,Confidential,No,No,2007-12-01T06:00:00Z
Nebraska,43000000,Transportation and warehousing,56900,Confidential,Confidential,Confidential,No,No,2007-12-01T06:00:00Z
Nebraska,50000000,Information,19815,Confidential,Confidential,Confidential,No,No,2007-12-01T06:00:00Z
Nebraska,55000000,Financial activities,68800,38.0,$26.25,$997.50,No,No,2007-12-01T06:00:00Z
Nebraska,60000000,Professional and business services,106137,33.7,$24.14,$813.52,No,No,2007-12-01T06:00:00Z
Nebraska,65000000,Education and health services,136308,33.7,$20.73,$698.60,No,No,2007-12-01T06:00:00Z
Nebraska,70000000,Leisure and hospitality,80800,20.7,$10.51,$217.56,No,No,2007-12-01T06:00:00Z
Nebraska,80000000,Other services,35000,Confidential,Confidential,Confidential,No,No,2007-12-01T06:00:00Z
Nebraska,90000000,Government,164100,Confidential,Confidential,Confidential,No,No,2007-12-01T06:00:00Z
Nebraska,06000000,Goods-producing,147407,39.3,$18.69,$734.52,No,No,2008-01-01T06:00:00Z
Nebraska,07000000,Service-providing,806051,Confidential,Confidential,Confidential,No,No,2008-01-01T06:00:00Z
Nebraska,08000000,Private service-providing,643151,31.7,$20.34,$644.78,No,No,2008-01-01T06:00:00Z
Nebraska,10000000,Mining and logging,800,Confidential,Confidential,Confidential,No,No,2008-01-01T06:00:00Z
Nebraska,15000000,Natural Resources and Mining and Constru,45500,39.0,$19.54,$762.06,No,No,2008-01-01T06:00:00Z
Nebraska,20000000,Construction,44700,Confidential,Confidential,Confidential,No,No,2008-01-01T06:00:00Z
Nebraska,30000000,Manufacturing,101907,39.5,$18.31,$723.25,No,No,2008-01-01T06:00:00Z
Nebraska,31000000,Durable goods,49802,Confidential,Confidential,Confidential,No,No,2008-01-01T06:00:00Z
Nebraska,32000000,Nondurable goods,52105,Confidential,Confidential,Confidential,No,No,2008-01-01T06:00:00Z
Nebraska,40000000,"Trade, transportation, and utilities",203669,31.9,$17.37,$554.10,No,No,2008-01-01T06:00:00Z
Nebraska,41000000,Wholesale Trade,40956,Confidential,Confidential,Confidential,No,No,2008-01-01T06:00:00Z
Nebraska,42000000,Retail trade,107313,Confidential,Confidential,Confidential,No,No,2008-01-01T06:00:00Z
Nebraska,43000000,Transportation and warehousing,55400,Confidential,Confidential,Confidential,No,No,2008-01-01T06:00:00Z
Nebraska,50000000,Information,19618,Confidential,Confidential,Confidential,No,No,2008-01-01T06:00:00Z
Nebraska,55000000,Financial activities,68500,36.5,$26.43,$964.70,No,No,2008-01-01T06:00:00Z
Nebraska,60000000,Professional and business services,103535,33.1,$24.44,$808.96,No,No,2008-01-01T06:00:00Z
Nebraska,65000000,Education and health services,134729,32.9,$20.69,$680.70,No,No,2008-01-01T06:00:00Z
Nebraska,70000000,Leisure and hospitality,78500,20.5,$10.42,$213.61,No,No,2008-01-01T06:00:00Z
Nebraska,80000000,Other services,34600,Confidential,Confidential,Confidential,No,No,2008-01-01T06:00:00Z
Nebraska,90000000,Government,162900,Confidential,Confidential,Confidential,No,No,2008-01-01T06:00:00Z
Nebraska,06000000,Goods-producing,147207,39.3,$18.62,$731.77,No,No,2008-02-01T06:00:00Z
Nebraska,07000000,Service-providing,807769,Confidential,Confidential,Confidential,No,No,2008-02-01T06:00:00Z
Nebraska,08000000,Private service-providing,644469,31.7,$20.53,$650.80,No,No,2008-02-01T06:00:00Z
Nebraska,10000000,Mining and logging,900,Confidential,Confidential,Confidential,No,No,2008-02-01T06:00:00Z
Nebraska,15000000,Natural Resources and Mining and Constru,45000,38.7,$19.35,$748.85,No,No,2008-02-01T06:00:00Z
Nebraska,20000000,Construction,44100,Confidential,Confidential,Confidential,No,No,2008-02-01T06:00:00Z
Nebraska,30000000,Manufacturing,102207,39.6,$18.31,$725.08,No,No,2008-02-01T06:00:00Z
Nebraska,31000000,Durable goods,49802,Confidential,Confidential,Confidential,No,No,2008-02-01T06:00:00Z
Nebraska,32000000,Nondurable goods,52405,Confidential,Confidential,Confidential,No,No,2008-02-01T06:00:00Z
Nebraska,40000000,"Trade, transportation, and utilities",201970,31.5,$17.58,$553.77,No,No,2008-02-01T06:00:00Z
Nebraska,41000000,Wholesale Trade,40956,Confidential,Confidential,Confidential,No,No,2008-02-01T06:00:00Z
Nebraska,42000000,Retail trade,105714,Confidential,Confidential,Confidential,No,No,2008-02-01T06:00:00Z
Nebraska,43000000,Transportation and warehousing,55300,Confidential,Confidential,Confidential,No,No,2008-02-01T06:00:00Z
Nebraska,50000000,Information,19621,Confidential,Confidential,Confidential,No,No,2008-02-01T06:00:00Z
Nebraska,55000000,Financial activities,68900,36.4,$27.74,"$1,009.74",No,No,2008-02-01T06:00:00Z
Nebraska,60000000,Professional and business services,104129,33.0,$24.10,$795.30,No,No,2008-02-01T06:00:00Z
Nebraska,65000000,Education and health services,136549,33.0,$20.60,$679.80,No,No,2008-02-01T06:00:00Z
Nebraska,70000000,Leisure and hospitality,78500,20.6,$10.51,$216.51,No,No,2008-02-01T06:00:00Z
Nebraska,80000000,Other services,34800,Confidential,Confidential,Confidential,No,No,2008-02-01T06:00:00Z
Nebraska,90000000,Government,163300,Confidential,Confidential,Confidential,No,No,2008-02-01T06:00:00Z
Nebraska,06000000,Goods-producing,149006,40.6,$18.80,$763.28,No,No,2008-03-01T06:00:00Z
Nebraska,07000000,Service-providing,812190,Confidential,Confidential,Confidential,No,No,2008-03-01T06:00:00Z
Nebraska,08000000,Private service-providing,648590,32.3,$20.38,$658.27,No,No,2008-03-01T06:00:00Z
Nebraska,10000000,Mining and logging,1000,Confidential,Confidential,Confidential,No,No,2008-03-01T06:00:00Z
Nebraska,15000000,Natural Resources and Mining and Constru,46700,39.9,$19.17,$764.88,No,No,2008-03-01T06:00:00Z
Nebraska,20000000,Construction,45700,Confidential,Confidential,Confidential,No,No,2008-03-01T06:00:00Z
Nebraska,30000000,Manufacturing,102306,40.9,$18.63,$761.97,No,No,2008-03-01T06:00:00Z
Nebraska,31000000,Durable goods,49902,Confidential,Confidential,Confidential,No,No,2008-03-01T06:00:00Z
Nebraska,32000000,Nondurable goods,52404,Confidential,Confidential,Confidential,No,No,2008-03-01T06:00:00Z
Nebraska,40000000,"Trade, transportation, and utilities",203471,32.0,$17.39,$556.48,No,No,2008-03-01T06:00:00Z
Nebraska,41000000,Wholesale Trade,41257,Confidential,Confidential,Confidential,No,No,2008-03-01T06:00:00Z
Nebraska,42000000,Retail trade,106514,Confidential,Confidential,Confidential,No,No,2008-03-01T06:00:00Z
Nebraska,43000000,Transportation and warehousing,55700,Confidential,Confidential,Confidential,No,No,2008-03-01T06:00:00Z
Nebraska,50000000,Information,19524,Confidential,Confidential,Confidential,No,No,2008-03-01T06:00:00Z
Nebraska,55000000,Financial activities,69000,37.9,$26.81,"$1,016.10",No,No,2008-03-01T06:00:00Z
Nebraska,60000000,Professional and business services,104926,34.2,$23.63,$808.15,No,No,2008-03-01T06:00:00Z
Nebraska,65000000,Education and health services,136569,33.5,$20.66,$692.11,No,No,2008-03-01T06:00:00Z
Nebraska,70000000,Leisure and hospitality,80100,20.6,$10.49,$216.09,No,No,2008-03-01T06:00:00Z
Nebraska,80000000,Other services,35000,Confidential,Confidential,Confidential,No,No,2008-03-01T06:00:00Z
Nebraska,90000000,Government,163600,Confidential,Confidential,Confidential,No,No,2008-03-01T06:00:00Z
Nebraska,06000000,Goods-producing,151906,40.7,$18.30,$744.81,No,No,2008-04-01T05:00:00Z
Nebraska,07000000,Service-providing,817711,Confidential,Confidential,Confidential,No,No,2008-04-01T05:00:00Z
Nebraska,08000000,Private service-providing,652211,31.8,$19.97,$635.05,No,No,2008-04-01T05:00:00Z
Nebraska,10000000,Mining and logging,1000,Confidential,Confidential,Confidential,No,No,2008-04-01T05:00:00Z
Nebraska,15000000,Natural Resources and Mining and Constru,49900,38.3,$18.92,$724.64,No,No,2008-04-01T05:00:00Z
Nebraska,20000000,Construction,48900,Confidential,Confidential,Confidential,No,No,2008-04-01T05:00:00Z
Nebraska,30000000,Manufacturing,102006,41.8,$18.02,$753.24,No,No,2008-04-01T05:00:00Z
Nebraska,31000000,Durable goods,49902,Confidential,Confidential,Confidential,No,No,2008-04-01T05:00:00Z
Nebraska,32000000,Nondurable goods,52104,Confidential,Confidential,Confidential,No,No,2008-04-01T05:00:00Z
Nebraska,40000000,"Trade, transportation, and utilities",203070,31.7,$17.26,$547.14,No,No,2008-04-01T05:00:00Z
Nebraska,41000000,Wholesale Trade,41656,Confidential,Confidential,Confidential,No,No,2008-04-01T05:00:00Z
Nebraska,42000000,Retail trade,105914,Confidential,Confidential,Confidential,No,No,2008-04-01T05:00:00Z
Nebraska,43000000,Transportation and warehousing,55500,Confidential,Confidential,Confidential,No,No,2008-04-01T05:00:00Z
Nebraska,50000000,Information,19527,Confidential,Confidential,Confidential,No,No,2008-04-01T05:00:00Z
Nebraska,55000000,Financial activities,69000,36.5,$26.32,$960.68,No,No,2008-04-01T05:00:00Z
Nebraska,60000000,Professional and business services,106324,33.5,$23.36,$782.56,No,No,2008-04-01T05:00:00Z
Nebraska,65000000,Education and health services,136690,33.1,$20.46,$677.23,No,No,2008-04-01T05:00:00Z
Nebraska,70000000,Leisure and hospitality,82400,20.7,$10.56,$218.59,No,No,2008-04-01T05:00:00Z
Nebraska,80000000,Other services,35200,Confidential,Confidential,Confidential,No,No,2008-04-01T05:00:00Z
Nebraska,90000000,Government,165500,Confidential,Confidential,Confidential,No,No,2008-04-01T05:00:00Z
Nebraska,06000000,Goods-producing,154106,41.1,$18.15,$745.97,No,No,2008-05-01T05:00:00Z
Nebraska,07000000,Service-providing,825730,Confidential,Confidential,Confidential,No,No,2008-05-01T05:00:00Z
Nebraska,08000000,Private service-providing,657730,31.8,$20.18,$641.72,No,No,2008-05-01T05:00:00Z
Nebraska,10000000,Mining and logging,1100,Confidential,Confidential,Confidential,No,No,2008-05-01T05:00:00Z
Nebraska,15000000,Natural Resources and Mining and Constru,51900,40.4,$18.53,$748.61,No,No,2008-05-01T05:00:00Z
Nebraska,20000000,Construction,50800,Confidential,Confidential,Confidential,No,No,2008-05-01T05:00:00Z
Nebraska,30000000,Manufacturing,102206,41.4,$17.96,$743.54,No,No,2008-05-01T05:00:00Z
Nebraska,31000000,Durable goods,49902,Confidential,Confidential,Confidential,No,No,2008-05-01T05:00:00Z
Nebraska,32000000,Nondurable goods,52304,Confidential,Confidential,Confidential,No,No,2008-05-01T05:00:00Z
Nebraska,40000000,"Trade, transportation, and utilities",205173,32.0,$17.14,$548.48,No,No,2008-05-01T05:00:00Z
Nebraska,41000000,Wholesale Trade,42259,Confidential,Confidential,Confidential,No,No,2008-05-01T05:00:00Z
Nebraska,42000000,Retail trade,106814,Confidential,Confidential,Confidential,No,No,2008-05-01T05:00:00Z
Nebraska,43000000,Transportation and warehousing,56100,Confidential,Confidential,Confidential,No,No,2008-05-01T05:00:00Z
Nebraska,50000000,Information,19230,Confidential,Confidential,Confidential,No,No,2008-05-01T05:00:00Z
Nebraska,55000000,Financial activities,69300,36.2,$26.63,$964.01,No,No,2008-05-01T05:00:00Z
Nebraska,60000000,Professional and business services,106517,33.3,$23.26,$774.56,No,No,2008-05-01T05:00:00Z
Nebraska,65000000,Education and health services,137310,33.3,$20.48,$681.98,No,No,2008-05-01T05:00:00Z
Nebraska,70000000,Leisure and hospitality,84700,21.0,$10.34,$217.14,No,No,2008-05-01T05:00:00Z
Nebraska,80000000,Other services,35500,Confidential,Confidential,Confidential,No,No,2008-05-01T05:00:00Z
Nebraska,90000000,Government,168000,Confidential,Confidential,Confidential,No,No,2008-05-01T05:00:00Z
Nebraska,06000000,Goods-producing,155206,41.4,$18.49,$765.49,No,No,2008-06-01T05:00:00Z
Nebraska,07000000,Service-providing,824251,Confidential,Confidential,Confidential,No,No,2008-06-01T05:00:00Z
Nebraska,08000000,Private service-providing,658551,32.8,$19.79,$649.11,No,No,2008-06-01T05:00:00Z
Nebraska,10000000,Mining and logging,1100,Confidential,Confidential,Confidential,No,No,2008-06-01T05:00:00Z
Nebraska,15000000,Natural Resources and Mining and Constru,53100,42.3,$18.65,$788.90,No,No,2008-06-01T05:00:00Z
Nebraska,20000000,Construction,52000,Confidential,Confidential,Confidential,No,No,2008-06-01T05:00:00Z
Nebraska,30000000,Manufacturing,102106,41.0,$18.40,$754.40,No,No,2008-06-01T05:00:00Z
Nebraska,31000000,Durable goods,49902,Confidential,Confidential,Confidential,No,No,2008-06-01T05:00:00Z
Nebraska,32000000,Nondurable goods,52204,Confidential,Confidential,Confidential,No,No,2008-06-01T05:00:00Z
Nebraska,40000000,"Trade, transportation, and utilities",205278,32.5,$17.05,$554.13,No,No,2008-06-01T05:00:00Z
Nebraska,41000000,Wholesale Trade,42563,Confidential,Confidential,Confidential,No,No,2008-06-01T05:00:00Z
Nebraska,42000000,Retail trade,106915,Confidential,Confidential,Confidential,No,No,2008-06-01T05:00:00Z
Nebraska,43000000,Transportation and warehousing,55800,Confidential,Confidential,Confidential,No,No,2008-06-01T05:00:00Z
Nebraska,50000000,Information,19233,Confidential,Confidential,Confidential,No,No,2008-06-01T05:00:00Z
Nebraska,55000000,Financial activities,69700,38.0,$26.81,"$1,018.78",No,No,2008-06-01T05:00:00Z
Nebraska,60000000,Professional and business services,106909,34.5,$22.16,$764.52,No,No,2008-06-01T05:00:00Z
Nebraska,65000000,Education and health services,136031,34.2,$20.98,$717.52,No,No,2008-06-01T05:00:00Z
Nebraska,70000000,Leisure and hospitality,85800,22.3,$10.43,$232.59,No,No,2008-06-01T05:00:00Z
Nebraska,80000000,Other services,35600,Confidential,Confidential,Confidential,No,No,2008-06-01T05:00:00Z
Nebraska,90000000,Government,165700,Confidential,Confidential,Confidential,No,No,2008-06-01T05:00:00Z
Nebraska,06000000,Goods-producing,155206,41.4,$18.32,$758.45,No,No,2008-07-01T05:00:00Z
Nebraska,07000000,Service-providing,811371,Confidential,Confidential,Confidential,No,No,2008-07-01T05:00:00Z
Nebraska,08000000,Private service-providing,655971,32.5,$19.53,$634.73,No,No,2008-07-01T05:00:00Z
Nebraska,10000000,Mining and logging,1000,Confidential,Confidential,Confidential,No,No,2008-07-01T05:00:00Z
Nebraska,15000000,Natural Resources and Mining and Constru,53500,42.1,$18.66,$785.59,No,No,2008-07-01T05:00:00Z
Nebraska,20000000,Construction,52500,Confidential,Confidential,Confidential,No,No,2008-07-01T05:00:00Z
Nebraska,30000000,Manufacturing,101706,41.1,$18.13,$745.14,No,No,2008-07-01T05:00:00Z
Nebraska,31000000,Durable goods,49702,Confidential,Confidential,Confidential,No,No,2008-07-01T05:00:00Z
Nebraska,32000000,Nondurable goods,52004,Confidential,Confidential,Confidential,No,No,2008-07-01T05:00:00Z
Nebraska,40000000,"Trade, transportation, and utilities",203675,32.6,$16.52,$538.55,No,No,2008-07-01T05:00:00Z
Nebraska,41000000,Wholesale Trade,42260,Confidential,Confidential,Confidential,No,No,2008-07-01T05:00:00Z
Nebraska,42000000,Retail trade,106015,Confidential,Confidential,Confidential,No,No,2008-07-01T05:00:00Z
Nebraska,43000000,Transportation and warehousing,55400,Confidential,Confidential,Confidential,No,No,2008-07-01T05:00:00Z
Nebraska,50000000,Information,19136,Confidential,Confidential,Confidential,No,No,2008-07-01T05:00:00Z
Nebraska,55000000,Financial activities,69700,36.5,$26.08,$951.92,No,No,2008-07-01T05:00:00Z
Nebraska,60000000,Professional and business services,106409,34.6,$22.56,$780.58,No,No,2008-07-01T05:00:00Z
Nebraska,65000000,Education and health services,136151,33.8,$20.66,$698.31,No,No,2008-07-01T05:00:00Z
Nebraska,70000000,Leisure and hospitality,85600,21.9,$10.49,$229.73,No,No,2008-07-01T05:00:00Z
Nebraska,80000000,Other services,35300,Confidential,Confidential,Confidential,No,No,2008-07-01T05:00:00Z
Nebraska,90000000,Government,155400,Confidential,Confidential,Confidential,No,No,2008-07-01T05:00:00Z
Nebraska,06000000,Goods-producing,155206,41.8,$18.73,$782.91,No,No,2008-08-01T05:00:00Z
Nebraska,07000000,Service-providing,814188,Confidential,Confidential,Confidential,No,No,2008-08-01T05:00:00Z
Nebraska,08000000,Private service-providing,658388,32.3,$19.73,$637.28,No,No,2008-08-01T05:00:00Z
Nebraska,10000000,Mining and logging,1100,Confidential,Confidential,Confidential,No,No,2008-08-01T05:00:00Z
Nebraska,15000000,Natural Resources and Mining and Constru,53400,41.9,$18.80,$787.72,No,No,2008-08-01T05:00:00Z
Nebraska,20000000,Construction,52300,Confidential,Confidential,Confidential,No,No,2008-08-01T05:00:00Z
Nebraska,30000000,Manufacturing,101806,41.7,$18.70,$779.79,No,No,2008-08-01T05:00:00Z
Nebraska,31000000,Durable goods,49802,Confidential,Confidential,Confidential,No,No,2008-08-01T05:00:00Z
Nebraska,32000000,Nondurable goods,52004,Confidential,Confidential,Confidential,No,No,2008-08-01T05:00:00Z
Nebraska,40000000,"Trade, transportation, and utilities",204177,32.4,$17.17,$556.31,No,No,2008-08-01T05:00:00Z
Nebraska,41000000,Wholesale Trade,41862,Confidential,Confidential,Confidential,No,No,2008-08-01T05:00:00Z
Nebraska,42000000,Retail trade,106115,Confidential,Confidential,Confidential,No,No,2008-08-01T05:00:00Z
Nebraska,43000000,Transportation and warehousing,56200,Confidential,Confidential,Confidential,No,No,2008-08-01T05:00:00Z
Nebraska,50000000,Information,18939,Confidential,Confidential,Confidential,No,No,2008-08-01T05:00:00Z
Nebraska,55000000,Financial activities,69600,36.1,$25.60,$924.16,No,No,2008-08-01T05:00:00Z
Nebraska,60000000,Professional and business services,106401,34.6,$22.76,$787.50,No,No,2008-08-01T05:00:00Z
Nebraska,65000000,Education and health services,137671,33.6,$20.84,$700.22,No,No,2008-08-01T05:00:00Z
Nebraska,70000000,Leisure and hospitality,86400,22.0,$10.62,$233.64,No,No,2008-08-01T05:00:00Z
Nebraska,80000000,Other services,35200,Confidential,Confidential,Confidential,No,No,2008-08-01T05:00:00Z
Nebraska,90000000,Government,155800,Confidential,Confidential,Confidential,No,No,2008-08-01T05:00:00Z
Nebraska,06000000,Goods-producing,153206,39.3,$19.17,$753.38,No,No,2008-09-01T05:00:00Z
Nebraska,07000000,Service-providing,819310,Confidential,Confidential,Confidential,No,No,2008-09-01T05:00:00Z
Nebraska,08000000,Private service-providing,655210,31.9,$20.03,$638.96,No,No,2008-09-01T05:00:00Z
Nebraska,10000000,Mining and logging,1000,Confidential,Confidential,Confidential,No,No,2008-09-01T05:00:00Z
Nebraska,15000000,Natural Resources and Mining and Constru,52300,38.7,$19.33,$748.07,No,No,2008-09-01T05:00:00Z
Nebraska,20000000,Construction,51300,Confidential,Confidential,Confidential,No,No,2008-09-01T05:00:00Z
Nebraska,30000000,Manufacturing,100906,39.6,$19.09,$755.96,No,No,2008-09-01T05:00:00Z
Nebraska,31000000,Durable goods,49202,Confidential,Confidential,Confidential,No,No,2008-09-01T05:00:00Z
Nebraska,32000000,Nondurable goods,51704,Confidential,Confidential,Confidential,No,No,2008-09-01T05:00:00Z
Nebraska,40000000,"Trade, transportation, and utilities",203278,31.8,$17.01,$540.92,No,No,2008-09-01T05:00:00Z
Nebraska,41000000,Wholesale Trade,41663,Confidential,Confidential,Confidential,No,No,2008-09-01T05:00:00Z
Nebraska,42000000,Retail trade,105415,Confidential,Confidential,Confidential,No,No,2008-09-01T05:00:00Z
Nebraska,43000000,Transportation and warehousing,56200,Confidential,Confidential,Confidential,No,No,2008-09-01T05:00:00Z
Nebraska,50000000,Information,18641,Confidential,Confidential,Confidential,No,No,2008-09-01T05:00:00Z
Nebraska,55000000,Financial activities,69000,35.9,$25.94,$931.25,No,No,2008-09-01T05:00:00Z
Nebraska,60000000,Professional and business services,106199,34.2,$23.11,$790.36,No,No,2008-09-01T05:00:00Z
Nebraska,65000000,Education and health services,138492,33.3,$21.28,$708.62,No,No,2008-09-01T05:00:00Z
Nebraska,70000000,Leisure and hospitality,84600,21.2,$10.58,$224.30,No,No,2008-09-01T05:00:00Z
Nebraska,80000000,Other services,35000,Confidential,Confidential,Confidential,No,No,2008-09-01T05:00:00Z
Nebraska,90000000,Government,164100,Confidential,Confidential,Confidential,No,No,2008-09-01T05:00:00Z
Nebraska,06000000,Goods-producing,152606,39.9,$19.19,$765.68,No,No,2008-10-01T05:00:00Z
Nebraska,07000000,Service-providing,825629,Confidential,Confidential,Confidential,No,No,2008-10-01T05:00:00Z
Nebraska,08000000,Private service-providing,658029,32.1,$20.09,$644.89,No,No,2008-10-01T05:00:00Z
Nebraska,10000000,Mining and logging,1000,Confidential,Confidential,Confidential,No,No,2008-10-01T05:00:00Z
Nebraska,15000000,Natural Resources and Mining and Constru,51700,39.6,$19.45,$770.22,No,No,2008-10-01T05:00:00Z
Nebraska,20000000,Construction,50700,Confidential,Confidential,Confidential,No,No,2008-10-01T05:00:00Z
Nebraska,30000000,Manufacturing,100906,40.0,$19.06,$762.40,No,No,2008-10-01T05:00:00Z
Nebraska,31000000,Durable goods,48802,Confidential,Confidential,Confidential,No,No,2008-10-01T05:00:00Z
Nebraska,32000000,Nondurable goods,52104,Confidential,Confidential,Confidential,No,No,2008-10-01T05:00:00Z
Nebraska,40000000,"Trade, transportation, and utilities",206175,32.1,$17.32,$555.97,No,No,2008-10-01T05:00:00Z
Nebraska,41000000,Wholesale Trade,42060,Confidential,Confidential,Confidential,No,No,2008-10-01T05:00:00Z
Nebraska,42000000,Retail trade,107115,Confidential,Confidential,Confidential,No,No,2008-10-01T05:00:00Z
Nebraska,43000000,Transportation and warehousing,57000,Confidential,Confidential,Confidential,No,No,2008-10-01T05:00:00Z
Nebraska,50000000,Information,18644,Confidential,Confidential,Confidential,No,No,2008-10-01T05:00:00Z
Nebraska,55000000,Financial activities,69200,35.5,$26.10,$926.55,No,No,2008-10-01T05:00:00Z
Nebraska,60000000,Professional and business services,106298,34.3,$23.08,$791.64,No,No,2008-10-01T05:00:00Z
Nebraska,65000000,Education and health services,138812,33.5,$20.84,$698.14,No,No,2008-10-01T05:00:00Z
Nebraska,70000000,Leisure and hospitality,83100,21.7,$10.67,$231.54,No,No,2008-10-01T05:00:00Z
Nebraska,80000000,Other services,35800,Confidential,Confidential,Confidential,No,No,2008-10-01T05:00:00Z
Nebraska,90000000,Government,167600,Confidential,Confidential,Confidential,No,No,2008-10-01T05:00:00Z
Nebraska,06000000,Goods-producing,150106,40.1,$19.46,$780.35,No,No,2008-11-01T05:00:00Z
Nebraska,07000000,Service-providing,825851,Confidential,Confidential,Confidential,No,No,2008-11-01T05:00:00Z
Nebraska,08000000,Private service-providing,657951,32.5,$20.27,$658.78,No,No,2008-11-01T05:00:00Z
Nebraska,10000000,Mining and logging,1000,Confidential,Confidential,Confidential,No,No,2008-11-01T05:00:00Z
Nebraska,15000000,Natural Resources and Mining and Constru,49900,40.0,$19.49,$779.60,No,No,2008-11-01T05:00:00Z
Nebraska,20000000,Construction,48900,Confidential,Confidential,Confidential,No,No,2008-11-01T05:00:00Z
Nebraska,30000000,Manufacturing,100206,40.1,$19.45,$779.95,No,No,2008-11-01T05:00:00Z
Nebraska,31000000,Durable goods,47902,Confidential,Confidential,Confidential,No,No,2008-11-01T05:00:00Z
Nebraska,32000000,Nondurable goods,52304,Confidential,Confidential,Confidential,No,No,2008-11-01T05:00:00Z
Nebraska,40000000,"Trade, transportation, and utilities",208382,31.7,$17.58,$557.29,No,No,2008-11-01T05:00:00Z
Nebraska,41000000,Wholesale Trade,41867,Confidential,Confidential,Confidential,No,No,2008-11-01T05:00:00Z
Nebraska,42000000,Retail trade,109515,Confidential,Confidential,Confidential,No,No,2008-11-01T05:00:00Z
Nebraska,43000000,Transportation and warehousing,57000,Confidential,Confidential,Confidential,No,No,2008-11-01T05:00:00Z
Nebraska,50000000,Information,18647,Confidential,Confidential,Confidential,No,No,2008-11-01T05:00:00Z
Nebraska,55000000,Financial activities,69100,37.0,$26.42,$977.54,No,No,2008-11-01T05:00:00Z
Nebraska,60000000,Professional and business services,104989,34.9,$23.31,$813.52,No,No,2008-11-01T05:00:00Z
Nebraska,65000000,Education and health services,139833,33.7,$20.82,$701.63,No,No,2008-11-01T05:00:00Z
Nebraska,70000000,Leisure and hospitality,81400,21.6,$10.70,$231.12,No,No,2008-11-01T05:00:00Z
Nebraska,80000000,Other services,35600,Confidential,Confidential,Confidential,No,No,2008-11-01T05:00:00Z
Nebraska,90000000,Government,167900,Confidential,Confidential,Confidential,No,No,2008-11-01T05:00:00Z
Nebraska,06000000,Goods-producing,146606,39.6,$19.94,$789.62,No,No,2008-12-01T06:00:00Z
Nebraska,07000000,Service-providing,825270,Confidential,Confidential,Confidential,No,No,2008-12-01T06:00:00Z
Nebraska,08000000,Private service-providing,657970,32.1,$20.17,$647.46,No,No,2008-12-01T06:00:00Z
Nebraska,10000000,Mining and logging,900,Confidential,Confidential,Confidential,No,No,2008-12-01T06:00:00Z
Nebraska,15000000,Natural Resources and Mining and Constru,48000,41.1,$20.67,$849.54,No,No,2008-12-01T06:00:00Z
Nebraska,20000000,Construction,47100,Confidential,Confidential,Confidential,No,No,2008-12-01T06:00:00Z
Nebraska,30000000,Manufacturing,98606,38.8,$19.57,$759.32,No,No,2008-12-01T06:00:00Z
Nebraska,31000000,Durable goods,46802,Confidential,Confidential,Confidential,No,No,2008-12-01T06:00:00Z
Nebraska,32000000,Nondurable goods,51804,Confidential,Confidential,Confidential,No,No,2008-12-01T06:00:00Z
Nebraska,40000000,"Trade, transportation, and utilities",209784,32.1,$17.29,$555.01,No,No,2008-12-01T06:00:00Z
Nebraska,41000000,Wholesale Trade,41869,Confidential,Confidential,Confidential,No,No,2008-12-01T06:00:00Z
Nebraska,42000000,Retail trade,110915,Confidential,Confidential,Confidential,No,No,2008-12-01T06:00:00Z
Nebraska,43000000,Transportation and warehousing,57000,Confidential,Confidential,Confidential,No,No,2008-12-01T06:00:00Z
Nebraska,50000000,Information,18550,Confidential,Confidential,Confidential,No,No,2008-12-01T06:00:00Z
Nebraska,55000000,Financial activities,69500,35.8,$25.93,$928.29,No,No,2008-12-01T06:00:00Z
Nebraska,60000000,Professional and business services,103883,34.4,$23.29,$801.18,No,No,2008-12-01T06:00:00Z
Nebraska,65000000,Education and health services,139653,32.9,$20.96,$689.58,No,No,2008-12-01T06:00:00Z
Nebraska,70000000,Leisure and hospitality,80800,21.2,$10.86,$230.23,No,No,2008-12-01T06:00:00Z
Nebraska,80000000,Other services,35800,Confidential,Confidential,Confidential,No,No,2008-12-01T06:00:00Z
Nebraska,90000000,Government,167300,Confidential,Confidential,Confidential,No,No,2008-12-01T06:00:00Z
Nebraska,06000000,Goods-producing,140297,38.5,$19.84,$763.84,No,No,2009-01-01T06:00:00Z
Nebraska,07000000,Service-providing,804301,Confidential,Confidential,Confidential,No,No,2009-01-01T06:00:00Z
Nebraska,08000000,Private service-providing,638538,32.2,$20.14,$648.51,No,No,2009-01-01T06:00:00Z
Nebraska,10000000,Mining and logging,843,Confidential,Confidential,Confidential,No,No,2009-01-01T06:00:00Z
Nebraska,15000000,Natural Resources and Mining and Constru,43471,38.3,$20.49,$784.77,No,No,2009-01-01T06:00:00Z
Nebraska,20000000,Construction,42628,Confidential,Confidential,Confidential,No,No,2009-01-01T06:00:00Z
Nebraska,30000000,Manufacturing,96826,38.6,$19.55,$754.63,No,No,2009-01-01T06:00:00Z
Nebraska,31000000,Durable goods,45684,Confidential,Confidential,Confidential,No,No,2009-01-01T06:00:00Z
Nebraska,32000000,Nondurable goods,51142,Confidential,Confidential,Confidential,No,No,2009-01-01T06:00:00Z
Nebraska,40000000,"Trade, transportation, and utilities",200338,31.6,$17.31,$547.00,No,No,2009-01-01T06:00:00Z
Nebraska,41000000,Wholesale Trade,40979,Confidential,Confidential,Confidential,No,No,2009-01-01T06:00:00Z
Nebraska,42000000,Retail trade,104992,Confidential,Confidential,Confidential,No,No,2009-01-01T06:00:00Z
Nebraska,43000000,Transportation and warehousing,54367,Confidential,Confidential,Confidential,No,No,2009-01-01T06:00:00Z
Nebraska,50000000,Information,18195,Confidential,Confidential,Confidential,No,No,2009-01-01T06:00:00Z
Nebraska,55000000,Financial activities,68549,36.8,$26.20,$964.16,No,No,2009-01-01T06:00:00Z
Nebraska,60000000,Professional and business services,100723,34.6,$22.65,$783.69,No,No,2009-01-01T06:00:00Z
Nebraska,65000000,Education and health services,137700,33.0,$20.79,$686.07,No,No,2009-01-01T06:00:00Z
Nebraska,70000000,Leisure and hospitality,77811,21.3,$10.81,$230.25,No,No,2009-01-01T06:00:00Z
Nebraska,80000000,Other services,35222,Confidential,Confidential,Confidential,No,No,2009-01-01T06:00:00Z
Nebraska,90000000,Government,165763,Confidential,Confidential,Confidential,No,No,2009-01-01T06:00:00Z
Nebraska,06000000,Goods-producing,138860,38.4,$20.27,$778.37,No,No,2009-02-01T06:00:00Z
Nebraska,07000000,Service-providing,805253,Confidential,Confidential,Confidential,No,No,2009-02-01T06:00:00Z
Nebraska,08000000,Private service-providing,637241,32.7,$20.44,$668.39,No,No,2009-02-01T06:00:00Z
Nebraska,10000000,Mining and logging,881,Confidential,Confidential,Confidential,No,No,2009-02-01T06:00:00Z
Nebraska,15000000,Natural Resources and Mining and Constru,43075,38.5,$21.14,$813.89,No,No,2009-02-01T06:00:00Z
Nebraska,20000000,Construction,42194,Confidential,Confidential,Confidential,No,No,2009-02-01T06:00:00Z
Nebraska,30000000,Manufacturing,95785,38.3,$19.87,$761.02,No,No,2009-02-01T06:00:00Z
Nebraska,31000000,Durable goods,44737,Confidential,Confidential,Confidential,No,No,2009-02-01T06:00:00Z
Nebraska,32000000,Nondurable goods,51048,Confidential,Confidential,Confidential,No,No,2009-02-01T06:00:00Z
Nebraska,40000000,"Trade, transportation, and utilities",197851,32.0,$17.26,$552.32,No,No,2009-02-01T06:00:00Z
Nebraska,41000000,Wholesale Trade,40728,Confidential,Confidential,Confidential,No,No,2009-02-01T06:00:00Z
Nebraska,42000000,Retail trade,103171,Confidential,Confidential,Confidential,No,No,2009-02-01T06:00:00Z
Nebraska,43000000,Transportation and warehousing,53952,Confidential,Confidential,Confidential,No,No,2009-02-01T06:00:00Z
Nebraska,50000000,Information,18172,Confidential,Confidential,Confidential,No,No,2009-02-01T06:00:00Z
Nebraska,55000000,Financial activities,68833,38.3,$26.51,"$1,015.33",No,No,2009-02-01T06:00:00Z
Nebraska,60000000,Professional and business services,100402,34.9,$24.11,$841.44,No,No,2009-02-01T06:00:00Z
Nebraska,65000000,Education and health services,138617,32.7,$20.48,$669.70,No,No,2009-02-01T06:00:00Z
Nebraska,70000000,Leisure and hospitality,77946,22.4,$10.82,$242.37,No,No,2009-02-01T06:00:00Z
Nebraska,80000000,Other services,35420,Confidential,Confidential,Confidential,No,No,2009-02-01T06:00:00Z
Nebraska,90000000,Government,168012,Confidential,Confidential,Confidential,No,No,2009-02-01T06:00:00Z
Nebraska,06000000,Goods-producing,138915,38.7,$19.94,$771.68,No,No,2009-03-01T06:00:00Z
Nebraska,07000000,Service-providing,807139,Confidential,Confidential,Confidential,No,No,2009-03-01T06:00:00Z
Nebraska,08000000,Private service-providing,638508,32.7,$20.35,$665.45,No,No,2009-03-01T06:00:00Z
Nebraska,10000000,Mining and logging,891,Confidential,Confidential,Confidential,No,No,2009-03-01T06:00:00Z
Nebraska,15000000,Natural Resources and Mining and Constru,44107,37.7,$20.58,$775.87,No,No,2009-03-01T06:00:00Z
Nebraska,20000000,Construction,43216,Confidential,Confidential,Confidential,No,No,2009-03-01T06:00:00Z
Nebraska,30000000,Manufacturing,94808,39.2,$19.66,$770.67,No,No,2009-03-01T06:00:00Z
Nebraska,31000000,Durable goods,43944,Confidential,Confidential,Confidential,No,No,2009-03-01T06:00:00Z
Nebraska,32000000,Nondurable goods,50864,Confidential,Confidential,Confidential,No,No,2009-03-01T06:00:00Z
Nebraska,40000000,"Trade, transportation, and utilities",197859,32.3,$17.18,$554.91,No,No,2009-03-01T06:00:00Z
Nebraska,41000000,Wholesale Trade,40779,Confidential,Confidential,Confidential,No,No,2009-03-01T06:00:00Z
Nebraska,42000000,Retail trade,103297,Confidential,Confidential,Confidential,No,No,2009-03-01T06:00:00Z
Nebraska,43000000,Transportation and warehousing,53783,Confidential,Confidential,Confidential,No,No,2009-03-01T06:00:00Z
Nebraska,50000000,Information,18052,Confidential,Confidential,Confidential,No,No,2009-03-01T06:00:00Z
Nebraska,55000000,Financial activities,68759,38.0,$26.91,"$1,022.58",No,No,2009-03-01T06:00:00Z
Nebraska,60000000,Professional and business services,99925,34.9,$23.81,$830.97,No,No,2009-03-01T06:00:00Z
Nebraska,65000000,Education and health services,138608,32.6,$20.25,$660.15,No,No,2009-03-01T06:00:00Z
Nebraska,70000000,Leisure and hospitality,79811,22.1,$10.77,$238.02,No,No,2009-03-01T06:00:00Z
Nebraska,80000000,Other services,35494,Confidential,Confidential,Confidential,No,No,2009-03-01T06:00:00Z
Nebraska,90000000,Government,168631,Confidential,Confidential,Confidential,No,No,2009-03-01T06:00:00Z
Nebraska,06000000,Goods-producing,140625,38.5,$19.97,$768.85,No,No,2009-04-01T05:00:00Z
Nebraska,07000000,Service-providing,810929,Confidential,Confidential,Confidential,No,No,2009-04-01T05:00:00Z
Nebraska,08000000,Private service-providing,640193,32.3,$20.33,$656.66,No,No,2009-04-01T05:00:00Z
Nebraska,10000000,Mining and logging,968,Confidential,Confidential,Confidential,No,No,2009-04-01T05:00:00Z
Nebraska,15000000,Natural Resources and Mining and Constru,46797,39.7,$19.50,$774.15,No,No,2009-04-01T05:00:00Z
Nebraska,20000000,Construction,45829,Confidential,Confidential,Confidential,No,No,2009-04-01T05:00:00Z
Nebraska,30000000,Manufacturing,93828,37.9,$20.21,$765.96,No,No,2009-04-01T05:00:00Z
Nebraska,31000000,Durable goods,43227,Confidential,Confidential,Confidential,No,No,2009-04-01T05:00:00Z
Nebraska,32000000,Nondurable goods,50601,Confidential,Confidential,Confidential,No,No,2009-04-01T05:00:00Z
Nebraska,40000000,"Trade, transportation, and utilities",197225,31.9,$17.44,$556.34,No,No,2009-04-01T05:00:00Z
Nebraska,41000000,Wholesale Trade,41008,Confidential,Confidential,Confidential,No,No,2009-04-01T05:00:00Z
Nebraska,42000000,Retail trade,103557,Confidential,Confidential,Confidential,No,No,2009-04-01T05:00:00Z
Nebraska,43000000,Transportation and warehousing,52660,Confidential,Confidential,Confidential,No,No,2009-04-01T05:00:00Z
Nebraska,50000000,Information,17909,Confidential,Confidential,Confidential,No,No,2009-04-01T05:00:00Z
Nebraska,55000000,Financial activities,68418,36.2,$26.81,$970.52,No,No,2009-04-01T05:00:00Z
Nebraska,60000000,Professional and business services,100461,35.0,$23.45,$820.75,No,No,2009-04-01T05:00:00Z
Nebraska,65000000,Education and health services,138571,32.8,$20.19,$662.23,No,No,2009-04-01T05:00:00Z
Nebraska,70000000,Leisure and hospitality,81794,21.1,$10.80,$227.88,No,No,2009-04-01T05:00:00Z
Nebraska,80000000,Other services,35815,Confidential,Confidential,Confidential,No,No,2009-04-01T05:00:00Z
Nebraska,90000000,Government,170736,Confidential,Confidential,Confidential,No,No,2009-04-01T05:00:00Z
Nebraska,06000000,Goods-producing,142703,39.5,$19.58,$773.41,No,No,2009-05-01T05:00:00Z
Nebraska,07000000,Service-providing,816714,Confidential,Confidential,Confidential,No,No,2009-05-01T05:00:00Z
Nebraska,08000000,Private service-providing,644207,32.4,$19.86,$643.46,No,No,2009-05-01T05:00:00Z
Nebraska,10000000,Mining and logging,985,Confidential,Confidential,Confidential,No,No,2009-05-01T05:00:00Z
Nebraska,15000000,Natural Resources and Mining and Constru,49128,40.6,$19.29,$783.17,No,No,2009-05-01T05:00:00Z
Nebraska,20000000,Construction,48143,Confidential,Confidential,Confidential,No,No,2009-05-01T05:00:00Z
Nebraska,30000000,Manufacturing,93575,39.0,$19.74,$769.86,No,No,2009-05-01T05:00:00Z
Nebraska,31000000,Durable goods,42671,Confidential,Confidential,Confidential,No,No,2009-05-01T05:00:00Z
Nebraska,32000000,Nondurable goods,50904,Confidential,Confidential,Confidential,No,No,2009-05-01T05:00:00Z
Nebraska,40000000,"Trade, transportation, and utilities",198569,32.0,$17.34,$554.88,No,No,2009-05-01T05:00:00Z
Nebraska,41000000,Wholesale Trade,41310,Confidential,Confidential,Confidential,No,No,2009-05-01T05:00:00Z
Nebraska,42000000,Retail trade,104575,Confidential,Confidential,Confidential,No,No,2009-05-01T05:00:00Z
Nebraska,43000000,Transportation and warehousing,52684,Confidential,Confidential,Confidential,No,No,2009-05-01T05:00:00Z
Nebraska,50000000,Information,17804,Confidential,Confidential,Confidential,No,No,2009-05-01T05:00:00Z
Nebraska,55000000,Financial activities,68505,36.1,$26.39,$952.68,No,No,2009-05-01T05:00:00Z
Nebraska,60000000,Professional and business services,100206,35.1,$22.15,$777.47,No,No,2009-05-01T05:00:00Z
Nebraska,65000000,Education and health services,138661,33.1,$19.90,$658.69,No,No,2009-05-01T05:00:00Z
Nebraska,70000000,Leisure and hospitality,84258,21.5,$10.75,$231.13,No,No,2009-05-01T05:00:00Z
Nebraska,80000000,Other services,36204,Confidential,Confidential,Confidential,No,No,2009-05-01T05:00:00Z
Nebraska,90000000,Government,172507,Confidential,Confidential,Confidential,No,No,2009-05-01T05:00:00Z
Nebraska,06000000,Goods-producing,143703,39.5,$19.73,$779.34,No,No,2009-06-01T05:00:00Z
Nebraska,07000000,Service-providing,813876,Confidential,Confidential,Confidential,No,No,2009-06-01T05:00:00Z
Nebraska,08000000,Private service-providing,643947,32.6,$19.89,$648.41,No,No,2009-06-01T05:00:00Z
Nebraska,10000000,Mining and logging,983,Confidential,Confidential,Confidential,No,No,2009-06-01T05:00:00Z
Nebraska,15000000,Natural Resources and Mining and Constru,50554,40.5,$19.40,$785.70,No,No,2009-06-01T05:00:00Z
Nebraska,20000000,Construction,49571,Confidential,Confidential,Confidential,No,No,2009-06-01T05:00:00Z
Nebraska,30000000,Manufacturing,93149,39.0,$19.92,$776.88,No,No,2009-06-01T05:00:00Z
Nebraska,31000000,Durable goods,42198,Confidential,Confidential,Confidential,No,No,2009-06-01T05:00:00Z
Nebraska,32000000,Nondurable goods,50951,Confidential,Confidential,Confidential,No,No,2009-06-01T05:00:00Z
Nebraska,40000000,"Trade, transportation, and utilities",197861,32.5,$17.15,$557.38,No,No,2009-06-01T05:00:00Z
Nebraska,41000000,Wholesale Trade,41374,Confidential,Confidential,Confidential,No,No,2009-06-01T05:00:00Z
Nebraska,42000000,Retail trade,104436,Confidential,Confidential,Confidential,No,No,2009-06-01T05:00:00Z
Nebraska,43000000,Transportation and warehousing,52051,Confidential,Confidential,Confidential,No,No,2009-06-01T05:00:00Z
Nebraska,50000000,Information,18024,Confidential,Confidential,Confidential,No,No,2009-06-01T05:00:00Z
Nebraska,55000000,Financial activities,68686,36.4,$26.58,$967.51,No,No,2009-06-01T05:00:00Z
Nebraska,60000000,Professional and business services,100994,35.7,$22.10,$788.97,No,No,2009-06-01T05:00:00Z
Nebraska,65000000,Education and health services,136894,32.4,$20.20,$654.48,No,No,2009-06-01T05:00:00Z
Nebraska,70000000,Leisure and hospitality,84893,22.4,$10.57,$236.77,No,No,2009-06-01T05:00:00Z
Nebraska,80000000,Other services,36595,Confidential,Confidential,Confidential,No,No,2009-06-01T05:00:00Z
Nebraska,90000000,Government,169929,Confidential,Confidential,Confidential,No,No,2009-06-01T05:00:00Z
Nebraska,06000000,Goods-producing,144046,40.4,$19.66,$794.26,No,No,2009-07-01T05:00:00Z
Nebraska,07000000,Service-providing,804212,Confidential,Confidential,Confidential,No,No,2009-07-01T05:00:00Z
Nebraska,08000000,Private service-providing,640738,32.5,$19.86,$645.45,No,No,2009-07-01T05:00:00Z
Nebraska,10000000,Mining and logging,999,Confidential,Confidential,Confidential,No,No,2009-07-01T05:00:00Z
Nebraska,15000000,Natural Resources and Mining and Constru,51823,42.5,$19.19,$815.58,No,No,2009-07-01T05:00:00Z
Nebraska,20000000,Construction,50824,Confidential,Confidential,Confidential,No,No,2009-07-01T05:00:00Z
Nebraska,30000000,Manufacturing,92223,39.2,$19.95,$782.04,No,No,2009-07-01T05:00:00Z
Nebraska,31000000,Durable goods,41814,Confidential,Confidential,Confidential,No,No,2009-07-01T05:00:00Z
Nebraska,32000000,Nondurable goods,50409,Confidential,Confidential,Confidential,No,No,2009-07-01T05:00:00Z
Nebraska,40000000,"Trade, transportation, and utilities",196461,32.1,$17.26,$554.05,No,No,2009-07-01T05:00:00Z
Nebraska,41000000,Wholesale Trade,41319,Confidential,Confidential,Confidential,No,No,2009-07-01T05:00:00Z
Nebraska,42000000,Retail trade,103696,Confidential,Confidential,Confidential,No,No,2009-07-01T05:00:00Z
Nebraska,43000000,Transportation and warehousing,51446,Confidential,Confidential,Confidential,No,No,2009-07-01T05:00:00Z
Nebraska,50000000,Information,18013,Confidential,Confidential,Confidential,No,No,2009-07-01T05:00:00Z
Nebraska,55000000,Financial activities,68301,36.4,$26.28,$956.59,No,No,2009-07-01T05:00:00Z
Nebraska,60000000,Professional and business services,100302,35.5,$22.06,$783.13,No,No,2009-07-01T05:00:00Z
Nebraska,65000000,Education and health services,136921,32.3,$20.10,$649.23,No,No,2009-07-01T05:00:00Z
Nebraska,70000000,Leisure and hospitality,84151,22.4,$10.48,$234.75,No,No,2009-07-01T05:00:00Z
Nebraska,80000000,Other services,36589,Confidential,Confidential,Confidential,No,No,2009-07-01T05:00:00Z
Nebraska,90000000,Government,163474,Confidential,Confidential,Confidential,No,No,2009-07-01T05:00:00Z
Nebraska,06000000,Goods-producing,143392,40.6,$19.70,$799.82,No,No,2009-08-01T05:00:00Z
Nebraska,07000000,Service-providing,803126,Confidential,Confidential,Confidential,No,No,2009-08-01T05:00:00Z
Nebraska,08000000,Private service-providing,640990,32.9,$20.39,$670.83,No,No,2009-08-01T05:00:00Z
Nebraska,10000000,Mining and logging,998,Confidential,Confidential,Confidential,No,No,2009-08-01T05:00:00Z
Nebraska,15000000,Natural Resources and Mining and Constru,51441,42.3,$19.37,$819.35,No,No,2009-08-01T05:00:00Z
Nebraska,20000000,Construction,50443,Confidential,Confidential,Confidential,No,No,2009-08-01T05:00:00Z
Nebraska,30000000,Manufacturing,91951,39.7,$19.90,$790.03,No,No,2009-08-01T05:00:00Z
Nebraska,31000000,Durable goods,41590,Confidential,Confidential,Confidential,No,No,2009-08-01T05:00:00Z
Nebraska,32000000,Nondurable goods,50361,Confidential,Confidential,Confidential,No,No,2009-08-01T05:00:00Z
Nebraska,40000000,"Trade, transportation, and utilities",196327,32.7,$17.86,$584.02,No,No,2009-08-01T05:00:00Z
Nebraska,41000000,Wholesale Trade,40819,Confidential,Confidential,Confidential,No,No,2009-08-01T05:00:00Z
Nebraska,42000000,Retail trade,103926,Confidential,Confidential,Confidential,No,No,2009-08-01T05:00:00Z
Nebraska,43000000,Transportation and warehousing,51582,Confidential,Confidential,Confidential,No,No,2009-08-01T05:00:00Z
Nebraska,50000000,Information,17939,Confidential,Confidential,Confidential,No,No,2009-08-01T05:00:00Z
Nebraska,55000000,Financial activities,68288,37.7,$27.71,"$1,044.67",No,No,2009-08-01T05:00:00Z
Nebraska,60000000,Professional and business services,99812,36.0,$22.42,$807.12,No,No,2009-08-01T05:00:00Z
Nebraska,65000000,Education and health services,137416,32.4,$20.32,$658.37,No,No,2009-08-01T05:00:00Z
Nebraska,70000000,Leisure and hospitality,84656,22.6,$10.82,$244.53,No,No,2009-08-01T05:00:00Z
Nebraska,80000000,Other services,36552,Confidential,Confidential,Confidential,No,No,2009-08-01T05:00:00Z
Nebraska,90000000,Government,162136,Confidential,Confidential,Confidential,No,No,2009-08-01T05:00:00Z
Nebraska,06000000,Goods-producing,142360,39.6,$19.68,$779.33,No,No,2009-09-01T05:00:00Z
Nebraska,07000000,Service-providing,806467,Confidential,Confidential,Confidential,No,No,2009-09-01T05:00:00Z
Nebraska,08000000,Private service-providing,638467,31.9,$20.40,$650.76,No,No,2009-09-01T05:00:00Z
Nebraska,10000000,Mining and logging,983,Confidential,Confidential,Confidential,No,No,2009-09-01T05:00:00Z
Nebraska,15000000,Natural Resources and Mining and Constru,50442,40.9,$19.43,$794.69,No,No,2009-09-01T05:00:00Z
Nebraska,20000000,Construction,49459,Confidential,Confidential,Confidential,No,No,2009-09-01T05:00:00Z
Nebraska,30000000,Manufacturing,91918,38.9,$19.83,$771.39,No,No,2009-09-01T05:00:00Z
Nebraska,31000000,Durable goods,41706,Confidential,Confidential,Confidential,No,No,2009-09-01T05:00:00Z
Nebraska,32000000,Nondurable goods,50212,Confidential,Confidential,Confidential,No,No,2009-09-01T05:00:00Z
Nebraska,40000000,"Trade, transportation, and utilities",195597,31.6,$17.75,$560.90,No,No,2009-09-01T05:00:00Z
Nebraska,41000000,Wholesale Trade,40578,Confidential,Confidential,Confidential,No,No,2009-09-01T05:00:00Z
Nebraska,42000000,Retail trade,103235,Confidential,Confidential,Confidential,No,No,2009-09-01T05:00:00Z
Nebraska,43000000,Transportation and warehousing,51784,Confidential,Confidential,Confidential,No,No,2009-09-01T05:00:00Z
Nebraska,50000000,Information,17816,Confidential,Confidential,Confidential,No,No,2009-09-01T05:00:00Z
Nebraska,55000000,Financial activities,67813,36.2,$27.19,$984.28,No,No,2009-09-01T05:00:00Z
Nebraska,60000000,Professional and business services,98882,35.1,$22.57,$792.21,No,No,2009-09-01T05:00:00Z
Nebraska,65000000,Education and health services,139032,32.1,$20.30,$651.63,No,No,2009-09-01T05:00:00Z
Nebraska,70000000,Leisure and hospitality,82822,20.4,$11.22,$228.89,No,No,2009-09-01T05:00:00Z
Nebraska,80000000,Other services,36505,Confidential,Confidential,Confidential,No,No,2009-09-01T05:00:00Z
Nebraska,90000000,Government,168000,Confidential,Confidential,Confidential,No,No,2009-09-01T05:00:00Z
Nebraska,06000000,Goods-producing,140554,40.6,$19.67,$798.60,No,No,2009-10-01T05:00:00Z
Nebraska,07000000,Service-providing,811487,Confidential,Confidential,Confidential,No,No,2009-10-01T05:00:00Z
Nebraska,08000000,Private service-providing,640557,32.2,$20.39,$656.56,No,No,2009-10-01T05:00:00Z
Nebraska,10000000,Mining and logging,970,Confidential,Confidential,Confidential,No,No,2009-10-01T05:00:00Z
Nebraska,15000000,Natural Resources and Mining and Constru,48910,41.9,$19.59,$820.82,No,No,2009-10-01T05:00:00Z
Nebraska,20000000,Construction,47940,Confidential,Confidential,Confidential,No,No,2009-10-01T05:00:00Z
Nebraska,30000000,Manufacturing,91644,40.0,$19.71,$788.40,No,No,2009-10-01T05:00:00Z
Nebraska,31000000,Durable goods,41443,Confidential,Confidential,Confidential,No,No,2009-10-01T05:00:00Z
Nebraska,32000000,Nondurable goods,50201,Confidential,Confidential,Confidential,No,No,2009-10-01T05:00:00Z
Nebraska,40000000,"Trade, transportation, and utilities",197380,32.0,$17.71,$566.72,No,No,2009-10-01T05:00:00Z
Nebraska,41000000,Wholesale Trade,41144,Confidential,Confidential,Confidential,No,No,2009-10-01T05:00:00Z
Nebraska,42000000,Retail trade,104152,Confidential,Confidential,Confidential,No,No,2009-10-01T05:00:00Z
Nebraska,43000000,Transportation and warehousing,52084,Confidential,Confidential,Confidential,No,No,2009-10-01T05:00:00Z
Nebraska,50000000,Information,17657,Confidential,Confidential,Confidential,No,No,2009-10-01T05:00:00Z
Nebraska,55000000,Financial activities,67980,36.4,$26.71,$972.24,No,No,2009-10-01T05:00:00Z
Nebraska,60000000,Professional and business services,99907,35.2,$22.93,$807.14,No,No,2009-10-01T05:00:00Z
Nebraska,65000000,Education and health services,140102,32.2,$20.00,$644.00,No,No,2009-10-01T05:00:00Z
Nebraska,70000000,Leisure and hospitality,80966,21.1,$11.36,$239.70,No,No,2009-10-01T05:00:00Z
Nebraska,80000000,Other services,36565,Confidential,Confidential,Confidential,No,No,2009-10-01T05:00:00Z
Nebraska,90000000,Government,170930,Confidential,Confidential,Confidential,No,No,2009-10-01T05:00:00Z
Nebraska,06000000,Goods-producing,138956,40.6,$20.01,$812.41,No,No,2009-11-01T05:00:00Z
Nebraska,07000000,Service-providing,813084,Confidential,Confidential,Confidential,No,No,2009-11-01T05:00:00Z
Nebraska,08000000,Private service-providing,641418,32.7,$20.61,$673.95,No,No,2009-11-01T05:00:00Z
Nebraska,10000000,Mining and logging,963,Confidential,Confidential,Confidential,No,No,2009-11-01T05:00:00Z
Nebraska,15000000,Natural Resources and Mining and Constru,47164,42.2,$19.84,$837.25,No,No,2009-11-01T05:00:00Z
Nebraska,20000000,Construction,46201,Confidential,Confidential,Confidential,No,No,2009-11-01T05:00:00Z
Nebraska,30000000,Manufacturing,91792,39.8,$20.10,$799.98,No,No,2009-11-01T05:00:00Z
Nebraska,31000000,Durable goods,41257,Confidential,Confidential,Confidential,No,No,2009-11-01T05:00:00Z
Nebraska,32000000,Nondurable goods,50535,Confidential,Confidential,Confidential,No,No,2009-11-01T05:00:00Z
Nebraska,40000000,"Trade, transportation, and utilities",199531,32.1,$17.90,$574.59,No,No,2009-11-01T05:00:00Z
Nebraska,41000000,Wholesale Trade,40961,Confidential,Confidential,Confidential,No,No,2009-11-01T05:00:00Z
Nebraska,42000000,Retail trade,106609,Confidential,Confidential,Confidential,No,No,2009-11-01T05:00:00Z
Nebraska,43000000,Transportation and warehousing,51961,Confidential,Confidential,Confidential,No,No,2009-11-01T05:00:00Z
Nebraska,50000000,Information,17838,Confidential,Confidential,Confidential,No,No,2009-11-01T05:00:00Z
Nebraska,55000000,Financial activities,68118,38.1,$26.98,"$1,027.94",No,No,2009-11-01T05:00:00Z
Nebraska,60000000,Professional and business services,99165,35.5,$23.36,$829.28,No,No,2009-11-01T05:00:00Z
Nebraska,65000000,Education and health services,140717,32.5,$20.01,$650.33,No,No,2009-11-01T05:00:00Z
Nebraska,70000000,Leisure and hospitality,79204,21.4,$11.45,$245.03,No,No,2009-11-01T05:00:00Z
Nebraska,80000000,Other services,36845,Confidential,Confidential,Confidential,No,No,2009-11-01T05:00:00Z
Nebraska,90000000,Government,171666,Confidential,Confidential,Confidential,No,No,2009-11-01T05:00:00Z
Nebraska,06000000,Goods-producing,135094,38.7,$20.09,$777.48,No,No,2009-12-01T06:00:00Z
Nebraska,07000000,Service-providing,810635,Confidential,Confidential,Confidential,No,No,2009-12-01T06:00:00Z
Nebraska,08000000,Private service-providing,640774,31.9,$20.74,$661.61,No,No,2009-12-01T06:00:00Z
Nebraska,10000000,Mining and logging,905,Confidential,Confidential,Confidential,No,No,2009-12-01T06:00:00Z
Nebraska,15000000,Natural Resources and Mining and Constru,43671,37.0,$20.37,$753.69,No,No,2009-12-01T06:00:00Z
Nebraska,20000000,Construction,42766,Confidential,Confidential,Confidential,No,No,2009-12-01T06:00:00Z
Nebraska,30000000,Manufacturing,91423,39.5,$19.97,$788.82,No,No,2009-12-01T06:00:00Z
Nebraska,31000000,Durable goods,41118,Confidential,Confidential,Confidential,No,No,2009-12-01T06:00:00Z
Nebraska,32000000,Nondurable goods,50305,Confidential,Confidential,Confidential,No,No,2009-12-01T06:00:00Z
Nebraska,40000000,"Trade, transportation, and utilities",200284,32.1,$18.10,$581.01,No,No,2009-12-01T06:00:00Z
Nebraska,41000000,Wholesale Trade,41068,Confidential,Confidential,Confidential,No,No,2009-12-01T06:00:00Z
Nebraska,42000000,Retail trade,106856,Confidential,Confidential,Confidential,No,No,2009-12-01T06:00:00Z
Nebraska,43000000,Transportation and warehousing,52360,Confidential,Confidential,Confidential,No,No,2009-12-01T06:00:00Z
Nebraska,50000000,Information,17884,Confidential,Confidential,Confidential,No,No,2009-12-01T06:00:00Z
Nebraska,55000000,Financial activities,68338,36.5,$26.65,$972.73,No,No,2009-12-01T06:00:00Z
Nebraska,60000000,Professional and business services,99081,34.4,$23.43,$805.99,No,No,2009-12-01T06:00:00Z
Nebraska,65000000,Education and health services,140709,31.8,$20.16,$641.09,No,No,2009-12-01T06:00:00Z
Nebraska,70000000,Leisure and hospitality,77640,20.6,$11.40,$234.84,No,No,2009-12-01T06:00:00Z
Nebraska,80000000,Other services,36838,Confidential,Confidential,Confidential,No,No,2009-12-01T06:00:00Z
Nebraska,90000000,Government,169861,Confidential,Confidential,Confidential,No,No,2009-12-01T06:00:00Z
Nebraska,06000000,Goods-producing,128914,40.0,$20.00,$800.00,No,No,2010-01-01T06:00:00Z
Nebraska,07000000,Service-providing,792525,Confidential,Confidential,Confidential,No,No,2010-01-01T06:00:00Z
Nebraska,08000000,Private service-providing,625578,32.3,$20.79,$671.52,No,No,2010-01-01T06:00:00Z
Nebraska,10000000,Mining and logging,758,Confidential,Confidential,Confidential,No,No,2010-01-01T06:00:00Z
Nebraska,15000000,Natural Resources and Mining and Constru,38409,38.9,$20.87,$811.84,No,No,2010-01-01T06:00:00Z
Nebraska,20000000,Construction,37651,Confidential,Confidential,Confidential,No,No,2010-01-01T06:00:00Z
Nebraska,30000000,Manufacturing,90505,40.4,$19.65,$793.86,No,No,2010-01-01T06:00:00Z
Nebraska,31000000,Durable goods,40647,Confidential,Confidential,Confidential,No,No,2010-01-01T06:00:00Z
Nebraska,32000000,Nondurable goods,49858,Confidential,Confidential,Confidential,No,No,2010-01-01T06:00:00Z
Nebraska,40000000,"Trade, transportation, and utilities",192508,32.5,$17.87,$580.78,No,No,2010-01-01T06:00:00Z
Nebraska,41000000,Wholesale Trade,39644,Confidential,Confidential,Confidential,No,No,2010-01-01T06:00:00Z
Nebraska,42000000,Retail trade,102376,Confidential,Confidential,Confidential,No,No,2010-01-01T06:00:00Z
Nebraska,43000000,Transportation and warehousing,50488,Confidential,Confidential,Confidential,No,No,2010-01-01T06:00:00Z
Nebraska,50000000,Information,17656,Confidential,Confidential,Confidential,No,No,2010-01-01T06:00:00Z
Nebraska,55000000,Financial activities,67772,36.6,$26.42,$966.97,No,No,2010-01-01T06:00:00Z
Nebraska,60000000,Professional and business services,97323,34.8,$23.68,$824.06,No,No,2010-01-01T06:00:00Z
Nebraska,65000000,Education and health services,138754,32.1,$20.38,$654.20,No,No,2010-01-01T06:00:00Z
Nebraska,70000000,Leisure and hospitality,75264,21.1,$11.45,$241.60,No,No,2010-01-01T06:00:00Z
Nebraska,80000000,Other services,36301,Confidential,Confidential,Confidential,No,No,2010-01-01T06:00:00Z
Nebraska,90000000,Government,166947,Confidential,Confidential,Confidential,No,No,2010-01-01T06:00:00Z
Nebraska,06000000,Goods-producing,128868,39.8,$20.02,$796.80,No,No,2010-02-01T06:00:00Z
Nebraska,07000000,Service-providing,795876,Confidential,Confidential,Confidential,No,No,2010-02-01T06:00:00Z
Nebraska,08000000,Private service-providing,626395,32.4,$20.84,$675.22,No,No,2010-02-01T06:00:00Z
Nebraska,10000000,Mining and logging,789,Confidential,Confidential,Confidential,No,No,2010-02-01T06:00:00Z
Nebraska,15000000,Natural Resources and Mining and Constru,38078,38.8,$20.99,$814.41,No,No,2010-02-01T06:00:00Z
Nebraska,20000000,Construction,37289,Confidential,Confidential,Confidential,No,No,2010-02-01T06:00:00Z
Nebraska,30000000,Manufacturing,90790,40.3,$19.63,$791.09,No,No,2010-02-01T06:00:00Z
Nebraska,31000000,Durable goods,40899,Confidential,Confidential,Confidential,No,No,2010-02-01T06:00:00Z
Nebraska,32000000,Nondurable goods,49891,Confidential,Confidential,Confidential,No,No,2010-02-01T06:00:00Z
Nebraska,40000000,"Trade, transportation, and utilities",191137,32.8,$17.91,$587.45,No,No,2010-02-01T06:00:00Z
Nebraska,41000000,Wholesale Trade,39551,Confidential,Confidential,Confidential,No,No,2010-02-01T06:00:00Z
Nebraska,42000000,Retail trade,101225,Confidential,Confidential,Confidential,No,No,2010-02-01T06:00:00Z
Nebraska,43000000,Transportation and warehousing,50361,Confidential,Confidential,Confidential,No,No,2010-02-01T06:00:00Z
Nebraska,50000000,Information,17570,Confidential,Confidential,Confidential,No,No,2010-02-01T06:00:00Z
Nebraska,55000000,Financial activities,67876,36.6,$26.41,$966.61,No,No,2010-02-01T06:00:00Z
Nebraska,60000000,Professional and business services,97411,34.5,$23.90,$824.55,No,No,2010-02-01T06:00:00Z
Nebraska,65000000,Education and health services,140172,32.1,$20.59,$660.94,No,No,2010-02-01T06:00:00Z
Nebraska,70000000,Leisure and hospitality,75780,21.8,$11.37,$247.87,No,No,2010-02-01T06:00:00Z
Nebraska,80000000,Other services,36449,Confidential,Confidential,Confidential,No,No,2010-02-01T06:00:00Z
Nebraska,90000000,Government,169481,Confidential,Confidential,Confidential,No,No,2010-02-01T06:00:00Z
Nebraska,06000000,Goods-producing,129558,40.1,$19.95,$800.00,No,No,2010-03-01T06:00:00Z
Nebraska,07000000,Service-providing,801549,Confidential,Confidential,Confidential,No,No,2010-03-01T06:00:00Z
Nebraska,08000000,Private service-providing,630221,32.4,$21.03,$681.37,No,No,2010-03-01T06:00:00Z
Nebraska,10000000,Mining and logging,842,Confidential,Confidential,Confidential,No,No,2010-03-01T06:00:00Z
Nebraska,15000000,Natural Resources and Mining and Constru,38598,38.8,$21.34,$827.99,No,No,2010-03-01T06:00:00Z
Nebraska,20000000,Construction,37756,Confidential,Confidential,Confidential,No,No,2010-03-01T06:00:00Z
Nebraska,30000000,Manufacturing,90960,40.6,$19.39,$787.23,No,No,2010-03-01T06:00:00Z
Nebraska,31000000,Durable goods,41028,Confidential,Confidential,Confidential,No,No,2010-03-01T06:00:00Z
Nebraska,32000000,Nondurable goods,49932,Confidential,Confidential,Confidential,No,No,2010-03-01T06:00:00Z
Nebraska,40000000,"Trade, transportation, and utilities",192267,32.3,$17.83,$575.91,No,No,2010-03-01T06:00:00Z
Nebraska,41000000,Wholesale Trade,39833,Confidential,Confidential,Confidential,No,No,2010-03-01T06:00:00Z
Nebraska,42000000,Retail trade,101924,Confidential,Confidential,Confidential,No,No,2010-03-01T06:00:00Z
Nebraska,43000000,Transportation and warehousing,50510,Confidential,Confidential,Confidential,No,No,2010-03-01T06:00:00Z
Nebraska,50000000,Information,17469,Confidential,Confidential,Confidential,No,No,2010-03-01T06:00:00Z
Nebraska,55000000,Financial activities,68082,36.8,$26.33,$968.94,No,No,2010-03-01T06:00:00Z
Nebraska,60000000,Professional and business services,97782,34.9,$23.49,$819.80,No,No,2010-03-01T06:00:00Z
Nebraska,65000000,Education and health services,140435,32.4,$20.41,$661.28,No,No,2010-03-01T06:00:00Z
Nebraska,70000000,Leisure and hospitality,77330,22.0,$11.43,$251.46,No,No,2010-03-01T06:00:00Z
Nebraska,80000000,Other services,36856,Confidential,Confidential,Confidential,No,No,2010-03-01T06:00:00Z
Nebraska,90000000,Government,171328,Confidential,Confidential,Confidential,No,No,2010-03-01T06:00:00Z
Nebraska,06000000,Goods-producing,133807,40.4,$19.71,$796.28,No,No,2010-04-01T05:00:00Z
Nebraska,07000000,Service-providing,810508,Confidential,Confidential,Confidential,No,No,2010-04-01T05:00:00Z
Nebraska,08000000,Private service-providing,638516,32.5,$21.32,$692.90,No,No,2010-04-01T05:00:00Z
Nebraska,10000000,Mining and logging,943,Confidential,Confidential,Confidential,No,No,2010-04-01T05:00:00Z
Nebraska,15000000,Natural Resources and Mining and Constru,42466,40.4,$20.56,$830.62,No,No,2010-04-01T05:00:00Z
Nebraska,20000000,Construction,41523,Confidential,Confidential,Confidential,No,No,2010-04-01T05:00:00Z
Nebraska,30000000,Manufacturing,91341,40.4,$19.31,$780.12,No,No,2010-04-01T05:00:00Z
Nebraska,31000000,Durable goods,41388,Confidential,Confidential,Confidential,No,No,2010-04-01T05:00:00Z
Nebraska,32000000,Nondurable goods,49953,Confidential,Confidential,Confidential,No,No,2010-04-01T05:00:00Z
Nebraska,40000000,"Trade, transportation, and utilities",194383,33.0,$18.16,$599.28,No,No,2010-04-01T05:00:00Z
Nebraska,41000000,Wholesale Trade,40688,Confidential,Confidential,Confidential,No,No,2010-04-01T05:00:00Z
Nebraska,42000000,Retail trade,102834,Confidential,Confidential,Confidential,No,No,2010-04-01T05:00:00Z
Nebraska,43000000,Transportation and warehousing,50861,Confidential,Confidential,Confidential,No,No,2010-04-01T05:00:00Z
Nebraska,50000000,Information,17393,Confidential,Confidential,Confidential,No,No,2010-04-01T05:00:00Z
Nebraska,55000000,Financial activities,68138,36.4,$26.94,$980.62,No,No,2010-04-01T05:00:00Z
Nebraska,60000000,Professional and business services,100425,35.0,$23.81,$833.35,No,No,2010-04-01T05:00:00Z
Nebraska,65000000,Education and health services,140468,32.8,$20.67,$677.98,No,No,2010-04-01T05:00:00Z
Nebraska,70000000,Leisure and hospitality,80664,21.9,$11.48,$251.41,No,No,2010-04-01T05:00:00Z
Nebraska,80000000,Other services,37045,Confidential,Confidential,Confidential,No,No,2010-04-01T05:00:00Z
Nebraska,90000000,Government,171992,Confidential,Confidential,Confidential,No,No,2010-04-01T05:00:00Z
Nebraska,06000000,Goods-producing,135651,40.3,$19.78,$797.13,No,No,2010-05-01T05:00:00Z
Nebraska,07000000,Service-providing,818822,Confidential,Confidential,Confidential,No,No,2010-05-01T05:00:00Z
Nebraska,08000000,Private service-providing,643550,33.1,$21.43,$709.33,No,No,2010-05-01T05:00:00Z
Nebraska,10000000,Mining and logging,961,Confidential,Confidential,Confidential,No,No,2010-05-01T05:00:00Z
Nebraska,15000000,Natural Resources and Mining and Constru,43846,40.0,$20.71,$828.40,No,No,2010-05-01T05:00:00Z
Nebraska,20000000,Construction,42885,Confidential,Confidential,Confidential,No,No,2010-05-01T05:00:00Z
Nebraska,30000000,Manufacturing,91805,40.5,$19.34,$783.27,No,No,2010-05-01T05:00:00Z
Nebraska,31000000,Durable goods,41639,Confidential,Confidential,Confidential,No,No,2010-05-01T05:00:00Z
Nebraska,32000000,Nondurable goods,50166,Confidential,Confidential,Confidential,No,No,2010-05-01T05:00:00Z
Nebraska,40000000,"Trade, transportation, and utilities",196061,33.4,$18.35,$612.89,No,No,2010-05-01T05:00:00Z
Nebraska,41000000,Wholesale Trade,40996,Confidential,Confidential,Confidential,No,No,2010-05-01T05:00:00Z
Nebraska,42000000,Retail trade,104099,Confidential,Confidential,Confidential,No,No,2010-05-01T05:00:00Z
Nebraska,43000000,Transportation and warehousing,50966,Confidential,Confidential,Confidential,No,No,2010-05-01T05:00:00Z
Nebraska,50000000,Information,17492,Confidential,Confidential,Confidential,No,No,2010-05-01T05:00:00Z
Nebraska,55000000,Financial activities,68423,38.1,$27.10,"$1,032.51",No,No,2010-05-01T05:00:00Z
Nebraska,60000000,Professional and business services,100598,35.2,$24.29,$855.01,No,No,2010-05-01T05:00:00Z
Nebraska,65000000,Education and health services,140931,33.1,$20.68,$684.51,No,No,2010-05-01T05:00:00Z
Nebraska,70000000,Leisure and hospitality,82955,22.6,$11.54,$260.80,No,No,2010-05-01T05:00:00Z
Nebraska,80000000,Other services,37090,Confidential,Confidential,Confidential,No,No,2010-05-01T05:00:00Z
Nebraska,90000000,Government,175272,Confidential,Confidential,Confidential,No,No,2010-05-01T05:00:00Z
Nebraska,06000000,Goods-producing,137979,40.8,$19.72,$804.58,No,No,2010-06-01T05:00:00Z
Nebraska,07000000,Service-providing,818426,Confidential,Confidential,Confidential,No,No,2010-06-01T05:00:00Z
Nebraska,08000000,Private service-providing,646337,32.9,$21.17,$696.49,No,No,2010-06-01T05:00:00Z
Nebraska,10000000,Mining and logging,986,Confidential,Confidential,Confidential,No,No,2010-06-01T05:00:00Z
Nebraska,15000000,Natural Resources and Mining and Constru,45812,40.8,$20.41,$832.73,No,No,2010-06-01T05:00:00Z
Nebraska,20000000,Construction,44826,Confidential,Confidential,Confidential,No,No,2010-06-01T05:00:00Z
Nebraska,30000000,Manufacturing,92167,40.9,$19.38,$792.64,No,No,2010-06-01T05:00:00Z
Nebraska,31000000,Durable goods,41910,Confidential,Confidential,Confidential,No,No,2010-06-01T05:00:00Z
Nebraska,32000000,Nondurable goods,50257,Confidential,Confidential,Confidential,No,No,2010-06-01T05:00:00Z
Nebraska,40000000,"Trade, transportation, and utilities",196116,33.6,$18.15,$609.84,No,No,2010-06-01T05:00:00Z
Nebraska,41000000,Wholesale Trade,41188,Confidential,Confidential,Confidential,No,No,2010-06-01T05:00:00Z
Nebraska,42000000,Retail trade,104182,Confidential,Confidential,Confidential,No,No,2010-06-01T05:00:00Z
Nebraska,43000000,Transportation and warehousing,50746,Confidential,Confidential,Confidential,No,No,2010-06-01T05:00:00Z
Nebraska,50000000,Information,17613,Confidential,Confidential,Confidential,No,No,2010-06-01T05:00:00Z
Nebraska,55000000,Financial activities,69082,36.7,$26.79,$983.19,No,No,2010-06-01T05:00:00Z
Nebraska,60000000,Professional and business services,101777,35.0,$23.90,$836.50,No,No,2010-06-01T05:00:00Z
Nebraska,65000000,Education and health services,140251,33.4,$20.57,$687.04,No,No,2010-06-01T05:00:00Z
Nebraska,70000000,Leisure and hospitality,84339,22.5,$11.41,$256.73,No,No,2010-06-01T05:00:00Z
Nebraska,80000000,Other services,37159,Confidential,Confidential,Confidential,No,No,2010-06-01T05:00:00Z
Nebraska,90000000,Government,172089,Confidential,Confidential,Confidential,No,No,2010-06-01T05:00:00Z
Nebraska,06000000,Goods-producing,137899,40.7,$19.78,$805.05,No,No,2010-07-01T05:00:00Z
Nebraska,07000000,Service-providing,808769,Confidential,Confidential,Confidential,No,No,2010-07-01T05:00:00Z
Nebraska,08000000,Private service-providing,646415,32.9,$21.11,$694.52,No,No,2010-07-01T05:00:00Z
Nebraska,10000000,Mining and logging,983,Confidential,Confidential,Confidential,No,No,2010-07-01T05:00:00Z
Nebraska,15000000,Natural Resources and Mining and Constru,45725,41.5,$20.34,$844.11,No,No,2010-07-01T05:00:00Z
Nebraska,20000000,Construction,44742,Confidential,Confidential,Confidential,No,No,2010-07-01T05:00:00Z
Nebraska,30000000,Manufacturing,92174,40.3,$19.49,$785.45,No,No,2010-07-01T05:00:00Z
Nebraska,31000000,Durable goods,41918,Confidential,Confidential,Confidential,No,No,2010-07-01T05:00:00Z
Nebraska,32000000,Nondurable goods,50256,Confidential,Confidential,Confidential,No,No,2010-07-01T05:00:00Z
Nebraska,40000000,"Trade, transportation, and utilities",195451,33.1,$18.11,$599.44,No,No,2010-07-01T05:00:00Z
Nebraska,41000000,Wholesale Trade,40978,Confidential,Confidential,Confidential,No,No,2010-07-01T05:00:00Z
Nebraska,42000000,Retail trade,103667,Confidential,Confidential,Confidential,No,No,2010-07-01T05:00:00Z
Nebraska,43000000,Transportation and warehousing,50806,Confidential,Confidential,Confidential,No,No,2010-07-01T05:00:00Z
Nebraska,50000000,Information,17509,Confidential,Confidential,Confidential,No,No,2010-07-01T05:00:00Z
Nebraska,55000000,Financial activities,69211,36.8,$26.57,$977.78,No,No,2010-07-01T05:00:00Z
Nebraska,60000000,Professional and business services,102799,34.9,$23.96,$836.20,No,No,2010-07-01T05:00:00Z
Nebraska,65000000,Education and health services,140204,32.9,$20.62,$678.40,No,No,2010-07-01T05:00:00Z
Nebraska,70000000,Leisure and hospitality,84042,22.6,$11.44,$258.54,No,No,2010-07-01T05:00:00Z
Nebraska,80000000,Other services,37199,Confidential,Confidential,Confidential,No,No,2010-07-01T05:00:00Z
Nebraska,90000000,Government,162354,Confidential,Confidential,Confidential,No,No,2010-07-01T05:00:00Z
Nebraska,06000000,Goods-producing,137526,41.2,$19.75,$813.70,No,No,2010-08-01T05:00:00Z
Nebraska,07000000,Service-providing,810115,Confidential,Confidential,Confidential,No,No,2010-08-01T05:00:00Z
Nebraska,08000000,Private service-providing,647653,33.4,$21.32,$712.09,No,No,2010-08-01T05:00:00Z
Nebraska,10000000,Mining and logging,980,Confidential,Confidential,Confidential,No,No,2010-08-01T05:00:00Z
Nebraska,15000000,Natural Resources and Mining and Constru,45504,41.3,$20.47,$845.41,No,No,2010-08-01T05:00:00Z
Nebraska,20000000,Construction,44524,Confidential,Confidential,Confidential,No,No,2010-08-01T05:00:00Z
Nebraska,30000000,Manufacturing,92022,41.2,$19.40,$799.28,No,No,2010-08-01T05:00:00Z
Nebraska,31000000,Durable goods,41628,Confidential,Confidential,Confidential,No,No,2010-08-01T05:00:00Z
Nebraska,32000000,Nondurable goods,50394,Confidential,Confidential,Confidential,No,No,2010-08-01T05:00:00Z
Nebraska,40000000,"Trade, transportation, and utilities",195396,33.2,$18.14,$602.25,No,No,2010-08-01T05:00:00Z
Nebraska,41000000,Wholesale Trade,40452,Confidential,Confidential,Confidential,No,No,2010-08-01T05:00:00Z
Nebraska,42000000,Retail trade,103642,Confidential,Confidential,Confidential,No,No,2010-08-01T05:00:00Z
Nebraska,43000000,Transportation and warehousing,51302,Confidential,Confidential,Confidential,No,No,2010-08-01T05:00:00Z
Nebraska,50000000,Information,17508,Confidential,Confidential,Confidential,No,No,2010-08-01T05:00:00Z
Nebraska,55000000,Financial activities,69248,38.4,$26.86,"$1,031.42",No,No,2010-08-01T05:00:00Z
Nebraska,60000000,Professional and business services,102544,35.3,$24.29,$857.44,No,No,2010-08-01T05:00:00Z
Nebraska,65000000,Education and health services,140930,33.3,$20.53,$683.65,No,No,2010-08-01T05:00:00Z
Nebraska,70000000,Leisure and hospitality,85079,22.7,$11.62,$263.77,No,No,2010-08-01T05:00:00Z
Nebraska,80000000,Other services,36948,Confidential,Confidential,Confidential,No,No,2010-08-01T05:00:00Z
Nebraska,90000000,Government,162462,Confidential,Confidential,Confidential,No,No,2010-08-01T05:00:00Z
Nebraska,06000000,Goods-producing,136663,40.2,$19.90,$799.98,No,No,2010-09-01T05:00:00Z
Nebraska,07000000,Service-providing,811588,Confidential,Confidential,Confidential,No,No,2010-09-01T05:00:00Z
Nebraska,08000000,Private service-providing,643764,33.0,$21.25,$701.25,No,No,2010-09-01T05:00:00Z
Nebraska,10000000,Mining and logging,974,Confidential,Confidential,Confidential,No,No,2010-09-01T05:00:00Z
Nebraska,15000000,Natural Resources and Mining and Constru,44581,40.0,$20.49,$819.60,No,No,2010-09-01T05:00:00Z
Nebraska,20000000,Construction,43607,Confidential,Confidential,Confidential,No,No,2010-09-01T05:00:00Z
Nebraska,30000000,Manufacturing,92082,40.3,$19.61,$790.28,No,No,2010-09-01T05:00:00Z
Nebraska,31000000,Durable goods,41530,Confidential,Confidential,Confidential,No,No,2010-09-01T05:00:00Z
Nebraska,32000000,Nondurable goods,50552,Confidential,Confidential,Confidential,No,No,2010-09-01T05:00:00Z
Nebraska,40000000,"Trade, transportation, and utilities",194369,32.9,$18.13,$596.48,No,No,2010-09-01T05:00:00Z
Nebraska,41000000,Wholesale Trade,40164,Confidential,Confidential,Confidential,No,No,2010-09-01T05:00:00Z
Nebraska,42000000,Retail trade,102561,Confidential,Confidential,Confidential,No,No,2010-09-01T05:00:00Z
Nebraska,43000000,Transportation and warehousing,51644,Confidential,Confidential,Confidential,No,No,2010-09-01T05:00:00Z
Nebraska,50000000,Information,17407,Confidential,Confidential,Confidential,No,No,2010-09-01T05:00:00Z
Nebraska,55000000,Financial activities,68819,36.9,$26.33,$971.58,No,No,2010-09-01T05:00:00Z
Nebraska,60000000,Professional and business services,102602,34.9,$24.27,$847.02,No,No,2010-09-01T05:00:00Z
Nebraska,65000000,Education and health services,140718,32.5,$20.63,$670.48,No,No,2010-09-01T05:00:00Z
Nebraska,70000000,Leisure and hospitality,83205,22.5,$11.46,$257.85,No,No,2010-09-01T05:00:00Z
Nebraska,80000000,Other services,36644,Confidential,Confidential,Confidential,No,No,2010-09-01T05:00:00Z
Nebraska,90000000,Government,167824,Confidential,Confidential,Confidential,No,No,2010-09-01T05:00:00Z
Nebraska,06000000,Goods-producing,136293,41.1,$19.84,$815.42,No,No,2010-10-01T05:00:00Z
Nebraska,07000000,Service-providing,819379,Confidential,Confidential,Confidential,No,No,2010-10-01T05:00:00Z
Nebraska,08000000,Private service-providing,647428,32.9,$21.23,$698.47,No,No,2010-10-01T05:00:00Z
Nebraska,10000000,Mining and logging,991,Confidential,Confidential,Confidential,No,No,2010-10-01T05:00:00Z
Nebraska,15000000,Natural Resources and Mining and Constru,44236,40.8,$20.55,$838.44,No,No,2010-10-01T05:00:00Z
Nebraska,20000000,Construction,43245,Confidential,Confidential,Confidential,No,No,2010-10-01T05:00:00Z
Nebraska,30000000,Manufacturing,92057,41.2,$19.50,$803.40,No,No,2010-10-01T05:00:00Z
Nebraska,31000000,Durable goods,41342,Confidential,Confidential,Confidential,No,No,2010-10-01T05:00:00Z
Nebraska,32000000,Nondurable goods,50715,Confidential,Confidential,Confidential,No,No,2010-10-01T05:00:00Z
Nebraska,40000000,"Trade, transportation, and utilities",197227,33.3,$18.04,$600.73,No,No,2010-10-01T05:00:00Z
Nebraska,41000000,Wholesale Trade,40420,Confidential,Confidential,Confidential,No,No,2010-10-01T05:00:00Z
Nebraska,42000000,Retail trade,104691,Confidential,Confidential,Confidential,No,No,2010-10-01T05:00:00Z
Nebraska,43000000,Transportation and warehousing,52116,Confidential,Confidential,Confidential,No,No,2010-10-01T05:00:00Z
Nebraska,50000000,Information,17394,Confidential,Confidential,Confidential,No,No,2010-10-01T05:00:00Z
Nebraska,55000000,Financial activities,69043,36.9,$26.27,$969.36,No,No,2010-10-01T05:00:00Z
Nebraska,60000000,Professional and business services,103196,35.0,$24.25,$848.75,No,No,2010-10-01T05:00:00Z
Nebraska,65000000,Education and health services,141817,32.3,$20.84,$673.13,No,No,2010-10-01T05:00:00Z
Nebraska,70000000,Leisure and hospitality,82164,22.6,$11.41,$257.87,No,No,2010-10-01T05:00:00Z
Nebraska,80000000,Other services,36587,Confidential,Confidential,Confidential,No,No,2010-10-01T05:00:00Z
Nebraska,90000000,Government,171951,Confidential,Confidential,Confidential,No,No,2010-10-01T05:00:00Z
Nebraska,06000000,Goods-producing,135447,40.8,$19.89,$811.51,No,No,2010-11-01T05:00:00Z
Nebraska,07000000,Service-providing,819407,Confidential,Confidential,Confidential,No,No,2010-11-01T05:00:00Z
Nebraska,08000000,Private service-providing,647447,32.7,$21.15,$691.61,No,No,2010-11-01T05:00:00Z
Nebraska,10000000,Mining and logging,971,Confidential,Confidential,Confidential,No,No,2010-11-01T05:00:00Z
Nebraska,15000000,Natural Resources and Mining and Constru,42981,39.3,$20.70,$813.51,No,No,2010-11-01T05:00:00Z
Nebraska,20000000,Construction,42010,Confidential,Confidential,Confidential,No,No,2010-11-01T05:00:00Z
Nebraska,30000000,Manufacturing,92466,41.5,$19.53,$810.50,No,No,2010-11-01T05:00:00Z
Nebraska,31000000,Durable goods,41518,Confidential,Confidential,Confidential,No,No,2010-11-01T05:00:00Z
Nebraska,32000000,Nondurable goods,50948,Confidential,Confidential,Confidential,No,No,2010-11-01T05:00:00Z
Nebraska,40000000,"Trade, transportation, and utilities",199957,32.9,$17.87,$587.92,No,No,2010-11-01T05:00:00Z
Nebraska,41000000,Wholesale Trade,40194,Confidential,Confidential,Confidential,No,No,2010-11-01T05:00:00Z
Nebraska,42000000,Retail trade,107157,Confidential,Confidential,Confidential,No,No,2010-11-01T05:00:00Z
Nebraska,43000000,Transportation and warehousing,52606,Confidential,Confidential,Confidential,No,No,2010-11-01T05:00:00Z
Nebraska,50000000,Information,17470,Confidential,Confidential,Confidential,No,No,2010-11-01T05:00:00Z
Nebraska,55000000,Financial activities,69032,36.8,$26.05,$958.64,No,No,2010-11-01T05:00:00Z
Nebraska,60000000,Professional and business services,102422,34.8,$24.37,$848.08,No,No,2010-11-01T05:00:00Z
Nebraska,65000000,Education and health services,141900,32.5,$20.79,$675.68,No,No,2010-11-01T05:00:00Z
Nebraska,70000000,Leisure and hospitality,80120,22.3,$11.43,$254.89,No,No,2010-11-01T05:00:00Z
Nebraska,80000000,Other services,36546,Confidential,Confidential,Confidential,No,No,2010-11-01T05:00:00Z
Nebraska,90000000,Government,171960,Confidential,Confidential,Confidential,No,No,2010-11-01T05:00:00Z
Nebraska,06000000,Goods-producing,133323,39.6,$20.10,$795.96,No,No,2010-12-01T06:00:00Z
Nebraska,07000000,Service-providing,820431,Confidential,Confidential,Confidential,No,No,2010-12-01T06:00:00Z
Nebraska,08000000,Private service-providing,649253,32.6,$21.13,$688.84,No,No,2010-12-01T06:00:00Z
Nebraska,10000000,Mining and logging,945,Confidential,Confidential,Confidential,No,No,2010-12-01T06:00:00Z
Nebraska,15000000,Natural Resources and Mining and Constru,40729,38.3,$21.33,$816.94,No,No,2010-12-01T06:00:00Z
Nebraska,20000000,Construction,39784,Confidential,Confidential,Confidential,No,No,2010-12-01T06:00:00Z
Nebraska,30000000,Manufacturing,92594,40.2,$19.59,$787.52,No,No,2010-12-01T06:00:00Z
Nebraska,31000000,Durable goods,41526,Confidential,Confidential,Confidential,No,No,2010-12-01T06:00:00Z
Nebraska,32000000,Nondurable goods,51068,Confidential,Confidential,Confidential,No,No,2010-12-01T06:00:00Z
Nebraska,40000000,"Trade, transportation, and utilities",202429,33.0,$17.66,$582.78,No,No,2010-12-01T06:00:00Z
Nebraska,41000000,Wholesale Trade,40241,Confidential,Confidential,Confidential,No,No,2010-12-01T06:00:00Z
Nebraska,42000000,Retail trade,108559,Confidential,Confidential,Confidential,No,No,2010-12-01T06:00:00Z
Nebraska,43000000,Transportation and warehousing,53629,Confidential,Confidential,Confidential,No,No,2010-12-01T06:00:00Z
Nebraska,50000000,Information,17627,Confidential,Confidential,Confidential,No,No,2010-12-01T06:00:00Z
Nebraska,55000000,Financial activities,69293,36.9,$26.08,$962.35,No,No,2010-12-01T06:00:00Z
Nebraska,60000000,Professional and business services,102682,34.6,$24.23,$838.36,No,No,2010-12-01T06:00:00Z
Nebraska,65000000,Education and health services,141980,32.2,$20.76,$668.47,No,No,2010-12-01T06:00:00Z
Nebraska,70000000,Leisure and hospitality,78670,22.0,$11.48,$252.56,No,No,2010-12-01T06:00:00Z
Nebraska,80000000,Other services,36572,Confidential,Confidential,Confidential,No,No,2010-12-01T06:00:00Z
Nebraska,90000000,Government,171178,Confidential,Confidential,Confidential,No,No,2010-12-01T06:00:00Z
Nebraska,06000000,Goods-producing,128551,39.5,$20.04,$791.58,No,No,2011-01-01T06:00:00Z
Nebraska,07000000,Service-providing,799767,Confidential,Confidential,Confidential,No,No,2011-01-01T06:00:00Z
Nebraska,08000000,Private service-providing,632526,32.9,$21.33,$701.76,No,No,2011-01-01T06:00:00Z
Nebraska,10000000,Mining and logging,859,Confidential,Confidential,Confidential,No,No,2011-01-01T06:00:00Z
Nebraska,15000000,Natural Resources and Mining and Constru,36772,37.4,$21.34,$798.12,No,No,2011-01-01T06:00:00Z
Nebraska,20000000,Construction,35913,Confidential,Confidential,Confidential,No,No,2011-01-01T06:00:00Z
Nebraska,30000000,Manufacturing,91779,40.4,$19.56,$790.22,No,No,2011-01-01T06:00:00Z
Nebraska,31000000,Durable goods,41291,Confidential,Confidential,Confidential,No,No,2011-01-01T06:00:00Z
Nebraska,32000000,Nondurable goods,50488,Confidential,Confidential,Confidential,No,No,2011-01-01T06:00:00Z
Nebraska,40000000,"Trade, transportation, and utilities",193571,32.2,$18.05,$581.21,No,No,2011-01-01T06:00:00Z
Nebraska,41000000,Wholesale Trade,39569,Confidential,Confidential,Confidential,No,No,2011-01-01T06:00:00Z
Nebraska,42000000,Retail trade,102845,Confidential,Confidential,Confidential,No,No,2011-01-01T06:00:00Z
Nebraska,43000000,Transportation and warehousing,51157,Confidential,Confidential,Confidential,No,No,2011-01-01T06:00:00Z
Nebraska,50000000,Information,17444,Confidential,Confidential,Confidential,No,No,2011-01-01T06:00:00Z
Nebraska,55000000,Financial activities,68929,39.1,$26.24,"$1,025.98",No,No,2011-01-01T06:00:00Z
Nebraska,60000000,Professional and business services,99439,34.9,$24.22,$845.28,No,No,2011-01-01T06:00:00Z
Nebraska,65000000,Education and health services,140975,32.1,$20.52,$658.69,No,No,2011-01-01T06:00:00Z
Nebraska,70000000,Leisure and hospitality,76105,21.8,$11.42,$248.96,No,No,2011-01-01T06:00:00Z
Nebraska,80000000,Other services,36063,Confidential,Confidential,Confidential,No,No,2011-01-01T06:00:00Z
Nebraska,90000000,Government,167241,Confidential,Confidential,Confidential,No,No,2011-01-01T06:00:00Z
Nebraska,06000000,Goods-producing,128242,39.7,$20.08,$797.18,No,No,2011-02-01T06:00:00Z
Nebraska,07000000,Service-providing,803332,Confidential,Confidential,Confidential,No,No,2011-02-01T06:00:00Z
Nebraska,08000000,Private service-providing,633851,32.6,$21.30,$694.38,No,No,2011-02-01T06:00:00Z
Nebraska,10000000,Mining and logging,869,Confidential,Confidential,Confidential,No,No,2011-02-01T06:00:00Z
Nebraska,15000000,Natural Resources and Mining and Constru,36416,37.5,$21.64,$811.50,No,No,2011-02-01T06:00:00Z
Nebraska,20000000,Construction,35547,Confidential,Confidential,Confidential,No,No,2011-02-01T06:00:00Z
Nebraska,30000000,Manufacturing,91826,40.6,$19.51,$792.11,No,No,2011-02-01T06:00:00Z
Nebraska,31000000,Durable goods,41451,Confidential,Confidential,Confidential,No,No,2011-02-01T06:00:00Z
Nebraska,32000000,Nondurable goods,50375,Confidential,Confidential,Confidential,No,No,2011-02-01T06:00:00Z
Nebraska,40000000,"Trade, transportation, and utilities",192488,32.1,$18.03,$578.76,No,No,2011-02-01T06:00:00Z
Nebraska,41000000,Wholesale Trade,39600,Confidential,Confidential,Confidential,No,No,2011-02-01T06:00:00Z
Nebraska,42000000,Retail trade,101893,Confidential,Confidential,Confidential,No,No,2011-02-01T06:00:00Z
Nebraska,43000000,Transportation and warehousing,50995,Confidential,Confidential,Confidential,No,No,2011-02-01T06:00:00Z
Nebraska,50000000,Information,17468,Confidential,Confidential,Confidential,No,No,2011-02-01T06:00:00Z
Nebraska,55000000,Financial activities,68869,37.3,$26.16,$975.77,No,No,2011-02-01T06:00:00Z
Nebraska,60000000,Professional and business services,100070,34.6,$24.06,$832.48,No,No,2011-02-01T06:00:00Z
Nebraska,65000000,Education and health services,141947,32.2,$20.50,$660.10,No,No,2011-02-01T06:00:00Z
Nebraska,70000000,Leisure and hospitality,76847,22.6,$11.47,$259.22,No,No,2011-02-01T06:00:00Z
Nebraska,80000000,Other services,36162,Confidential,Confidential,Confidential,No,No,2011-02-01T06:00:00Z
Nebraska,90000000,Government,169481,Confidential,Confidential,Confidential,No,No,2011-02-01T06:00:00Z
Nebraska,06000000,Goods-producing,130611,40.2,$20.12,$808.82,No,No,2011-03-01T06:00:00Z
Nebraska,07000000,Service-providing,808303,Confidential,Confidential,Confidential,No,No,2011-03-01T06:00:00Z
Nebraska,08000000,Private service-providing,638477,32.6,$21.00,$684.60,No,No,2011-03-01T06:00:00Z
Nebraska,10000000,Mining and logging,941,Confidential,Confidential,Confidential,No,No,2011-03-01T06:00:00Z
Nebraska,15000000,Natural Resources and Mining and Constru,38266,37.8,$21.55,$814.59,No,No,2011-03-01T06:00:00Z
Nebraska,20000000,Construction,37325,Confidential,Confidential,Confidential,No,No,2011-03-01T06:00:00Z
Nebraska,30000000,Manufacturing,92345,41.2,$19.57,$806.28,No,No,2011-03-01T06:00:00Z
Nebraska,31000000,Durable goods,41884,Confidential,Confidential,Confidential,No,No,2011-03-01T06:00:00Z
Nebraska,32000000,Nondurable goods,50461,Confidential,Confidential,Confidential,No,No,2011-03-01T06:00:00Z
Nebraska,40000000,"Trade, transportation, and utilities",193612,32.5,$17.91,$582.08,No,No,2011-03-01T06:00:00Z
Nebraska,41000000,Wholesale Trade,39867,Confidential,Confidential,Confidential,No,No,2011-03-01T06:00:00Z
Nebraska,42000000,Retail trade,102441,Confidential,Confidential,Confidential,No,No,2011-03-01T06:00:00Z
Nebraska,43000000,Transportation and warehousing,51304,Confidential,Confidential,Confidential,No,No,2011-03-01T06:00:00Z
Nebraska,50000000,Information,17361,Confidential,Confidential,Confidential,No,No,2011-03-01T06:00:00Z
Nebraska,55000000,Financial activities,69082,36.7,$25.67,$942.09,No,No,2011-03-01T06:00:00Z
Nebraska,60000000,Professional and business services,100718,34.3,$24.07,$825.60,No,No,2011-03-01T06:00:00Z
Nebraska,65000000,Education and health services,142134,32.3,$20.15,$650.85,No,No,2011-03-01T06:00:00Z
Nebraska,70000000,Leisure and hospitality,79013,22.5,$11.28,$253.80,No,No,2011-03-01T06:00:00Z
Nebraska,80000000,Other services,36557,Confidential,Confidential,Confidential,No,No,2011-03-01T06:00:00Z
Nebraska,90000000,Government,169826,Confidential,Confidential,Confidential,No,No,2011-03-01T06:00:00Z
Nebraska,06000000,Goods-producing,134090,40.4,$19.76,$798.30,No,No,2011-04-01T05:00:00Z
Nebraska,07000000,Service-providing,819396,Confidential,Confidential,Confidential,No,No,2011-04-01T05:00:00Z
Nebraska,08000000,Private service-providing,648076,32.7,$20.94,$684.74,No,No,2011-04-01T05:00:00Z
Nebraska,10000000,Mining and logging,1015,Confidential,Confidential,Confidential,No,No,2011-04-01T05:00:00Z
Nebraska,15000000,Natural Resources and Mining and Constru,41137,38.7,$20.66,$799.54,No,No,2011-04-01T05:00:00Z
Nebraska,20000000,Construction,40122,Confidential,Confidential,Confidential,No,No,2011-04-01T05:00:00Z
Nebraska,30000000,Manufacturing,92953,41.2,$19.39,$798.87,No,No,2011-04-01T05:00:00Z
Nebraska,31000000,Durable goods,42344,Confidential,Confidential,Confidential,No,No,2011-04-01T05:00:00Z
Nebraska,32000000,Nondurable goods,50609,Confidential,Confidential,Confidential,No,No,2011-04-01T05:00:00Z
Nebraska,40000000,"Trade, transportation, and utilities",196154,32.6,$17.82,$580.93,No,No,2011-04-01T05:00:00Z
Nebraska,41000000,Wholesale Trade,40477,Confidential,Confidential,Confidential,No,No,2011-04-01T05:00:00Z
Nebraska,42000000,Retail trade,103879,Confidential,Confidential,Confidential,No,No,2011-04-01T05:00:00Z
Nebraska,43000000,Transportation and warehousing,51798,Confidential,Confidential,Confidential,No,No,2011-04-01T05:00:00Z
Nebraska,50000000,Information,17349,Confidential,Confidential,Confidential,No,No,2011-04-01T05:00:00Z
Nebraska,55000000,Financial activities,69515,37.8,$26.03,$983.93,No,No,2011-04-01T05:00:00Z
Nebraska,60000000,Professional and business services,102808,34.3,$24.13,$827.66,No,No,2011-04-01T05:00:00Z
Nebraska,65000000,Education and health services,143162,32.5,$19.98,$649.35,No,No,2011-04-01T05:00:00Z
Nebraska,70000000,Leisure and hospitality,82451,22.3,$11.40,$254.22,No,No,2011-04-01T05:00:00Z
Nebraska,80000000,Other services,36637,Confidential,Confidential,Confidential,No,No,2011-04-01T05:00:00Z
Nebraska,90000000,Government,171320,Confidential,Confidential,Confidential,No,No,2011-04-01T05:00:00Z
Nebraska,06000000,Goods-producing,136035,40.3,$19.64,$791.49,No,No,2011-05-01T05:00:00Z
Nebraska,07000000,Service-providing,824744,Confidential,Confidential,Confidential,No,No,2011-05-01T05:00:00Z
Nebraska,08000000,Private service-providing,652508,33.3,$21.01,$699.63,No,No,2011-05-01T05:00:00Z
Nebraska,10000000,Mining and logging,1066,Confidential,Confidential,Confidential,No,No,2011-05-01T05:00:00Z
Nebraska,15000000,Natural Resources and Mining and Constru,42713,38.7,$20.35,$787.55,No,No,2011-05-01T05:00:00Z
Nebraska,20000000,Construction,41647,Confidential,Confidential,Confidential,No,No,2011-05-01T05:00:00Z
Nebraska,30000000,Manufacturing,93322,41.0,$19.34,$792.94,No,No,2011-05-01T05:00:00Z
Nebraska,31000000,Durable goods,42521,Confidential,Confidential,Confidential,No,No,2011-05-01T05:00:00Z
Nebraska,32000000,Nondurable goods,50801,Confidential,Confidential,Confidential,No,No,2011-05-01T05:00:00Z
Nebraska,40000000,"Trade, transportation, and utilities",197363,33.3,$17.99,$599.07,No,No,2011-05-01T05:00:00Z
Nebraska,41000000,Wholesale Trade,40825,Confidential,Confidential,Confidential,No,No,2011-05-01T05:00:00Z
Nebraska,42000000,Retail trade,104634,Confidential,Confidential,Confidential,No,No,2011-05-01T05:00:00Z
Nebraska,43000000,Transportation and warehousing,51904,Confidential,Confidential,Confidential,No,No,2011-05-01T05:00:00Z
Nebraska,50000000,Information,17287,Confidential,Confidential,Confidential,No,No,2011-05-01T05:00:00Z
Nebraska,55000000,Financial activities,69764,38.2,$26.57,"$1,014.97",No,No,2011-05-01T05:00:00Z
Nebraska,60000000,Professional and business services,102956,34.8,$24.15,$840.42,No,No,2011-05-01T05:00:00Z
Nebraska,65000000,Education and health services,143406,32.9,$20.04,$659.32,No,No,2011-05-01T05:00:00Z
Nebraska,70000000,Leisure and hospitality,84962,22.6,$11.43,$258.32,No,No,2011-05-01T05:00:00Z
Nebraska,80000000,Other services,36770,Confidential,Confidential,Confidential,No,No,2011-05-01T05:00:00Z
Nebraska,90000000,Government,172236,Confidential,Confidential,Confidential,No,No,2011-05-01T05:00:00Z
Nebraska,06000000,Goods-producing,137838,41.0,$19.51,$799.91,No,No,2011-06-01T05:00:00Z
Nebraska,07000000,Service-providing,822042,Confidential,Confidential,Confidential,No,No,2011-06-01T05:00:00Z
Nebraska,08000000,Private service-providing,653934,32.9,$20.83,$685.31,No,No,2011-06-01T05:00:00Z
Nebraska,10000000,Mining and logging,1104,Confidential,Confidential,Confidential,No,No,2011-06-01T05:00:00Z
Nebraska,15000000,Natural Resources and Mining and Constru,43977,39.8,$20.28,$807.14,No,No,2011-06-01T05:00:00Z
Nebraska,20000000,Construction,42873,Confidential,Confidential,Confidential,No,No,2011-06-01T05:00:00Z
Nebraska,30000000,Manufacturing,93861,41.6,$19.16,$797.06,No,No,2011-06-01T05:00:00Z
Nebraska,31000000,Durable goods,43028,Confidential,Confidential,Confidential,No,No,2011-06-01T05:00:00Z
Nebraska,32000000,Nondurable goods,50833,Confidential,Confidential,Confidential,No,No,2011-06-01T05:00:00Z
Nebraska,40000000,"Trade, transportation, and utilities",197555,33.4,$18.55,$619.57,No,No,2011-06-01T05:00:00Z
Nebraska,41000000,Wholesale Trade,41062,Confidential,Confidential,Confidential,No,No,2011-06-01T05:00:00Z
Nebraska,42000000,Retail trade,104625,Confidential,Confidential,Confidential,No,No,2011-06-01T05:00:00Z
Nebraska,43000000,Transportation and warehousing,51868,Confidential,Confidential,Confidential,No,No,2011-06-01T05:00:00Z
Nebraska,50000000,Information,17477,Confidential,Confidential,Confidential,No,No,2011-06-01T05:00:00Z
Nebraska,55000000,Financial activities,70002,36.8,$25.85,$951.28,No,No,2011-06-01T05:00:00Z
Nebraska,60000000,Professional and business services,103736,34.5,$23.79,$820.76,No,No,2011-06-01T05:00:00Z
Nebraska,65000000,Education and health services,142157,32.7,$19.99,$653.67,No,No,2011-06-01T05:00:00Z
Nebraska,70000000,Leisure and hospitality,86074,22.9,$11.17,$255.79,No,No,2011-06-01T05:00:00Z
Nebraska,80000000,Other services,36933,Confidential,Confidential,Confidential,No,No,2011-06-01T05:00:00Z
Nebraska,90000000,Government,168108,Confidential,Confidential,Confidential,No,No,2011-06-01T05:00:00Z
Nebraska,06000000,Goods-producing,138158,41.1,$19.58,$804.74,No,No,2011-07-01T05:00:00Z
Nebraska,07000000,Service-providing,812173,Confidential,Confidential,Confidential,No,No,2011-07-01T05:00:00Z
Nebraska,08000000,Private service-providing,653107,32.8,$20.81,$682.57,No,No,2011-07-01T05:00:00Z
Nebraska,10000000,Mining and logging,1105,Confidential,Confidential,Confidential,No,No,2011-07-01T05:00:00Z
Nebraska,15000000,Natural Resources and Mining and Constru,44220,40.4,$20.27,$818.91,No,No,2011-07-01T05:00:00Z
Nebraska,20000000,Construction,43115,Confidential,Confidential,Confidential,No,No,2011-07-01T05:00:00Z
Nebraska,30000000,Manufacturing,93938,41.4,$19.27,$797.78,No,No,2011-07-01T05:00:00Z
Nebraska,31000000,Durable goods,43107,Confidential,Confidential,Confidential,No,No,2011-07-01T05:00:00Z
Nebraska,32000000,Nondurable goods,50831,Confidential,Confidential,Confidential,No,No,2011-07-01T05:00:00Z
Nebraska,40000000,"Trade, transportation, and utilities",197330,33.2,$18.33,$608.56,No,No,2011-07-01T05:00:00Z
Nebraska,41000000,Wholesale Trade,41083,Confidential,Confidential,Confidential,No,No,2011-07-01T05:00:00Z
Nebraska,42000000,Retail trade,104272,Confidential,Confidential,Confidential,No,No,2011-07-01T05:00:00Z
Nebraska,43000000,Transportation and warehousing,51975,Confidential,Confidential,Confidential,No,No,2011-07-01T05:00:00Z
Nebraska,50000000,Information,17797,Confidential,Confidential,Confidential,No,No,2011-07-01T05:00:00Z
Nebraska,55000000,Financial activities,69973,37.6,$25.68,$965.57,No,No,2011-07-01T05:00:00Z
Nebraska,60000000,Professional and business services,104845,34.5,$23.62,$814.89,No,No,2011-07-01T05:00:00Z
Nebraska,65000000,Education and health services,141322,32.2,$20.37,$655.91,No,No,2011-07-01T05:00:00Z
Nebraska,70000000,Leisure and hospitality,85140,22.5,$11.31,$254.48,No,No,2011-07-01T05:00:00Z
Nebraska,80000000,Other services,36700,Confidential,Confidential,Confidential,No,No,2011-07-01T05:00:00Z
Nebraska,90000000,Government,159066,Confidential,Confidential,Confidential,No,No,2011-07-01T05:00:00Z
Nebraska,06000000,Goods-producing,137429,40.8,$19.61,$800.09,No,No,2011-08-01T05:00:00Z
Nebraska,07000000,Service-providing,815484,Confidential,Confidential,Confidential,No,No,2011-08-01T05:00:00Z
Nebraska,08000000,Private service-providing,654699,32.7,$20.93,$684.41,No,No,2011-08-01T05:00:00Z
Nebraska,10000000,Mining and logging,1098,Confidential,Confidential,Confidential,No,No,2011-08-01T05:00:00Z
Nebraska,15000000,Natural Resources and Mining and Constru,43896,39.3,$20.41,$802.11,No,No,2011-08-01T05:00:00Z
Nebraska,20000000,Construction,42798,Confidential,Confidential,Confidential,No,No,2011-08-01T05:00:00Z
Nebraska,30000000,Manufacturing,93533,41.5,$19.25,$798.88,No,No,2011-08-01T05:00:00Z
Nebraska,31000000,Durable goods,42796,Confidential,Confidential,Confidential,No,No,2011-08-01T05:00:00Z
Nebraska,32000000,Nondurable goods,50737,Confidential,Confidential,Confidential,No,No,2011-08-01T05:00:00Z
Nebraska,40000000,"Trade, transportation, and utilities",198141,33.1,$18.53,$613.34,No,No,2011-08-01T05:00:00Z
Nebraska,41000000,Wholesale Trade,40771,Confidential,Confidential,Confidential,No,No,2011-08-01T05:00:00Z
Nebraska,42000000,Retail trade,104768,Confidential,Confidential,Confidential,No,No,2011-08-01T05:00:00Z
Nebraska,43000000,Transportation and warehousing,52602,Confidential,Confidential,Confidential,No,No,2011-08-01T05:00:00Z
Nebraska,50000000,Information,17724,Confidential,Confidential,Confidential,No,No,2011-08-01T05:00:00Z
Nebraska,55000000,Financial activities,69947,38.3,$25.52,$977.42,No,No,2011-08-01T05:00:00Z
Nebraska,60000000,Professional and business services,104986,34.5,$23.91,$824.90,No,No,2011-08-01T05:00:00Z
Nebraska,65000000,Education and health services,141973,31.6,$20.46,$646.54,No,No,2011-08-01T05:00:00Z
Nebraska,70000000,Leisure and hospitality,85494,22.5,$11.41,$256.73,No,No,2011-08-01T05:00:00Z
Nebraska,80000000,Other services,36434,Confidential,Confidential,Confidential,No,No,2011-08-01T05:00:00Z
Nebraska,90000000,Government,160785,Confidential,Confidential,Confidential,No,No,2011-08-01T05:00:00Z
Nebraska,06000000,Goods-producing,137067,41.2,$19.65,$809.58,No,No,2011-09-01T05:00:00Z
Nebraska,07000000,Service-providing,820196,Confidential,Confidential,Confidential,No,No,2011-09-01T05:00:00Z
Nebraska,08000000,Private service-providing,653674,32.5,$21.23,$689.98,No,No,2011-09-01T05:00:00Z
Nebraska,10000000,Mining and logging,1109,Confidential,Confidential,Confidential,No,No,2011-09-01T05:00:00Z
Nebraska,15000000,Natural Resources and Mining and Constru,43465,40.4,$20.18,$815.27,No,No,2011-09-01T05:00:00Z
Nebraska,20000000,Construction,42356,Confidential,Confidential,Confidential,No,No,2011-09-01T05:00:00Z
Nebraska,30000000,Manufacturing,93602,41.6,$19.41,$807.46,No,No,2011-09-01T05:00:00Z
Nebraska,31000000,Durable goods,42718,Confidential,Confidential,Confidential,No,No,2011-09-01T05:00:00Z
Nebraska,32000000,Nondurable goods,50884,Confidential,Confidential,Confidential,No,No,2011-09-01T05:00:00Z
Nebraska,40000000,"Trade, transportation, and utilities",197885,33.2,$19.02,$631.46,No,No,2011-09-01T05:00:00Z
Nebraska,41000000,Wholesale Trade,40662,Confidential,Confidential,Confidential,No,No,2011-09-01T05:00:00Z
Nebraska,42000000,Retail trade,104203,Confidential,Confidential,Confidential,No,No,2011-09-01T05:00:00Z
Nebraska,43000000,Transportation and warehousing,53020,Confidential,Confidential,Confidential,No,No,2011-09-01T05:00:00Z
Nebraska,50000000,Information,17658,Confidential,Confidential,Confidential,No,No,2011-09-01T05:00:00Z
Nebraska,55000000,Financial activities,69826,36.9,$26.00,$959.40,No,No,2011-09-01T05:00:00Z
Nebraska,60000000,Professional and business services,105618,34.6,$24.02,$831.09,No,No,2011-09-01T05:00:00Z
Nebraska,65000000,Education and health services,142913,31.6,$20.73,$655.07,No,No,2011-09-01T05:00:00Z
Nebraska,70000000,Leisure and hospitality,83440,22.4,$11.74,$262.98,No,No,2011-09-01T05:00:00Z
Nebraska,80000000,Other services,36334,Confidential,Confidential,Confidential,No,No,2011-09-01T05:00:00Z
Nebraska,90000000,Government,166522,Confidential,Confidential,Confidential,No,No,2011-09-01T05:00:00Z
Nebraska,06000000,Goods-producing,137022,41.0,$19.83,$813.03,No,No,2011-10-01T05:00:00Z
Nebraska,07000000,Service-providing,827541,Confidential,Confidential,Confidential,No,No,2011-10-01T05:00:00Z
Nebraska,08000000,Private service-providing,656273,33.4,$21.43,$715.76,No,No,2011-10-01T05:00:00Z
Nebraska,10000000,Mining and logging,1091,Confidential,Confidential,Confidential,No,No,2011-10-01T05:00:00Z
Nebraska,15000000,Natural Resources and Mining and Constru,43311,41.2,$20.50,$844.60,No,No,2011-10-01T05:00:00Z
Nebraska,20000000,Construction,42220,Confidential,Confidential,Confidential,No,No,2011-10-01T05:00:00Z
Nebraska,30000000,Manufacturing,93711,41.0,$19.52,$800.32,No,No,2011-10-01T05:00:00Z
Nebraska,31000000,Durable goods,42652,Confidential,Confidential,Confidential,No,No,2011-10-01T05:00:00Z
Nebraska,32000000,Nondurable goods,51059,Confidential,Confidential,Confidential,No,No,2011-10-01T05:00:00Z
Nebraska,40000000,"Trade, transportation, and utilities",199135,34.2,$18.56,$634.75,No,No,2011-10-01T05:00:00Z
Nebraska,41000000,Wholesale Trade,40870,Confidential,Confidential,Confidential,No,No,2011-10-01T05:00:00Z
Nebraska,42000000,Retail trade,105243,Confidential,Confidential,Confidential,No,No,2011-10-01T05:00:00Z
Nebraska,43000000,Transportation and warehousing,53022,Confidential,Confidential,Confidential,No,No,2011-10-01T05:00:00Z
Nebraska,50000000,Information,17721,Confidential,Confidential,Confidential,No,No,2011-10-01T05:00:00Z
Nebraska,55000000,Financial activities,69909,39.4,$26.29,"$1,035.83",No,No,2011-10-01T05:00:00Z
Nebraska,60000000,Professional and business services,105822,35.6,$24.61,$876.12,No,No,2011-10-01T05:00:00Z
Nebraska,65000000,Education and health services,144745,31.9,$21.00,$669.90,No,No,2011-10-01T05:00:00Z
Nebraska,70000000,Leisure and hospitality,82635,22.4,$11.74,$262.98,No,No,2011-10-01T05:00:00Z
Nebraska,80000000,Other services,36306,Confidential,Confidential,Confidential,No,No,2011-10-01T05:00:00Z
Nebraska,90000000,Government,171268,Confidential,Confidential,Confidential,No,No,2011-10-01T05:00:00Z
Nebraska,06000000,Goods-producing,137183,40.3,$19.74,$795.52,No,No,2011-11-01T05:00:00Z
Nebraska,07000000,Service-providing,829598,Confidential,Confidential,Confidential,No,No,2011-11-01T05:00:00Z
Nebraska,08000000,Private service-providing,658216,32.6,$21.13,$688.84,No,No,2011-11-01T05:00:00Z
Nebraska,10000000,Mining and logging,1088,Confidential,Confidential,Confidential,No,No,2011-11-01T05:00:00Z
Nebraska,15000000,Natural Resources and Mining and Constru,42525,39.9,$20.42,$814.76,No,No,2011-11-01T05:00:00Z
Nebraska,20000000,Construction,41437,Confidential,Confidential,Confidential,No,No,2011-11-01T05:00:00Z
Nebraska,30000000,Manufacturing,94658,40.6,$19.44,$789.26,No,No,2011-11-01T05:00:00Z
Nebraska,31000000,Durable goods,43004,Confidential,Confidential,Confidential,No,No,2011-11-01T05:00:00Z
Nebraska,32000000,Nondurable goods,51654,Confidential,Confidential,Confidential,No,No,2011-11-01T05:00:00Z
Nebraska,40000000,"Trade, transportation, and utilities",202983,33.5,$18.22,$610.37,No,No,2011-11-01T05:00:00Z
Nebraska,41000000,Wholesale Trade,40955,Confidential,Confidential,Confidential,No,No,2011-11-01T05:00:00Z
Nebraska,42000000,Retail trade,108736,Confidential,Confidential,Confidential,No,No,2011-11-01T05:00:00Z
Nebraska,43000000,Transportation and warehousing,53292,Confidential,Confidential,Confidential,No,No,2011-11-01T05:00:00Z
Nebraska,50000000,Information,17756,Confidential,Confidential,Confidential,No,No,2011-11-01T05:00:00Z
Nebraska,55000000,Financial activities,70110,36.9,$26.07,$961.98,No,No,2011-11-01T05:00:00Z
Nebraska,60000000,Professional and business services,105269,34.8,$24.70,$859.56,No,No,2011-11-01T05:00:00Z
Nebraska,65000000,Education and health services,145077,31.8,$20.57,$654.13,No,No,2011-11-01T05:00:00Z
Nebraska,70000000,Leisure and hospitality,80723,22.4,$11.76,$263.42,No,No,2011-11-01T05:00:00Z
Nebraska,80000000,Other services,36298,Confidential,Confidential,Confidential,No,No,2011-11-01T05:00:00Z
Nebraska,90000000,Government,171382,Confidential,Confidential,Confidential,No,No,2011-11-01T05:00:00Z
Nebraska,06000000,Goods-producing,136011,39.9,$20.08,$801.19,No,No,2011-12-01T06:00:00Z
Nebraska,07000000,Service-providing,829726,Confidential,Confidential,Confidential,No,No,2011-12-01T06:00:00Z
Nebraska,08000000,Private service-providing,659125,32.5,$21.40,$695.50,No,No,2011-12-01T06:00:00Z
Nebraska,10000000,Mining and logging,1031,Confidential,Confidential,Confidential,No,No,2011-12-01T06:00:00Z
Nebraska,15000000,Natural Resources and Mining and Constru,40936,38.5,$21.42,$824.67,No,No,2011-12-01T06:00:00Z
Nebraska,20000000,Construction,39905,Confidential,Confidential,Confidential,No,No,2011-12-01T06:00:00Z
Nebraska,30000000,Manufacturing,95075,40.5,$19.53,$790.97,No,No,2011-12-01T06:00:00Z
Nebraska,31000000,Durable goods,43226,Confidential,Confidential,Confidential,No,No,2011-12-01T06:00:00Z
Nebraska,32000000,Nondurable goods,51849,Confidential,Confidential,Confidential,No,No,2011-12-01T06:00:00Z
Nebraska,40000000,"Trade, transportation, and utilities",204608,33.8,$18.25,$616.85,No,No,2011-12-01T06:00:00Z
Nebraska,41000000,Wholesale Trade,41097,Confidential,Confidential,Confidential,No,No,2011-12-01T06:00:00Z
Nebraska,42000000,Retail trade,109733,Confidential,Confidential,Confidential,No,No,2011-12-01T06:00:00Z
Nebraska,43000000,Transportation and warehousing,53778,Confidential,Confidential,Confidential,No,No,2011-12-01T06:00:00Z
Nebraska,50000000,Information,17825,Confidential,Confidential,Confidential,No,No,2011-12-01T06:00:00Z
Nebraska,55000000,Financial activities,70512,36.6,$26.52,$970.63,No,No,2011-12-01T06:00:00Z
Nebraska,60000000,Professional and business services,105150,35.1,$25.02,$878.20,No,No,2011-12-01T06:00:00Z
Nebraska,65000000,Education and health services,145142,31.5,$20.89,$658.04,No,No,2011-12-01T06:00:00Z
Nebraska,70000000,Leisure and hospitality,79573,22.2,$12.33,$273.73,No,No,2011-12-01T06:00:00Z
Nebraska,80000000,Other services,36315,Confidential,Confidential,Confidential,No,No,2011-12-01T06:00:00Z
Nebraska,90000000,Government,170601,Confidential,Confidential,Confidential,No,No,2011-12-01T06:00:00Z
Nebraska,06000000,Goods-producing,132436,39.9,$20.16,$804.38,No,No,2012-01-01T06:00:00Z
Nebraska,07000000,Service-providing,812344,Confidential,Confidential,Confidential,No,No,2012-01-01T06:00:00Z
Nebraska,08000000,Private service-providing,645247,33.0,$21.58,$712.14,No,No,2012-01-01T06:00:00Z
Nebraska,10000000,Mining and logging,966,Confidential,Confidential,Confidential,No,No,2012-01-01T06:00:00Z
Nebraska,15000000,Natural Resources and Mining and Constru,38590,38.8,$20.95,$812.86,No,No,2012-01-01T06:00:00Z
Nebraska,20000000,Construction,37624,Confidential,Confidential,Confidential,No,No,2012-01-01T06:00:00Z
Nebraska,30000000,Manufacturing,93846,40.4,$19.85,$801.94,No,No,2012-01-01T06:00:00Z
Nebraska,31000000,Durable goods,43103,Confidential,Confidential,Confidential,No,No,2012-01-01T06:00:00Z
Nebraska,32000000,Nondurable goods,50743,Confidential,Confidential,Confidential,No,No,2012-01-01T06:00:00Z
Nebraska,40000000,"Trade, transportation, and utilities",196968,33.2,$18.99,$630.47,No,No,2012-01-01T06:00:00Z
Nebraska,41000000,Wholesale Trade,40320,Confidential,Confidential,Confidential,No,No,2012-01-01T06:00:00Z
Nebraska,42000000,Retail trade,104153,Confidential,Confidential,Confidential,No,No,2012-01-01T06:00:00Z
Nebraska,43000000,Transportation and warehousing,52495,Confidential,Confidential,Confidential,No,No,2012-01-01T06:00:00Z
Nebraska,50000000,Information,17711,Confidential,Confidential,Confidential,No,No,2012-01-01T06:00:00Z
Nebraska,55000000,Financial activities,69796,39.4,$26.06,"$1,026.76",No,No,2012-01-01T06:00:00Z
Nebraska,60000000,Professional and business services,103918,35.7,$25.29,$902.85,No,No,2012-01-01T06:00:00Z
Nebraska,65000000,Education and health services,143153,31.9,$20.93,$667.67,No,No,2012-01-01T06:00:00Z
Nebraska,70000000,Leisure and hospitality,77683,22.2,$12.09,$268.40,No,No,2012-01-01T06:00:00Z
Nebraska,80000000,Other services,36018,Confidential,Confidential,Confidential,No,No,2012-01-01T06:00:00Z
Nebraska,90000000,Government,167097,Confidential,Confidential,Confidential,No,No,2012-01-01T06:00:00Z
Nebraska,06000000,Goods-producing,131520,39.8,$20.05,$797.99,No,No,2012-02-01T06:00:00Z
Nebraska,07000000,Service-providing,816239,Confidential,Confidential,Confidential,No,No,2012-02-01T06:00:00Z
Nebraska,08000000,Private service-providing,646585,32.5,$21.44,$696.80,No,No,2012-02-01T06:00:00Z
Nebraska,10000000,Mining and logging,985,Confidential,Confidential,Confidential,No,No,2012-02-01T06:00:00Z
Nebraska,15000000,Natural Resources and Mining and Constru,37845,37.5,$21.54,$807.75,No,No,2012-02-01T06:00:00Z
Nebraska,20000000,Construction,36860,Confidential,Confidential,Confidential,No,No,2012-02-01T06:00:00Z
Nebraska,30000000,Manufacturing,93675,40.8,$19.49,$795.19,No,No,2012-02-01T06:00:00Z
Nebraska,31000000,Durable goods,43104,Confidential,Confidential,Confidential,No,No,2012-02-01T06:00:00Z
Nebraska,32000000,Nondurable goods,50571,Confidential,Confidential,Confidential,No,No,2012-02-01T06:00:00Z
Nebraska,40000000,"Trade, transportation, and utilities",194934,33.5,$18.82,$630.47,No,No,2012-02-01T06:00:00Z
Nebraska,41000000,Wholesale Trade,40293,Confidential,Confidential,Confidential,No,No,2012-02-01T06:00:00Z
Nebraska,42000000,Retail trade,102364,Confidential,Confidential,Confidential,No,No,2012-02-01T06:00:00Z
Nebraska,43000000,Transportation and warehousing,52277,Confidential,Confidential,Confidential,No,No,2012-02-01T06:00:00Z
Nebraska,50000000,Information,17840,Confidential,Confidential,Confidential,No,No,2012-02-01T06:00:00Z
Nebraska,55000000,Financial activities,69727,36.6,$25.95,$949.77,No,No,2012-02-01T06:00:00Z
Nebraska,60000000,Professional and business services,104804,35.6,$25.39,$903.88,No,No,2012-02-01T06:00:00Z
Nebraska,65000000,Education and health services,144597,31.4,$20.50,$643.70,No,No,2012-02-01T06:00:00Z
Nebraska,70000000,Leisure and hospitality,78554,22.8,$12.35,$281.58,No,No,2012-02-01T06:00:00Z
Nebraska,80000000,Other services,36129,Confidential,Confidential,Confidential,No,No,2012-02-01T06:00:00Z
Nebraska,90000000,Government,169654,Confidential,Confidential,Confidential,No,No,2012-02-01T06:00:00Z
Nebraska,06000000,Goods-producing,134058,39.7,$20.02,$794.79,No,No,2012-03-01T06:00:00Z
Nebraska,07000000,Service-providing,823283,Confidential,Confidential,Confidential,No,No,2012-03-01T06:00:00Z
Nebraska,08000000,Private service-providing,653524,32.5,$21.15,$687.38,No,No,2012-03-01T06:00:00Z
Nebraska,10000000,Mining and logging,1060,Confidential,Confidential,Confidential,No,No,2012-03-01T06:00:00Z
Nebraska,15000000,Natural Resources and Mining and Constru,40001,38.9,$21.50,$836.35,No,No,2012-03-01T06:00:00Z
Nebraska,20000000,Construction,38941,Confidential,Confidential,Confidential,No,No,2012-03-01T06:00:00Z
Nebraska,30000000,Manufacturing,94057,40.1,$19.41,$778.34,No,No,2012-03-01T06:00:00Z
Nebraska,31000000,Durable goods,43452,Confidential,Confidential,Confidential,No,No,2012-03-01T06:00:00Z
Nebraska,32000000,Nondurable goods,50605,Confidential,Confidential,Confidential,No,No,2012-03-01T06:00:00Z
Nebraska,40000000,"Trade, transportation, and utilities",196249,33.9,$18.62,$631.22,No,No,2012-03-01T06:00:00Z
Nebraska,41000000,Wholesale Trade,40734,Confidential,Confidential,Confidential,No,No,2012-03-01T06:00:00Z
Nebraska,42000000,Retail trade,103137,Confidential,Confidential,Confidential,No,No,2012-03-01T06:00:00Z
Nebraska,43000000,Transportation and warehousing,52378,Confidential,Confidential,Confidential,No,No,2012-03-01T06:00:00Z
Nebraska,50000000,Information,17815,Confidential,Confidential,Confidential,No,No,2012-03-01T06:00:00Z
Nebraska,55000000,Financial activities,69873,36.7,$25.92,$951.26,No,No,2012-03-01T06:00:00Z
Nebraska,60000000,Professional and business services,105391,35.5,$25.39,$901.35,No,No,2012-03-01T06:00:00Z
Nebraska,65000000,Education and health services,146067,31.4,$20.49,$643.39,No,No,2012-03-01T06:00:00Z
Nebraska,70000000,Leisure and hospitality,81618,22.8,$12.44,$283.63,No,No,2012-03-01T06:00:00Z
Nebraska,80000000,Other services,36511,Confidential,Confidential,Confidential,No,No,2012-03-01T06:00:00Z
Nebraska,90000000,Government,169759,Confidential,Confidential,Confidential,No,No,2012-03-01T06:00:00Z
Nebraska,06000000,Goods-producing,136592,40.2,$19.90,$799.98,No,No,2012-04-01T05:00:00Z
Nebraska,07000000,Service-providing,830968,Confidential,Confidential,Confidential,No,No,2012-04-01T05:00:00Z
Nebraska,08000000,Private service-providing,660132,33.1,$21.10,$698.41,No,No,2012-04-01T05:00:00Z
Nebraska,10000000,Mining and logging,1139,Confidential,Confidential,Confidential,No,No,2012-04-01T05:00:00Z
Nebraska,15000000,Natural Resources and Mining and Constru,42487,39.2,$21.06,$825.55,No,No,2012-04-01T05:00:00Z
Nebraska,20000000,Construction,41348,Confidential,Confidential,Confidential,No,No,2012-04-01T05:00:00Z
Nebraska,30000000,Manufacturing,94105,40.6,$19.40,$787.64,No,No,2012-04-01T05:00:00Z
Nebraska,31000000,Durable goods,43609,Confidential,Confidential,Confidential,No,No,2012-04-01T05:00:00Z
Nebraska,32000000,Nondurable goods,50496,Confidential,Confidential,Confidential,No,No,2012-04-01T05:00:00Z
Nebraska,40000000,"Trade, transportation, and utilities",198194,34.1,$18.30,$624.03,No,No,2012-04-01T05:00:00Z
Nebraska,41000000,Wholesale Trade,41262,Confidential,Confidential,Confidential,No,No,2012-04-01T05:00:00Z
Nebraska,42000000,Retail trade,104222,Confidential,Confidential,Confidential,No,No,2012-04-01T05:00:00Z
Nebraska,43000000,Transportation and warehousing,52710,Confidential,Confidential,Confidential,No,No,2012-04-01T05:00:00Z
Nebraska,50000000,Information,17755,Confidential,Confidential,Confidential,No,No,2012-04-01T05:00:00Z
Nebraska,55000000,Financial activities,70090,39.1,$26.19,"$1,024.03",No,No,2012-04-01T05:00:00Z
Nebraska,60000000,Professional and business services,106805,35.8,$25.48,$912.18,No,No,2012-04-01T05:00:00Z
Nebraska,65000000,Education and health services,145877,32.3,$20.66,$667.32,No,No,2012-04-01T05:00:00Z
Nebraska,70000000,Leisure and hospitality,84785,22.5,$12.43,$279.68,No,No,2012-04-01T05:00:00Z
Nebraska,80000000,Other services,36626,Confidential,Confidential,Confidential,No,No,2012-04-01T05:00:00Z
Nebraska,90000000,Government,170836,Confidential,Confidential,Confidential,No,No,2012-04-01T05:00:00Z
Nebraska,06000000,Goods-producing,138973,40.7,$20.10,$818.07,No,No,2012-05-01T05:00:00Z
Nebraska,07000000,Service-providing,838887,Confidential,Confidential,Confidential,No,No,2012-05-01T05:00:00Z
Nebraska,08000000,Private service-providing,665393,32.2,$21.13,$680.39,No,No,2012-05-01T05:00:00Z
Nebraska,10000000,Mining and logging,1173,Confidential,Confidential,Confidential,No,No,2012-05-01T05:00:00Z
Nebraska,15000000,Natural Resources and Mining and Constru,44287,41.6,$21.58,$897.73,No,No,2012-05-01T05:00:00Z
Nebraska,20000000,Construction,43114,Confidential,Confidential,Confidential,No,No,2012-05-01T05:00:00Z
Nebraska,30000000,Manufacturing,94686,40.4,$19.38,$782.95,No,No,2012-05-01T05:00:00Z
Nebraska,31000000,Durable goods,43931,Confidential,Confidential,Confidential,No,No,2012-05-01T05:00:00Z
Nebraska,32000000,Nondurable goods,50755,Confidential,Confidential,Confidential,No,No,2012-05-01T05:00:00Z
Nebraska,40000000,"Trade, transportation, and utilities",199757,33.8,$18.15,$613.47,No,No,2012-05-01T05:00:00Z
Nebraska,41000000,Wholesale Trade,41559,Confidential,Confidential,Confidential,No,No,2012-05-01T05:00:00Z
Nebraska,42000000,Retail trade,105233,Confidential,Confidential,Confidential,No,No,2012-05-01T05:00:00Z
Nebraska,43000000,Transportation and warehousing,52965,Confidential,Confidential,Confidential,No,No,2012-05-01T05:00:00Z
Nebraska,50000000,Information,17679,Confidential,Confidential,Confidential,No,No,2012-05-01T05:00:00Z
Nebraska,55000000,Financial activities,70407,36.1,$26.47,$955.57,No,No,2012-05-01T05:00:00Z
Nebraska,60000000,Professional and business services,107193,35.2,$25.42,$894.78,No,No,2012-05-01T05:00:00Z
Nebraska,65000000,Education and health services,146041,31.4,$20.58,$646.21,No,No,2012-05-01T05:00:00Z
Nebraska,70000000,Leisure and hospitality,87356,22.7,$12.22,$277.39,No,No,2012-05-01T05:00:00Z
Nebraska,80000000,Other services,36960,Confidential,Confidential,Confidential,No,No,2012-05-01T05:00:00Z
Nebraska,90000000,Government,173494,Confidential,Confidential,Confidential,No,No,2012-05-01T05:00:00Z
Nebraska,06000000,Goods-producing,141394,40.5,$20.01,$810.41,No,No,2012-06-01T05:00:00Z
Nebraska,07000000,Service-providing,835204,Confidential,Confidential,Confidential,No,No,2012-06-01T05:00:00Z
Nebraska,08000000,Private service-providing,668199,32.6,$20.74,$676.12,No,No,2012-06-01T05:00:00Z
Nebraska,10000000,Mining and logging,1187,Confidential,Confidential,Confidential,No,No,2012-06-01T05:00:00Z
Nebraska,15000000,Natural Resources and Mining and Constru,45779,41.0,$21.34,$874.94,No,No,2012-06-01T05:00:00Z
Nebraska,20000000,Construction,44592,Confidential,Confidential,Confidential,No,No,2012-06-01T05:00:00Z
Nebraska,30000000,Manufacturing,95615,40.2,$19.36,$778.27,No,No,2012-06-01T05:00:00Z
Nebraska,31000000,Durable goods,44475,Confidential,Confidential,Confidential,No,No,2012-06-01T05:00:00Z
Nebraska,32000000,Nondurable goods,51140,Confidential,Confidential,Confidential,No,No,2012-06-01T05:00:00Z
Nebraska,40000000,"Trade, transportation, and utilities",199904,33.9,$18.08,$612.91,No,No,2012-06-01T05:00:00Z
Nebraska,41000000,Wholesale Trade,41806,Confidential,Confidential,Confidential,No,No,2012-06-01T05:00:00Z
Nebraska,42000000,Retail trade,105298,Confidential,Confidential,Confidential,No,No,2012-06-01T05:00:00Z
Nebraska,43000000,Transportation and warehousing,52800,Confidential,Confidential,Confidential,No,No,2012-06-01T05:00:00Z
Nebraska,50000000,Information,17763,Confidential,Confidential,Confidential,No,No,2012-06-01T05:00:00Z
Nebraska,55000000,Financial activities,70764,36.9,$25.73,$949.44,No,No,2012-06-01T05:00:00Z
Nebraska,60000000,Professional and business services,109272,35.7,$25.17,$898.57,No,No,2012-06-01T05:00:00Z
Nebraska,65000000,Education and health services,144833,31.8,$20.82,$662.08,No,No,2012-06-01T05:00:00Z
Nebraska,70000000,Leisure and hospitality,88505,23.4,$12.06,$282.20,No,No,2012-06-01T05:00:00Z
Nebraska,80000000,Other services,37158,Confidential,Confidential,Confidential,No,No,2012-06-01T05:00:00Z
Nebraska,90000000,Government,167005,Confidential,Confidential,Confidential,No,No,2012-06-01T05:00:00Z
Nebraska,06000000,Goods-producing,141349,40.0,$20.04,$801.60,No,No,2012-07-01T05:00:00Z
Nebraska,07000000,Service-providing,825591,Confidential,Confidential,Confidential,No,No,2012-07-01T05:00:00Z
Nebraska,08000000,Private service-providing,665806,33.0,$21.06,$694.98,No,No,2012-07-01T05:00:00Z
Nebraska,10000000,Mining and logging,1222,Confidential,Confidential,Confidential,No,No,2012-07-01T05:00:00Z
Nebraska,15000000,Natural Resources and Mining and Constru,45653,41.5,$21.37,$886.86,No,No,2012-07-01T05:00:00Z
Nebraska,20000000,Construction,44431,Confidential,Confidential,Confidential,No,No,2012-07-01T05:00:00Z
Nebraska,30000000,Manufacturing,95696,39.3,$19.37,$761.24,No,No,2012-07-01T05:00:00Z
Nebraska,31000000,Durable goods,44382,Confidential,Confidential,Confidential,No,No,2012-07-01T05:00:00Z
Nebraska,32000000,Nondurable goods,51314,Confidential,Confidential,Confidential,No,No,2012-07-01T05:00:00Z
Nebraska,40000000,"Trade, transportation, and utilities",199022,33.9,$18.23,$618.00,No,No,2012-07-01T05:00:00Z
Nebraska,41000000,Wholesale Trade,41585,Confidential,Confidential,Confidential,No,No,2012-07-01T05:00:00Z
Nebraska,42000000,Retail trade,104867,Confidential,Confidential,Confidential,No,No,2012-07-01T05:00:00Z
Nebraska,43000000,Transportation and warehousing,52570,Confidential,Confidential,Confidential,No,No,2012-07-01T05:00:00Z
Nebraska,50000000,Information,17740,Confidential,Confidential,Confidential,No,No,2012-07-01T05:00:00Z
Nebraska,55000000,Financial activities,70811,38.5,$26.40,"$1,016.40",No,No,2012-07-01T05:00:00Z
Nebraska,60000000,Professional and business services,109264,35.7,$25.40,$906.78,No,No,2012-07-01T05:00:00Z
Nebraska,65000000,Education and health services,144243,32.1,$21.08,$676.67,No,No,2012-07-01T05:00:00Z
Nebraska,70000000,Leisure and hospitality,87757,23.6,$12.01,$283.44,No,No,2012-07-01T05:00:00Z
Nebraska,80000000,Other services,36969,Confidential,Confidential,Confidential,No,No,2012-07-01T05:00:00Z
Nebraska,90000000,Government,159785,Confidential,Confidential,Confidential,No,No,2012-07-01T05:00:00Z
Nebraska,06000000,Goods-producing,141388,40.7,$20.16,$820.51,No,No,2012-08-01T05:00:00Z
Nebraska,07000000,Service-providing,827808,Confidential,Confidential,Confidential,No,No,2012-08-01T05:00:00Z
Nebraska,08000000,Private service-providing,666460,32.4,$21.02,$681.05,No,No,2012-08-01T05:00:00Z
Nebraska,10000000,Mining and logging,1391,Confidential,Confidential,Confidential,No,No,2012-08-01T05:00:00Z
Nebraska,15000000,Natural Resources and Mining and Constru,45975,41.9,$21.52,$901.69,No,No,2012-08-01T05:00:00Z
Nebraska,20000000,Construction,44584,Confidential,Confidential,Confidential,No,No,2012-08-01T05:00:00Z
Nebraska,30000000,Manufacturing,95413,40.1,$19.48,$781.15,No,No,2012-08-01T05:00:00Z
Nebraska,31000000,Durable goods,44245,Confidential,Confidential,Confidential,No,No,2012-08-01T05:00:00Z
Nebraska,32000000,Nondurable goods,51168,Confidential,Confidential,Confidential,No,No,2012-08-01T05:00:00Z
Nebraska,40000000,"Trade, transportation, and utilities",198606,33.6,$18.38,$617.57,No,No,2012-08-01T05:00:00Z
Nebraska,41000000,Wholesale Trade,41143,Confidential,Confidential,Confidential,No,No,2012-08-01T05:00:00Z
Nebraska,42000000,Retail trade,104703,Confidential,Confidential,Confidential,No,No,2012-08-01T05:00:00Z
Nebraska,43000000,Transportation and warehousing,52760,Confidential,Confidential,Confidential,No,No,2012-08-01T05:00:00Z
Nebraska,50000000,Information,17824,Confidential,Confidential,Confidential,No,No,2012-08-01T05:00:00Z
Nebraska,55000000,Financial activities,70632,36.6,$25.62,$937.69,No,No,2012-08-01T05:00:00Z
Nebraska,60000000,Professional and business services,108784,35.4,$25.42,$899.87,No,No,2012-08-01T05:00:00Z
Nebraska,65000000,Education and health services,145584,31.5,$21.01,$661.82,No,No,2012-08-01T05:00:00Z
Nebraska,70000000,Leisure and hospitality,88150,22.8,$12.00,$273.60,No,No,2012-08-01T05:00:00Z
Nebraska,80000000,Other services,36880,Confidential,Confidential,Confidential,No,No,2012-08-01T05:00:00Z
Nebraska,90000000,Government,161348,Confidential,Confidential,Confidential,No,No,2012-08-01T05:00:00Z
Nebraska,06000000,Goods-producing,140766,40.5,$20.37,$824.99,No,No,2012-09-01T05:00:00Z
Nebraska,07000000,Service-providing,832817,Confidential,Confidential,Confidential,No,No,2012-09-01T05:00:00Z
Nebraska,08000000,Private service-providing,664507,33.3,$21.12,$703.30,No,No,2012-09-01T05:00:00Z
Nebraska,10000000,Mining and logging,1193,Confidential,Confidential,Confidential,No,No,2012-09-01T05:00:00Z
Nebraska,15000000,Natural Resources and Mining and Constru,45263,40.4,$21.82,$881.53,No,No,2012-09-01T05:00:00Z
Nebraska,20000000,Construction,44070,Confidential,Confidential,Confidential,No,No,2012-09-01T05:00:00Z
Nebraska,30000000,Manufacturing,95503,40.6,$19.68,$799.01,No,No,2012-09-01T05:00:00Z
Nebraska,31000000,Durable goods,44105,Confidential,Confidential,Confidential,No,No,2012-09-01T05:00:00Z
Nebraska,32000000,Nondurable goods,51398,Confidential,Confidential,Confidential,No,No,2012-09-01T05:00:00Z
Nebraska,40000000,"Trade, transportation, and utilities",198650,34.5,$18.41,$635.15,No,No,2012-09-01T05:00:00Z
Nebraska,41000000,Wholesale Trade,40792,Confidential,Confidential,Confidential,No,No,2012-09-01T05:00:00Z
Nebraska,42000000,Retail trade,104629,Confidential,Confidential,Confidential,No,No,2012-09-01T05:00:00Z
Nebraska,43000000,Transportation and warehousing,53229,Confidential,Confidential,Confidential,No,No,2012-09-01T05:00:00Z
Nebraska,50000000,Information,17723,Confidential,Confidential,Confidential,No,No,2012-09-01T05:00:00Z
Nebraska,55000000,Financial activities,70329,38.2,$25.66,$980.21,No,No,2012-09-01T05:00:00Z
Nebraska,60000000,Professional and business services,108793,36.4,$25.10,$913.64,No,No,2012-09-01T05:00:00Z
Nebraska,65000000,Education and health services,146616,31.7,$21.22,$672.67,No,No,2012-09-01T05:00:00Z
Nebraska,70000000,Leisure and hospitality,85558,23.1,$11.94,$275.81,No,No,2012-09-01T05:00:00Z
Nebraska,80000000,Other services,36838,Confidential,Confidential,Confidential,No,No,2012-09-01T05:00:00Z
Nebraska,90000000,Government,168310,Confidential,Confidential,Confidential,No,No,2012-09-01T05:00:00Z
Nebraska,06000000,Goods-producing,140908,40.8,$20.05,$818.04,No,No,2012-10-01T05:00:00Z
Nebraska,07000000,Service-providing,838137,Confidential,Confidential,Confidential,No,No,2012-10-01T05:00:00Z
Nebraska,08000000,Private service-providing,667103,32.8,$20.96,$687.49,No,No,2012-10-01T05:00:00Z
Nebraska,10000000,Mining and logging,1150,Confidential,Confidential,Confidential,No,No,2012-10-01T05:00:00Z
Nebraska,15000000,Natural Resources and Mining and Constru,45675,40.1,$21.26,$852.53,No,No,2012-10-01T05:00:00Z
Nebraska,20000000,Construction,44525,Confidential,Confidential,Confidential,No,No,2012-10-01T05:00:00Z
Nebraska,30000000,Manufacturing,95233,41.2,$19.48,$802.58,No,No,2012-10-01T05:00:00Z
Nebraska,31000000,Durable goods,44197,Confidential,Confidential,Confidential,No,No,2012-10-01T05:00:00Z
Nebraska,32000000,Nondurable goods,51036,Confidential,Confidential,Confidential,No,No,2012-10-01T05:00:00Z
Nebraska,40000000,"Trade, transportation, and utilities",200367,33.8,$18.25,$616.85,No,No,2012-10-01T05:00:00Z
Nebraska,41000000,Wholesale Trade,41012,Confidential,Confidential,Confidential,No,No,2012-10-01T05:00:00Z
Nebraska,42000000,Retail trade,106267,Confidential,Confidential,Confidential,No,No,2012-10-01T05:00:00Z
Nebraska,43000000,Transportation and warehousing,53088,Confidential,Confidential,Confidential,No,No,2012-10-01T05:00:00Z
Nebraska,50000000,Information,17748,Confidential,Confidential,Confidential,No,No,2012-10-01T05:00:00Z
Nebraska,55000000,Financial activities,70525,37.4,$25.09,$938.37,No,No,2012-10-01T05:00:00Z
Nebraska,60000000,Professional and business services,108949,36.1,$25.36,$915.50,No,No,2012-10-01T05:00:00Z
Nebraska,65000000,Education and health services,147842,31.5,$20.75,$653.63,No,No,2012-10-01T05:00:00Z
Nebraska,70000000,Leisure and hospitality,84970,22.3,$12.11,$270.05,No,No,2012-10-01T05:00:00Z
Nebraska,80000000,Other services,36702,Confidential,Confidential,Confidential,No,No,2012-10-01T05:00:00Z
Nebraska,90000000,Government,171034,Confidential,Confidential,Confidential,No,No,2012-10-01T05:00:00Z
Nebraska,06000000,Goods-producing,140490,40.2,$19.99,$803.60,No,No,2012-11-01T05:00:00Z
Nebraska,07000000,Service-providing,841112,Confidential,Confidential,Confidential,No,No,2012-11-01T05:00:00Z
Nebraska,08000000,Private service-providing,669587,32.4,$21.20,$686.88,No,No,2012-11-01T05:00:00Z
Nebraska,10000000,Mining and logging,1096,Confidential,Confidential,Confidential,No,No,2012-11-01T05:00:00Z
Nebraska,15000000,Natural Resources and Mining and Constru,44684,40.3,$21.13,$851.54,No,No,2012-11-01T05:00:00Z
Nebraska,20000000,Construction,43588,Confidential,Confidential,Confidential,No,No,2012-11-01T05:00:00Z
Nebraska,30000000,Manufacturing,95806,40.2,$19.46,$782.29,No,No,2012-11-01T05:00:00Z
Nebraska,31000000,Durable goods,44429,Confidential,Confidential,Confidential,No,No,2012-11-01T05:00:00Z
Nebraska,32000000,Nondurable goods,51377,Confidential,Confidential,Confidential,No,No,2012-11-01T05:00:00Z
Nebraska,40000000,"Trade, transportation, and utilities",204641,33.7,$18.12,$610.64,No,No,2012-11-01T05:00:00Z
Nebraska,41000000,Wholesale Trade,41046,Confidential,Confidential,Confidential,No,No,2012-11-01T05:00:00Z
Nebraska,42000000,Retail trade,109849,Confidential,Confidential,Confidential,No,No,2012-11-01T05:00:00Z
Nebraska,43000000,Transportation and warehousing,53746,Confidential,Confidential,Confidential,No,No,2012-11-01T05:00:00Z
Nebraska,50000000,Information,17772,Confidential,Confidential,Confidential,No,No,2012-11-01T05:00:00Z
Nebraska,55000000,Financial activities,70772,36.3,$25.49,$925.29,No,No,2012-11-01T05:00:00Z
Nebraska,60000000,Professional and business services,108598,35.4,$25.41,$899.51,No,No,2012-11-01T05:00:00Z
Nebraska,65000000,Education and health services,148090,31.1,$20.95,$651.55,No,No,2012-11-01T05:00:00Z
Nebraska,70000000,Leisure and hospitality,83064,22.3,$12.00,$267.60,No,No,2012-11-01T05:00:00Z
Nebraska,80000000,Other services,36650,Confidential,Confidential,Confidential,No,No,2012-11-01T05:00:00Z
Nebraska,90000000,Government,171525,Confidential,Confidential,Confidential,No,No,2012-11-01T05:00:00Z
Nebraska,06000000,Goods-producing,139646,40.4,$20.04,$809.62,No,No,2012-12-01T06:00:00Z
Nebraska,07000000,Service-providing,841629,Confidential,Confidential,Confidential,No,No,2012-12-01T06:00:00Z
Nebraska,08000000,Private service-providing,670902,33.1,$21.52,$712.31,No,No,2012-12-01T06:00:00Z
Nebraska,10000000,Mining and logging,1062,Confidential,Confidential,Confidential,No,No,2012-12-01T06:00:00Z
Nebraska,15000000,Natural Resources and Mining and Constru,43591,39.9,$21.58,$861.04,No,No,2012-12-01T06:00:00Z
Nebraska,20000000,Construction,42529,Confidential,Confidential,Confidential,No,No,2012-12-01T06:00:00Z
Nebraska,30000000,Manufacturing,96055,40.6,$19.36,$786.02,No,No,2012-12-01T06:00:00Z
Nebraska,31000000,Durable goods,44559,Confidential,Confidential,Confidential,No,No,2012-12-01T06:00:00Z
Nebraska,32000000,Nondurable goods,51496,Confidential,Confidential,Confidential,No,No,2012-12-01T06:00:00Z
Nebraska,40000000,"Trade, transportation, and utilities",206532,34.2,$18.29,$625.52,No,No,2012-12-01T06:00:00Z
Nebraska,41000000,Wholesale Trade,41320,Confidential,Confidential,Confidential,No,No,2012-12-01T06:00:00Z
Nebraska,42000000,Retail trade,110493,Confidential,Confidential,Confidential,No,No,2012-12-01T06:00:00Z
Nebraska,43000000,Transportation and warehousing,54719,Confidential,Confidential,Confidential,No,No,2012-12-01T06:00:00Z
Nebraska,50000000,Information,17794,Confidential,Confidential,Confidential,No,No,2012-12-01T06:00:00Z
Nebraska,55000000,Financial activities,71103,37.9,$25.09,$950.91,No,No,2012-12-01T06:00:00Z
Nebraska,60000000,Professional and business services,108332,35.9,$26.55,$953.15,No,No,2012-12-01T06:00:00Z
Nebraska,65000000,Education and health services,148171,31.8,$21.41,$680.84,No,No,2012-12-01T06:00:00Z
Nebraska,70000000,Leisure and hospitality,82363,22.4,$12.32,$275.97,No,No,2012-12-01T06:00:00Z
Nebraska,80000000,Other services,36607,Confidential,Confidential,Confidential,No,No,2012-12-01T06:00:00Z
Nebraska,90000000,Government,170727,Confidential,Confidential,Confidential,No,No,2012-12-01T06:00:00Z
Nebraska,06000000,Goods-producing,134894,39.4,$20.15,$793.91,No,No,2013-01-01T06:00:00Z
Nebraska,07000000,Service-providing,820935,Confidential,Confidential,Confidential,No,No,2013-01-01T06:00:00Z
Nebraska,08000000,Private service-providing,653815,32.3,$21.32,$688.64,No,No,2013-01-01T06:00:00Z
Nebraska,10000000,Mining and logging,946,Confidential,Confidential,Confidential,No,No,2013-01-01T06:00:00Z
Nebraska,15000000,Natural Resources and Mining and Constru,39783,38.5,$21.47,$826.60,No,No,2013-01-01T06:00:00Z
Nebraska,20000000,Construction,38837,Confidential,Confidential,Confidential,No,No,2013-01-01T06:00:00Z
Nebraska,30000000,Manufacturing,95111,39.8,$19.62,$780.88,No,No,2013-01-01T06:00:00Z
Nebraska,31000000,Durable goods,44092,Confidential,Confidential,Confidential,No,No,2013-01-01T06:00:00Z
Nebraska,32000000,Nondurable goods,51019,Confidential,Confidential,Confidential,No,No,2013-01-01T06:00:00Z
Nebraska,40000000,"Trade, transportation, and utilities",197810,33.9,$18.44,$625.12,No,No,2013-01-01T06:00:00Z
Nebraska,41000000,Wholesale Trade,40643,Confidential,Confidential,Confidential,No,No,2013-01-01T06:00:00Z
Nebraska,42000000,Retail trade,104298,Confidential,Confidential,Confidential,No,No,2013-01-01T06:00:00Z
Nebraska,43000000,Transportation and warehousing,52869,Confidential,Confidential,Confidential,No,No,2013-01-01T06:00:00Z
Nebraska,50000000,Information,17692,Confidential,Confidential,Confidential,No,No,2013-01-01T06:00:00Z
Nebraska,55000000,Financial activities,70325,36.6,$24.51,$897.07,No,No,2013-01-01T06:00:00Z
Nebraska,60000000,Professional and business services,106402,34.2,$26.22,$896.72,No,No,2013-01-01T06:00:00Z
Nebraska,65000000,Education and health services,145562,31.5,$21.39,$673.79,No,No,2013-01-01T06:00:00Z
Nebraska,70000000,Leisure and hospitality,79822,21.7,$12.00,$260.40,No,No,2013-01-01T06:00:00Z
Nebraska,80000000,Other services,36202,Confidential,Confidential,Confidential,No,No,2013-01-01T06:00:00Z
Nebraska,90000000,Government,167120,Confidential,Confidential,Confidential,No,No,2013-01-01T06:00:00Z
Nebraska,06000000,Goods-producing,135399,39.9,$20.06,$800.39,No,No,2013-02-01T06:00:00Z
Nebraska,07000000,Service-providing,824161,Confidential,Confidential,Confidential,No,No,2013-02-01T06:00:00Z
Nebraska,08000000,Private service-providing,654733,32.7,$21.34,$697.82,No,No,2013-02-01T06:00:00Z
Nebraska,10000000,Mining and logging,966,Confidential,Confidential,Confidential,No,No,2013-02-01T06:00:00Z
Nebraska,15000000,Natural Resources and Mining and Constru,39823,38.4,$21.59,$829.06,No,No,2013-02-01T06:00:00Z
Nebraska,20000000,Construction,38857,Confidential,Confidential,Confidential,No,No,2013-02-01T06:00:00Z
Nebraska,30000000,Manufacturing,95576,40.6,$19.46,$790.08,No,No,2013-02-01T06:00:00Z
Nebraska,31000000,Durable goods,44352,Confidential,Confidential,Confidential,No,No,2013-02-01T06:00:00Z
Nebraska,32000000,Nondurable goods,51224,Confidential,Confidential,Confidential,No,No,2013-02-01T06:00:00Z
Nebraska,40000000,"Trade, transportation, and utilities",196170,34.4,$18.75,$645.00,No,No,2013-02-01T06:00:00Z
Nebraska,41000000,Wholesale Trade,40613,Confidential,Confidential,Confidential,No,No,2013-02-01T06:00:00Z
Nebraska,42000000,Retail trade,103312,Confidential,Confidential,Confidential,No,No,2013-02-01T06:00:00Z
Nebraska,43000000,Transportation and warehousing,52245,Confidential,Confidential,Confidential,No,No,2013-02-01T06:00:00Z
Nebraska,50000000,Information,17760,Confidential,Confidential,Confidential,No,No,2013-02-01T06:00:00Z
Nebraska,55000000,Financial activities,70464,37.0,$24.85,$919.45,No,No,2013-02-01T06:00:00Z
Nebraska,60000000,Professional and business services,106884,34.9,$25.92,$904.61,No,No,2013-02-01T06:00:00Z
Nebraska,65000000,Education and health services,146690,31.7,$21.20,$672.04,No,No,2013-02-01T06:00:00Z
Nebraska,70000000,Leisure and hospitality,80414,22.2,$12.03,$267.07,No,No,2013-02-01T06:00:00Z
Nebraska,80000000,Other services,36351,Confidential,Confidential,Confidential,No,No,2013-02-01T06:00:00Z
Nebraska,90000000,Government,169428,Confidential,Confidential,Confidential,No,No,2013-02-01T06:00:00Z
Nebraska,06000000,Goods-producing,136685,39.7,$20.21,$802.34,No,No,2013-03-01T06:00:00Z
Nebraska,07000000,Service-providing,828946,Confidential,Confidential,Confidential,No,No,2013-03-01T06:00:00Z
Nebraska,08000000,Private service-providing,659328,32.7,$21.35,$698.15,No,No,2013-03-01T06:00:00Z
Nebraska,10000000,Mining and logging,1002,Confidential,Confidential,Confidential,No,No,2013-03-01T06:00:00Z
Nebraska,15000000,Natural Resources and Mining and Constru,40898,37.7,$21.64,$815.83,No,No,2013-03-01T06:00:00Z
Nebraska,20000000,Construction,39896,Confidential,Confidential,Confidential,No,No,2013-03-01T06:00:00Z
Nebraska,30000000,Manufacturing,95787,40.6,$19.64,$797.38,No,No,2013-03-01T06:00:00Z
Nebraska,31000000,Durable goods,44633,Confidential,Confidential,Confidential,No,No,2013-03-01T06:00:00Z
Nebraska,32000000,Nondurable goods,51154,Confidential,Confidential,Confidential,No,No,2013-03-01T06:00:00Z
Nebraska,40000000,"Trade, transportation, and utilities",197111,34.5,$18.68,$644.46,No,No,2013-03-01T06:00:00Z
Nebraska,41000000,Wholesale Trade,41016,Confidential,Confidential,Confidential,No,No,2013-03-01T06:00:00Z
Nebraska,42000000,Retail trade,103864,Confidential,Confidential,Confidential,No,No,2013-03-01T06:00:00Z
Nebraska,43000000,Transportation and warehousing,52231,Confidential,Confidential,Confidential,No,No,2013-03-01T06:00:00Z
Nebraska,50000000,Information,17799,Confidential,Confidential,Confidential,No,No,2013-03-01T06:00:00Z
Nebraska,55000000,Financial activities,70515,36.8,$25.07,$922.58,No,No,2013-03-01T06:00:00Z
Nebraska,60000000,Professional and business services,107553,34.9,$25.82,$901.12,No,No,2013-03-01T06:00:00Z
Nebraska,65000000,Education and health services,147160,31.9,$21.40,$682.66,No,No,2013-03-01T06:00:00Z
Nebraska,70000000,Leisure and hospitality,82219,22.2,$11.98,$265.96,No,No,2013-03-01T06:00:00Z
Nebraska,80000000,Other services,36971,Confidential,Confidential,Confidential,No,No,2013-03-01T06:00:00Z
Nebraska,90000000,Government,169618,Confidential,Confidential,Confidential,No,No,2013-03-01T06:00:00Z
Nebraska,06000000,Goods-producing,139929,39.8,$20.04,$797.59,No,No,2013-04-01T05:00:00Z
Nebraska,07000000,Service-providing,835857,Confidential,Confidential,Confidential,No,No,2013-04-01T05:00:00Z
Nebraska,08000000,Private service-providing,665157,32.6,$21.31,$694.71,No,No,2013-04-01T05:00:00Z
Nebraska,10000000,Mining and logging,1097,Confidential,Confidential,Confidential,No,No,2013-04-01T05:00:00Z
Nebraska,15000000,Natural Resources and Mining and Constru,43918,38.7,$21.29,$823.92,No,No,2013-04-01T05:00:00Z
Nebraska,20000000,Construction,42821,Confidential,Confidential,Confidential,No,No,2013-04-01T05:00:00Z
Nebraska,30000000,Manufacturing,96011,40.3,$19.49,$785.45,No,No,2013-04-01T05:00:00Z
Nebraska,31000000,Durable goods,44769,Confidential,Confidential,Confidential,No,No,2013-04-01T05:00:00Z
Nebraska,32000000,Nondurable goods,51242,Confidential,Confidential,Confidential,No,No,2013-04-01T05:00:00Z
Nebraska,40000000,"Trade, transportation, and utilities",198392,34.3,$18.56,$636.61,No,No,2013-04-01T05:00:00Z
Nebraska,41000000,Wholesale Trade,41519,Confidential,Confidential,Confidential,No,No,2013-04-01T05:00:00Z
Nebraska,42000000,Retail trade,104576,Confidential,Confidential,Confidential,No,No,2013-04-01T05:00:00Z
Nebraska,43000000,Transportation and warehousing,52297,Confidential,Confidential,Confidential,No,No,2013-04-01T05:00:00Z
Nebraska,50000000,Information,17725,Confidential,Confidential,Confidential,No,No,2013-04-01T05:00:00Z
Nebraska,55000000,Financial activities,70468,36.9,$25.19,$929.51,No,No,2013-04-01T05:00:00Z
Nebraska,60000000,Professional and business services,109045,34.9,$25.96,$906.00,No,No,2013-04-01T05:00:00Z
Nebraska,65000000,Education and health services,147796,32.2,$21.31,$686.18,No,No,2013-04-01T05:00:00Z
Nebraska,70000000,Leisure and hospitality,84694,21.5,$11.98,$257.57,No,No,2013-04-01T05:00:00Z
Nebraska,80000000,Other services,37037,Confidential,Confidential,Confidential,No,No,2013-04-01T05:00:00Z
Nebraska,90000000,Government,170700,Confidential,Confidential,Confidential,No,No,2013-04-01T05:00:00Z
Nebraska,06000000,Goods-producing,143185,40.6,$19.91,$808.35,No,No,2013-05-01T05:00:00Z
Nebraska,07000000,Service-providing,846138,Confidential,Confidential,Confidential,No,No,2013-05-01T05:00:00Z
Nebraska,08000000,Private service-providing,672025,32.9,$20.85,$685.97,No,No,2013-05-01T05:00:00Z
Nebraska,10000000,Mining and logging,1090,Confidential,Confidential,Confidential,No,No,2013-05-01T05:00:00Z
Nebraska,15000000,Natural Resources and Mining and Constru,46703,40.9,$20.93,$856.04,No,No,2013-05-01T05:00:00Z
Nebraska,20000000,Construction,45613,Confidential,Confidential,Confidential,No,No,2013-05-01T05:00:00Z
Nebraska,30000000,Manufacturing,96482,40.5,$19.41,$786.11,No,No,2013-05-01T05:00:00Z
Nebraska,31000000,Durable goods,45212,Confidential,Confidential,Confidential,No,No,2013-05-01T05:00:00Z
Nebraska,32000000,Nondurable goods,51270,Confidential,Confidential,Confidential,No,No,2013-05-01T05:00:00Z
Nebraska,40000000,"Trade, transportation, and utilities",200850,34.9,$18.28,$637.97,No,No,2013-05-01T05:00:00Z
Nebraska,41000000,Wholesale Trade,42230,Confidential,Confidential,Confidential,No,No,2013-05-01T05:00:00Z
Nebraska,42000000,Retail trade,105744,Confidential,Confidential,Confidential,No,No,2013-05-01T05:00:00Z
Nebraska,43000000,Transportation and warehousing,52876,Confidential,Confidential,Confidential,No,No,2013-05-01T05:00:00Z
Nebraska,50000000,Information,17740,Confidential,Confidential,Confidential,No,No,2013-05-01T05:00:00Z
Nebraska,55000000,Financial activities,70873,36.9,$25.50,$940.95,No,No,2013-05-01T05:00:00Z
Nebraska,60000000,Professional and business services,109797,35.4,$25.07,$887.48,No,No,2013-05-01T05:00:00Z
Nebraska,65000000,Education and health services,147917,32.1,$21.25,$682.13,No,No,2013-05-01T05:00:00Z
Nebraska,70000000,Leisure and hospitality,87799,22.0,$11.80,$259.60,No,No,2013-05-01T05:00:00Z
Nebraska,80000000,Other services,37049,Confidential,Confidential,Confidential,No,No,2013-05-01T05:00:00Z
Nebraska,90000000,Government,174113,Confidential,Confidential,Confidential,No,No,2013-05-01T05:00:00Z
Nebraska,06000000,Goods-producing,145176,41.4,$19.83,$820.96,No,No,2013-06-01T05:00:00Z
Nebraska,07000000,Service-providing,842531,Confidential,Confidential,Confidential,No,No,2013-06-01T05:00:00Z
Nebraska,08000000,Private service-providing,673700,33.9,$20.94,$709.87,No,No,2013-06-01T05:00:00Z
Nebraska,10000000,Mining and logging,1082,Confidential,Confidential,Confidential,No,No,2013-06-01T05:00:00Z
Nebraska,15000000,Natural Resources and Mining and Constru,48175,42.1,$20.41,$859.26,No,No,2013-06-01T05:00:00Z
Nebraska,20000000,Construction,47093,Confidential,Confidential,Confidential,No,No,2013-06-01T05:00:00Z
Nebraska,30000000,Manufacturing,97001,41.0,$19.54,$801.14,No,No,2013-06-01T05:00:00Z
Nebraska,31000000,Durable goods,45365,Confidential,Confidential,Confidential,No,No,2013-06-01T05:00:00Z
Nebraska,32000000,Nondurable goods,51636,Confidential,Confidential,Confidential,No,No,2013-06-01T05:00:00Z
Nebraska,40000000,"Trade, transportation, and utilities",201395,35.3,$18.33,$647.05,No,No,2013-06-01T05:00:00Z
Nebraska,41000000,Wholesale Trade,42471,Confidential,Confidential,Confidential,No,No,2013-06-01T05:00:00Z
Nebraska,42000000,Retail trade,106112,Confidential,Confidential,Confidential,No,No,2013-06-01T05:00:00Z
Nebraska,43000000,Transportation and warehousing,52812,Confidential,Confidential,Confidential,No,No,2013-06-01T05:00:00Z
Nebraska,50000000,Information,17716,Confidential,Confidential,Confidential,No,No,2013-06-01T05:00:00Z
Nebraska,55000000,Financial activities,71237,38.6,$25.83,$997.04,No,No,2013-06-01T05:00:00Z
Nebraska,60000000,Professional and business services,111123,36.3,$25.60,$929.28,No,No,2013-06-01T05:00:00Z
Nebraska,65000000,Education and health services,146071,33.1,$21.24,$703.04,No,No,2013-06-01T05:00:00Z
Nebraska,70000000,Leisure and hospitality,88892,23.4,$11.61,$271.67,No,No,2013-06-01T05:00:00Z
Nebraska,80000000,Other services,37266,Confidential,Confidential,Confidential,No,No,2013-06-01T05:00:00Z
Nebraska,90000000,Government,168831,Confidential,Confidential,Confidential,No,No,2013-06-01T05:00:00Z
Nebraska,06000000,Goods-producing,145326,40.7,$19.97,$812.78,No,No,2013-07-01T05:00:00Z
Nebraska,07000000,Service-providing,832750,Confidential,Confidential,Confidential,No,No,2013-07-01T05:00:00Z
Nebraska,08000000,Private service-providing,672322,32.9,$20.79,$683.99,No,No,2013-07-01T05:00:00Z
Nebraska,10000000,Mining and logging,1133,Confidential,Confidential,Confidential,No,No,2013-07-01T05:00:00Z
Nebraska,15000000,Natural Resources and Mining and Constru,48798,41.6,$20.82,$866.11,No,No,2013-07-01T05:00:00Z
Nebraska,20000000,Construction,47665,Confidential,Confidential,Confidential,No,No,2013-07-01T05:00:00Z
Nebraska,30000000,Manufacturing,96528,40.3,$19.53,$787.06,No,No,2013-07-01T05:00:00Z
Nebraska,31000000,Durable goods,45172,Confidential,Confidential,Confidential,No,No,2013-07-01T05:00:00Z
Nebraska,32000000,Nondurable goods,51356,Confidential,Confidential,Confidential,No,No,2013-07-01T05:00:00Z
Nebraska,40000000,"Trade, transportation, and utilities",200777,34.6,$18.16,$628.34,No,No,2013-07-01T05:00:00Z
Nebraska,41000000,Wholesale Trade,42271,Confidential,Confidential,Confidential,No,No,2013-07-01T05:00:00Z
Nebraska,42000000,Retail trade,106024,Confidential,Confidential,Confidential,No,No,2013-07-01T05:00:00Z
Nebraska,43000000,Transportation and warehousing,52482,Confidential,Confidential,Confidential,No,No,2013-07-01T05:00:00Z
Nebraska,50000000,Information,17734,Confidential,Confidential,Confidential,No,No,2013-07-01T05:00:00Z
Nebraska,55000000,Financial activities,71254,37.1,$25.23,$936.03,No,No,2013-07-01T05:00:00Z
Nebraska,60000000,Professional and business services,111521,34.7,$25.58,$887.63,No,No,2013-07-01T05:00:00Z
Nebraska,65000000,Education and health services,145571,32.1,$21.37,$685.98,No,No,2013-07-01T05:00:00Z
Nebraska,70000000,Leisure and hospitality,88437,22.7,$11.46,$260.14,No,No,2013-07-01T05:00:00Z
Nebraska,80000000,Other services,37028,Confidential,Confidential,Confidential,No,No,2013-07-01T05:00:00Z
Nebraska,90000000,Government,160428,Confidential,Confidential,Confidential,No,No,2013-07-01T05:00:00Z
Nebraska,06000000,Goods-producing,145598,40.6,$20.31,$824.59,No,No,2013-08-01T05:00:00Z
Nebraska,07000000,Service-providing,836859,Confidential,Confidential,Confidential,No,No,2013-08-01T05:00:00Z
Nebraska,08000000,Private service-providing,675200,32.9,$20.84,$685.64,No,No,2013-08-01T05:00:00Z
Nebraska,10000000,Mining and logging,1125,Confidential,Confidential,Confidential,No,No,2013-08-01T05:00:00Z
Nebraska,15000000,Natural Resources and Mining and Constru,48794,40.0,$21.30,$852.00,No,No,2013-08-01T05:00:00Z
Nebraska,20000000,Construction,47669,Confidential,Confidential,Confidential,No,No,2013-08-01T05:00:00Z
Nebraska,30000000,Manufacturing,96804,41.0,$19.82,$812.62,No,No,2013-08-01T05:00:00Z
Nebraska,31000000,Durable goods,45152,Confidential,Confidential,Confidential,No,No,2013-08-01T05:00:00Z
Nebraska,32000000,Nondurable goods,51652,Confidential,Confidential,Confidential,No,No,2013-08-01T05:00:00Z
Nebraska,40000000,"Trade, transportation, and utilities",201275,34.6,$18.20,$629.72,No,No,2013-08-01T05:00:00Z
Nebraska,41000000,Wholesale Trade,41816,Confidential,Confidential,Confidential,No,No,2013-08-01T05:00:00Z
Nebraska,42000000,Retail trade,106265,Confidential,Confidential,Confidential,No,No,2013-08-01T05:00:00Z
Nebraska,43000000,Transportation and warehousing,53194,Confidential,Confidential,Confidential,No,No,2013-08-01T05:00:00Z
Nebraska,50000000,Information,17699,Confidential,Confidential,Confidential,No,No,2013-08-01T05:00:00Z
Nebraska,55000000,Financial activities,71234,37.5,$25.46,$954.75,No,No,2013-08-01T05:00:00Z
Nebraska,60000000,Professional and business services,111672,35.1,$25.27,$886.98,No,No,2013-08-01T05:00:00Z
Nebraska,65000000,Education and health services,146529,32.0,$21.57,$690.24,No,No,2013-08-01T05:00:00Z
Nebraska,70000000,Leisure and hospitality,89837,22.7,$11.48,$260.60,No,No,2013-08-01T05:00:00Z
Nebraska,80000000,Other services,36954,Confidential,Confidential,Confidential,No,No,2013-08-01T05:00:00Z
Nebraska,90000000,Government,161659,Confidential,Confidential,Confidential,No,No,2013-08-01T05:00:00Z
Nebraska,06000000,Goods-producing,144957,40.8,$20.28,$827.42,No,No,2013-09-01T05:00:00Z
Nebraska,07000000,Service-providing,841461,Confidential,Confidential,Confidential,No,No,2013-09-01T05:00:00Z
Nebraska,08000000,Private service-providing,673091,33.3,$21.16,$704.63,No,No,2013-09-01T05:00:00Z
Nebraska,10000000,Mining and logging,1119,Confidential,Confidential,Confidential,No,No,2013-09-01T05:00:00Z
Nebraska,15000000,Natural Resources and Mining and Constru,48062,40.5,$21.21,$859.01,No,No,2013-09-01T05:00:00Z
Nebraska,20000000,Construction,46943,Confidential,Confidential,Confidential,No,No,2013-09-01T05:00:00Z
Nebraska,30000000,Manufacturing,96895,40.9,$19.82,$810.64,No,No,2013-09-01T05:00:00Z
Nebraska,31000000,Durable goods,45123,Confidential,Confidential,Confidential,No,No,2013-09-01T05:00:00Z
Nebraska,32000000,Nondurable goods,51772,Confidential,Confidential,Confidential,No,No,2013-09-01T05:00:00Z
Nebraska,40000000,"Trade, transportation, and utilities",200461,34.8,$18.31,$637.19,No,No,2013-09-01T05:00:00Z
Nebraska,41000000,Wholesale Trade,41499,Confidential,Confidential,Confidential,No,No,2013-09-01T05:00:00Z
Nebraska,42000000,Retail trade,105771,Confidential,Confidential,Confidential,No,No,2013-09-01T05:00:00Z
Nebraska,43000000,Transportation and warehousing,53191,Confidential,Confidential,Confidential,No,No,2013-09-01T05:00:00Z
Nebraska,50000000,Information,17731,Confidential,Confidential,Confidential,No,No,2013-09-01T05:00:00Z
Nebraska,55000000,Financial activities,70882,38.4,$26.04,$999.94,No,No,2013-09-01T05:00:00Z
Nebraska,60000000,Professional and business services,111847,35.1,$25.60,$898.56,No,No,2013-09-01T05:00:00Z
Nebraska,65000000,Education and health services,147063,32.8,$21.78,$714.38,No,No,2013-09-01T05:00:00Z
Nebraska,70000000,Leisure and hospitality,88310,22.3,$11.70,$260.91,No,No,2013-09-01T05:00:00Z
Nebraska,80000000,Other services,36797,Confidential,Confidential,Confidential,No,No,2013-09-01T05:00:00Z
Nebraska,90000000,Government,168370,Confidential,Confidential,Confidential,No,No,2013-09-01T05:00:00Z
Nebraska,06000000,Goods-producing,144405,40.9,$20.20,$826.18,No,No,2013-10-01T05:00:00Z
Nebraska,07000000,Service-providing,848678,Confidential,Confidential,Confidential,No,No,2013-10-01T05:00:00Z
Nebraska,08000000,Private service-providing,676378,32.6,$21.00,$684.60,No,No,2013-10-01T05:00:00Z
Nebraska,10000000,Mining and logging,1106,Confidential,Confidential,Confidential,No,No,2013-10-01T05:00:00Z
Nebraska,15000000,Natural Resources and Mining and Constru,47456,40.4,$21.59,$872.24,No,No,2013-10-01T05:00:00Z
Nebraska,20000000,Construction,46350,Confidential,Confidential,Confidential,No,No,2013-10-01T05:00:00Z
Nebraska,30000000,Manufacturing,96949,41.1,$19.53,$802.68,No,No,2013-10-01T05:00:00Z
Nebraska,31000000,Durable goods,45052,Confidential,Confidential,Confidential,No,No,2013-10-01T05:00:00Z
Nebraska,32000000,Nondurable goods,51897,Confidential,Confidential,Confidential,No,No,2013-10-01T05:00:00Z
Nebraska,40000000,"Trade, transportation, and utilities",202143,34.2,$18.29,$625.52,No,No,2013-10-01T05:00:00Z
Nebraska,41000000,Wholesale Trade,41817,Confidential,Confidential,Confidential,No,No,2013-10-01T05:00:00Z
Nebraska,42000000,Retail trade,107135,Confidential,Confidential,Confidential,No,No,2013-10-01T05:00:00Z
Nebraska,43000000,Transportation and warehousing,53191,Confidential,Confidential,Confidential,No,No,2013-10-01T05:00:00Z
Nebraska,50000000,Information,17786,Confidential,Confidential,Confidential,No,No,2013-10-01T05:00:00Z
Nebraska,55000000,Financial activities,70988,37.0,$25.63,$948.31,No,No,2013-10-01T05:00:00Z
Nebraska,60000000,Professional and business services,113480,34.8,$25.47,$886.36,No,No,2013-10-01T05:00:00Z
Nebraska,65000000,Education and health services,148103,32.2,$21.65,$697.13,No,No,2013-10-01T05:00:00Z
Nebraska,70000000,Leisure and hospitality,87392,21.9,$11.63,$254.70,No,No,2013-10-01T05:00:00Z
Nebraska,80000000,Other services,36486,Confidential,Confidential,Confidential,No,No,2013-10-01T05:00:00Z
Nebraska,90000000,Government,172300,Confidential,Confidential,Confidential,No,No,2013-10-01T05:00:00Z
Nebraska,06000000,Goods-producing,143794,40.4,$20.28,$819.31,No,No,2013-11-01T05:00:00Z
Nebraska,07000000,Service-providing,851665,Confidential,Confidential,Confidential,No,No,2013-11-01T05:00:00Z
Nebraska,08000000,Private service-providing,679214,32.5,$21.20,$689.00,No,No,2013-11-01T05:00:00Z
Nebraska,10000000,Mining and logging,1086,Confidential,Confidential,Confidential,No,No,2013-11-01T05:00:00Z
Nebraska,15000000,Natural Resources and Mining and Constru,46425,39.0,$21.38,$833.82,No,No,2013-11-01T05:00:00Z
Nebraska,20000000,Construction,45339,Confidential,Confidential,Confidential,No,No,2013-11-01T05:00:00Z
Nebraska,30000000,Manufacturing,97369,41.1,$19.78,$812.96,No,No,2013-11-01T05:00:00Z
Nebraska,31000000,Durable goods,45306,Confidential,Confidential,Confidential,No,No,2013-11-01T05:00:00Z
Nebraska,32000000,Nondurable goods,52063,Confidential,Confidential,Confidential,No,No,2013-11-01T05:00:00Z
Nebraska,40000000,"Trade, transportation, and utilities",206418,33.6,$18.48,$620.93,No,No,2013-11-01T05:00:00Z
Nebraska,41000000,Wholesale Trade,41897,Confidential,Confidential,Confidential,No,No,2013-11-01T05:00:00Z
Nebraska,42000000,Retail trade,110840,Confidential,Confidential,Confidential,No,No,2013-11-01T05:00:00Z
Nebraska,43000000,Transportation and warehousing,53681,Confidential,Confidential,Confidential,No,No,2013-11-01T05:00:00Z
Nebraska,50000000,Information,17834,Confidential,Confidential,Confidential,No,No,2013-11-01T05:00:00Z
Nebraska,55000000,Financial activities,71036,37.7,$25.75,$970.78,No,No,2013-11-01T05:00:00Z
Nebraska,60000000,Professional and business services,113168,34.9,$25.67,$895.88,No,No,2013-11-01T05:00:00Z
Nebraska,65000000,Education and health services,148255,31.9,$21.96,$700.52,No,No,2013-11-01T05:00:00Z
Nebraska,70000000,Leisure and hospitality,86056,22.1,$11.66,$257.69,No,No,2013-11-01T05:00:00Z
Nebraska,80000000,Other services,36447,Confidential,Confidential,Confidential,No,No,2013-11-01T05:00:00Z
Nebraska,90000000,Government,172451,Confidential,Confidential,Confidential,No,No,2013-11-01T05:00:00Z
Nebraska,06000000,Goods-producing,141625,40.5,$20.19,$817.70,No,No,2013-12-01T06:00:00Z
Nebraska,07000000,Service-providing,853040,Confidential,Confidential,Confidential,No,No,2013-12-01T06:00:00Z
Nebraska,08000000,Private service-providing,681554,32.8,$21.34,$699.95,No,No,2013-12-01T06:00:00Z
Nebraska,10000000,Mining and logging,1030,Confidential,Confidential,Confidential,No,No,2013-12-01T06:00:00Z
Nebraska,15000000,Natural Resources and Mining and Constru,44276,38.4,$21.55,$827.52,No,No,2013-12-01T06:00:00Z
Nebraska,20000000,Construction,43246,Confidential,Confidential,Confidential,No,No,2013-12-01T06:00:00Z
Nebraska,30000000,Manufacturing,97349,41.4,$19.61,$811.85,No,No,2013-12-01T06:00:00Z
Nebraska,31000000,Durable goods,45523,Confidential,Confidential,Confidential,No,No,2013-12-01T06:00:00Z
Nebraska,32000000,Nondurable goods,51826,Confidential,Confidential,Confidential,No,No,2013-12-01T06:00:00Z
Nebraska,40000000,"Trade, transportation, and utilities",209222,34.0,$18.47,$627.98,No,No,2013-12-01T06:00:00Z
Nebraska,41000000,Wholesale Trade,42305,Confidential,Confidential,Confidential,No,No,2013-12-01T06:00:00Z
Nebraska,42000000,Retail trade,112166,Confidential,Confidential,Confidential,No,No,2013-12-01T06:00:00Z
Nebraska,43000000,Transportation and warehousing,54751,Confidential,Confidential,Confidential,No,No,2013-12-01T06:00:00Z
Nebraska,50000000,Information,17812,Confidential,Confidential,Confidential,No,No,2013-12-01T06:00:00Z
Nebraska,55000000,Financial activities,71245,38.6,$27.02,"$1,042.97",No,No,2013-12-01T06:00:00Z
Nebraska,60000000,Professional and business services,113712,34.7,$25.86,$897.34,No,No,2013-12-01T06:00:00Z
Nebraska,65000000,Education and health services,148252,32.3,$22.06,$712.54,No,No,2013-12-01T06:00:00Z
Nebraska,70000000,Leisure and hospitality,84848,22.0,$11.65,$256.30,No,No,2013-12-01T06:00:00Z
Nebraska,80000000,Other services,36463,Confidential,Confidential,Confidential,No,No,2013-12-01T06:00:00Z
Nebraska,90000000,Government,171486,Confidential,Confidential,Confidential,No,No,2013-12-01T06:00:00Z
Nebraska,06000000,Goods-producing,137975,40.0,$20.26,$810.40,No,No,2014-01-01T06:00:00Z
Nebraska,07000000,Service-providing,832784,Confidential,Confidential,Confidential,No,No,2014-01-01T06:00:00Z
Nebraska,08000000,Private service-providing,664679,32.0,$21.40,$684.80,No,No,2014-01-01T06:00:00Z
Nebraska,10000000,Mining and logging,1059,Confidential,Confidential,Confidential,No,No,2014-01-01T06:00:00Z
Nebraska,15000000,Natural Resources and Mining and Constru,41458,37.4,$21.56,$806.34,No,No,2014-01-01T06:00:00Z
Nebraska,20000000,Construction,40399,Confidential,Confidential,Confidential,No,No,2014-01-01T06:00:00Z
Nebraska,30000000,Manufacturing,96517,41.2,$19.75,$813.70,No,No,2014-01-01T06:00:00Z
Nebraska,31000000,Durable goods,45253,Confidential,Confidential,Confidential,No,No,2014-01-01T06:00:00Z
Nebraska,32000000,Nondurable goods,51264,Confidential,Confidential,Confidential,No,No,2014-01-01T06:00:00Z
Nebraska,40000000,"Trade, transportation, and utilities",200930,33.4,$19.13,$638.94,No,No,2014-01-01T06:00:00Z
Nebraska,41000000,Wholesale Trade,41877,Confidential,Confidential,Confidential,No,No,2014-01-01T06:00:00Z
Nebraska,42000000,Retail trade,106305,Confidential,Confidential,Confidential,No,No,2014-01-01T06:00:00Z
Nebraska,43000000,Transportation and warehousing,52748,Confidential,Confidential,Confidential,No,No,2014-01-01T06:00:00Z
Nebraska,50000000,Information,17783,Confidential,Confidential,Confidential,No,No,2014-01-01T06:00:00Z
Nebraska,55000000,Financial activities,70971,37.3,$26.45,$986.59,No,No,2014-01-01T06:00:00Z
Nebraska,60000000,Professional and business services,110441,34.0,$25.04,$851.36,No,No,2014-01-01T06:00:00Z
Nebraska,65000000,Education and health services,145612,31.6,$22.36,$706.58,No,No,2014-01-01T06:00:00Z
Nebraska,70000000,Leisure and hospitality,82746,21.0,$11.72,$246.12,No,No,2014-01-01T06:00:00Z
Nebraska,80000000,Other services,36196,Confidential,Confidential,Confidential,No,No,2014-01-01T06:00:00Z
Nebraska,90000000,Government,168105,Confidential,Confidential,Confidential,No,No,2014-01-01T06:00:00Z
Nebraska,06000000,Goods-producing,138100,39.5,$19.97,$788.82,No,No,2014-02-01T06:00:00Z
Nebraska,07000000,Service-providing,837385,Confidential,Confidential,Confidential,No,No,2014-02-01T06:00:00Z
Nebraska,08000000,Private service-providing,666544,32.6,$21.56,$702.86,No,No,2014-02-01T06:00:00Z
Nebraska,10000000,Mining and logging,1031,Confidential,Confidential,Confidential,No,No,2014-02-01T06:00:00Z
Nebraska,15000000,Natural Resources and Mining and Constru,41105,36.2,$21.96,$794.95,No,No,2014-02-01T06:00:00Z
Nebraska,20000000,Construction,40074,Confidential,Confidential,Confidential,No,No,2014-02-01T06:00:00Z
Nebraska,30000000,Manufacturing,96995,40.9,$19.23,$786.51,No,No,2014-02-01T06:00:00Z
Nebraska,31000000,Durable goods,45531,Confidential,Confidential,Confidential,No,No,2014-02-01T06:00:00Z
Nebraska,32000000,Nondurable goods,51464,Confidential,Confidential,Confidential,No,No,2014-02-01T06:00:00Z
Nebraska,40000000,"Trade, transportation, and utilities",199410,33.7,$19.17,$646.03,No,No,2014-02-01T06:00:00Z
Nebraska,41000000,Wholesale Trade,41583,Confidential,Confidential,Confidential,No,No,2014-02-01T06:00:00Z
Nebraska,42000000,Retail trade,105246,Confidential,Confidential,Confidential,No,No,2014-02-01T06:00:00Z
Nebraska,43000000,Transportation and warehousing,52581,Confidential,Confidential,Confidential,No,No,2014-02-01T06:00:00Z
Nebraska,50000000,Information,17650,Confidential,Confidential,Confidential,No,No,2014-02-01T06:00:00Z
Nebraska,55000000,Financial activities,71002,38.5,$27.14,"$1,044.89",No,No,2014-02-01T06:00:00Z
Nebraska,60000000,Professional and business services,111726,35.1,$25.21,$884.87,No,No,2014-02-01T06:00:00Z
Nebraska,65000000,Education and health services,147310,32.0,$22.01,$704.32,No,No,2014-02-01T06:00:00Z
Nebraska,70000000,Leisure and hospitality,83221,22.0,$11.80,$259.60,No,No,2014-02-01T06:00:00Z
Nebraska,80000000,Other services,36225,Confidential,Confidential,Confidential,No,No,2014-02-01T06:00:00Z
Nebraska,90000000,Government,170841,Confidential,Confidential,Confidential,No,No,2014-02-01T06:00:00Z
Nebraska,06000000,Goods-producing,139586,40.3,$20.06,$808.42,No,No,2014-03-01T06:00:00Z
Nebraska,07000000,Service-providing,841742,Confidential,Confidential,Confidential,No,No,2014-03-01T06:00:00Z
Nebraska,08000000,Private service-providing,670785,32.8,$21.67,$710.78,No,No,2014-03-01T06:00:00Z
Nebraska,10000000,Mining and logging,1112,Confidential,Confidential,Confidential,No,No,2014-03-01T06:00:00Z
Nebraska,15000000,Natural Resources and Mining and Constru,42701,39.1,$21.64,$846.12,No,No,2014-03-01T06:00:00Z
Nebraska,20000000,Construction,41589,Confidential,Confidential,Confidential,No,No,2014-03-01T06:00:00Z
Nebraska,30000000,Manufacturing,96885,40.8,$19.39,$791.11,No,No,2014-03-01T06:00:00Z
Nebraska,31000000,Durable goods,45647,Confidential,Confidential,Confidential,No,No,2014-03-01T06:00:00Z
Nebraska,32000000,Nondurable goods,51238,Confidential,Confidential,Confidential,No,No,2014-03-01T06:00:00Z
Nebraska,40000000,"Trade, transportation, and utilities",200028,34.1,$19.51,$665.29,No,No,2014-03-01T06:00:00Z
Nebraska,41000000,Wholesale Trade,42070,Confidential,Confidential,Confidential,No,No,2014-03-01T06:00:00Z
Nebraska,42000000,Retail trade,105285,Confidential,Confidential,Confidential,No,No,2014-03-01T06:00:00Z
Nebraska,43000000,Transportation and warehousing,52673,Confidential,Confidential,Confidential,No,No,2014-03-01T06:00:00Z
Nebraska,50000000,Information,17629,Confidential,Confidential,Confidential,No,No,2014-03-01T06:00:00Z
Nebraska,55000000,Financial activities,71030,38.6,$27.12,"$1,046.83",No,No,2014-03-01T06:00:00Z
Nebraska,60000000,Professional and business services,112339,35.1,$25.46,$893.65,No,No,2014-03-01T06:00:00Z
Nebraska,65000000,Education and health services,148537,32.0,$21.89,$700.48,No,No,2014-03-01T06:00:00Z
Nebraska,70000000,Leisure and hospitality,84749,22.4,$11.94,$267.46,No,No,2014-03-01T06:00:00Z
Nebraska,80000000,Other services,36473,Confidential,Confidential,Confidential,No,No,2014-03-01T06:00:00Z
Nebraska,90000000,Government,170957,Confidential,Confidential,Confidential,No,No,2014-03-01T06:00:00Z
Nebraska,06000000,Goods-producing,144331,40.5,$20.29,$821.75,No,No,2014-04-01T05:00:00Z
Nebraska,07000000,Service-providing,847701,Confidential,Confidential,Confidential,No,No,2014-04-01T05:00:00Z
Nebraska,08000000,Private service-providing,676413,32.4,$21.50,$696.60,No,No,2014-04-01T05:00:00Z
Nebraska,10000000,Mining and logging,1237,Confidential,Confidential,Confidential,No,No,2014-04-01T05:00:00Z
Nebraska,15000000,Natural Resources and Mining and Constru,47020,40.0,$21.66,$866.40,No,No,2014-04-01T05:00:00Z
Nebraska,20000000,Construction,45783,Confidential,Confidential,Confidential,No,No,2014-04-01T05:00:00Z
Nebraska,30000000,Manufacturing,97311,40.8,$19.64,$801.31,No,No,2014-04-01T05:00:00Z
Nebraska,31000000,Durable goods,45843,Confidential,Confidential,Confidential,No,No,2014-04-01T05:00:00Z
Nebraska,32000000,Nondurable goods,51468,Confidential,Confidential,Confidential,No,No,2014-04-01T05:00:00Z
Nebraska,40000000,"Trade, transportation, and utilities",201995,34.2,$19.37,$662.45,No,No,2014-04-01T05:00:00Z
Nebraska,41000000,Wholesale Trade,42616,Confidential,Confidential,Confidential,No,No,2014-04-01T05:00:00Z
Nebraska,42000000,Retail trade,106824,Confidential,Confidential,Confidential,No,No,2014-04-01T05:00:00Z
Nebraska,43000000,Transportation and warehousing,52555,Confidential,Confidential,Confidential,No,No,2014-04-01T05:00:00Z
Nebraska,50000000,Information,17608,Confidential,Confidential,Confidential,No,No,2014-04-01T05:00:00Z
Nebraska,55000000,Financial activities,70734,37.7,$26.58,"$1,002.07",No,No,2014-04-01T05:00:00Z
Nebraska,60000000,Professional and business services,113850,34.5,$25.45,$878.03,No,No,2014-04-01T05:00:00Z
Nebraska,65000000,Education and health services,148548,31.8,$21.93,$697.37,No,No,2014-04-01T05:00:00Z
Nebraska,70000000,Leisure and hospitality,86760,21.9,$11.91,$260.83,No,No,2014-04-01T05:00:00Z
Nebraska,80000000,Other services,36918,Confidential,Confidential,Confidential,No,No,2014-04-01T05:00:00Z
Nebraska,90000000,Government,171288,Confidential,Confidential,Confidential,No,No,2014-04-01T05:00:00Z
Nebraska,06000000,Goods-producing,146159,41.3,$20.18,$833.43,No,No,2014-05-01T05:00:00Z
Nebraska,07000000,Service-providing,856665,Confidential,Confidential,Confidential,No,No,2014-05-01T05:00:00Z
Nebraska,08000000,Private service-providing,682336,32.5,$21.39,$695.18,No,No,2014-05-01T05:00:00Z
Nebraska,10000000,Mining and logging,1203,Confidential,Confidential,Confidential,No,No,2014-05-01T05:00:00Z
Nebraska,15000000,Natural Resources and Mining and Constru,48815,41.3,$21.09,$871.02,No,No,2014-05-01T05:00:00Z
Nebraska,20000000,Construction,47612,Confidential,Confidential,Confidential,No,No,2014-05-01T05:00:00Z
Nebraska,30000000,Manufacturing,97344,41.3,$19.72,$814.44,No,No,2014-05-01T05:00:00Z
Nebraska,31000000,Durable goods,46044,Confidential,Confidential,Confidential,No,No,2014-05-01T05:00:00Z
Nebraska,32000000,Nondurable goods,51300,Confidential,Confidential,Confidential,No,No,2014-05-01T05:00:00Z
Nebraska,40000000,"Trade, transportation, and utilities",204087,34.5,$19.37,$668.27,No,No,2014-05-01T05:00:00Z
Nebraska,41000000,Wholesale Trade,43128,Confidential,Confidential,Confidential,No,No,2014-05-01T05:00:00Z
Nebraska,42000000,Retail trade,108018,Confidential,Confidential,Confidential,No,No,2014-05-01T05:00:00Z
Nebraska,43000000,Transportation and warehousing,52941,Confidential,Confidential,Confidential,No,No,2014-05-01T05:00:00Z
Nebraska,50000000,Information,17558,Confidential,Confidential,Confidential,No,No,2014-05-01T05:00:00Z
Nebraska,55000000,Financial activities,70864,37.7,$26.53,"$1,000.18",No,No,2014-05-01T05:00:00Z
Nebraska,60000000,Professional and business services,114158,34.9,$25.45,$888.21,No,No,2014-05-01T05:00:00Z
Nebraska,65000000,Education and health services,148548,31.8,$21.70,$690.06,No,No,2014-05-01T05:00:00Z
Nebraska,70000000,Leisure and hospitality,89988,22.1,$11.96,$264.32,No,No,2014-05-01T05:00:00Z
Nebraska,80000000,Other services,37133,Confidential,Confidential,Confidential,No,No,2014-05-01T05:00:00Z
Nebraska,90000000,Government,174329,Confidential,Confidential,Confidential,No,No,2014-05-01T05:00:00Z
Nebraska,06000000,Goods-producing,148046,41.6,$20.23,$841.57,No,No,2014-06-01T05:00:00Z
Nebraska,07000000,Service-providing,851780,Confidential,Confidential,Confidential,No,No,2014-06-01T05:00:00Z
Nebraska,08000000,Private service-providing,683252,33.6,$21.44,$720.38,No,No,2014-06-01T05:00:00Z
Nebraska,10000000,Mining and logging,1177,Confidential,Confidential,Confidential,No,No,2014-06-01T05:00:00Z
Nebraska,15000000,Natural Resources and Mining and Constru,50297,42.0,$21.12,$887.04,No,No,2014-06-01T05:00:00Z
Nebraska,20000000,Construction,49120,Confidential,Confidential,Confidential,No,No,2014-06-01T05:00:00Z
Nebraska,30000000,Manufacturing,97749,41.4,$19.77,$818.48,No,No,2014-06-01T05:00:00Z
Nebraska,31000000,Durable goods,46392,Confidential,Confidential,Confidential,No,No,2014-06-01T05:00:00Z
Nebraska,32000000,Nondurable goods,51357,Confidential,Confidential,Confidential,No,No,2014-06-01T05:00:00Z
Nebraska,40000000,"Trade, transportation, and utilities",204328,35.1,$19.24,$675.32,No,No,2014-06-01T05:00:00Z
Nebraska,41000000,Wholesale Trade,43468,Confidential,Confidential,Confidential,No,No,2014-06-01T05:00:00Z
Nebraska,42000000,Retail trade,108177,Confidential,Confidential,Confidential,No,No,2014-06-01T05:00:00Z
Nebraska,43000000,Transportation and warehousing,52683,Confidential,Confidential,Confidential,No,No,2014-06-01T05:00:00Z
Nebraska,50000000,Information,17663,Confidential,Confidential,Confidential,No,No,2014-06-01T05:00:00Z
Nebraska,55000000,Financial activities,71316,39.4,$26.97,"$1,062.62",No,No,2014-06-01T05:00:00Z
Nebraska,60000000,Professional and business services,114986,36.4,$25.61,$932.20,No,No,2014-06-01T05:00:00Z
Nebraska,65000000,Education and health services,146660,32.9,$21.58,$709.98,No,No,2014-06-01T05:00:00Z
Nebraska,70000000,Leisure and hospitality,90772,23.6,$11.85,$279.66,No,No,2014-06-01T05:00:00Z
Nebraska,80000000,Other services,37527,Confidential,Confidential,Confidential,No,No,2014-06-01T05:00:00Z
Nebraska,90000000,Government,168528,Confidential,Confidential,Confidential,No,No,2014-06-01T05:00:00Z
Nebraska,06000000,Goods-producing,148523,41.1,$20.41,$838.85,No,No,2014-07-01T05:00:00Z
Nebraska,07000000,Service-providing,841103,Confidential,Confidential,Confidential,No,No,2014-07-01T05:00:00Z
Nebraska,08000000,Private service-providing,680812,32.9,$21.43,$705.05,No,No,2014-07-01T05:00:00Z
Nebraska,10000000,Mining and logging,1200,Confidential,Confidential,Confidential,No,No,2014-07-01T05:00:00Z
Nebraska,15000000,Natural Resources and Mining and Constru,50838,41.5,$20.93,$868.60,No,No,2014-07-01T05:00:00Z
Nebraska,20000000,Construction,49638,Confidential,Confidential,Confidential,No,No,2014-07-01T05:00:00Z
Nebraska,30000000,Manufacturing,97685,41.0,$20.14,$825.74,No,No,2014-07-01T05:00:00Z
Nebraska,31000000,Durable goods,46230,Confidential,Confidential,Confidential,No,No,2014-07-01T05:00:00Z
Nebraska,32000000,Nondurable goods,51455,Confidential,Confidential,Confidential,No,No,2014-07-01T05:00:00Z
Nebraska,40000000,"Trade, transportation, and utilities",203424,34.8,$19.36,$673.73,No,No,2014-07-01T05:00:00Z
Nebraska,41000000,Wholesale Trade,43350,Confidential,Confidential,Confidential,No,No,2014-07-01T05:00:00Z
Nebraska,42000000,Retail trade,107971,Confidential,Confidential,Confidential,No,No,2014-07-01T05:00:00Z
Nebraska,43000000,Transportation and warehousing,52103,Confidential,Confidential,Confidential,No,No,2014-07-01T05:00:00Z
Nebraska,50000000,Information,17744,Confidential,Confidential,Confidential,No,No,2014-07-01T05:00:00Z
Nebraska,55000000,Financial activities,71408,38.0,$26.17,$994.46,No,No,2014-07-01T05:00:00Z
Nebraska,60000000,Professional and business services,114977,35.5,$25.62,$909.51,No,No,2014-07-01T05:00:00Z
Nebraska,65000000,Education and health services,146099,32.5,$21.79,$708.18,No,No,2014-07-01T05:00:00Z
Nebraska,70000000,Leisure and hospitality,90051,22.6,$11.84,$267.58,No,No,2014-07-01T05:00:00Z
Nebraska,80000000,Other services,37109,Confidential,Confidential,Confidential,No,No,2014-07-01T05:00:00Z
Nebraska,90000000,Government,160291,Confidential,Confidential,Confidential,No,No,2014-07-01T05:00:00Z
Nebraska,06000000,Goods-producing,148580,41.3,$20.62,$851.61,No,No,2014-08-01T05:00:00Z
Nebraska,07000000,Service-providing,844220,Confidential,Confidential,Confidential,No,No,2014-08-01T05:00:00Z
Nebraska,08000000,Private service-providing,682428,32.9,$21.53,$708.34,No,No,2014-08-01T05:00:00Z
Nebraska,10000000,Mining and logging,1169,Confidential,Confidential,Confidential,No,No,2014-08-01T05:00:00Z
Nebraska,15000000,Natural Resources and Mining and Constru,50490,41.5,$21.25,$881.88,No,No,2014-08-01T05:00:00Z
Nebraska,20000000,Construction,49321,Confidential,Confidential,Confidential,No,No,2014-08-01T05:00:00Z
Nebraska,30000000,Manufacturing,98090,41.2,$20.29,$835.95,No,No,2014-08-01T05:00:00Z
Nebraska,31000000,Durable goods,46176,Confidential,Confidential,Confidential,No,No,2014-08-01T05:00:00Z
Nebraska,32000000,Nondurable goods,51914,Confidential,Confidential,Confidential,No,No,2014-08-01T05:00:00Z
Nebraska,40000000,"Trade, transportation, and utilities",204190,34.3,$19.81,$679.48,No,No,2014-08-01T05:00:00Z
Nebraska,41000000,Wholesale Trade,42845,Confidential,Confidential,Confidential,No,No,2014-08-01T05:00:00Z
Nebraska,42000000,Retail trade,108424,Confidential,Confidential,Confidential,No,No,2014-08-01T05:00:00Z
Nebraska,43000000,Transportation and warehousing,52921,Confidential,Confidential,Confidential,No,No,2014-08-01T05:00:00Z
Nebraska,50000000,Information,17768,Confidential,Confidential,Confidential,No,No,2014-08-01T05:00:00Z
Nebraska,55000000,Financial activities,71056,38.0,$26.34,"$1,000.92",No,No,2014-08-01T05:00:00Z
Nebraska,60000000,Professional and business services,114707,36.1,$25.62,$924.88,No,No,2014-08-01T05:00:00Z
Nebraska,65000000,Education and health services,147215,32.4,$21.64,$701.14,No,No,2014-08-01T05:00:00Z
Nebraska,70000000,Leisure and hospitality,90606,23.1,$11.78,$272.12,No,No,2014-08-01T05:00:00Z
Nebraska,80000000,Other services,36886,Confidential,Confidential,Confidential,No,No,2014-08-01T05:00:00Z
Nebraska,90000000,Government,161792,Confidential,Confidential,Confidential,No,No,2014-08-01T05:00:00Z
Nebraska,06000000,Goods-producing,147461,40.7,$20.56,$836.79,No,No,2014-09-01T05:00:00Z
Nebraska,07000000,Service-providing,849336,Confidential,Confidential,Confidential,No,No,2014-09-01T05:00:00Z
Nebraska,08000000,Private service-providing,679054,32.6,$21.63,$705.14,No,No,2014-09-01T05:00:00Z
Nebraska,10000000,Mining and logging,1140,Confidential,Confidential,Confidential,No,No,2014-09-01T05:00:00Z
Nebraska,15000000,Natural Resources and Mining and Constru,49715,40.1,$21.29,$853.73,No,No,2014-09-01T05:00:00Z
Nebraska,20000000,Construction,48575,Confidential,Confidential,Confidential,No,No,2014-09-01T05:00:00Z
Nebraska,30000000,Manufacturing,97746,41.0,$20.20,$828.20,No,No,2014-09-01T05:00:00Z
Nebraska,31000000,Durable goods,45929,Confidential,Confidential,Confidential,No,No,2014-09-01T05:00:00Z
Nebraska,32000000,Nondurable goods,51817,Confidential,Confidential,Confidential,No,No,2014-09-01T05:00:00Z
Nebraska,40000000,"Trade, transportation, and utilities",202987,33.8,$19.65,$664.17,No,No,2014-09-01T05:00:00Z
Nebraska,41000000,Wholesale Trade,42258,Confidential,Confidential,Confidential,No,No,2014-09-01T05:00:00Z
Nebraska,42000000,Retail trade,107611,Confidential,Confidential,Confidential,No,No,2014-09-01T05:00:00Z
Nebraska,43000000,Transportation and warehousing,53118,Confidential,Confidential,Confidential,No,No,2014-09-01T05:00:00Z
Nebraska,50000000,Information,17780,Confidential,Confidential,Confidential,No,No,2014-09-01T05:00:00Z
Nebraska,55000000,Financial activities,70679,37.9,$26.09,$988.81,No,No,2014-09-01T05:00:00Z
Nebraska,60000000,Professional and business services,114481,35.6,$25.70,$914.92,No,No,2014-09-01T05:00:00Z
Nebraska,65000000,Education and health services,148014,32.3,$22.07,$712.86,No,No,2014-09-01T05:00:00Z
Nebraska,70000000,Leisure and hospitality,88378,22.7,$11.86,$269.22,No,No,2014-09-01T05:00:00Z
Nebraska,80000000,Other services,36735,Confidential,Confidential,Confidential,No,No,2014-09-01T05:00:00Z
Nebraska,90000000,Government,170282,Confidential,Confidential,Confidential,No,No,2014-09-01T05:00:00Z
Nebraska,06000000,Goods-producing,147449,40.8,$20.70,$844.56,No,No,2014-10-01T05:00:00Z
Nebraska,07000000,Service-providing,855150,Confidential,Confidential,Confidential,No,No,2014-10-01T05:00:00Z
Nebraska,08000000,Private service-providing,681872,32.7,$21.75,$711.23,No,No,2014-10-01T05:00:00Z
Nebraska,10000000,Mining and logging,1161,Confidential,Confidential,Confidential,No,No,2014-10-01T05:00:00Z
Nebraska,15000000,Natural Resources and Mining and Constru,50018,41.4,$21.24,$879.34,No,No,2014-10-01T05:00:00Z
Nebraska,20000000,Construction,48857,Confidential,Confidential,Confidential,No,No,2014-10-01T05:00:00Z
Nebraska,30000000,Manufacturing,97431,40.6,$20.41,$828.65,No,No,2014-10-01T05:00:00Z
Nebraska,31000000,Durable goods,45667,Confidential,Confidential,Confidential,No,No,2014-10-01T05:00:00Z
Nebraska,32000000,Nondurable goods,51764,Confidential,Confidential,Confidential,No,No,2014-10-01T05:00:00Z
Nebraska,40000000,"Trade, transportation, and utilities",204872,34.1,$19.82,$675.86,No,No,2014-10-01T05:00:00Z
Nebraska,41000000,Wholesale Trade,42307,Confidential,Confidential,Confidential,No,No,2014-10-01T05:00:00Z
Nebraska,42000000,Retail trade,108985,Confidential,Confidential,Confidential,No,No,2014-10-01T05:00:00Z
Nebraska,43000000,Transportation and warehousing,53580,Confidential,Confidential,Confidential,No,No,2014-10-01T05:00:00Z
Nebraska,50000000,Information,17799,Confidential,Confidential,Confidential,No,No,2014-10-01T05:00:00Z
Nebraska,55000000,Financial activities,70692,38.0,$26.10,$991.80,No,No,2014-10-01T05:00:00Z
Nebraska,60000000,Professional and business services,114908,36.2,$25.72,$931.06,No,No,2014-10-01T05:00:00Z
Nebraska,65000000,Education and health services,149332,31.9,$22.07,$704.03,No,No,2014-10-01T05:00:00Z
Nebraska,70000000,Leisure and hospitality,87347,22.7,$12.11,$274.90,No,No,2014-10-01T05:00:00Z
Nebraska,80000000,Other services,36922,Confidential,Confidential,Confidential,No,No,2014-10-01T05:00:00Z
Nebraska,90000000,Government,173278,Confidential,Confidential,Confidential,No,No,2014-10-01T05:00:00Z
Nebraska,06000000,Goods-producing,146067,40.1,$20.88,$837.29,No,No,2014-11-01T05:00:00Z
Nebraska,07000000,Service-providing,856860,Confidential,Confidential,Confidential,No,No,2014-11-01T05:00:00Z
Nebraska,08000000,Private service-providing,683599,33.1,$21.90,$724.89,No,No,2014-11-01T05:00:00Z
Nebraska,10000000,Mining and logging,1152,Confidential,Confidential,Confidential,No,No,2014-11-01T05:00:00Z
Nebraska,15000000,Natural Resources and Mining and Constru,48420,38.6,$21.37,$824.88,No,No,2014-11-01T05:00:00Z
Nebraska,20000000,Construction,47268,Confidential,Confidential,Confidential,No,No,2014-11-01T05:00:00Z
Nebraska,30000000,Manufacturing,97647,40.8,$20.65,$842.52,No,No,2014-11-01T05:00:00Z
Nebraska,31000000,Durable goods,45777,Confidential,Confidential,Confidential,No,No,2014-11-01T05:00:00Z
Nebraska,32000000,Nondurable goods,51870,Confidential,Confidential,Confidential,No,No,2014-11-01T05:00:00Z
Nebraska,40000000,"Trade, transportation, and utilities",208715,33.8,$19.91,$672.96,No,No,2014-11-01T05:00:00Z
Nebraska,41000000,Wholesale Trade,42201,Confidential,Confidential,Confidential,No,No,2014-11-01T05:00:00Z
Nebraska,42000000,Retail trade,111844,Confidential,Confidential,Confidential,No,No,2014-11-01T05:00:00Z
Nebraska,43000000,Transportation and warehousing,54670,Confidential,Confidential,Confidential,No,No,2014-11-01T05:00:00Z
Nebraska,50000000,Information,17950,Confidential,Confidential,Confidential,No,No,2014-11-01T05:00:00Z
Nebraska,55000000,Financial activities,70679,39.5,$26.84,"$1,060.18",No,No,2014-11-01T05:00:00Z
Nebraska,60000000,Professional and business services,114834,36.5,$25.98,$948.27,No,No,2014-11-01T05:00:00Z
Nebraska,65000000,Education and health services,149316,32.6,$21.68,$706.77,No,No,2014-11-01T05:00:00Z
Nebraska,70000000,Leisure and hospitality,85159,22.6,$12.13,$274.14,No,No,2014-11-01T05:00:00Z
Nebraska,80000000,Other services,36946,Confidential,Confidential,Confidential,No,No,2014-11-01T05:00:00Z
Nebraska,90000000,Government,173261,Confidential,Confidential,Confidential,No,No,2014-11-01T05:00:00Z
Nebraska,06000000,Goods-producing,145647,40.7,$21.10,$858.77,No,No,2014-12-01T06:00:00Z
Nebraska,07000000,Service-providing,860270,Confidential,Confidential,Confidential,No,No,2014-12-01T06:00:00Z
Nebraska,08000000,Private service-providing,687629,32.5,$21.93,$712.73,No,No,2014-12-01T06:00:00Z
Nebraska,10000000,Mining and logging,1098,Confidential,Confidential,Confidential,No,No,2014-12-01T06:00:00Z
Nebraska,15000000,Natural Resources and Mining and Constru,47708,39.5,$21.95,$867.03,No,No,2014-12-01T06:00:00Z
Nebraska,20000000,Construction,46610,Confidential,Confidential,Confidential,No,No,2014-12-01T06:00:00Z
Nebraska,30000000,Manufacturing,97939,41.3,$20.71,$855.32,No,No,2014-12-01T06:00:00Z
Nebraska,31000000,Durable goods,45970,Confidential,Confidential,Confidential,No,No,2014-12-01T06:00:00Z
Nebraska,32000000,Nondurable goods,51969,Confidential,Confidential,Confidential,No,No,2014-12-01T06:00:00Z
Nebraska,40000000,"Trade, transportation, and utilities",212117,33.9,$19.50,$661.05,No,No,2014-12-01T06:00:00Z
Nebraska,41000000,Wholesale Trade,42465,Confidential,Confidential,Confidential,No,No,2014-12-01T06:00:00Z
Nebraska,42000000,Retail trade,113353,Confidential,Confidential,Confidential,No,No,2014-12-01T06:00:00Z
Nebraska,43000000,Transportation and warehousing,56299,Confidential,Confidential,Confidential,No,No,2014-12-01T06:00:00Z
Nebraska,50000000,Information,18023,Confidential,Confidential,Confidential,No,No,2014-12-01T06:00:00Z
Nebraska,55000000,Financial activities,70701,37.8,$26.81,"$1,013.42",No,No,2014-12-01T06:00:00Z
Nebraska,60000000,Professional and business services,115087,36.3,$25.99,$943.44,No,No,2014-12-01T06:00:00Z
Nebraska,65000000,Education and health services,149850,31.7,$22.08,$699.94,No,No,2014-12-01T06:00:00Z
Nebraska,70000000,Leisure and hospitality,84847,22.0,$12.27,$269.94,No,No,2014-12-01T06:00:00Z
Nebraska,80000000,Other services,37004,Confidential,Confidential,Confidential,No,No,2014-12-01T06:00:00Z
Nebraska,90000000,Government,172641,Confidential,Confidential,Confidential,No,No,2014-12-01T06:00:00Z
Nebraska,06000000,Goods-producing,141110,40.0,$21.18,$847.20,No,No,2015-01-01T06:00:00Z
Nebraska,07000000,Service-providing,839656,Confidential,Confidential,Confidential,No,No,2015-01-01T06:00:00Z
Nebraska,08000000,Private service-providing,671452,32.2,$22.21,$715.16,No,No,2015-01-01T06:00:00Z
Nebraska,10000000,Mining and logging,996,Confidential,Confidential,Confidential,No,No,2015-01-01T06:00:00Z
Nebraska,15000000,Natural Resources and Mining and Constru,43977,37.6,$22.19,$834.34,No,No,2015-01-01T06:00:00Z
Nebraska,20000000,Construction,42981,Confidential,Confidential,Confidential,No,No,2015-01-01T06:00:00Z
Nebraska,30000000,Manufacturing,97133,41.1,$20.76,$853.24,No,No,2015-01-01T06:00:00Z
Nebraska,31000000,Durable goods,45424,Confidential,Confidential,Confidential,No,No,2015-01-01T06:00:00Z
Nebraska,32000000,Nondurable goods,51709,Confidential,Confidential,Confidential,No,No,2015-01-01T06:00:00Z
Nebraska,40000000,"Trade, transportation, and utilities",202911,33.1,$19.69,$651.74,No,No,2015-01-01T06:00:00Z
Nebraska,41000000,Wholesale Trade,41515,Confidential,Confidential,Confidential,No,No,2015-01-01T06:00:00Z
Nebraska,42000000,Retail trade,107872,Confidential,Confidential,Confidential,No,No,2015-01-01T06:00:00Z
Nebraska,43000000,Transportation and warehousing,53524,Confidential,Confidential,Confidential,No,No,2015-01-01T06:00:00Z
Nebraska,50000000,Information,17920,Confidential,Confidential,Confidential,No,No,2015-01-01T06:00:00Z
Nebraska,55000000,Financial activities,69942,38.1,$26.78,"$1,020.32",No,No,2015-01-01T06:00:00Z
Nebraska,60000000,Professional and business services,113547,35.7,$26.65,$951.41,No,No,2015-01-01T06:00:00Z
Nebraska,65000000,Education and health services,147681,31.2,$22.22,$693.26,No,No,2015-01-01T06:00:00Z
Nebraska,70000000,Leisure and hospitality,82822,22.2,$12.33,$273.73,No,No,2015-01-01T06:00:00Z
Nebraska,80000000,Other services,36629,Confidential,Confidential,Confidential,No,No,2015-01-01T06:00:00Z
Nebraska,90000000,Government,168204,Confidential,Confidential,Confidential,No,No,2015-01-01T06:00:00Z
Nebraska,06000000,Goods-producing,141734,41.0,$21.20,$869.20,No,No,2015-02-01T06:00:00Z
Nebraska,07000000,Service-providing,844242,Confidential,Confidential,Confidential,No,No,2015-02-01T06:00:00Z
Nebraska,08000000,Private service-providing,673242,32.9,$22.27,$732.68,No,No,2015-02-01T06:00:00Z
Nebraska,10000000,Mining and logging,1024,Confidential,Confidential,Confidential,No,No,2015-02-01T06:00:00Z
Nebraska,15000000,Natural Resources and Mining and Constru,44280,39.7,$22.04,$874.99,No,No,2015-02-01T06:00:00Z
Nebraska,20000000,Construction,43256,Confidential,Confidential,Confidential,No,No,2015-02-01T06:00:00Z
Nebraska,30000000,Manufacturing,97454,41.6,$20.83,$866.53,No,No,2015-02-01T06:00:00Z
Nebraska,31000000,Durable goods,45405,Confidential,Confidential,Confidential,No,No,2015-02-01T06:00:00Z
Nebraska,32000000,Nondurable goods,52049,Confidential,Confidential,Confidential,No,No,2015-02-01T06:00:00Z
Nebraska,40000000,"Trade, transportation, and utilities",202297,33.7,$19.64,$661.87,No,No,2015-02-01T06:00:00Z
Nebraska,41000000,Wholesale Trade,41415,Confidential,Confidential,Confidential,No,No,2015-02-01T06:00:00Z
Nebraska,42000000,Retail trade,107341,Confidential,Confidential,Confidential,No,No,2015-02-01T06:00:00Z
Nebraska,43000000,Transportation and warehousing,53541,Confidential,Confidential,Confidential,No,No,2015-02-01T06:00:00Z
Nebraska,50000000,Information,17991,Confidential,Confidential,Confidential,No,No,2015-02-01T06:00:00Z
Nebraska,55000000,Financial activities,69853,39.2,$27.58,"$1,081.14",No,No,2015-02-01T06:00:00Z
Nebraska,60000000,Professional and business services,114370,36.4,$26.25,$955.50,No,No,2015-02-01T06:00:00Z
Nebraska,65000000,Education and health services,148355,31.8,$22.28,$708.50,No,No,2015-02-01T06:00:00Z
Nebraska,70000000,Leisure and hospitality,83556,22.8,$12.27,$279.76,No,No,2015-02-01T06:00:00Z
Nebraska,80000000,Other services,36820,Confidential,Confidential,Confidential,No,No,2015-02-01T06:00:00Z
Nebraska,90000000,Government,171000,Confidential,Confidential,Confidential,No,No,2015-02-01T06:00:00Z
Nebraska,06000000,Goods-producing,143757,40.4,$21.09,$852.04,No,No,2015-03-01T06:00:00Z
Nebraska,07000000,Service-providing,849198,Confidential,Confidential,Confidential,No,No,2015-03-01T06:00:00Z
Nebraska,08000000,Private service-providing,677506,32.9,$22.36,$735.64,No,No,2015-03-01T06:00:00Z
Nebraska,10000000,Mining and logging,1084,Confidential,Confidential,Confidential,No,No,2015-03-01T06:00:00Z
Nebraska,15000000,Natural Resources and Mining and Constru,46181,40.2,$21.67,$871.13,No,No,2015-03-01T06:00:00Z
Nebraska,20000000,Construction,45097,Confidential,Confidential,Confidential,No,No,2015-03-01T06:00:00Z
Nebraska,30000000,Manufacturing,97576,40.5,$20.82,$843.21,No,No,2015-03-01T06:00:00Z
Nebraska,31000000,Durable goods,45587,Confidential,Confidential,Confidential,No,No,2015-03-01T06:00:00Z
Nebraska,32000000,Nondurable goods,51989,Confidential,Confidential,Confidential,No,No,2015-03-01T06:00:00Z
Nebraska,40000000,"Trade, transportation, and utilities",202788,33.8,$19.51,$659.44,No,No,2015-03-01T06:00:00Z
Nebraska,41000000,Wholesale Trade,41660,Confidential,Confidential,Confidential,No,No,2015-03-01T06:00:00Z
Nebraska,42000000,Retail trade,107603,Confidential,Confidential,Confidential,No,No,2015-03-01T06:00:00Z
Nebraska,43000000,Transportation and warehousing,53525,Confidential,Confidential,Confidential,No,No,2015-03-01T06:00:00Z
Nebraska,50000000,Information,18046,Confidential,Confidential,Confidential,No,No,2015-03-01T06:00:00Z
Nebraska,55000000,Financial activities,69834,38.9,$27.75,"$1,079.48",No,No,2015-03-01T06:00:00Z
Nebraska,60000000,Professional and business services,115118,36.2,$26.69,$966.18,No,No,2015-03-01T06:00:00Z
Nebraska,65000000,Education and health services,149059,31.9,$22.33,$712.33,No,No,2015-03-01T06:00:00Z
Nebraska,70000000,Leisure and hospitality,85786,23.0,$12.28,$282.44,No,No,2015-03-01T06:00:00Z
Nebraska,80000000,Other services,36875,Confidential,Confidential,Confidential,No,No,2015-03-01T06:00:00Z
Nebraska,90000000,Government,171692,Confidential,Confidential,Confidential,No,No,2015-03-01T06:00:00Z
Nebraska,06000000,Goods-producing,147106,40.5,$21.11,$854.96,No,No,2015-04-01T05:00:00Z
Nebraska,07000000,Service-providing,858155,Confidential,Confidential,Confidential,No,No,2015-04-01T05:00:00Z
Nebraska,08000000,Private service-providing,684469,32.4,$22.06,$714.74,No,No,2015-04-01T05:00:00Z
Nebraska,10000000,Mining and logging,1161,Confidential,Confidential,Confidential,No,No,2015-04-01T05:00:00Z
Nebraska,15000000,Natural Resources and Mining and Constru,49626,39.3,$21.67,$851.63,No,No,2015-04-01T05:00:00Z
Nebraska,20000000,Construction,48465,Confidential,Confidential,Confidential,No,No,2015-04-01T05:00:00Z
Nebraska,30000000,Manufacturing,97480,41.1,$20.84,$856.52,No,No,2015-04-01T05:00:00Z
Nebraska,31000000,Durable goods,45743,Confidential,Confidential,Confidential,No,No,2015-04-01T05:00:00Z
Nebraska,32000000,Nondurable goods,51737,Confidential,Confidential,Confidential,No,No,2015-04-01T05:00:00Z
Nebraska,40000000,"Trade, transportation, and utilities",204924,33.7,$19.42,$654.45,No,No,2015-04-01T05:00:00Z
Nebraska,41000000,Wholesale Trade,42269,Confidential,Confidential,Confidential,No,No,2015-04-01T05:00:00Z
Nebraska,42000000,Retail trade,108613,Confidential,Confidential,Confidential,No,No,2015-04-01T05:00:00Z
Nebraska,43000000,Transportation and warehousing,54042,Confidential,Confidential,Confidential,No,No,2015-04-01T05:00:00Z
Nebraska,50000000,Information,18143,Confidential,Confidential,Confidential,No,No,2015-04-01T05:00:00Z
Nebraska,55000000,Financial activities,70096,38.0,$27.93,"$1,061.34",No,No,2015-04-01T05:00:00Z
Nebraska,60000000,Professional and business services,117507,35.7,$26.42,$943.19,No,No,2015-04-01T05:00:00Z
Nebraska,65000000,Education and health services,149073,31.4,$22.27,$699.28,No,No,2015-04-01T05:00:00Z
Nebraska,70000000,Leisure and hospitality,87611,22.0,$12.30,$270.60,No,No,2015-04-01T05:00:00Z
Nebraska,80000000,Other services,37115,Confidential,Confidential,Confidential,No,No,2015-04-01T05:00:00Z
Nebraska,90000000,Government,173686,Confidential,Confidential,Confidential,No,No,2015-04-01T05:00:00Z
Nebraska,06000000,Goods-producing,148776,40.9,$21.26,$869.53,No,No,2015-05-01T05:00:00Z
Nebraska,07000000,Service-providing,865205,Confidential,Confidential,Confidential,No,No,2015-05-01T05:00:00Z
Nebraska,08000000,Private service-providing,690040,32.4,$22.08,$715.39,No,No,2015-05-01T05:00:00Z
Nebraska,10000000,Mining and logging,1115,Confidential,Confidential,Confidential,No,No,2015-05-01T05:00:00Z
Nebraska,15000000,Natural Resources and Mining and Constru,51349,39.2,$21.56,$845.15,No,No,2015-05-01T05:00:00Z
Nebraska,20000000,Construction,50234,Confidential,Confidential,Confidential,No,No,2015-05-01T05:00:00Z
Nebraska,30000000,Manufacturing,97427,41.8,$21.11,$882.40,No,No,2015-05-01T05:00:00Z
Nebraska,31000000,Durable goods,45799,Confidential,Confidential,Confidential,No,No,2015-05-01T05:00:00Z
Nebraska,32000000,Nondurable goods,51628,Confidential,Confidential,Confidential,No,No,2015-05-01T05:00:00Z
Nebraska,40000000,"Trade, transportation, and utilities",206690,33.5,$19.41,$650.24,No,No,2015-05-01T05:00:00Z
Nebraska,41000000,Wholesale Trade,42649,Confidential,Confidential,Confidential,No,No,2015-05-01T05:00:00Z
Nebraska,42000000,Retail trade,109539,Confidential,Confidential,Confidential,No,No,2015-05-01T05:00:00Z
Nebraska,43000000,Transportation and warehousing,54502,Confidential,Confidential,Confidential,No,No,2015-05-01T05:00:00Z
Nebraska,50000000,Information,18205,Confidential,Confidential,Confidential,No,No,2015-05-01T05:00:00Z
Nebraska,55000000,Financial activities,70460,37.9,$27.73,"$1,050.97",No,No,2015-05-01T05:00:00Z
Nebraska,60000000,Professional and business services,117520,35.5,$26.63,$945.37,No,No,2015-05-01T05:00:00Z
Nebraska,65000000,Education and health services,149333,31.6,$22.30,$704.68,No,No,2015-05-01T05:00:00Z
Nebraska,70000000,Leisure and hospitality,90581,22.8,$12.37,$282.04,No,No,2015-05-01T05:00:00Z
Nebraska,80000000,Other services,37251,Confidential,Confidential,Confidential,No,No,2015-05-01T05:00:00Z
Nebraska,90000000,Government,175165,Confidential,Confidential,Confidential,No,No,2015-05-01T05:00:00Z
Nebraska,06000000,Goods-producing,150175,41.2,$21.09,$868.91,No,No,2015-06-01T05:00:00Z
Nebraska,07000000,Service-providing,863795,Confidential,Confidential,Confidential,No,No,2015-06-01T05:00:00Z
Nebraska,08000000,Private service-providing,693327,33.0,$21.85,$721.05,No,No,2015-06-01T05:00:00Z
Nebraska,10000000,Mining and logging,1113,Confidential,Confidential,Confidential,No,No,2015-06-01T05:00:00Z
Nebraska,15000000,Natural Resources and Mining and Constru,52673,41.1,$21.26,$873.79,No,No,2015-06-01T05:00:00Z
Nebraska,20000000,Construction,51560,Confidential,Confidential,Confidential,No,No,2015-06-01T05:00:00Z
Nebraska,30000000,Manufacturing,97502,41.2,$21.00,$865.20,No,No,2015-06-01T05:00:00Z
Nebraska,31000000,Durable goods,45774,Confidential,Confidential,Confidential,No,No,2015-06-01T05:00:00Z
Nebraska,32000000,Nondurable goods,51728,Confidential,Confidential,Confidential,No,No,2015-06-01T05:00:00Z
Nebraska,40000000,"Trade, transportation, and utilities",207743,34.3,$19.20,$658.56,No,No,2015-06-01T05:00:00Z
Nebraska,41000000,Wholesale Trade,42866,Confidential,Confidential,Confidential,No,No,2015-06-01T05:00:00Z
Nebraska,42000000,Retail trade,110302,Confidential,Confidential,Confidential,No,No,2015-06-01T05:00:00Z
Nebraska,43000000,Transportation and warehousing,54575,Confidential,Confidential,Confidential,No,No,2015-06-01T05:00:00Z
Nebraska,50000000,Information,18333,Confidential,Confidential,Confidential,No,No,2015-06-01T05:00:00Z
Nebraska,55000000,Financial activities,70973,38.1,$27.32,"$1,040.89",No,No,2015-06-01T05:00:00Z
Nebraska,60000000,Professional and business services,119094,36.0,$26.53,$955.08,No,No,2015-06-01T05:00:00Z
Nebraska,65000000,Education and health services,147530,32.3,$22.13,$714.80,No,No,2015-06-01T05:00:00Z
Nebraska,70000000,Leisure and hospitality,92271,23.9,$12.23,$292.30,No,No,2015-06-01T05:00:00Z
Nebraska,80000000,Other services,37383,Confidential,Confidential,Confidential,No,No,2015-06-01T05:00:00Z
Nebraska,90000000,Government,170468,Confidential,Confidential,Confidential,No,No,2015-06-01T05:00:00Z
Nebraska,06000000,Goods-producing,150592,41.3,$21.14,$873.08,No,No,2015-07-01T05:00:00Z
Nebraska,07000000,Service-providing,855767,Confidential,Confidential,Confidential,No,No,2015-07-01T05:00:00Z
Nebraska,08000000,Private service-providing,693094,32.8,$22.07,$723.90,No,No,2015-07-01T05:00:00Z
Nebraska,10000000,Mining and logging,1130,Confidential,Confidential,Confidential,No,No,2015-07-01T05:00:00Z
Nebraska,15000000,Natural Resources and Mining and Constru,53313,42.0,$21.34,$896.28,No,No,2015-07-01T05:00:00Z
Nebraska,20000000,Construction,52183,Confidential,Confidential,Confidential,No,No,2015-07-01T05:00:00Z
Nebraska,30000000,Manufacturing,97279,40.9,$21.03,$860.13,No,No,2015-07-01T05:00:00Z
Nebraska,31000000,Durable goods,45608,Confidential,Confidential,Confidential,No,No,2015-07-01T05:00:00Z
Nebraska,32000000,Nondurable goods,51671,Confidential,Confidential,Confidential,No,No,2015-07-01T05:00:00Z
Nebraska,40000000,"Trade, transportation, and utilities",206595,34.0,$19.34,$657.56,No,No,2015-07-01T05:00:00Z
Nebraska,41000000,Wholesale Trade,42645,Confidential,Confidential,Confidential,No,No,2015-07-01T05:00:00Z
Nebraska,42000000,Retail trade,109740,Confidential,Confidential,Confidential,No,No,2015-07-01T05:00:00Z
Nebraska,43000000,Transportation and warehousing,54210,Confidential,Confidential,Confidential,No,No,2015-07-01T05:00:00Z
Nebraska,50000000,Information,18388,Confidential,Confidential,Confidential,No,No,2015-07-01T05:00:00Z
Nebraska,55000000,Financial activities,71198,38.0,$27.24,"$1,035.12",No,No,2015-07-01T05:00:00Z
Nebraska,60000000,Professional and business services,119367,35.4,$26.69,$944.83,No,No,2015-07-01T05:00:00Z
Nebraska,65000000,Education and health services,148560,32.4,$22.43,$726.73,No,No,2015-07-01T05:00:00Z
Nebraska,70000000,Leisure and hospitality,91702,23.2,$12.41,$287.91,No,No,2015-07-01T05:00:00Z
Nebraska,80000000,Other services,37284,Confidential,Confidential,Confidential,No,No,2015-07-01T05:00:00Z
Nebraska,90000000,Government,162673,Confidential,Confidential,Confidential,No,No,2015-07-01T05:00:00Z
Nebraska,06000000,Goods-producing,150670,42.3,$21.52,$910.30,No,No,2015-08-01T05:00:00Z
Nebraska,07000000,Service-providing,858342,Confidential,Confidential,Confidential,No,No,2015-08-01T05:00:00Z
Nebraska,08000000,Private service-providing,694074,33.3,$22.67,$754.91,No,No,2015-08-01T05:00:00Z
Nebraska,10000000,Mining and logging,1138,Confidential,Confidential,Confidential,No,No,2015-08-01T05:00:00Z
Nebraska,15000000,Natural Resources and Mining and Constru,53114,43.0,$21.85,$939.55,No,No,2015-08-01T05:00:00Z
Nebraska,20000000,Construction,51976,Confidential,Confidential,Confidential,No,No,2015-08-01T05:00:00Z
Nebraska,30000000,Manufacturing,97556,41.9,$21.33,$893.73,No,No,2015-08-01T05:00:00Z
Nebraska,31000000,Durable goods,45488,Confidential,Confidential,Confidential,No,No,2015-08-01T05:00:00Z
Nebraska,32000000,Nondurable goods,52068,Confidential,Confidential,Confidential,No,No,2015-08-01T05:00:00Z
Nebraska,40000000,"Trade, transportation, and utilities",206939,34.2,$20.00,$684.00,No,No,2015-08-01T05:00:00Z
Nebraska,41000000,Wholesale Trade,42272,Confidential,Confidential,Confidential,No,No,2015-08-01T05:00:00Z
Nebraska,42000000,Retail trade,109886,Confidential,Confidential,Confidential,No,No,2015-08-01T05:00:00Z
Nebraska,43000000,Transportation and warehousing,54781,Confidential,Confidential,Confidential,No,No,2015-08-01T05:00:00Z
Nebraska,50000000,Information,18488,Confidential,Confidential,Confidential,No,No,2015-08-01T05:00:00Z
Nebraska,55000000,Financial activities,71088,39.7,$28.34,"$1,125.10",No,No,2015-08-01T05:00:00Z
Nebraska,60000000,Professional and business services,118774,36.3,$26.69,$968.85,No,No,2015-08-01T05:00:00Z
Nebraska,65000000,Education and health services,149349,32.3,$22.73,$734.18,No,No,2015-08-01T05:00:00Z
Nebraska,70000000,Leisure and hospitality,92434,23.4,$12.67,$296.48,No,No,2015-08-01T05:00:00Z
Nebraska,80000000,Other services,37002,Confidential,Confidential,Confidential,No,No,2015-08-01T05:00:00Z
Nebraska,90000000,Government,164268,Confidential,Confidential,Confidential,No,No,2015-08-01T05:00:00Z
Nebraska,06000000,Goods-producing,149576,40.4,$21.89,$884.36,No,No,2015-09-01T05:00:00Z
Nebraska,07000000,Service-providing,862231,Confidential,Confidential,Confidential,No,No,2015-09-01T05:00:00Z
Nebraska,08000000,Private service-providing,691629,32.5,$22.64,$735.80,No,No,2015-09-01T05:00:00Z
Nebraska,10000000,Mining and logging,1111,Confidential,Confidential,Confidential,No,No,2015-09-01T05:00:00Z
Nebraska,15000000,Natural Resources and Mining and Constru,52241,41.6,$22.27,$926.43,No,No,2015-09-01T05:00:00Z
Nebraska,20000000,Construction,51130,Confidential,Confidential,Confidential,No,No,2015-09-01T05:00:00Z
Nebraska,30000000,Manufacturing,97335,39.7,$21.68,$860.70,No,No,2015-09-01T05:00:00Z
Nebraska,31000000,Durable goods,45117,Confidential,Confidential,Confidential,No,No,2015-09-01T05:00:00Z
Nebraska,32000000,Nondurable goods,52218,Confidential,Confidential,Confidential,No,No,2015-09-01T05:00:00Z
Nebraska,40000000,"Trade, transportation, and utilities",205377,33.4,$19.70,$657.98,No,No,2015-09-01T05:00:00Z
Nebraska,41000000,Wholesale Trade,41672,Confidential,Confidential,Confidential,No,No,2015-09-01T05:00:00Z
Nebraska,42000000,Retail trade,108736,Confidential,Confidential,Confidential,No,No,2015-09-01T05:00:00Z
Nebraska,43000000,Transportation and warehousing,54969,Confidential,Confidential,Confidential,No,No,2015-09-01T05:00:00Z
Nebraska,50000000,Information,18327,Confidential,Confidential,Confidential,No,No,2015-09-01T05:00:00Z
Nebraska,55000000,Financial activities,70787,38.0,$28.05,"$1,065.90",No,No,2015-09-01T05:00:00Z
Nebraska,60000000,Professional and business services,118772,35.5,$26.84,$952.82,No,No,2015-09-01T05:00:00Z
Nebraska,65000000,Education and health services,150767,32.2,$22.87,$736.41,No,No,2015-09-01T05:00:00Z
Nebraska,70000000,Leisure and hospitality,90848,22.5,$12.84,$288.90,No,No,2015-09-01T05:00:00Z
Nebraska,80000000,Other services,36751,Confidential,Confidential,Confidential,No,No,2015-09-01T05:00:00Z
Nebraska,90000000,Government,170602,Confidential,Confidential,Confidential,No,No,2015-09-01T05:00:00Z
Nebraska,06000000,Goods-producing,149487,41.8,$21.60,$902.88,No,No,2015-10-01T05:00:00Z
Nebraska,07000000,Service-providing,869021,Confidential,Confidential,Confidential,No,No,2015-10-01T05:00:00Z
Nebraska,08000000,Private service-providing,693942,32.7,$22.53,$736.73,No,No,2015-10-01T05:00:00Z
Nebraska,10000000,Mining and logging,1066,Confidential,Confidential,Confidential,No,No,2015-10-01T05:00:00Z
Nebraska,15000000,Natural Resources and Mining and Constru,52250,42.5,$22.55,$958.38,No,No,2015-10-01T05:00:00Z
Nebraska,20000000,Construction,51184,Confidential,Confidential,Confidential,No,No,2015-10-01T05:00:00Z
Nebraska,30000000,Manufacturing,97237,41.4,$21.07,$872.30,No,No,2015-10-01T05:00:00Z
Nebraska,31000000,Durable goods,44966,Confidential,Confidential,Confidential,No,No,2015-10-01T05:00:00Z
Nebraska,32000000,Nondurable goods,52271,Confidential,Confidential,Confidential,No,No,2015-10-01T05:00:00Z
Nebraska,40000000,"Trade, transportation, and utilities",207153,33.9,$19.59,$664.10,No,No,2015-10-01T05:00:00Z
Nebraska,41000000,Wholesale Trade,41789,Confidential,Confidential,Confidential,No,No,2015-10-01T05:00:00Z
Nebraska,42000000,Retail trade,110196,Confidential,Confidential,Confidential,No,No,2015-10-01T05:00:00Z
Nebraska,43000000,Transportation and warehousing,55168,Confidential,Confidential,Confidential,No,No,2015-10-01T05:00:00Z
Nebraska,50000000,Information,18477,Confidential,Confidential,Confidential,No,No,2015-10-01T05:00:00Z
Nebraska,55000000,Financial activities,71317,38.2,$28.11,"$1,073.80",No,No,2015-10-01T05:00:00Z
Nebraska,60000000,Professional and business services,118483,35.9,$26.46,$949.91,No,No,2015-10-01T05:00:00Z
Nebraska,65000000,Education and health services,152272,31.8,$22.56,$717.41,No,No,2015-10-01T05:00:00Z
Nebraska,70000000,Leisure and hospitality,89311,22.8,$12.88,$293.66,No,No,2015-10-01T05:00:00Z
Nebraska,80000000,Other services,36929,Confidential,Confidential,Confidential,No,No,2015-10-01T05:00:00Z
Nebraska,90000000,Government,175079,Confidential,Confidential,Confidential,No,No,2015-10-01T05:00:00Z
Nebraska,06000000,Goods-producing,148672,40.3,$21.69,$874.11,No,No,2015-11-01T05:00:00Z
Nebraska,07000000,Service-providing,870323,Confidential,Confidential,Confidential,No,No,2015-11-01T05:00:00Z
Nebraska,08000000,Private service-providing,695399,32.9,$22.89,$753.08,No,No,2015-11-01T05:00:00Z
Nebraska,10000000,Mining and logging,1022,Confidential,Confidential,Confidential,No,No,2015-11-01T05:00:00Z
Nebraska,15000000,Natural Resources and Mining and Constru,51264,40.6,$22.16,$899.70,No,No,2015-11-01T05:00:00Z
Nebraska,20000000,Construction,50242,Confidential,Confidential,Confidential,No,No,2015-11-01T05:00:00Z
Nebraska,30000000,Manufacturing,97408,40.1,$21.44,$859.74,No,No,2015-11-01T05:00:00Z
Nebraska,31000000,Durable goods,44883,Confidential,Confidential,Confidential,No,No,2015-11-01T05:00:00Z
Nebraska,32000000,Nondurable goods,52525,Confidential,Confidential,Confidential,No,No,2015-11-01T05:00:00Z
Nebraska,40000000,"Trade, transportation, and utilities",210418,33.5,$19.68,$659.28,No,No,2015-11-01T05:00:00Z
Nebraska,41000000,Wholesale Trade,41761,Confidential,Confidential,Confidential,No,No,2015-11-01T05:00:00Z
Nebraska,42000000,Retail trade,113066,Confidential,Confidential,Confidential,No,No,2015-11-01T05:00:00Z
Nebraska,43000000,Transportation and warehousing,55591,Confidential,Confidential,Confidential,No,No,2015-11-01T05:00:00Z
Nebraska,50000000,Information,18544,Confidential,Confidential,Confidential,No,No,2015-11-01T05:00:00Z
Nebraska,55000000,Financial activities,71357,39.0,$29.02,"$1,131.78",No,No,2015-11-01T05:00:00Z
Nebraska,60000000,Professional and business services,118254,36.4,$26.94,$980.62,No,No,2015-11-01T05:00:00Z
Nebraska,65000000,Education and health services,152458,32.3,$22.46,$725.46,No,No,2015-11-01T05:00:00Z
Nebraska,70000000,Leisure and hospitality,87573,22.8,$13.07,$298.00,No,No,2015-11-01T05:00:00Z
Nebraska,80000000,Other services,36795,Confidential,Confidential,Confidential,No,No,2015-11-01T05:00:00Z
Nebraska,90000000,Government,174924,Confidential,Confidential,Confidential,No,No,2015-11-01T05:00:00Z
Nebraska,06000000,Goods-producing,147474,40.4,$21.41,$864.96,No,No,2015-12-01T06:00:00Z
Nebraska,07000000,Service-providing,872811,Confidential,Confidential,Confidential,No,No,2015-12-01T06:00:00Z
Nebraska,08000000,Private service-providing,698502,32.4,$22.82,$739.37,No,No,2015-12-01T06:00:00Z
Nebraska,10000000,Mining and logging,992,Confidential,Confidential,Confidential,No,No,2015-12-01T06:00:00Z
Nebraska,15000000,Natural Resources and Mining and Constru,49948,40.4,$22.30,$900.92,No,No,2015-12-01T06:00:00Z
Nebraska,20000000,Construction,48956,Confidential,Confidential,Confidential,No,No,2015-12-01T06:00:00Z
Nebraska,30000000,Manufacturing,97526,40.4,$20.95,$846.38,No,No,2015-12-01T06:00:00Z
Nebraska,31000000,Durable goods,44847,Confidential,Confidential,Confidential,No,No,2015-12-01T06:00:00Z
Nebraska,32000000,Nondurable goods,52679,Confidential,Confidential,Confidential,No,No,2015-12-01T06:00:00Z
Nebraska,40000000,"Trade, transportation, and utilities",212607,33.6,$19.50,$655.20,No,No,2015-12-01T06:00:00Z
Nebraska,41000000,Wholesale Trade,41769,Confidential,Confidential,Confidential,No,No,2015-12-01T06:00:00Z
Nebraska,42000000,Retail trade,114150,Confidential,Confidential,Confidential,No,No,2015-12-01T06:00:00Z
Nebraska,43000000,Transportation and warehousing,56688,Confidential,Confidential,Confidential,No,No,2015-12-01T06:00:00Z
Nebraska,50000000,Information,18622,Confidential,Confidential,Confidential,No,No,2015-12-01T06:00:00Z
Nebraska,55000000,Financial activities,71841,38.1,$28.39,"$1,081.66",No,No,2015-12-01T06:00:00Z
Nebraska,60000000,Professional and business services,118161,35.1,$27.01,$948.05,No,No,2015-12-01T06:00:00Z
Nebraska,65000000,Education and health services,152822,31.1,$22.52,$700.37,No,No,2015-12-01T06:00:00Z
Nebraska,70000000,Leisure and hospitality,87489,22.9,$13.28,$304.11,No,No,2015-12-01T06:00:00Z
Nebraska,80000000,Other services,36960,Confidential,Confidential,Confidential,No,No,2015-12-01T06:00:00Z
Nebraska,90000000,Government,174309,Confidential,Confidential,Confidential,No,No,2015-12-01T06:00:00Z
Nebraska,06000000,Goods-producing,142984,40.2,$21.51,$864.70,No,No,2016-01-01T06:00:00Z
Nebraska,07000000,Service-providing,849496,Confidential,Confidential,Confidential,No,No,2016-01-01T06:00:00Z
Nebraska,08000000,Private service-providing,679235,32.0,$23.13,$740.16,No,No,2016-01-01T06:00:00Z
Nebraska,10000000,Mining and logging,877,Confidential,Confidential,Confidential,No,No,2016-01-01T06:00:00Z
Nebraska,15000000,Natural Resources and Mining and Constru,46305,38.3,$22.78,$872.47,No,No,2016-01-01T06:00:00Z
Nebraska,20000000,Construction,45428,Confidential,Confidential,Confidential,No,No,2016-01-01T06:00:00Z
Nebraska,30000000,Manufacturing,96679,41.1,$20.95,$861.05,No,No,2016-01-01T06:00:00Z
Nebraska,31000000,Durable goods,44254,Confidential,Confidential,Confidential,No,No,2016-01-01T06:00:00Z
Nebraska,32000000,Nondurable goods,52425,Confidential,Confidential,Confidential,No,No,2016-01-01T06:00:00Z
Nebraska,40000000,"Trade, transportation, and utilities",202656,32.5,$20.09,$652.93,No,No,2016-01-01T06:00:00Z
Nebraska,41000000,Wholesale Trade,41301,Confidential,Confidential,Confidential,No,No,2016-01-01T06:00:00Z
Nebraska,42000000,Retail trade,108779,Confidential,Confidential,Confidential,No,No,2016-01-01T06:00:00Z
Nebraska,43000000,Transportation and warehousing,52576,Confidential,Confidential,Confidential,No,No,2016-01-01T06:00:00Z
Nebraska,50000000,Information,18507,Confidential,Confidential,Confidential,No,No,2016-01-01T06:00:00Z
Nebraska,55000000,Financial activities,71200,37.9,$28.88,"$1,094.55",No,No,2016-01-01T06:00:00Z
Nebraska,60000000,Professional and business services,115733,35.1,$26.85,$942.44,No,No,2016-01-01T06:00:00Z
Nebraska,65000000,Education and health services,149912,30.9,$22.68,$700.81,No,No,2016-01-01T06:00:00Z
Nebraska,70000000,Leisure and hospitality,84843,22.3,$13.34,$297.48,No,No,2016-01-01T06:00:00Z
Nebraska,80000000,Other services,36384,Confidential,Confidential,Confidential,No,No,2016-01-01T06:00:00Z
Nebraska,90000000,Government,170261,Confidential,Confidential,Confidential,No,No,2016-01-01T06:00:00Z
Nebraska,06000000,Goods-producing,142897,39.4,$21.71,$855.37,No,No,2016-02-01T06:00:00Z
Nebraska,07000000,Service-providing,853325,Confidential,Confidential,Confidential,No,No,2016-02-01T06:00:00Z
Nebraska,08000000,Private service-providing,680599,32.0,$23.15,$740.80,No,No,2016-02-01T06:00:00Z
Nebraska,10000000,Mining and logging,892,Confidential,Confidential,Confidential,No,No,2016-02-01T06:00:00Z
Nebraska,15000000,Natural Resources and Mining and Constru,46209,38.5,$23.02,$886.27,No,No,2016-02-01T06:00:00Z
Nebraska,20000000,Construction,45317,Confidential,Confidential,Confidential,No,No,2016-02-01T06:00:00Z
Nebraska,30000000,Manufacturing,96688,39.8,$21.10,$839.78,No,No,2016-02-01T06:00:00Z
Nebraska,31000000,Durable goods,44146,Confidential,Confidential,Confidential,No,No,2016-02-01T06:00:00Z
Nebraska,32000000,Nondurable goods,52542,Confidential,Confidential,Confidential,No,No,2016-02-01T06:00:00Z
Nebraska,40000000,"Trade, transportation, and utilities",201549,32.7,$20.36,$665.77,No,No,2016-02-01T06:00:00Z
Nebraska,41000000,Wholesale Trade,41004,Confidential,Confidential,Confidential,No,No,2016-02-01T06:00:00Z
Nebraska,42000000,Retail trade,108392,Confidential,Confidential,Confidential,No,No,2016-02-01T06:00:00Z
Nebraska,43000000,Transportation and warehousing,52153,Confidential,Confidential,Confidential,No,No,2016-02-01T06:00:00Z
Nebraska,50000000,Information,18486,Confidential,Confidential,Confidential,No,No,2016-02-01T06:00:00Z
Nebraska,55000000,Financial activities,71310,38.1,$28.34,"$1,079.75",No,No,2016-02-01T06:00:00Z
Nebraska,60000000,Professional and business services,116426,34.9,$26.95,$940.56,No,No,2016-02-01T06:00:00Z
Nebraska,65000000,Education and health services,151159,30.7,$22.45,$689.22,No,No,2016-02-01T06:00:00Z
Nebraska,70000000,Leisure and hospitality,85289,22.3,$13.68,$305.06,No,No,2016-02-01T06:00:00Z
Nebraska,80000000,Other services,36380,Confidential,Confidential,Confidential,No,No,2016-02-01T06:00:00Z
Nebraska,90000000,Government,172726,Confidential,Confidential,Confidential,No,No,2016-02-01T06:00:00Z
Nebraska,06000000,Goods-producing,145684,40.0,$22.03,$881.20,No,No,2016-03-01T06:00:00Z
Nebraska,07000000,Service-providing,860183,Confidential,Confidential,Confidential,No,No,2016-03-01T06:00:00Z
Nebraska,08000000,Private service-providing,686285,32.0,$23.03,$736.96,No,No,2016-03-01T06:00:00Z
Nebraska,10000000,Mining and logging,999,Confidential,Confidential,Confidential,No,No,2016-03-01T06:00:00Z
Nebraska,15000000,Natural Resources and Mining and Constru,48701,39.6,$23.04,$912.38,No,No,2016-03-01T06:00:00Z
Nebraska,20000000,Construction,47702,Confidential,Confidential,Confidential,No,No,2016-03-01T06:00:00Z
Nebraska,30000000,Manufacturing,96983,40.2,$21.53,$865.51,No,No,2016-03-01T06:00:00Z
Nebraska,31000000,Durable goods,44318,Confidential,Confidential,Confidential,No,No,2016-03-01T06:00:00Z
Nebraska,32000000,Nondurable goods,52665,Confidential,Confidential,Confidential,No,No,2016-03-01T06:00:00Z
Nebraska,40000000,"Trade, transportation, and utilities",202062,32.8,$20.14,$660.59,No,No,2016-03-01T06:00:00Z
Nebraska,41000000,Wholesale Trade,41268,Confidential,Confidential,Confidential,No,No,2016-03-01T06:00:00Z
Nebraska,42000000,Retail trade,108485,Confidential,Confidential,Confidential,No,No,2016-03-01T06:00:00Z
Nebraska,43000000,Transportation and warehousing,52309,Confidential,Confidential,Confidential,No,No,2016-03-01T06:00:00Z
Nebraska,50000000,Information,18391,Confidential,Confidential,Confidential,No,No,2016-03-01T06:00:00Z
Nebraska,55000000,Financial activities,71364,38.0,$28.86,"$1,096.68",No,No,2016-03-01T06:00:00Z
Nebraska,60000000,Professional and business services,117511,35.0,$26.78,$937.30,No,No,2016-03-01T06:00:00Z
Nebraska,65000000,Education and health services,152605,30.9,$22.24,$687.22,No,No,2016-03-01T06:00:00Z
Nebraska,70000000,Leisure and hospitality,87831,22.5,$13.33,$299.93,No,No,2016-03-01T06:00:00Z
Nebraska,80000000,Other services,36521,Confidential,Confidential,Confidential,No,No,2016-03-01T06:00:00Z
Nebraska,90000000,Government,173898,Confidential,Confidential,Confidential,No,No,2016-03-01T06:00:00Z
Nebraska,06000000,Goods-producing,148034,42.1,$21.74,$915.25,No,No,2016-04-01T05:00:00Z
Nebraska,07000000,Service-providing,868004,Confidential,Confidential,Confidential,No,No,2016-04-01T05:00:00Z
Nebraska,08000000,Private service-providing,692765,32.2,$23.17,$746.07,No,No,2016-04-01T05:00:00Z
Nebraska,10000000,Mining and logging,995,Confidential,Confidential,Confidential,No,No,2016-04-01T05:00:00Z
Nebraska,15000000,Natural Resources and Mining and Constru,51444,42.9,$22.62,$970.40,No,No,2016-04-01T05:00:00Z
Nebraska,20000000,Construction,50449,Confidential,Confidential,Confidential,No,No,2016-04-01T05:00:00Z
Nebraska,30000000,Manufacturing,96590,41.7,$21.26,$886.54,No,No,2016-04-01T05:00:00Z
Nebraska,31000000,Durable goods,44223,Confidential,Confidential,Confidential,No,No,2016-04-01T05:00:00Z
Nebraska,32000000,Nondurable goods,52367,Confidential,Confidential,Confidential,No,No,2016-04-01T05:00:00Z
Nebraska,40000000,"Trade, transportation, and utilities",203540,33.1,$20.13,$666.30,No,No,2016-04-01T05:00:00Z
Nebraska,41000000,Wholesale Trade,41679,Confidential,Confidential,Confidential,No,No,2016-04-01T05:00:00Z
Nebraska,42000000,Retail trade,109931,Confidential,Confidential,Confidential,No,No,2016-04-01T05:00:00Z
Nebraska,43000000,Transportation and warehousing,51930,Confidential,Confidential,Confidential,No,No,2016-04-01T05:00:00Z
Nebraska,50000000,Information,18462,Confidential,Confidential,Confidential,No,No,2016-04-01T05:00:00Z
Nebraska,55000000,Financial activities,71665,38.4,$29.64,"$1,138.18",No,No,2016-04-01T05:00:00Z
Nebraska,60000000,Professional and business services,120043,35.3,$27.00,$953.10,No,No,2016-04-01T05:00:00Z
Nebraska,65000000,Education and health services,151898,31.0,$22.15,$686.65,No,No,2016-04-01T05:00:00Z
Nebraska,70000000,Leisure and hospitality,90382,22.5,$13.53,$304.43,No,No,2016-04-01T05:00:00Z
Nebraska,80000000,Other services,36775,Confidential,Confidential,Confidential,No,No,2016-04-01T05:00:00Z
Nebraska,90000000,Government,175239,Confidential,Confidential,Confidential,No,No,2016-04-01T05:00:00Z
Nebraska,06000000,Goods-producing,149726,40.6,$21.77,$883.86,No,No,2016-05-01T05:00:00Z
Nebraska,07000000,Service-providing,874675,Confidential,Confidential,Confidential,No,No,2016-05-01T05:00:00Z
Nebraska,08000000,Private service-providing,697301,32.7,$23.39,$764.85,No,No,2016-05-01T05:00:00Z
Nebraska,10000000,Mining and logging,1027,Confidential,Confidential,Confidential,No,No,2016-05-01T05:00:00Z
Nebraska,15000000,Natural Resources and Mining and Constru,52911,40.5,$22.74,$920.97,No,No,2016-05-01T05:00:00Z
Nebraska,20000000,Construction,51884,Confidential,Confidential,Confidential,No,No,2016-05-01T05:00:00Z
Nebraska,30000000,Manufacturing,96815,40.7,$21.25,$864.88,No,No,2016-05-01T05:00:00Z
Nebraska,31000000,Durable goods,44337,Confidential,Confidential,Confidential,No,No,2016-05-01T05:00:00Z
Nebraska,32000000,Nondurable goods,52478,Confidential,Confidential,Confidential,No,No,2016-05-01T05:00:00Z
Nebraska,40000000,"Trade, transportation, and utilities",204611,33.6,$20.61,$692.50,No,No,2016-05-01T05:00:00Z
Nebraska,41000000,Wholesale Trade,41977,Confidential,Confidential,Confidential,No,No,2016-05-01T05:00:00Z
Nebraska,42000000,Retail trade,110611,Confidential,Confidential,Confidential,No,No,2016-05-01T05:00:00Z
Nebraska,43000000,Transportation and warehousing,52023,Confidential,Confidential,Confidential,No,No,2016-05-01T05:00:00Z
Nebraska,50000000,Information,18321,Confidential,Confidential,Confidential,No,No,2016-05-01T05:00:00Z
Nebraska,55000000,Financial activities,71817,39.2,$29.83,"$1,169.34",No,No,2016-05-01T05:00:00Z
Nebraska,60000000,Professional and business services,120229,35.4,$27.16,$961.46,No,No,2016-05-01T05:00:00Z
Nebraska,65000000,Education and health services,152864,31.4,$22.10,$693.94,No,No,2016-05-01T05:00:00Z
Nebraska,70000000,Leisure and hospitality,92668,22.9,$13.42,$307.32,No,No,2016-05-01T05:00:00Z
Nebraska,80000000,Other services,36791,Confidential,Confidential,Confidential,No,No,2016-05-01T05:00:00Z
Nebraska,90000000,Government,177374,Confidential,Confidential,Confidential,No,No,2016-05-01T05:00:00Z
Nebraska,06000000,Goods-producing,151393,41.8,$21.90,$915.42,No,No,2016-06-01T05:00:00Z
Nebraska,07000000,Service-providing,871418,Confidential,Confidential,Confidential,No,No,2016-06-01T05:00:00Z
Nebraska,08000000,Private service-providing,697924,32.5,$23.10,$750.75,No,No,2016-06-01T05:00:00Z
Nebraska,10000000,Mining and logging,1018,Confidential,Confidential,Confidential,No,No,2016-06-01T05:00:00Z
Nebraska,15000000,Natural Resources and Mining and Constru,54573,42.0,$23.01,$966.42,No,No,2016-06-01T05:00:00Z
Nebraska,20000000,Construction,53555,Confidential,Confidential,Confidential,No,No,2016-06-01T05:00:00Z
Nebraska,30000000,Manufacturing,96820,41.8,$21.27,$889.09,No,No,2016-06-01T05:00:00Z
Nebraska,31000000,Durable goods,44352,Confidential,Confidential,Confidential,No,No,2016-06-01T05:00:00Z
Nebraska,32000000,Nondurable goods,52468,Confidential,Confidential,Confidential,No,No,2016-06-01T05:00:00Z
Nebraska,40000000,"Trade, transportation, and utilities",204468,33.4,$20.36,$680.02,No,No,2016-06-01T05:00:00Z
Nebraska,41000000,Wholesale Trade,42151,Confidential,Confidential,Confidential,No,No,2016-06-01T05:00:00Z
Nebraska,42000000,Retail trade,110526,Confidential,Confidential,Confidential,No,No,2016-06-01T05:00:00Z
Nebraska,43000000,Transportation and warehousing,51791,Confidential,Confidential,Confidential,No,No,2016-06-01T05:00:00Z
Nebraska,50000000,Information,18346,Confidential,Confidential,Confidential,No,No,2016-06-01T05:00:00Z
Nebraska,55000000,Financial activities,72171,38.5,$29.08,"$1,119.58",No,No,2016-06-01T05:00:00Z
Nebraska,60000000,Professional and business services,120897,35.1,$27.02,$948.40,No,No,2016-06-01T05:00:00Z
Nebraska,65000000,Education and health services,151184,31.1,$22.32,$694.15,No,No,2016-06-01T05:00:00Z
Nebraska,70000000,Leisure and hospitality,93854,23.5,$13.13,$308.56,No,No,2016-06-01T05:00:00Z
Nebraska,80000000,Other services,37004,Confidential,Confidential,Confidential,No,No,2016-06-01T05:00:00Z
Nebraska,90000000,Government,173494,Confidential,Confidential,Confidential,No,No,2016-06-01T05:00:00Z
Nebraska,06000000,Goods-producing,151854,41.8,$22.02,$920.44,No,No,2016-07-01T05:00:00Z
Nebraska,07000000,Service-providing,863828,Confidential,Confidential,Confidential,No,No,2016-07-01T05:00:00Z
Nebraska,08000000,Private service-providing,698792,32.3,$23.31,$752.91,No,No,2016-07-01T05:00:00Z
Nebraska,10000000,Mining and logging,1039,Confidential,Confidential,Confidential,No,No,2016-07-01T05:00:00Z
Nebraska,15000000,Natural Resources and Mining and Constru,54833,42.6,$22.94,$977.24,No,No,2016-07-01T05:00:00Z
Nebraska,20000000,Construction,53794,Confidential,Confidential,Confidential,No,No,2016-07-01T05:00:00Z
Nebraska,30000000,Manufacturing,97021,41.4,$21.49,$889.69,No,No,2016-07-01T05:00:00Z
Nebraska,31000000,Durable goods,44352,Confidential,Confidential,Confidential,No,No,2016-07-01T05:00:00Z
Nebraska,32000000,Nondurable goods,52669,Confidential,Confidential,Confidential,No,No,2016-07-01T05:00:00Z
Nebraska,40000000,"Trade, transportation, and utilities",204272,33.6,$20.61,$692.50,No,No,2016-07-01T05:00:00Z
Nebraska,41000000,Wholesale Trade,42169,Confidential,Confidential,Confidential,No,No,2016-07-01T05:00:00Z
Nebraska,42000000,Retail trade,110579,Confidential,Confidential,Confidential,No,No,2016-07-01T05:00:00Z
Nebraska,43000000,Transportation and warehousing,51524,Confidential,Confidential,Confidential,No,No,2016-07-01T05:00:00Z
Nebraska,50000000,Information,18400,Confidential,Confidential,Confidential,No,No,2016-07-01T05:00:00Z
Nebraska,55000000,Financial activities,72530,37.9,$29.26,"$1,108.95",No,No,2016-07-01T05:00:00Z
Nebraska,60000000,Professional and business services,120725,34.9,$27.30,$952.77,No,No,2016-07-01T05:00:00Z
Nebraska,65000000,Education and health services,152226,31.0,$22.25,$689.75,No,No,2016-07-01T05:00:00Z
Nebraska,70000000,Leisure and hospitality,93726,22.9,$13.25,$303.43,No,No,2016-07-01T05:00:00Z
Nebraska,80000000,Other services,36913,Confidential,Confidential,Confidential,No,No,2016-07-01T05:00:00Z
Nebraska,90000000,Government,165036,Confidential,Confidential,Confidential,No,No,2016-07-01T05:00:00Z
Nebraska,06000000,Goods-producing,151702,42.4,$21.79,$923.90,No,No,2016-08-01T05:00:00Z
Nebraska,07000000,Service-providing,864167,Confidential,Confidential,Confidential,No,No,2016-08-01T05:00:00Z
Nebraska,08000000,Private service-providing,699905,32.3,$23.29,$752.27,No,No,2016-08-01T05:00:00Z
Nebraska,10000000,Mining and logging,1036,Confidential,Confidential,Confidential,No,No,2016-08-01T05:00:00Z
Nebraska,15000000,Natural Resources and Mining and Constru,54534,42.7,$22.56,$963.31,No,No,2016-08-01T05:00:00Z
Nebraska,20000000,Construction,53498,Confidential,Confidential,Confidential,No,No,2016-08-01T05:00:00Z
Nebraska,30000000,Manufacturing,97168,42.3,$21.36,$903.53,No,No,2016-08-01T05:00:00Z
Nebraska,31000000,Durable goods,44055,Confidential,Confidential,Confidential,No,No,2016-08-01T05:00:00Z
Nebraska,32000000,Nondurable goods,53113,Confidential,Confidential,Confidential,No,No,2016-08-01T05:00:00Z
Nebraska,40000000,"Trade, transportation, and utilities",203735,33.2,$20.55,$682.26,No,No,2016-08-01T05:00:00Z
Nebraska,41000000,Wholesale Trade,41568,Confidential,Confidential,Confidential,No,No,2016-08-01T05:00:00Z
Nebraska,42000000,Retail trade,110375,Confidential,Confidential,Confidential,No,No,2016-08-01T05:00:00Z
Nebraska,43000000,Transportation and warehousing,51792,Confidential,Confidential,Confidential,No,No,2016-08-01T05:00:00Z
Nebraska,50000000,Information,18432,Confidential,Confidential,Confidential,No,No,2016-08-01T05:00:00Z
Nebraska,55000000,Financial activities,72449,38.4,$29.50,"$1,132.80",No,No,2016-08-01T05:00:00Z
Nebraska,60000000,Professional and business services,120829,35.1,$27.01,$948.05,No,No,2016-08-01T05:00:00Z
Nebraska,65000000,Education and health services,153187,30.9,$22.14,$684.13,No,No,2016-08-01T05:00:00Z
Nebraska,70000000,Leisure and hospitality,94504,22.5,$13.28,$298.80,No,No,2016-08-01T05:00:00Z
Nebraska,80000000,Other services,36769,Confidential,Confidential,Confidential,No,No,2016-08-01T05:00:00Z
Nebraska,90000000,Government,164262,Confidential,Confidential,Confidential,No,No,2016-08-01T05:00:00Z
Nebraska,06000000,Goods-producing,150641,40.5,$22.00,$891.00,No,No,2016-09-01T05:00:00Z
Nebraska,07000000,Service-providing,871910,Confidential,Confidential,Confidential,No,No,2016-09-01T05:00:00Z
Nebraska,08000000,Private service-providing,697518,32.3,$23.55,$760.67,No,No,2016-09-01T05:00:00Z
Nebraska,10000000,Mining and logging,1030,Confidential,Confidential,Confidential,No,No,2016-09-01T05:00:00Z
Nebraska,15000000,Natural Resources and Mining and Constru,53762,38.2,$23.25,$888.15,No,No,2016-09-01T05:00:00Z
Nebraska,20000000,Construction,52732,Confidential,Confidential,Confidential,No,No,2016-09-01T05:00:00Z
Nebraska,30000000,Manufacturing,96879,41.8,$21.36,$892.85,No,No,2016-09-01T05:00:00Z
Nebraska,31000000,Durable goods,43691,Confidential,Confidential,Confidential,No,No,2016-09-01T05:00:00Z
Nebraska,32000000,Nondurable goods,53188,Confidential,Confidential,Confidential,No,No,2016-09-01T05:00:00Z
Nebraska,40000000,"Trade, transportation, and utilities",202582,33.1,$20.69,$684.84,No,No,2016-09-01T05:00:00Z
Nebraska,41000000,Wholesale Trade,41087,Confidential,Confidential,Confidential,No,No,2016-09-01T05:00:00Z
Nebraska,42000000,Retail trade,109358,Confidential,Confidential,Confidential,No,No,2016-09-01T05:00:00Z
Nebraska,43000000,Transportation and warehousing,52137,Confidential,Confidential,Confidential,No,No,2016-09-01T05:00:00Z
Nebraska,50000000,Information,18476,Confidential,Confidential,Confidential,No,No,2016-09-01T05:00:00Z
Nebraska,55000000,Financial activities,71910,38.0,$29.63,"$1,125.94",No,No,2016-09-01T05:00:00Z
Nebraska,60000000,Professional and business services,120424,35.2,$27.13,$954.98,No,No,2016-09-01T05:00:00Z
Nebraska,65000000,Education and health services,154586,30.9,$22.70,$701.43,No,No,2016-09-01T05:00:00Z
Nebraska,70000000,Leisure and hospitality,92817,22.9,$13.33,$305.26,No,No,2016-09-01T05:00:00Z
Nebraska,80000000,Other services,36723,Confidential,Confidential,Confidential,No,No,2016-09-01T05:00:00Z
Nebraska,90000000,Government,174392,Confidential,Confidential,Confidential,No,No,2016-09-01T05:00:00Z
Nebraska,06000000,Goods-producing,150355,41.2,$22.05,$908.46,No,No,2016-10-01T05:00:00Z
Nebraska,07000000,Service-providing,874426,Confidential,Confidential,Confidential,No,No,2016-10-01T05:00:00Z
Nebraska,08000000,Private service-providing,697750,33.1,$23.74,$785.79,No,No,2016-10-01T05:00:00Z
Nebraska,10000000,Mining and logging,1031,Confidential,Confidential,Confidential,No,No,2016-10-01T05:00:00Z
Nebraska,15000000,Natural Resources and Mining and Constru,53430,39.7,$23.24,$922.63,No,No,2016-10-01T05:00:00Z
Nebraska,20000000,Construction,52399,Confidential,Confidential,Confidential,No,No,2016-10-01T05:00:00Z
Nebraska,30000000,Manufacturing,96925,42.1,$21.43,$902.20,No,No,2016-10-01T05:00:00Z
Nebraska,31000000,Durable goods,43574,Confidential,Confidential,Confidential,No,No,2016-10-01T05:00:00Z
Nebraska,32000000,Nondurable goods,53351,Confidential,Confidential,Confidential,No,No,2016-10-01T05:00:00Z
Nebraska,40000000,"Trade, transportation, and utilities",203670,33.5,$20.71,$693.79,No,No,2016-10-01T05:00:00Z
Nebraska,41000000,Wholesale Trade,40974,Confidential,Confidential,Confidential,No,No,2016-10-01T05:00:00Z
Nebraska,42000000,Retail trade,110546,Confidential,Confidential,Confidential,No,No,2016-10-01T05:00:00Z
Nebraska,43000000,Transportation and warehousing,52150,Confidential,Confidential,Confidential,No,No,2016-10-01T05:00:00Z
Nebraska,50000000,Information,18543,Confidential,Confidential,Confidential,No,No,2016-10-01T05:00:00Z
Nebraska,55000000,Financial activities,71883,39.0,$30.17,"$1,176.63",No,No,2016-10-01T05:00:00Z
Nebraska,60000000,Professional and business services,119905,36.0,$27.48,$989.28,No,No,2016-10-01T05:00:00Z
Nebraska,65000000,Education and health services,155327,31.6,$22.24,$702.78,No,No,2016-10-01T05:00:00Z
Nebraska,70000000,Leisure and hospitality,91617,23.0,$13.31,$306.13,No,No,2016-10-01T05:00:00Z
Nebraska,80000000,Other services,36805,Confidential,Confidential,Confidential,No,No,2016-10-01T05:00:00Z
Nebraska,90000000,Government,176676,Confidential,Confidential,Confidential,No,No,2016-10-01T05:00:00Z
Nebraska,06000000,Goods-producing,149433,39.9,$21.91,$874.21,No,No,2016-11-01T05:00:00Z
Nebraska,07000000,Service-providing,874419,Confidential,Confidential,Confidential,No,No,2016-11-01T05:00:00Z
Nebraska,08000000,Private service-providing,697745,32.3,$23.37,$754.85,No,No,2016-11-01T05:00:00Z
Nebraska,10000000,Mining and logging,1030,Confidential,Confidential,Confidential,No,No,2016-11-01T05:00:00Z
Nebraska,15000000,Natural Resources and Mining and Constru,52254,38.5,$23.12,$890.12,No,No,2016-11-01T05:00:00Z
Nebraska,20000000,Construction,51224,Confidential,Confidential,Confidential,No,No,2016-11-01T05:00:00Z
Nebraska,30000000,Manufacturing,97179,40.6,$21.29,$864.37,No,No,2016-11-01T05:00:00Z
Nebraska,31000000,Durable goods,43545,Confidential,Confidential,Confidential,No,No,2016-11-01T05:00:00Z
Nebraska,32000000,Nondurable goods,53634,Confidential,Confidential,Confidential,No,No,2016-11-01T05:00:00Z
Nebraska,40000000,"Trade, transportation, and utilities",206459,32.6,$20.38,$664.39,No,No,2016-11-01T05:00:00Z
Nebraska,41000000,Wholesale Trade,40774,Confidential,Confidential,Confidential,No,No,2016-11-01T05:00:00Z
Nebraska,42000000,Retail trade,113048,Confidential,Confidential,Confidential,No,No,2016-11-01T05:00:00Z
Nebraska,43000000,Transportation and warehousing,52637,Confidential,Confidential,Confidential,No,No,2016-11-01T05:00:00Z
Nebraska,50000000,Information,18524,Confidential,Confidential,Confidential,No,No,2016-11-01T05:00:00Z
Nebraska,55000000,Financial activities,71957,38.0,$29.80,"$1,132.40",No,No,2016-11-01T05:00:00Z
Nebraska,60000000,Professional and business services,119345,34.6,$26.78,$926.59,No,No,2016-11-01T05:00:00Z
Nebraska,65000000,Education and health services,155145,30.7,$22.26,$683.38,No,No,2016-11-01T05:00:00Z
Nebraska,70000000,Leisure and hospitality,89427,22.7,$13.35,$303.05,No,No,2016-11-01T05:00:00Z
Nebraska,80000000,Other services,36888,Confidential,Confidential,Confidential,No,No,2016-11-01T05:00:00Z
Nebraska,90000000,Government,176674,Confidential,Confidential,Confidential,No,No,2016-11-01T05:00:00Z
Nebraska,06000000,Goods-producing,147325,39.5,$22.24,$878.48,No,No,2016-12-01T06:00:00Z
Nebraska,07000000,Service-providing,873106,Confidential,Confidential,Confidential,No,No,2016-12-01T06:00:00Z
Nebraska,08000000,Private service-providing,697572,32.3,$23.12,$746.78,No,No,2016-12-01T06:00:00Z
Nebraska,10000000,Mining and logging,972,Confidential,Confidential,Confidential,No,No,2016-12-01T06:00:00Z
Nebraska,15000000,Natural Resources and Mining and Constru,49938,36.4,$23.75,$864.50,No,No,2016-12-01T06:00:00Z
Nebraska,20000000,Construction,48966,Confidential,Confidential,Confidential,No,No,2016-12-01T06:00:00Z
Nebraska,30000000,Manufacturing,97387,41.1,$21.55,$885.71,No,No,2016-12-01T06:00:00Z
Nebraska,31000000,Durable goods,43685,Confidential,Confidential,Confidential,No,No,2016-12-01T06:00:00Z
Nebraska,32000000,Nondurable goods,53702,Confidential,Confidential,Confidential,No,No,2016-12-01T06:00:00Z
Nebraska,40000000,"Trade, transportation, and utilities",207503,32.7,$19.96,$652.69,No,No,2016-12-01T06:00:00Z
Nebraska,41000000,Wholesale Trade,40709,Confidential,Confidential,Confidential,No,No,2016-12-01T06:00:00Z
Nebraska,42000000,Retail trade,113429,Confidential,Confidential,Confidential,No,No,2016-12-01T06:00:00Z
Nebraska,43000000,Transportation and warehousing,53365,Confidential,Confidential,Confidential,No,No,2016-12-01T06:00:00Z
Nebraska,50000000,Information,18564,Confidential,Confidential,Confidential,No,No,2016-12-01T06:00:00Z
Nebraska,55000000,Financial activities,72183,38.4,$29.91,"$1,148.54",No,No,2016-12-01T06:00:00Z
Nebraska,60000000,Professional and business services,119548,34.5,$26.03,$898.04,No,No,2016-12-01T06:00:00Z
Nebraska,65000000,Education and health services,154836,30.7,$22.14,$679.70,No,No,2016-12-01T06:00:00Z
Nebraska,70000000,Leisure and hospitality,88221,22.0,$13.59,$298.98,No,No,2016-12-01T06:00:00Z
Nebraska,80000000,Other services,36717,Confidential,Confidential,Confidential,No,No,2016-12-01T06:00:00Z
Nebraska,90000000,Government,175534,Confidential,Confidential,Confidential,No,No,2016-12-01T06:00:00Z
Nebraska,06000000,Goods-producing,143804,39.8,$22.55,$897.49,No,No,2017-01-01T06:00:00Z
Nebraska,07000000,Service-providing,854368,Confidential,Confidential,Confidential,No,No,2017-01-01T06:00:00Z
Nebraska,08000000,Private service-providing,682592,32.7,$24.19,$791.01,No,No,2017-01-01T06:00:00Z
Nebraska,10000000,Mining and logging,920,Confidential,Confidential,Confidential,No,No,2017-01-01T06:00:00Z
Nebraska,15000000,Natural Resources and Mining and Constru,46967,35.8,$23.99,$858.84,No,No,2017-01-01T06:00:00Z
Nebraska,20000000,Construction,46047,Confidential,Confidential,Confidential,No,No,2017-01-01T06:00:00Z
Nebraska,30000000,Manufacturing,96837,41.7,$21.95,$915.32,No,No,2017-01-01T06:00:00Z
Nebraska,31000000,Durable goods,43300,Confidential,Confidential,Confidential,No,No,2017-01-01T06:00:00Z
Nebraska,32000000,Nondurable goods,53537,Confidential,Confidential,Confidential,No,No,2017-01-01T06:00:00Z
Nebraska,40000000,"Trade, transportation, and utilities",200365,32.3,$21.21,$685.08,No,No,2017-01-01T06:00:00Z
Nebraska,41000000,Wholesale Trade,40134,Confidential,Confidential,Confidential,No,No,2017-01-01T06:00:00Z
Nebraska,42000000,Retail trade,108502,Confidential,Confidential,Confidential,No,No,2017-01-01T06:00:00Z
Nebraska,43000000,Transportation and warehousing,51729,Confidential,Confidential,Confidential,No,No,2017-01-01T06:00:00Z
Nebraska,50000000,Information,18374,Confidential,Confidential,Confidential,No,No,2017-01-01T06:00:00Z
Nebraska,55000000,Financial activities,71741,39.7,$30.51,"$1,211.25",No,No,2017-01-01T06:00:00Z
Nebraska,60000000,Professional and business services,116522,34.8,$27.49,$956.65,No,No,2017-01-01T06:00:00Z
Nebraska,65000000,Education and health services,153083,31.1,$22.91,$712.50,No,No,2017-01-01T06:00:00Z
Nebraska,70000000,Leisure and hospitality,86215,22.3,$13.78,$307.29,No,No,2017-01-01T06:00:00Z
Nebraska,80000000,Other services,36292,Confidential,Confidential,Confidential,No,No,2017-01-01T06:00:00Z
Nebraska,90000000,Government,171776,Confidential,Confidential,Confidential,No,No,2017-01-01T06:00:00Z
Nebraska,06000000,Goods-producing,144965,40.3,$22.35,$900.71,No,No,2017-02-01T06:00:00Z
Nebraska,07000000,Service-providing,859216,Confidential,Confidential,Confidential,No,No,2017-02-01T06:00:00Z
Nebraska,08000000,Private service-providing,685483,32.2,$23.89,$769.26,No,No,2017-02-01T06:00:00Z
Nebraska,10000000,Mining and logging,944,Confidential,Confidential,Confidential,No,No,2017-02-01T06:00:00Z
Nebraska,15000000,Natural Resources and Mining and Constru,47700,36.6,$23.76,$869.62,No,No,2017-02-01T06:00:00Z
Nebraska,20000000,Construction,46756,Confidential,Confidential,Confidential,No,No,2017-02-01T06:00:00Z
Nebraska,30000000,Manufacturing,97265,42.1,$21.75,$915.68,No,No,2017-02-01T06:00:00Z
Nebraska,31000000,Durable goods,43358,Confidential,Confidential,Confidential,No,No,2017-02-01T06:00:00Z
Nebraska,32000000,Nondurable goods,53907,Confidential,Confidential,Confidential,No,No,2017-02-01T06:00:00Z
Nebraska,40000000,"Trade, transportation, and utilities",199669,32.0,$20.90,$668.80,No,No,2017-02-01T06:00:00Z
Nebraska,41000000,Wholesale Trade,40053,Confidential,Confidential,Confidential,No,No,2017-02-01T06:00:00Z
Nebraska,42000000,Retail trade,107795,Confidential,Confidential,Confidential,No,No,2017-02-01T06:00:00Z
Nebraska,43000000,Transportation and warehousing,51821,Confidential,Confidential,Confidential,No,No,2017-02-01T06:00:00Z
Nebraska,50000000,Information,18415,Confidential,Confidential,Confidential,No,No,2017-02-01T06:00:00Z
Nebraska,55000000,Financial activities,71825,38.4,$29.78,"$1,143.55",No,No,2017-02-01T06:00:00Z
Nebraska,60000000,Professional and business services,116914,34.2,$27.07,$925.79,No,No,2017-02-01T06:00:00Z
Nebraska,65000000,Education and health services,154705,30.8,$22.86,$704.09,No,No,2017-02-01T06:00:00Z
Nebraska,70000000,Leisure and hospitality,87520,22.4,$13.73,$307.55,No,No,2017-02-01T06:00:00Z
Nebraska,80000000,Other services,36435,Confidential,Confidential,Confidential,No,No,2017-02-01T06:00:00Z
Nebraska,90000000,Government,173733,Confidential,Confidential,Confidential,No,No,2017-02-01T06:00:00Z
Nebraska,06000000,Goods-producing,147065,41.0,$22.43,$919.63,No,No,2017-03-01T06:00:00Z
Nebraska,07000000,Service-providing,863949,Confidential,Confidential,Confidential,No,No,2017-03-01T06:00:00Z
Nebraska,08000000,Private service-providing,689508,32.3,$24.15,$780.05,No,No,2017-03-01T06:00:00Z
Nebraska,10000000,Mining and logging,1003,Confidential,Confidential,Confidential,No,No,2017-03-01T06:00:00Z
Nebraska,15000000,Natural Resources and Mining and Constru,49596,37.3,$23.74,$885.50,No,No,2017-03-01T06:00:00Z
Nebraska,20000000,Construction,48593,Confidential,Confidential,Confidential,No,No,2017-03-01T06:00:00Z
Nebraska,30000000,Manufacturing,97469,42.8,$21.85,$935.18,No,No,2017-03-01T06:00:00Z
Nebraska,31000000,Durable goods,43562,Confidential,Confidential,Confidential,No,No,2017-03-01T06:00:00Z
Nebraska,32000000,Nondurable goods,53907,Confidential,Confidential,Confidential,No,No,2017-03-01T06:00:00Z
Nebraska,40000000,"Trade, transportation, and utilities",200138,32.1,$21.03,$675.06,No,No,2017-03-01T06:00:00Z
Nebraska,41000000,Wholesale Trade,40313,Confidential,Confidential,Confidential,No,No,2017-03-01T06:00:00Z
Nebraska,42000000,Retail trade,107976,Confidential,Confidential,Confidential,No,No,2017-03-01T06:00:00Z
Nebraska,43000000,Transportation and warehousing,51849,Confidential,Confidential,Confidential,No,No,2017-03-01T06:00:00Z
Nebraska,50000000,Information,18349,Confidential,Confidential,Confidential,No,No,2017-03-01T06:00:00Z
Nebraska,55000000,Financial activities,71929,38.1,$30.43,"$1,159.38",No,No,2017-03-01T06:00:00Z
Nebraska,60000000,Professional and business services,118001,34.5,$27.79,$958.76,No,No,2017-03-01T06:00:00Z
Nebraska,65000000,Education and health services,155179,31.2,$23.07,$719.78,No,No,2017-03-01T06:00:00Z
Nebraska,70000000,Leisure and hospitality,89314,22.3,$13.53,$301.72,No,No,2017-03-01T06:00:00Z
Nebraska,80000000,Other services,36598,Confidential,Confidential,Confidential,No,No,2017-03-01T06:00:00Z
Nebraska,90000000,Government,174441,Confidential,Confidential,Confidential,No,No,2017-03-01T06:00:00Z
Nebraska,06000000,Goods-producing,149502,41.1,$22.62,$929.68,No,No,2017-04-01T05:00:00Z
Nebraska,07000000,Service-providing,869501,Confidential,Confidential,Confidential,No,No,2017-04-01T05:00:00Z
Nebraska,08000000,Private service-providing,694426,32.9,$24.61,$809.67,No,No,2017-04-01T05:00:00Z
Nebraska,10000000,Mining and logging,1056,Confidential,Confidential,Confidential,No,No,2017-04-01T05:00:00Z
Nebraska,15000000,Natural Resources and Mining and Constru,51902,39.4,$22.92,$903.05,No,No,2017-04-01T05:00:00Z
Nebraska,20000000,Construction,50846,Confidential,Confidential,Confidential,No,No,2017-04-01T05:00:00Z
Nebraska,30000000,Manufacturing,97600,42.0,$22.47,$943.74,No,No,2017-04-01T05:00:00Z
Nebraska,31000000,Durable goods,43713,Confidential,Confidential,Confidential,No,No,2017-04-01T05:00:00Z
Nebraska,32000000,Nondurable goods,53887,Confidential,Confidential,Confidential,No,No,2017-04-01T05:00:00Z
Nebraska,40000000,"Trade, transportation, and utilities",201610,32.8,$21.48,$704.54,No,No,2017-04-01T05:00:00Z
Nebraska,41000000,Wholesale Trade,40906,Confidential,Confidential,Confidential,No,No,2017-04-01T05:00:00Z
Nebraska,42000000,Retail trade,108944,Confidential,Confidential,Confidential,No,No,2017-04-01T05:00:00Z
Nebraska,43000000,Transportation and warehousing,51760,Confidential,Confidential,Confidential,No,No,2017-04-01T05:00:00Z
Nebraska,50000000,Information,18322,Confidential,Confidential,Confidential,No,No,2017-04-01T05:00:00Z
Nebraska,55000000,Financial activities,72168,39.0,$31.54,"$1,230.06",No,No,2017-04-01T05:00:00Z
Nebraska,60000000,Professional and business services,119290,35.5,$28.34,"$1,006.07",No,No,2017-04-01T05:00:00Z
Nebraska,65000000,Education and health services,154414,31.9,$23.34,$744.55,No,No,2017-04-01T05:00:00Z
Nebraska,70000000,Leisure and hospitality,91727,22.1,$13.53,$299.01,No,No,2017-04-01T05:00:00Z
Nebraska,80000000,Other services,36895,Confidential,Confidential,Confidential,No,No,2017-04-01T05:00:00Z
Nebraska,90000000,Government,175075,Confidential,Confidential,Confidential,No,No,2017-04-01T05:00:00Z
Nebraska,06000000,Goods-producing,151226,40.5,$22.62,$916.11,No,No,2017-05-01T05:00:00Z
Nebraska,07000000,Service-providing,875208,Confidential,Confidential,Confidential,No,No,2017-05-01T05:00:00Z
Nebraska,08000000,Private service-providing,698410,32.4,$24.42,$791.21,No,No,2017-05-01T05:00:00Z
Nebraska,10000000,Mining and logging,1108,Confidential,Confidential,Confidential,No,No,2017-05-01T05:00:00Z
Nebraska,15000000,Natural Resources and Mining and Constru,53253,38.8,$23.12,$897.06,No,No,2017-05-01T05:00:00Z
Nebraska,20000000,Construction,52145,Confidential,Confidential,Confidential,No,No,2017-05-01T05:00:00Z
Nebraska,30000000,Manufacturing,97973,41.4,$22.37,$926.12,No,No,2017-05-01T05:00:00Z
Nebraska,31000000,Durable goods,43977,Confidential,Confidential,Confidential,No,No,2017-05-01T05:00:00Z
Nebraska,32000000,Nondurable goods,53996,Confidential,Confidential,Confidential,No,No,2017-05-01T05:00:00Z
Nebraska,40000000,"Trade, transportation, and utilities",202954,32.4,$21.52,$697.25,No,No,2017-05-01T05:00:00Z
Nebraska,41000000,Wholesale Trade,41225,Confidential,Confidential,Confidential,No,No,2017-05-01T05:00:00Z
Nebraska,42000000,Retail trade,109469,Confidential,Confidential,Confidential,No,No,2017-05-01T05:00:00Z
Nebraska,43000000,Transportation and warehousing,52260,Confidential,Confidential,Confidential,No,No,2017-05-01T05:00:00Z
Nebraska,50000000,Information,18174,Confidential,Confidential,Confidential,No,No,2017-05-01T05:00:00Z
Nebraska,55000000,Financial activities,72330,37.7,$30.41,"$1,146.46",No,No,2017-05-01T05:00:00Z
Nebraska,60000000,Professional and business services,118893,35.1,$28.29,$992.98,No,No,2017-05-01T05:00:00Z
Nebraska,65000000,Education and health services,155255,31.3,$23.43,$733.36,No,No,2017-05-01T05:00:00Z
Nebraska,70000000,Leisure and hospitality,93936,22.1,$13.48,$297.91,No,No,2017-05-01T05:00:00Z
Nebraska,80000000,Other services,36868,Confidential,Confidential,Confidential,No,No,2017-05-01T05:00:00Z
Nebraska,90000000,Government,176798,Confidential,Confidential,Confidential,No,No,2017-05-01T05:00:00Z
Nebraska,06000000,Goods-producing,153148,40.8,$22.71,$926.57,No,No,2017-06-01T05:00:00Z
Nebraska,07000000,Service-providing,874788,Confidential,Confidential,Confidential,No,No,2017-06-01T05:00:00Z
Nebraska,08000000,Private service-providing,700001,32.9,$24.04,$790.92,No,No,2017-06-01T05:00:00Z
Nebraska,10000000,Mining and logging,1106,Confidential,Confidential,Confidential,No,No,2017-06-01T05:00:00Z
Nebraska,15000000,Natural Resources and Mining and Constru,54851,40.1,$23.09,$925.91,No,No,2017-06-01T05:00:00Z
Nebraska,20000000,Construction,53745,Confidential,Confidential,Confidential,No,No,2017-06-01T05:00:00Z
Nebraska,30000000,Manufacturing,98297,41.1,$22.50,$924.75,No,No,2017-06-01T05:00:00Z
Nebraska,31000000,Durable goods,44285,Confidential,Confidential,Confidential,No,No,2017-06-01T05:00:00Z
Nebraska,32000000,Nondurable goods,54012,Confidential,Confidential,Confidential,No,No,2017-06-01T05:00:00Z
Nebraska,40000000,"Trade, transportation, and utilities",202593,32.9,$21.31,$701.10,No,No,2017-06-01T05:00:00Z
Nebraska,41000000,Wholesale Trade,41418,Confidential,Confidential,Confidential,No,No,2017-06-01T05:00:00Z
Nebraska,42000000,Retail trade,109077,Confidential,Confidential,Confidential,No,No,2017-06-01T05:00:00Z
Nebraska,43000000,Transportation and warehousing,52098,Confidential,Confidential,Confidential,No,No,2017-06-01T05:00:00Z
Nebraska,50000000,Information,18186,Confidential,Confidential,Confidential,No,No,2017-06-01T05:00:00Z
Nebraska,55000000,Financial activities,73000,38.3,$29.72,"$1,138.28",No,No,2017-06-01T05:00:00Z
Nebraska,60000000,Professional and business services,119933,35.5,$27.82,$987.61,No,No,2017-06-01T05:00:00Z
Nebraska,65000000,Education and health services,153208,31.6,$23.41,$739.76,No,No,2017-06-01T05:00:00Z
Nebraska,70000000,Leisure and hospitality,96039,23.6,$13.35,$315.06,No,No,2017-06-01T05:00:00Z
Nebraska,80000000,Other services,37042,Confidential,Confidential,Confidential,No,No,2017-06-01T05:00:00Z
Nebraska,90000000,Government,174787,Confidential,Confidential,Confidential,No,No,2017-06-01T05:00:00Z
Nebraska,06000000,Goods-producing,153190,41.0,$22.94,$940.54,No,No,2017-07-01T05:00:00Z
Nebraska,07000000,Service-providing,863367,Confidential,Confidential,Confidential,No,No,2017-07-01T05:00:00Z
Nebraska,08000000,Private service-providing,698183,33.2,$24.43,$811.08,No,No,2017-07-01T05:00:00Z
Nebraska,10000000,Mining and logging,1122,Confidential,Confidential,Confidential,No,No,2017-07-01T05:00:00Z
Nebraska,15000000,Natural Resources and Mining and Constru,54895,40.1,$23.06,$924.71,No,No,2017-07-01T05:00:00Z
Nebraska,20000000,Construction,53773,Confidential,Confidential,Confidential,No,No,2017-07-01T05:00:00Z
Nebraska,30000000,Manufacturing,98295,41.5,$22.87,$949.11,No,No,2017-07-01T05:00:00Z
Nebraska,31000000,Durable goods,44323,Confidential,Confidential,Confidential,No,No,2017-07-01T05:00:00Z
Nebraska,32000000,Nondurable goods,53972,Confidential,Confidential,Confidential,No,No,2017-07-01T05:00:00Z
Nebraska,40000000,"Trade, transportation, and utilities",201838,32.5,$21.69,$704.93,No,No,2017-07-01T05:00:00Z
Nebraska,41000000,Wholesale Trade,41199,Confidential,Confidential,Confidential,No,No,2017-07-01T05:00:00Z
Nebraska,42000000,Retail trade,108777,Confidential,Confidential,Confidential,No,No,2017-07-01T05:00:00Z
Nebraska,43000000,Transportation and warehousing,51862,Confidential,Confidential,Confidential,No,No,2017-07-01T05:00:00Z
Nebraska,50000000,Information,18189,Confidential,Confidential,Confidential,No,No,2017-07-01T05:00:00Z
Nebraska,55000000,Financial activities,73229,39.0,$30.41,"$1,185.99",No,No,2017-07-01T05:00:00Z
Nebraska,60000000,Professional and business services,120221,36.0,$28.26,"$1,017.36",No,No,2017-07-01T05:00:00Z
Nebraska,65000000,Education and health services,152768,32.1,$23.69,$760.45,No,No,2017-07-01T05:00:00Z
Nebraska,70000000,Leisure and hospitality,95142,23.6,$13.36,$315.30,No,No,2017-07-01T05:00:00Z
Nebraska,80000000,Other services,36796,Confidential,Confidential,Confidential,No,No,2017-07-01T05:00:00Z
Nebraska,90000000,Government,165184,Confidential,Confidential,Confidential,No,No,2017-07-01T05:00:00Z
Nebraska,06000000,Goods-producing,153087,41.3,$23.03,$951.14,No,No,2017-08-01T05:00:00Z
Nebraska,07000000,Service-providing,865404,Confidential,Confidential,Confidential,No,No,2017-08-01T05:00:00Z
Nebraska,08000000,Private service-providing,699173,32.7,$24.17,$790.36,No,No,2017-08-01T05:00:00Z
Nebraska,10000000,Mining and logging,1135,Confidential,Confidential,Confidential,No,No,2017-08-01T05:00:00Z
Nebraska,15000000,Natural Resources and Mining and Constru,54611,41.3,$23.67,$977.57,No,No,2017-08-01T05:00:00Z
Nebraska,20000000,Construction,53476,Confidential,Confidential,Confidential,No,No,2017-08-01T05:00:00Z
Nebraska,30000000,Manufacturing,98476,41.3,$22.67,$936.27,No,No,2017-08-01T05:00:00Z
Nebraska,31000000,Durable goods,44325,Confidential,Confidential,Confidential,No,No,2017-08-01T05:00:00Z
Nebraska,32000000,Nondurable goods,54151,Confidential,Confidential,Confidential,No,No,2017-08-01T05:00:00Z
Nebraska,40000000,"Trade, transportation, and utilities",202089,32.3,$21.41,$691.54,No,No,2017-08-01T05:00:00Z
Nebraska,41000000,Wholesale Trade,40745,Confidential,Confidential,Confidential,No,No,2017-08-01T05:00:00Z
Nebraska,42000000,Retail trade,108929,Confidential,Confidential,Confidential,No,No,2017-08-01T05:00:00Z
Nebraska,43000000,Transportation and warehousing,52415,Confidential,Confidential,Confidential,No,No,2017-08-01T05:00:00Z
Nebraska,50000000,Information,18062,Confidential,Confidential,Confidential,No,No,2017-08-01T05:00:00Z
Nebraska,55000000,Financial activities,73134,37.9,$29.79,"$1,129.04",No,No,2017-08-01T05:00:00Z
Nebraska,60000000,Professional and business services,119485,35.4,$27.95,$989.43,No,No,2017-08-01T05:00:00Z
Nebraska,65000000,Education and health services,153546,31.7,$23.74,$752.56,No,No,2017-08-01T05:00:00Z
Nebraska,70000000,Leisure and hospitality,96206,23.2,$13.41,$311.11,No,No,2017-08-01T05:00:00Z
Nebraska,80000000,Other services,36651,Confidential,Confidential,Confidential,No,No,2017-08-01T05:00:00Z
Nebraska,90000000,Government,166231,Confidential,Confidential,Confidential,No,No,2017-08-01T05:00:00Z
Nebraska,06000000,Goods-producing,152179,41.7,$23.21,$967.86,No,No,2017-09-01T05:00:00Z
Nebraska,07000000,Service-providing,868448,Confidential,Confidential,Confidential,No,No,2017-09-01T05:00:00Z
Nebraska,08000000,Private service-providing,695473,32.7,$24.44,$799.19,No,No,2017-09-01T05:00:00Z
Nebraska,10000000,Mining and logging,1120,Confidential,Confidential,Confidential,No,No,2017-09-01T05:00:00Z
Nebraska,15000000,Natural Resources and Mining and Constru,53921,41.1,$23.89,$981.88,No,No,2017-09-01T05:00:00Z
Nebraska,20000000,Construction,52801,Confidential,Confidential,Confidential,No,No,2017-09-01T05:00:00Z
Nebraska,30000000,Manufacturing,98258,42.0,$22.85,$959.70,No,No,2017-09-01T05:00:00Z
Nebraska,31000000,Durable goods,43936,Confidential,Confidential,Confidential,No,No,2017-09-01T05:00:00Z
Nebraska,32000000,Nondurable goods,54322,Confidential,Confidential,Confidential,No,No,2017-09-01T05:00:00Z
Nebraska,40000000,"Trade, transportation, and utilities",200980,32.7,$21.66,$708.28,No,No,2017-09-01T05:00:00Z
Nebraska,41000000,Wholesale Trade,40240,Confidential,Confidential,Confidential,No,No,2017-09-01T05:00:00Z
Nebraska,42000000,Retail trade,108018,Confidential,Confidential,Confidential,No,No,2017-09-01T05:00:00Z
Nebraska,43000000,Transportation and warehousing,52722,Confidential,Confidential,Confidential,No,No,2017-09-01T05:00:00Z
Nebraska,50000000,Information,17937,Confidential,Confidential,Confidential,No,No,2017-09-01T05:00:00Z
Nebraska,55000000,Financial activities,72840,38.3,$29.89,"$1,144.79",No,No,2017-09-01T05:00:00Z
Nebraska,60000000,Professional and business services,119467,35.0,$28.26,$989.10,No,No,2017-09-01T05:00:00Z
Nebraska,65000000,Education and health services,154500,31.7,$24.31,$770.63,No,No,2017-09-01T05:00:00Z
Nebraska,70000000,Leisure and hospitality,93183,22.7,$13.40,$304.18,No,No,2017-09-01T05:00:00Z
Nebraska,80000000,Other services,36566,Confidential,Confidential,Confidential,No,No,2017-09-01T05:00:00Z
Nebraska,90000000,Government,172975,Confidential,Confidential,Confidential,No,No,2017-09-01T05:00:00Z
Nebraska,06000000,Goods-producing,152524,40.8,$23.36,$953.09,No,No,2017-10-01T05:00:00Z
Nebraska,07000000,Service-providing,873770,Confidential,Confidential,Confidential,No,No,2017-10-01T05:00:00Z
Nebraska,08000000,Private service-providing,698138,33.2,$24.82,$824.02,No,No,2017-10-01T05:00:00Z
Nebraska,10000000,Mining and logging,1104,Confidential,Confidential,Confidential,No,No,2017-10-01T05:00:00Z
Nebraska,15000000,Natural Resources and Mining and Constru,53720,39.8,$23.96,$953.61,No,No,2017-10-01T05:00:00Z
Nebraska,20000000,Construction,52616,Confidential,Confidential,Confidential,No,No,2017-10-01T05:00:00Z
Nebraska,30000000,Manufacturing,98804,41.4,$23.04,$953.86,No,No,2017-10-01T05:00:00Z
Nebraska,31000000,Durable goods,43966,Confidential,Confidential,Confidential,No,No,2017-10-01T05:00:00Z
Nebraska,32000000,Nondurable goods,54838,Confidential,Confidential,Confidential,No,No,2017-10-01T05:00:00Z
Nebraska,40000000,"Trade, transportation, and utilities",202038,32.8,$21.87,$717.34,No,No,2017-10-01T05:00:00Z
Nebraska,41000000,Wholesale Trade,40419,Confidential,Confidential,Confidential,No,No,2017-10-01T05:00:00Z
Nebraska,42000000,Retail trade,108830,Confidential,Confidential,Confidential,No,No,2017-10-01T05:00:00Z
Nebraska,43000000,Transportation and warehousing,52789,Confidential,Confidential,Confidential,No,No,2017-10-01T05:00:00Z
Nebraska,50000000,Information,17956,Confidential,Confidential,Confidential,No,No,2017-10-01T05:00:00Z
Nebraska,55000000,Financial activities,73241,38.7,$30.37,"$1,175.32",No,No,2017-10-01T05:00:00Z
Nebraska,60000000,Professional and business services,119956,36.1,$28.77,"$1,038.60",No,No,2017-10-01T05:00:00Z
Nebraska,65000000,Education and health services,156056,32.3,$24.58,$793.93,No,No,2017-10-01T05:00:00Z
Nebraska,70000000,Leisure and hospitality,92342,23.2,$13.45,$312.04,No,No,2017-10-01T05:00:00Z
Nebraska,80000000,Other services,36549,Confidential,Confidential,Confidential,No,No,2017-10-01T05:00:00Z
Nebraska,90000000,Government,175632,Confidential,Confidential,Confidential,No,No,2017-10-01T05:00:00Z
Nebraska,06000000,Goods-producing,152319,40.8,$23.50,$958.80,No,No,2017-11-01T05:00:00Z
Nebraska,07000000,Service-providing,875980,Confidential,Confidential,Confidential,No,No,2017-11-01T05:00:00Z
Nebraska,08000000,Private service-providing,700397,32.8,$24.84,$814.75,No,No,2017-11-01T05:00:00Z
Nebraska,10000000,Mining and logging,1081,Confidential,Confidential,Confidential,No,No,2017-11-01T05:00:00Z
Nebraska,15000000,Natural Resources and Mining and Constru,53033,40.8,$24.13,$984.50,No,No,2017-11-01T05:00:00Z
Nebraska,20000000,Construction,51952,Confidential,Confidential,Confidential,No,No,2017-11-01T05:00:00Z
Nebraska,30000000,Manufacturing,99286,40.9,$23.17,$947.65,No,No,2017-11-01T05:00:00Z
Nebraska,31000000,Durable goods,44166,Confidential,Confidential,Confidential,No,No,2017-11-01T05:00:00Z
Nebraska,32000000,Nondurable goods,55120,Confidential,Confidential,Confidential,No,No,2017-11-01T05:00:00Z
Nebraska,40000000,"Trade, transportation, and utilities",206756,32.8,$21.99,$721.27,No,No,2017-11-01T05:00:00Z
Nebraska,41000000,Wholesale Trade,40505,Confidential,Confidential,Confidential,No,No,2017-11-01T05:00:00Z
Nebraska,42000000,Retail trade,112561,Confidential,Confidential,Confidential,No,No,2017-11-01T05:00:00Z
Nebraska,43000000,Transportation and warehousing,53690,Confidential,Confidential,Confidential,No,No,2017-11-01T05:00:00Z
Nebraska,50000000,Information,17927,Confidential,Confidential,Confidential,No,No,2017-11-01T05:00:00Z
Nebraska,55000000,Financial activities,73011,38.0,$30.03,"$1,141.14",No,No,2017-11-01T05:00:00Z
Nebraska,60000000,Professional and business services,119561,36.1,$29.09,"$1,050.15",No,No,2017-11-01T05:00:00Z
Nebraska,65000000,Education and health services,156085,31.6,$24.96,$788.74,No,No,2017-11-01T05:00:00Z
Nebraska,70000000,Leisure and hospitality,90420,22.8,$13.51,$308.03,No,No,2017-11-01T05:00:00Z
Nebraska,80000000,Other services,36637,Confidential,Confidential,Confidential,No,No,2017-11-01T05:00:00Z
Nebraska,90000000,Government,175583,Confidential,Confidential,Confidential,No,No,2017-11-01T05:00:00Z
Nebraska,06000000,Goods-producing,151814,41.1,$23.73,$975.30,No,No,2017-12-01T06:00:00Z
Nebraska,07000000,Service-providing,876514,Confidential,Confidential,Confidential,No,No,2017-12-01T06:00:00Z
Nebraska,08000000,Private service-providing,701585,32.7,$24.78,$810.31,No,No,2017-12-01T06:00:00Z
Nebraska,10000000,Mining and logging,1072,Confidential,Confidential,Confidential,No,No,2017-12-01T06:00:00Z
Nebraska,15000000,Natural Resources and Mining and Constru,51993,40.3,$24.53,$988.56,No,No,2017-12-01T06:00:00Z
Nebraska,20000000,Construction,50921,Confidential,Confidential,Confidential,No,No,2017-12-01T06:00:00Z
Nebraska,30000000,Manufacturing,99821,41.6,$23.32,$970.11,No,No,2017-12-01T06:00:00Z
Nebraska,31000000,Durable goods,44391,Confidential,Confidential,Confidential,No,No,2017-12-01T06:00:00Z
Nebraska,32000000,Nondurable goods,55430,Confidential,Confidential,Confidential,No,No,2017-12-01T06:00:00Z
Nebraska,40000000,"Trade, transportation, and utilities",208074,32.6,$21.91,$714.27,No,No,2017-12-01T06:00:00Z
Nebraska,41000000,Wholesale Trade,40777,Confidential,Confidential,Confidential,No,No,2017-12-01T06:00:00Z
Nebraska,42000000,Retail trade,112741,Confidential,Confidential,Confidential,No,No,2017-12-01T06:00:00Z
Nebraska,43000000,Transportation and warehousing,54556,Confidential,Confidential,Confidential,No,No,2017-12-01T06:00:00Z
Nebraska,50000000,Information,18037,Confidential,Confidential,Confidential,No,No,2017-12-01T06:00:00Z
Nebraska,55000000,Financial activities,73398,38.5,$30.06,"$1,157.31",No,No,2017-12-01T06:00:00Z
Nebraska,60000000,Professional and business services,119640,35.4,$28.80,"$1,019.52",No,No,2017-12-01T06:00:00Z
Nebraska,65000000,Education and health services,155826,31.7,$24.92,$789.96,No,No,2017-12-01T06:00:00Z
Nebraska,70000000,Leisure and hospitality,89918,22.7,$13.54,$307.36,No,No,2017-12-01T06:00:00Z
Nebraska,80000000,Other services,36692,Confidential,Confidential,Confidential,No,No,2017-12-01T06:00:00Z
Nebraska,90000000,Government,174929,Confidential,Confidential,Confidential,No,No,2017-12-01T06:00:00Z
Nebraska,06000000,Goods-producing,146350,39.3,$24.05,$945.17,No,No,2018-01-01T06:00:00Z
Nebraska,07000000,Service-providing,855896,Confidential,Confidential,Confidential,No,No,2018-01-01T06:00:00Z
Nebraska,08000000,Private service-providing,684389,32.1,$24.96,$801.22,No,No,2018-01-01T06:00:00Z
Nebraska,10000000,Mining and logging,976,Confidential,Confidential,Confidential,No,No,2018-01-01T06:00:00Z
Nebraska,15000000,Natural Resources and Mining and Constru,47988,37.3,$25.35,$945.56,No,No,2018-01-01T06:00:00Z
Nebraska,20000000,Construction,47012,Confidential,Confidential,Confidential,No,No,2018-01-01T06:00:00Z
Nebraska,30000000,Manufacturing,98362,40.4,$23.46,$947.78,No,No,2018-01-01T06:00:00Z
Nebraska,31000000,Durable goods,43956,Confidential,Confidential,Confidential,No,No,2018-01-01T06:00:00Z
Nebraska,32000000,Nondurable goods,54406,Confidential,Confidential,Confidential,No,No,2018-01-01T06:00:00Z
Nebraska,40000000,"Trade, transportation, and utilities",199902,31.3,$21.86,$684.22,No,No,2018-01-01T06:00:00Z
Nebraska,41000000,Wholesale Trade,39807,Confidential,Confidential,Confidential,No,No,2018-01-01T06:00:00Z
Nebraska,42000000,Retail trade,107480,Confidential,Confidential,Confidential,No,No,2018-01-01T06:00:00Z
Nebraska,43000000,Transportation and warehousing,52615,Confidential,Confidential,Confidential,No,No,2018-01-01T06:00:00Z
Nebraska,50000000,Information,17813,Confidential,Confidential,Confidential,No,No,2018-01-01T06:00:00Z
Nebraska,55000000,Financial activities,72690,38.5,$30.04,"$1,156.54",No,No,2018-01-01T06:00:00Z
Nebraska,60000000,Professional and business services,116080,35.0,$29.55,"$1,034.25",No,No,2018-01-01T06:00:00Z
Nebraska,65000000,Education and health services,154245,31.5,$24.89,$784.04,No,No,2018-01-01T06:00:00Z
Nebraska,70000000,Leisure and hospitality,87393,21.9,$13.81,$302.44,No,No,2018-01-01T06:00:00Z
Nebraska,80000000,Other services,36266,Confidential,Confidential,Confidential,No,No,2018-01-01T06:00:00Z
Nebraska,90000000,Government,171507,Confidential,Confidential,Confidential,No,No,2018-01-01T06:00:00Z
Nebraska,06000000,Goods-producing,146943,40.0,$23.78,$951.20,No,No,2018-02-01T06:00:00Z
Nebraska,07000000,Service-providing,860163,Confidential,Confidential,Confidential,No,No,2018-02-01T06:00:00Z
Nebraska,08000000,Private service-providing,686931,32.2,$24.63,$793.09,No,No,2018-02-01T06:00:00Z
Nebraska,10000000,Mining and logging,994,Confidential,Confidential,Confidential,No,No,2018-02-01T06:00:00Z
Nebraska,15000000,Natural Resources and Mining and Constru,47912,38.5,$25.12,$967.12,No,No,2018-02-01T06:00:00Z
Nebraska,20000000,Construction,46918,Confidential,Confidential,Confidential,No,No,2018-02-01T06:00:00Z
Nebraska,30000000,Manufacturing,99031,40.6,$23.16,$940.30,No,No,2018-02-01T06:00:00Z
Nebraska,31000000,Durable goods,44141,Confidential,Confidential,Confidential,No,No,2018-02-01T06:00:00Z
Nebraska,32000000,Nondurable goods,54890,Confidential,Confidential,Confidential,No,No,2018-02-01T06:00:00Z
Nebraska,40000000,"Trade, transportation, and utilities",199192,31.9,$21.28,$678.83,No,No,2018-02-01T06:00:00Z
Nebraska,41000000,Wholesale Trade,39802,Confidential,Confidential,Confidential,No,No,2018-02-01T06:00:00Z
Nebraska,42000000,Retail trade,106763,Confidential,Confidential,Confidential,No,No,2018-02-01T06:00:00Z
Nebraska,43000000,Transportation and warehousing,52627,Confidential,Confidential,Confidential,No,No,2018-02-01T06:00:00Z
Nebraska,50000000,Information,17870,Confidential,Confidential,Confidential,No,No,2018-02-01T06:00:00Z
Nebraska,55000000,Financial activities,73161,38.2,$30.00,"$1,146.00",No,No,2018-02-01T06:00:00Z
Nebraska,60000000,Professional and business services,116891,34.4,$29.60,"$1,018.24",No,No,2018-02-01T06:00:00Z
Nebraska,65000000,Education and health services,155490,31.5,$24.64,$776.16,No,No,2018-02-01T06:00:00Z
Nebraska,70000000,Leisure and hospitality,87936,22.6,$13.79,$311.65,No,No,2018-02-01T06:00:00Z
Nebraska,80000000,Other services,36391,Confidential,Confidential,Confidential,No,No,2018-02-01T06:00:00Z
Nebraska,90000000,Government,173232,Confidential,Confidential,Confidential,No,No,2018-02-01T06:00:00Z
Nebraska,06000000,Goods-producing,149039,39.5,$23.82,$940.89,No,No,2018-03-01T06:00:00Z
Nebraska,07000000,Service-providing,864740,Confidential,Confidential,Confidential,No,No,2018-03-01T06:00:00Z
Nebraska,08000000,Private service-providing,690391,32.3,$24.74,$799.10,No,No,2018-03-01T06:00:00Z
Nebraska,10000000,Mining and logging,1046,Confidential,Confidential,Confidential,No,No,2018-03-01T06:00:00Z
Nebraska,15000000,Natural Resources and Mining and Constru,49721,39.2,$25.20,$987.84,No,No,2018-03-01T06:00:00Z
Nebraska,20000000,Construction,48675,Confidential,Confidential,Confidential,No,No,2018-03-01T06:00:00Z
Nebraska,30000000,Manufacturing,99318,39.7,$23.14,$918.66,No,No,2018-03-01T06:00:00Z
Nebraska,31000000,Durable goods,44324,Confidential,Confidential,Confidential,No,No,2018-03-01T06:00:00Z
Nebraska,32000000,Nondurable goods,54994,Confidential,Confidential,Confidential,No,No,2018-03-01T06:00:00Z
Nebraska,40000000,"Trade, transportation, and utilities",199817,32.1,$21.54,$691.43,No,No,2018-03-01T06:00:00Z
Nebraska,41000000,Wholesale Trade,40020,Confidential,Confidential,Confidential,No,No,2018-03-01T06:00:00Z
Nebraska,42000000,Retail trade,106753,Confidential,Confidential,Confidential,No,No,2018-03-01T06:00:00Z
Nebraska,43000000,Transportation and warehousing,53044,Confidential,Confidential,Confidential,No,No,2018-03-01T06:00:00Z
Nebraska,50000000,Information,17716,Confidential,Confidential,Confidential,No,No,2018-03-01T06:00:00Z
Nebraska,55000000,Financial activities,73202,38.4,$30.17,"$1,158.53",No,No,2018-03-01T06:00:00Z
Nebraska,60000000,Professional and business services,117461,34.3,$29.96,"$1,027.63",No,No,2018-03-01T06:00:00Z
Nebraska,65000000,Education and health services,155987,31.7,$24.60,$779.82,No,No,2018-03-01T06:00:00Z
Nebraska,70000000,Leisure and hospitality,89687,22.7,$13.64,$309.63,No,No,2018-03-01T06:00:00Z
Nebraska,80000000,Other services,36521,Confidential,Confidential,Confidential,No,No,2018-03-01T06:00:00Z
Nebraska,90000000,Government,174349,Confidential,Confidential,Confidential,No,No,2018-03-01T06:00:00Z
Nebraska,06000000,Goods-producing,152015,40.5,$24.17,$978.89,No,No,2018-04-01T05:00:00Z
Nebraska,07000000,Service-providing,869704,Confidential,Confidential,Confidential,No,No,2018-04-01T05:00:00Z
Nebraska,08000000,Private service-providing,694750,32.8,$25.16,$825.25,No,No,2018-04-01T05:00:00Z
Nebraska,10000000,Mining and logging,1105,Confidential,Confidential,Confidential,No,No,2018-04-01T05:00:00Z
Nebraska,15000000,Natural Resources and Mining and Constru,52854,41.1,$25.28,"$1,039.01",No,No,2018-04-01T05:00:00Z
Nebraska,20000000,Construction,51749,Confidential,Confidential,Confidential,No,No,2018-04-01T05:00:00Z
Nebraska,30000000,Manufacturing,99161,40.1,$23.57,$945.16,No,No,2018-04-01T05:00:00Z
Nebraska,31000000,Durable goods,44486,Confidential,Confidential,Confidential,No,No,2018-04-01T05:00:00Z
Nebraska,32000000,Nondurable goods,54675,Confidential,Confidential,Confidential,No,No,2018-04-01T05:00:00Z
Nebraska,40000000,"Trade, transportation, and utilities",200051,32.9,$21.70,$713.93,No,No,2018-04-01T05:00:00Z
Nebraska,41000000,Wholesale Trade,40449,Confidential,Confidential,Confidential,No,No,2018-04-01T05:00:00Z
Nebraska,42000000,Retail trade,107001,Confidential,Confidential,Confidential,No,No,2018-04-01T05:00:00Z
Nebraska,43000000,Transportation and warehousing,52601,Confidential,Confidential,Confidential,No,No,2018-04-01T05:00:00Z
Nebraska,50000000,Information,17686,Confidential,Confidential,Confidential,No,No,2018-04-01T05:00:00Z
Nebraska,55000000,Financial activities,73766,39.1,$31.34,"$1,225.39",No,No,2018-04-01T05:00:00Z
Nebraska,60000000,Professional and business services,118935,35.0,$29.83,"$1,044.05",No,No,2018-04-01T05:00:00Z
Nebraska,65000000,Education and health services,155772,32.4,$24.63,$798.01,No,No,2018-04-01T05:00:00Z
Nebraska,70000000,Leisure and hospitality,91673,22.3,$13.84,$308.63,No,No,2018-04-01T05:00:00Z
Nebraska,80000000,Other services,36867,Confidential,Confidential,Confidential,No,No,2018-04-01T05:00:00Z
Nebraska,90000000,Government,174954,Confidential,Confidential,Confidential,No,No,2018-04-01T05:00:00Z
Nebraska,06000000,Goods-producing,154087,40.6,$23.42,$950.85,No,No,2018-05-01T05:00:00Z
Nebraska,07000000,Service-providing,879472,Confidential,Confidential,Confidential,No,No,2018-05-01T05:00:00Z
Nebraska,08000000,Private service-providing,701775,32.3,$24.75,$799.43,No,No,2018-05-01T05:00:00Z
Nebraska,10000000,Mining and logging,1147,Confidential,Confidential,Confidential,No,No,2018-05-01T05:00:00Z
Nebraska,15000000,Natural Resources and Mining and Constru,54695,42.2,$24.33,"$1,026.73",No,No,2018-05-01T05:00:00Z
Nebraska,20000000,Construction,53548,Confidential,Confidential,Confidential,No,No,2018-05-01T05:00:00Z
Nebraska,30000000,Manufacturing,99392,39.7,$22.89,$908.73,No,No,2018-05-01T05:00:00Z
Nebraska,31000000,Durable goods,44737,Confidential,Confidential,Confidential,No,No,2018-05-01T05:00:00Z
Nebraska,32000000,Nondurable goods,54655,Confidential,Confidential,Confidential,No,No,2018-05-01T05:00:00Z
Nebraska,40000000,"Trade, transportation, and utilities",201906,32.9,$21.46,$706.03,No,No,2018-05-01T05:00:00Z
Nebraska,41000000,Wholesale Trade,40897,Confidential,Confidential,Confidential,No,No,2018-05-01T05:00:00Z
Nebraska,42000000,Retail trade,108171,Confidential,Confidential,Confidential,No,No,2018-05-01T05:00:00Z
Nebraska,43000000,Transportation and warehousing,52838,Confidential,Confidential,Confidential,No,No,2018-05-01T05:00:00Z
Nebraska,50000000,Information,17643,Confidential,Confidential,Confidential,No,No,2018-05-01T05:00:00Z
Nebraska,55000000,Financial activities,74162,38.3,$30.26,"$1,158.96",No,No,2018-05-01T05:00:00Z
Nebraska,60000000,Professional and business services,119357,34.7,$29.36,"$1,018.79",No,No,2018-05-01T05:00:00Z
Nebraska,65000000,Education and health services,156251,31.8,$24.63,$783.23,No,No,2018-05-01T05:00:00Z
Nebraska,70000000,Leisure and hospitality,95326,22.5,$13.73,$308.93,No,No,2018-05-01T05:00:00Z
Nebraska,80000000,Other services,37130,Confidential,Confidential,Confidential,No,No,2018-05-01T05:00:00Z
Nebraska,90000000,Government,177697,Confidential,Confidential,Confidential,No,No,2018-05-01T05:00:00Z
Nebraska,06000000,Goods-producing,156030,40.9,$23.83,$974.65,No,No,2018-06-01T05:00:00Z
Nebraska,07000000,Service-providing,878052,Confidential,Confidential,Confidential,No,No,2018-06-01T05:00:00Z
Nebraska,08000000,Private service-providing,703567,32.5,$24.62,$800.15,No,No,2018-06-01T05:00:00Z
Nebraska,10000000,Mining and logging,1180,Confidential,Confidential,Confidential,No,No,2018-06-01T05:00:00Z
Nebraska,15000000,Natural Resources and Mining and Constru,56357,43.6,$24.87,"$1,084.33",No,No,2018-06-01T05:00:00Z
Nebraska,20000000,Construction,55177,Confidential,Confidential,Confidential,No,No,2018-06-01T05:00:00Z
Nebraska,30000000,Manufacturing,99673,39.4,$23.18,$913.29,No,No,2018-06-01T05:00:00Z
Nebraska,31000000,Durable goods,45119,Confidential,Confidential,Confidential,No,No,2018-06-01T05:00:00Z
Nebraska,32000000,Nondurable goods,54554,Confidential,Confidential,Confidential,No,No,2018-06-01T05:00:00Z
Nebraska,40000000,"Trade, transportation, and utilities",202201,33.0,$21.49,$709.17,No,No,2018-06-01T05:00:00Z
Nebraska,41000000,Wholesale Trade,41173,Confidential,Confidential,Confidential,No,No,2018-06-01T05:00:00Z
Nebraska,42000000,Retail trade,108300,Confidential,Confidential,Confidential,No,No,2018-06-01T05:00:00Z
Nebraska,43000000,Transportation and warehousing,52728,Confidential,Confidential,Confidential,No,No,2018-06-01T05:00:00Z
Nebraska,50000000,Information,17732,Confidential,Confidential,Confidential,No,No,2018-06-01T05:00:00Z
Nebraska,55000000,Financial activities,74552,38.8,$30.06,"$1,166.33",No,No,2018-06-01T05:00:00Z
Nebraska,60000000,Professional and business services,120343,34.6,$29.01,"$1,003.75",No,No,2018-06-01T05:00:00Z
Nebraska,65000000,Education and health services,154590,31.8,$24.61,$782.60,No,No,2018-06-01T05:00:00Z
Nebraska,70000000,Leisure and hospitality,96765,23.3,$13.57,$316.18,No,No,2018-06-01T05:00:00Z
Nebraska,80000000,Other services,37384,Confidential,Confidential,Confidential,No,No,2018-06-01T05:00:00Z
Nebraska,90000000,Government,174485,Confidential,Confidential,Confidential,No,No,2018-06-01T05:00:00Z
Nebraska,06000000,Goods-producing,157366,40.1,$23.99,$962.00,No,No,2018-07-01T05:00:00Z
Nebraska,07000000,Service-providing,867794,Confidential,Confidential,Confidential,No,No,2018-07-01T05:00:00Z
Nebraska,08000000,Private service-providing,701745,33.0,$24.89,$821.37,No,No,2018-07-01T05:00:00Z
Nebraska,10000000,Mining and logging,1174,Confidential,Confidential,Confidential,No,No,2018-07-01T05:00:00Z
Nebraska,15000000,Natural Resources and Mining and Constru,56863,41.7,$25.27,"$1,053.76",No,No,2018-07-01T05:00:00Z
Nebraska,20000000,Construction,55689,Confidential,Confidential,Confidential,No,No,2018-07-01T05:00:00Z
Nebraska,30000000,Manufacturing,100503,39.3,$23.22,$912.55,No,No,2018-07-01T05:00:00Z
Nebraska,31000000,Durable goods,45311,Confidential,Confidential,Confidential,No,No,2018-07-01T05:00:00Z
Nebraska,32000000,Nondurable goods,55192,Confidential,Confidential,Confidential,No,No,2018-07-01T05:00:00Z
Nebraska,40000000,"Trade, transportation, and utilities",201420,32.4,$21.37,$692.39,No,No,2018-07-01T05:00:00Z
Nebraska,41000000,Wholesale Trade,40871,Confidential,Confidential,Confidential,No,No,2018-07-01T05:00:00Z
Nebraska,42000000,Retail trade,108195,Confidential,Confidential,Confidential,No,No,2018-07-01T05:00:00Z
Nebraska,43000000,Transportation and warehousing,52354,Confidential,Confidential,Confidential,No,No,2018-07-01T05:00:00Z
Nebraska,50000000,Information,17714,Confidential,Confidential,Confidential,No,No,2018-07-01T05:00:00Z
Nebraska,55000000,Financial activities,74603,39.3,$30.27,"$1,189.61",No,No,2018-07-01T05:00:00Z
Nebraska,60000000,Professional and business services,120307,35.2,$29.38,"$1,034.18",No,No,2018-07-01T05:00:00Z
Nebraska,65000000,Education and health services,154480,32.5,$24.87,$808.28,No,No,2018-07-01T05:00:00Z
Nebraska,70000000,Leisure and hospitality,95952,23.7,$13.82,$327.53,No,No,2018-07-01T05:00:00Z
Nebraska,80000000,Other services,37269,Confidential,Confidential,Confidential,No,No,2018-07-01T05:00:00Z
Nebraska,90000000,Government,166049,Confidential,Confidential,Confidential,No,No,2018-07-01T05:00:00Z
Nebraska,06000000,Goods-producing,157227,40.2,$23.95,$962.79,No,No,2018-08-01T05:00:00Z
Nebraska,07000000,Service-providing,868033,Confidential,Confidential,Confidential,No,No,2018-08-01T05:00:00Z
Nebraska,08000000,Private service-providing,701769,32.1,$24.61,$789.98,No,No,2018-08-01T05:00:00Z
Nebraska,10000000,Mining and logging,1162,Confidential,Confidential,Confidential,No,No,2018-08-01T05:00:00Z
Nebraska,15000000,Natural Resources and Mining and Constru,56687,41.5,$25.61,"$1,062.82",No,No,2018-08-01T05:00:00Z
Nebraska,20000000,Construction,55525,Confidential,Confidential,Confidential,No,No,2018-08-01T05:00:00Z
Nebraska,30000000,Manufacturing,100540,39.6,$22.97,$909.61,No,No,2018-08-01T05:00:00Z
Nebraska,31000000,Durable goods,45271,Confidential,Confidential,Confidential,No,No,2018-08-01T05:00:00Z
Nebraska,32000000,Nondurable goods,55269,Confidential,Confidential,Confidential,No,No,2018-08-01T05:00:00Z
Nebraska,40000000,"Trade, transportation, and utilities",200927,32.0,$21.03,$672.96,No,No,2018-08-01T05:00:00Z
Nebraska,41000000,Wholesale Trade,40441,Confidential,Confidential,Confidential,No,No,2018-08-01T05:00:00Z
Nebraska,42000000,Retail trade,107558,Confidential,Confidential,Confidential,No,No,2018-08-01T05:00:00Z
Nebraska,43000000,Transportation and warehousing,52928,Confidential,Confidential,Confidential,No,No,2018-08-01T05:00:00Z
Nebraska,50000000,Information,17658,Confidential,Confidential,Confidential,No,No,2018-08-01T05:00:00Z
Nebraska,55000000,Financial activities,74374,38.2,$30.31,"$1,157.84",No,No,2018-08-01T05:00:00Z
Nebraska,60000000,Professional and business services,119616,34.2,$29.17,$997.61,No,No,2018-08-01T05:00:00Z
Nebraska,65000000,Education and health services,155482,32.2,$24.57,$791.15,No,No,2018-08-01T05:00:00Z
Nebraska,70000000,Leisure and hospitality,96523,22.8,$13.74,$313.27,No,No,2018-08-01T05:00:00Z
Nebraska,80000000,Other services,37189,Confidential,Confidential,Confidential,No,No,2018-08-01T05:00:00Z
Nebraska,90000000,Government,166264,Confidential,Confidential,Confidential,No,No,2018-08-01T05:00:00Z
Nebraska,06000000,Goods-producing,155715,40.7,$23.86,$971.10,No,No,2018-09-01T05:00:00Z
Nebraska,07000000,Service-providing,872088,Confidential,Confidential,Confidential,No,No,2018-09-01T05:00:00Z
Nebraska,08000000,Private service-providing,698527,32.6,$25.58,$833.91,No,No,2018-09-01T05:00:00Z
Nebraska,10000000,Mining and logging,1138,Confidential,Confidential,Confidential,No,No,2018-09-01T05:00:00Z
Nebraska,15000000,Natural Resources and Mining and Constru,55544,41.7,$25.25,"$1,052.93",No,No,2018-09-01T05:00:00Z
Nebraska,20000000,Construction,54406,Confidential,Confidential,Confidential,No,No,2018-09-01T05:00:00Z
Nebraska,30000000,Manufacturing,100171,40.1,$23.06,$924.71,No,No,2018-09-01T05:00:00Z
Nebraska,31000000,Durable goods,44963,Confidential,Confidential,Confidential,No,No,2018-09-01T05:00:00Z
Nebraska,32000000,Nondurable goods,55208,Confidential,Confidential,Confidential,No,No,2018-09-01T05:00:00Z
Nebraska,40000000,"Trade, transportation, and utilities",199001,32.0,$21.95,$702.40,No,No,2018-09-01T05:00:00Z
Nebraska,41000000,Wholesale Trade,39789,Confidential,Confidential,Confidential,No,No,2018-09-01T05:00:00Z
Nebraska,42000000,Retail trade,106080,Confidential,Confidential,Confidential,No,No,2018-09-01T05:00:00Z
Nebraska,43000000,Transportation and warehousing,53132,Confidential,Confidential,Confidential,No,No,2018-09-01T05:00:00Z
Nebraska,50000000,Information,17496,Confidential,Confidential,Confidential,No,No,2018-09-01T05:00:00Z
Nebraska,55000000,Financial activities,74157,39.5,$30.80,"$1,216.60",No,No,2018-09-01T05:00:00Z
Nebraska,60000000,Professional and business services,119877,35.0,$30.07,"$1,052.45",No,No,2018-09-01T05:00:00Z
Nebraska,65000000,Education and health services,156434,32.5,$25.28,$821.60,No,No,2018-09-01T05:00:00Z
Nebraska,70000000,Leisure and hospitality,94436,23.2,$13.80,$320.16,No,No,2018-09-01T05:00:00Z
Nebraska,80000000,Other services,37126,Confidential,Confidential,Confidential,No,No,2018-09-01T05:00:00Z
Nebraska,90000000,Government,173561,Confidential,Confidential,Confidential,No,No,2018-09-01T05:00:00Z
Nebraska,06000000,Goods-producing,154816,39.3,$23.85,$937.31,No,No,2018-10-01T05:00:00Z
Nebraska,07000000,Service-providing,875420,Confidential,Confidential,Confidential,No,No,2018-10-01T05:00:00Z
Nebraska,08000000,Private service-providing,699699,32.2,$24.93,$802.75,No,No,2018-10-01T05:00:00Z
Nebraska,10000000,Mining and logging,1111,Confidential,Confidential,Confidential,No,No,2018-10-01T05:00:00Z
Nebraska,15000000,Natural Resources and Mining and Constru,55191,38.3,$25.46,$975.12,No,No,2018-10-01T05:00:00Z
Nebraska,20000000,Construction,54080,Confidential,Confidential,Confidential,No,No,2018-10-01T05:00:00Z
Nebraska,30000000,Manufacturing,99625,39.8,$22.99,$915.00,No,No,2018-10-01T05:00:00Z
Nebraska,31000000,Durable goods,44797,Confidential,Confidential,Confidential,No,No,2018-10-01T05:00:00Z
Nebraska,32000000,Nondurable goods,54828,Confidential,Confidential,Confidential,No,No,2018-10-01T05:00:00Z
Nebraska,40000000,"Trade, transportation, and utilities",199999,31.8,$21.39,$680.20,No,No,2018-10-01T05:00:00Z
Nebraska,41000000,Wholesale Trade,39827,Confidential,Confidential,Confidential,No,No,2018-10-01T05:00:00Z
Nebraska,42000000,Retail trade,107002,Confidential,Confidential,Confidential,No,No,2018-10-01T05:00:00Z
Nebraska,43000000,Transportation and warehousing,53170,Confidential,Confidential,Confidential,No,No,2018-10-01T05:00:00Z
Nebraska,50000000,Information,17476,Confidential,Confidential,Confidential,No,No,2018-10-01T05:00:00Z
Nebraska,55000000,Financial activities,74494,38.4,$29.19,"$1,120.90",No,No,2018-10-01T05:00:00Z
Nebraska,60000000,Professional and business services,119803,34.5,$29.64,"$1,022.58",No,No,2018-10-01T05:00:00Z
Nebraska,65000000,Education and health services,157032,31.7,$25.01,$792.82,No,No,2018-10-01T05:00:00Z
Nebraska,70000000,Leisure and hospitality,93678,22.7,$13.91,$315.76,No,No,2018-10-01T05:00:00Z
Nebraska,80000000,Other services,37217,Confidential,Confidential,Confidential,No,No,2018-10-01T05:00:00Z
Nebraska,90000000,Government,175721,Confidential,Confidential,Confidential,No,No,2018-10-01T05:00:00Z
Nebraska,06000000,Goods-producing,154724,39.5,$23.76,$938.52,No,No,2018-11-01T05:00:00Z
Nebraska,07000000,Service-providing,879238,Confidential,Confidential,Confidential,No,No,2018-11-01T05:00:00Z
Nebraska,08000000,Private service-providing,703424,32.0,$24.90,$796.80,No,No,2018-11-01T05:00:00Z
Nebraska,10000000,Mining and logging,1058,Confidential,Confidential,Confidential,No,No,2018-11-01T05:00:00Z
Nebraska,15000000,Natural Resources and Mining and Constru,54534,39.3,$25.51,"$1,002.54",No,No,2018-11-01T05:00:00Z
Nebraska,20000000,Construction,53476,Confidential,Confidential,Confidential,No,No,2018-11-01T05:00:00Z
Nebraska,30000000,Manufacturing,100190,39.7,$22.82,$905.95,No,No,2018-11-01T05:00:00Z
Nebraska,31000000,Durable goods,45122,Confidential,Confidential,Confidential,No,No,2018-11-01T05:00:00Z
Nebraska,32000000,Nondurable goods,55068,Confidential,Confidential,Confidential,No,No,2018-11-01T05:00:00Z
Nebraska,40000000,"Trade, transportation, and utilities",205428,32.1,$20.98,$673.46,No,No,2018-11-01T05:00:00Z
Nebraska,41000000,Wholesale Trade,40009,Confidential,Confidential,Confidential,No,No,2018-11-01T05:00:00Z
Nebraska,42000000,Retail trade,110753,Confidential,Confidential,Confidential,No,No,2018-11-01T05:00:00Z
Nebraska,43000000,Transportation and warehousing,54666,Confidential,Confidential,Confidential,No,No,2018-11-01T05:00:00Z
Nebraska,50000000,Information,17428,Confidential,Confidential,Confidential,No,No,2018-11-01T05:00:00Z
Nebraska,55000000,Financial activities,74650,38.2,$30.09,"$1,149.44",No,No,2018-11-01T05:00:00Z
Nebraska,60000000,Professional and business services,119877,34.6,$29.88,"$1,033.85",No,No,2018-11-01T05:00:00Z
Nebraska,65000000,Education and health services,157279,31.8,$24.84,$789.91,No,No,2018-11-01T05:00:00Z
Nebraska,70000000,Leisure and hospitality,91592,22.1,$14.06,$310.73,No,No,2018-11-01T05:00:00Z
Nebraska,80000000,Other services,37170,Confidential,Confidential,Confidential,No,No,2018-11-01T05:00:00Z
Nebraska,90000000,Government,175814,Confidential,Confidential,Confidential,No,No,2018-11-01T05:00:00Z
Nebraska,06000000,Goods-producing,153058,40.0,$24.38,$975.20,No,No,2018-12-01T06:00:00Z
Nebraska,07000000,Service-providing,877495,Confidential,Confidential,Confidential,No,No,2018-12-01T06:00:00Z
Nebraska,08000000,Private service-providing,702619,32.5,$25.52,$829.40,No,No,2018-12-01T06:00:00Z
Nebraska,10000000,Mining and logging,1039,Confidential,Confidential,Confidential,No,No,2018-12-01T06:00:00Z
Nebraska,15000000,Natural Resources and Mining and Constru,52839,40.2,$26.17,"$1,052.03",No,No,2018-12-01T06:00:00Z
Nebraska,20000000,Construction,51800,Confidential,Confidential,Confidential,No,No,2018-12-01T06:00:00Z
Nebraska,30000000,Manufacturing,100219,39.9,$23.43,$934.86,No,No,2018-12-01T06:00:00Z
Nebraska,31000000,Durable goods,45174,Confidential,Confidential,Confidential,No,No,2018-12-01T06:00:00Z
Nebraska,32000000,Nondurable goods,55045,Confidential,Confidential,Confidential,No,No,2018-12-01T06:00:00Z
Nebraska,40000000,"Trade, transportation, and utilities",206296,32.1,$21.34,$685.01,No,No,2018-12-01T06:00:00Z
Nebraska,41000000,Wholesale Trade,40193,Confidential,Confidential,Confidential,No,No,2018-12-01T06:00:00Z
Nebraska,42000000,Retail trade,110829,Confidential,Confidential,Confidential,No,No,2018-12-01T06:00:00Z
Nebraska,43000000,Transportation and warehousing,55274,Confidential,Confidential,Confidential,No,No,2018-12-01T06:00:00Z
Nebraska,50000000,Information,17437,Confidential,Confidential,Confidential,No,No,2018-12-01T06:00:00Z
Nebraska,55000000,Financial activities,74863,39.4,$31.05,"$1,223.37",No,No,2018-12-01T06:00:00Z
Nebraska,60000000,Professional and business services,119042,35.5,$30.42,"$1,079.91",No,No,2018-12-01T06:00:00Z
Nebraska,65000000,Education and health services,157423,31.8,$25.81,$820.76,No,No,2018-12-01T06:00:00Z
Nebraska,70000000,Leisure and hospitality,90632,22.9,$14.25,$326.33,No,No,2018-12-01T06:00:00Z
Nebraska,80000000,Other services,36926,Confidential,Confidential,Confidential,No,No,2018-12-01T06:00:00Z
Nebraska,90000000,Government,174876,Confidential,Confidential,Confidential,No,No,2018-12-01T06:00:00Z
Nebraska,06000000,Goods-producing,149113,39.6,$24.13,$955.55,No,No,2019-01-01T06:00:00Z
Nebraska,07000000,Service-providing,860794,Confidential,Confidential,Confidential,No,No,2019-01-01T06:00:00Z
Nebraska,08000000,Private service-providing,688259,31.7,$25.65,$813.11,No,No,2019-01-01T06:00:00Z
Nebraska,10000000,Mining and logging,981,Confidential,Confidential,Confidential,No,No,2019-01-01T06:00:00Z
Nebraska,15000000,Natural Resources and Mining and Constru,49786,38.8,$25.13,$975.04,No,No,2019-01-01T06:00:00Z
Nebraska,20000000,Construction,48805,Confidential,Confidential,Confidential,No,No,2019-01-01T06:00:00Z
Nebraska,30000000,Manufacturing,99327,40.0,$23.64,$945.60,No,No,2019-01-01T06:00:00Z
Nebraska,31000000,Durable goods,44909,Confidential,Confidential,Confidential,No,No,2019-01-01T06:00:00Z
Nebraska,32000000,Nondurable goods,54418,Confidential,Confidential,Confidential,No,No,2019-01-01T06:00:00Z
Nebraska,40000000,"Trade, transportation, and utilities",198606,30.9,$21.86,$675.47,No,No,2019-01-01T06:00:00Z
Nebraska,41000000,Wholesale Trade,39499,Confidential,Confidential,Confidential,No,No,2019-01-01T06:00:00Z
Nebraska,42000000,Retail trade,105937,Confidential,Confidential,Confidential,No,No,2019-01-01T06:00:00Z
Nebraska,43000000,Transportation and warehousing,53170,Confidential,Confidential,Confidential,No,No,2019-01-01T06:00:00Z
Nebraska,50000000,Information,17400,Confidential,Confidential,Confidential,No,No,2019-01-01T06:00:00Z
Nebraska,55000000,Financial activities,74184,39.5,$30.14,"$1,190.53",No,No,2019-01-01T06:00:00Z
Nebraska,60000000,Professional and business services,116807,34.6,$30.58,"$1,058.07",No,No,2019-01-01T06:00:00Z
Nebraska,65000000,Education and health services,155618,31.0,$25.90,$802.90,No,No,2019-01-01T06:00:00Z
Nebraska,70000000,Leisure and hospitality,88945,21.8,$14.11,$307.60,No,No,2019-01-01T06:00:00Z
Nebraska,80000000,Other services,36699,Confidential,Confidential,Confidential,No,No,2019-01-01T06:00:00Z
Nebraska,90000000,Government,172535,Confidential,Confidential,Confidential,No,No,2019-01-01T06:00:00Z
Nebraska,06000000,Goods-producing,148760,38.2,$24.20,$924.44,No,No,2019-02-01T06:00:00Z
Nebraska,07000000,Service-providing,861667,Confidential,Confidential,Confidential,No,No,2019-02-01T06:00:00Z
Nebraska,08000000,Private service-providing,688191,31.8,$25.94,$824.89,No,No,2019-02-01T06:00:00Z
Nebraska,10000000,Mining and logging,974,Confidential,Confidential,Confidential,No,No,2019-02-01T06:00:00Z
Nebraska,15000000,Natural Resources and Mining and Constru,49088,37.5,$25.05,$939.38,No,No,2019-02-01T06:00:00Z
Nebraska,20000000,Construction,48114,Confidential,Confidential,Confidential,No,No,2019-02-01T06:00:00Z
Nebraska,30000000,Manufacturing,99672,38.6,$23.80,$918.68,No,No,2019-02-01T06:00:00Z
Nebraska,31000000,Durable goods,45017,Confidential,Confidential,Confidential,No,No,2019-02-01T06:00:00Z
Nebraska,32000000,Nondurable goods,54655,Confidential,Confidential,Confidential,No,No,2019-02-01T06:00:00Z
Nebraska,40000000,"Trade, transportation, and utilities",196565,31.6,$22.21,$701.84,No,No,2019-02-01T06:00:00Z
Nebraska,41000000,Wholesale Trade,39438,Confidential,Confidential,Confidential,No,No,2019-02-01T06:00:00Z
Nebraska,42000000,Retail trade,104601,Confidential,Confidential,Confidential,No,No,2019-02-01T06:00:00Z
Nebraska,43000000,Transportation and warehousing,52526,Confidential,Confidential,Confidential,No,No,2019-02-01T06:00:00Z
Nebraska,50000000,Information,17384,Confidential,Confidential,Confidential,No,No,2019-02-01T06:00:00Z
Nebraska,55000000,Financial activities,74150,39.4,$31.57,"$1,243.86",No,No,2019-02-01T06:00:00Z
Nebraska,60000000,Professional and business services,116863,34.5,$30.20,"$1,041.90",No,No,2019-02-01T06:00:00Z
Nebraska,65000000,Education and health services,157067,31.2,$26.03,$812.14,No,No,2019-02-01T06:00:00Z
Nebraska,70000000,Leisure and hospitality,89297,21.8,$14.21,$309.78,No,No,2019-02-01T06:00:00Z
Nebraska,80000000,Other services,36865,Confidential,Confidential,Confidential,No,No,2019-02-01T06:00:00Z
Nebraska,90000000,Government,173476,Confidential,Confidential,Confidential,No,No,2019-02-01T06:00:00Z
Nebraska,06000000,Goods-producing,149203,38.0,$23.97,$910.86,No,No,2019-03-01T06:00:00Z
Nebraska,07000000,Service-providing,863160,Confidential,Confidential,Confidential,No,No,2019-03-01T06:00:00Z
Nebraska,08000000,Private service-providing,689777,31.6,$25.85,$816.86,No,No,2019-03-01T06:00:00Z
Nebraska,10000000,Mining and logging,990,Confidential,Confidential,Confidential,No,No,2019-03-01T06:00:00Z
Nebraska,15000000,Natural Resources and Mining and Constru,49295,37.5,$24.88,$933.00,No,No,2019-03-01T06:00:00Z
Nebraska,20000000,Construction,48305,Confidential,Confidential,Confidential,No,No,2019-03-01T06:00:00Z
Nebraska,30000000,Manufacturing,99908,38.3,$23.53,$901.20,No,No,2019-03-01T06:00:00Z
Nebraska,31000000,Durable goods,45237,Confidential,Confidential,Confidential,No,No,2019-03-01T06:00:00Z
Nebraska,32000000,Nondurable goods,54671,Confidential,Confidential,Confidential,No,No,2019-03-01T06:00:00Z
Nebraska,40000000,"Trade, transportation, and utilities",196445,31.2,$22.16,$691.39,No,No,2019-03-01T06:00:00Z
Nebraska,41000000,Wholesale Trade,39701,Confidential,Confidential,Confidential,No,No,2019-03-01T06:00:00Z
Nebraska,42000000,Retail trade,104229,Confidential,Confidential,Confidential,No,No,2019-03-01T06:00:00Z
Nebraska,43000000,Transportation and warehousing,52515,Confidential,Confidential,Confidential,No,No,2019-03-01T06:00:00Z
Nebraska,50000000,Information,17313,Confidential,Confidential,Confidential,No,No,2019-03-01T06:00:00Z
Nebraska,55000000,Financial activities,74282,38.9,$31.06,"$1,208.23",No,No,2019-03-01T06:00:00Z
Nebraska,60000000,Professional and business services,116835,34.8,$30.33,"$1,055.48",No,No,2019-03-01T06:00:00Z
Nebraska,65000000,Education and health services,157240,30.9,$25.91,$800.62,No,No,2019-03-01T06:00:00Z
Nebraska,70000000,Leisure and hospitality,90816,22.1,$14.35,$317.14,No,No,2019-03-01T06:00:00Z
Nebraska,80000000,Other services,36846,Confidential,Confidential,Confidential,No,No,2019-03-01T06:00:00Z
Nebraska,90000000,Government,173383,Confidential,Confidential,Confidential,No,No,2019-03-01T06:00:00Z
Nebraska,06000000,Goods-producing,153197,40.0,$23.97,$958.80,No,No,2019-04-01T05:00:00Z
Nebraska,07000000,Service-providing,871336,Confidential,Confidential,Confidential,No,No,2019-04-01T05:00:00Z
Nebraska,08000000,Private service-providing,696301,32.1,$25.78,$827.54,No,No,2019-04-01T05:00:00Z
Nebraska,10000000,Mining and logging,1060,Confidential,Confidential,Confidential,No,No,2019-04-01T05:00:00Z
Nebraska,15000000,Natural Resources and Mining and Constru,53889,39.5,$25.15,$993.43,No,No,2019-04-01T05:00:00Z
Nebraska,20000000,Construction,52829,Confidential,Confidential,Confidential,No,No,2019-04-01T05:00:00Z
Nebraska,30000000,Manufacturing,99308,40.2,$23.34,$938.27,No,No,2019-04-01T05:00:00Z
Nebraska,31000000,Durable goods,45036,Confidential,Confidential,Confidential,No,No,2019-04-01T05:00:00Z
Nebraska,32000000,Nondurable goods,54272,Confidential,Confidential,Confidential,No,No,2019-04-01T05:00:00Z
Nebraska,40000000,"Trade, transportation, and utilities",197684,31.9,$21.79,$695.10,No,No,2019-04-01T05:00:00Z
Nebraska,41000000,Wholesale Trade,40284,Confidential,Confidential,Confidential,No,No,2019-04-01T05:00:00Z
Nebraska,42000000,Retail trade,104850,Confidential,Confidential,Confidential,No,No,2019-04-01T05:00:00Z
Nebraska,43000000,Transportation and warehousing,52550,Confidential,Confidential,Confidential,No,No,2019-04-01T05:00:00Z
Nebraska,50000000,Information,17337,Confidential,Confidential,Confidential,No,No,2019-04-01T05:00:00Z
Nebraska,55000000,Financial activities,74386,38.6,$31.29,"$1,207.79",No,No,2019-04-01T05:00:00Z
Nebraska,60000000,Professional and business services,119466,35.1,$30.04,"$1,054.40",No,No,2019-04-01T05:00:00Z
Nebraska,65000000,Education and health services,156846,31.5,$26.08,$821.52,No,No,2019-04-01T05:00:00Z
Nebraska,70000000,Leisure and hospitality,93576,22.7,$14.24,$323.25,No,No,2019-04-01T05:00:00Z
Nebraska,80000000,Other services,37006,Confidential,Confidential,Confidential,No,No,2019-04-01T05:00:00Z
Nebraska,90000000,Government,175035,Confidential,Confidential,Confidential,No,No,2019-04-01T05:00:00Z
Nebraska,06000000,Goods-producing,155348,40.2,$23.91,$961.18,No,No,2019-05-01T05:00:00Z
Nebraska,07000000,Service-providing,880838,Confidential,Confidential,Confidential,No,No,2019-05-01T05:00:00Z
Nebraska,08000000,Private service-providing,702955,31.9,$25.63,$817.60,No,No,2019-05-01T05:00:00Z
Nebraska,10000000,Mining and logging,1058,Confidential,Confidential,Confidential,No,No,2019-05-01T05:00:00Z
Nebraska,15000000,Natural Resources and Mining and Constru,55966,39.4,$24.24,$955.06,No,No,2019-05-01T05:00:00Z
Nebraska,20000000,Construction,54908,Confidential,Confidential,Confidential,No,No,2019-05-01T05:00:00Z
Nebraska,30000000,Manufacturing,99382,40.7,$23.73,$965.81,No,No,2019-05-01T05:00:00Z
Nebraska,31000000,Durable goods,45221,Confidential,Confidential,Confidential,No,No,2019-05-01T05:00:00Z
Nebraska,32000000,Nondurable goods,54161,Confidential,Confidential,Confidential,No,No,2019-05-01T05:00:00Z
Nebraska,40000000,"Trade, transportation, and utilities",198730,32.1,$22.08,$708.77,No,No,2019-05-01T05:00:00Z
Nebraska,41000000,Wholesale Trade,40676,Confidential,Confidential,Confidential,No,No,2019-05-01T05:00:00Z
Nebraska,42000000,Retail trade,105429,Confidential,Confidential,Confidential,No,No,2019-05-01T05:00:00Z
Nebraska,43000000,Transportation and warehousing,52625,Confidential,Confidential,Confidential,No,No,2019-05-01T05:00:00Z
Nebraska,50000000,Information,17249,Confidential,Confidential,Confidential,No,No,2019-05-01T05:00:00Z
Nebraska,55000000,Financial activities,74891,37.9,$31.57,"$1,196.50",No,No,2019-05-01T05:00:00Z
Nebraska,60000000,Professional and business services,119960,35.2,$29.99,"$1,055.65",No,No,2019-05-01T05:00:00Z
Nebraska,65000000,Education and health services,158027,31.6,$25.60,$808.96,No,No,2019-05-01T05:00:00Z
Nebraska,70000000,Leisure and hospitality,96748,22.5,$14.23,$320.18,No,No,2019-05-01T05:00:00Z
Nebraska,80000000,Other services,37350,Confidential,Confidential,Confidential,No,No,2019-05-01T05:00:00Z
Nebraska,90000000,Government,177883,Confidential,Confidential,Confidential,No,No,2019-05-01T05:00:00Z
Nebraska,06000000,Goods-producing,157259,40.9,$23.95,$979.56,No,No,2019-06-01T05:00:00Z
Nebraska,07000000,Service-providing,877743,Confidential,Confidential,Confidential,No,No,2019-06-01T05:00:00Z
Nebraska,08000000,Private service-providing,703329,33.0,$26.01,$858.33,No,No,2019-06-01T05:00:00Z
Nebraska,10000000,Mining and logging,1098,Confidential,Confidential,Confidential,No,No,2019-06-01T05:00:00Z
Nebraska,15000000,Natural Resources and Mining and Constru,57488,40.7,$24.33,$990.23,No,No,2019-06-01T05:00:00Z
Nebraska,20000000,Construction,56390,Confidential,Confidential,Confidential,No,No,2019-06-01T05:00:00Z
Nebraska,30000000,Manufacturing,99771,41.0,$23.73,$972.93,No,No,2019-06-01T05:00:00Z
Nebraska,31000000,Durable goods,45589,Confidential,Confidential,Confidential,No,No,2019-06-01T05:00:00Z
Nebraska,32000000,Nondurable goods,54182,Confidential,Confidential,Confidential,No,No,2019-06-01T05:00:00Z
Nebraska,40000000,"Trade, transportation, and utilities",198225,32.6,$21.79,$710.35,No,No,2019-06-01T05:00:00Z
Nebraska,41000000,Wholesale Trade,40787,Confidential,Confidential,Confidential,No,No,2019-06-01T05:00:00Z
Nebraska,42000000,Retail trade,105003,Confidential,Confidential,Confidential,No,No,2019-06-01T05:00:00Z
Nebraska,43000000,Transportation and warehousing,52435,Confidential,Confidential,Confidential,No,No,2019-06-01T05:00:00Z
Nebraska,50000000,Information,17460,Confidential,Confidential,Confidential,No,No,2019-06-01T05:00:00Z
Nebraska,55000000,Financial activities,75359,39.6,$32.18,"$1,274.33",No,No,2019-06-01T05:00:00Z
Nebraska,60000000,Professional and business services,121049,36.2,$30.37,"$1,099.39",No,No,2019-06-01T05:00:00Z
Nebraska,65000000,Education and health services,155599,32.6,$25.66,$836.52,No,No,2019-06-01T05:00:00Z
Nebraska,70000000,Leisure and hospitality,98112,24.3,$14.24,$346.03,No,No,2019-06-01T05:00:00Z
Nebraska,80000000,Other services,37525,Confidential,Confidential,Confidential,No,No,2019-06-01T05:00:00Z
Nebraska,90000000,Government,174414,Confidential,Confidential,Confidential,No,No,2019-06-01T05:00:00Z
Nebraska,06000000,Goods-producing,158030,40.7,$23.94,$974.36,No,No,2019-07-01T05:00:00Z
Nebraska,07000000,Service-providing,868164,Confidential,Confidential,Confidential,No,No,2019-07-01T05:00:00Z
Nebraska,08000000,Private service-providing,702443,32.5,$25.93,$842.73,No,No,2019-07-01T05:00:00Z
Nebraska,10000000,Mining and logging,1076,Confidential,Confidential,Confidential,No,No,2019-07-01T05:00:00Z
Nebraska,15000000,Natural Resources and Mining and Constru,58086,40.5,$24.64,$997.92,No,No,2019-07-01T05:00:00Z
Nebraska,20000000,Construction,57010,Confidential,Confidential,Confidential,No,No,2019-07-01T05:00:00Z
Nebraska,30000000,Manufacturing,99944,40.9,$23.53,$962.38,No,No,2019-07-01T05:00:00Z
Nebraska,31000000,Durable goods,45685,Confidential,Confidential,Confidential,No,No,2019-07-01T05:00:00Z
Nebraska,32000000,Nondurable goods,54259,Confidential,Confidential,Confidential,No,No,2019-07-01T05:00:00Z
Nebraska,40000000,"Trade, transportation, and utilities",197828,31.8,$21.64,$688.15,No,No,2019-07-01T05:00:00Z
Nebraska,41000000,Wholesale Trade,40923,Confidential,Confidential,Confidential,No,No,2019-07-01T05:00:00Z
Nebraska,42000000,Retail trade,104682,Confidential,Confidential,Confidential,No,No,2019-07-01T05:00:00Z
Nebraska,43000000,Transportation and warehousing,52223,Confidential,Confidential,Confidential,No,No,2019-07-01T05:00:00Z
Nebraska,50000000,Information,17264,Confidential,Confidential,Confidential,No,No,2019-07-01T05:00:00Z
Nebraska,55000000,Financial activities,75509,38.4,$32.06,"$1,231.10",No,No,2019-07-01T05:00:00Z
Nebraska,60000000,Professional and business services,121480,35.6,$30.69,"$1,092.56",No,No,2019-07-01T05:00:00Z
Nebraska,65000000,Education and health services,156075,32.1,$25.83,$829.14,No,No,2019-07-01T05:00:00Z
Nebraska,70000000,Leisure and hospitality,96743,23.9,$14.26,$340.81,No,No,2019-07-01T05:00:00Z
Nebraska,80000000,Other services,37544,Confidential,Confidential,Confidential,No,No,2019-07-01T05:00:00Z
Nebraska,90000000,Government,165721,Confidential,Confidential,Confidential,No,No,2019-07-01T05:00:00Z
Nebraska,06000000,Goods-producing,157789,40.6,$24.22,$983.33,No,No,2019-08-01T05:00:00Z
Nebraska,07000000,Service-providing,870359,Confidential,Confidential,Confidential,No,No,2019-08-01T05:00:00Z
Nebraska,08000000,Private service-providing,703460,32.0,$26.23,$839.36,No,No,2019-08-01T05:00:00Z
Nebraska,10000000,Mining and logging,1089,Confidential,Confidential,Confidential,No,No,2019-08-01T05:00:00Z
Nebraska,15000000,Natural Resources and Mining and Constru,57923,40.1,$24.77,$993.28,No,No,2019-08-01T05:00:00Z
Nebraska,20000000,Construction,56834,Confidential,Confidential,Confidential,No,No,2019-08-01T05:00:00Z
Nebraska,30000000,Manufacturing,99866,40.8,$23.91,$975.53,No,No,2019-08-01T05:00:00Z
Nebraska,31000000,Durable goods,45441,Confidential,Confidential,Confidential,No,No,2019-08-01T05:00:00Z
Nebraska,32000000,Nondurable goods,54425,Confidential,Confidential,Confidential,No,No,2019-08-01T05:00:00Z
Nebraska,40000000,"Trade, transportation, and utilities",197918,31.7,$22.02,$698.03,No,No,2019-08-01T05:00:00Z
Nebraska,41000000,Wholesale Trade,40562,Confidential,Confidential,Confidential,No,No,2019-08-01T05:00:00Z
Nebraska,42000000,Retail trade,104786,Confidential,Confidential,Confidential,No,No,2019-08-01T05:00:00Z
Nebraska,43000000,Transportation and warehousing,52570,Confidential,Confidential,Confidential,No,No,2019-08-01T05:00:00Z
Nebraska,50000000,Information,17239,Confidential,Confidential,Confidential,No,No,2019-08-01T05:00:00Z
Nebraska,55000000,Financial activities,75390,38.1,$33.25,"$1,266.83",No,No,2019-08-01T05:00:00Z
Nebraska,60000000,Professional and business services,121287,35.7,$30.87,"$1,102.06",No,No,2019-08-01T05:00:00Z
Nebraska,65000000,Education and health services,156393,32.0,$25.93,$829.76,No,No,2019-08-01T05:00:00Z
Nebraska,70000000,Leisure and hospitality,97838,23.5,$14.41,$338.64,No,No,2019-08-01T05:00:00Z
Nebraska,80000000,Other services,37395,Confidential,Confidential,Confidential,No,No,2019-08-01T05:00:00Z
Nebraska,90000000,Government,166899,Confidential,Confidential,Confidential,No,No,2019-08-01T05:00:00Z
Nebraska,06000000,Goods-producing,157205,41.1,$24.30,$998.73,No,No,2019-09-01T05:00:00Z
Nebraska,07000000,Service-providing,872355,Confidential,Confidential,Confidential,No,No,2019-09-01T05:00:00Z
Nebraska,08000000,Private service-providing,698812,32.5,$26.54,$862.55,No,No,2019-09-01T05:00:00Z
Nebraska,10000000,Mining and logging,1073,Confidential,Confidential,Confidential,No,No,2019-09-01T05:00:00Z
Nebraska,15000000,Natural Resources and Mining and Constru,57280,41.0,$24.94,"$1,022.54",No,No,2019-09-01T05:00:00Z
Nebraska,20000000,Construction,56207,Confidential,Confidential,Confidential,No,No,2019-09-01T05:00:00Z
Nebraska,30000000,Manufacturing,99925,41.2,$23.94,$986.33,No,No,2019-09-01T05:00:00Z
Nebraska,31000000,Durable goods,45147,Confidential,Confidential,Confidential,No,No,2019-09-01T05:00:00Z
Nebraska,32000000,Nondurable goods,54778,Confidential,Confidential,Confidential,No,No,2019-09-01T05:00:00Z
Nebraska,40000000,"Trade, transportation, and utilities",195814,31.5,$22.63,$712.85,No,No,2019-09-01T05:00:00Z
Nebraska,41000000,Wholesale Trade,40034,Confidential,Confidential,Confidential,No,No,2019-09-01T05:00:00Z
Nebraska,42000000,Retail trade,103573,Confidential,Confidential,Confidential,No,No,2019-09-01T05:00:00Z
Nebraska,43000000,Transportation and warehousing,52207,Confidential,Confidential,Confidential,No,No,2019-09-01T05:00:00Z
Nebraska,50000000,Information,17088,Confidential,Confidential,Confidential,No,No,2019-09-01T05:00:00Z
Nebraska,55000000,Financial activities,75173,39.8,$33.55,"$1,335.29",No,No,2019-09-01T05:00:00Z
Nebraska,60000000,Professional and business services,121301,36.4,$31.01,"$1,128.76",No,No,2019-09-01T05:00:00Z
Nebraska,65000000,Education and health services,156913,32.7,$25.89,$846.60,No,No,2019-09-01T05:00:00Z
Nebraska,70000000,Leisure and hospitality,95167,23.5,$14.68,$344.98,No,No,2019-09-01T05:00:00Z
Nebraska,80000000,Other services,37356,Confidential,Confidential,Confidential,No,No,2019-09-01T05:00:00Z
Nebraska,90000000,Government,173543,Confidential,Confidential,Confidential,No,No,2019-09-01T05:00:00Z
Nebraska,06000000,Goods-producing,157236,40.0,$24.43,$977.20,No,No,2019-10-01T05:00:00Z
Nebraska,07000000,Service-providing,878096,Confidential,Confidential,Confidential,No,No,2019-10-01T05:00:00Z
Nebraska,08000000,Private service-providing,700953,32.1,$26.49,$850.33,No,No,2019-10-01T05:00:00Z
Nebraska,10000000,Mining and logging,1056,Confidential,Confidential,Confidential,No,No,2019-10-01T05:00:00Z
Nebraska,15000000,Natural Resources and Mining and Constru,57391,38.9,$25.14,$977.95,No,No,2019-10-01T05:00:00Z
Nebraska,20000000,Construction,56335,Confidential,Confidential,Confidential,No,No,2019-10-01T05:00:00Z
Nebraska,30000000,Manufacturing,99845,40.7,$24.04,$978.43,No,No,2019-10-01T05:00:00Z
Nebraska,31000000,Durable goods,44975,Confidential,Confidential,Confidential,No,No,2019-10-01T05:00:00Z
Nebraska,32000000,Nondurable goods,54870,Confidential,Confidential,Confidential,No,No,2019-10-01T05:00:00Z
Nebraska,40000000,"Trade, transportation, and utilities",197115,31.4,$23.16,$727.22,No,No,2019-10-01T05:00:00Z
Nebraska,41000000,Wholesale Trade,40194,Confidential,Confidential,Confidential,No,No,2019-10-01T05:00:00Z
Nebraska,42000000,Retail trade,104550,Confidential,Confidential,Confidential,No,No,2019-10-01T05:00:00Z
Nebraska,43000000,Transportation and warehousing,52371,Confidential,Confidential,Confidential,No,No,2019-10-01T05:00:00Z
Nebraska,50000000,Information,17060,Confidential,Confidential,Confidential,No,No,2019-10-01T05:00:00Z
Nebraska,55000000,Financial activities,75489,38.5,$32.38,"$1,246.63",No,No,2019-10-01T05:00:00Z
Nebraska,60000000,Professional and business services,122151,36.2,$30.70,"$1,111.34",No,No,2019-10-01T05:00:00Z
Nebraska,65000000,Education and health services,156819,32.1,$26.06,$836.53,No,No,2019-10-01T05:00:00Z
Nebraska,70000000,Leisure and hospitality,95029,23.0,$14.82,$340.86,No,No,2019-10-01T05:00:00Z
Nebraska,80000000,Other services,37290,Confidential,Confidential,Confidential,No,No,2019-10-01T05:00:00Z
Nebraska,90000000,Government,177143,Confidential,Confidential,Confidential,No,No,2019-10-01T05:00:00Z
Nebraska,06000000,Goods-producing,157228,39.8,$24.84,$988.63,No,No,2019-11-01T05:00:00Z
Nebraska,07000000,Service-providing,881544,Confidential,Confidential,Confidential,No,No,2019-11-01T05:00:00Z
Nebraska,08000000,Private service-providing,703287,32.2,$26.49,$852.98,No,No,2019-11-01T05:00:00Z
Nebraska,10000000,Mining and logging,1021,Confidential,Confidential,Confidential,No,No,2019-11-01T05:00:00Z
Nebraska,15000000,Natural Resources and Mining and Constru,56771,38.5,$25.61,$985.99,No,No,2019-11-01T05:00:00Z
Nebraska,20000000,Construction,55750,Confidential,Confidential,Confidential,No,No,2019-11-01T05:00:00Z
Nebraska,30000000,Manufacturing,100457,40.6,$24.43,$991.86,No,No,2019-11-01T05:00:00Z
Nebraska,31000000,Durable goods,45141,Confidential,Confidential,Confidential,No,No,2019-11-01T05:00:00Z
Nebraska,32000000,Nondurable goods,55316,Confidential,Confidential,Confidential,No,No,2019-11-01T05:00:00Z
Nebraska,40000000,"Trade, transportation, and utilities",201297,31.2,$22.62,$705.74,No,No,2019-11-01T05:00:00Z
Nebraska,41000000,Wholesale Trade,40231,Confidential,Confidential,Confidential,No,No,2019-11-01T05:00:00Z
Nebraska,42000000,Retail trade,107699,Confidential,Confidential,Confidential,No,No,2019-11-01T05:00:00Z
Nebraska,43000000,Transportation and warehousing,53367,Confidential,Confidential,Confidential,No,No,2019-11-01T05:00:00Z
Nebraska,50000000,Information,17165,Confidential,Confidential,Confidential,No,No,2019-11-01T05:00:00Z
Nebraska,55000000,Financial activities,75488,38.7,$33.37,"$1,291.42",No,No,2019-11-01T05:00:00Z
Nebraska,60000000,Professional and business services,122077,36.1,$30.55,"$1,102.86",No,No,2019-11-01T05:00:00Z
Nebraska,65000000,Education and health services,157314,32.5,$25.84,$839.80,No,No,2019-11-01T05:00:00Z
Nebraska,70000000,Leisure and hospitality,92680,23.4,$14.76,$345.38,No,No,2019-11-01T05:00:00Z
Nebraska,80000000,Other services,37266,Confidential,Confidential,Confidential,No,No,2019-11-01T05:00:00Z
Nebraska,90000000,Government,178257,Confidential,Confidential,Confidential,No,No,2019-11-01T05:00:00Z
Nebraska,06000000,Goods-producing,155831,40.0,$25.45,"$1,018.00",No,No,2019-12-01T06:00:00Z
Nebraska,07000000,Service-providing,880443,Confidential,Confidential,Confidential,No,No,2019-12-01T06:00:00Z
Nebraska,08000000,Private service-providing,704038,32.5,$26.66,$866.45,No,No,2019-12-01T06:00:00Z
Nebraska,10000000,Mining and logging,1014,Confidential,Confidential,Confidential,No,No,2019-12-01T06:00:00Z
Nebraska,15000000,Natural Resources and Mining and Constru,55606,38.8,$26.12,"$1,013.46",No,No,2019-12-01T06:00:00Z
Nebraska,20000000,Construction,54592,Confidential,Confidential,Confidential,No,No,2019-12-01T06:00:00Z
Nebraska,30000000,Manufacturing,100225,40.7,$25.10,"$1,021.57",No,No,2019-12-01T06:00:00Z
Nebraska,31000000,Durable goods,45070,Confidential,Confidential,Confidential,No,No,2019-12-01T06:00:00Z
Nebraska,32000000,Nondurable goods,55155,Confidential,Confidential,Confidential,No,No,2019-12-01T06:00:00Z
Nebraska,40000000,"Trade, transportation, and utilities",202445,31.2,$22.56,$703.87,No,No,2019-12-01T06:00:00Z
Nebraska,41000000,Wholesale Trade,40515,Confidential,Confidential,Confidential,No,No,2019-12-01T06:00:00Z
Nebraska,42000000,Retail trade,108142,Confidential,Confidential,Confidential,No,No,2019-12-01T06:00:00Z
Nebraska,43000000,Transportation and warehousing,53788,Confidential,Confidential,Confidential,No,No,2019-12-01T06:00:00Z
Nebraska,50000000,Information,17233,Confidential,Confidential,Confidential,No,No,2019-12-01T06:00:00Z
Nebraska,55000000,Financial activities,75729,39.7,$34.38,"$1,364.89",No,No,2019-12-01T06:00:00Z
Nebraska,60000000,Professional and business services,122401,36.4,$30.69,"$1,117.12",No,No,2019-12-01T06:00:00Z
Nebraska,65000000,Education and health services,157085,32.8,$25.87,$848.54,No,No,2019-12-01T06:00:00Z
Nebraska,70000000,Leisure and hospitality,91765,23.2,$15.04,$348.93,No,No,2019-12-01T06:00:00Z
Nebraska,80000000,Other services,37380,Confidential,Confidential,Confidential,No,No,2019-12-01T06:00:00Z
Nebraska,90000000,Government,176405,Confidential,Confidential,Confidential,No,No,2019-12-01T06:00:00Z
Nebraska,06000000,Goods-producing,152143,39.0,$24.97,$973.83,No,No,2020-01-01T06:00:00Z
Nebraska,07000000,Service-providing,864464,Confidential,Confidential,Confidential,No,No,2020-01-01T06:00:00Z
Nebraska,08000000,Private service-providing,690059,31.8,$26.70,$849.06,No,No,2020-01-01T06:00:00Z
Nebraska,10000000,Mining and logging,929,Confidential,Confidential,Confidential,No,No,2020-01-01T06:00:00Z
Nebraska,15000000,Natural Resources and Mining and Constru,52780,37.3,$26.41,$985.09,No,No,2020-01-01T06:00:00Z
Nebraska,20000000,Construction,51851,Confidential,Confidential,Confidential,No,No,2020-01-01T06:00:00Z
Nebraska,30000000,Manufacturing,99363,39.8,$24.26,$965.55,No,No,2020-01-01T06:00:00Z
Nebraska,31000000,Durable goods,44735,Confidential,Confidential,Confidential,No,No,2020-01-01T06:00:00Z
Nebraska,32000000,Nondurable goods,54628,Confidential,Confidential,Confidential,No,No,2020-01-01T06:00:00Z
Nebraska,40000000,"Trade, transportation, and utilities",195259,30.4,$23.43,$712.27,No,No,2020-01-01T06:00:00Z
Nebraska,41000000,Wholesale Trade,40020,Confidential,Confidential,Confidential,No,No,2020-01-01T06:00:00Z
Nebraska,42000000,Retail trade,103568,Confidential,Confidential,Confidential,No,No,2020-01-01T06:00:00Z
Nebraska,43000000,Transportation and warehousing,51671,Confidential,Confidential,Confidential,No,No,2020-01-01T06:00:00Z
Nebraska,50000000,Information,17225,Confidential,Confidential,Confidential,No,No,2020-01-01T06:00:00Z
Nebraska,55000000,Financial activities,74937,38.9,$33.18,"$1,290.70",No,No,2020-01-01T06:00:00Z
Nebraska,60000000,Professional and business services,118978,36.0,$30.33,"$1,091.88",No,No,2020-01-01T06:00:00Z
Nebraska,65000000,Education and health services,155932,31.8,$26.02,$827.44,No,No,2020-01-01T06:00:00Z
Nebraska,70000000,Leisure and hospitality,90530,22.7,$15.12,$343.22,No,No,2020-01-01T06:00:00Z
Nebraska,80000000,Other services,37198,Confidential,Confidential,Confidential,No,No,2020-01-01T06:00:00Z
Nebraska,90000000,Government,174405,Confidential,Confidential,Confidential,No,No,2020-01-01T06:00:00Z
Nebraska,06000000,Goods-producing,152050,39.2,$25.33,$992.94,No,No,2020-02-01T06:00:00Z
Nebraska,07000000,Service-providing,866378,Confidential,Confidential,Confidential,No,No,2020-02-01T06:00:00Z
Nebraska,08000000,Private service-providing,690852,32.5,$27.09,$880.43,No,No,2020-02-01T06:00:00Z
Nebraska,10000000,Mining and logging,899,Confidential,Confidential,Confidential,No,No,2020-02-01T06:00:00Z
Nebraska,15000000,Natural Resources and Mining and Constru,52487,37.1,$26.45,$981.30,No,No,2020-02-01T06:00:00Z
Nebraska,20000000,Construction,51588,Confidential,Confidential,Confidential,No,No,2020-02-01T06:00:00Z
Nebraska,30000000,Manufacturing,99563,40.3,$24.79,$999.04,No,No,2020-02-01T06:00:00Z
Nebraska,31000000,Durable goods,44556,Confidential,Confidential,Confidential,No,No,2020-02-01T06:00:00Z
Nebraska,32000000,Nondurable goods,55007,Confidential,Confidential,Confidential,No,No,2020-02-01T06:00:00Z
Nebraska,40000000,"Trade, transportation, and utilities",193730,30.9,$23.31,$720.28,No,No,2020-02-01T06:00:00Z
Nebraska,41000000,Wholesale Trade,39999,Confidential,Confidential,Confidential,No,No,2020-02-01T06:00:00Z
Nebraska,42000000,Retail trade,102789,Confidential,Confidential,Confidential,No,No,2020-02-01T06:00:00Z
Nebraska,43000000,Transportation and warehousing,50942,Confidential,Confidential,Confidential,No,No,2020-02-01T06:00:00Z
Nebraska,50000000,Information,17218,Confidential,Confidential,Confidential,No,No,2020-02-01T06:00:00Z
Nebraska,55000000,Financial activities,74999,39.4,$34.89,"$1,374.67",No,No,2020-02-01T06:00:00Z
Nebraska,60000000,Professional and business services,119426,36.5,$30.81,"$1,124.57",No,No,2020-02-01T06:00:00Z
Nebraska,65000000,Education and health services,157176,32.8,$26.26,$861.33,No,No,2020-02-01T06:00:00Z
Nebraska,70000000,Leisure and hospitality,91056,23.4,$15.10,$353.34,No,No,2020-02-01T06:00:00Z
Nebraska,80000000,Other services,37247,Confidential,Confidential,Confidential,No,No,2020-02-01T06:00:00Z
Nebraska,90000000,Government,175526,Confidential,Confidential,Confidential,No,No,2020-02-01T06:00:00Z
Nebraska,06000000,Goods-producing,153951,39.1,$25.52,$997.83,No,No,2020-03-01T06:00:00Z
Nebraska,07000000,Service-providing,863364,Confidential,Confidential,Confidential,No,No,2020-03-01T06:00:00Z
Nebraska,08000000,Private service-providing,687735,32.4,$27.20,$881.28,No,No,2020-03-01T06:00:00Z
Nebraska,10000000,Mining and logging,925,Confidential,Confidential,Confidential,No,No,2020-03-01T06:00:00Z
Nebraska,15000000,Natural Resources and Mining and Constru,54290,37.9,$26.09,$988.81,No,No,2020-03-01T06:00:00Z
Nebraska,20000000,Construction,53365,Confidential,Confidential,Confidential,No,No,2020-03-01T06:00:00Z
Nebraska,30000000,Manufacturing,99661,39.8,$25.22,"$1,003.76",No,No,2020-03-01T06:00:00Z
Nebraska,31000000,Durable goods,44625,Confidential,Confidential,Confidential,No,No,2020-03-01T06:00:00Z
Nebraska,32000000,Nondurable goods,55036,Confidential,Confidential,Confidential,No,No,2020-03-01T06:00:00Z
Nebraska,40000000,"Trade, transportation, and utilities",193126,31.5,$23.13,$728.60,No,No,2020-03-01T06:00:00Z
Nebraska,41000000,Wholesale Trade,40277,Confidential,Confidential,Confidential,No,No,2020-03-01T06:00:00Z
Nebraska,42000000,Retail trade,102389,Confidential,Confidential,Confidential,No,No,2020-03-01T06:00:00Z
Nebraska,43000000,Transportation and warehousing,50460,Confidential,Confidential,Confidential,No,No,2020-03-01T06:00:00Z
Nebraska,50000000,Information,17126,Confidential,Confidential,Confidential,No,No,2020-03-01T06:00:00Z
Nebraska,55000000,Financial activities,74914,39.2,$34.92,"$1,368.86",No,No,2020-03-01T06:00:00Z
Nebraska,60000000,Professional and business services,119602,36.6,$30.77,"$1,126.18",No,No,2020-03-01T06:00:00Z
Nebraska,65000000,Education and health services,156409,32.7,$26.41,$863.61,No,No,2020-03-01T06:00:00Z
Nebraska,70000000,Leisure and hospitality,89505,22.1,$15.15,$334.82,No,No,2020-03-01T06:00:00Z
Nebraska,80000000,Other services,37053,Confidential,Confidential,Confidential,No,No,2020-03-01T06:00:00Z
Nebraska,90000000,Government,175629,Confidential,Confidential,Confidential,No,No,2020-03-01T06:00:00Z
Nebraska,06000000,Goods-producing,149719,39.2,$25.71,"$1,007.83",No,No,2020-04-01T05:00:00Z
Nebraska,07000000,Service-providing,783901,Confidential,Confidential,Confidential,No,No,2020-04-01T05:00:00Z
Nebraska,08000000,Private service-providing,614585,31.8,$27.86,$885.95,No,No,2020-04-01T05:00:00Z
Nebraska,10000000,Mining and logging,1008,Confidential,Confidential,Confidential,No,No,2020-04-01T05:00:00Z
Nebraska,15000000,Natural Resources and Mining and Constru,55192,38.9,$25.96,"$1,009.84",No,No,2020-04-01T05:00:00Z
Nebraska,20000000,Construction,54184,Confidential,Confidential,Confidential,No,No,2020-04-01T05:00:00Z
Nebraska,30000000,Manufacturing,94527,39.4,$25.57,"$1,007.46",No,No,2020-04-01T05:00:00Z
Nebraska,31000000,Durable goods,41845,Confidential,Confidential,Confidential,No,No,2020-04-01T05:00:00Z
Nebraska,32000000,Nondurable goods,52682,Confidential,Confidential,Confidential,No,No,2020-04-01T05:00:00Z
Nebraska,40000000,"Trade, transportation, and utilities",181282,31.5,$23.67,$745.61,No,No,2020-04-01T05:00:00Z
Nebraska,41000000,Wholesale Trade,39779,Confidential,Confidential,Confidential,No,No,2020-04-01T05:00:00Z
Nebraska,42000000,Retail trade,92097,Confidential,Confidential,Confidential,No,No,2020-04-01T05:00:00Z
Nebraska,43000000,Transportation and warehousing,49406,Confidential,Confidential,Confidential,No,No,2020-04-01T05:00:00Z
Nebraska,50000000,Information,16026,Confidential,Confidential,Confidential,No,No,2020-04-01T05:00:00Z
Nebraska,55000000,Financial activities,74127,38.5,$34.73,"$1,337.11",No,No,2020-04-01T05:00:00Z
Nebraska,60000000,Professional and business services,113760,35.8,$31.58,"$1,130.56",No,No,2020-04-01T05:00:00Z
Nebraska,65000000,Education and health services,145667,31.2,$26.67,$832.10,No,No,2020-04-01T05:00:00Z
Nebraska,70000000,Leisure and hospitality,55254,19.8,$16.08,$318.38,No,No,2020-04-01T05:00:00Z
Nebraska,80000000,Other services,28469,Confidential,Confidential,Confidential,No,No,2020-04-01T05:00:00Z
Nebraska,90000000,Government,169316,Confidential,Confidential,Confidential,No,No,2020-04-01T05:00:00Z
Nebraska,06000000,Goods-producing,151457,39.4,$25.34,$998.40,No,No,2020-05-01T05:00:00Z
Nebraska,07000000,Service-providing,799382,Confidential,Confidential,Confidential,No,No,2020-05-01T05:00:00Z
Nebraska,08000000,Private service-providing,635447,32.4,$27.76,$899.42,No,No,2020-05-01T05:00:00Z
Nebraska,10000000,Mining and logging,1009,Confidential,Confidential,Confidential,No,No,2020-05-01T05:00:00Z
Nebraska,15000000,Natural Resources and Mining and Constru,57299,39.7,$25.85,"$1,026.25",No,No,2020-05-01T05:00:00Z
Nebraska,20000000,Construction,56290,Confidential,Confidential,Confidential,No,No,2020-05-01T05:00:00Z
Nebraska,30000000,Manufacturing,94158,39.2,$25.02,$980.78,No,No,2020-05-01T05:00:00Z
Nebraska,31000000,Durable goods,41684,Confidential,Confidential,Confidential,No,No,2020-05-01T05:00:00Z
Nebraska,32000000,Nondurable goods,52474,Confidential,Confidential,Confidential,No,No,2020-05-01T05:00:00Z
Nebraska,40000000,"Trade, transportation, and utilities",185236,32.4,$23.76,$769.82,No,No,2020-05-01T05:00:00Z
Nebraska,41000000,Wholesale Trade,39837,Confidential,Confidential,Confidential,No,No,2020-05-01T05:00:00Z
Nebraska,42000000,Retail trade,95884,Confidential,Confidential,Confidential,No,No,2020-05-01T05:00:00Z
Nebraska,43000000,Transportation and warehousing,49515,Confidential,Confidential,Confidential,No,No,2020-05-01T05:00:00Z
Nebraska,50000000,Information,15865,Confidential,Confidential,Confidential,No,No,2020-05-01T05:00:00Z
Nebraska,55000000,Financial activities,74097,38.1,$34.91,"$1,330.07",No,No,2020-05-01T05:00:00Z
Nebraska,60000000,Professional and business services,114592,35.8,$31.10,"$1,113.38",No,No,2020-05-01T05:00:00Z
Nebraska,65000000,Education and health services,148537,31.7,$27.29,$865.09,No,No,2020-05-01T05:00:00Z
Nebraska,70000000,Leisure and hospitality,66283,22.4,$15.71,$351.90,No,No,2020-05-01T05:00:00Z
Nebraska,80000000,Other services,30837,Confidential,Confidential,Confidential,No,No,2020-05-01T05:00:00Z
Nebraska,90000000,Government,163935,Confidential,Confidential,Confidential,No,No,2020-05-01T05:00:00Z
Nebraska,06000000,Goods-producing,154545,40.1,$25.26,"$1,012.93",No,No,2020-06-01T05:00:00Z
Nebraska,07000000,Service-providing,815481,Confidential,Confidential,Confidential,No,No,2020-06-01T05:00:00Z
Nebraska,08000000,Private service-providing,653731,32.4,$27.59,$893.92,No,No,2020-06-01T05:00:00Z
Nebraska,10000000,Mining and logging,1034,Confidential,Confidential,Confidential,No,No,2020-06-01T05:00:00Z
Nebraska,15000000,Natural Resources and Mining and Constru,58397,40.7,$25.92,"$1,054.94",No,No,2020-06-01T05:00:00Z
Nebraska,20000000,Construction,57363,Confidential,Confidential,Confidential,No,No,2020-06-01T05:00:00Z
Nebraska,30000000,Manufacturing,96148,39.6,$24.85,$984.06,No,No,2020-06-01T05:00:00Z
Nebraska,31000000,Durable goods,42734,Confidential,Confidential,Confidential,No,No,2020-06-01T05:00:00Z
Nebraska,32000000,Nondurable goods,53414,Confidential,Confidential,Confidential,No,No,2020-06-01T05:00:00Z
Nebraska,40000000,"Trade, transportation, and utilities",189503,31.5,$24.00,$756.00,No,No,2020-06-01T05:00:00Z
Nebraska,41000000,Wholesale Trade,40050,Confidential,Confidential,Confidential,No,No,2020-06-01T05:00:00Z
Nebraska,42000000,Retail trade,100244,Confidential,Confidential,Confidential,No,No,2020-06-01T05:00:00Z
Nebraska,43000000,Transportation and warehousing,49209,Confidential,Confidential,Confidential,No,No,2020-06-01T05:00:00Z
Nebraska,50000000,Information,16021,Confidential,Confidential,Confidential,No,No,2020-06-01T05:00:00Z
Nebraska,55000000,Financial activities,74460,38.1,$35.18,"$1,340.36",No,No,2020-06-01T05:00:00Z
Nebraska,60000000,Professional and business services,115689,35.9,$30.88,"$1,108.59",No,No,2020-06-01T05:00:00Z
Nebraska,65000000,Education and health services,149202,32.3,$27.12,$875.98,No,No,2020-06-01T05:00:00Z
Nebraska,70000000,Leisure and hospitality,75673,23.0,$15.02,$345.46,No,No,2020-06-01T05:00:00Z
Nebraska,80000000,Other services,33183,Confidential,Confidential,Confidential,No,No,2020-06-01T05:00:00Z
Nebraska,90000000,Government,161750,Confidential,Confidential,Confidential,No,No,2020-06-01T05:00:00Z
Nebraska,06000000,Goods-producing,155066,39.7,$25.48,"$1,011.56",No,No,2020-07-01T05:00:00Z
Nebraska,07000000,Service-providing,820417,Confidential,Confidential,Confidential,No,No,2020-07-01T05:00:00Z
Nebraska,08000000,Private service-providing,662377,32.1,$27.57,$885.00,No,No,2020-07-01T05:00:00Z
Nebraska,10000000,Mining and logging,1027,Confidential,Confidential,Confidential,No,No,2020-07-01T05:00:00Z
Nebraska,15000000,Natural Resources and Mining and Constru,58281,40.5,$26.16,"$1,059.48",No,No,2020-07-01T05:00:00Z
Nebraska,20000000,Construction,57254,Confidential,Confidential,Confidential,No,No,2020-07-01T05:00:00Z
Nebraska,30000000,Manufacturing,96785,39.1,$25.06,$979.85,No,No,2020-07-01T05:00:00Z
Nebraska,31000000,Durable goods,42749,Confidential,Confidential,Confidential,No,No,2020-07-01T05:00:00Z
Nebraska,32000000,Nondurable goods,54036,Confidential,Confidential,Confidential,No,No,2020-07-01T05:00:00Z
Nebraska,40000000,"Trade, transportation, and utilities",190503,31.5,$24.25,$763.88,No,No,2020-07-01T05:00:00Z
Nebraska,41000000,Wholesale Trade,40210,Confidential,Confidential,Confidential,No,No,2020-07-01T05:00:00Z
Nebraska,42000000,Retail trade,101073,Confidential,Confidential,Confidential,No,No,2020-07-01T05:00:00Z
Nebraska,43000000,Transportation and warehousing,49220,Confidential,Confidential,Confidential,No,No,2020-07-01T05:00:00Z
Nebraska,50000000,Information,16246,Confidential,Confidential,Confidential,No,No,2020-07-01T05:00:00Z
Nebraska,55000000,Financial activities,74285,38.1,$34.05,"$1,297.31",No,No,2020-07-01T05:00:00Z
Nebraska,60000000,Professional and business services,116350,35.2,$30.77,"$1,083.10",No,No,2020-07-01T05:00:00Z
Nebraska,65000000,Education and health services,150259,32.2,$27.49,$885.18,No,No,2020-07-01T05:00:00Z
Nebraska,70000000,Leisure and hospitality,80558,23.1,$14.94,$345.11,No,No,2020-07-01T05:00:00Z
Nebraska,80000000,Other services,34176,Confidential,Confidential,Confidential,No,No,2020-07-01T05:00:00Z
Nebraska,90000000,Government,158040,Confidential,Confidential,Confidential,No,No,2020-07-01T05:00:00Z
Nebraska,06000000,Goods-producing,155107,40.1,$25.52,"$1,023.35",No,No,2020-08-01T05:00:00Z
Nebraska,07000000,Service-providing,828863,Confidential,Confidential,Confidential,No,No,2020-08-01T05:00:00Z
Nebraska,08000000,Private service-providing,667176,32.7,$27.65,$904.16,No,No,2020-08-01T05:00:00Z
Nebraska,10000000,Mining and logging,1025,Confidential,Confidential,Confidential,No,No,2020-08-01T05:00:00Z
Nebraska,15000000,Natural Resources and Mining and Constru,57747,41.2,$26.45,"$1,089.74",No,No,2020-08-01T05:00:00Z
Nebraska,20000000,Construction,56722,Confidential,Confidential,Confidential,No,No,2020-08-01T05:00:00Z
Nebraska,30000000,Manufacturing,97360,39.4,$24.94,$982.64,No,No,2020-08-01T05:00:00Z
Nebraska,31000000,Durable goods,43063,Confidential,Confidential,Confidential,No,No,2020-08-01T05:00:00Z
Nebraska,32000000,Nondurable goods,54297,Confidential,Confidential,Confidential,No,No,2020-08-01T05:00:00Z
Nebraska,40000000,"Trade, transportation, and utilities",190868,31.9,$24.51,$781.87,No,No,2020-08-01T05:00:00Z
Nebraska,41000000,Wholesale Trade,39640,Confidential,Confidential,Confidential,No,No,2020-08-01T05:00:00Z
Nebraska,42000000,Retail trade,101506,Confidential,Confidential,Confidential,No,No,2020-08-01T05:00:00Z
Nebraska,43000000,Transportation and warehousing,49722,Confidential,Confidential,Confidential,No,No,2020-08-01T05:00:00Z
Nebraska,50000000,Information,16376,Confidential,Confidential,Confidential,No,No,2020-08-01T05:00:00Z
Nebraska,55000000,Financial activities,74266,38.5,$34.49,"$1,327.87",No,No,2020-08-01T05:00:00Z
Nebraska,60000000,Professional and business services,116053,36.2,$30.65,"$1,109.53",No,No,2020-08-01T05:00:00Z
Nebraska,65000000,Education and health services,151709,32.9,$27.47,$903.76,No,No,2020-08-01T05:00:00Z
Nebraska,70000000,Leisure and hospitality,83261,23.2,$15.17,$351.94,No,No,2020-08-01T05:00:00Z
Nebraska,80000000,Other services,34643,Confidential,Confidential,Confidential,No,No,2020-08-01T05:00:00Z
Nebraska,90000000,Government,161687,Confidential,Confidential,Confidential,No,No,2020-08-01T05:00:00Z
Nebraska,06000000,Goods-producing,154914,38.2,$25.60,$977.92,No,No,2020-09-01T05:00:00Z
Nebraska,07000000,Service-providing,835358,Confidential,Confidential,Confidential,No,No,2020-09-01T05:00:00Z
Nebraska,08000000,Private service-providing,665975,31.8,$27.39,$871.00,No,No,2020-09-01T05:00:00Z
Nebraska,10000000,Mining and logging,1000,Confidential,Confidential,Confidential,No,No,2020-09-01T05:00:00Z
Nebraska,15000000,Natural Resources and Mining and Constru,56999,36.9,$26.17,$965.67,No,No,2020-09-01T05:00:00Z
Nebraska,20000000,Construction,55999,Confidential,Confidential,Confidential,No,No,2020-09-01T05:00:00Z
Nebraska,30000000,Manufacturing,97915,39.0,$25.29,$986.31,No,No,2020-09-01T05:00:00Z
Nebraska,31000000,Durable goods,43031,Confidential,Confidential,Confidential,No,No,2020-09-01T05:00:00Z
Nebraska,32000000,Nondurable goods,54884,Confidential,Confidential,Confidential,No,No,2020-09-01T05:00:00Z
Nebraska,40000000,"Trade, transportation, and utilities",190437,31.5,$24.32,$766.08,No,No,2020-09-01T05:00:00Z
Nebraska,41000000,Wholesale Trade,39308,Confidential,Confidential,Confidential,No,No,2020-09-01T05:00:00Z
Nebraska,42000000,Retail trade,101337,Confidential,Confidential,Confidential,No,No,2020-09-01T05:00:00Z
Nebraska,43000000,Transportation and warehousing,49792,Confidential,Confidential,Confidential,No,No,2020-09-01T05:00:00Z
Nebraska,50000000,Information,16554,Confidential,Confidential,Confidential,No,No,2020-09-01T05:00:00Z
Nebraska,55000000,Financial activities,74165,37.8,$33.72,"$1,274.62",No,No,2020-09-01T05:00:00Z
Nebraska,60000000,Professional and business services,115663,35.0,$30.89,"$1,081.15",No,No,2020-09-01T05:00:00Z
Nebraska,65000000,Education and health services,152636,31.6,$28.48,$899.97,No,No,2020-09-01T05:00:00Z
Nebraska,70000000,Leisure and hospitality,81961,22.7,$15.19,$344.81,No,No,2020-09-01T05:00:00Z
Nebraska,80000000,Other services,34559,Confidential,Confidential,Confidential,No,No,2020-09-01T05:00:00Z
Nebraska,90000000,Government,169383,Confidential,Confidential,Confidential,No,No,2020-09-01T05:00:00Z
Nebraska,06000000,Goods-producing,155691,40.1,$25.66,"$1,028.97",No,No,2020-10-01T05:00:00Z
Nebraska,07000000,Service-providing,843688,Confidential,Confidential,Confidential,No,No,2020-10-01T05:00:00Z
Nebraska,08000000,Private service-providing,672669,32.2,$27.11,$872.94,No,No,2020-10-01T05:00:00Z
Nebraska,10000000,Mining and logging,1000,Confidential,Confidential,Confidential,No,No,2020-10-01T05:00:00Z
Nebraska,15000000,Natural Resources and Mining and Constru,57923,40.9,$26.18,"$1,070.76",No,No,2020-10-01T05:00:00Z
Nebraska,20000000,Construction,56923,Confidential,Confidential,Confidential,No,No,2020-10-01T05:00:00Z
Nebraska,30000000,Manufacturing,97768,39.6,$25.34,"$1,003.46",No,No,2020-10-01T05:00:00Z
Nebraska,31000000,Durable goods,42971,Confidential,Confidential,Confidential,No,No,2020-10-01T05:00:00Z
Nebraska,32000000,Nondurable goods,54797,Confidential,Confidential,Confidential,No,No,2020-10-01T05:00:00Z
Nebraska,40000000,"Trade, transportation, and utilities",194045,31.9,$23.92,$763.05,No,No,2020-10-01T05:00:00Z
Nebraska,41000000,Wholesale Trade,39590,Confidential,Confidential,Confidential,No,No,2020-10-01T05:00:00Z
Nebraska,42000000,Retail trade,103574,Confidential,Confidential,Confidential,No,No,2020-10-01T05:00:00Z
Nebraska,43000000,Transportation and warehousing,50881,Confidential,Confidential,Confidential,No,No,2020-10-01T05:00:00Z
Nebraska,50000000,Information,16632,Confidential,Confidential,Confidential,No,No,2020-10-01T05:00:00Z
Nebraska,55000000,Financial activities,74292,37.5,$33.80,"$1,267.50",No,No,2020-10-01T05:00:00Z
Nebraska,60000000,Professional and business services,117157,36.1,$30.34,"$1,095.27",No,No,2020-10-01T05:00:00Z
Nebraska,65000000,Education and health services,153125,32.3,$27.94,$902.46,No,No,2020-10-01T05:00:00Z
Nebraska,70000000,Leisure and hospitality,82419,22.4,$15.12,$338.69,No,No,2020-10-01T05:00:00Z
Nebraska,80000000,Other services,34999,Confidential,Confidential,Confidential,No,No,2020-10-01T05:00:00Z
Nebraska,90000000,Government,171019,Confidential,Confidential,Confidential,No,No,2020-10-01T05:00:00Z
Nebraska,06000000,Goods-producing,155051,38.6,$26.02,"$1,004.37",No,No,2020-11-01T05:00:00Z
Nebraska,07000000,Service-providing,845498,Confidential,Confidential,Confidential,No,No,2020-11-01T05:00:00Z
Nebraska,08000000,Private service-providing,674543,32.5,$27.70,$900.25,No,No,2020-11-01T05:00:00Z
Nebraska,10000000,Mining and logging,987,Confidential,Confidential,Confidential,No,No,2020-11-01T05:00:00Z
Nebraska,15000000,Natural Resources and Mining and Constru,56926,38.2,$26.60,"$1,016.12",No,No,2020-11-01T05:00:00Z
Nebraska,20000000,Construction,55939,Confidential,Confidential,Confidential,No,No,2020-11-01T05:00:00Z
Nebraska,30000000,Manufacturing,98125,38.9,$25.69,$999.34,No,No,2020-11-01T05:00:00Z
Nebraska,31000000,Durable goods,43135,Confidential,Confidential,Confidential,No,No,2020-11-01T05:00:00Z
Nebraska,32000000,Nondurable goods,54990,Confidential,Confidential,Confidential,No,No,2020-11-01T05:00:00Z
Nebraska,40000000,"Trade, transportation, and utilities",196715,32.0,$23.90,$764.80,No,No,2020-11-01T05:00:00Z
Nebraska,41000000,Wholesale Trade,39397,Confidential,Confidential,Confidential,No,No,2020-11-01T05:00:00Z
Nebraska,42000000,Retail trade,105544,Confidential,Confidential,Confidential,No,No,2020-11-01T05:00:00Z
Nebraska,43000000,Transportation and warehousing,51774,Confidential,Confidential,Confidential,No,No,2020-11-01T05:00:00Z
Nebraska,50000000,Information,16806,Confidential,Confidential,Confidential,No,No,2020-11-01T05:00:00Z
Nebraska,55000000,Financial activities,74212,38.9,$34.84,"$1,355.28",No,No,2020-11-01T05:00:00Z
Nebraska,60000000,Professional and business services,116838,36.2,$31.09,"$1,125.46",No,No,2020-11-01T05:00:00Z
Nebraska,65000000,Education and health services,154586,32.3,$28.96,$935.41,No,No,2020-11-01T05:00:00Z
Nebraska,70000000,Leisure and hospitality,80258,22.3,$15.32,$341.64,No,No,2020-11-01T05:00:00Z
Nebraska,80000000,Other services,35128,Confidential,Confidential,Confidential,No,No,2020-11-01T05:00:00Z
Nebraska,90000000,Government,170955,Confidential,Confidential,Confidential,No,No,2020-11-01T05:00:00Z
Nebraska,06000000,Goods-producing,155398,39.4,$26.16,"$1,030.70",No,No,2020-12-01T06:00:00Z
Nebraska,07000000,Service-providing,848266,Confidential,Confidential,Confidential,No,No,2020-12-01T06:00:00Z
Nebraska,08000000,Private service-providing,677318,32.2,$27.34,$880.35,No,No,2020-12-01T06:00:00Z
Nebraska,10000000,Mining and logging,966,Confidential,Confidential,Confidential,No,No,2020-12-01T06:00:00Z
Nebraska,15000000,Natural Resources and Mining and Constru,56350,39.2,$27.66,"$1,084.27",No,No,2020-12-01T06:00:00Z
Nebraska,20000000,Construction,55384,Confidential,Confidential,Confidential,No,No,2020-12-01T06:00:00Z
Nebraska,30000000,Manufacturing,99048,39.5,$25.31,$999.75,No,No,2020-12-01T06:00:00Z
Nebraska,31000000,Durable goods,43521,Confidential,Confidential,Confidential,No,No,2020-12-01T06:00:00Z
Nebraska,32000000,Nondurable goods,55527,Confidential,Confidential,Confidential,No,No,2020-12-01T06:00:00Z
Nebraska,40000000,"Trade, transportation, and utilities",199782,32.0,$23.69,$758.08,No,No,2020-12-01T06:00:00Z
Nebraska,41000000,Wholesale Trade,39633,Confidential,Confidential,Confidential,No,No,2020-12-01T06:00:00Z
Nebraska,42000000,Retail trade,107173,Confidential,Confidential,Confidential,No,No,2020-12-01T06:00:00Z
Nebraska,43000000,Transportation and warehousing,52976,Confidential,Confidential,Confidential,No,No,2020-12-01T06:00:00Z
Nebraska,50000000,Information,17036,Confidential,Confidential,Confidential,No,No,2020-12-01T06:00:00Z
Nebraska,55000000,Financial activities,74420,38.0,$33.08,"$1,257.04",No,No,2020-12-01T06:00:00Z
Nebraska,60000000,Professional and business services,118073,35.9,$30.89,"$1,108.95",No,No,2020-12-01T06:00:00Z
Nebraska,65000000,Education and health services,154922,32.1,$28.89,$927.37,No,No,2020-12-01T06:00:00Z
Nebraska,70000000,Leisure and hospitality,78051,22.1,$15.51,$342.77,No,No,2020-12-01T06:00:00Z
Nebraska,80000000,Other services,35034,Confidential,Confidential,Confidential,No,No,2020-12-01T06:00:00Z
Nebraska,90000000,Government,170948,Confidential,Confidential,Confidential,No,No,2020-12-01T06:00:00Z
Nebraska,06000000,Goods-producing,150979,38.4,$25.75,$988.80,No,No,2021-01-01T06:00:00Z
Nebraska,07000000,Service-providing,831278,Confidential,Confidential,Confidential,No,No,2021-01-01T06:00:00Z
Nebraska,08000000,Private service-providing,664813,32.1,$27.56,$884.68,No,No,2021-01-01T06:00:00Z
Nebraska,10000000,Mining and logging,972,Confidential,Confidential,Confidential,No,No,2021-01-01T06:00:00Z
Nebraska,15000000,Natural Resources and Mining and Constru,52281,37.6,$26.74,"$1,005.42",No,No,2021-01-01T06:00:00Z
Nebraska,20000000,Construction,51309,Confidential,Confidential,Confidential,No,No,2021-01-01T06:00:00Z
Nebraska,30000000,Manufacturing,98698,38.8,$25.24,$979.31,No,No,2021-01-01T06:00:00Z
Nebraska,31000000,Durable goods,43386,Confidential,Confidential,Confidential,No,No,2021-01-01T06:00:00Z
Nebraska,32000000,Nondurable goods,55312,Confidential,Confidential,Confidential,No,No,2021-01-01T06:00:00Z
Nebraska,40000000,"Trade, transportation, and utilities",192773,31.6,$23.35,$737.86,No,No,2021-01-01T06:00:00Z
Nebraska,41000000,Wholesale Trade,38893,Confidential,Confidential,Confidential,No,No,2021-01-01T06:00:00Z
Nebraska,42000000,Retail trade,103734,Confidential,Confidential,Confidential,No,No,2021-01-01T06:00:00Z
Nebraska,43000000,Transportation and warehousing,50146,Confidential,Confidential,Confidential,No,No,2021-01-01T06:00:00Z
Nebraska,50000000,Information,17138,Confidential,Confidential,Confidential,No,No,2021-01-01T06:00:00Z
Nebraska,55000000,Financial activities,72868,38.7,$32.38,"$1,253.11",No,No,2021-01-01T06:00:00Z
Nebraska,60000000,Professional and business services,115330,35.7,$31.13,"$1,111.34",No,No,2021-01-01T06:00:00Z
Nebraska,65000000,Education and health services,154625,31.7,$29.34,$930.08,No,No,2021-01-01T06:00:00Z
Nebraska,70000000,Leisure and hospitality,77185,22.2,$15.28,$339.22,No,No,2021-01-01T06:00:00Z
Nebraska,80000000,Other services,34894,Confidential,Confidential,Confidential,No,No,2021-01-01T06:00:00Z
Nebraska,90000000,Government,166465,Confidential,Confidential,Confidential,No,No,2021-01-01T06:00:00Z
Nebraska,06000000,Goods-producing,149330,37.8,$25.94,$980.53,No,No,2021-02-01T06:00:00Z
Nebraska,07000000,Service-providing,833817,Confidential,Confidential,Confidential,No,No,2021-02-01T06:00:00Z
Nebraska,08000000,Private service-providing,664383,32.2,$27.52,$886.14,No,No,2021-02-01T06:00:00Z
Nebraska,10000000,Mining and logging,936,Confidential,Confidential,Confidential,No,No,2021-02-01T06:00:00Z
Nebraska,15000000,Natural Resources and Mining and Constru,50372,35.8,$27.72,$992.38,No,No,2021-02-01T06:00:00Z
Nebraska,20000000,Construction,49436,Confidential,Confidential,Confidential,No,No,2021-02-01T06:00:00Z
Nebraska,30000000,Manufacturing,98958,38.9,$25.11,$976.78,No,No,2021-02-01T06:00:00Z
Nebraska,31000000,Durable goods,43363,Confidential,Confidential,Confidential,No,No,2021-02-01T06:00:00Z
Nebraska,32000000,Nondurable goods,55595,Confidential,Confidential,Confidential,No,No,2021-02-01T06:00:00Z
Nebraska,40000000,"Trade, transportation, and utilities",190191,31.6,$23.15,$731.54,No,No,2021-02-01T06:00:00Z
Nebraska,41000000,Wholesale Trade,38803,Confidential,Confidential,Confidential,No,No,2021-02-01T06:00:00Z
Nebraska,42000000,Retail trade,102011,Confidential,Confidential,Confidential,No,No,2021-02-01T06:00:00Z
Nebraska,43000000,Transportation and warehousing,49377,Confidential,Confidential,Confidential,No,No,2021-02-01T06:00:00Z
Nebraska,50000000,Information,17305,Confidential,Confidential,Confidential,No,No,2021-02-01T06:00:00Z
Nebraska,55000000,Financial activities,72846,38.6,$32.64,"$1,259.90",No,No,2021-02-01T06:00:00Z
Nebraska,60000000,Professional and business services,115063,35.8,$30.84,"$1,104.07",No,No,2021-02-01T06:00:00Z
Nebraska,65000000,Education and health services,155465,31.7,$29.18,$925.01,No,No,2021-02-01T06:00:00Z
Nebraska,70000000,Leisure and hospitality,78394,22.9,$15.47,$354.26,No,No,2021-02-01T06:00:00Z
Nebraska,80000000,Other services,35119,Confidential,Confidential,Confidential,No,No,2021-02-01T06:00:00Z
Nebraska,90000000,Government,169434,Confidential,Confidential,Confidential,No,No,2021-02-01T06:00:00Z
Nebraska,06000000,Goods-producing,152795,39.1,$25.59,"$1,000.57",No,No,2021-03-01T06:00:00Z
Nebraska,07000000,Service-providing,839241,Confidential,Confidential,Confidential,No,No,2021-03-01T06:00:00Z
Nebraska,08000000,Private service-providing,669149,32.0,$27.57,$882.24,No,No,2021-03-01T06:00:00Z
Nebraska,10000000,Mining and logging,953,Confidential,Confidential,Confidential,No,No,2021-03-01T06:00:00Z
Nebraska,15000000,Natural Resources and Mining and Constru,53522,39.6,$26.75,"$1,059.30",No,No,2021-03-01T06:00:00Z
Nebraska,20000000,Construction,52569,Confidential,Confidential,Confidential,No,No,2021-03-01T06:00:00Z
Nebraska,30000000,Manufacturing,99273,38.9,$24.96,$970.94,No,No,2021-03-01T06:00:00Z
Nebraska,31000000,Durable goods,43790,Confidential,Confidential,Confidential,No,No,2021-03-01T06:00:00Z
Nebraska,32000000,Nondurable goods,55483,Confidential,Confidential,Confidential,No,No,2021-03-01T06:00:00Z
Nebraska,40000000,"Trade, transportation, and utilities",191212,31.5,$23.33,$734.90,No,No,2021-03-01T06:00:00Z
Nebraska,41000000,Wholesale Trade,39168,Confidential,Confidential,Confidential,No,No,2021-03-01T06:00:00Z
Nebraska,42000000,Retail trade,102505,Confidential,Confidential,Confidential,No,No,2021-03-01T06:00:00Z
Nebraska,43000000,Transportation and warehousing,49539,Confidential,Confidential,Confidential,No,No,2021-03-01T06:00:00Z
Nebraska,50000000,Information,17409,Confidential,Confidential,Confidential,No,No,2021-03-01T06:00:00Z
Nebraska,55000000,Financial activities,72752,37.5,$32.40,"$1,215.00",No,No,2021-03-01T06:00:00Z
Nebraska,60000000,Professional and business services,115633,36.0,$30.88,"$1,111.68",No,No,2021-03-01T06:00:00Z
Nebraska,65000000,Education and health services,155738,31.4,$29.21,$917.19,No,No,2021-03-01T06:00:00Z
Nebraska,70000000,Leisure and hospitality,80871,23.3,$15.55,$362.32,No,No,2021-03-01T06:00:00Z
Nebraska,80000000,Other services,35534,Confidential,Confidential,Confidential,No,No,2021-03-01T06:00:00Z
Nebraska,90000000,Government,170092,Confidential,Confidential,Confidential,No,No,2021-03-01T06:00:00Z
Nebraska,06000000,Goods-producing,155260,39.1,$25.78,"$1,008.00",No,No,2021-04-01T05:00:00Z
Nebraska,07000000,Service-providing,847491,Confidential,Confidential,Confidential,No,No,2021-04-01T05:00:00Z
Nebraska,08000000,Private service-providing,675344,32.3,$27.67,$893.74,No,No,2021-04-01T05:00:00Z
Nebraska,10000000,Mining and logging,1013,Confidential,Confidential,Confidential,No,No,2021-04-01T05:00:00Z
Nebraska,15000000,Natural Resources and Mining and Constru,56844,40.3,$27.03,"$1,089.31",No,No,2021-04-01T05:00:00Z
Nebraska,20000000,Construction,55831,Confidential,Confidential,Confidential,No,No,2021-04-01T05:00:00Z
Nebraska,30000000,Manufacturing,98416,38.5,$25.03,$963.66,No,No,2021-04-01T05:00:00Z
Nebraska,31000000,Durable goods,43653,Confidential,Confidential,Confidential,No,No,2021-04-01T05:00:00Z
Nebraska,32000000,Nondurable goods,54763,Confidential,Confidential,Confidential,No,No,2021-04-01T05:00:00Z
Nebraska,40000000,"Trade, transportation, and utilities",191662,32.2,$23.47,$755.73,No,No,2021-04-01T05:00:00Z
Nebraska,41000000,Wholesale Trade,39523,Confidential,Confidential,Confidential,No,No,2021-04-01T05:00:00Z
Nebraska,42000000,Retail trade,102740,Confidential,Confidential,Confidential,No,No,2021-04-01T05:00:00Z
Nebraska,43000000,Transportation and warehousing,49399,Confidential,Confidential,Confidential,No,No,2021-04-01T05:00:00Z
Nebraska,50000000,Information,17530,Confidential,Confidential,Confidential,No,No,2021-04-01T05:00:00Z
Nebraska,55000000,Financial activities,72685,37.6,$33.00,"$1,240.80",No,No,2021-04-01T05:00:00Z
Nebraska,60000000,Professional and business services,116977,36.0,$31.00,"$1,116.00",No,No,2021-04-01T05:00:00Z
Nebraska,65000000,Education and health services,155968,31.3,$29.09,$910.52,No,No,2021-04-01T05:00:00Z
Nebraska,70000000,Leisure and hospitality,84650,23.2,$15.81,$366.79,No,No,2021-04-01T05:00:00Z
Nebraska,80000000,Other services,35872,Confidential,Confidential,Confidential,No,No,2021-04-01T05:00:00Z
Nebraska,90000000,Government,172147,Confidential,Confidential,Confidential,No,No,2021-04-01T05:00:00Z
Nebraska,06000000,Goods-producing,156232,39.6,$25.61,"$1,014.16",No,No,2021-05-01T05:00:00Z
Nebraska,07000000,Service-providing,854320,Confidential,Confidential,Confidential,No,No,2021-05-01T05:00:00Z
Nebraska,08000000,Private service-providing,680320,32.8,$27.46,$900.69,No,No,2021-05-01T05:00:00Z
Nebraska,10000000,Mining and logging,1020,Confidential,Confidential,Confidential,No,No,2021-05-01T05:00:00Z
Nebraska,15000000,Natural Resources and Mining and Constru,58290,40.8,$27.16,"$1,108.13",No,No,2021-05-01T05:00:00Z
Nebraska,20000000,Construction,57270,Confidential,Confidential,Confidential,No,No,2021-05-01T05:00:00Z
Nebraska,30000000,Manufacturing,97942,38.9,$24.65,$958.89,No,No,2021-05-01T05:00:00Z
Nebraska,31000000,Durable goods,43504,Confidential,Confidential,Confidential,No,No,2021-05-01T05:00:00Z
Nebraska,32000000,Nondurable goods,54438,Confidential,Confidential,Confidential,No,No,2021-05-01T05:00:00Z
Nebraska,40000000,"Trade, transportation, and utilities",193395,32.5,$23.72,$770.90,No,No,2021-05-01T05:00:00Z
Nebraska,41000000,Wholesale Trade,39817,Confidential,Confidential,Confidential,No,No,2021-05-01T05:00:00Z
Nebraska,42000000,Retail trade,103735,Confidential,Confidential,Confidential,No,No,2021-05-01T05:00:00Z
Nebraska,43000000,Transportation and warehousing,49843,Confidential,Confidential,Confidential,No,No,2021-05-01T05:00:00Z
Nebraska,50000000,Information,17572,Confidential,Confidential,Confidential,No,No,2021-05-01T05:00:00Z
Nebraska,55000000,Financial activities,72711,38.1,$32.82,"$1,250.44",No,No,2021-05-01T05:00:00Z
Nebraska,60000000,Professional and business services,117073,37.1,$30.77,"$1,141.57",No,No,2021-05-01T05:00:00Z
Nebraska,65000000,Education and health services,155908,31.6,$28.71,$907.24,No,No,2021-05-01T05:00:00Z
Nebraska,70000000,Leisure and hospitality,87620,23.8,$15.26,$363.19,No,No,2021-05-01T05:00:00Z
Nebraska,80000000,Other services,36041,Confidential,Confidential,Confidential,No,No,2021-05-01T05:00:00Z
Nebraska,90000000,Government,174000,Confidential,Confidential,Confidential,No,No,2021-05-01T05:00:00Z
Nebraska,06000000,Goods-producing,158887,39.0,$26.28,"$1,024.92",No,No,2021-06-01T05:00:00Z
Nebraska,07000000,Service-providing,856840,Confidential,Confidential,Confidential,No,No,2021-06-01T05:00:00Z
Nebraska,08000000,Private service-providing,685457,32.5,$27.47,$892.78,No,No,2021-06-01T05:00:00Z
Nebraska,10000000,Mining and logging,1050,Confidential,Confidential,Confidential,No,No,2021-06-01T05:00:00Z
Nebraska,15000000,Natural Resources and Mining and Constru,59834,40.1,$27.67,"$1,109.57",No,No,2021-06-01T05:00:00Z
Nebraska,20000000,Construction,58784,Confidential,Confidential,Confidential,No,No,2021-06-01T05:00:00Z
Nebraska,30000000,Manufacturing,99053,38.3,$25.40,$972.82,No,No,2021-06-01T05:00:00Z
Nebraska,31000000,Durable goods,44195,Confidential,Confidential,Confidential,No,No,2021-06-01T05:00:00Z
Nebraska,32000000,Nondurable goods,54858,Confidential,Confidential,Confidential,No,No,2021-06-01T05:00:00Z
Nebraska,40000000,"Trade, transportation, and utilities",194350,32.6,$23.69,$772.29,No,No,2021-06-01T05:00:00Z
Nebraska,41000000,Wholesale Trade,40023,Confidential,Confidential,Confidential,No,No,2021-06-01T05:00:00Z
Nebraska,42000000,Retail trade,104386,Confidential,Confidential,Confidential,No,No,2021-06-01T05:00:00Z
Nebraska,43000000,Transportation and warehousing,49941,Confidential,Confidential,Confidential,No,No,2021-06-01T05:00:00Z
Nebraska,50000000,Information,17866,Confidential,Confidential,Confidential,No,No,2021-06-01T05:00:00Z
Nebraska,55000000,Financial activities,72846,36.9,$32.65,"$1,204.79",No,No,2021-06-01T05:00:00Z
Nebraska,60000000,Professional and business services,117853,36.4,$30.90,"$1,124.76",No,No,2021-06-01T05:00:00Z
Nebraska,65000000,Education and health services,154145,31.2,$28.95,$903.24,No,No,2021-06-01T05:00:00Z
Nebraska,70000000,Leisure and hospitality,92010,24.4,$15.18,$370.39,No,No,2021-06-01T05:00:00Z
Nebraska,80000000,Other services,36387,Confidential,Confidential,Confidential,No,No,2021-06-01T05:00:00Z
Nebraska,90000000,Government,171383,Confidential,Confidential,Confidential,No,No,2021-06-01T05:00:00Z
Nebraska,06000000,Goods-producing,160071,39.1,$26.07,"$1,019.34",No,No,2021-07-01T05:00:00Z
Nebraska,07000000,Service-providing,851657,Confidential,Confidential,Confidential,No,No,2021-07-01T05:00:00Z
Nebraska,08000000,Private service-providing,688023,32.7,$27.63,$903.50,No,No,2021-07-01T05:00:00Z
Nebraska,10000000,Mining and logging,1074,Confidential,Confidential,Confidential,No,No,2021-07-01T05:00:00Z
Nebraska,15000000,Natural Resources and Mining and Constru,60067,39.8,$28.09,"$1,117.98",No,No,2021-07-01T05:00:00Z
Nebraska,20000000,Construction,58993,Confidential,Confidential,Confidential,No,No,2021-07-01T05:00:00Z
Nebraska,30000000,Manufacturing,100004,38.7,$24.83,$960.92,No,No,2021-07-01T05:00:00Z
Nebraska,31000000,Durable goods,44609,Confidential,Confidential,Confidential,No,No,2021-07-01T05:00:00Z
Nebraska,32000000,Nondurable goods,55395,Confidential,Confidential,Confidential,No,No,2021-07-01T05:00:00Z
Nebraska,40000000,"Trade, transportation, and utilities",193880,32.5,$23.65,$768.63,No,No,2021-07-01T05:00:00Z
Nebraska,41000000,Wholesale Trade,39968,Confidential,Confidential,Confidential,No,No,2021-07-01T05:00:00Z
Nebraska,42000000,Retail trade,104412,Confidential,Confidential,Confidential,No,No,2021-07-01T05:00:00Z
Nebraska,43000000,Transportation and warehousing,49500,Confidential,Confidential,Confidential,No,No,2021-07-01T05:00:00Z
Nebraska,50000000,Information,18012,Confidential,Confidential,Confidential,No,No,2021-07-01T05:00:00Z
Nebraska,55000000,Financial activities,73313,37.1,$33.00,"$1,224.30",No,No,2021-07-01T05:00:00Z
Nebraska,60000000,Professional and business services,118744,36.7,$31.74,"$1,164.86",No,No,2021-07-01T05:00:00Z
Nebraska,65000000,Education and health services,155050,31.3,$29.44,$921.47,No,No,2021-07-01T05:00:00Z
Nebraska,70000000,Leisure and hospitality,92313,24.8,$15.27,$378.70,No,No,2021-07-01T05:00:00Z
Nebraska,80000000,Other services,36711,Confidential,Confidential,Confidential,No,No,2021-07-01T05:00:00Z
Nebraska,90000000,Government,163634,Confidential,Confidential,Confidential,No,No,2021-07-01T05:00:00Z
Nebraska,06000000,Goods-producing,160203,39.4,$26.51,"$1,044.49",No,No,2021-08-01T05:00:00Z
Nebraska,07000000,Service-providing,851608,Confidential,Confidential,Confidential,No,No,2021-08-01T05:00:00Z
Nebraska,08000000,Private service-providing,688597,32.9,$28.91,$951.14,No,No,2021-08-01T05:00:00Z
Nebraska,10000000,Mining and logging,1064,Confidential,Confidential,Confidential,No,No,2021-08-01T05:00:00Z
Nebraska,15000000,Natural Resources and Mining and Constru,59868,40.7,$28.11,"$1,144.08",No,No,2021-08-01T05:00:00Z
Nebraska,20000000,Construction,58804,Confidential,Confidential,Confidential,No,No,2021-08-01T05:00:00Z
Nebraska,30000000,Manufacturing,100335,38.7,$25.51,$987.24,No,No,2021-08-01T05:00:00Z
Nebraska,31000000,Durable goods,44533,Confidential,Confidential,Confidential,No,No,2021-08-01T05:00:00Z
Nebraska,32000000,Nondurable goods,55802,Confidential,Confidential,Confidential,No,No,2021-08-01T05:00:00Z
Nebraska,40000000,"Trade, transportation, and utilities",194518,32.4,$24.00,$777.60,No,No,2021-08-01T05:00:00Z
Nebraska,41000000,Wholesale Trade,39732,Confidential,Confidential,Confidential,No,No,2021-08-01T05:00:00Z
Nebraska,42000000,Retail trade,104536,Confidential,Confidential,Confidential,No,No,2021-08-01T05:00:00Z
Nebraska,43000000,Transportation and warehousing,50250,Confidential,Confidential,Confidential,No,No,2021-08-01T05:00:00Z
Nebraska,50000000,Information,17976,Confidential,Confidential,Confidential,No,No,2021-08-01T05:00:00Z
Nebraska,55000000,Financial activities,73078,37.9,$33.39,"$1,265.48",No,No,2021-08-01T05:00:00Z
Nebraska,60000000,Professional and business services,118418,37.0,$32.47,"$1,201.39",No,No,2021-08-01T05:00:00Z
Nebraska,65000000,Education and health services,155190,31.2,$30.22,$942.86,No,No,2021-08-01T05:00:00Z
Nebraska,70000000,Leisure and hospitality,92506,24.4,$16.11,$393.08,No,No,2021-08-01T05:00:00Z
Nebraska,80000000,Other services,36911,Confidential,Confidential,Confidential,No,No,2021-08-01T05:00:00Z
Nebraska,90000000,Government,163011,Confidential,Confidential,Confidential,No,No,2021-08-01T05:00:00Z
Nebraska,06000000,Goods-producing,158733,39.2,$27.07,"$1,061.14",No,No,2021-09-01T05:00:00Z
Nebraska,07000000,Service-providing,849828,Confidential,Confidential,Confidential,No,No,2021-09-01T05:00:00Z
Nebraska,08000000,Private service-providing,679858,32.0,$29.05,$929.60,No,No,2021-09-01T05:00:00Z
Nebraska,10000000,Mining and logging,1037,Confidential,Confidential,Confidential,No,No,2021-09-01T05:00:00Z
Nebraska,15000000,Natural Resources and Mining and Constru,58802,40.3,$28.31,"$1,140.89",No,No,2021-09-01T05:00:00Z
Nebraska,20000000,Construction,57765,Confidential,Confidential,Confidential,No,No,2021-09-01T05:00:00Z
Nebraska,30000000,Manufacturing,99931,38.5,$26.30,"$1,012.55",No,No,2021-09-01T05:00:00Z
Nebraska,31000000,Durable goods,44300,Confidential,Confidential,Confidential,No,No,2021-09-01T05:00:00Z
Nebraska,32000000,Nondurable goods,55631,Confidential,Confidential,Confidential,No,No,2021-09-01T05:00:00Z
Nebraska,40000000,"Trade, transportation, and utilities",192496,31.4,$24.54,$770.56,No,No,2021-09-01T05:00:00Z
Nebraska,41000000,Wholesale Trade,38983,Confidential,Confidential,Confidential,No,No,2021-09-01T05:00:00Z
Nebraska,42000000,Retail trade,102922,Confidential,Confidential,Confidential,No,No,2021-09-01T05:00:00Z
Nebraska,43000000,Transportation and warehousing,50591,Confidential,Confidential,Confidential,No,No,2021-09-01T05:00:00Z
Nebraska,50000000,Information,17851,Confidential,Confidential,Confidential,No,No,2021-09-01T05:00:00Z
Nebraska,55000000,Financial activities,72153,37.3,$32.43,"$1,209.64",No,No,2021-09-01T05:00:00Z
Nebraska,60000000,Professional and business services,117143,35.6,$32.99,"$1,174.44",No,No,2021-09-01T05:00:00Z
Nebraska,65000000,Education and health services,155166,31.0,$30.30,$939.30,No,No,2021-09-01T05:00:00Z
Nebraska,70000000,Leisure and hospitality,88838,23.4,$16.31,$381.65,No,No,2021-09-01T05:00:00Z
Nebraska,80000000,Other services,36211,Confidential,Confidential,Confidential,No,No,2021-09-01T05:00:00Z
Nebraska,90000000,Government,169970,Confidential,Confidential,Confidential,No,No,2021-09-01T05:00:00Z
Nebraska,06000000,Goods-producing,158641,39.9,$27.35,"$1,091.27",No,No,2021-10-01T05:00:00Z
Nebraska,07000000,Service-providing,861477,Confidential,Confidential,Confidential,No,No,2021-10-01T05:00:00Z
Nebraska,08000000,Private service-providing,689190,32.2,$29.27,$942.49,No,No,2021-10-01T05:00:00Z
Nebraska,10000000,Mining and logging,1022,Confidential,Confidential,Confidential,No,No,2021-10-01T05:00:00Z
Nebraska,15000000,Natural Resources and Mining and Constru,58623,41.3,$28.77,"$1,188.20",No,No,2021-10-01T05:00:00Z
Nebraska,20000000,Construction,57601,Confidential,Confidential,Confidential,No,No,2021-10-01T05:00:00Z
Nebraska,30000000,Manufacturing,100018,39.1,$26.47,"$1,034.98",No,No,2021-10-01T05:00:00Z
Nebraska,31000000,Durable goods,44489,Confidential,Confidential,Confidential,No,No,2021-10-01T05:00:00Z
Nebraska,32000000,Nondurable goods,55529,Confidential,Confidential,Confidential,No,No,2021-10-01T05:00:00Z
Nebraska,40000000,"Trade, transportation, and utilities",195809,32.0,$24.65,$788.80,No,No,2021-10-01T05:00:00Z
Nebraska,41000000,Wholesale Trade,39609,Confidential,Confidential,Confidential,No,No,2021-10-01T05:00:00Z
Nebraska,42000000,Retail trade,105290,Confidential,Confidential,Confidential,No,No,2021-10-01T05:00:00Z
Nebraska,43000000,Transportation and warehousing,50910,Confidential,Confidential,Confidential,No,No,2021-10-01T05:00:00Z
Nebraska,50000000,Information,17897,Confidential,Confidential,Confidential,No,No,2021-10-01T05:00:00Z
Nebraska,55000000,Financial activities,72762,36.9,$33.18,"$1,224.34",No,No,2021-10-01T05:00:00Z
Nebraska,60000000,Professional and business services,119892,36.2,$32.96,"$1,193.15",No,No,2021-10-01T05:00:00Z
Nebraska,65000000,Education and health services,156771,30.8,$30.43,$937.24,No,No,2021-10-01T05:00:00Z
Nebraska,70000000,Leisure and hospitality,89632,23.5,$16.29,$382.82,No,No,2021-10-01T05:00:00Z
Nebraska,80000000,Other services,36427,Confidential,Confidential,Confidential,No,No,2021-10-01T05:00:00Z
Nebraska,90000000,Government,172287,Confidential,Confidential,Confidential,No,No,2021-10-01T05:00:00Z
Nebraska,06000000,Goods-producing,158052,39.6,$27.80,"$1,100.88",No,No,2021-11-01T05:00:00Z
Nebraska,07000000,Service-providing,864336,Confidential,Confidential,Confidential,No,No,2021-11-01T05:00:00Z
Nebraska,08000000,Private service-providing,692071,31.9,$29.17,$930.52,No,No,2021-11-01T05:00:00Z
Nebraska,10000000,Mining and logging,1041,Confidential,Confidential,Confidential,No,No,2021-11-01T05:00:00Z
Nebraska,15000000,Natural Resources and Mining and Constru,57411,40.0,$28.95,"$1,158.00",No,No,2021-11-01T05:00:00Z
Nebraska,20000000,Construction,56370,Confidential,Confidential,Confidential,No,No,2021-11-01T05:00:00Z
Nebraska,30000000,Manufacturing,100641,39.3,$27.14,"$1,066.60",No,No,2021-11-01T05:00:00Z
Nebraska,31000000,Durable goods,44699,Confidential,Confidential,Confidential,No,No,2021-11-01T05:00:00Z
Nebraska,32000000,Nondurable goods,55942,Confidential,Confidential,Confidential,No,No,2021-11-01T05:00:00Z
Nebraska,40000000,"Trade, transportation, and utilities",199844,31.4,$24.21,$760.19,No,No,2021-11-01T05:00:00Z
Nebraska,41000000,Wholesale Trade,39788,Confidential,Confidential,Confidential,No,No,2021-11-01T05:00:00Z
Nebraska,42000000,Retail trade,107853,Confidential,Confidential,Confidential,No,No,2021-11-01T05:00:00Z
Nebraska,43000000,Transportation and warehousing,52203,Confidential,Confidential,Confidential,No,No,2021-11-01T05:00:00Z
Nebraska,50000000,Information,17917,Confidential,Confidential,Confidential,No,No,2021-11-01T05:00:00Z
Nebraska,55000000,Financial activities,72877,36.8,$33.58,"$1,235.74",No,No,2021-11-01T05:00:00Z
Nebraska,60000000,Professional and business services,120502,35.9,$32.61,"$1,170.70",No,No,2021-11-01T05:00:00Z
Nebraska,65000000,Education and health services,156501,31.1,$30.88,$960.37,No,No,2021-11-01T05:00:00Z
Nebraska,70000000,Leisure and hospitality,88338,23.1,$16.47,$380.46,No,No,2021-11-01T05:00:00Z
Nebraska,80000000,Other services,36092,Confidential,Confidential,Confidential,No,No,2021-11-01T05:00:00Z
Nebraska,90000000,Government,172265,Confidential,Confidential,Confidential,No,No,2021-11-01T05:00:00Z
Nebraska,06000000,Goods-producing,158059,38.8,$28.10,"$1,090.28",No,No,2021-12-01T06:00:00Z
Nebraska,07000000,Service-providing,866259,Confidential,Confidential,Confidential,No,No,2021-12-01T06:00:00Z
Nebraska,08000000,Private service-providing,693895,32.0,$29.29,$937.28,No,No,2021-12-01T06:00:00Z
Nebraska,10000000,Mining and logging,1047,Confidential,Confidential,Confidential,No,No,2021-12-01T06:00:00Z
Nebraska,15000000,Natural Resources and Mining and Constru,57227,39.8,$29.68,"$1,181.26",No,No,2021-12-01T06:00:00Z
Nebraska,20000000,Construction,56180,Confidential,Confidential,Confidential,No,No,2021-12-01T06:00:00Z
Nebraska,30000000,Manufacturing,100832,38.1,$27.17,"$1,035.18",No,No,2021-12-01T06:00:00Z
Nebraska,31000000,Durable goods,44898,Confidential,Confidential,Confidential,No,No,2021-12-01T06:00:00Z
Nebraska,32000000,Nondurable goods,55934,Confidential,Confidential,Confidential,No,No,2021-12-01T06:00:00Z
Nebraska,40000000,"Trade, transportation, and utilities",202063,31.8,$24.59,$781.96,No,No,2021-12-01T06:00:00Z
Nebraska,41000000,Wholesale Trade,39856,Confidential,Confidential,Confidential,No,No,2021-12-01T06:00:00Z
Nebraska,42000000,Retail trade,108959,Confidential,Confidential,Confidential,No,No,2021-12-01T06:00:00Z
Nebraska,43000000,Transportation and warehousing,53248,Confidential,Confidential,Confidential,No,No,2021-12-01T06:00:00Z
Nebraska,50000000,Information,17915,Confidential,Confidential,Confidential,No,No,2021-12-01T06:00:00Z
Nebraska,55000000,Financial activities,72710,37.1,$33.75,"$1,252.13",No,No,2021-12-01T06:00:00Z
Nebraska,60000000,Professional and business services,120299,35.8,$32.91,"$1,178.18",No,No,2021-12-01T06:00:00Z
Nebraska,65000000,Education and health services,156417,31.1,$30.90,$960.99,No,No,2021-12-01T06:00:00Z
Nebraska,70000000,Leisure and hospitality,88140,23.0,$16.50,$379.50,No,No,2021-12-01T06:00:00Z
Nebraska,80000000,Other services,36351,Confidential,Confidential,Confidential,No,No,2021-12-01T06:00:00Z
Nebraska,90000000,Government,172364,Confidential,Confidential,Confidential,No,No,2021-12-01T06:00:00Z
Nebraska,06000000,Goods-producing,154152,38.0,$28.61,"$1,087.18",No,No,2022-01-01T06:00:00Z
Nebraska,07000000,Service-providing,845058,Confidential,Confidential,Confidential,No,No,2022-01-01T06:00:00Z
Nebraska,08000000,Private service-providing,679176,31.9,$30.45,$971.36,No,No,2022-01-01T06:00:00Z
Nebraska,10000000,Mining and logging,967,Confidential,Confidential,Confidential,No,No,2022-01-01T06:00:00Z
Nebraska,15000000,Natural Resources and Mining and Constru,53688,38.7,$29.17,"$1,128.88",No,No,2022-01-01T06:00:00Z
Nebraska,20000000,Construction,52721,Confidential,Confidential,Confidential,No,No,2022-01-01T06:00:00Z
Nebraska,30000000,Manufacturing,100464,37.6,$28.30,"$1,064.08",No,No,2022-01-01T06:00:00Z
Nebraska,31000000,Durable goods,44545,Confidential,Confidential,Confidential,No,No,2022-01-01T06:00:00Z
Nebraska,32000000,Nondurable goods,55919,Confidential,Confidential,Confidential,No,No,2022-01-01T06:00:00Z
Nebraska,40000000,"Trade, transportation, and utilities",194670,30.8,$25.42,$782.94,No,No,2022-01-01T06:00:00Z
Nebraska,41000000,Wholesale Trade,39547,Confidential,Confidential,Confidential,No,No,2022-01-01T06:00:00Z
Nebraska,42000000,Retail trade,104371,Confidential,Confidential,Confidential,No,No,2022-01-01T06:00:00Z
Nebraska,43000000,Transportation and warehousing,50752,Confidential,Confidential,Confidential,No,No,2022-01-01T06:00:00Z
Nebraska,50000000,Information,17950,Confidential,Confidential,Confidential,No,No,2022-01-01T06:00:00Z
Nebraska,55000000,Financial activities,72479,38.4,$34.70,"$1,332.48",No,No,2022-01-01T06:00:00Z
Nebraska,60000000,Professional and business services,117443,36.1,$33.96,"$1,225.96",No,No,2022-01-01T06:00:00Z
Nebraska,65000000,Education and health services,154612,31.7,$31.58,"$1,001.09",No,No,2022-01-01T06:00:00Z
Nebraska,70000000,Leisure and hospitality,85848,22.6,$16.71,$377.65,No,No,2022-01-01T06:00:00Z
Nebraska,80000000,Other services,36174,Confidential,Confidential,Confidential,No,No,2022-01-01T06:00:00Z
Nebraska,90000000,Government,165882,Confidential,Confidential,Confidential,No,No,2022-01-01T06:00:00Z
Nebraska,06000000,Goods-producing,156070,38.5,$28.46,"$1,095.71",No,No,2022-02-01T06:00:00Z
Nebraska,07000000,Service-providing,852936,Confidential,Confidential,Confidential,No,No,2022-02-01T06:00:00Z
Nebraska,08000000,Private service-providing,682985,32.0,$29.80,$953.60,No,No,2022-02-01T06:00:00Z
Nebraska,10000000,Mining and logging,977,Confidential,Confidential,Confidential,No,No,2022-02-01T06:00:00Z
Nebraska,15000000,Natural Resources and Mining and Constru,54123,39.6,$29.55,"$1,170.18",No,No,2022-02-01T06:00:00Z
Nebraska,20000000,Construction,53146,Confidential,Confidential,Confidential,No,No,2022-02-01T06:00:00Z
Nebraska,30000000,Manufacturing,101947,38.0,$27.86,"$1,058.68",No,No,2022-02-01T06:00:00Z
Nebraska,31000000,Durable goods,44963,Confidential,Confidential,Confidential,No,No,2022-02-01T06:00:00Z
Nebraska,32000000,Nondurable goods,56984,Confidential,Confidential,Confidential,No,No,2022-02-01T06:00:00Z
Nebraska,40000000,"Trade, transportation, and utilities",194900,31.0,$25.36,$786.16,No,No,2022-02-01T06:00:00Z
Nebraska,41000000,Wholesale Trade,39505,Confidential,Confidential,Confidential,No,No,2022-02-01T06:00:00Z
Nebraska,42000000,Retail trade,104892,Confidential,Confidential,Confidential,No,No,2022-02-01T06:00:00Z
Nebraska,43000000,Transportation and warehousing,50503,Confidential,Confidential,Confidential,No,No,2022-02-01T06:00:00Z
Nebraska,50000000,Information,17943,Confidential,Confidential,Confidential,No,No,2022-02-01T06:00:00Z
Nebraska,55000000,Financial activities,72289,37.7,$34.43,"$1,298.01",No,No,2022-02-01T06:00:00Z
Nebraska,60000000,Professional and business services,117888,36.0,$33.25,"$1,197.00",No,No,2022-02-01T06:00:00Z
Nebraska,65000000,Education and health services,155909,31.9,$31.38,"$1,001.02",No,No,2022-02-01T06:00:00Z
Nebraska,70000000,Leisure and hospitality,87704,23.1,$16.61,$383.69,No,No,2022-02-01T06:00:00Z
Nebraska,80000000,Other services,36352,Confidential,Confidential,Confidential,No,No,2022-02-01T06:00:00Z
Nebraska,90000000,Government,169951,Confidential,Confidential,Confidential,No,No,2022-02-01T06:00:00Z
Nebraska,06000000,Goods-producing,157940,38.3,$28.40,"$1,087.72",No,No,2022-03-01T06:00:00Z
Nebraska,07000000,Service-providing,854936,Confidential,Confidential,Confidential,No,No,2022-03-01T06:00:00Z
Nebraska,08000000,Private service-providing,684151,31.8,$29.58,$940.64,No,No,2022-03-01T06:00:00Z
Nebraska,10000000,Mining and logging,1008,Confidential,Confidential,Confidential,No,No,2022-03-01T06:00:00Z
Nebraska,15000000,Natural Resources and Mining and Constru,55399,39.5,$29.20,"$1,153.40",No,No,2022-03-01T06:00:00Z
Nebraska,20000000,Construction,54391,Confidential,Confidential,Confidential,No,No,2022-03-01T06:00:00Z
Nebraska,30000000,Manufacturing,102541,37.6,$27.94,"$1,050.54",No,No,2022-03-01T06:00:00Z
Nebraska,31000000,Durable goods,45102,Confidential,Confidential,Confidential,No,No,2022-03-01T06:00:00Z
Nebraska,32000000,Nondurable goods,57439,Confidential,Confidential,Confidential,No,No,2022-03-01T06:00:00Z
Nebraska,40000000,"Trade, transportation, and utilities",194909,30.8,$25.00,$770.00,No,No,2022-03-01T06:00:00Z
Nebraska,41000000,Wholesale Trade,39746,Confidential,Confidential,Confidential,No,No,2022-03-01T06:00:00Z
Nebraska,42000000,Retail trade,104671,Confidential,Confidential,Confidential,No,No,2022-03-01T06:00:00Z
Nebraska,43000000,Transportation and warehousing,50492,Confidential,Confidential,Confidential,No,No,2022-03-01T06:00:00Z
Nebraska,50000000,Information,17926,Confidential,Confidential,Confidential,No,No,2022-03-01T06:00:00Z
Nebraska,55000000,Financial activities,72121,37.4,$34.28,"$1,282.07",No,No,2022-03-01T06:00:00Z
Nebraska,60000000,Professional and business services,118751,35.5,$33.39,"$1,185.35",No,No,2022-03-01T06:00:00Z
Nebraska,65000000,Education and health services,155542,31.9,$30.86,$984.43,No,No,2022-03-01T06:00:00Z
Nebraska,70000000,Leisure and hospitality,88359,23.2,$16.84,$390.69,No,No,2022-03-01T06:00:00Z
Nebraska,80000000,Other services,36543,Confidential,Confidential,Confidential,No,No,2022-03-01T06:00:00Z
Nebraska,90000000,Government,170785,Confidential,Confidential,Confidential,No,No,2022-03-01T06:00:00Z
Nebraska,06000000,Goods-producing,160945,38.9,$28.65,"$1,114.49",No,No,2022-04-01T05:00:00Z
Nebraska,07000000,Service-providing,860499,Confidential,Confidential,Confidential,No,No,2022-04-01T05:00:00Z
Nebraska,08000000,Private service-providing,688697,31.9,$29.67,$946.47,No,No,2022-04-01T05:00:00Z
Nebraska,10000000,Mining and logging,1028,Confidential,Confidential,Confidential,No,No,2022-04-01T05:00:00Z
Nebraska,15000000,Natural Resources and Mining and Constru,58242,40.8,$29.66,"$1,210.13",No,No,2022-04-01T05:00:00Z
Nebraska,20000000,Construction,57214,Confidential,Confidential,Confidential,No,No,2022-04-01T05:00:00Z
Nebraska,30000000,Manufacturing,102703,37.8,$28.03,"$1,059.53",No,No,2022-04-01T05:00:00Z
Nebraska,31000000,Durable goods,45176,Confidential,Confidential,Confidential,No,No,2022-04-01T05:00:00Z
Nebraska,32000000,Nondurable goods,57527,Confidential,Confidential,Confidential,No,No,2022-04-01T05:00:00Z
Nebraska,40000000,"Trade, transportation, and utilities",195378,31.5,$25.30,$796.95,No,No,2022-04-01T05:00:00Z
Nebraska,41000000,Wholesale Trade,40091,Confidential,Confidential,Confidential,No,No,2022-04-01T05:00:00Z
Nebraska,42000000,Retail trade,105121,Confidential,Confidential,Confidential,No,No,2022-04-01T05:00:00Z
Nebraska,43000000,Transportation and warehousing,50166,Confidential,Confidential,Confidential,No,No,2022-04-01T05:00:00Z
Nebraska,50000000,Information,17867,Confidential,Confidential,Confidential,No,No,2022-04-01T05:00:00Z
Nebraska,55000000,Financial activities,72241,37.5,$34.51,"$1,294.13",No,No,2022-04-01T05:00:00Z
Nebraska,60000000,Professional and business services,120497,35.6,$33.72,"$1,200.43",No,No,2022-04-01T05:00:00Z
Nebraska,65000000,Education and health services,155243,32.0,$30.99,$991.68,No,No,2022-04-01T05:00:00Z
Nebraska,70000000,Leisure and hospitality,90791,22.8,$17.03,$388.28,No,No,2022-04-01T05:00:00Z
Nebraska,80000000,Other services,36680,Confidential,Confidential,Confidential,No,No,2022-04-01T05:00:00Z
Nebraska,90000000,Government,171802,Confidential,Confidential,Confidential,No,No,2022-04-01T05:00:00Z
Nebraska,06000000,Goods-producing,162096,38.7,$29.27,"$1,132.75",No,No,2022-05-01T05:00:00Z
Nebraska,07000000,Service-providing,865094,Confidential,Confidential,Confidential,No,No,2022-05-01T05:00:00Z
Nebraska,08000000,Private service-providing,691624,32.3,$29.79,$962.22,No,No,2022-05-01T05:00:00Z
Nebraska,10000000,Mining and logging,1050,Confidential,Confidential,Confidential,No,No,2022-05-01T05:00:00Z
Nebraska,15000000,Natural Resources and Mining and Constru,59327,40.4,$30.12,"$1,216.85",No,No,2022-05-01T05:00:00Z
Nebraska,20000000,Construction,58277,Confidential,Confidential,Confidential,No,No,2022-05-01T05:00:00Z
Nebraska,30000000,Manufacturing,102769,37.7,$28.75,"$1,083.88",No,No,2022-05-01T05:00:00Z
Nebraska,31000000,Durable goods,45124,Confidential,Confidential,Confidential,No,No,2022-05-01T05:00:00Z
Nebraska,32000000,Nondurable goods,57645,Confidential,Confidential,Confidential,No,No,2022-05-01T05:00:00Z
Nebraska,40000000,"Trade, transportation, and utilities",195453,31.9,$25.53,$814.41,No,No,2022-05-01T05:00:00Z
Nebraska,41000000,Wholesale Trade,40513,Confidential,Confidential,Confidential,No,No,2022-05-01T05:00:00Z
Nebraska,42000000,Retail trade,104914,Confidential,Confidential,Confidential,No,No,2022-05-01T05:00:00Z
Nebraska,43000000,Transportation and warehousing,50026,Confidential,Confidential,Confidential,No,No,2022-05-01T05:00:00Z
Nebraska,50000000,Information,17825,Confidential,Confidential,Confidential,No,No,2022-05-01T05:00:00Z
Nebraska,55000000,Financial activities,72344,37.6,$35.16,"$1,322.02",No,No,2022-05-01T05:00:00Z
Nebraska,60000000,Professional and business services,120674,36.0,$33.33,"$1,199.88",No,No,2022-05-01T05:00:00Z
Nebraska,65000000,Education and health services,155318,32.0,$30.89,$988.48,No,No,2022-05-01T05:00:00Z
Nebraska,70000000,Leisure and hospitality,93303,23.5,$17.14,$402.79,No,No,2022-05-01T05:00:00Z
Nebraska,80000000,Other services,36707,Confidential,Confidential,Confidential,No,No,2022-05-01T05:00:00Z
Nebraska,90000000,Government,173470,Confidential,Confidential,Confidential,No,No,2022-05-01T05:00:00Z
Nebraska,06000000,Goods-producing,164671,38.7,$28.73,"$1,111.85",No,No,2022-06-01T05:00:00Z
Nebraska,07000000,Service-providing,867484,Confidential,Confidential,Confidential,No,No,2022-06-01T05:00:00Z
Nebraska,08000000,Private service-providing,695643,32.6,$29.14,$949.96,No,No,2022-06-01T05:00:00Z
Nebraska,10000000,Mining and logging,1095,Confidential,Confidential,Confidential,No,No,2022-06-01T05:00:00Z
Nebraska,15000000,Natural Resources and Mining and Constru,61330,40.1,$29.94,"$1,200.59",No,No,2022-06-01T05:00:00Z
Nebraska,20000000,Construction,60235,Confidential,Confidential,Confidential,No,No,2022-06-01T05:00:00Z
Nebraska,30000000,Manufacturing,103341,37.8,$27.97,"$1,057.27",No,No,2022-06-01T05:00:00Z
Nebraska,31000000,Durable goods,45397,Confidential,Confidential,Confidential,No,No,2022-06-01T05:00:00Z
Nebraska,32000000,Nondurable goods,57944,Confidential,Confidential,Confidential,No,No,2022-06-01T05:00:00Z
Nebraska,40000000,"Trade, transportation, and utilities",195770,32.3,$25.15,$812.35,No,No,2022-06-01T05:00:00Z
Nebraska,41000000,Wholesale Trade,40904,Confidential,Confidential,Confidential,No,No,2022-06-01T05:00:00Z
Nebraska,42000000,Retail trade,105207,Confidential,Confidential,Confidential,No,No,2022-06-01T05:00:00Z
Nebraska,43000000,Transportation and warehousing,49659,Confidential,Confidential,Confidential,No,No,2022-06-01T05:00:00Z
Nebraska,50000000,Information,17847,Confidential,Confidential,Confidential,No,No,2022-06-01T05:00:00Z
Nebraska,55000000,Financial activities,72412,37.6,$33.96,"$1,276.90",No,No,2022-06-01T05:00:00Z
Nebraska,60000000,Professional and business services,121604,36.4,$33.20,"$1,208.48",No,No,2022-06-01T05:00:00Z
Nebraska,65000000,Education and health services,155110,32.5,$30.60,$994.50,No,No,2022-06-01T05:00:00Z
Nebraska,70000000,Leisure and hospitality,95889,23.9,$16.94,$404.87,No,No,2022-06-01T05:00:00Z
Nebraska,80000000,Other services,37011,Confidential,Confidential,Confidential,No,No,2022-06-01T05:00:00Z
Nebraska,90000000,Government,171841,Confidential,Confidential,Confidential,No,No,2022-06-01T05:00:00Z
Nebraska,06000000,Goods-producing,166558,38.8,$29.38,"$1,139.94",No,No,2022-07-01T05:00:00Z
Nebraska,07000000,Service-providing,861362,Confidential,Confidential,Confidential,No,No,2022-07-01T05:00:00Z
Nebraska,08000000,Private service-providing,699519,32.4,$29.36,$951.26,No,No,2022-07-01T05:00:00Z
Nebraska,10000000,Mining and logging,1000,Confidential,Confidential,Confidential,No,No,2022-07-01T05:00:00Z
Nebraska,15000000,Natural Resources and Mining and Constru,62354,40.8,$30.85,"$1,258.68",No,No,2022-07-01T05:00:00Z
Nebraska,20000000,Construction,61354,Confidential,Confidential,Confidential,No,No,2022-07-01T05:00:00Z
Nebraska,30000000,Manufacturing,104204,37.6,$28.43,"$1,068.97",No,No,2022-07-01T05:00:00Z
Nebraska,31000000,Durable goods,45867,Confidential,Confidential,Confidential,No,No,2022-07-01T05:00:00Z
Nebraska,32000000,Nondurable goods,58337,Confidential,Confidential,Confidential,No,No,2022-07-01T05:00:00Z
Nebraska,40000000,"Trade, transportation, and utilities",195657,31.9,$25.34,$808.35,No,No,2022-07-01T05:00:00Z
Nebraska,41000000,Wholesale Trade,41138,Confidential,Confidential,Confidential,No,No,2022-07-01T05:00:00Z
Nebraska,42000000,Retail trade,104471,Confidential,Confidential,Confidential,No,No,2022-07-01T05:00:00Z
Nebraska,43000000,Transportation and warehousing,50048,Confidential,Confidential,Confidential,No,No,2022-07-01T05:00:00Z
Nebraska,50000000,Information,17923,Confidential,Confidential,Confidential,No,No,2022-07-01T05:00:00Z
Nebraska,55000000,Financial activities,72586,38.0,$34.32,"$1,304.16",No,No,2022-07-01T05:00:00Z
Nebraska,60000000,Professional and business services,123090,36.1,$33.65,"$1,214.77",No,No,2022-07-01T05:00:00Z
Nebraska,65000000,Education and health services,156922,32.4,$30.64,$992.74,No,No,2022-07-01T05:00:00Z
Nebraska,70000000,Leisure and hospitality,95929,23.5,$16.99,$399.27,No,No,2022-07-01T05:00:00Z
Nebraska,80000000,Other services,37412,Confidential,Confidential,Confidential,No,No,2022-07-01T05:00:00Z
Nebraska,90000000,Government,161843,Confidential,Confidential,Confidential,No,No,2022-07-01T05:00:00Z
Nebraska,06000000,Goods-producing,166458,39.1,$29.15,"$1,139.77",No,No,2022-08-01T05:00:00Z
Nebraska,07000000,Service-providing,863012,Confidential,Confidential,Confidential,No,No,2022-08-01T05:00:00Z
Nebraska,08000000,Private service-providing,699581,32.3,$29.59,$955.76,No,No,2022-08-01T05:00:00Z
Nebraska,10000000,Mining and logging,1001,Confidential,Confidential,Confidential,No,No,2022-08-01T05:00:00Z
Nebraska,15000000,Natural Resources and Mining and Constru,62302,40.3,$30.90,"$1,245.27",No,No,2022-08-01T05:00:00Z
Nebraska,20000000,Construction,61301,Confidential,Confidential,Confidential,No,No,2022-08-01T05:00:00Z
Nebraska,30000000,Manufacturing,104156,38.3,$28.05,"$1,074.32",No,No,2022-08-01T05:00:00Z
Nebraska,31000000,Durable goods,45737,Confidential,Confidential,Confidential,No,No,2022-08-01T05:00:00Z
Nebraska,32000000,Nondurable goods,58419,Confidential,Confidential,Confidential,No,No,2022-08-01T05:00:00Z
Nebraska,40000000,"Trade, transportation, and utilities",195521,32.0,$25.46,$814.72,No,No,2022-08-01T05:00:00Z
Nebraska,41000000,Wholesale Trade,41060,Confidential,Confidential,Confidential,No,No,2022-08-01T05:00:00Z
Nebraska,42000000,Retail trade,103970,Confidential,Confidential,Confidential,No,No,2022-08-01T05:00:00Z
Nebraska,43000000,Transportation and warehousing,50491,Confidential,Confidential,Confidential,No,No,2022-08-01T05:00:00Z
Nebraska,50000000,Information,17861,Confidential,Confidential,Confidential,No,No,2022-08-01T05:00:00Z
Nebraska,55000000,Financial activities,72435,37.8,$34.96,"$1,321.49",No,No,2022-08-01T05:00:00Z
Nebraska,60000000,Professional and business services,123188,35.8,$33.87,"$1,212.55",No,No,2022-08-01T05:00:00Z
Nebraska,65000000,Education and health services,157012,32.3,$31.31,"$1,011.31",No,No,2022-08-01T05:00:00Z
Nebraska,70000000,Leisure and hospitality,96467,23.7,$17.48,$414.28,No,No,2022-08-01T05:00:00Z
Nebraska,80000000,Other services,37097,Confidential,Confidential,Confidential,No,No,2022-08-01T05:00:00Z
Nebraska,90000000,Government,163431,Confidential,Confidential,Confidential,No,No,2022-08-01T05:00:00Z
Nebraska,06000000,Goods-producing,165802,38.7,$29.39,"$1,137.39",No,No,2022-09-01T05:00:00Z
Nebraska,07000000,Service-providing,866731,Confidential,Confidential,Confidential,No,No,2022-09-01T05:00:00Z
Nebraska,08000000,Private service-providing,695542,32.1,$29.72,$954.01,No,No,2022-09-01T05:00:00Z
Nebraska,10000000,Mining and logging,1027,Confidential,Confidential,Confidential,No,No,2022-09-01T05:00:00Z
Nebraska,15000000,Natural Resources and Mining and Constru,61604,40.1,$31.25,"$1,253.13",No,No,2022-09-01T05:00:00Z
Nebraska,20000000,Construction,60577,Confidential,Confidential,Confidential,No,No,2022-09-01T05:00:00Z
Nebraska,30000000,Manufacturing,104198,37.9,$28.23,"$1,069.92",No,No,2022-09-01T05:00:00Z
Nebraska,31000000,Durable goods,45476,Confidential,Confidential,Confidential,No,No,2022-09-01T05:00:00Z
Nebraska,32000000,Nondurable goods,58722,Confidential,Confidential,Confidential,No,No,2022-09-01T05:00:00Z
Nebraska,40000000,"Trade, transportation, and utilities",194088,31.7,$25.51,$808.67,No,No,2022-09-01T05:00:00Z
Nebraska,41000000,Wholesale Trade,40568,Confidential,Confidential,Confidential,No,No,2022-09-01T05:00:00Z
Nebraska,42000000,Retail trade,103159,Confidential,Confidential,Confidential,No,No,2022-09-01T05:00:00Z
Nebraska,43000000,Transportation and warehousing,50361,Confidential,Confidential,Confidential,No,No,2022-09-01T05:00:00Z
Nebraska,50000000,Information,17726,Confidential,Confidential,Confidential,No,No,2022-09-01T05:00:00Z
Nebraska,55000000,Financial activities,71972,37.7,$35.67,"$1,344.76",No,No,2022-09-01T05:00:00Z
Nebraska,60000000,Professional and business services,122246,36.3,$33.79,"$1,226.58",No,No,2022-09-01T05:00:00Z
Nebraska,65000000,Education and health services,157539,31.5,$31.51,$992.57,No,No,2022-09-01T05:00:00Z
Nebraska,70000000,Leisure and hospitality,95260,23.3,$17.77,$414.04,No,No,2022-09-01T05:00:00Z
Nebraska,80000000,Other services,36711,Confidential,Confidential,Confidential,No,No,2022-09-01T05:00:00Z
Nebraska,90000000,Government,171189,Confidential,Confidential,Confidential,No,No,2022-09-01T05:00:00Z
Nebraska,06000000,Goods-producing,165673,39.5,$29.42,"$1,162.09",No,No,2022-10-01T05:00:00Z
Nebraska,07000000,Service-providing,873789,Confidential,Confidential,Confidential,No,No,2022-10-01T05:00:00Z
Nebraska,08000000,Private service-providing,699339,32.6,$29.94,$976.04,No,No,2022-10-01T05:00:00Z
Nebraska,10000000,Mining and logging,1031,Confidential,Confidential,Confidential,No,No,2022-10-01T05:00:00Z
Nebraska,15000000,Natural Resources and Mining and Constru,61466,40.5,$31.58,"$1,278.99",No,No,2022-10-01T05:00:00Z
Nebraska,20000000,Construction,60435,Confidential,Confidential,Confidential,No,No,2022-10-01T05:00:00Z
Nebraska,30000000,Manufacturing,104207,38.9,$28.10,"$1,093.09",No,No,2022-10-01T05:00:00Z
Nebraska,31000000,Durable goods,45428,Confidential,Confidential,Confidential,No,No,2022-10-01T05:00:00Z
Nebraska,32000000,Nondurable goods,58779,Confidential,Confidential,Confidential,No,No,2022-10-01T05:00:00Z
Nebraska,40000000,"Trade, transportation, and utilities",196211,32.3,$25.60,$826.88,No,No,2022-10-01T05:00:00Z
Nebraska,41000000,Wholesale Trade,40719,Confidential,Confidential,Confidential,No,No,2022-10-01T05:00:00Z
Nebraska,42000000,Retail trade,104504,Confidential,Confidential,Confidential,No,No,2022-10-01T05:00:00Z
Nebraska,43000000,Transportation and warehousing,50988,Confidential,Confidential,Confidential,No,No,2022-10-01T05:00:00Z
Nebraska,50000000,Information,17621,Confidential,Confidential,Confidential,No,No,2022-10-01T05:00:00Z
Nebraska,55000000,Financial activities,72336,39.0,$37.17,"$1,449.63",No,No,2022-10-01T05:00:00Z
Nebraska,60000000,Professional and business services,122946,37.2,$33.99,"$1,264.43",No,No,2022-10-01T05:00:00Z
Nebraska,65000000,Education and health services,158778,31.5,$31.91,"$1,005.17",No,No,2022-10-01T05:00:00Z
Nebraska,70000000,Leisure and hospitality,94642,23.3,$17.86,$416.14,No,No,2022-10-01T05:00:00Z
Nebraska,80000000,Other services,36805,Confidential,Confidential,Confidential,No,No,2022-10-01T05:00:00Z
Nebraska,90000000,Government,174450,Confidential,Confidential,Confidential,No,No,2022-10-01T05:00:00Z
Nebraska,06000000,Goods-producing,165579,38.6,$29.68,"$1,145.65",No,No,2022-11-01T05:00:00Z
Nebraska,07000000,Service-providing,876039,Confidential,Confidential,Confidential,No,No,2022-11-01T05:00:00Z
Nebraska,08000000,Private service-providing,701221,32.0,$29.69,$950.08,No,No,2022-11-01T05:00:00Z
Nebraska,10000000,Mining and logging,1000,Confidential,Confidential,Confidential,No,No,2022-11-01T05:00:00Z
Nebraska,15000000,Natural Resources and Mining and Constru,60990,40.0,$31.41,"$1,256.40",No,No,2022-11-01T05:00:00Z
Nebraska,20000000,Construction,59990,Confidential,Confidential,Confidential,No,No,2022-11-01T05:00:00Z
Nebraska,30000000,Manufacturing,104589,37.8,$28.61,"$1,081.46",No,No,2022-11-01T05:00:00Z
Nebraska,31000000,Durable goods,45560,Confidential,Confidential,Confidential,No,No,2022-11-01T05:00:00Z
Nebraska,32000000,Nondurable goods,59029,Confidential,Confidential,Confidential,No,No,2022-11-01T05:00:00Z
Nebraska,40000000,"Trade, transportation, and utilities",199202,31.6,$25.67,$811.17,No,No,2022-11-01T05:00:00Z
Nebraska,41000000,Wholesale Trade,40961,Confidential,Confidential,Confidential,No,No,2022-11-01T05:00:00Z
Nebraska,42000000,Retail trade,106406,Confidential,Confidential,Confidential,No,No,2022-11-01T05:00:00Z
Nebraska,43000000,Transportation and warehousing,51835,Confidential,Confidential,Confidential,No,No,2022-11-01T05:00:00Z
Nebraska,50000000,Information,17599,Confidential,Confidential,Confidential,No,No,2022-11-01T05:00:00Z
Nebraska,55000000,Financial activities,72279,38.1,$35.83,"$1,365.12",No,No,2022-11-01T05:00:00Z
Nebraska,60000000,Professional and business services,123466,36.5,$33.84,"$1,235.16",No,No,2022-11-01T05:00:00Z
Nebraska,65000000,Education and health services,159427,31.6,$31.51,$995.72,No,No,2022-11-01T05:00:00Z
Nebraska,70000000,Leisure and hospitality,92515,22.8,$18.29,$417.01,No,No,2022-11-01T05:00:00Z
Nebraska,80000000,Other services,36733,Confidential,Confidential,Confidential,No,No,2022-11-01T05:00:00Z
Nebraska,90000000,Government,174818,Confidential,Confidential,Confidential,No,No,2022-11-01T05:00:00Z
Nebraska,06000000,Goods-producing,163935,37.2,$29.62,"$1,101.86",No,No,2022-12-01T06:00:00Z
Nebraska,07000000,Service-providing,877322,Confidential,Confidential,Confidential,No,No,2022-12-01T06:00:00Z
Nebraska,08000000,Private service-providing,702097,31.6,$30.05,$949.58,No,No,2022-12-01T06:00:00Z
Nebraska,10000000,Mining and logging,975,Confidential,Confidential,Confidential,No,No,2022-12-01T06:00:00Z
Nebraska,15000000,Natural Resources and Mining and Constru,59141,38.2,$31.54,"$1,204.83",No,No,2022-12-01T06:00:00Z
Nebraska,20000000,Construction,58166,Confidential,Confidential,Confidential,No,No,2022-12-01T06:00:00Z
Nebraska,30000000,Manufacturing,104794,36.6,$28.49,"$1,042.73",No,No,2022-12-01T06:00:00Z
Nebraska,31000000,Durable goods,45701,Confidential,Confidential,Confidential,No,No,2022-12-01T06:00:00Z
Nebraska,32000000,Nondurable goods,59093,Confidential,Confidential,Confidential,No,No,2022-12-01T06:00:00Z
Nebraska,40000000,"Trade, transportation, and utilities",201081,31.2,$26.02,$811.82,No,No,2022-12-01T06:00:00Z
Nebraska,41000000,Wholesale Trade,41094,Confidential,Confidential,Confidential,No,No,2022-12-01T06:00:00Z
Nebraska,42000000,Retail trade,107484,Confidential,Confidential,Confidential,No,No,2022-12-01T06:00:00Z
Nebraska,43000000,Transportation and warehousing,52503,Confidential,Confidential,Confidential,No,No,2022-12-01T06:00:00Z
Nebraska,50000000,Information,17461,Confidential,Confidential,Confidential,No,No,2022-12-01T06:00:00Z
Nebraska,55000000,Financial activities,72498,37.7,$36.45,"$1,374.17",No,No,2022-12-01T06:00:00Z
Nebraska,60000000,Professional and business services,123461,36.2,$33.67,"$1,218.85",No,No,2022-12-01T06:00:00Z
Nebraska,65000000,Education and health services,159341,31.5,$31.91,"$1,005.17",No,No,2022-12-01T06:00:00Z
Nebraska,70000000,Leisure and hospitality,91573,22.2,$18.44,$409.37,No,No,2022-12-01T06:00:00Z
Nebraska,80000000,Other services,36682,Confidential,Confidential,Confidential,No,No,2022-12-01T06:00:00Z
Nebraska,90000000,Government,175225,Confidential,Confidential,Confidential,No,No,2022-12-01T06:00:00Z
Nebraska,06000000,Goods-producing,161143,38.2,$29.75,"$1,136.45",No,No,2023-01-01T06:00:00Z
Nebraska,07000000,Service-providing,860388,Confidential,Confidential,Confidential,No,No,2023-01-01T06:00:00Z
Nebraska,08000000,Private service-providing,691347,31.9,$31.06,$990.81,No,No,2023-01-01T06:00:00Z
Nebraska,10000000,Mining and logging,925,Confidential,Confidential,Confidential,No,No,2023-01-01T06:00:00Z
Nebraska,15000000,Natural Resources and Mining and Constru,56713,39.7,$31.58,"$1,253.73",No,No,2023-01-01T06:00:00Z
Nebraska,20000000,Construction,55788,Confidential,Confidential,Confidential,No,No,2023-01-01T06:00:00Z
Nebraska,30000000,Manufacturing,104430,37.3,$28.69,"$1,070.14",No,No,2023-01-01T06:00:00Z
Nebraska,31000000,Durable goods,45405,Confidential,Confidential,Confidential,No,No,2023-01-01T06:00:00Z
Nebraska,32000000,Nondurable goods,59025,Confidential,Confidential,Confidential,No,No,2023-01-01T06:00:00Z
Nebraska,40000000,"Trade, transportation, and utilities",195358,31.7,$26.08,$826.74,No,No,2023-01-01T06:00:00Z
Nebraska,41000000,Wholesale Trade,40715,Confidential,Confidential,Confidential,No,No,2023-01-01T06:00:00Z
Nebraska,42000000,Retail trade,103953,Confidential,Confidential,Confidential,No,No,2023-01-01T06:00:00Z
Nebraska,43000000,Transportation and warehousing,50690,Confidential,Confidential,Confidential,No,No,2023-01-01T06:00:00Z
Nebraska,50000000,Information,17321,Confidential,Confidential,Confidential,No,No,2023-01-01T06:00:00Z
Nebraska,55000000,Financial activities,71763,39.4,$37.58,"$1,480.65",No,No,2023-01-01T06:00:00Z
Nebraska,60000000,Professional and business services,121365,35.5,$34.62,"$1,229.01",No,No,2023-01-01T06:00:00Z
Nebraska,65000000,Education and health services,159010,32.0,$33.27,"$1,064.64",No,No,2023-01-01T06:00:00Z
Nebraska,70000000,Leisure and hospitality,90162,22.6,$18.84,$425.78,No,No,2023-01-01T06:00:00Z
Nebraska,80000000,Other services,36368,Confidential,Confidential,Confidential,No,No,2023-01-01T06:00:00Z
Nebraska,90000000,Government,169041,Confidential,Confidential,Confidential,No,No,2023-01-01T06:00:00Z
Nebraska,06000000,Goods-producing,161734,37.4,$29.77,"$1,113.40",No,No,2023-02-01T06:00:00Z
Nebraska,07000000,Service-providing,866917,Confidential,Confidential,Confidential,No,No,2023-02-01T06:00:00Z
Nebraska,08000000,Private service-providing,693710,31.5,$30.39,$957.29,No,No,2023-02-01T06:00:00Z
Nebraska,10000000,Mining and logging,955,Confidential,Confidential,Confidential,No,No,2023-02-01T06:00:00Z
Nebraska,15000000,Natural Resources and Mining and Constru,57040,38.1,$31.35,"$1,194.44",No,No,2023-02-01T06:00:00Z
Nebraska,20000000,Construction,56085,Confidential,Confidential,Confidential,No,No,2023-02-01T06:00:00Z
Nebraska,30000000,Manufacturing,104694,37.0,$28.88,"$1,068.56",No,No,2023-02-01T06:00:00Z
Nebraska,31000000,Durable goods,45316,Confidential,Confidential,Confidential,No,No,2023-02-01T06:00:00Z
Nebraska,32000000,Nondurable goods,59378,Confidential,Confidential,Confidential,No,No,2023-02-01T06:00:00Z
Nebraska,40000000,"Trade, transportation, and utilities",195029,31.2,$25.80,$804.96,No,No,2023-02-01T06:00:00Z
Nebraska,41000000,Wholesale Trade,40759,Confidential,Confidential,Confidential,No,No,2023-02-01T06:00:00Z
Nebraska,42000000,Retail trade,103418,Confidential,Confidential,Confidential,No,No,2023-02-01T06:00:00Z
Nebraska,43000000,Transportation and warehousing,50852,Confidential,Confidential,Confidential,No,No,2023-02-01T06:00:00Z
Nebraska,50000000,Information,17215,Confidential,Confidential,Confidential,No,No,2023-02-01T06:00:00Z
Nebraska,55000000,Financial activities,71836,38.3,$36.93,"$1,414.42",No,No,2023-02-01T06:00:00Z
Nebraska,60000000,Professional and business services,122210,35.1,$34.20,"$1,200.42",No,No,2023-02-01T06:00:00Z
Nebraska,65000000,Education and health services,159468,31.8,$32.37,"$1,029.37",No,No,2023-02-01T06:00:00Z
Nebraska,70000000,Leisure and hospitality,91347,22.6,$18.75,$423.75,No,No,2023-02-01T06:00:00Z
Nebraska,80000000,Other services,36605,Confidential,Confidential,Confidential,No,No,2023-02-01T06:00:00Z
Nebraska,90000000,Government,173207,Confidential,Confidential,Confidential,No,No,2023-02-01T06:00:00Z
Nebraska,06000000,Goods-producing,163029,37.8,$29.97,"$1,132.87",No,No,2023-03-01T06:00:00Z
Nebraska,07000000,Service-providing,870975,Confidential,Confidential,Confidential,No,No,2023-03-01T06:00:00Z
Nebraska,08000000,Private service-providing,696562,31.5,$30.28,$953.82,No,No,2023-03-01T06:00:00Z
Nebraska,10000000,Mining and logging,980,Confidential,Confidential,Confidential,No,No,2023-03-01T06:00:00Z
Nebraska,15000000,Natural Resources and Mining and Constru,58487,38.7,$31.25,"$1,209.38",No,No,2023-03-01T06:00:00Z
Nebraska,20000000,Construction,57507,Confidential,Confidential,Confidential,No,No,2023-03-01T06:00:00Z
Nebraska,30000000,Manufacturing,104542,37.3,$29.23,"$1,090.28",No,No,2023-03-01T06:00:00Z
Nebraska,31000000,Durable goods,45093,Confidential,Confidential,Confidential,No,No,2023-03-01T06:00:00Z
Nebraska,32000000,Nondurable goods,59449,Confidential,Confidential,Confidential,No,No,2023-03-01T06:00:00Z
Nebraska,40000000,"Trade, transportation, and utilities",195458,31.4,$25.70,$806.98,No,No,2023-03-01T06:00:00Z
Nebraska,41000000,Wholesale Trade,41061,Confidential,Confidential,Confidential,No,No,2023-03-01T06:00:00Z
Nebraska,42000000,Retail trade,103456,Confidential,Confidential,Confidential,No,No,2023-03-01T06:00:00Z
Nebraska,43000000,Transportation and warehousing,50941,Confidential,Confidential,Confidential,No,No,2023-03-01T06:00:00Z
Nebraska,50000000,Information,17073,Confidential,Confidential,Confidential,No,No,2023-03-01T06:00:00Z
Nebraska,55000000,Financial activities,71757,37.9,$36.26,"$1,374.25",No,No,2023-03-01T06:00:00Z
Nebraska,60000000,Professional and business services,122450,35.0,$34.13,"$1,194.55",No,No,2023-03-01T06:00:00Z
Nebraska,65000000,Education and health services,160336,31.7,$32.48,"$1,029.62",No,No,2023-03-01T06:00:00Z
Nebraska,70000000,Leisure and hospitality,92734,22.5,$19.06,$428.85,No,No,2023-03-01T06:00:00Z
Nebraska,80000000,Other services,36754,Confidential,Confidential,Confidential,No,No,2023-03-01T06:00:00Z
Nebraska,90000000,Government,174413,Confidential,Confidential,Confidential,No,No,2023-03-01T06:00:00Z
Nebraska,06000000,Goods-producing,166046,38.5,$30.32,"$1,167.32",No,No,2023-04-01T05:00:00Z
Nebraska,07000000,Service-providing,879982,Confidential,Confidential,Confidential,No,No,2023-04-01T05:00:00Z
Nebraska,08000000,Private service-providing,704692,32.0,$30.87,$987.84,No,No,2023-04-01T05:00:00Z
Nebraska,10000000,Mining and logging,1009,Confidential,Confidential,Confidential,No,No,2023-04-01T05:00:00Z
Nebraska,15000000,Natural Resources and Mining and Constru,61816,41.1,$31.43,"$1,291.77",No,No,2023-04-01T05:00:00Z
Nebraska,20000000,Construction,60807,Confidential,Confidential,Confidential,No,No,2023-04-01T05:00:00Z
Nebraska,30000000,Manufacturing,104230,36.9,$29.58,"$1,091.50",No,No,2023-04-01T05:00:00Z
Nebraska,31000000,Durable goods,45202,Confidential,Confidential,Confidential,No,No,2023-04-01T05:00:00Z
Nebraska,32000000,Nondurable goods,59028,Confidential,Confidential,Confidential,No,No,2023-04-01T05:00:00Z
Nebraska,40000000,"Trade, transportation, and utilities",196579,32.1,$26.51,$850.97,No,No,2023-04-01T05:00:00Z
Nebraska,41000000,Wholesale Trade,41567,Confidential,Confidential,Confidential,No,No,2023-04-01T05:00:00Z
Nebraska,42000000,Retail trade,103912,Confidential,Confidential,Confidential,No,No,2023-04-01T05:00:00Z
Nebraska,43000000,Transportation and warehousing,51100,Confidential,Confidential,Confidential,No,No,2023-04-01T05:00:00Z
Nebraska,50000000,Information,17166,Confidential,Confidential,Confidential,No,No,2023-04-01T05:00:00Z
Nebraska,55000000,Financial activities,71960,39.0,$37.11,"$1,447.29",No,No,2023-04-01T05:00:00Z
Nebraska,60000000,Professional and business services,125190,35.5,$34.73,"$1,232.92",No,No,2023-04-01T05:00:00Z
Nebraska,65000000,Education and health services,160698,32.2,$32.92,"$1,060.02",No,No,2023-04-01T05:00:00Z
Nebraska,70000000,Leisure and hospitality,96136,22.3,$19.25,$429.28,No,No,2023-04-01T05:00:00Z
Nebraska,80000000,Other services,36963,Confidential,Confidential,Confidential,No,No,2023-04-01T05:00:00Z
Nebraska,90000000,Government,175290,Confidential,Confidential,Confidential,No,No,2023-04-01T05:00:00Z
Nebraska,06000000,Goods-producing,167878,39.2,$30.12,"$1,180.70",No,No,2023-05-01T05:00:00Z
Nebraska,07000000,Service-providing,885243,Confidential,Confidential,Confidential,No,No,2023-05-01T05:00:00Z
Nebraska,08000000,Private service-providing,708048,31.7,$30.65,$971.61,No,No,2023-05-01T05:00:00Z
Nebraska,10000000,Mining and logging,1052,Confidential,Confidential,Confidential,No,No,2023-05-01T05:00:00Z
Nebraska,15000000,Natural Resources and Mining and Constru,63299,41.8,$31.30,"$1,308.34",No,No,2023-05-01T05:00:00Z
Nebraska,20000000,Construction,62247,Confidential,Confidential,Confidential,No,No,2023-05-01T05:00:00Z
Nebraska,30000000,Manufacturing,104579,37.6,$29.32,"$1,102.43",No,No,2023-05-01T05:00:00Z
Nebraska,31000000,Durable goods,45184,Confidential,Confidential,Confidential,No,No,2023-05-01T05:00:00Z
Nebraska,32000000,Nondurable goods,59395,Confidential,Confidential,Confidential,No,No,2023-05-01T05:00:00Z
Nebraska,40000000,"Trade, transportation, and utilities",197695,32.4,$26.50,$858.60,No,No,2023-05-01T05:00:00Z
Nebraska,41000000,Wholesale Trade,41867,Confidential,Confidential,Confidential,No,No,2023-05-01T05:00:00Z
Nebraska,42000000,Retail trade,104181,Confidential,Confidential,Confidential,No,No,2023-05-01T05:00:00Z
Nebraska,43000000,Transportation and warehousing,51647,Confidential,Confidential,Confidential,No,No,2023-05-01T05:00:00Z
Nebraska,50000000,Information,17222,Confidential,Confidential,Confidential,No,No,2023-05-01T05:00:00Z
Nebraska,55000000,Financial activities,72074,37.5,$37.03,"$1,388.63",No,No,2023-05-01T05:00:00Z
Nebraska,60000000,Professional and business services,124139,35.1,$34.89,"$1,224.64",No,No,2023-05-01T05:00:00Z
Nebraska,65000000,Education and health services,160940,31.7,$32.71,"$1,036.91",No,No,2023-05-01T05:00:00Z
Nebraska,70000000,Leisure and hospitality,98857,22.4,$19.24,$430.98,No,No,2023-05-01T05:00:00Z
Nebraska,80000000,Other services,37121,Confidential,Confidential,Confidential,No,No,2023-05-01T05:00:00Z
Nebraska,90000000,Government,177195,Confidential,Confidential,Confidential,No,No,2023-05-01T05:00:00Z
Nebraska,06000000,Goods-producing,170637,39.1,$30.28,"$1,183.95",No,No,2023-06-01T05:00:00Z
Nebraska,07000000,Service-providing,893401,Confidential,Confidential,Confidential,No,No,2023-06-01T05:00:00Z
Nebraska,08000000,Private service-providing,715303,32.2,$30.42,$979.52,No,No,2023-06-01T05:00:00Z
Nebraska,10000000,Mining and logging,1036,Confidential,Confidential,Confidential,No,No,2023-06-01T05:00:00Z
Nebraska,15000000,Natural Resources and Mining and Constru,65165,41.9,$31.53,"$1,321.11",No,No,2023-06-01T05:00:00Z
Nebraska,20000000,Construction,64129,Confidential,Confidential,Confidential,No,No,2023-06-01T05:00:00Z
Nebraska,30000000,Manufacturing,105472,37.3,$29.41,"$1,096.99",No,No,2023-06-01T05:00:00Z
Nebraska,31000000,Durable goods,45480,Confidential,Confidential,Confidential,No,No,2023-06-01T05:00:00Z
Nebraska,32000000,Nondurable goods,59992,Confidential,Confidential,Confidential,No,No,2023-06-01T05:00:00Z
Nebraska,40000000,"Trade, transportation, and utilities",199293,32.6,$26.40,$860.64,No,No,2023-06-01T05:00:00Z
Nebraska,41000000,Wholesale Trade,42316,Confidential,Confidential,Confidential,No,No,2023-06-01T05:00:00Z
Nebraska,42000000,Retail trade,104804,Confidential,Confidential,Confidential,No,No,2023-06-01T05:00:00Z
Nebraska,43000000,Transportation and warehousing,52173,Confidential,Confidential,Confidential,No,No,2023-06-01T05:00:00Z
Nebraska,50000000,Information,17374,Confidential,Confidential,Confidential,No,No,2023-06-01T05:00:00Z
Nebraska,55000000,Financial activities,72466,37.7,$36.72,"$1,384.34",No,No,2023-06-01T05:00:00Z
Nebraska,60000000,Professional and business services,125929,35.4,$34.09,"$1,206.79",No,No,2023-06-01T05:00:00Z
Nebraska,65000000,Education and health services,161675,32.3,$32.51,"$1,050.07",No,No,2023-06-01T05:00:00Z
Nebraska,70000000,Leisure and hospitality,101072,23.5,$18.87,$443.45,No,No,2023-06-01T05:00:00Z
Nebraska,80000000,Other services,37494,Confidential,Confidential,Confidential,No,No,2023-06-01T05:00:00Z
Nebraska,90000000,Government,178098,Confidential,Confidential,Confidential,No,No,2023-06-01T05:00:00Z
Nebraska,06000000,Goods-producing,170135,38.9,$30.50,"$1,186.45",No,No,2023-07-01T05:00:00Z
Nebraska,07000000,Service-providing,880027,Confidential,Confidential,Confidential,No,No,2023-07-01T05:00:00Z
Nebraska,08000000,Private service-providing,713346,32.5,$30.96,"$1,006.20",No,No,2023-07-01T05:00:00Z
Nebraska,10000000,Mining and logging,1040,Confidential,Confidential,Confidential,No,No,2023-07-01T05:00:00Z
Nebraska,15000000,Natural Resources and Mining and Constru,65378,40.7,$32.00,"$1,302.40",No,No,2023-07-01T05:00:00Z
Nebraska,20000000,Construction,64338,Confidential,Confidential,Confidential,No,No,2023-07-01T05:00:00Z
Nebraska,30000000,Manufacturing,104757,37.8,$29.50,"$1,115.10",No,No,2023-07-01T05:00:00Z
Nebraska,31000000,Durable goods,45360,Confidential,Confidential,Confidential,No,No,2023-07-01T05:00:00Z
Nebraska,32000000,Nondurable goods,59397,Confidential,Confidential,Confidential,No,No,2023-07-01T05:00:00Z
Nebraska,40000000,"Trade, transportation, and utilities",198445,32.3,$27.01,$872.42,No,No,2023-07-01T05:00:00Z
Nebraska,41000000,Wholesale Trade,42189,Confidential,Confidential,Confidential,No,No,2023-07-01T05:00:00Z
Nebraska,42000000,Retail trade,104297,Confidential,Confidential,Confidential,No,No,2023-07-01T05:00:00Z
Nebraska,43000000,Transportation and warehousing,51959,Confidential,Confidential,Confidential,No,No,2023-07-01T05:00:00Z
Nebraska,50000000,Information,17342,Confidential,Confidential,Confidential,No,No,2023-07-01T05:00:00Z
Nebraska,55000000,Financial activities,72375,38.4,$38.65,"$1,484.16",No,No,2023-07-01T05:00:00Z
Nebraska,60000000,Professional and business services,125520,36.1,$33.90,"$1,223.79",No,No,2023-07-01T05:00:00Z
Nebraska,65000000,Education and health services,161462,32.8,$33.22,"$1,089.62",No,No,2023-07-01T05:00:00Z
Nebraska,70000000,Leisure and hospitality,100774,23.7,$18.99,$450.06,No,No,2023-07-01T05:00:00Z
Nebraska,80000000,Other services,37428,Confidential,Confidential,Confidential,No,No,2023-07-01T05:00:00Z
Nebraska,90000000,Government,166681,Confidential,Confidential,Confidential,No,No,2023-07-01T05:00:00Z
Nebraska,06000000,Goods-producing,169223,39.1,$30.76,"$1,202.72",No,No,2023-08-01T05:00:00Z
Nebraska,07000000,Service-providing,881442,Confidential,Confidential,Confidential,No,No,2023-08-01T05:00:00Z
Nebraska,08000000,Private service-providing,713578,32.1,$30.70,$985.47,No,No,2023-08-01T05:00:00Z
Nebraska,10000000,Mining and logging,1030,Confidential,Confidential,Confidential,No,No,2023-08-01T05:00:00Z
Nebraska,15000000,Natural Resources and Mining and Constru,64695,41.4,$32.14,"$1,330.60",No,No,2023-08-01T05:00:00Z
Nebraska,20000000,Construction,63665,Confidential,Confidential,Confidential,No,No,2023-08-01T05:00:00Z
Nebraska,30000000,Manufacturing,104528,37.7,$29.83,"$1,124.59",No,No,2023-08-01T05:00:00Z
Nebraska,31000000,Durable goods,45168,Confidential,Confidential,Confidential,No,No,2023-08-01T05:00:00Z
Nebraska,32000000,Nondurable goods,59360,Confidential,Confidential,Confidential,No,No,2023-08-01T05:00:00Z
Nebraska,40000000,"Trade, transportation, and utilities",197961,32.0,$27.10,$867.20,No,No,2023-08-01T05:00:00Z
Nebraska,41000000,Wholesale Trade,41992,Confidential,Confidential,Confidential,No,No,2023-08-01T05:00:00Z
Nebraska,42000000,Retail trade,104223,Confidential,Confidential,Confidential,No,No,2023-08-01T05:00:00Z
Nebraska,43000000,Transportation and warehousing,51746,Confidential,Confidential,Confidential,No,No,2023-08-01T05:00:00Z
Nebraska,50000000,Information,17214,Confidential,Confidential,Confidential,No,No,2023-08-01T05:00:00Z
Nebraska,55000000,Financial activities,72076,37.1,$38.77,"$1,438.37",No,No,2023-08-01T05:00:00Z
Nebraska,60000000,Professional and business services,125153,35.7,$33.74,"$1,204.52",No,No,2023-08-01T05:00:00Z
Nebraska,65000000,Education and health services,162259,32.6,$32.43,"$1,057.22",No,No,2023-08-01T05:00:00Z
Nebraska,70000000,Leisure and hospitality,101700,23.3,$19.18,$446.89,No,No,2023-08-01T05:00:00Z
Nebraska,80000000,Other services,37215,Confidential,Confidential,Confidential,No,No,2023-08-01T05:00:00Z
Nebraska,90000000,Government,167864,Confidential,Confidential,Confidential,No,No,2023-08-01T05:00:00Z
Nebraska,06000000,Goods-producing,168160,39.4,$30.91,"$1,217.85",No,No,2023-09-01T05:00:00Z
Nebraska,07000000,Service-providing,887581,Confidential,Confidential,Confidential,No,No,2023-09-01T05:00:00Z
Nebraska,08000000,Private service-providing,711374,32.2,$30.57,$984.35,No,No,2023-09-01T05:00:00Z
Nebraska,10000000,Mining and logging,1020,Confidential,Confidential,Confidential,No,No,2023-09-01T05:00:00Z
Nebraska,15000000,Natural Resources and Mining and Constru,63568,41.3,$32.27,"$1,332.75",No,No,2023-09-01T05:00:00Z
Nebraska,20000000,Construction,62548,Confidential,Confidential,Confidential,No,No,2023-09-01T05:00:00Z
Nebraska,30000000,Manufacturing,104592,38.2,$30.01,"$1,146.38",No,No,2023-09-01T05:00:00Z
Nebraska,31000000,Durable goods,44951,Confidential,Confidential,Confidential,No,No,2023-09-01T05:00:00Z
Nebraska,32000000,Nondurable goods,59641,Confidential,Confidential,Confidential,No,No,2023-09-01T05:00:00Z
Nebraska,40000000,"Trade, transportation, and utilities",197625,31.4,$27.56,$865.38,No,No,2023-09-01T05:00:00Z
Nebraska,41000000,Wholesale Trade,41578,Confidential,Confidential,Confidential,No,No,2023-09-01T05:00:00Z
Nebraska,42000000,Retail trade,103371,Confidential,Confidential,Confidential,No,No,2023-09-01T05:00:00Z
Nebraska,43000000,Transportation and warehousing,52676,Confidential,Confidential,Confidential,No,No,2023-09-01T05:00:00Z
Nebraska,50000000,Information,17102,Confidential,Confidential,Confidential,No,No,2023-09-01T05:00:00Z
Nebraska,55000000,Financial activities,71628,37.2,$38.69,"$1,439.27",No,No,2023-09-01T05:00:00Z
Nebraska,60000000,Professional and business services,125010,36.5,$33.07,"$1,207.06",No,No,2023-09-01T05:00:00Z
Nebraska,65000000,Education and health services,163008,32.4,$32.20,"$1,043.28",No,No,2023-09-01T05:00:00Z
Nebraska,70000000,Leisure and hospitality,100082,22.8,$19.30,$440.04,No,No,2023-09-01T05:00:00Z
Nebraska,80000000,Other services,36919,Confidential,Confidential,Confidential,No,No,2023-09-01T05:00:00Z
Nebraska,90000000,Government,176207,Confidential,Confidential,Confidential,No,No,2023-09-01T05:00:00Z
Nebraska,06000000,Goods-producing,167785,39.6,$31.29,"$1,239.08",No,No,2023-10-01T05:00:00Z
Nebraska,07000000,Service-providing,892129,Confidential,Confidential,Confidential,No,No,2023-10-01T05:00:00Z
Nebraska,08000000,Private service-providing,713365,32.4,$31.08,"$1,006.99",No,No,2023-10-01T05:00:00Z
Nebraska,10000000,Mining and logging,1028,Confidential,Confidential,Confidential,No,No,2023-10-01T05:00:00Z
Nebraska,15000000,Natural Resources and Mining and Constru,63345,40.7,$33.43,"$1,360.60",No,No,2023-10-01T05:00:00Z
Nebraska,20000000,Construction,62317,Confidential,Confidential,Confidential,No,No,2023-10-01T05:00:00Z
Nebraska,30000000,Manufacturing,104440,38.9,$29.93,"$1,164.28",No,No,2023-10-01T05:00:00Z
Nebraska,31000000,Durable goods,44625,Confidential,Confidential,Confidential,No,No,2023-10-01T05:00:00Z
Nebraska,32000000,Nondurable goods,59815,Confidential,Confidential,Confidential,No,No,2023-10-01T05:00:00Z
Nebraska,40000000,"Trade, transportation, and utilities",199476,31.5,$27.47,$865.31,No,No,2023-10-01T05:00:00Z
Nebraska,41000000,Wholesale Trade,41618,Confidential,Confidential,Confidential,No,No,2023-10-01T05:00:00Z
Nebraska,42000000,Retail trade,104793,Confidential,Confidential,Confidential,No,No,2023-10-01T05:00:00Z
Nebraska,43000000,Transportation and warehousing,53065,Confidential,Confidential,Confidential,No,No,2023-10-01T05:00:00Z
Nebraska,50000000,Information,17351,Confidential,Confidential,Confidential,No,No,2023-10-01T05:00:00Z
Nebraska,55000000,Financial activities,71640,38.0,$39.76,"$1,510.88",No,No,2023-10-01T05:00:00Z
Nebraska,60000000,Professional and business services,124741,37.1,$33.34,"$1,236.91",No,No,2023-10-01T05:00:00Z
Nebraska,65000000,Education and health services,164103,32.4,$32.72,"$1,060.13",No,No,2023-10-01T05:00:00Z
Nebraska,70000000,Leisure and hospitality,98805,22.6,$19.57,$442.28,No,No,2023-10-01T05:00:00Z
Nebraska,80000000,Other services,37249,Confidential,Confidential,Confidential,No,No,2023-10-01T05:00:00Z
Nebraska,90000000,Government,178764,Confidential,Confidential,Confidential,No,No,2023-10-01T05:00:00Z
Nebraska,06000000,Goods-producing,167184,38.5,$31.67,"$1,219.30",No,No,2023-11-01T05:00:00Z
Nebraska,07000000,Service-providing,893812,Confidential,Confidential,Confidential,No,No,2023-11-01T05:00:00Z
Nebraska,08000000,Private service-providing,714833,31.9,$30.93,$986.67,No,No,2023-11-01T05:00:00Z
Nebraska,10000000,Mining and logging,1001,Confidential,Confidential,Confidential,No,No,2023-11-01T05:00:00Z
Nebraska,15000000,Natural Resources and Mining and Constru,62558,40.5,$33.34,"$1,350.27",No,No,2023-11-01T05:00:00Z
Nebraska,20000000,Construction,61557,Confidential,Confidential,Confidential,No,No,2023-11-01T05:00:00Z
Nebraska,30000000,Manufacturing,104626,37.2,$30.58,"$1,137.58",No,No,2023-11-01T05:00:00Z
Nebraska,31000000,Durable goods,44637,Confidential,Confidential,Confidential,No,No,2023-11-01T05:00:00Z
Nebraska,32000000,Nondurable goods,59989,Confidential,Confidential,Confidential,No,No,2023-11-01T05:00:00Z
Nebraska,40000000,"Trade, transportation, and utilities",202684,31.3,$27.31,$854.80,No,No,2023-11-01T05:00:00Z
Nebraska,41000000,Wholesale Trade,41695,Confidential,Confidential,Confidential,No,No,2023-11-01T05:00:00Z
Nebraska,42000000,Retail trade,106931,Confidential,Confidential,Confidential,No,No,2023-11-01T05:00:00Z
Nebraska,43000000,Transportation and warehousing,54058,Confidential,Confidential,Confidential,No,No,2023-11-01T05:00:00Z
Nebraska,50000000,Information,17598,Confidential,Confidential,Confidential,No,No,2023-11-01T05:00:00Z
Nebraska,55000000,Financial activities,71548,36.7,$39.21,"$1,439.01",No,No,2023-11-01T05:00:00Z
Nebraska,60000000,Professional and business services,124200,36.1,$33.33,"$1,203.21",No,No,2023-11-01T05:00:00Z
Nebraska,65000000,Education and health services,164768,32.2,$32.93,"$1,060.35",No,No,2023-11-01T05:00:00Z
Nebraska,70000000,Leisure and hospitality,96823,22.1,$19.85,$438.69,No,No,2023-11-01T05:00:00Z
Nebraska,80000000,Other services,37212,Confidential,Confidential,Confidential,No,No,2023-11-01T05:00:00Z
Nebraska,90000000,Government,178979,Confidential,Confidential,Confidential,No,No,2023-11-01T05:00:00Z
Nebraska,06000000,Goods-producing,166161,38.7,$31.56,"$1,221.37",No,No,2023-12-01T06:00:00Z
Nebraska,07000000,Service-providing,894639,Confidential,Confidential,Confidential,No,No,2023-12-01T06:00:00Z
Nebraska,08000000,Private service-providing,716356,31.5,$30.76,$968.94,No,No,2023-12-01T06:00:00Z
Nebraska,10000000,Mining and logging,992,Confidential,Confidential,Confidential,No,No,2023-12-01T06:00:00Z
Nebraska,15000000,Natural Resources and Mining and Constru,61256,39.8,$34.13,"$1,358.37",No,No,2023-12-01T06:00:00Z
Nebraska,20000000,Construction,60264,Confidential,Confidential,Confidential,No,No,2023-12-01T06:00:00Z
Nebraska,30000000,Manufacturing,104905,38.1,$29.99,"$1,142.62",No,No,2023-12-01T06:00:00Z
Nebraska,31000000,Durable goods,44731,Confidential,Confidential,Confidential,No,No,2023-12-01T06:00:00Z
Nebraska,32000000,Nondurable goods,60174,Confidential,Confidential,Confidential,No,No,2023-12-01T06:00:00Z
Nebraska,40000000,"Trade, transportation, and utilities",204437,30.8,$27.86,$858.09,No,No,2023-12-01T06:00:00Z
Nebraska,41000000,Wholesale Trade,41833,Confidential,Confidential,Confidential,No,No,2023-12-01T06:00:00Z
Nebraska,42000000,Retail trade,107486,Confidential,Confidential,Confidential,No,No,2023-12-01T06:00:00Z
Nebraska,43000000,Transportation and warehousing,55118,Confidential,Confidential,Confidential,No,No,2023-12-01T06:00:00Z
Nebraska,50000000,Information,17863,Confidential,Confidential,Confidential,No,No,2023-12-01T06:00:00Z
Nebraska,55000000,Financial activities,71558,37.1,$39.71,"$1,473.24",No,No,2023-12-01T06:00:00Z
Nebraska,60000000,Professional and business services,124126,35.3,$33.85,"$1,194.91",No,No,2023-12-01T06:00:00Z
Nebraska,65000000,Education and health services,165358,31.4,$33.10,"$1,039.34",No,No,2023-12-01T06:00:00Z
Nebraska,70000000,Leisure and hospitality,95757,22.2,$19.84,$440.45,No,No,2023-12-01T06:00:00Z
Nebraska,80000000,Other services,37257,Confidential,Confidential,Confidential,No,No,2023-12-01T06:00:00Z
Nebraska,90000000,Government,178283,Confidential,Confidential,Confidential,No,No,2023-12-01T06:00:00Z
Nebraska,06000000,Goods-producing,160930,36.3,$31.53,"$1,144.54",No,No,2024-01-01T06:00:00Z
Nebraska,07000000,Service-providing,869797,Confidential,Confidential,Confidential,No,No,2024-01-01T06:00:00Z
Nebraska,08000000,Private service-providing,697762,30.6,$31.81,$973.39,No,No,2024-01-01T06:00:00Z
Nebraska,10000000,Mining and logging,938,Confidential,Confidential,Confidential,No,No,2024-01-01T06:00:00Z
Nebraska,15000000,Natural Resources and Mining and Constru,56707,35.9,$33.91,"$1,217.37",No,No,2024-01-01T06:00:00Z
Nebraska,20000000,Construction,55769,Confidential,Confidential,Confidential,No,No,2024-01-01T06:00:00Z
Nebraska,30000000,Manufacturing,104223,36.5,$30.26,"$1,104.49",No,No,2024-01-01T06:00:00Z
Nebraska,31000000,Durable goods,44249,Confidential,Confidential,Confidential,No,No,2024-01-01T06:00:00Z
Nebraska,32000000,Nondurable goods,59974,Confidential,Confidential,Confidential,No,No,2024-01-01T06:00:00Z
Nebraska,40000000,"Trade, transportation, and utilities",196044,29.6,$28.63,$847.45,No,No,2024-01-01T06:00:00Z
Nebraska,41000000,Wholesale Trade,41305,Confidential,Confidential,Confidential,No,No,2024-01-01T06:00:00Z
Nebraska,42000000,Retail trade,102778,Confidential,Confidential,Confidential,No,No,2024-01-01T06:00:00Z
Nebraska,43000000,Transportation and warehousing,51961,Confidential,Confidential,Confidential,No,No,2024-01-01T06:00:00Z
Nebraska,50000000,Information,17736,Confidential,Confidential,Confidential,No,No,2024-01-01T06:00:00Z
Nebraska,55000000,Financial activities,70751,36.8,$39.88,"$1,467.58",No,No,2024-01-01T06:00:00Z
Nebraska,60000000,Professional and business services,120918,33.7,$34.60,"$1,166.02",No,No,2024-01-01T06:00:00Z
Nebraska,65000000,Education and health services,164188,31.3,$33.86,"$1,059.82",No,No,2024-01-01T06:00:00Z
Nebraska,70000000,Leisure and hospitality,91402,20.7,$20.34,$421.04,No,No,2024-01-01T06:00:00Z
Nebraska,80000000,Other services,36723,Confidential,Confidential,Confidential,No,No,2024-01-01T06:00:00Z
Nebraska,90000000,Government,172035,Confidential,Confidential,Confidential,No,No,2024-01-01T06:00:00Z
Nebraska,06000000,Goods-producing,162590,38.0,$31.29,"$1,189.02",No,No,2024-02-01T06:00:00Z
Nebraska,07000000,Service-providing,879328,Confidential,Confidential,Confidential,No,No,2024-02-01T06:00:00Z
Nebraska,08000000,Private service-providing,703143,31.7,$31.08,$985.24,No,No,2024-02-01T06:00:00Z
Nebraska,10000000,Mining and logging,960,Confidential,Confidential,Confidential,No,No,2024-02-01T06:00:00Z
Nebraska,15000000,Natural Resources and Mining and Constru,58201,38.3,$33.28,"$1,274.62",No,No,2024-02-01T06:00:00Z
Nebraska,20000000,Construction,57241,Confidential,Confidential,Confidential,No,No,2024-02-01T06:00:00Z
Nebraska,30000000,Manufacturing,104389,37.8,$30.16,"$1,140.05",No,No,2024-02-01T06:00:00Z
Nebraska,31000000,Durable goods,44220,Confidential,Confidential,Confidential,No,No,2024-02-01T06:00:00Z
Nebraska,32000000,Nondurable goods,60169,Confidential,Confidential,Confidential,No,No,2024-02-01T06:00:00Z
Nebraska,40000000,"Trade, transportation, and utilities",196011,30.7,$27.82,$854.07,No,No,2024-02-01T06:00:00Z
Nebraska,41000000,Wholesale Trade,41363,Confidential,Confidential,Confidential,No,No,2024-02-01T06:00:00Z
Nebraska,42000000,Retail trade,102943,Confidential,Confidential,Confidential,No,No,2024-02-01T06:00:00Z
Nebraska,43000000,Transportation and warehousing,51705,Confidential,Confidential,Confidential,No,No,2024-02-01T06:00:00Z
Nebraska,50000000,Information,17670,Confidential,Confidential,Confidential,No,No,2024-02-01T06:00:00Z
Nebraska,55000000,Financial activities,70737,37.0,$40.84,"$1,511.08",No,No,2024-02-01T06:00:00Z
Nebraska,60000000,Professional and business services,121309,34.7,$34.47,"$1,196.11",No,No,2024-02-01T06:00:00Z
Nebraska,65000000,Education and health services,165801,31.7,$33.30,"$1,055.61",No,No,2024-02-01T06:00:00Z
Nebraska,70000000,Leisure and hospitality,94359,21.9,$19.90,$435.81,No,No,2024-02-01T06:00:00Z
Nebraska,80000000,Other services,37256,Confidential,Confidential,Confidential,No,No,2024-02-01T06:00:00Z
Nebraska,90000000,Government,176185,Confidential,Confidential,Confidential,No,No,2024-02-01T06:00:00Z
Nebraska,06000000,Goods-producing,164956,38.3,$31.28,"$1,198.02",No,No,2024-03-01T06:00:00Z
Nebraska,07000000,Service-providing,885649,Confidential,Confidential,Confidential,No,No,2024-03-01T06:00:00Z
Nebraska,08000000,Private service-providing,707794,31.8,$30.92,$983.26,No,No,2024-03-01T06:00:00Z
Nebraska,10000000,Mining and logging,994,Confidential,Confidential,Confidential,No,No,2024-03-01T06:00:00Z
Nebraska,15000000,Natural Resources and Mining and Constru,60430,38.3,$33.62,"$1,287.65",No,No,2024-03-01T06:00:00Z
Nebraska,20000000,Construction,59436,Confidential,Confidential,Confidential,No,No,2024-03-01T06:00:00Z
Nebraska,30000000,Manufacturing,104526,38.3,$29.92,"$1,145.94",No,No,2024-03-01T06:00:00Z
Nebraska,31000000,Durable goods,44333,Confidential,Confidential,Confidential,No,No,2024-03-01T06:00:00Z
Nebraska,32000000,Nondurable goods,60193,Confidential,Confidential,Confidential,No,No,2024-03-01T06:00:00Z
Nebraska,40000000,"Trade, transportation, and utilities",196421,30.7,$28.01,$859.91,No,No,2024-03-01T06:00:00Z
Nebraska,41000000,Wholesale Trade,41744,Confidential,Confidential,Confidential,No,No,2024-03-01T06:00:00Z
Nebraska,42000000,Retail trade,103129,Confidential,Confidential,Confidential,No,No,2024-03-01T06:00:00Z
Nebraska,43000000,Transportation and warehousing,51548,Confidential,Confidential,Confidential,No,No,2024-03-01T06:00:00Z
Nebraska,50000000,Information,17553,Confidential,Confidential,Confidential,No,No,2024-03-01T06:00:00Z
Nebraska,55000000,Financial activities,70540,37.5,$40.05,"$1,501.88",No,No,2024-03-01T06:00:00Z
Nebraska,60000000,Professional and business services,122463,35.1,$33.94,"$1,191.29",No,No,2024-03-01T06:00:00Z
Nebraska,65000000,Education and health services,166418,31.8,$32.92,"$1,046.86",No,No,2024-03-01T06:00:00Z
Nebraska,70000000,Leisure and hospitality,96867,21.9,$19.60,$429.24,No,No,2024-03-01T06:00:00Z
Nebraska,80000000,Other services,37532,Confidential,Confidential,Confidential,No,No,2024-03-01T06:00:00Z
Nebraska,90000000,Government,177855,Confidential,Confidential,Confidential,No,No,2024-03-01T06:00:00Z
Nebraska,06000000,Goods-producing,167127,38.5,$31.42,"$1,209.67",No,No,2024-04-01T05:00:00Z
Nebraska,07000000,Service-providing,890879,Confidential,Confidential,Confidential,No,No,2024-04-01T05:00:00Z
Nebraska,08000000,Private service-providing,712462,31.8,$31.46,"$1,000.43",No,No,2024-04-01T05:00:00Z
Nebraska,10000000,Mining and logging,998,Confidential,Confidential,Confidential,No,No,2024-04-01T05:00:00Z
Nebraska,15000000,Natural Resources and Mining and Constru,62797,38.4,$33.85,"$1,299.84",No,No,2024-04-01T05:00:00Z
Nebraska,20000000,Construction,61799,Confidential,Confidential,Confidential,No,No,2024-04-01T05:00:00Z
Nebraska,30000000,Manufacturing,104330,38.5,$29.96,"$1,153.46",No,No,2024-04-01T05:00:00Z
Nebraska,31000000,Durable goods,44338,Confidential,Confidential,Confidential,No,No,2024-04-01T05:00:00Z
Nebraska,32000000,Nondurable goods,59992,Confidential,Confidential,Confidential,No,No,2024-04-01T05:00:00Z
Nebraska,40000000,"Trade, transportation, and utilities",196834,31.0,$28.07,$870.17,No,No,2024-04-01T05:00:00Z
Nebraska,41000000,Wholesale Trade,41892,Confidential,Confidential,Confidential,No,No,2024-04-01T05:00:00Z
Nebraska,42000000,Retail trade,103744,Confidential,Confidential,Confidential,No,No,2024-04-01T05:00:00Z
Nebraska,43000000,Transportation and warehousing,51198,Confidential,Confidential,Confidential,No,No,2024-04-01T05:00:00Z
Nebraska,50000000,Information,17679,Confidential,Confidential,Confidential,No,No,2024-04-01T05:00:00Z
Nebraska,55000000,Financial activities,70644,37.5,$40.91,"$1,534.13",No,No,2024-04-01T05:00:00Z
Nebraska,60000000,Professional and business services,123103,35.2,$34.56,"$1,216.51",No,No,2024-04-01T05:00:00Z
Nebraska,65000000,Education and health services,167389,31.7,$33.35,"$1,057.20",No,No,2024-04-01T05:00:00Z
Nebraska,70000000,Leisure and hospitality,99135,21.8,$19.92,$434.26,No,No,2024-04-01T05:00:00Z
Nebraska,80000000,Other services,37678,Confidential,Confidential,Confidential,No,No,2024-04-01T05:00:00Z
Nebraska,90000000,Government,178417,Confidential,Confidential,Confidential,No,No,2024-04-01T05:00:00Z
Nebraska,06000000,Goods-producing,168517,38.6,$31.47,"$1,214.74",No,No,2024-05-01T05:00:00Z
Nebraska,07000000,Service-providing,898386,Confidential,Confidential,Confidential,No,No,2024-05-01T05:00:00Z
Nebraska,08000000,Private service-providing,716790,31.7,$31.21,$989.36,No,No,2024-05-01T05:00:00Z
Nebraska,10000000,Mining and logging,1048,Confidential,Confidential,Confidential,No,No,2024-05-01T05:00:00Z
Nebraska,15000000,Natural Resources and Mining and Constru,64052,38.8,$33.73,"$1,308.72",No,No,2024-05-01T05:00:00Z
Nebraska,20000000,Construction,63004,Confidential,Confidential,Confidential,No,No,2024-05-01T05:00:00Z
Nebraska,30000000,Manufacturing,104465,38.4,$30.07,"$1,154.69",No,No,2024-05-01T05:00:00Z
Nebraska,31000000,Durable goods,44447,Confidential,Confidential,Confidential,No,No,2024-05-01T05:00:00Z
Nebraska,32000000,Nondurable goods,60018,Confidential,Confidential,Confidential,No,No,2024-05-01T05:00:00Z
Nebraska,40000000,"Trade, transportation, and utilities",197445,31.3,$28.25,$884.23,No,No,2024-05-01T05:00:00Z
Nebraska,41000000,Wholesale Trade,42129,Confidential,Confidential,Confidential,No,No,2024-05-01T05:00:00Z
Nebraska,42000000,Retail trade,104346,Confidential,Confidential,Confidential,No,No,2024-05-01T05:00:00Z
Nebraska,43000000,Transportation and warehousing,50970,Confidential,Confidential,Confidential,No,No,2024-05-01T05:00:00Z
Nebraska,50000000,Information,17635,Confidential,Confidential,Confidential,No,No,2024-05-01T05:00:00Z
Nebraska,55000000,Financial activities,70968,37.0,$41.62,"$1,539.94",No,No,2024-05-01T05:00:00Z
Nebraska,60000000,Professional and business services,123001,35.2,$34.44,"$1,212.29",No,No,2024-05-01T05:00:00Z
Nebraska,65000000,Education and health services,167538,31.7,$32.57,"$1,032.47",No,No,2024-05-01T05:00:00Z
Nebraska,70000000,Leisure and hospitality,102303,21.7,$19.99,$433.78,No,No,2024-05-01T05:00:00Z
Nebraska,80000000,Other services,37900,Confidential,Confidential,Confidential,No,No,2024-05-01T05:00:00Z
Nebraska,90000000,Government,181596,Confidential,Confidential,Confidential,No,No,2024-05-01T05:00:00Z
Nebraska,06000000,Goods-producing,170313,39.3,$31.37,"$1,232.84",No,No,2024-06-01T05:00:00Z
Nebraska,07000000,Service-providing,898471,Confidential,Confidential,Confidential,No,No,2024-06-01T05:00:00Z
Nebraska,08000000,Private service-providing,720676,32.6,$31.11,"$1,014.19",No,No,2024-06-01T05:00:00Z
Nebraska,10000000,Mining and logging,1019,Confidential,Confidential,Confidential,No,No,2024-06-01T05:00:00Z
Nebraska,15000000,Natural Resources and Mining and Constru,65474,39.6,$33.99,"$1,346.00",No,No,2024-06-01T05:00:00Z
Nebraska,20000000,Construction,64455,Confidential,Confidential,Confidential,No,No,2024-06-01T05:00:00Z
Nebraska,30000000,Manufacturing,104839,39.1,$29.72,"$1,162.05",No,No,2024-06-01T05:00:00Z
Nebraska,31000000,Durable goods,44782,Confidential,Confidential,Confidential,No,No,2024-06-01T05:00:00Z
Nebraska,32000000,Nondurable goods,60057,Confidential,Confidential,Confidential,No,No,2024-06-01T05:00:00Z
Nebraska,40000000,"Trade, transportation, and utilities",197811,31.8,$27.64,$878.95,No,No,2024-06-01T05:00:00Z
Nebraska,41000000,Wholesale Trade,42417,Confidential,Confidential,Confidential,No,No,2024-06-01T05:00:00Z
Nebraska,42000000,Retail trade,104748,Confidential,Confidential,Confidential,No,No,2024-06-01T05:00:00Z
Nebraska,43000000,Transportation and warehousing,50646,Confidential,Confidential,Confidential,No,No,2024-06-01T05:00:00Z
Nebraska,50000000,Information,17747,Confidential,Confidential,Confidential,No,No,2024-06-01T05:00:00Z
Nebraska,55000000,Financial activities,70989,38.7,$41.93,"$1,622.69",No,No,2024-06-01T05:00:00Z
Nebraska,60000000,Professional and business services,124120,35.4,$34.52,"$1,222.01",No,No,2024-06-01T05:00:00Z
Nebraska,65000000,Education and health services,167449,32.4,$32.48,"$1,052.35",No,No,2024-06-01T05:00:00Z
Nebraska,70000000,Leisure and hospitality,104353,23.4,$19.49,$456.07,No,No,2024-06-01T05:00:00Z
Nebraska,80000000,Other services,38207,Confidential,Confidential,Confidential,No,No,2024-06-01T05:00:00Z
Nebraska,90000000,Government,177795,Confidential,Confidential,Confidential,No,No,2024-06-01T05:00:00Z
Nebraska,06000000,Goods-producing,170425,38.9,$31.64,"$1,230.80",No,No,2024-07-01T05:00:00Z
Nebraska,07000000,Service-providing,887637,Confidential,Confidential,Confidential,No,No,2024-07-01T05:00:00Z
Nebraska,08000000,Private service-providing,718619,31.9,$31.11,$992.41,No,No,2024-07-01T05:00:00Z
Nebraska,10000000,Mining and logging,1040,Confidential,Confidential,Confidential,No,No,2024-07-01T05:00:00Z
Nebraska,15000000,Natural Resources and Mining and Constru,66095,39.1,$33.78,"$1,320.80",No,No,2024-07-01T05:00:00Z
Nebraska,20000000,Construction,65055,Confidential,Confidential,Confidential,No,No,2024-07-01T05:00:00Z
Nebraska,30000000,Manufacturing,104330,38.7,$30.27,"$1,171.45",No,No,2024-07-01T05:00:00Z
Nebraska,31000000,Durable goods,44399,Confidential,Confidential,Confidential,No,No,2024-07-01T05:00:00Z
Nebraska,32000000,Nondurable goods,59931,Confidential,Confidential,Confidential,No,No,2024-07-01T05:00:00Z
Nebraska,40000000,"Trade, transportation, and utilities",197122,31.4,$27.53,$864.44,No,No,2024-07-01T05:00:00Z
Nebraska,41000000,Wholesale Trade,42256,Confidential,Confidential,Confidential,No,No,2024-07-01T05:00:00Z
Nebraska,42000000,Retail trade,104367,Confidential,Confidential,Confidential,No,No,2024-07-01T05:00:00Z
Nebraska,43000000,Transportation and warehousing,50499,Confidential,Confidential,Confidential,No,No,2024-07-01T05:00:00Z
Nebraska,50000000,Information,17737,Confidential,Confidential,Confidential,No,No,2024-07-01T05:00:00Z
Nebraska,55000000,Financial activities,71303,37.5,$40.37,"$1,513.88",No,No,2024-07-01T05:00:00Z
Nebraska,60000000,Professional and business services,123318,34.3,$34.61,"$1,187.12",No,No,2024-07-01T05:00:00Z
Nebraska,65000000,Education and health services,167881,31.8,$33.17,"$1,054.81",No,No,2024-07-01T05:00:00Z
Nebraska,70000000,Leisure and hospitality,103122,22.5,$19.67,$442.58,No,No,2024-07-01T05:00:00Z
Nebraska,80000000,Other services,38136,Confidential,Confidential,Confidential,No,No,2024-07-01T05:00:00Z
Nebraska,90000000,Government,169018,Confidential,Confidential,Confidential,No,No,2024-07-01T05:00:00Z
Nebraska,06000000,Goods-producing,169750,39.3,$31.82,"$1,250.53",No,No,2024-08-01T05:00:00Z
Nebraska,07000000,Service-providing,887958,Confidential,Confidential,Confidential,No,No,2024-08-01T05:00:00Z
Nebraska,08000000,Private service-providing,718812,32.0,$31.22,$999.04,No,No,2024-08-01T05:00:00Z
Nebraska,10000000,Mining and logging,1055,Confidential,Confidential,Confidential,No,No,2024-08-01T05:00:00Z
Nebraska,15000000,Natural Resources and Mining and Constru,65715,39.4,$34.42,"$1,356.15",No,No,2024-08-01T05:00:00Z
Nebraska,20000000,Construction,64660,Confidential,Confidential,Confidential,No,No,2024-08-01T05:00:00Z
Nebraska,30000000,Manufacturing,104035,39.2,$30.17,"$1,182.66",No,No,2024-08-01T05:00:00Z
Nebraska,31000000,Durable goods,44132,Confidential,Confidential,Confidential,No,No,2024-08-01T05:00:00Z
Nebraska,32000000,Nondurable goods,59903,Confidential,Confidential,Confidential,No,No,2024-08-01T05:00:00Z
Nebraska,40000000,"Trade, transportation, and utilities",196628,31.0,$27.66,$857.46,No,No,2024-08-01T05:00:00Z
Nebraska,41000000,Wholesale Trade,41936,Confidential,Confidential,Confidential,No,No,2024-08-01T05:00:00Z
Nebraska,42000000,Retail trade,103822,Confidential,Confidential,Confidential,No,No,2024-08-01T05:00:00Z
Nebraska,43000000,Transportation and warehousing,50870,Confidential,Confidential,Confidential,No,No,2024-08-01T05:00:00Z
Nebraska,50000000,Information,17730,Confidential,Confidential,Confidential,No,No,2024-08-01T05:00:00Z
Nebraska,55000000,Financial activities,71130,36.7,$41.21,"$1,512.41",No,No,2024-08-01T05:00:00Z
Nebraska,60000000,Professional and business services,122702,34.9,$34.90,"$1,218.01",No,No,2024-08-01T05:00:00Z
Nebraska,65000000,Education and health services,168791,32.0,$32.82,"$1,050.24",No,No,2024-08-01T05:00:00Z
Nebraska,70000000,Leisure and hospitality,103841,22.8,$19.64,$447.79,No,No,2024-08-01T05:00:00Z
Nebraska,80000000,Other services,37990,Confidential,Confidential,Confidential,No,No,2024-08-01T05:00:00Z
Nebraska,90000000,Government,169146,Confidential,Confidential,Confidential,No,No,2024-08-01T05:00:00Z
Nebraska,06000000,Goods-producing,169162,39.0,$31.87,"$1,242.93",No,No,2024-09-01T05:00:00Z
Nebraska,07000000,Service-providing,893465,Confidential,Confidential,Confidential,No,No,2024-09-01T05:00:00Z
Nebraska,08000000,Private service-providing,714914,32.6,$31.51,"$1,027.23",No,No,2024-09-01T05:00:00Z
Nebraska,10000000,Mining and logging,1022,Confidential,Confidential,Confidential,No,No,2024-09-01T05:00:00Z
Nebraska,15000000,Natural Resources and Mining and Constru,65148,39.3,$34.53,"$1,357.03",No,No,2024-09-01T05:00:00Z
Nebraska,20000000,Construction,64126,Confidential,Confidential,Confidential,No,No,2024-09-01T05:00:00Z
Nebraska,30000000,Manufacturing,104014,38.8,$30.18,"$1,170.98",No,No,2024-09-01T05:00:00Z
Nebraska,31000000,Durable goods,43943,Confidential,Confidential,Confidential,No,No,2024-09-01T05:00:00Z
Nebraska,32000000,Nondurable goods,60071,Confidential,Confidential,Confidential,No,No,2024-09-01T05:00:00Z
Nebraska,40000000,"Trade, transportation, and utilities",195405,31.2,$27.95,$872.04,No,No,2024-09-01T05:00:00Z
Nebraska,41000000,Wholesale Trade,41498,Confidential,Confidential,Confidential,No,No,2024-09-01T05:00:00Z
Nebraska,42000000,Retail trade,102922,Confidential,Confidential,Confidential,No,No,2024-09-01T05:00:00Z
Nebraska,43000000,Transportation and warehousing,50985,Confidential,Confidential,Confidential,No,No,2024-09-01T05:00:00Z
Nebraska,50000000,Information,17486,Confidential,Confidential,Confidential,No,No,2024-09-01T05:00:00Z
Nebraska,55000000,Financial activities,70602,38.1,$42.66,"$1,625.35",No,No,2024-09-01T05:00:00Z
Nebraska,60000000,Professional and business services,122096,36.0,$34.53,"$1,243.08",No,No,2024-09-01T05:00:00Z
Nebraska,65000000,Education and health services,169117,32.4,$33.18,"$1,075.03",No,No,2024-09-01T05:00:00Z
Nebraska,70000000,Leisure and hospitality,102508,22.7,$19.92,$452.18,No,No,2024-09-01T05:00:00Z
Nebraska,80000000,Other services,37700,Confidential,Confidential,Confidential,No,No,2024-09-01T05:00:00Z
Nebraska,90000000,Government,178551,Confidential,Confidential,Confidential,No,No,2024-09-01T05:00:00Z
Nebraska,06000000,Goods-producing,169500,39.6,$32.14,"$1,272.74",No,No,2024-10-01T05:00:00Z
Nebraska,07000000,Service-providing,899911,Confidential,Confidential,Confidential,No,No,2024-10-01T05:00:00Z
Nebraska,08000000,Private service-providing,718211,32.1,$31.43,"$1,008.90",No,No,2024-10-01T05:00:00Z
Nebraska,10000000,Mining and logging,994,Confidential,Confidential,Confidential,No,No,2024-10-01T05:00:00Z
Nebraska,15000000,Natural Resources and Mining and Constru,65438,39.8,$34.80,"$1,385.04",No,No,2024-10-01T05:00:00Z
Nebraska,20000000,Construction,64444,Confidential,Confidential,Confidential,No,No,2024-10-01T05:00:00Z
Nebraska,30000000,Manufacturing,104062,39.4,$30.45,"$1,199.73",No,No,2024-10-01T05:00:00Z
Nebraska,31000000,Durable goods,43871,Confidential,Confidential,Confidential,No,No,2024-10-01T05:00:00Z
Nebraska,32000000,Nondurable goods,60191,Confidential,Confidential,Confidential,No,No,2024-10-01T05:00:00Z
Nebraska,40000000,"Trade, transportation, and utilities",196924,30.9,$28.33,$875.40,No,No,2024-10-01T05:00:00Z
Nebraska,41000000,Wholesale Trade,41490,Confidential,Confidential,Confidential,No,No,2024-10-01T05:00:00Z
Nebraska,42000000,Retail trade,104155,Confidential,Confidential,Confidential,No,No,2024-10-01T05:00:00Z
Nebraska,43000000,Transportation and warehousing,51279,Confidential,Confidential,Confidential,No,No,2024-10-01T05:00:00Z
Nebraska,50000000,Information,17670,Confidential,Confidential,Confidential,No,No,2024-10-01T05:00:00Z
Nebraska,55000000,Financial activities,71053,36.9,$42.13,"$1,554.60",No,No,2024-10-01T05:00:00Z
Nebraska,60000000,Professional and business services,122128,35.6,$34.54,"$1,229.62",No,No,2024-10-01T05:00:00Z
Nebraska,65000000,Education and health services,170747,32.1,$33.05,"$1,060.91",No,No,2024-10-01T05:00:00Z
Nebraska,70000000,Leisure and hospitality,101680,22.3,$20.07,$447.56,No,No,2024-10-01T05:00:00Z
Nebraska,80000000,Other services,38009,Confidential,Confidential,Confidential,No,No,2024-10-01T05:00:00Z
Nebraska,90000000,Government,181700,Confidential,Confidential,Confidential,No,No,2024-10-01T05:00:00Z
Nebraska,06000000,Goods-producing,169260,37.8,$32.26,"$1,219.43",No,No,2024-11-01T05:00:00Z
Nebraska,07000000,Service-providing,901837,Confidential,Confidential,Confidential,No,No,2024-11-01T05:00:00Z
Nebraska,08000000,Private service-providing,720073,31.9,$31.76,"$1,013.14",No,No,2024-11-01T05:00:00Z
Nebraska,10000000,Mining and logging,967,Confidential,Confidential,Confidential,No,No,2024-11-01T05:00:00Z
Nebraska,15000000,Natural Resources and Mining and Constru,65050,37.4,$34.94,"$1,306.76",No,No,2024-11-01T05:00:00Z
Nebraska,20000000,Construction,64083,Confidential,Confidential,Confidential,No,No,2024-11-01T05:00:00Z
Nebraska,30000000,Manufacturing,104210,38.0,$30.61,"$1,163.18",No,No,2024-11-01T05:00:00Z
Nebraska,31000000,Durable goods,43779,Confidential,Confidential,Confidential,No,No,2024-11-01T05:00:00Z
Nebraska,32000000,Nondurable goods,60431,Confidential,Confidential,Confidential,No,No,2024-11-01T05:00:00Z
Nebraska,40000000,"Trade, transportation, and utilities",200260,31.0,$28.00,$868.00,No,No,2024-11-01T05:00:00Z
Nebraska,41000000,Wholesale Trade,41463,Confidential,Confidential,Confidential,No,No,2024-11-01T05:00:00Z
Nebraska,42000000,Retail trade,105920,Confidential,Confidential,Confidential,No,No,2024-11-01T05:00:00Z
Nebraska,43000000,Transportation and warehousing,52877,Confidential,Confidential,Confidential,No,No,2024-11-01T05:00:00Z
Nebraska,50000000,Information,17712,Confidential,Confidential,Confidential,No,No,2024-11-01T05:00:00Z
Nebraska,55000000,Financial activities,70991,36.1,$43.52,"$1,571.07",No,No,2024-11-01T05:00:00Z
Nebraska,60000000,Professional and business services,121465,35.5,$34.75,"$1,233.63",No,No,2024-11-01T05:00:00Z
Nebraska,65000000,Education and health services,171593,32.3,$33.24,"$1,073.65",No,No,2024-11-01T05:00:00Z
Nebraska,70000000,Leisure and hospitality,100073,21.9,$20.57,$450.48,No,No,2024-11-01T05:00:00Z
Nebraska,80000000,Other services,37979,Confidential,Confidential,Confidential,No,No,2024-11-01T05:00:00Z
Nebraska,90000000,Government,181764,Confidential,Confidential,Confidential,No,No,2024-11-01T05:00:00Z
Nebraska,06000000,Goods-producing,167849,38.6,$32.27,"$1,245.62",No,No,2024-12-01T06:00:00Z
Nebraska,07000000,Service-providing,899671,Confidential,Confidential,Confidential,No,No,2024-12-01T06:00:00Z
Nebraska,08000000,Private service-providing,718143,32.3,$32.36,"$1,045.23",No,No,2024-12-01T06:00:00Z
Nebraska,10000000,Mining and logging,968,Confidential,Confidential,Confidential,No,No,2024-12-01T06:00:00Z
Nebraska,15000000,Natural Resources and Mining and Constru,63493,38.3,$35.15,"$1,346.25",No,No,2024-12-01T06:00:00Z
Nebraska,20000000,Construction,62525,Confidential,Confidential,Confidential,No,No,2024-12-01T06:00:00Z
Nebraska,30000000,Manufacturing,104356,38.8,$30.54,"$1,184.95",No,No,2024-12-01T06:00:00Z
Nebraska,31000000,Durable goods,43868,Confidential,Confidential,Confidential,No,No,2024-12-01T06:00:00Z
Nebraska,32000000,Nondurable goods,60488,Confidential,Confidential,Confidential,No,No,2024-12-01T06:00:00Z
Nebraska,40000000,"Trade, transportation, and utilities",201025,31.3,$27.76,$868.89,No,No,2024-12-01T06:00:00Z
Nebraska,41000000,Wholesale Trade,41502,Confidential,Confidential,Confidential,No,No,2024-12-01T06:00:00Z
Nebraska,42000000,Retail trade,106280,Confidential,Confidential,Confidential,No,No,2024-12-01T06:00:00Z
Nebraska,43000000,Transportation and warehousing,53243,Confidential,Confidential,Confidential,No,No,2024-12-01T06:00:00Z
Nebraska,50000000,Information,17733,Confidential,Confidential,Confidential,No,No,2024-12-01T06:00:00Z
Nebraska,55000000,Financial activities,71053,38.1,$43.56,"$1,659.64",No,No,2024-12-01T06:00:00Z
Nebraska,60000000,Professional and business services,120439,35.3,$35.09,"$1,238.68",No,No,2024-12-01T06:00:00Z
Nebraska,65000000,Education and health services,171850,32.3,$33.31,"$1,075.91",No,No,2024-12-01T06:00:00Z
Nebraska,70000000,Leisure and hospitality,98291,22.3,$21.16,$471.87,No,No,2024-12-01T06:00:00Z
Nebraska,80000000,Other services,37752,Confidential,Confidential,Confidential,No,No,2024-12-01T06:00:00Z
Nebraska,90000000,Government,181528,Confidential,Confidential,Confidential,No,No,2024-12-01T06:00:00Z
Nebraska,06000000,Goods-producing,163332,38.1,$32.09,"$1,222.63",No,No,2025-01-01T06:00:00Z
Nebraska,07000000,Service-providing,881321,Confidential,Confidential,Confidential,No,No,2025-01-01T06:00:00Z
Nebraska,08000000,Private service-providing,704644,31.9,$32.35,"$1,031.97",No,No,2025-01-01T06:00:00Z
Nebraska,10000000,Mining and logging,933,Confidential,Confidential,Confidential,No,No,2025-01-01T06:00:00Z
Nebraska,15000000,Natural Resources and Mining and Constru,59862,37.1,$35.00,"$1,298.50",No,No,2025-01-01T06:00:00Z
Nebraska,20000000,Construction,58929,Confidential,Confidential,Confidential,No,No,2025-01-01T06:00:00Z
Nebraska,30000000,Manufacturing,103470,38.6,$30.47,"$1,176.14",No,No,2025-01-01T06:00:00Z
Nebraska,31000000,Durable goods,43515,Confidential,Confidential,Confidential,No,No,2025-01-01T06:00:00Z
Nebraska,32000000,Nondurable goods,59955,Confidential,Confidential,Confidential,No,No,2025-01-01T06:00:00Z
Nebraska,40000000,"Trade, transportation, and utilities",195593,30.3,$27.71,$839.61,No,No,2025-01-01T06:00:00Z
Nebraska,41000000,Wholesale Trade,41164,Confidential,Confidential,Confidential,No,No,2025-01-01T06:00:00Z
Nebraska,42000000,Retail trade,103483,Confidential,Confidential,Confidential,No,No,2025-01-01T06:00:00Z
Nebraska,43000000,Transportation and warehousing,50946,Confidential,Confidential,Confidential,No,No,2025-01-01T06:00:00Z
Nebraska,50000000,Information,17613,Confidential,Confidential,Confidential,No,No,2025-01-01T06:00:00Z
Nebraska,55000000,Financial activities,70117,38.7,$41.50,"$1,606.05",No,No,2025-01-01T06:00:00Z
Nebraska,60000000,Professional and business services,117233,35.2,$35.63,"$1,254.18",No,No,2025-01-01T06:00:00Z
Nebraska,65000000,Education and health services,170935,31.7,$33.44,"$1,060.05",No,No,2025-01-01T06:00:00Z
Nebraska,70000000,Leisure and hospitality,95449,22.1,$21.10,$466.31,No,No,2025-01-01T06:00:00Z
Nebraska,80000000,Other services,37704,Confidential,Confidential,Confidential,No,No,2025-01-01T06:00:00Z
Nebraska,90000000,Government,176677,Confidential,Confidential,Confidential,No,No,2025-01-01T06:00:00Z
Nebraska,06000000,Goods-producing,162614,37.2,$32.16,"$1,196.35",No,No,2025-02-01T06:00:00Z
Nebraska,07000000,Service-providing,882771,Confidential,Confidential,Confidential,No,No,2025-02-01T06:00:00Z
Nebraska,08000000,Private service-providing,703311,32.3,$32.96,"$1,064.61",No,No,2025-02-01T06:00:00Z
Nebraska,10000000,Mining and logging,939,Confidential,Confidential,Confidential,No,No,2025-02-01T06:00:00Z
Nebraska,15000000,Natural Resources and Mining and Constru,59187,35.8,$35.34,"$1,265.17",No,No,2025-02-01T06:00:00Z
Nebraska,20000000,Construction,58248,Confidential,Confidential,Confidential,No,No,2025-02-01T06:00:00Z
Nebraska,30000000,Manufacturing,103427,37.9,$30.44,"$1,153.68",No,No,2025-02-01T06:00:00Z
Nebraska,31000000,Durable goods,43393,Confidential,Confidential,Confidential,No,No,2025-02-01T06:00:00Z
Nebraska,32000000,Nondurable goods,60034,Confidential,Confidential,Confidential,No,No,2025-02-01T06:00:00Z
Nebraska,40000000,"Trade, transportation, and utilities",193328,30.6,$27.67,$846.70,No,No,2025-02-01T06:00:00Z
Nebraska,41000000,Wholesale Trade,40970,Confidential,Confidential,Confidential,No,No,2025-02-01T06:00:00Z
Nebraska,42000000,Retail trade,102244,Confidential,Confidential,Confidential,No,No,2025-02-01T06:00:00Z
Nebraska,43000000,Transportation and warehousing,50114,Confidential,Confidential,Confidential,No,No,2025-02-01T06:00:00Z
Nebraska,50000000,Information,17482,Confidential,Confidential,Confidential,No,No,2025-02-01T06:00:00Z
Nebraska,55000000,Financial activities,70031,39.0,$43.75,"$1,706.25",No,No,2025-02-01T06:00:00Z
Nebraska,60000000,Professional and business services,117516,35.5,$36.21,"$1,285.46",No,No,2025-02-01T06:00:00Z
Nebraska,65000000,Education and health services,171829,32.2,$33.59,"$1,081.60",No,No,2025-02-01T06:00:00Z
Nebraska,70000000,Leisure and hospitality,95351,22.3,$21.46,$478.56,No,No,2025-02-01T06:00:00Z
Nebraska,80000000,Other services,37774,Confidential,Confidential,Confidential,No,No,2025-02-01T06:00:00Z
Nebraska,90000000,Government,179460,Confidential,Confidential,Confidential,No,No,2025-02-01T06:00:00Z
Nebraska,06000000,Goods-producing,164722,38.2,$32.23,"$1,231.19",No,No,2025-03-01T06:00:00Z
Nebraska,07000000,Service-providing,885382,Confidential,Confidential,Confidential,No,No,2025-03-01T06:00:00Z
Nebraska,08000000,Private service-providing,705626,32.2,$32.76,"$1,054.87",No,No,2025-03-01T06:00:00Z
Nebraska,10000000,Mining and logging,975,Confidential,Confidential,Confidential,No,No,2025-03-01T06:00:00Z
Nebraska,15000000,Natural Resources and Mining and Constru,61526,38.5,$35.13,"$1,352.51",No,No,2025-03-01T06:00:00Z
Nebraska,20000000,Construction,60551,Confidential,Confidential,Confidential,No,No,2025-03-01T06:00:00Z
Nebraska,30000000,Manufacturing,103196,38.1,$30.49,"$1,161.67",No,No,2025-03-01T06:00:00Z
Nebraska,31000000,Durable goods,43377,Confidential,Confidential,Confidential,No,No,2025-03-01T06:00:00Z
Nebraska,32000000,Nondurable goods,59819,Confidential,Confidential,Confidential,No,No,2025-03-01T06:00:00Z
Nebraska,40000000,"Trade, transportation, and utilities",193241,30.4,$27.72,$842.69,No,No,2025-03-01T06:00:00Z
Nebraska,41000000,Wholesale Trade,41088,Confidential,Confidential,Confidential,No,No,2025-03-01T06:00:00Z
Nebraska,42000000,Retail trade,102231,Confidential,Confidential,Confidential,No,No,2025-03-01T06:00:00Z
Nebraska,43000000,Transportation and warehousing,49922,Confidential,Confidential,Confidential,No,No,2025-03-01T06:00:00Z
Nebraska,50000000,Information,17428,Confidential,Confidential,Confidential,No,No,2025-03-01T06:00:00Z
Nebraska,55000000,Financial activities,70013,38.6,$43.60,"$1,682.96",No,No,2025-03-01T06:00:00Z
Nebraska,60000000,Professional and business services,117555,36.1,$36.08,"$1,302.49",No,No,2025-03-01T06:00:00Z
Nebraska,65000000,Education and health services,172249,31.6,$33.38,"$1,054.81",No,No,2025-03-01T06:00:00Z
Nebraska,70000000,Leisure and hospitality,97153,22.8,$21.43,$488.60,No,No,2025-03-01T06:00:00Z
Nebraska,80000000,Other services,37987,Confidential,Confidential,Confidential,No,No,2025-03-01T06:00:00Z
Nebraska,90000000,Government,179756,Confidential,Confidential,Confidential,No,No,2025-03-01T06:00:00Z
Nebraska,06000000,Goods-producing,167878,39.9,$32.66,"$1,303.13",No,No,2025-04-01T05:00:00Z
Nebraska,07000000,Service-providing,893921,Confidential,Confidential,Confidential,No,No,2025-04-01T05:00:00Z
Nebraska,08000000,Private service-providing,712698,32.2,$32.40,"$1,043.28",No,No,2025-04-01T05:00:00Z
Nebraska,10000000,Mining and logging,1020,Confidential,Confidential,Confidential,No,No,2025-04-01T05:00:00Z
Nebraska,15000000,Natural Resources and Mining and Constru,64671,41.4,$35.45,"$1,467.63",No,No,2025-04-01T05:00:00Z
Nebraska,20000000,Construction,63651,Confidential,Confidential,Confidential,No,No,2025-04-01T05:00:00Z
Nebraska,30000000,Manufacturing,103207,39.0,$30.81,"$1,201.59",No,No,2025-04-01T05:00:00Z
Nebraska,31000000,Durable goods,43452,Confidential,Confidential,Confidential,No,No,2025-04-01T05:00:00Z
Nebraska,32000000,Nondurable goods,59755,Confidential,Confidential,Confidential,No,No,2025-04-01T05:00:00Z
Nebraska,40000000,"Trade, transportation, and utilities",194175,31.1,$27.66,$860.23,No,No,2025-04-01T05:00:00Z
Nebraska,41000000,Wholesale Trade,41342,Confidential,Confidential,Confidential,No,No,2025-04-01T05:00:00Z
Nebraska,42000000,Retail trade,102901,Confidential,Confidential,Confidential,No,No,2025-04-01T05:00:00Z
Nebraska,43000000,Transportation and warehousing,49932,Confidential,Confidential,Confidential,No,No,2025-04-01T05:00:00Z
Nebraska,50000000,Information,17487,Confidential,Confidential,Confidential,No,No,2025-04-01T05:00:00Z
Nebraska,55000000,Financial activities,70171,37.5,$42.41,"$1,590.38",No,No,2025-04-01T05:00:00Z
Nebraska,60000000,Professional and business services,119076,36.3,$35.69,"$1,295.55",No,No,2025-04-01T05:00:00Z
Nebraska,65000000,Education and health services,172894,31.6,$32.99,"$1,042.48",No,No,2025-04-01T05:00:00Z
Nebraska,70000000,Leisure and hospitality,100621,22.6,$21.17,$478.44,No,No,2025-04-01T05:00:00Z
Nebraska,80000000,Other services,38274,Confidential,Confidential,Confidential,No,No,2025-04-01T05:00:00Z
Nebraska,90000000,Government,181223,Confidential,Confidential,Confidential,No,No,2025-04-01T05:00:00Z
Nebraska,06000000,Goods-producing,169087,39.9,$32.54,"$1,298.35",No,No,2025-05-01T05:00:00Z
Nebraska,07000000,Service-providing,901914,Confidential,Confidential,Confidential,No,No,2025-05-01T05:00:00Z
Nebraska,08000000,Private service-providing,717837,31.9,$32.38,"$1,032.92",No,No,2025-05-01T05:00:00Z
Nebraska,10000000,Mining and logging,1020,Confidential,Confidential,Confidential,No,No,2025-05-01T05:00:00Z
Nebraska,15000000,Natural Resources and Mining and Constru,66175,40.8,$35.57,"$1,451.26",No,No,2025-05-01T05:00:00Z
Nebraska,20000000,Construction,65155,Confidential,Confidential,Confidential,No,No,2025-05-01T05:00:00Z
Nebraska,30000000,Manufacturing,102912,39.4,$30.53,"$1,202.88",No,No,2025-05-01T05:00:00Z
Nebraska,31000000,Durable goods,43252,Confidential,Confidential,Confidential,No,No,2025-05-01T05:00:00Z
Nebraska,32000000,Nondurable goods,59660,Confidential,Confidential,Confidential,No,No,2025-05-01T05:00:00Z
Nebraska,40000000,"Trade, transportation, and utilities",194744,31.5,$28.18,$887.67,No,No,2025-05-01T05:00:00Z
Nebraska,41000000,Wholesale Trade,41475,Confidential,Confidential,Confidential,No,No,2025-05-01T05:00:00Z
Nebraska,42000000,Retail trade,103485,Confidential,Confidential,Confidential,No,No,2025-05-01T05:00:00Z
Nebraska,43000000,Transportation and warehousing,49784,Confidential,Confidential,Confidential,No,No,2025-05-01T05:00:00Z
Nebraska,50000000,Information,17471,Confidential,Confidential,Confidential,No,No,2025-05-01T05:00:00Z
Nebraska,55000000,Financial activities,70381,37.2,$42.54,"$1,582.49",No,No,2025-05-01T05:00:00Z
Nebraska,60000000,Professional and business services,119473,35.3,$36.39,"$1,284.57",No,No,2025-05-01T05:00:00Z
Nebraska,65000000,Education and health services,173001,31.5,$32.40,"$1,020.60",No,No,2025-05-01T05:00:00Z
Nebraska,70000000,Leisure and hospitality,104312,22.8,$20.86,$475.61,No,No,2025-05-01T05:00:00Z
Nebraska,80000000,Other services,38455,Confidential,Confidential,Confidential,No,No,2025-05-01T05:00:00Z
Nebraska,90000000,Government,184077,Confidential,Confidential,Confidential,No,No,2025-05-01T05:00:00Z
Nebraska,06000000,Goods-producing,171003,39.8,$32.47,"$1,292.31",No,No,2025-06-01T05:00:00Z
Nebraska,07000000,Service-providing,901285,Confidential,Confidential,Confidential,No,No,2025-06-01T05:00:00Z
Nebraska,08000000,Private service-providing,719780,32.7,$32.42,"$1,060.13",No,No,2025-06-01T05:00:00Z
Nebraska,10000000,Mining and logging,1011,Confidential,Confidential,Confidential,No,No,2025-06-01T05:00:00Z
Nebraska,15000000,Natural Resources and Mining and Constru,67953,40.7,$35.19,"$1,432.23",No,No,2025-06-01T05:00:00Z
Nebraska,20000000,Construction,66942,Confidential,Confidential,Confidential,No,No,2025-06-01T05:00:00Z
Nebraska,30000000,Manufacturing,103050,39.1,$30.61,"$1,196.85",No,No,2025-06-01T05:00:00Z
Nebraska,31000000,Durable goods,43347,Confidential,Confidential,Confidential,No,No,2025-06-01T05:00:00Z
Nebraska,32000000,Nondurable goods,59703,Confidential,Confidential,Confidential,No,No,2025-06-01T05:00:00Z
Nebraska,40000000,"Trade, transportation, and utilities",194804,32.1,$27.90,$895.59,No,No,2025-06-01T05:00:00Z
Nebraska,41000000,Wholesale Trade,41811,Confidential,Confidential,Confidential,No,No,2025-06-01T05:00:00Z
Nebraska,42000000,Retail trade,103410,Confidential,Confidential,Confidential,No,No,2025-06-01T05:00:00Z
Nebraska,43000000,Transportation and warehousing,49583,Confidential,Confidential,Confidential,No,No,2025-06-01T05:00:00Z
Nebraska,50000000,Information,17597,Confidential,Confidential,Confidential,No,No,2025-06-01T05:00:00Z
Nebraska,55000000,Financial activities,70747,39.2,$42.93,"$1,682.86",No,No,2025-06-01T05:00:00Z
Nebraska,60000000,Professional and business services,119908,36.1,$36.74,"$1,326.31",No,No,2025-06-01T05:00:00Z
Nebraska,65000000,Education and health services,172118,32.3,$32.27,"$1,042.32",No,No,2025-06-01T05:00:00Z
Nebraska,70000000,Leisure and hospitality,105900,23.9,$20.84,$498.08,No,No,2025-06-01T05:00:00Z
Nebraska,80000000,Other services,38706,Confidential,Confidential,Confidential,No,No,2025-06-01T05:00:00Z
Nebraska,90000000,Government,181505,Confidential,Confidential,Confidential,No,No,2025-06-01T05:00:00Z
Nebraska,06000000,Goods-producing,170443,39.6,$33.11,"$1,311.16",No,No,2025-07-01T05:00:00Z
Nebraska,07000000,Service-providing,889948,Confidential,Confidential,Confidential,No,No,2025-07-01T05:00:00Z
Nebraska,08000000,Private service-providing,718843,32.3,$32.14,"$1,038.12",No,No,2025-07-01T05:00:00Z
Nebraska,10000000,Mining and logging,1003,Confidential,Confidential,Confidential,No,No,2025-07-01T05:00:00Z
Nebraska,15000000,Natural Resources and Mining and Constru,68240,39.9,$35.43,"$1,413.66",No,No,2025-07-01T05:00:00Z
Nebraska,20000000,Construction,67237,Confidential,Confidential,Confidential,No,No,2025-07-01T05:00:00Z
Nebraska,30000000,Manufacturing,102203,39.3,$31.53,"$1,239.13",No,No,2025-07-01T05:00:00Z
Nebraska,31000000,Durable goods,42933,Confidential,Confidential,Confidential,No,No,2025-07-01T05:00:00Z
Nebraska,32000000,Nondurable goods,59270,Confidential,Confidential,Confidential,No,No,2025-07-01T05:00:00Z
Nebraska,40000000,"Trade, transportation, and utilities",194292,31.7,$27.71,$878.41,No,No,2025-07-01T05:00:00Z
Nebraska,41000000,Wholesale Trade,41764,Confidential,Confidential,Confidential,No,No,2025-07-01T05:00:00Z
Nebraska,42000000,Retail trade,103353,Confidential,Confidential,Confidential,No,No,2025-07-01T05:00:00Z
Nebraska,43000000,Transportation and warehousing,49175,Confidential,Confidential,Confidential,No,No,2025-07-01T05:00:00Z
Nebraska,50000000,Information,17742,Confidential,Confidential,Confidential,No,No,2025-07-01T05:00:00Z
Nebraska,55000000,Financial activities,70929,38.0,$41.36,"$1,571.68",No,No,2025-07-01T05:00:00Z
Nebraska,60000000,Professional and business services,120120,35.5,$36.36,"$1,290.78",No,No,2025-07-01T05:00:00Z
Nebraska,65000000,Education and health services,172659,31.7,$32.88,"$1,042.30",No,No,2025-07-01T05:00:00Z
Nebraska,70000000,Leisure and hospitality,104695,23.6,$20.78,$490.41,No,No,2025-07-01T05:00:00Z
Nebraska,80000000,Other services,38406,Confidential,Confidential,Confidential,No,No,2025-07-01T05:00:00Z
Nebraska,90000000,Government,171105,Confidential,Confidential,Confidential,No,No,2025-07-01T05:00:00Z
Nebraska,06000000,Goods-producing,170017,40.2,$33.14,"$1,332.23",No,No,2025-08-01T05:00:00Z
Nebraska,07000000,Service-providing,890163,Confidential,Confidential,Confidential,No,No,2025-08-01T05:00:00Z
Nebraska,08000000,Private service-providing,719160,31.9,$32.54,"$1,038.03",No,No,2025-08-01T05:00:00Z
Nebraska,10000000,Mining and logging,978,Confidential,Confidential,Confidential,No,No,2025-08-01T05:00:00Z
Nebraska,15000000,Natural Resources and Mining and Constru,67838,41.2,$36.06,"$1,485.67",No,No,2025-08-01T05:00:00Z
Nebraska,20000000,Construction,66860,Confidential,Confidential,Confidential,No,No,2025-08-01T05:00:00Z
Nebraska,30000000,Manufacturing,102179,39.6,$31.13,"$1,232.75",No,No,2025-08-01T05:00:00Z
Nebraska,31000000,Durable goods,42757,Confidential,Confidential,Confidential,No,No,2025-08-01T05:00:00Z
Nebraska,32000000,Nondurable goods,59422,Confidential,Confidential,Confidential,No,No,2025-08-01T05:00:00Z
Nebraska,40000000,"Trade, transportation, and utilities",193980,31.6,$27.95,$883.22,No,No,2025-08-01T05:00:00Z
Nebraska,41000000,Wholesale Trade,41170,Confidential,Confidential,Confidential,No,No,2025-08-01T05:00:00Z
Nebraska,42000000,Retail trade,103241,Confidential,Confidential,Confidential,No,No,2025-08-01T05:00:00Z
Nebraska,43000000,Transportation and warehousing,49569,Confidential,Confidential,Confidential,No,No,2025-08-01T05:00:00Z
Nebraska,50000000,Information,17679,Confidential,Confidential,Confidential,No,No,2025-08-01T05:00:00Z
Nebraska,55000000,Financial activities,70754,36.7,$42.24,"$1,550.21",No,No,2025-08-01T05:00:00Z
Nebraska,60000000,Professional and business services,119227,35.6,$36.68,"$1,305.81",No,No,2025-08-01T05:00:00Z
Nebraska,65000000,Education and health services,173118,31.3,$33.14,"$1,037.28",No,No,2025-08-01T05:00:00Z
Nebraska,70000000,Leisure and hospitality,106160,23.2,$21.04,$488.13,No,No,2025-08-01T05:00:00Z
Nebraska,80000000,Other services,38242,Confidential,Confidential,Confidential,No,No,2025-08-01T05:00:00Z
Nebraska,90000000,Government,171003,Confidential,Confidential,Confidential,No,No,2025-08-01T05:00:00Z
Nebraska,06000000,Goods-producing,168322,40.2,$33.26,"$1,337.05",No,No,2025-09-01T05:00:00Z
Nebraska,07000000,Service-providing,893064,Confidential,Confidential,Confidential,No,No,2025-09-01T05:00:00Z
Nebraska,08000000,Private service-providing,712948,32.1,$32.65,"$1,048.07",No,No,2025-09-01T05:00:00Z
Nebraska,10000000,Mining and logging,979,Confidential,Confidential,Confidential,No,No,2025-09-01T05:00:00Z
Nebraska,15000000,Natural Resources and Mining and Constru,66477,40.9,$36.40,"$1,488.76",No,No,2025-09-01T05:00:00Z
Nebraska,20000000,Construction,65498,Confidential,Confidential,Confidential,No,No,2025-09-01T05:00:00Z
Nebraska,30000000,Manufacturing,101845,39.8,$31.15,"$1,239.77",No,No,2025-09-01T05:00:00Z
Nebraska,31000000,Durable goods,42417,Confidential,Confidential,Confidential,No,No,2025-09-01T05:00:00Z
Nebraska,32000000,Nondurable goods,59428,Confidential,Confidential,Confidential,No,No,2025-09-01T05:00:00Z
Nebraska,40000000,"Trade, transportation, and utilities",192729,31.5,$27.79,$875.39,No,No,2025-09-01T05:00:00Z
Nebraska,41000000,Wholesale Trade,40747,Confidential,Confidential,Confidential,No,No,2025-09-01T05:00:00Z
Nebraska,42000000,Retail trade,102138,Confidential,Confidential,Confidential,No,No,2025-09-01T05:00:00Z
Nebraska,43000000,Transportation and warehousing,49844,Confidential,Confidential,Confidential,No,No,2025-09-01T05:00:00Z
Nebraska,50000000,Information,17436,Confidential,Confidential,Confidential,No,No,2025-09-01T05:00:00Z
Nebraska,55000000,Financial activities,70280,37.0,$41.64,"$1,540.68",No,No,2025-09-01T05:00:00Z
Nebraska,60000000,Professional and business services,118609,36.1,$36.22,"$1,307.54",No,No,2025-09-01T05:00:00Z
Nebraska,65000000,Education and health services,172831,31.5,$33.36,"$1,050.84",No,No,2025-09-01T05:00:00Z
Nebraska,70000000,Leisure and hospitality,103199,23.0,$21.38,$491.74,No,No,2025-09-01T05:00:00Z
Nebraska,80000000,Other services,37864,Confidential,Confidential,Confidential,No,No,2025-09-01T05:00:00Z
Nebraska,90000000,Government,180116,Confidential,Confidential,Confidential,No,No,2025-09-01T05:00:00Z
Nebraska,06000000,Goods-producing,168743,40.4,$33.57,"$1,356.23",No,No,2025-10-01T05:00:00Z
Nebraska,07000000,Service-providing,896551,Confidential,Confidential,Confidential,No,No,2025-10-01T05:00:00Z
Nebraska,08000000,Private service-providing,714432,32.1,$32.63,"$1,047.42",No,No,2025-10-01T05:00:00Z
Nebraska,10000000,Mining and logging,983,Confidential,Confidential,Confidential,No,No,2025-10-01T05:00:00Z
Nebraska,15000000,Natural Resources and Mining and Constru,67626,41.4,$36.89,"$1,527.25",No,No,2025-10-01T05:00:00Z
Nebraska,20000000,Construction,66643,Confidential,Confidential,Confidential,No,No,2025-10-01T05:00:00Z
Nebraska,30000000,Manufacturing,101117,39.8,$31.26,"$1,244.15",No,No,2025-10-01T05:00:00Z
Nebraska,31000000,Durable goods,41797,Confidential,Confidential,Confidential,No,No,2025-10-01T05:00:00Z
Nebraska,32000000,Nondurable goods,59320,Confidential,Confidential,Confidential,No,No,2025-10-01T05:00:00Z
Nebraska,40000000,"Trade, transportation, and utilities",193678,31.5,$28.01,$882.32,No,No,2025-10-01T05:00:00Z
Nebraska,41000000,Wholesale Trade,40643,Confidential,Confidential,Confidential,No,No,2025-10-01T05:00:00Z
Nebraska,42000000,Retail trade,102701,Confidential,Confidential,Confidential,No,No,2025-10-01T05:00:00Z
Nebraska,43000000,Transportation and warehousing,50334,Confidential,Confidential,Confidential,No,No,2025-10-01T05:00:00Z
Nebraska,50000000,Information,17313,Confidential,Confidential,Confidential,No,No,2025-10-01T05:00:00Z
Nebraska,55000000,Financial activities,70106,37.5,$41.42,"$1,553.25",No,No,2025-10-01T05:00:00Z
Nebraska,60000000,Professional and business services,119147,36.2,$36.23,"$1,311.53",No,No,2025-10-01T05:00:00Z
Nebraska,65000000,Education and health services,174954,31.4,$33.25,"$1,044.05",No,No,2025-10-01T05:00:00Z
Nebraska,70000000,Leisure and hospitality,101262,22.6,$21.40,$483.64,No,No,2025-10-01T05:00:00Z
Nebraska,80000000,Other services,37972,Confidential,Confidential,Confidential,No,No,2025-10-01T05:00:00Z
Nebraska,90000000,Government,182119,Confidential,Confidential,Confidential,No,No,2025-10-01T05:00:00Z
Nebraska,06000000,Goods-producing,168057,41.3,$33.64,"$1,389.33",No,No,2025-11-01T05:00:00Z
Nebraska,07000000,Service-providing,898290,Confidential,Confidential,Confidential,No,No,2025-11-01T05:00:00Z
Nebraska,08000000,Private service-providing,716330,32.3,$33.24,"$1,073.65",No,No,2025-11-01T05:00:00Z
Nebraska,10000000,Mining and logging,975,Confidential,Confidential,Confidential,No,No,2025-11-01T05:00:00Z
Nebraska,15000000,Natural Resources and Mining and Constru,66359,42.9,$36.82,"$1,579.58",No,No,2025-11-01T05:00:00Z
Nebraska,20000000,Construction,65384,Confidential,Confidential,Confidential,No,No,2025-11-01T05:00:00Z
Nebraska,30000000,Manufacturing,101698,40.2,$31.43,"$1,263.49",No,No,2025-11-01T05:00:00Z
Nebraska,31000000,Durable goods,41793,Confidential,Confidential,Confidential,No,No,2025-11-01T05:00:00Z
Nebraska,32000000,Nondurable goods,59905,Confidential,Confidential,Confidential,No,No,2025-11-01T05:00:00Z
Nebraska,40000000,"Trade, transportation, and utilities",197632,31.7,$28.03,$888.55,No,No,2025-11-01T05:00:00Z
Nebraska,41000000,Wholesale Trade,40656,Confidential,Confidential,Confidential,No,No,2025-11-01T05:00:00Z
Nebraska,42000000,Retail trade,104978,Confidential,Confidential,Confidential,No,No,2025-11-01T05:00:00Z
Nebraska,43000000,Transportation and warehousing,51998,Confidential,Confidential,Confidential,No,No,2025-11-01T05:00:00Z
Nebraska,50000000,Information,17366,Confidential,Confidential,Confidential,No,No,2025-11-01T05:00:00Z
Nebraska,55000000,Financial activities,70536,38.7,$42.77,"$1,655.20",No,No,2025-11-01T05:00:00Z
Nebraska,60000000,Professional and business services,118841,36.5,$37.24,"$1,359.26",No,No,2025-11-01T05:00:00Z
Nebraska,65000000,Education and health services,175131,31.8,$33.84,"$1,076.11",No,No,2025-11-01T05:00:00Z
Nebraska,70000000,Leisure and hospitality,99005,22.3,$21.43,$477.89,No,No,2025-11-01T05:00:00Z
Nebraska,80000000,Other services,37819,Confidential,Confidential,Confidential,No,No,2025-11-01T05:00:00Z
Nebraska,90000000,Government,181960,Confidential,Confidential,Confidential,No,No,2025-11-01T05:00:00Z
Nebraska,06000000,Goods-producing,166948,40.9,$34.00,"$1,390.60",No,No,2025-12-01T06:00:00Z
Nebraska,07000000,Service-providing,896841,Confidential,Confidential,Confidential,No,No,2025-12-01T06:00:00Z
Nebraska,08000000,Private service-providing,715637,31.6,$33.03,"$1,043.75",No,No,2025-12-01T06:00:00Z
Nebraska,10000000,Mining and logging,950,Confidential,Confidential,Confidential,No,No,2025-12-01T06:00:00Z
Nebraska,15000000,Natural Resources and Mining and Constru,64556,41.2,$37.46,"$1,543.35",No,No,2025-12-01T06:00:00Z
Nebraska,20000000,Construction,63606,Confidential,Confidential,Confidential,No,No,2025-12-01T06:00:00Z
Nebraska,30000000,Manufacturing,102392,40.7,$31.79,"$1,293.85",No,No,2025-12-01T06:00:00Z
Nebraska,31000000,Durable goods,42476,Confidential,Confidential,Confidential,No,No,2025-12-01T06:00:00Z
Nebraska,32000000,Nondurable goods,59916,Confidential,Confidential,Confidential,No,No,2025-12-01T06:00:00Z
Nebraska,40000000,"Trade, transportation, and utilities",198770,31.3,$27.85,$871.71,No,No,2025-12-01T06:00:00Z
Nebraska,41000000,Wholesale Trade,41001,Confidential,Confidential,Confidential,No,No,2025-12-01T06:00:00Z
Nebraska,42000000,Retail trade,105306,Confidential,Confidential,Confidential,No,No,2025-12-01T06:00:00Z
Nebraska,43000000,Transportation and warehousing,52463,Confidential,Confidential,Confidential,No,No,2025-12-01T06:00:00Z
Nebraska,50000000,Information,17558,Confidential,Confidential,Confidential,No,No,2025-12-01T06:00:00Z
Nebraska,55000000,Financial activities,70425,37.5,$41.66,"$1,562.25",No,No,2025-12-01T06:00:00Z
Nebraska,60000000,Professional and business services,118515,35.4,$37.00,"$1,309.80",No,No,2025-12-01T06:00:00Z
Nebraska,65000000,Education and health services,174236,31.3,$34.17,"$1,069.52",No,No,2025-12-01T06:00:00Z
Nebraska,70000000,Leisure and hospitality,97932,21.8,$22.02,$480.04,No,No,2025-12-01T06:00:00Z
Nebraska,80000000,Other services,38201,Confidential,Confidential,Confidential,No,No,2025-12-01T06:00:00Z
Nebraska,90000000,Government,181204,Confidential,Confidential,Confidential,No,No,2025-12-01T06:00:00Z
Nebraska,06000000,Goods-producing,164605,40.0,$33.70,"$1,348.00",No,No,2026-01-01T06:00:00Z
Nebraska,07000000,Service-providing,879041,Confidential,Confidential,Confidential,No,No,2026-01-01T06:00:00Z
Nebraska,08000000,Private service-providing,702573,31.7,$32.00,"$1,014.40",No,No,2026-01-01T06:00:00Z
Nebraska,10000000,Mining and logging,925,Confidential,Confidential,Confidential,No,No,2026-01-01T06:00:00Z
Nebraska,15000000,Natural Resources and Mining and Constru,62650,39.2,$36.71,"$1,439.03",No,No,2026-01-01T06:00:00Z
Nebraska,20000000,Construction,61725,Confidential,Confidential,Confidential,No,No,2026-01-01T06:00:00Z
Nebraska,30000000,Manufacturing,101955,40.5,$31.91,"$1,292.36",No,No,2026-01-01T06:00:00Z
Nebraska,31000000,Durable goods,42381,Confidential,Confidential,Confidential,No,No,2026-01-01T06:00:00Z
Nebraska,32000000,Nondurable goods,59574,Confidential,Confidential,Confidential,No,No,2026-01-01T06:00:00Z
Nebraska,40000000,"Trade, transportation, and utilities",193938,31.4,$28.09,$882.03,No,No,2026-01-01T06:00:00Z
Nebraska,41000000,Wholesale Trade,40759,Confidential,Confidential,Confidential,No,No,2026-01-01T06:00:00Z
Nebraska,42000000,Retail trade,102746,Confidential,Confidential,Confidential,No,No,2026-01-01T06:00:00Z
Nebraska,43000000,Transportation and warehousing,50433,Confidential,Confidential,Confidential,No,No,2026-01-01T06:00:00Z
Nebraska,50000000,Information,17582,Confidential,Confidential,Confidential,No,No,2026-01-01T06:00:00Z
Nebraska,55000000,Financial activities,69751,38.4,$40.01,"$1,536.38",No,No,2026-01-01T06:00:00Z
Nebraska,60000000,Professional and business services,114821,35.4,$37.17,"$1,315.82",No,No,2026-01-01T06:00:00Z
Nebraska,65000000,Education and health services,174375,31.4,$34.00,"$1,067.60",No,No,2026-01-01T06:00:00Z
Nebraska,70000000,Leisure and hospitality,94231,21.4,$22.08,$472.51,No,No,2026-01-01T06:00:00Z
Nebraska,80000000,Other services,37875,Confidential,Confidential,Confidential,No,No,2026-01-01T06:00:00Z
Nebraska,90000000,Government,176468,Confidential,Confidential,Confidential,No,No,2026-01-01T06:00:00Z
Nebraska,06000000,Goods-producing,161232,40.5,$33.82,"$1,369.71",No,No,2026-02-01T06:00:00Z
Nebraska,07000000,Service-providing,879110,Confidential,Confidential,Confidential,No,No,2026-02-01T06:00:00Z
Nebraska,08000000,Private service-providing,699606,32.2,$32.28,"$1,039.42",No,No,2026-02-01T06:00:00Z
Nebraska,10000000,Mining and logging,909,Confidential,Confidential,Confidential,No,No,2026-02-01T06:00:00Z
Nebraska,15000000,Natural Resources and Mining and Constru,62668,40.3,$36.90,"$1,487.07",No,No,2026-02-01T06:00:00Z
Nebraska,20000000,Construction,61759,Confidential,Confidential,Confidential,No,No,2026-02-01T06:00:00Z
Nebraska,30000000,Manufacturing,98564,40.7,$31.88,"$1,297.52",No,No,2026-02-01T06:00:00Z
Nebraska,31000000,Durable goods,42345,Confidential,Confidential,Confidential,No,No,2026-02-01T06:00:00Z
Nebraska,32000000,Nondurable goods,56219,Confidential,Confidential,Confidential,No,No,2026-02-01T06:00:00Z
Nebraska,40000000,"Trade, transportation, and utilities",190701,31.9,$28.33,$903.73,No,No,2026-02-01T06:00:00Z
Nebraska,41000000,Wholesale Trade,40199,Confidential,Confidential,Confidential,No,No,2026-02-01T06:00:00Z
Nebraska,42000000,Retail trade,101312,Confidential,Confidential,Confidential,No,No,2026-02-01T06:00:00Z
Nebraska,43000000,Transportation and warehousing,49190,Confidential,Confidential,Confidential,No,No,2026-02-01T06:00:00Z
Nebraska,50000000,Information,17143,Confidential,Confidential,Confidential,No,No,2026-02-01T06:00:00Z
Nebraska,55000000,Financial activities,69630,39.0,$41.76,"$1,628.64",No,No,2026-02-01T06:00:00Z
Nebraska,60000000,Professional and business services,114569,35.6,$37.30,"$1,327.88",No,No,2026-02-01T06:00:00Z
Nebraska,65000000,Education and health services,175159,31.3,$33.83,"$1,058.88",No,No,2026-02-01T06:00:00Z
Nebraska,70000000,Leisure and hospitality,94551,22.4,$22.66,$507.58,No,No,2026-02-01T06:00:00Z
Nebraska,80000000,Other services,37853,Confidential,Confidential,Confidential,No,No,2026-02-01T06:00:00Z
Nebraska,90000000,Government,179504,Confidential,Confidential,Confidential,No,No,2026-02-01T06:00:00Z
Nebraska,06000000,Goods-producing,162947,40.3,$34.01,"$1,370.60",No,No,2026-03-01T06:00:00Z
Nebraska,07000000,Service-providing,884450,Confidential,Confidential,Confidential,No,No,2026-03-01T06:00:00Z
Nebraska,08000000,Private service-providing,704498,32.0,$32.46,"$1,038.72",No,No,2026-03-01T06:00:00Z
Nebraska,10000000,Mining and logging,923,Confidential,Confidential,Confidential,No,No,2026-03-01T06:00:00Z
Nebraska,15000000,Natural Resources and Mining and Constru,65198,39.9,$36.67,"$1,463.13",No,No,2026-03-01T06:00:00Z
Nebraska,20000000,Construction,64275,Confidential,Confidential,Confidential,No,No,2026-03-01T06:00:00Z
Nebraska,30000000,Manufacturing,97749,40.6,$32.27,"$1,310.16",No,No,2026-03-01T06:00:00Z
Nebraska,31000000,Durable goods,42183,Confidential,Confidential,Confidential,No,No,2026-03-01T06:00:00Z
Nebraska,32000000,Nondurable goods,55566,Confidential,Confidential,Confidential,No,No,2026-03-01T06:00:00Z
Nebraska,40000000,"Trade, transportation, and utilities",190679,32.0,$28.44,$910.08,No,No,2026-03-01T06:00:00Z
Nebraska,41000000,Wholesale Trade,40739,Confidential,Confidential,Confidential,No,No,2026-03-01T06:00:00Z
Nebraska,42000000,Retail trade,100964,Confidential,Confidential,Confidential,No,No,2026-03-01T06:00:00Z
Nebraska,43000000,Transportation and warehousing,48976,Confidential,Confidential,Confidential,No,No,2026-03-01T06:00:00Z
Nebraska,50000000,Information,17440,Confidential,Confidential,Confidential,No,No,2026-03-01T06:00:00Z
Nebraska,55000000,Financial activities,69361,38.6,$42.12,"$1,625.83",No,No,2026-03-01T06:00:00Z
Nebraska,60000000,Professional and business services,116112,35.8,$37.05,"$1,326.39",No,No,2026-03-01T06:00:00Z
Nebraska,65000000,Education and health services,175954,31.2,$33.96,"$1,059.55",No,No,2026-03-01T06:00:00Z
Nebraska,70000000,Leisure and hospitality,97009,22.0,$22.41,$493.02,No,No,2026-03-01T06:00:00Z
Nebraska,80000000,Other services,37943,Confidential,Confidential,Confidential,No,No,2026-03-01T06:00:00Z
Nebraska,90000000,Government,179952,Confidential,Confidential,Confidential,No,No,2026-03-01T06:00:00Z
Nebraska,06000000,Goods-producing,165642,41.4,$33.99,"$1,407.19",No,No,2026-04-01T05:00:00Z
Nebraska,07000000,Service-providing,893332,Confidential,Confidential,Confidential,No,No,2026-04-01T05:00:00Z
Nebraska,08000000,Private service-providing,712070,31.7,$32.26,"$1,022.64",No,No,2026-04-01T05:00:00Z
Nebraska,10000000,Mining and logging,946,Confidential,Confidential,Confidential,No,No,2026-04-01T05:00:00Z
Nebraska,15000000,Natural Resources and Mining and Constru,67547,42.3,$37.12,"$1,570.18",No,No,2026-04-01T05:00:00Z
Nebraska,20000000,Construction,66601,Confidential,Confidential,Confidential,No,No,2026-04-01T05:00:00Z
Nebraska,30000000,Manufacturing,98095,40.8,$31.76,"$1,295.81",No,No,2026-04-01T05:00:00Z
Nebraska,31000000,Durable goods,42642,Confidential,Confidential,Confidential,No,No,2026-04-01T05:00:00Z
Nebraska,32000000,Nondurable goods,55453,Confidential,Confidential,Confidential,No,No,2026-04-01T05:00:00Z
Nebraska,40000000,"Trade, transportation, and utilities",192003,32.2,$28.63,$921.89,No,No,2026-04-01T05:00:00Z
Nebraska,41000000,Wholesale Trade,41018,Confidential,Confidential,Confidential,No,No,2026-04-01T05:00:00Z
Nebraska,42000000,Retail trade,101686,Confidential,Confidential,Confidential,No,No,2026-04-01T05:00:00Z
Nebraska,43000000,Transportation and warehousing,49299,Confidential,Confidential,Confidential,No,No,2026-04-01T05:00:00Z
Nebraska,50000000,Information,17444,Confidential,Confidential,Confidential,No,No,2026-04-01T05:00:00Z
Nebraska,55000000,Financial activities,69420,38.1,$40.94,"$1,559.81",No,No,2026-04-01T05:00:00Z
Nebraska,60000000,Professional and business services,117203,35.5,$37.00,"$1,313.50",No,No,2026-04-01T05:00:00Z
Nebraska,65000000,Education and health services,176715,31.3,$33.88,"$1,060.44",No,No,2026-04-01T05:00:00Z
Nebraska,70000000,Leisure and hospitality,101342,21.8,$22.26,$485.27,No,No,2026-04-01T05:00:00Z
Nebraska,80000000,Other services,37943,Confidential,Confidential,Confidential,No,No,2026-04-01T05:00:00Z
Nebraska,90000000,Government,181262,Confidential,Confidential,Confidential,No,No,2026-04-01T05:00:00Z
Nebraska,06000000,Goods-producing,167661,42.0,$33.95,"$1,425.90",No,No,2026-05-01T05:00:00Z
Nebraska,07000000,Service-providing,899678,Confidential,Confidential,Confidential,No,No,2026-05-01T05:00:00Z
Nebraska,08000000,Private service-providing,716939,31.8,$32.10,"$1,020.78",No,No,2026-05-01T05:00:00Z
Nebraska,10000000,Mining and logging,973,Confidential,Confidential,Confidential,No,No,2026-05-01T05:00:00Z
Nebraska,15000000,Natural Resources and Mining and Constru,69418,43.7,$37.19,"$1,625.20",No,No,2026-05-01T05:00:00Z
Nebraska,20000000,Construction,68445,Confidential,Confidential,Confidential,No,No,2026-05-01T05:00:00Z
Nebraska,30000000,Manufacturing,98243,40.8,$31.49,"$1,284.79",No,No,2026-05-01T05:00:00Z
Nebraska,31000000,Durable goods,43094,Confidential,Confidential,Confidential,No,No,2026-05-01T05:00:00Z
Nebraska,32000000,Nondurable goods,55149,Confidential,Confidential,Confidential,No,No,2026-05-01T05:00:00Z
Nebraska,40000000,"Trade, transportation, and utilities",192280,32.4,$28.49,$923.08,No,No,2026-05-01T05:00:00Z
Nebraska,41000000,Wholesale Trade,41260,Confidential,Confidential,Confidential,No,No,2026-05-01T05:00:00Z
Nebraska,42000000,Retail trade,101511,Confidential,Confidential,Confidential,No,No,2026-05-01T05:00:00Z
Nebraska,43000000,Transportation and warehousing,49509,Confidential,Confidential,Confidential,No,No,2026-05-01T05:00:00Z
Nebraska,50000000,Information,17249,Confidential,Confidential,Confidential,No,No,2026-05-01T05:00:00Z
Nebraska,55000000,Financial activities,69039,38.2,$41.70,"$1,592.94",No,No,2026-05-01T05:00:00Z
Nebraska,60000000,Professional and business services,117141,36.5,$36.51,"$1,332.62",No,No,2026-05-01T05:00:00Z
Nebraska,65000000,Education and health services,176263,31.1,$33.90,"$1,054.29",No,No,2026-05-01T05:00:00Z
Nebraska,70000000,Leisure and hospitality,106691,22.0,$22.18,$487.96,No,No,2026-05-01T05:00:00Z
Nebraska,80000000,Other services,38276,Confidential,Confidential,Confidential,No,No,2026-05-01T05:00:00Z
Nebraska,90000000,Government,182739,Confidential,Confidential,Confidential,No,No,2026-05-01T05:00:00Z
Nebraska,06000000,Goods-producing,169093,41.5,$34.03,"$1,412.25",Yes,No,2026-06-01T05:00:00Z
Nebraska,07000000,Service-providing,904141,Confidential,Confidential,Confidential,Yes,No,2026-06-01T05:00:00Z
Nebraska,08000000,Private service-providing,724512,32.1,$31.88,"$1,023.35",Yes,No,2026-06-01T05:00:00Z
Nebraska,10000000,Mining and logging,961,Confidential,Confidential,Confidential,Yes,No,2026-06-01T05:00:00Z
Nebraska,15000000,Natural Resources and Mining and Constru,70768,42.8,$36.74,"$1,572.47",Yes,No,2026-06-01T05:00:00Z
Nebraska,20000000,Construction,69807,Confidential,Confidential,Confidential,Yes,No,2026-06-01T05:00:00Z
Nebraska,30000000,Manufacturing,98325,40.5,$31.97,"$1,294.79",Yes,No,2026-06-01T05:00:00Z
Nebraska,31000000,Durable goods,43335,Confidential,Confidential,Confidential,Yes,No,2026-06-01T05:00:00Z
Nebraska,32000000,Nondurable goods,54990,Confidential,Confidential,Confidential,Yes,No,2026-06-01T05:00:00Z
Nebraska,40000000,"Trade, transportation, and utilities",193437,33.1,$28.62,$947.32,Yes,No,2026-06-01T05:00:00Z
Nebraska,41000000,Wholesale Trade,41734,Confidential,Confidential,Confidential,Yes,No,2026-06-01T05:00:00Z
Nebraska,42000000,Retail trade,101710,Confidential,Confidential,Confidential,Yes,No,2026-06-01T05:00:00Z
Nebraska,43000000,Transportation and warehousing,49993,Confidential,Confidential,Confidential,Yes,No,2026-06-01T05:00:00Z
Nebraska,50000000,Information,17396,Confidential,Confidential,Confidential,Yes,No,2026-06-01T05:00:00Z
Nebraska,55000000,Financial activities,69706,38.2,$41.47,"$1,584.15",Yes,No,2026-06-01T05:00:00Z
Nebraska,60000000,Professional and business services,118155,35.9,$36.29,"$1,302.81",Yes,No,2026-06-01T05:00:00Z
Nebraska,65000000,Education and health services,175918,31.4,$33.77,"$1,060.38",Yes,No,2026-06-01T05:00:00Z
Nebraska,70000000,Leisure and hospitality,111260,23.0,$22.01,$506.23,Yes,No,2026-06-01T05:00:00Z
Nebraska,80000000,Other services,38640,Confidential,Confidential,Confidential,Yes,No,2026-06-01T05:00:00Z
Nebraska,90000000,Government,179629,Confidential,Confidential,Confidential,Yes,No,2026-06-01T05:00:00Z
