game_id,season,week,season_type,start_date,start_time_tbd,completed,neutral_site,conference_game,attendance,venue_id,venue,home_id,home_team,home_division,home_conference,home_points,home_post_win_prob,home_pregame_elo,home_postgame_elo,away_id,away_team,away_division,away_conference,away_points,away_post_win_prob,away_pregame_elo,away_postgame_elo,excitement_index,highlights,notes,playoff
401525434,2023,1,regular,2023-08-26T18:30:00.000Z,FALSE,TRUE,TRUE,FALSE,49000,3504,Aviva Stadium,87,Notre Dame,fbs,FBS Independents,42,0.998958343504533,1733,1819,2426,Navy,fbs,American Athletic,3,0.0010416564954669472,1471,1385,1.3469076611,,NA,NA
401520145,2023,1,regular,2023-08-26T21:30:00.000Z,FALSE,TRUE,FALSE,TRUE,17982,3662,AmFirst Stadium,55,Jacksonville State,fbs,Conference USA,17,0.40800060036319785,1500,1499,2638,UTEP,fbs,Conference USA,14,0.5919993996368021,1369,1370,6.8213333937,,NA,NA
401525450,2023,1,regular,2023-08-26T23:00:00.000Z,FALSE,TRUE,FALSE,FALSE,15356,3601,Aggie Memorial Stadium,166,New Mexico State,fbs,Conference USA,30,0.23924886339745693,1322,1274,113,Massachusetts,fbs,FBS Independents,41,0.760751136602543,1074,1122,5.311493375,,NA,NA
401532392,2023,1,regular,2023-08-26T23:00:00.000Z,FALSE,TRUE,FALSE,FALSE,23867,7311,Snapdragon Stadium,21,San Diego State,fbs,Mountain West,20,0.9544687299546838,1488,1497,195,Ohio,fbs,Mid-American,13,0.04553127004531621,1482,1473,6.5473781337,,NA,NA
401520147,2023,1,regular,2023-08-26T23:30:00.000Z,FALSE,TRUE,FALSE,FALSE,21407,3973,FirstBank Stadium,238,Vanderbilt,fbs,SEC,35,0.18084618805030608,1322,1327,62,Hawai'i,fbs,Mountain West,28,0.8191538119496939,1246,1241,5.2820326034,,NA,NA
401523986,2023,1,regular,2023-08-27T00:00:00.000Z,FALSE,TRUE,FALSE,FALSE,63411,477,Los Angeles Memorial Coliseum,30,USC,fbs,Pac-12,56,0.9982308679413001,1663,1713,23,San José State,fbs,Mountain West,28,0.0017691320586998849,1462,1412,1.6987296464,,NA,NA
401520146,2023,1,regular,2023-08-27T01:00:00.000Z,FALSE,TRUE,FALSE,TRUE,16299,3776,Joe Aillet Stadium,2348,Louisiana Tech,fbs,Conference USA,22,0.9857287782801066,1251,1249,2229,Florida International,fbs,Conference USA,17,0.014271221719893368,1072,1074,8.9977661071,,NA,NA
401525461,2023,1,regular,2023-08-31T23:00:00.000Z,FALSE,TRUE,FALSE,FALSE,30028,3630,Allegacy Federal Credit Union Stadium,154,Wake Forest,fbs,ACC,37,0.9883751085572094,1608,1608,2210,Elon,fcs,CAA,17,0.011624891442790553,NA,NA,3.4579971028,,NA,NA
401532393,2023,1,regular,2023-08-31T23:00:00.000Z,FALSE,TRUE,FALSE,FALSE,19432,3980,Waldo Stadium,2711,Western Michigan,fbs,Mid-American,35,0.979419588239194,1367,1367,2598,St. Francis (PA),fcs,NEC,17,0.02058041176080605,NA,NA,4.6293850587,,NA,NA
401531834,2023,1,regular,2023-08-31T23:00:00.000Z,FALSE,TRUE,FALSE,FALSE,15546,4246,Center Parc Stadium,2247,Georgia State,fbs,Sun Belt,42,0.9688016320131437,1490,1490,227,Rhode Island,fcs,CAA,35,0.031198367986856268,NA,NA,6.8861501661,,NA,NA
401525816,2023,1,regular,2023-08-31T23:00:00.000Z,FALSE,TRUE,FALSE,FALSE,44088,3652,FBC Mortgage Stadium,2116,UCF,fbs,Big 12,56,0.9989059988666029,1534,1668,2309,Kent State,fbs,Mid-American,6,0.0010940011333970823,1396,1262,1.3468100629,,NA,NA
401520174,2023,1,regular,2023-08-31T23:30:00.000Z,FALSE,TRUE,FALSE,FALSE,36526,3892,Pratt & Whitney Stadium,41,UConn,fbs,FBS Independents,14,0.020721389946961155,1260,1264,152,NC State,fbs,ACC,24,0.9792786100530388,1557,1553,3.6726577056,,NA,NA
401531337,2023,1,regular,2023-09-01T00:00:00.000Z,FALSE,TRUE,FALSE,FALSE,17529,3674,Chapman Stadium,202,Tulsa,fbs,American Athletic,42,0.9988560885578286,1418,1418,2029,Arkansas-Pine Bluff,fcs,SWAC,7,0.001143911442171408,NA,NA,3.7137518758,,NA,NA
401520165,2023,1,regular,2023-09-01T00:00:00.000Z,FALSE,TRUE,FALSE,FALSE,50434,3838,Memorial Stadium,142,Missouri,fbs,SEC,35,0.9978555091746407,1480,1480,233,South Dakota,fcs,MVFC,10,0.00214449082535928,NA,NA,3.0673258772,,NA,NA
401520176,2023,1,regular,2023-09-01T00:00:00.000Z,FALSE,TRUE,FALSE,FALSE,53644,587,Rice-Eccles Stadium,254,Utah,fbs,Pac-12,24,0.9381725457920445,1776,1784,57,Florida,fbs,SEC,11,0.061827454207955546,1554,1546,2.9381887071,,NA,NA
401520148,2023,1,regular,2023-09-01T00:00:00.000Z,FALSE,TRUE,FALSE,TRUE,53629,3953,Huntington Bank Stadium,135,Minnesota,fbs,Big Ten,13,0.047056199428105606,1672,1671,158,Nebraska,fbs,Big Ten,10,0.9529438005718944,1521,1522,7.656757772,,NA,NA
401531377,2023,1,regular,2023-09-01T00:00:00.000Z,FALSE,TRUE,FALSE,FALSE,25363,7221,Protective Stadium,5,UAB,fbs,American Athletic,35,0.9989372376296379,1510,1510,2448,North Carolina A&T,fcs,CAA,6,0.0010627623703620692,NA,NA,3.0895999027,,NA,NA
401523987,2023,1,regular,2023-09-01T02:00:00.000Z,FALSE,TRUE,FALSE,FALSE,47773,3947,Mountain America Stadium,9,Arizona State,fbs,Pac-12,24,0.8446309628185182,1464,1464,253,Southern Utah,fcs,UAC,21,0.15536903718148176,NA,NA,6.1818221504,,NA,NA
401532394,2023,1,regular,2023-09-01T22:30:00.000Z,FALSE,TRUE,FALSE,FALSE,18065,3912,Rynearson Stadium,2199,Eastern Michigan,fbs,Mid-American,33,0.674892990120817,1433,1433,47,Howard,fcs,MEAC,23,0.32510700987918295,NA,NA,6.1358257629,,NA,NA
401520163,2023,1,regular,2023-09-01T23:00:00.000Z,FALSE,TRUE,FALSE,FALSE,NA,3936,Spartan Stadium,127,Michigan State,fbs,Big Ten,31,0.9898329760584107,1533,1575,2117,Central Michigan,fbs,Mid-American,7,0.010167023941589304,1370,1328,6.660547719,,NA,NA
401525463,2023,1,regular,2023-09-01T23:00:00.000Z,FALSE,TRUE,FALSE,FALSE,49024,3948,Hard Rock Stadium,2390,Miami,fbs,ACC,38,0.998936250688961,1377,1481,193,Miami (OH),fbs,Mid-American,3,0.0010637493110390306,1420,1316,3.4198776736,,NA,NA
401525462,2023,1,regular,2023-09-01T23:30:00.000Z,FALSE,TRUE,TRUE,TRUE,NA,5348,Mercedes-Benz Stadium,59,Georgia Tech,fbs,ACC,34,0.3374647435132891,1348,1362,97,Louisville,fbs,ACC,39,0.6625352564867109,1668,1654,7.4210820721,,Aflac Kickoff,NA
401525815,2023,1,regular,2023-09-02T00:00:00.000Z,FALSE,TRUE,FALSE,FALSE,41091,3833,Memorial Stadium,2305,Kansas,fbs,Big 12,48,0.9971821402987247,1415,1415,2623,Missouri State,fcs,MVFC,17,0.0028178597012753492,NA,NA,4.3475718498000004,,NA,NA
401523988,2023,1,regular,2023-09-02T03:00:00.000Z,FALSE,TRUE,FALSE,FALSE,13739,7220,Clarence T.C. Ching Athletics Complex,62,Hawai'i,fbs,Mountain West,24,0.010950634801477689,1241,1220,24,Stanford,fbs,Pac-12,37,0.9890493651985223,1324,1345,4.2492062559,,NA,NA
401525822,2023,1,regular,2023-09-02T16:00:00.000Z,FALSE,TRUE,FALSE,FALSE,83221,3835,"Memorial Stadium (Norman, OK)",201,Oklahoma,fbs,Big 12,73,0.9989663891869078,1608,1793,2032,Arkansas State,fbs,Sun Belt,0,0.0010336108130921673,1256,1071,1.9630168502,,NA,NA
401520160,2023,1,regular,2023-09-02T16:00:00.000Z,FALSE,TRUE,FALSE,FALSE,18811,3992,Williams Stadium (VA),2335,Liberty,fbs,Conference USA,34,0.8819144263903264,1442,1446,189,Bowling Green,fbs,Mid-American,24,0.11808557360967364,1250,1246,6.60406962,,NA,NA
401520159,2023,1,regular,2023-09-02T16:00:00.000Z,FALSE,TRUE,FALSE,FALSE,58286,3683,Kroger Field,96,Kentucky,fbs,SEC,44,0.47031846522574716,1570,1625,2050,Ball State,fbs,Mid-American,14,0.5296815347742528,1360,1305,4.0918670405,,NA,NA
401520170,2023,1,regular,2023-09-02T16:00:00.000Z,FALSE,TRUE,FALSE,FALSE,54898,3907,Ross-Ade Stadium,2509,Purdue,fbs,Big Ten,35,0.1256113617044068,1473,1479,278,Fresno State,fbs,Mountain West,39,0.8743886382955932,1677,1671,6.8963093762,,NA,NA
401520172,2023,1,regular,2023-09-02T16:00:00.000Z,FALSE,TRUE,FALSE,FALSE,21490,3735,Gerald J. Ford Stadium,2567,SMU,fbs,American Athletic,38,0.9968771683602937,1502,1535,2348,Louisiana Tech,fbs,Conference USA,14,0.0031228316397062805,1249,1216,3.2616519574,,NA,NA
401520162,2023,1,regular,2023-09-02T16:00:00.000Z,FALSE,TRUE,FALSE,FALSE,109480,3558,Michigan Stadium,130,Michigan,fbs,Big Ten,30,0.9985490969984152,1916,1941,151,East Carolina,fbs,American Athletic,3,0.0014509030015847912,1506,1481,1.1721121152,,NA,NA
401525464,2023,1,regular,2023-09-02T16:00:00.000Z,FALSE,TRUE,FALSE,FALSE,30122,3615,"Alumni Stadium (Chestnut Hill, MA)",103,Boston College,fbs,ACC,24,0.026005599963105384,1314,1309,2459,Northern Illinois,fbs,Mid-American,27,0.9739944000368946,1304,1309,7.6619910082,,NA,NA
401523994,2023,1,regular,2023-09-02T16:00:00.000Z,FALSE,TRUE,FALSE,FALSE,53294,3616,Amon G. Carter Stadium,2628,TCU,fbs,Big 12,42,0.11594154626006306,1652,1613,38,Colorado,fbs,Pac-12,45,0.884058453739937,1157,1196,9.2614554314,,NA,NA
401520179,2023,1,regular,2023-09-02T16:00:00.000Z,FALSE,TRUE,TRUE,FALSE,69507,3810,Nissan Stadium,2633,Tennessee,fbs,SEC,49,0.9989216060109893,1833,1887,258,Virginia,fbs,ACC,13,0.001078393989010662,1393,1339,1.4530125893,,NA,NA
401520157,2023,1,regular,2023-09-02T16:00:00.000Z,FALSE,TRUE,FALSE,FALSE,69250,3793,Kinnick Stadium,2294,Iowa,fbs,Big Ten,24,0.8907619182743295,1665,1664,328,Utah State,fbs,Mountain West,14,0.10923808172567051,1395,1396,4.6995751296,,NA,NA
401532570,2023,1,regular,2023-09-02T17:00:00.000Z,FALSE,TRUE,FALSE,FALSE,30142,3713,Falcon Stadium,2005,Air Force,fbs,Mountain West,42,0.9989713018111364,1678,1678,2523,Robert Morris,fcs,Big South-OVC,7,0.0010286981888636415,NA,NA,2.4905958824,,NA,NA
401520168,2023,1,regular,2023-09-02T18:00:00.000Z,FALSE,TRUE,FALSE,FALSE,60097,3974,Vaught-Hemingway Stadium,145,Ole Miss,fbs,SEC,73,0.9986998205542056,1589,1589,2382,Mercer,fcs,Southern,7,0.0013001794457944138,NA,NA,2.4805255654,,NA,NA
401520158,2023,1,regular,2023-09-02T18:00:00.000Z,FALSE,TRUE,FALSE,FALSE,21276,3662,AmFirst Stadium,55,Jacksonville State,fbs,Conference USA,49,0.9942319962926359,1300,1300,2193,East Tennessee State,fcs,Southern,3,0.005768003707364078,NA,NA,3.6714875958,,NA,NA
401531387,2023,1,regular,2023-09-02T18:00:00.000Z,FALSE,TRUE,FALSE,FALSE,12456,3806,Lincoln Financial Field,218,Temple,fbs,American Athletic,24,0.5725468565105022,1262,1263,2006,Akron,fbs,Mid-American,21,0.4274531434894978,1269,1268,8.5013722326,,NA,NA
401532395,2023,1,regular,2023-09-02T18:00:00.000Z,FALSE,TRUE,FALSE,FALSE,18453,3876,Peden Stadium,195,Ohio,fbs,Mid-American,27,0.9979553715288099,1366,1366,2341,Long Island University,fcs,NEC,10,0.0020446284711901352,NA,NA,3.8164193664,,NA,NA
401525820,2023,1,regular,2023-09-02T18:00:00.000Z,FALSE,TRUE,FALSE,FALSE,58248,3772,Jack Trice Stadium,66,Iowa State,fbs,Big 12,30,0.9979657026164329,1536,1536,2460,Northern Iowa,fcs,MVFC,9,0.0020342973835670852,NA,NA,5.1817784236,,NA,NA
401523992,2023,1,regular,2023-09-02T19:00:00.000Z,FALSE,TRUE,FALSE,FALSE,45723,3626,Autzen Stadium,2483,Oregon,fbs,Pac-12,81,0.9989369810003825,1649,1649,2502,Portland State,fcs,Big Sky,7,0.001063018999617471,NA,NA,2.5079103492,,NA,NA
401525818,2023,1,regular,2023-09-02T19:30:00.000Z,FALSE,TRUE,FALSE,FALSE,38193,3854,Nippert Stadium,2132,Cincinnati,fbs,Big 12,66,0.9989357538894403,1626,1626,2198,Eastern Kentucky,fcs,UAC,13,0.0010642461105596634,NA,NA,2.3656523066,,NA,NA
401520181,2023,1,regular,2023-09-02T19:30:00.000Z,FALSE,TRUE,FALSE,FALSE,15438,3796,Houchens Industries-L.T. Smith Stadium,98,Western Kentucky,fbs,Conference USA,41,0.43433474880389344,1628,1632,58,South Florida,fbs,American Athletic,24,0.5656652511961066,1253,1249,8.7474480458,,NA,NA
401520156,2023,1,regular,2023-09-02T19:30:00.000Z,FALSE,TRUE,FALSE,TRUE,50050,3830,"Memorial Stadium (Bloomington, IN)",84,Indiana,fbs,Big Ten,3,0.015602526587760375,1388,1389,194,Ohio State,fbs,Big Ten,23,0.9843974734122396,1904,1903,1.1559491153,,NA,NA
401520161,2023,1,regular,2023-09-02T19:30:00.000Z,FALSE,TRUE,FALSE,FALSE,37241,3665,SECU Stadium,120,Maryland,fbs,Big Ten,38,0.998232097950272,1596,1596,119,Towson,fcs,CAA,6,0.0017679020497279874,NA,NA,2.6927851463,,NA,NA
401520151,2023,1,regular,2023-09-02T19:30:00.000Z,FALSE,TRUE,FALSE,FALSE,88043,3785,Jordan-Hare Stadium,2,Auburn,fbs,SEC,59,0.996945784251291,1564,1638,113,Massachusetts,fbs,FBS Independents,14,0.0030542157487090105,1122,1048,1.1621692079,,NA,NA
401520180,2023,1,regular,2023-09-02T19:30:00.000Z,FALSE,TRUE,FALSE,FALSE,76224,347,Camp Randall Stadium,275,Wisconsin,fbs,Big Ten,38,0.9932720875442714,1637,1665,2084,Buffalo,fbs,Mid-American,17,0.0067279124557285686,1424,1396,2.7236732917,,NA,NA
401525435,2023,1,regular,2023-09-02T19:30:00.000Z,FALSE,TRUE,FALSE,FALSE,77622,3855,Notre Dame Stadium,87,Notre Dame,fbs,FBS Independents,56,0.9989695643205501,1909,1909,2634,Tennessee State,fcs,Big South-OVC,3,0.001030435679449937,NA,NA,2.6453776569,,NA,NA
401525465,2023,1,regular,2023-09-02T19:30:00.000Z,FALSE,TRUE,FALSE,FALSE,45096,3752,Acrisure Stadium,221,Pittsburgh,fbs,ACC,45,0.9989151704141873,1624,1624,2747,Wofford,fcs,Southern,7,0.0010848295858126855,NA,NA,2.6729124506,,NA,NA
401525824,2023,1,regular,2023-09-02T19:30:00.000Z,FALSE,TRUE,FALSE,FALSE,98017,3910,DKR-Texas Memorial Stadium,251,Texas,fbs,Big 12,37,0.8190307757940825,1766,1776,242,Rice,fbs,American Athletic,10,0.18096922420591754,1204,1194,3.4775047299,,NA,NA
401523997,2023,1,regular,2023-09-02T19:30:00.000Z,FALSE,TRUE,FALSE,FALSE,67475,3765,Husky Stadium,264,Washington,fbs,Pac-12,56,0.9956741272816851,1673,1774,68,Boise State,fbs,Mountain West,19,0.00432587271831486,1641,1540,3.2106801679,,NA,NA
401531835,2023,1,regular,2023-09-02T19:30:00.000Z,FALSE,TRUE,FALSE,FALSE,36075,3792,Kidd Brewer Stadium,2026,App State,fbs,Sun Belt,45,0.9889692074335229,1562,1562,2241,Gardner-Webb,fcs,Big South-OVC,24,0.011030792566477099,NA,NA,6.3608780294,,NA,NA
401520164,2023,1,regular,2023-09-02T20:00:00.000Z,FALSE,TRUE,FALSE,FALSE,50041,3693,Davis Wade Stadium,344,Mississippi State,fbs,SEC,48,0.9975162902253654,1629,1629,2545,SE Louisiana,fcs,Southland,7,0.002483709774634635,NA,NA,3.9533029199,,NA,NA
401525466,2023,1,regular,2023-09-02T20:00:00.000Z,FALSE,TRUE,FALSE,FALSE,32465,1964,JMA Wireless Dome,183,Syracuse,fbs,ACC,65,0.9989691126834638,1476,1476,2142,Colgate,fcs,Patriot,0,0.001030887316536222,NA,NA,2.5219850252,,NA,NA
401523991,2023,1,regular,2023-09-02T20:00:00.000Z,FALSE,TRUE,FALSE,FALSE,21350,3825,DATCU Stadium,249,North Texas,fbs,American Athletic,21,0.00334194677667614,1472,1357,25,California,fbs,Pac-12,58,0.9966580532233239,1437,1552,2.9698155665,,NA,NA
401532572,2023,1,regular,2023-09-02T20:00:00.000Z,FALSE,TRUE,FALSE,FALSE,20347,6501,Allegiant Stadium,2439,UNLV,fbs,Mountain West,44,0.9109065971653778,1350,1350,2803,Bryant,fcs,Big South-OVC,14,0.08909340283462219,NA,NA,4.3866306616,,NA,NA
401520150,2023,1,regular,2023-09-02T20:00:00.000Z,FALSE,TRUE,TRUE,FALSE,44397,3983,War Memorial Stadium (AR),8,Arkansas,fbs,SEC,56,0.9988972468930762,1624,1624,2717,Western Carolina,fcs,Southern,13,0.0011027531069237595,NA,NA,2.71999755,,NA,NA
401520154,2023,1,regular,2023-09-02T22:00:00.000Z,FALSE,TRUE,FALSE,FALSE,92746,3917,Sanford Stadium,61,Georgia,fbs,SEC,48,0.9988458144967923,2033,2033,2630,UT Martin,fcs,Big South-OVC,7,0.001154185503207672,NA,NA,3.7616657728,,NA,NA
401531838,2023,1,regular,2023-09-02T22:00:00.000Z,FALSE,TRUE,FALSE,FALSE,25101,3775,Joan C. Edwards Stadium,276,Marshall,fbs,Sun Belt,21,0.9937266966209883,1542,1542,399,UAlbany,fcs,CAA,17,0.006273303379011663,NA,NA,9.3805121172,,NA,NA
401531402,2023,1,regular,2023-09-02T22:00:00.000Z,FALSE,TRUE,FALSE,FALSE,15622,4418,Jerry Richardson Stadium,2429,Charlotte,fbs,American Athletic,24,0.9979829331702108,1220,1220,2569,South Carolina State,fcs,MEAC,3,0.0020170668297891936,NA,NA,6.3462804104,,NA,NA
401531837,2023,1,regular,2023-09-02T22:00:00.000Z,FALSE,TRUE,FALSE,FALSE,23756,3651,Bridgeforth Stadium,256,James Madison,fbs,Sun Belt,38,0.9693123027822952,1606,1606,2083,Bucknell,fcs,Patriot,3,0.030687697217704812,NA,NA,4.0024464134,,NA,NA
401531418,2023,1,regular,2023-09-02T22:00:00.000Z,FALSE,TRUE,FALSE,FALSE,20893,3715,FAU Stadium,2226,Florida Atlantic,fbs,American Athletic,42,0.9987531737967843,1424,1424,2405,Monmouth,fcs,CAA,20,0.0012468262032157007,NA,NA,4.1189513346,,NA,NA
401531836,2023,1,regular,2023-09-02T22:00:00.000Z,FALSE,TRUE,FALSE,FALSE,17803,3608,Allen E. Paulson Stadium,290,Georgia Southern,fbs,Sun Belt,34,0.9988370177841117,1418,1418,2643,The Citadel,fcs,Southern,0,0.0011629822158882863,NA,NA,2.5475679572,,NA,NA
401523996,2023,1,regular,2023-09-02T22:30:00.000Z,FALSE,TRUE,FALSE,FALSE,62916,477,Los Angeles Memorial Coliseum,30,USC,fbs,Pac-12,66,0.9989598490882878,1713,1817,2440,Nevada,fbs,Mountain West,14,0.0010401509117121677,1324,1220,2.8434830947,,NA,NA
401520153,2023,1,regular,2023-09-02T22:30:00.000Z,FALSE,TRUE,FALSE,FALSE,16878,218,FIU Stadium,2229,Florida International,fbs,Conference USA,14,0.7558793922760062,1083,1083,311,Maine,fcs,CAA,12,0.2441206077239938,NA,NA,9.8007531469,,NA,NA
401525817,2023,1,regular,2023-09-02T23:00:00.000Z,FALSE,TRUE,FALSE,FALSE,44945,4727,McLane Stadium,239,Baylor,fbs,Big 12,31,0.05664504481741026,1614,1559,326,Texas State,fbs,Sun Belt,42,0.9433549551825897,1294,1349,4.2753146056,,NA,NA
401523990,2023,1,regular,2023-09-02T23:00:00.000Z,FALSE,TRUE,FALSE,FALSE,31497,5388,Canvas Stadium,36,Colorado State,fbs,Mountain West,24,0.019271430393154952,1334,1290,265,Washington State,fbs,Pac-12,50,0.9807285696068451,1558,1602,3.2613077584,,NA,NA
401525819,2023,1,regular,2023-09-02T23:00:00.000Z,FALSE,TRUE,FALSE,FALSE,37862,4728,TDECU Stadium,248,Houston,fbs,Big 12,17,0.21996735273928036,1579,1580,2636,UTSA,fbs,American Athletic,14,0.7800326472607196,1605,1604,6.7941692021,,NA,NA
401520173,2023,1,regular,2023-09-02T23:00:00.000Z,FALSE,TRUE,FALSE,FALSE,97560,3795,Kyle Field,245,Texas A&M,fbs,SEC,52,0.9974375577304344,1586,1656,167,New Mexico,fbs,Mountain West,10,0.00256244226956559,1187,1117,2.5084096674,,NA,NA
401520178,2023,1,regular,2023-09-02T23:00:00.000Z,FALSE,TRUE,FALSE,FALSE,22035,3973,FirstBank Stadium,238,Vanderbilt,fbs,SEC,47,0.9185456621495672,1238,1238,2010,Alabama A&M,fcs,SWAC,13,0.08145433785043277,NA,NA,4.967868351,,NA,NA
401531840,2023,1,regular,2023-09-02T23:00:00.000Z,FALSE,TRUE,FALSE,FALSE,30335,3815,M. M. Roberts Stadium,2572,Southern Miss,fbs,Sun Belt,40,0.9974291178424662,1370,1370,2016,Alcorn State,fcs,SWAC,14,0.0025708821575337604,NA,NA,3.1425359864,,NA,NA
401531426,2023,1,regular,2023-09-02T23:00:00.000Z,FALSE,TRUE,FALSE,FALSE,26632,3805,Simmons Bank Liberty Stadium,235,Memphis,fbs,American Athletic,56,0.9987809614439721,1545,1545,2065,Bethune-Cookman,fcs,SWAC,14,0.001219038556027896,NA,NA,3.3936486978,,NA,NA
401531841,2023,1,regular,2023-09-02T23:00:00.000Z,FALSE,TRUE,FALSE,FALSE,28179,3975,Veterans Memorial Stadium (AL),2653,Troy,fbs,Sun Belt,48,0.9989237846352891,1556,1556,2617,Stephen F. Austin,fcs,UAC,30,0.0010762153647109196,NA,NA,4.2906894758,,NA,NA
401525821,2023,1,regular,2023-09-02T23:00:00.000Z,FALSE,TRUE,FALSE,FALSE,52066,3636,Bill Snyder Family Stadium,2306,Kansas State,fbs,Big 12,45,0.9989665143220542,1740,1740,2546,Southeast Missouri State,fcs,Big South-OVC,0,0.0010334856779458113,NA,NA,3.0035274756,,NA,NA
401520175,2023,1,regular,2023-09-02T23:00:00.000Z,FALSE,TRUE,FALSE,FALSE,18914,3817,Malone Stadium,2433,UL Monroe,fbs,Sun Belt,17,0.005563138130662999,1244,1255,349,Army,fbs,FBS Independents,13,0.994436861869337,1499,1488,6.3773981569,,NA,NA
401525823,2023,1,regular,2023-09-02T23:00:00.000Z,FALSE,TRUE,FALSE,FALSE,53855,3646,Boone Pickens Stadium,197,Oklahoma State,fbs,Big 12,27,0.19601919883676525,1530,1530,2110,Central Arkansas,fcs,UAC,13,0.8039808011632348,NA,NA,6.2227387185,,NA,NA
401531839,2023,1,regular,2023-09-02T23:30:00.000Z,FALSE,TRUE,FALSE,FALSE,18186,3666,Cajun Field,309,Louisiana,fbs,Sun Belt,38,0.994116726968805,1537,1537,2466,Northwestern State,fcs,Southland,13,0.005883273031194958,NA,NA,3.7840245626,,NA,NA
401520149,2023,1,regular,2023-09-02T23:30:00.000Z,FALSE,TRUE,FALSE,FALSE,100077,3657,Bryant-Denny Stadium,333,Alabama,fbs,SEC,56,0.9984904999606786,1954,2029,2393,Middle Tennessee,fbs,Conference USA,7,0.0015095000393213764,1415,1340,3.3884154201,,NA,NA
401520167,2023,1,regular,2023-09-02T23:30:00.000Z,FALSE,TRUE,TRUE,FALSE,68723,3628,Bank of America Stadium,153,North Carolina,fbs,ACC,31,0.9985540289015463,1539,1579,2579,South Carolina,fbs,SEC,17,0.00144597109845368,1580,1540,4.6146208498,,Duke’s Mayo Classic,NA
401520155,2023,1,regular,2023-09-02T23:30:00.000Z,FALSE,TRUE,FALSE,FALSE,48898,3832,"Memorial Stadium (Champaign, IL)",356,Illinois,fbs,Big Ten,30,0.9030397471002468,1666,1664,2649,Toledo,fbs,Mid-American,28,0.09696025289975319,1496,1498,8.6001583941,,NA,NA
401525825,2023,1,regular,2023-09-02T23:30:00.000Z,FALSE,TRUE,FALSE,FALSE,26450,3984,War Memorial Stadium,2751,Wyoming,fbs,Mountain West,35,0.42393210336945625,1409,1412,2641,Texas Tech,fbs,Big 12,33,0.5760678966305437,1588,1585,7.9085626634,,NA,NA
401520169,2023,1,regular,2023-09-02T23:30:00.000Z,FALSE,TRUE,FALSE,FALSE,110747,3632,Beaver Stadium,213,Penn State,fbs,Big Ten,38,0.968856099743742,1833,1849,277,West Virginia,fbs,Big 12,15,0.031143900256258017,1438,1422,2.4347324546,,NA,NA
401531347,2023,1,regular,2023-09-03T00:00:00.000Z,FALSE,TRUE,FALSE,FALSE,26973,4729,Yulman Stadium,2655,Tulane,fbs,American Athletic,37,0.9986926451834698,1640,1671,6,South Alabama,fbs,Sun Belt,17,0.0013073548165302151,1490,1459,4.2314668364,,NA,NA
401525467,2023,1,regular,2023-09-03T00:00:00.000Z,FALSE,TRUE,FALSE,FALSE,65632,3799,Lane Stadium,259,Virginia Tech,fbs,ACC,36,0.8216968782978209,1378,1421,295,Old Dominion,fbs,Sun Belt,17,0.1783031217021791,1376,1333,5.6957590998,,NA,NA
401520166,2023,1,regular,2023-09-03T01:00:00.000Z,FALSE,TRUE,FALSE,FALSE,17943,3601,Aggie Memorial Stadium,166,New Mexico State,fbs,Conference USA,58,0.9987412929294822,1150,1150,2710,Western Illinois,fcs,MVFC,21,0.0012587070705177839,NA,NA,4.2584005045,,NA,NA
401520177,2023,1,regular,2023-09-03T01:00:00.000Z,FALSE,TRUE,FALSE,FALSE,30738,3946,Sun Bowl,2638,UTEP,fbs,Conference USA,28,0.9984676717691553,1369,1369,2916,Incarnate Word,fcs,Southland,14,0.001532328230844704,NA,NA,5.5134955646,,NA,NA
401523989,2023,1,regular,2023-09-03T02:00:00.000Z,FALSE,TRUE,FALSE,FALSE,48159,3619,Arizona Stadium,12,Arizona,fbs,Pac-12,38,0.99894211214822,1416,1416,2464,Northern Arizona,fcs,Big Sky,3,0.0010578878517799595,NA,NA,3.6068521389,,NA,NA
401520152,2023,1,regular,2023-09-03T02:15:00.000Z,FALSE,TRUE,FALSE,FALSE,59006,3801,LaVell Edwards Stadium,252,BYU,fbs,Big 12,14,0.8412899458607378,1517,1544,2534,Sam Houston,fbs,Conference USA,0,0.1587100541392622,1500,1473,6.8429048806,,NA,NA
401532571,2023,1,regular,2023-09-03T02:30:00.000Z,FALSE,TRUE,FALSE,FALSE,22345,7311,Snapdragon Stadium,21,San Diego State,fbs,Mountain West,36,0.9910457621962445,1537,1537,304,Idaho State,fcs,Big Sky,28,0.008954237803755483,NA,NA,5.6044547478,,NA,NA
401523995,2023,1,regular,2023-09-03T02:30:00.000Z,FALSE,TRUE,FALSE,FALSE,43705,1056,Rose Bowl,26,UCLA,fbs,Pac-12,27,0.7453632626419013,1622,1631,324,Coastal Carolina,fbs,Sun Belt,13,0.25463673735809866,1396,1387,6.6789667117,,NA,NA
401520171,2023,1,regular,2023-09-03T16:00:00.000Z,FALSE,TRUE,FALSE,TRUE,53026,6577,SHI Stadium,164,Rutgers,fbs,Big Ten,24,0.9950029668604261,1288,1330,77,Northwestern,fbs,Big Ten,7,0.004997033139573892,1338,1296,2.9200123837,,NA,NA
401532573,2023,1,regular,2023-09-03T19:30:00.000Z,FALSE,TRUE,FALSE,FALSE,20337,3935,CEFCU Stadium,23,San José State,fbs,Mountain West,17,7.84855604403461e-4,1412,1378,204,Oregon State,fbs,Pac-12,42,0.9992151443955966,1695,1729,2.5161361323,,NA,NA
401520182,2023,1,regular,2023-09-03T23:30:00.000Z,FALSE,TRUE,TRUE,FALSE,65429,4013,Camping World Stadium,52,Florida State,fbs,ACC,45,0.9959757023157687,1732,1792,99,LSU,fbs,SEC,24,0.004024297684231293,1747,1687,6.1090529542,,Camping World Kickoff,NA
401525468,2023,1,regular,2023-09-05T00:00:00.000Z,FALSE,TRUE,FALSE,TRUE,31638,3982,Wallace Wade Stadium,150,Duke,fbs,ACC,28,0.6312020012434084,1518,1592,228,Clemson,fbs,ACC,7,0.3687979987565916,1728,1654,7.0391063645,,NA,NA
401525469,2023,2,regular,2023-09-07T23:30:00.000Z,FALSE,TRUE,FALSE,FALSE,45273,3873,L&N Federal Credit Union Stadium,97,Louisville,fbs,ACC,56,0.9989063339464476,1567,1567,93,Murray State,fcs,MVFC,0,0.0010936660535524334,NA,NA,2.8570294408,,NA,NA
401520193,2023,2,regular,2023-09-08T23:00:00.000Z,FALSE,TRUE,FALSE,FALSE,42775,3830,"Memorial Stadium (Bloomington, IN)",84,Indiana,fbs,Big Ten,41,0.9988523063164877,1307,1307,282,Indiana State,fcs,MVFC,7,0.0011476936835123075,NA,NA,2.909796366,,NA,NA
401520195,2023,2,regular,2023-09-08T23:30:00.000Z,FALSE,TRUE,FALSE,FALSE,45809,3833,Memorial Stadium,2305,Kansas,fbs,Big 12,34,0.982372535709815,1415,1455,356,Illinois,fbs,Big Ten,23,0.017627464290185024,1664,1624,3.8533834293,,NA,NA
401520216,2023,2,regular,2023-09-09T15:00:00.000Z,FALSE,TRUE,FALSE,FALSE,28363,3630,Allegacy Federal Credit Union Stadium,154,Wake Forest,fbs,ACC,36,0.956853765264342,1608,1618,238,Vanderbilt,fbs,SEC,20,0.04314623473565804,1327,1317,4.7702379432,,NA,NA
401525498,2023,2,regular,2023-09-09T16:00:00.000Z,FALSE,TRUE,FALSE,FALSE,56508,3923,Scott Stadium,258,Virginia,fbs,ACC,35,0.8920745397236187,1339,1350,256,James Madison,fbs,Sun Belt,36,0.10792546027638128,1606,1595,6.3171327858,,NA,NA
401520191,2023,2,regular,2023-09-09T16:00:00.000Z,FALSE,TRUE,FALSE,FALSE,92746,3917,Sanford Stadium,61,Georgia,fbs,SEC,45,0.9987889343592561,2033,2065,2050,Ball State,fbs,Mid-American,3,0.0012110656407439135,1305,1273,2.7195646677,,NA,NA
401520208,2023,2,regular,2023-09-09T16:00:00.000Z,FALSE,TRUE,FALSE,FALSE,102897,3861,Ohio Stadium,194,Ohio State,fbs,Big Ten,35,0.9971499912795524,1955,1955,2754,Youngstown State,fcs,MVFC,7,0.0028500087204476054,NA,NA,3.5239813788,,NA,NA
401520209,2023,2,regular,2023-09-09T16:00:00.000Z,FALSE,TRUE,FALSE,FALSE,108575,3632,Beaver Stadium,213,Penn State,fbs,Big Ten,63,0.9989226343908962,1713,1713,48,Delaware,fcs,CAA,7,0.0010773656091037642,NA,NA,3.0467120756,,NA,NA
401520215,2023,2,regular,2023-09-09T16:00:00.000Z,FALSE,TRUE,FALSE,FALSE,65632,3799,Lane Stadium,259,Virginia Tech,fbs,ACC,17,0.02467880309159426,1421,1412,2509,Purdue,fbs,Big Ten,24,0.9753211969084057,1479,1488,7.5278059394,,NA,NA
401523999,2023,2,regular,2023-09-09T16:00:00.000Z,FALSE,TRUE,FALSE,FALSE,43732,4727,McLane Stadium,239,Baylor,fbs,Big 12,13,0.3252578729597435,1559,1563,254,Utah,fbs,Pac-12,20,0.6747421270402565,1784,1780,5.7327451846,,NA,NA
401525436,2023,2,regular,2023-09-09T16:00:00.000Z,FALSE,TRUE,FALSE,FALSE,56919,3670,Carter-Finley Stadium,152,NC State,fbs,ACC,24,0.0030141430969225203,1553,1528,87,Notre Dame,fbs,FBS Independents,45,0.9969858569030775,1819,1844,4.8174883994,,NA,NA
401525490,2023,2,regular,2023-09-09T16:00:00.000Z,FALSE,TRUE,FALSE,FALSE,40122,3615,"Alumni Stadium (Chestnut Hill, MA)",103,Boston College,fbs,ACC,31,0.38388198707986393,1434,1434,107,Holy Cross,fcs,Patriot,28,0.616118012920136,NA,NA,7.6746563619,,NA,NA
401525829,2023,2,regular,2023-09-09T16:00:00.000Z,FALSE,TRUE,FALSE,FALSE,51940,3636,Bill Snyder Family Stadium,2306,Kansas State,fbs,Big 12,42,0.9957161555474973,1740,1795,2653,Troy,fbs,Sun Belt,13,0.004283844452502739,1556,1501,4.7916115602,,NA,NA
401520188,2023,2,regular,2023-09-09T16:00:00.000Z,FALSE,TRUE,FALSE,FALSE,53241,3726,Folsom Field,38,Colorado,fbs,Pac-12,36,0.34603500105798846,1196,1288,158,Nebraska,fbs,Big Ten,14,0.6539649989420115,1522,1430,4.9202508833,,NA,NA
401520185,2023,2,regular,2023-09-09T16:00:00.000Z,FALSE,TRUE,FALSE,FALSE,25153,3841,Michie Stadium,349,Army,fbs,FBS Independents,57,0.9989576688808597,1530,1530,2169,Delaware State,fcs,MEAC,0,0.0010423311191403162,NA,NA,2.5757264492,,NA,NA
401525494,2023,2,regular,2023-09-09T17:00:00.000Z,FALSE,TRUE,FALSE,FALSE,31452,721,Bobby Dodd Stadium,59,Georgia Tech,fbs,ACC,48,0.9940135201634523,1347,1347,2569,South Carolina State,fcs,MEAC,13,0.0059864798365476535,NA,NA,2.5067305076,,NA,NA
401532396,2023,2,regular,2023-09-09T17:30:00.000Z,FALSE,TRUE,FALSE,FALSE,17302,3786,Kelly/Shorts Stadium,2117,Central Michigan,fbs,Mid-American,45,0.7678934390106461,1482,1482,160,New Hampshire,fcs,CAA,42,0.2321065609893539,NA,NA,7.4859466068,,NA,NA
401532400,2023,2,regular,2023-09-09T18:00:00.000Z,FALSE,TRUE,FALSE,FALSE,12312,3700,Doyt L. Perry Stadium,189,Bowling Green,fbs,Mid-American,38,0.9987663302095987,1210,1210,2197,Eastern Illinois,fcs,Big South-OVC,15,0.0012336697904012928,NA,NA,4.1151709052,,NA,NA
401525491,2023,2,regular,2023-09-09T18:15:00.000Z,FALSE,TRUE,FALSE,FALSE,81500,3836,"Memorial Stadium (Clemson, SC)",228,Clemson,fbs,ACC,66,0.998949100998647,1684,1684,2127,Charleston Southern,fcs,Big South-OVC,17,0.0010508990013530228,NA,NA,4.521969396,,NA,NA
401520196,2023,2,regular,2023-09-09T19:00:00.000Z,FALSE,TRUE,FALSE,FALSE,61876,3683,Kroger Field,96,Kentucky,fbs,SEC,28,0.8019849969778862,1730,1730,2198,Eastern Kentucky,fcs,UAC,17,0.19801500302211383,NA,NA,6.596206777,,NA,NA
401525828,2023,2,regular,2023-09-09T19:00:00.000Z,FALSE,TRUE,FALSE,FALSE,60834,3801,LaVell Edwards Stadium,252,BYU,fbs,Big 12,41,0.9859386666627835,1544,1544,253,Southern Utah,fcs,UAC,16,0.014061333337216486,NA,NA,4.9651559423,,NA,NA
401525497,2023,2,regular,2023-09-09T19:30:00.000Z,FALSE,TRUE,FALSE,FALSE,32637,1964,JMA Wireless Dome,183,Syracuse,fbs,ACC,48,0.997037584320941,1476,1581,2711,Western Michigan,fbs,Mid-American,7,0.0029624156790589717,1367,1262,3.6999302723,,NA,NA
401520194,2023,2,regular,2023-09-09T19:30:00.000Z,FALSE,TRUE,FALSE,FALSE,61500,3772,Jack Trice Stadium,66,Iowa State,fbs,Big 12,13,0.1341085705748727,1536,1533,2294,Iowa,fbs,Big Ten,20,0.8658914294251273,1664,1667,3.3632787579,,NA,NA
401520201,2023,2,regular,2023-09-09T19:30:00.000Z,FALSE,TRUE,FALSE,FALSE,48792,3948,Hard Rock Stadium,2390,Miami,fbs,ACC,48,0.9769251650199458,1481,1529,245,Texas A&M,fbs,SEC,33,0.02307483498005425,1656,1608,6.4937158987,,NA,NA
401520202,2023,2,regular,2023-09-09T19:30:00.000Z,FALSE,TRUE,FALSE,FALSE,109482,3558,Michigan Stadium,130,Michigan,fbs,Big Ten,35,0.9989398240559731,1941,1951,2439,UNLV,fbs,Mountain West,7,0.0010601759440268532,1350,1340,2.6325698399,,NA,NA
401520214,2023,2,regular,2023-09-09T19:30:00.000Z,FALSE,TRUE,FALSE,FALSE,30000,4729,Yulman Stadium,2655,Tulane,fbs,American Athletic,20,0.0508540891906328,1671,1621,145,Ole Miss,fbs,SEC,37,0.9491459108093672,1589,1639,6.5601920638,,NA,NA
401532397,2023,2,regular,2023-09-09T19:30:00.000Z,FALSE,TRUE,FALSE,FALSE,13114,3764,Huskie Stadium,2459,Northern Illinois,fbs,Mid-American,11,0.92613424988868,1385,1385,79,Southern Illinois,fcs,MVFC,14,0.07386575011132002,NA,NA,6.0284531271,,NA,NA
401532398,2023,2,regular,2023-09-09T19:30:00.000Z,FALSE,TRUE,FALSE,FALSE,22742,3739,Glass Bowl,2649,Toledo,fbs,Mid-American,71,0.9989700804193442,1531,1531,2640,Texas Southern,fcs,SWAC,3,0.0010299195806557915,NA,NA,2.3103907538,,NA,NA
401526833,2023,2,regular,2023-09-09T19:30:00.000Z,FALSE,TRUE,FALSE,FALSE,9207,3985,Warren McGuirk Alumni Stadium,113,Massachusetts,fbs,FBS Independents,28,0.03439324067871298,1048,1043,193,Miami (OH),fbs,Mid-American,41,0.965606759321287,1316,1321,4.5470322852,,NA,NA
401520203,2023,2,regular,2023-09-09T19:30:00.000Z,FALSE,TRUE,FALSE,FALSE,NA,3936,Spartan Stadium,127,Michigan State,fbs,Big Ten,45,0.9988727833189613,1617,1617,257,Richmond,fcs,CAA,14,0.0011272166810386564,NA,NA,4.8934500948,,NA,NA
401531395,2023,2,regular,2023-09-09T19:30:00.000Z,FALSE,TRUE,FALSE,FALSE,49342,3604,Alamodome,2636,UTSA,fbs,American Athletic,20,0.9198435544139756,1604,1600,326,Texas State,fbs,Sun Belt,13,0.08015644558602442,1349,1353,7.7760483623,,NA,NA
401520207,2023,2,regular,2023-09-09T19:30:00.000Z,FALSE,TRUE,FALSE,FALSE,14851,3911,Ryan Field,77,Northwestern,fbs,Big Ten,38,0.9913348271383452,1296,1390,2638,UTEP,fbs,Conference USA,7,0.008665172861654802,1370,1276,5.1737392892,,NA,NA
401531432,2023,2,regular,2023-09-09T19:30:00.000Z,FALSE,TRUE,FALSE,FALSE,29789,3852,Navy-Marine Corps Memorial Stadium,2426,Navy,fbs,American Athletic,24,0.9981515626479444,1320,1320,2681,Wagner,fcs,NEC,0,0.001848437352055643,NA,NA,4.2070689092,,NA,NA
401532578,2023,2,regular,2023-09-09T20:00:00.000Z,FALSE,TRUE,FALSE,FALSE,14224,3935,CEFCU Stadium,23,San José State,fbs,Mountain West,59,0.9989435585224878,1223,1223,13,Cal Poly,fcs,Big Sky,3,0.00105644147751216,NA,NA,2.4447141974,,NA,NA
401531411,2023,2,regular,2023-09-09T20:00:00.000Z,FALSE,TRUE,FALSE,FALSE,38211,3699,Dowdy-Ficklen Stadium,151,East Carolina,fbs,American Athletic,13,0.016215173997354115,1481,1443,276,Marshall,fbs,Sun Belt,31,0.9837848260026458,1542,1580,6.7296690237,,NA,NA
401520184,2023,2,regular,2023-09-09T20:00:00.000Z,FALSE,TRUE,FALSE,FALSE,73173,3887,Razorback Stadium,8,Arkansas,fbs,SEC,28,0.9987026109024985,1624,1641,2309,Kent State,fbs,Mid-American,6,0.0012973890975015445,1262,1245,6.4974422908,,NA,NA
401532580,2023,2,regular,2023-09-09T20:00:00.000Z,FALSE,TRUE,FALSE,FALSE,22121,3984,War Memorial Stadium,2751,Wyoming,fbs,Mountain West,31,0.9969176629572242,1500,1500,2502,Portland State,fcs,Big Sky,17,0.003082337042775829,NA,NA,4.5699306585,,NA,NA
401524004,2023,2,regular,2023-09-09T21:00:00.000Z,FALSE,TRUE,FALSE,FALSE,63128,3765,Husky Stadium,264,Washington,fbs,Pac-12,43,0.9988868646528899,1774,1822,202,Tulsa,fbs,American Athletic,10,0.0011131353471101058,1418,1370,3.1095071431,,NA,NA
401531844,2023,2,regular,2023-09-09T21:00:00.000Z,FALSE,TRUE,FALSE,FALSE,15237,6526,Hancock Whitney Stadium,6,South Alabama,fbs,Sun Belt,35,0.9983003622067391,1313,1313,2545,SE Louisiana,fcs,Southland,17,0.0016996377932608775,NA,NA,4.9877919832,,NA,NA
401520213,2023,2,regular,2023-09-09T21:00:00.000Z,FALSE,TRUE,FALSE,FALSE,101915,3853,Neyland Stadium,2633,Tennessee,fbs,SEC,30,0.9885686861865587,1735,1735,2046,Austin Peay,fcs,UAC,13,0.011431313813441313,NA,NA,7.2248857394,,NA,NA
401525495,2023,2,regular,2023-09-09T21:15:00.000Z,FALSE,TRUE,FALSE,FALSE,50500,3787,Kenan Stadium,153,North Carolina,fbs,ACC,40,0.4305325101567739,1579,1585,2026,App State,fbs,Sun Belt,34,0.5694674898432261,1562,1556,8.8238736701,,NA,NA
401531419,2023,2,regular,2023-09-09T22:00:00.000Z,FALSE,TRUE,FALSE,FALSE,17934,3715,FAU Stadium,2226,Florida Atlantic,fbs,American Athletic,10,0.0013356083827620715,1424,1415,195,Ohio,fbs,Mid-American,17,0.998664391617238,1473,1482,6.5299534208,,NA,NA
401532399,2023,2,regular,2023-09-09T22:00:00.000Z,FALSE,TRUE,FALSE,FALSE,8213,3768,InfoCision Stadium,2006,Akron,fbs,Mid-American,24,0.5925609444676093,1094,1094,2415,Morgan State,fcs,MEAC,21,0.4074390555323907,NA,NA,8.8894234306,,NA,NA
401525830,2023,2,regular,2023-09-09T22:00:00.000Z,FALSE,TRUE,FALSE,FALSE,84186,3835,"Memorial Stadium (Norman, OK)",201,Oklahoma,fbs,Big 12,28,0.9986322578618844,1793,1807,2567,SMU,fbs,American Athletic,11,0.0013677421381156352,1535,1521,4.821409127,,NA,NA
401525492,2023,2,regular,2023-09-09T22:00:00.000Z,FALSE,TRUE,FALSE,FALSE,17481,3982,Wallace Wade Stadium,150,Duke,fbs,ACC,42,0.9989541304569391,1250,1250,322,Lafayette,fcs,Patriot,7,0.0010458695430608511,NA,NA,3.4202696278,,NA,NA
401532401,2023,2,regular,2023-09-09T22:00:00.000Z,FALSE,TRUE,FALSE,FALSE,15854,3965,UB Stadium,2084,Buffalo,fbs,Mid-American,37,0.7999584417618355,1354,1354,2230,Fordham,fcs,Patriot,40,0.2000415582381645,NA,NA,9.3628657898,,NA,NA
401525833,2023,2,regular,2023-09-09T22:00:00.000Z,FALSE,TRUE,FALSE,FALSE,50037,3842,Milan Puskar Stadium,277,West Virginia,fbs,Big 12,56,0.9989255144854605,1447,1447,2184,Duquesne,fcs,NEC,17,0.0010744855145394805,NA,NA,3.6741879798,,NA,NA
401520198,2023,2,regular,2023-09-09T22:00:00.000Z,FALSE,TRUE,FALSE,TRUE,20123,3992,Williams Stadium (VA),2335,Liberty,fbs,Conference USA,33,0.9959762772187638,1446,1465,166,New Mexico State,fbs,Conference USA,17,0.004023722781236194,1274,1255,5.8502325264,,NA,NA
401531378,2023,2,regular,2023-09-09T22:00:00.000Z,FALSE,TRUE,FALSE,FALSE,20103,3608,Allen E. Paulson Stadium,290,Georgia Southern,fbs,Sun Belt,49,0.2766170980841154,1418,1455,5,UAB,fbs,American Athletic,35,0.7233829019158846,1510,1473,6.5781689704,,NA,NA
401531842,2023,2,regular,2023-09-09T22:00:00.000Z,FALSE,TRUE,FALSE,TRUE,18154,3918,S.B. Ballard Stadium,295,Old Dominion,fbs,Sun Belt,38,0.4923633262379752,1333,1355,309,Louisiana,fbs,Sun Belt,31,0.5076366737620248,1537,1515,5.6387543002,,NA,NA
401525496,2023,2,regular,2023-09-09T22:30:00.000Z,FALSE,TRUE,FALSE,FALSE,49398,3752,Acrisure Stadium,221,Pittsburgh,fbs,ACC,21,0.00292031897467688,1624,1613,2132,Cincinnati,fbs,Big 12,27,0.9970796810253231,1626,1637,4.8088156659,,NA,NA
401520189,2023,2,regular,2023-09-09T22:30:00.000Z,FALSE,TRUE,FALSE,FALSE,15754,218,FIU Stadium,2229,Florida International,fbs,Conference USA,46,0.9947576783865323,1074,1101,249,North Texas,fbs,American Athletic,39,0.005242321613467715,1357,1330,8.9538881557,,NA,NA
401531422,2023,2,regular,2023-09-09T23:00:00.000Z,FALSE,TRUE,FALSE,FALSE,36495,3886,Raymond James Stadium,58,South Florida,fbs,American Athletic,38,0.18325942942628418,1268,1268,50,Florida A&M,fcs,SWAC,24,0.8167405705737159,NA,NA,7.5199433859000004,,NA,NA
401520218,2023,2,regular,2023-09-09T23:00:00.000Z,FALSE,TRUE,FALSE,FALSE,20712,3796,Houchens Industries-L.T. Smith Stadium,98,Western Kentucky,fbs,Conference USA,52,0.9306677223093426,1700,1700,2277,Houston Christian,fcs,Southland,22,0.06933227769065742,NA,NA,3.2047758412,,NA,NA
401520187,2023,2,regular,2023-09-09T23:00:00.000Z,FALSE,TRUE,FALSE,FALSE,16006,3654,Brooks Stadium (SC),324,Coastal Carolina,fbs,Sun Belt,30,0.8326902316898975,1387,1425,55,Jacksonville State,fbs,Conference USA,16,0.16730976831010247,1499,1461,6.1847072502,,NA,NA
401524002,2023,2,regular,2023-09-09T23:00:00.000Z,FALSE,TRUE,FALSE,FALSE,56200,3784,Jones AT&T Stadium,2641,Texas Tech,fbs,Big 12,30,0.09628548990655293,1585,1575,2483,Oregon,fbs,Pac-12,38,0.903714510093447,1649,1659,9.8088079396,,NA,NA
401532576,2023,2,regular,2023-09-09T23:00:00.000Z,FALSE,TRUE,FALSE,FALSE,19852,3816,Mackay Stadium,2440,Nevada,fbs,Mountain West,6,0.0063457671465158814,1405,1405,70,Idaho,fcs,Big Sky,33,0.9936542328534841,NA,NA,2.8342769872,,NA,NA
401525827,2023,2,regular,2023-09-09T23:00:00.000Z,FALSE,TRUE,FALSE,FALSE,36447,3653,Albertsons Stadium,68,Boise State,fbs,Mountain West,16,0.1439588740561771,1540,1544,2116,UCF,fbs,Big 12,18,0.8560411259438229,1668,1664,8.6069410748,,NA,NA
401520197,2023,2,regular,2023-09-09T23:00:00.000Z,FALSE,TRUE,FALSE,FALSE,19152,3776,Joe Aillet Stadium,2348,Louisiana Tech,fbs,Conference USA,51,0.9958746826362376,1257,1257,2466,Northwestern State,fcs,Southland,21,0.004125317363762426,NA,NA,5.5593068352,,NA,NA
401520183,2023,2,regular,2023-09-09T23:00:00.000Z,FALSE,TRUE,FALSE,FALSE,100077,3657,Bryant-Denny Stadium,333,Alabama,fbs,SEC,24,0.3438392842771529,2029,1984,251,Texas,fbs,Big 12,34,0.6561607157228471,1776,1821,6.2398101428,,NA,NA
401520206,2023,2,regular,2023-09-09T23:00:00.000Z,FALSE,TRUE,FALSE,FALSE,57645,3838,Memorial Stadium,142,Missouri,fbs,SEC,23,0.9269952791485443,1480,1479,2393,Middle Tennessee,fbs,Conference USA,19,0.0730047208514557,1340,1341,7.0049132111,,NA,NA
401525831,2023,2,regular,2023-09-09T23:00:00.000Z,FALSE,TRUE,FALSE,FALSE,23425,3895,Rice Stadium,242,Rice,fbs,American Athletic,43,0.9887442598013039,1194,1199,248,Houston,fbs,Big 12,41,0.01125574019869613,1580,1575,5.401190083,,NA,NA
401531427,2023,2,regular,2023-09-09T23:00:00.000Z,FALSE,TRUE,FALSE,FALSE,18724,3625,Centennial Bank Stadium,2032,Arkansas State,fbs,Sun Belt,3,0.0011477152854453942,1071,1032,235,Memphis,fbs,American Athletic,37,0.9988522847145546,1545,1584,2.8513396964,,NA,NA
401520192,2023,2,regular,2023-09-09T23:00:00.000Z,FALSE,TRUE,FALSE,FALSE,15186,4246,Center Parc Stadium,2247,Georgia State,fbs,Sun Belt,35,0.9850283517972884,1490,1517,41,UConn,fbs,FBS Independents,14,0.014971648202711574,1264,1237,3.8509684197,,NA,NA
401520190,2023,2,regular,2023-09-09T23:30:00.000Z,FALSE,TRUE,FALSE,FALSE,88163,3634,Ben Hill Griffin Stadium,57,Florida,fbs,SEC,49,0.9989674779801488,1558,1558,2377,McNeese,fcs,Southland,7,0.0010325220198511564,NA,NA,2.769195775,,NA,NA
401520204,2023,2,regular,2023-09-09T23:30:00.000Z,FALSE,TRUE,FALSE,FALSE,48101,3953,Huntington Bank Stadium,135,Minnesota,fbs,Big Ten,25,0.9977381883575271,1671,1691,2199,Eastern Michigan,fbs,Mid-American,6,0.002261811642472855,1433,1413,4.3661273494,,NA,NA
401524001,2023,2,regular,2023-09-09T23:30:00.000Z,FALSE,TRUE,FALSE,FALSE,32017,7311,Snapdragon Stadium,21,San Diego State,fbs,Mountain West,10,0.016185459622684976,1497,1446,26,UCLA,fbs,Pac-12,35,0.983814540377315,1631,1682,2.9657830609,,NA,NA
401520200,2023,2,regular,2023-09-09T23:30:00.000Z,FALSE,TRUE,FALSE,FALSE,32804,3665,SECU Stadium,120,Maryland,fbs,Big Ten,38,0.9659606680077155,1596,1602,2429,Charlotte,fbs,American Athletic,20,0.03403933199228448,1220,1214,5.5863966224,,NA,NA
401520212,2023,2,regular,2023-09-09T23:30:00.000Z,FALSE,TRUE,FALSE,FALSE,78281,3994,Williams-Brice Stadium,2579,South Carolina,fbs,SEC,47,0.9988263493857278,1459,1459,231,Furman,fcs,Southern,21,0.0011736506142722147,NA,NA,5.3664459933,,NA,NA
401520205,2023,2,regular,2023-09-09T23:30:00.000Z,FALSE,TRUE,FALSE,FALSE,51648,3693,Davis Wade Stadium,344,Mississippi State,fbs,SEC,31,0.7790124512237414,1629,1627,12,Arizona,fbs,Pac-12,24,0.2209875487762586,1416,1418,7.0374230743,,NA,NA
401520210,2023,2,regular,2023-09-09T23:30:00.000Z,FALSE,TRUE,FALSE,FALSE,45317,6577,SHI Stadium,164,Rutgers,fbs,Big Ten,36,0.9977596725705241,1330,1399,218,Temple,fbs,American Athletic,7,0.0022403274294758857,1263,1194,4.7914883644,,NA,NA
401520217,2023,2,regular,2023-09-09T23:30:00.000Z,FALSE,TRUE,FALSE,FALSE,33024,3820,Gesa Field,265,Washington State,fbs,Pac-12,31,0.9103354063804465,1602,1621,275,Wisconsin,fbs,Big Ten,22,0.08966459361955348,1665,1646,7.2114364496,,NA,NA
401520199,2023,2,regular,2023-09-09T23:30:00.000Z,FALSE,TRUE,FALSE,FALSE,97735,3958,Tiger Stadium (LA),99,LSU,fbs,SEC,72,0.9986868036561473,1484,1484,2755,Grambling,fcs,SWAC,10,0.0013131963438527405,NA,NA,3.4396593412,,NA,NA
401532579,2023,2,regular,2023-09-10T00:00:00.000Z,FALSE,TRUE,FALSE,FALSE,20034,3905,Maverik Stadium,328,Utah State,fbs,Mountain West,78,0.9989685702515817,1553,1553,304,Idaho State,fcs,Big Sky,28,0.0010314297484183,NA,NA,2.9892484965,,NA,NA
401532577,2023,2,regular,2023-09-10T00:00:00.000Z,FALSE,TRUE,FALSE,FALSE,17279,3971,University Stadium (NM),167,New Mexico,fbs,Mountain West,56,0.9989419203986701,1146,1146,2635,Tennessee Tech,fcs,Big South-OVC,10,0.0010580796013298643,NA,NA,3.5082067708,,NA,NA
401531843,2023,2,regular,2023-09-10T00:00:00.000Z,FALSE,TRUE,FALSE,FALSE,13154,3817,Malone Stadium,2433,UL Monroe,fbs,Sun Belt,24,0.29211792737611764,1221,1221,2320,Lamar,fcs,Southland,14,0.7078820726238824,NA,NA,6.042415958,,NA,NA
401525832,2023,2,regular,2023-09-10T00:00:00.000Z,FALSE,TRUE,FALSE,FALSE,45010,3616,Amon G. Carter Stadium,2628,TCU,fbs,Big 12,41,0.9989709244306886,1428,1428,2447,Nicholls,fcs,Southland,6,0.0010290755693114217,NA,NA,2.6020073008,,NA,NA
401520211,2023,2,regular,2023-09-10T00:00:00.000Z,FALSE,TRUE,TRUE,FALSE,25121,3891,NRG Stadium,2534,Sam Houston,fbs,Conference USA,3,0.0014372400160144914,1473,1474,2005,Air Force,fbs,Mountain West,13,0.9985627599839855,1678,1677,4.7706330272,,NA,NA
401525493,2023,2,regular,2023-09-10T00:30:00.000Z,FALSE,TRUE,FALSE,FALSE,74467,3697,Doak Campbell Stadium,52,Florida State,fbs,ACC,66,0.9984829314967572,1792,1895,2572,Southern Miss,fbs,Sun Belt,13,0.0015170685032428466,1370,1267,3.1813475052,,NA,NA
401532574,2023,2,regular,2023-09-10T01:00:00.000Z,FALSE,TRUE,FALSE,FALSE,41031,3660,Valley Children's Stadium,278,Fresno State,fbs,Mountain West,34,0.5902403392876906,1600,1600,331,Eastern Washington,fcs,Big Sky,31,0.4097596607123094,NA,NA,7.9593126768,,NA,NA
401524000,2023,2,regular,2023-09-10T01:00:00.000Z,FALSE,TRUE,FALSE,FALSE,35728,3893,Reser Stadium,204,Oregon State,fbs,Pac-12,55,0.9989628419553654,1599,1599,302,UC Davis,fcs,Big Sky,7,0.0010371580446345563,NA,NA,2.5109537836,,NA,NA
401524003,2023,2,regular,2023-09-10T02:30:00.000Z,FALSE,TRUE,FALSE,TRUE,67213,477,Los Angeles Memorial Coliseum,30,USC,fbs,Pac-12,56,0.998961737775243,1817,1891,24,Stanford,fbs,Pac-12,10,0.0010382622247570028,1345,1271,2.2660540635,,NA,NA
401523998,2023,2,regular,2023-09-10T02:30:00.000Z,FALSE,TRUE,FALSE,FALSE,42569,3947,Mountain America Stadium,9,Arizona State,fbs,Pac-12,15,0.5172410256035164,1464,1444,197,Oklahoma State,fbs,Big 12,27,0.48275897439648363,1530,1550,6.4862462234,,NA,NA
401520186,2023,2,regular,2023-09-10T02:30:00.000Z,FALSE,TRUE,FALSE,FALSE,44141,3831,California Memorial Stadium,25,California,fbs,Pac-12,10,0.006722404282217836,1552,1551,2,Auburn,fbs,SEC,14,0.9932775957177822,1638,1639,7.4085710348,,NA,NA
401532575,2023,2,regular,2023-09-10T03:59:00.000Z,FALSE,TRUE,FALSE,FALSE,9485,7220,Clarence T.C. Ching Athletics Complex,62,Hawai'i,fbs,Mountain West,31,0.9549638247510057,1380,1380,399,UAlbany,fcs,CAA,20,0.04503617524899428,NA,NA,9.8073785678,,NA,NA
401531428,2023,3,regular,2023-09-14T23:30:00.000Z,FALSE,TRUE,FALSE,TRUE,25551,3805,Simmons Bank Liberty Stadium,235,Memphis,fbs,American Athletic,28,0.5606579451368273,1584,1581,2426,Navy,fbs,American Athletic,24,0.4393420548631727,1385,1388,7.6504525537,,NA,NA
401525499,2023,3,regular,2023-09-14T23:30:00.000Z,FALSE,TRUE,FALSE,FALSE,40077,3948,Hard Rock Stadium,2390,Miami,fbs,ACC,48,0.9989696829465746,1659,1659,2065,Bethune-Cookman,fcs,SWAC,7,0.001030317053425378,NA,NA,2.517677608,,NA,NA
401531396,2023,3,regular,2023-09-15T23:00:00.000Z,FALSE,TRUE,FALSE,FALSE,27138,3604,Alamodome,2636,UTSA,fbs,American Athletic,29,0.2020223274597295,1600,1575,349,Army,fbs,FBS Independents,37,0.7979776725402705,1488,1513,4.6468584687,,NA,NA
401520231,2023,3,regular,2023-09-15T23:00:00.000Z,FALSE,TRUE,FALSE,FALSE,37041,3665,SECU Stadium,120,Maryland,fbs,Big Ten,42,0.9973371961118056,1602,1646,258,Virginia,fbs,ACC,14,0.0026628038881943983,1350,1306,5.6808019142,,NA,NA
401532581,2023,3,regular,2023-09-16T00:00:00.000Z,FALSE,TRUE,FALSE,TRUE,18400,3713,Falcon Stadium,2005,Air Force,fbs,Mountain West,39,0.9989131195590351,1677,1691,328,Utah State,fbs,Mountain West,21,0.0010868804409649435,1396,1382,3.4202181506,,NA,NA
401520236,2023,3,regular,2023-09-16T16:00:00.000Z,FALSE,TRUE,FALSE,FALSE,62621,3838,Memorial Stadium,142,Missouri,fbs,SEC,30,0.7663306931583432,1479,1485,2306,Kansas State,fbs,Big 12,27,0.23366930684165677,1795,1789,9.8730034526,,NA,NA
401520226,2023,3,regular,2023-09-16T16:00:00.000Z,FALSE,TRUE,FALSE,TRUE,49099,3832,"Memorial Stadium (Champaign, IL)",356,Illinois,fbs,Big Ten,13,0.4921793689320554,1624,1606,213,Penn State,fbs,Big Ten,30,0.5078206310679446,1849,1867,4.8663221017,,NA,NA
401525504,2023,3,regular,2023-09-16T16:00:00.000Z,FALSE,TRUE,FALSE,FALSE,18276,3918,S.B. Ballard Stadium,295,Old Dominion,fbs,Sun Belt,24,0.612525742056931,1355,1366,154,Wake Forest,fbs,ACC,27,0.387474257943069,1618,1607,6.8852800507,,NA,NA
401520222,2023,3,regular,2023-09-16T16:00:00.000Z,FALSE,TRUE,FALSE,FALSE,13020,3965,UB Stadium,2084,Buffalo,fbs,Mid-American,27,0.05286958832445191,1396,1328,2335,Liberty,fbs,Conference USA,55,0.9471304116755481,1465,1533,2.8672767681,,NA,NA
401520249,2023,3,regular,2023-09-16T16:00:00.000Z,FALSE,TRUE,FALSE,FALSE,75610,347,Camp Randall Stadium,275,Wisconsin,fbs,Big Ten,35,0.9816513681364114,1646,1676,290,Georgia Southern,fbs,Sun Belt,14,0.018348631863588594,1455,1425,6.781343667,,NA,NA
401525834,2023,3,regular,2023-09-16T16:00:00.000Z,FALSE,TRUE,FALSE,FALSE,43732,4727,McLane Stadium,239,Baylor,fbs,Big 12,30,0.9969533461459229,1643,1643,2341,Long Island University,fcs,NEC,7,0.003046653854077097,NA,NA,3.9049858378,,NA,NA
401532582,2023,3,regular,2023-09-16T16:00:00.000Z,FALSE,TRUE,FALSE,FALSE,35610,3653,Albertsons Stadium,68,Boise State,fbs,Mountain West,42,0.9928481304813956,1541,1541,155,North Dakota,fcs,MVFC,18,0.007151869518604359,NA,NA,4.9131660441,,NA,NA
401525500,2023,3,regular,2023-09-16T16:00:00.000Z,FALSE,TRUE,FALSE,TRUE,41383,3615,"Alumni Stadium (Chestnut Hill, MA)",103,Boston College,fbs,ACC,29,0.40444988187485786,1309,1335,52,Florida State,fbs,ACC,31,0.5955501181251421,1895,1869,5.9223797755,,NA,NA
401520230,2023,3,regular,2023-09-16T16:00:00.000Z,FALSE,TRUE,TRUE,FALSE,NA,3812,Lucas Oil Stadium,84,Indiana,fbs,Big Ten,14,0.06097878632821116,1389,1399,97,Louisville,fbs,ACC,21,0.9390212136717888,1654,1644,3.7714957109,,NA,NA
401520235,2023,3,regular,2023-09-16T16:00:00.000Z,FALSE,TRUE,FALSE,TRUE,60084,3693,Davis Wade Stadium,344,Mississippi State,fbs,SEC,14,3.467453208439656e-4,1627,1561,99,LSU,fbs,SEC,41,0.999653254679156,1687,1753,2.0560958185,,NA,NA
401532404,2023,3,regular,2023-09-16T16:00:00.000Z,FALSE,TRUE,FALSE,FALSE,10731,3696,Dix Stadium,2309,Kent State,fbs,Mid-American,38,0.9989416309316532,1212,1212,2115,Central Connecticut,fcs,NEC,10,0.0010583690683467761,NA,NA,2.9068290401,,NA,NA
401525838,2023,3,regular,2023-09-16T16:00:00.000Z,FALSE,TRUE,FALSE,FALSE,21991,3876,Peden Stadium,195,Ohio,fbs,Mid-American,10,0.16730944681475052,1482,1484,66,Iowa State,fbs,Big 12,7,0.8326905531852495,1533,1531,6.7560356546,,NA,NA
401524012,2023,3,regular,2023-09-16T18:00:00.000Z,FALSE,TRUE,FALSE,FALSE,51532,587,Rice-Eccles Stadium,254,Utah,fbs,Pac-12,31,0.9989087301975537,1807,1807,2692,Weber State,fcs,Big Sky,7,0.0010912698024463374,NA,NA,3.8483576775,,NA,NA
401532402,2023,3,regular,2023-09-16T18:00:00.000Z,FALSE,TRUE,FALSE,FALSE,15054,3919,Scheumann Stadium,2050,Ball State,fbs,Mid-American,45,0.9986775252444028,1288,1288,282,Indiana State,fcs,MVFC,7,0.0013224747555972138,NA,NA,4.6776418921,,NA,NA
401525502,2023,3,regular,2023-09-16T18:00:00.000Z,FALSE,TRUE,FALSE,FALSE,56919,3670,Carter-Finley Stadium,152,NC State,fbs,ACC,45,0.9989580762065414,1570,1570,2678,VMI,fcs,Southern,7,0.0010419237934585768,NA,NA,2.3480485678,,NA,NA
401531388,2023,3,regular,2023-09-16T18:00:00.000Z,FALSE,TRUE,FALSE,FALSE,10932,3806,Lincoln Financial Field,218,Temple,fbs,American Athletic,41,0.9988917785580805,1103,1103,2450,Norfolk State,fcs,MEAC,9,0.0011082214419194658,NA,NA,3.3080393011,,NA,NA
401526834,2023,3,regular,2023-09-16T18:00:00.000Z,FALSE,TRUE,FALSE,FALSE,16138,3912,Rynearson Stadium,2199,Eastern Michigan,fbs,Mid-American,19,0.13623432467284685,1413,1408,113,Massachusetts,fbs,FBS Independents,17,0.8637656753271532,1043,1048,7.7762185338,,NA,NA
401525437,2023,3,regular,2023-09-16T18:30:00.000Z,FALSE,TRUE,FALSE,FALSE,77622,3855,Notre Dame Stadium,87,Notre Dame,fbs,FBS Independents,41,0.9987696063393773,1844,1851,2117,Central Michigan,fbs,Mid-American,17,0.0012303936606227195,1328,1321,3.8958309204,,NA,NA
401520223,2023,3,regular,2023-09-16T19:30:00.000Z,FALSE,TRUE,FALSE,FALSE,18141,3982,Wallace Wade Stadium,150,Duke,fbs,ACC,38,0.9984746121446574,1592,1630,77,Northwestern,fbs,Big Ten,14,0.0015253878553426192,1390,1352,3.1672436768,,NA,NA
401525842,2023,3,regular,2023-09-16T19:30:00.000Z,FALSE,TRUE,FALSE,FALSE,30855,3674,Chapman Stadium,202,Tulsa,fbs,American Athletic,17,0.013172866125444164,1370,1280,201,Oklahoma,fbs,Big 12,66,0.9868271338745558,1807,1897,1.9928560943,,NA,NA
401531412,2023,3,regular,2023-09-16T19:30:00.000Z,FALSE,TRUE,FALSE,FALSE,40168,3792,Kidd Brewer Stadium,2026,App State,fbs,Sun Belt,43,0.9402742209886681,1556,1577,151,East Carolina,fbs,American Athletic,28,0.059725779011331914,1443,1422,7.1870283482,,NA,NA
401520227,2023,3,regular,2023-09-16T19:30:00.000Z,FALSE,TRUE,FALSE,FALSE,69250,3793,Kinnick Stadium,2294,Iowa,fbs,Big Ten,41,0.7294803840770351,1667,1703,2711,Western Michigan,fbs,Mid-American,10,0.2705196159229649,1262,1226,4.7509559475,,NA,NA
401520239,2023,3,regular,2023-09-16T19:30:00.000Z,FALSE,TRUE,FALSE,FALSE,45151,3787,Kenan Stadium,153,North Carolina,fbs,ACC,31,0.9973795093876885,1585,1636,135,Minnesota,fbs,Big Ten,13,0.00262049061231151,1691,1640,5.7666262665,,NA,NA
401520243,2023,3,regular,2023-09-16T19:30:00.000Z,FALSE,TRUE,FALSE,FALSE,52657,6577,SHI Stadium,164,Rutgers,fbs,Big Ten,35,0.698275172665837,1399,1444,259,Virginia Tech,fbs,ACC,16,0.30172482733416295,1412,1367,4.5187376351,,NA,NA
401520244,2023,3,regular,2023-09-16T19:30:00.000Z,FALSE,TRUE,FALSE,FALSE,65138,3886,Raymond James Stadium,58,South Florida,fbs,American Athletic,3,0.078350971810406,1249,1279,333,Alabama,fbs,SEC,17,0.921649028189594,1984,1954,6.9126923087,,NA,NA
401520225,2023,3,regular,2023-09-16T19:30:00.000Z,FALSE,TRUE,FALSE,TRUE,92746,3917,Sanford Stadium,61,Georgia,fbs,SEC,24,0.9839286030390889,2065,2048,2579,South Carolina,fbs,SEC,14,0.01607139696091109,1540,1557,6.626319389,,NA,NA
401524009,2023,3,regular,2023-09-16T19:30:00.000Z,FALSE,TRUE,FALSE,FALSE,35591,3893,Reser Stadium,204,Oregon State,fbs,Pac-12,26,0.9964861216543441,1729,1741,21,San Diego State,fbs,Mountain West,9,0.003513878345655863,1446,1434,4.6241894664,,NA,NA
401520246,2023,3,regular,2023-09-16T19:30:00.000Z,FALSE,TRUE,FALSE,FALSE,20405,3892,Pratt & Whitney Stadium,41,UConn,fbs,FBS Independents,17,0.017756923652212195,1237,1213,2229,Florida International,fbs,Conference USA,24,0.9822430763477878,1101,1125,5.4726545368,,NA,NA
401524006,2023,3,regular,2023-09-16T20:00:00.000Z,FALSE,TRUE,FALSE,FALSE,36810,3831,California Memorial Stadium,25,California,fbs,Pac-12,31,0.820349206934114,1618,1618,70,Idaho,fcs,Big Sky,17,0.17965079306588605,NA,NA,5.3267470862,,NA,NA
401531348,2023,3,regular,2023-09-16T20:00:00.000Z,FALSE,TRUE,FALSE,FALSE,25038,3815,M. M. Roberts Stadium,2572,Southern Miss,fbs,Sun Belt,3,0.09005147165892563,1267,1258,2655,Tulane,fbs,American Athletic,21,0.9099485283410744,1621,1630,3.3025193936,,NA,NA
401520245,2023,3,regular,2023-09-16T20:00:00.000Z,FALSE,TRUE,FALSE,FALSE,93090,3795,Kyle Field,245,Texas A&M,fbs,SEC,47,0.9989158158362372,1608,1690,2433,UL Monroe,fbs,Sun Belt,3,0.0010841841637627692,1255,1173,3.311485305,,NA,NA
401520240,2023,3,regular,2023-09-16T20:00:00.000Z,FALSE,TRUE,FALSE,FALSE,100217,3861,Ohio Stadium,194,Ohio State,fbs,Big Ten,63,0.998969491505505,1903,2028,98,Western Kentucky,fbs,Conference USA,10,0.0010305084944950416,1632,1507,3.0940691613,,NA,NA
401524013,2023,3,regular,2023-09-16T21:00:00.000Z,FALSE,TRUE,FALSE,FALSE,23595,3820,Gesa Field,265,Washington State,fbs,Pac-12,64,0.998963855528672,1653,1653,2458,Northern Colorado,fcs,Big Sky,21,0.0010361444713280488,NA,NA,2.1297625119,,NA,NA
401520233,2023,3,regular,2023-09-16T21:00:00.000Z,FALSE,TRUE,FALSE,FALSE,70528,3936,Spartan Stadium,127,Michigan State,fbs,Big Ten,7,3.613870764483701e-4,1575,1509,264,Washington,fbs,Pac-12,41,0.9996386129235516,1822,1888,1.6727249338,,NA,NA
401524011,2023,3,regular,2023-09-16T21:00:00.000Z,FALSE,TRUE,FALSE,FALSE,38343,1056,Rose Bowl,26,UCLA,fbs,Pac-12,59,0.9989711147825199,1756,1756,2428,North Carolina Central,fcs,MEAC,7,0.0010288852174801244,NA,NA,1.6886428972,,NA,NA
401531403,2023,3,regular,2023-09-16T22:00:00.000Z,FALSE,TRUE,FALSE,FALSE,14410,4418,Jerry Richardson Stadium,2429,Charlotte,fbs,American Athletic,25,0.0037603324113530618,1214,1205,2247,Georgia State,fbs,Sun Belt,41,0.9962396675886469,1517,1526,3.7474204055,,NA,NA
401525843,2023,3,regular,2023-09-16T22:30:00.000Z,FALSE,TRUE,FALSE,FALSE,44206,3652,FBC Mortgage Stadium,2116,UCF,fbs,Big 12,48,0.998947105530479,1688,1688,222,Villanova,fcs,CAA,14,0.0010528944695209486,NA,NA,2.7631057335,,NA,NA
401520234,2023,3,regular,2023-09-16T23:00:00.000Z,FALSE,TRUE,FALSE,FALSE,16605,3725,"Johnny ""Red"" Floyd Stadium",2393,Middle Tennessee,fbs,Conference USA,35,0.9941245494519199,1368,1368,93,Murray State,fcs,MVFC,14,0.005875450548080141,NA,NA,4.0894710435,,NA,NA
401531846,2023,3,regular,2023-09-16T23:00:00.000Z,FALSE,TRUE,FALSE,FALSE,14327,3625,Centennial Bank Stadium,2032,Arkansas State,fbs,Sun Belt,31,0.99748876455384194,1024,1024,2619,Stony Brook,fcs,CAA,7,0.0025112354461580555,NA,NA,4.7229396675,,NA,NA
401531848,2023,3,regular,2023-09-16T23:00:00.000Z,FALSE,TRUE,FALSE,TRUE,26634,3975,Veterans Memorial Stadium (AL),2653,Troy,fbs,Sun Belt,14,0.15486910240457977,1501,1503,256,James Madison,fbs,Sun Belt,16,0.8451308975954203,1595,1593,8.2151644385,,NA,NA
401520247,2023,3,regular,2023-09-16T23:00:00.000Z,FALSE,TRUE,FALSE,FALSE,22582,6501,Allegiant Stadium,2439,UNLV,fbs,Mountain West,40,0.8697552200837356,1340,1341,238,Vanderbilt,fbs,SEC,37,0.13024477991626437,1317,1316,10.4147234702,,NA,NA
401531845,2023,3,regular,2023-09-16T23:00:00.000Z,FALSE,TRUE,FALSE,FALSE,18116,3654,Brooks Stadium (SC),324,Coastal Carolina,fbs,Sun Belt,66,0.9989563622929865,1623,1623,2184,Duquesne,fcs,NEC,7,0.001043637707013545,NA,NA,2.1729084529,,NA,NA
401525835,2023,3,regular,2023-09-16T23:00:00.000Z,FALSE,TRUE,FALSE,FALSE,38193,3854,Nippert Stadium,2132,Cincinnati,fbs,Big 12,24,0.34909601627834885,1637,1597,193,Miami (OH),fbs,Mid-American,31,0.6509039837216511,1321,1361,9.5476167808,,NA,NA
401532403,2023,3,regular,2023-09-16T23:00:00.000Z,FALSE,TRUE,FALSE,FALSE,20039,3739,Glass Bowl,2649,Toledo,fbs,Mid-American,21,0.9873405129108868,1498,1497,23,San José State,fbs,Mountain West,17,0.012659487089113242,1378,1379,8.0975645478,,NA,NA
401520221,2023,3,regular,2023-09-16T23:00:00.000Z,FALSE,TRUE,FALSE,FALSE,88043,3785,Jordan-Hare Stadium,2,Auburn,fbs,SEC,45,0.9983211703331041,1697,1697,2535,Samford,fcs,Southern,13,0.0016788296668959202,NA,NA,4.1245273836,,NA,NA
401520229,2023,3,regular,2023-09-16T23:00:00.000Z,FALSE,TRUE,FALSE,FALSE,17434,3776,Joe Aillet Stadium,2348,Louisiana Tech,fbs,Conference USA,37,0.24715727767053963,1216,1218,249,North Texas,fbs,American Athletic,40,0.7528427223294604,1330,1328,5.3710609608,,NA,NA
401520237,2023,3,regular,2023-09-16T23:00:00.000Z,FALSE,TRUE,FALSE,FALSE,86875,3834,"Memorial Stadium (Lincoln, NE)",158,Nebraska,fbs,Big Ten,35,0.9987284936335716,1430,1476,2459,Northern Illinois,fbs,Mid-American,11,0.0012715063664283655,1309,1263,4.8508166996,,NA,NA
401531441,2023,3,regular,2023-09-16T23:00:00.000Z,FALSE,TRUE,FALSE,FALSE,18103,3895,Rice Stadium,242,Rice,fbs,American Athletic,59,0.99889926568778,1233,1233,2640,Texas Southern,fcs,SWAC,7,0.0011007343122200197,NA,NA,2.0860647165,,NA,NA
401520224,2023,3,regular,2023-09-16T23:00:00.000Z,FALSE,TRUE,FALSE,TRUE,90751,3634,Ben Hill Griffin Stadium,57,Florida,fbs,SEC,29,0.9678796152955736,1546,1603,2633,Tennessee,fbs,SEC,16,0.03212038470442635,1887,1830,4.3957610335,,NA,NA
401531438,2023,3,regular,2023-09-16T23:00:00.000Z,FALSE,TRUE,FALSE,FALSE,24489,3735,Gerald J. Ford Stadium,2567,SMU,fbs,American Athletic,69,0.9989706322935573,1584,1584,2504,Prairie View A&M,fcs,SWAC,0,0.0010293677064426854,NA,NA,3.0321089874,,NA,NA
401525841,2023,3,regular,2023-09-16T23:00:00.000Z,FALSE,TRUE,FALSE,FALSE,56200,3784,Jones AT&T Stadium,2641,Texas Tech,fbs,Big 12,41,0.9975203169488966,1533,1533,2627,Tarleton State,fcs,UAC,3,0.002479683051103354,NA,NA,2.8287634036,,NA,NA
401531379,2023,3,regular,2023-09-16T23:00:00.000Z,FALSE,TRUE,FALSE,FALSE,21673,7221,Protective Stadium,5,UAB,fbs,American Athletic,21,0.043624832337539436,1473,1427,309,Louisiana,fbs,Sun Belt,41,0.9563751676624606,1515,1561,3.0502068065,,NA,NA
401525839,2023,3,regular,2023-09-16T23:00:00.000Z,FALSE,TRUE,FALSE,FALSE,53855,3646,Boone Pickens Stadium,197,Oklahoma State,fbs,Big 12,7,0.0016825433649075925,1550,1468,6,South Alabama,fbs,Sun Belt,33,0.9983174566350924,1459,1541,2.5916302905,,NA,NA
401520241,2023,3,regular,2023-09-16T23:30:00.000Z,FALSE,TRUE,FALSE,FALSE,64150,3974,Vaught-Hemingway Stadium,145,Ole Miss,fbs,SEC,48,0.9964145598607117,1639,1672,59,Georgia Tech,fbs,ACC,23,0.0035854401392882984,1362,1329,5.5327548483,,NA,NA
401520232,2023,3,regular,2023-09-16T23:30:00.000Z,FALSE,TRUE,FALSE,FALSE,109955,3558,Michigan Stadium,130,Michigan,fbs,Big Ten,31,0.9982412807701311,1951,1944,189,Bowling Green,fbs,Mid-American,6,0.0017587192298689214,1246,1253,4.136338967,,NA,NA
401520228,2023,3,regular,2023-09-16T23:30:00.000Z,FALSE,TRUE,FALSE,FALSE,59456,3683,Kroger Field,96,Kentucky,fbs,SEC,35,0.9986341586276413,1625,1669,2006,Akron,fbs,Mid-American,3,0.0013658413723587337,1268,1224,3.6295625473,,NA,NA
401520220,2023,3,regular,2023-09-16T23:30:00.000Z,FALSE,TRUE,FALSE,FALSE,74821,3887,Razorback Stadium,8,Arkansas,fbs,SEC,31,0.9581572039893834,1641,1620,252,BYU,fbs,Big 12,38,0.04184279601061658,1544,1565,7.4565480655,,NA,NA
401520242,2023,3,regular,2023-09-16T23:30:00.000Z,FALSE,TRUE,FALSE,FALSE,61441,3907,Ross-Ade Stadium,2509,Purdue,fbs,Big Ten,20,0.3189279052644293,1488,1462,183,Syracuse,fbs,ACC,35,0.6810720947355706,1581,1607,5.7753965331,,NA,NA
401525503,2023,3,regular,2023-09-16T23:30:00.000Z,FALSE,TRUE,FALSE,FALSE,61106,3842,Milan Puskar Stadium,277,West Virginia,fbs,Big 12,17,0.9082118502886316,1422,1457,221,Pittsburgh,fbs,ACC,6,0.0917881497113684,1613,1578,5.6249820884,,NA,NA
401524008,2023,3,regular,2023-09-17T00:00:00.000Z,FALSE,TRUE,FALSE,FALSE,52779,3626,Autzen Stadium,2483,Oregon,fbs,Pac-12,55,0.998917290918658,1659,1734,62,Hawai'i,fbs,Mountain West,10,0.0010827090813420037,1220,1145,2.2951447386,,NA,NA
401525836,2023,3,regular,2023-09-17T00:00:00.000Z,FALSE,TRUE,FALSE,TRUE,36049,4728,TDECU Stadium,248,Houston,fbs,Big 12,13,6.609498676621104e-4,1575,1519,2628,TCU,fbs,Big 12,36,0.9993390501323379,1613,1669,4.8854411034,,NA,NA
401520238,2023,3,regular,2023-09-17T00:00:00.000Z,FALSE,TRUE,FALSE,FALSE,27414,3971,University Stadium (NM),167,New Mexico,fbs,Mountain West,17,0.07971527725157143,1117,1108,166,New Mexico State,fbs,Conference USA,27,0.9202847227484285,1255,1264,4.7318010661,,NA,NA
401525840,2023,3,regular,2023-09-17T00:00:00.000Z,FALSE,TRUE,FALSE,FALSE,101777,3910,DKR-Texas Memorial Stadium,251,Texas,fbs,Big 12,31,0.9961711195823244,1821,1831,2751,Wyoming,fbs,Mountain West,10,0.0038288804176755953,1412,1402,5.690606917,,NA,NA
401525501,2023,3,regular,2023-09-17T00:00:00.000Z,FALSE,TRUE,FALSE,FALSE,81295,3836,"Memorial Stadium (Clemson, SC)",228,Clemson,fbs,ACC,48,0.998959857579676,1654,1718,2226,Florida Atlantic,fbs,American Athletic,14,0.0010401424203240195,1415,1351,2.478599708,,NA,NA
401524010,2023,3,regular,2023-09-17T00:00:00.000Z,FALSE,TRUE,FALSE,FALSE,23848,3940,Stanford Stadium,24,Stanford,fbs,Pac-12,23,0.21798849635536724,1283,1283,16,Sacramento State,fcs,Big Sky,30,0.7820115036446328,NA,NA,7.9974929171,,NA,NA
401531847,2023,3,regular,2023-09-17T00:30:00.000Z,FALSE,TRUE,FALSE,FALSE,24118,3644,Bobcat Stadium (TX),326,Texas State,fbs,Sun Belt,77,0.9989526134641381,1334,1334,2296,Jackson State,fcs,SWAC,34,0.001047386535861894,NA,NA,3.0866833336,,NA,NA
401524007,2023,3,regular,2023-09-17T02:00:00.000Z,FALSE,TRUE,FALSE,FALSE,53141,3726,Folsom Field,38,Colorado,fbs,Pac-12,43,0.04766039032465387,1288,1300,36,Colorado State,fbs,Mountain West,35,0.9523396096753461,1290,1278,8.8853556286,,NA,NA
401525837,2023,3,regular,2023-09-17T02:30:00.000Z,FALSE,TRUE,FALSE,FALSE,44182,3816,Mackay Stadium,2440,Nevada,fbs,Mountain West,24,0.07273871086432676,1220,1224,2305,Kansas,fbs,Big 12,31,0.9272612891356733,1455,1451,7.0692052092,,NA,NA
401524005,2023,3,regular,2023-09-17T02:30:00.000Z,FALSE,TRUE,FALSE,FALSE,46723,3947,Mountain America Stadium,9,Arizona State,fbs,Pac-12,0,0.006078159514874537,1444,1392,278,Fresno State,fbs,Mountain West,29,0.9939218404851254,1671,1723,2.3276922588,,NA,NA
401520219,2023,3,regular,2023-09-17T03:00:00.000Z,FALSE,TRUE,FALSE,FALSE,44182,3619,Arizona Stadium,12,Arizona,fbs,Pac-12,31,0.9988121113172574,1418,1453,2638,UTEP,fbs,Conference USA,10,0.001187888682742555,1276,1241,4.2397401442,,NA,NA
401531849,2023,4,regular,2023-09-21T23:30:00.000Z,FALSE,TRUE,FALSE,TRUE,15248,3654,Brooks Stadium (SC),324,Coastal Carolina,fbs,Sun Belt,17,0.023282608921071316,1425,1405,2247,Georgia State,fbs,Sun Belt,30,0.9767173910789286,1526,1546,3.9356081098,,NA,NA
401520266,2023,4,regular,2023-09-22T23:00:00.000Z,FALSE,TRUE,FALSE,TRUE,55529,3907,Ross-Ade Stadium,2509,Purdue,fbs,Big Ten,17,0.029447816254442667,1462,1432,275,Wisconsin,fbs,Big Ten,38,0.9705521837455573,1676,1706,2.8412668285,,NA,NA
401525505,2023,4,regular,2023-09-22T23:30:00.000Z,FALSE,TRUE,FALSE,TRUE,42979,3923,Scott Stadium,258,Virginia,fbs,ACC,21,0.7589393671281662,1306,1314,152,NC State,fbs,ACC,24,0.24106063287183377,1528,1520,6.312104538,,NA,NA
401532583,2023,4,regular,2023-09-23T02:30:00.000Z,FALSE,TRUE,FALSE,TRUE,23374,7311,Snapdragon Stadium,21,San Diego State,fbs,Mountain West,31,0.8459901023303856,1434,1436,68,Boise State,fbs,Mountain West,34,0.15400989766961437,1544,1542,6.4622742753,,NA,NA
401532584,2023,4,regular,2023-09-23T02:30:00.000Z,FALSE,TRUE,FALSE,TRUE,16124,3935,CEFCU Stadium,23,San José State,fbs,Mountain West,20,0.001591852852297374,1379,1348,2005,Air Force,fbs,Mountain West,45,0.9984081471477027,1691,1722,4.0315648889,,NA,NA
401520268,2023,4,regular,2023-09-23T16:00:00.000Z,FALSE,TRUE,FALSE,FALSE,37594,1964,JMA Wireless Dome,183,Syracuse,fbs,ACC,29,0.9595100745029648,1607,1625,349,Army,fbs,FBS Independents,16,0.04048992549703523,1513,1495,4.983826369,,NA,NA
401531338,2023,4,regular,2023-09-23T16:00:00.000Z,FALSE,TRUE,FALSE,FALSE,10321,3764,Huskie Stadium,2459,Northern Illinois,fbs,Mid-American,14,0.379938826806183,1263,1249,202,Tulsa,fbs,American Athletic,22,0.620061173193817,1280,1294,6.6456459977,,NA,NA
401520271,2023,4,regular,2023-09-23T16:00:00.000Z,FALSE,TRUE,FALSE,FALSE,26124,3975,Veterans Memorial Stadium (AL),2653,Troy,fbs,Sun Belt,27,0.9670079798194715,1503,1504,98,Western Kentucky,fbs,Conference USA,24,0.03299202018052849,1507,1506,7.9727094476,,NA,NA
401525507,2023,4,regular,2023-09-23T16:00:00.000Z,FALSE,TRUE,FALSE,TRUE,81500,3836,"Memorial Stadium (Clemson, SC)",228,Clemson,fbs,ACC,24,0.6197886985089055,1718,1716,52,Florida State,fbs,ACC,31,0.3802113014910945,1869,1871,9.4082600479,,NA,NA
401520274,2023,4,regular,2023-09-23T16:00:00.000Z,FALSE,TRUE,FALSE,TRUE,26279,3973,FirstBank Stadium,238,Vanderbilt,fbs,SEC,28,8.870349207535293e-4,1316,1310,96,Kentucky,fbs,SEC,45,0.9991129650792465,1669,1675,2.9247764031,,NA,NA
401525511,2023,4,regular,2023-09-23T16:00:00.000Z,FALSE,TRUE,FALSE,FALSE,31475,3775,Joan C. Edwards Stadium,276,Marshall,fbs,Sun Belt,24,0.9204747577339346,1580,1578,259,Virginia Tech,fbs,ACC,17,0.07952524226606539,1367,1369,6.3359117849,,NA,NA
401525849,2023,4,regular,2023-09-23T16:00:00.000Z,FALSE,TRUE,FALSE,FALSE,51243,3616,Amon G. Carter Stadium,2628,TCU,fbs,Big 12,34,0.9445634227007107,1669,1692,2567,SMU,fbs,American Athletic,17,0.0554365772992893,1521,1498,5.3702541886,,NA,NA
401520260,2023,4,regular,2023-09-23T16:00:00.000Z,FALSE,TRUE,FALSE,TRUE,109756,3558,Michigan Stadium,130,Michigan,fbs,Big Ten,31,0.9983188290849623,1944,1953,164,Rutgers,fbs,Big Ten,7,0.0016811709150377219,1444,1435,3.9740241166,,NA,NA
401520270,2023,4,regular,2023-09-23T16:00:00.000Z,FALSE,TRUE,FALSE,TRUE,102530,3795,Kyle Field,245,Texas A&M,fbs,SEC,27,0.9982694089831536,1690,1722,2,Auburn,fbs,SEC,10,0.0017305910168463612,1639,1607,4.9343561532,,NA,NA
401525845,2023,4,regular,2023-09-23T16:00:00.000Z,FALSE,TRUE,FALSE,TRUE,38193,3854,Nippert Stadium,2132,Cincinnati,fbs,Big 12,6,0.008925422930566656,1597,1593,201,Oklahoma,fbs,Big 12,20,0.9910745770694334,1897,1901,4.9863960971,,NA,NA
401532406,2023,4,regular,2023-09-23T17:30:00.000Z,FALSE,TRUE,FALSE,TRUE,19068,3739,Glass Bowl,2649,Toledo,fbs,Mid-American,49,0.9983717298941074,1497,1512,2711,Western Michigan,fbs,Mid-American,31,0.0016282701058926152,1226,1211,7.3499796496,,NA,NA
401531871,2023,4,regular,2023-09-23T18:00:00.000Z,FALSE,TRUE,FALSE,FALSE,10118,3919,Scheumann Stadium,2050,Ball State,fbs,Mid-American,3,5.689798914664372e-4,1273,1185,290,Georgia Southern,fbs,Sun Belt,40,0.9994310201085336,1425,1513,1.9188578492,,NA,NA
401526835,2023,4,regular,2023-09-23T19:30:00.000Z,FALSE,TRUE,FALSE,FALSE,8298,3985,Warren McGuirk Alumni Stadium,113,Massachusetts,fbs,FBS Independents,31,0.5070325111130141,1048,1047,167,New Mexico,fbs,Mountain West,34,0.49296748888698594,1108,1109,4.4676906391,,NA,NA
401532405,2023,4,regular,2023-09-23T19:30:00.000Z,FALSE,TRUE,FALSE,TRUE,18248,3700,Doyt L. Perry Stadium,189,Bowling Green,fbs,Mid-American,7,3.073325607575737e-4,1253,1195,195,Ohio,fbs,Mid-American,38,0.9996926674392425,1484,1542,1.2796633673,,NA,NA
401532408,2023,4,regular,2023-09-23T19:30:00.000Z,FALSE,TRUE,FALSE,FALSE,15812,3996,Yager Stadium,193,Miami (OH),fbs,Mid-American,62,0.9986943755753074,1350,1350,2169,Delaware State,fcs,MEAC,20,0.0013056244246926196,NA,NA,3.3069113439,,NA,NA
401520272,2023,4,regular,2023-09-23T19:30:00.000Z,FALSE,TRUE,FALSE,FALSE,29033,3892,Pratt & Whitney Stadium,41,UConn,fbs,FBS Independents,7,5.59489174718886e-4,1213,1168,150,Duke,fbs,ACC,41,0.9994405108252811,1630,1675,1.9576545985,,NA,NA
401520250,2023,4,regular,2023-09-23T19:30:00.000Z,FALSE,TRUE,FALSE,TRUE,100077,3657,Bryant-Denny Stadium,333,Alabama,fbs,SEC,24,0.9195733907472926,1954,1959,145,Ole Miss,fbs,SEC,10,0.08042660925270739,1672,1667,6.1768302849,,NA,NA
401525847,2023,4,regular,2023-09-23T19:30:00.000Z,FALSE,TRUE,FALSE,TRUE,47233,3833,Memorial Stadium,2305,Kansas,fbs,Big 12,38,0.9970311043407889,1451,1480,252,BYU,fbs,Big 12,27,0.0029688956592111015,1565,1536,5.8543270115,,NA,NA
401520263,2023,4,regular,2023-09-23T19:30:00.000Z,FALSE,TRUE,FALSE,FALSE,87115,3834,"Memorial Stadium (Lincoln, NE)",158,Nebraska,fbs,Big Ten,28,0.7985096365142782,1476,1483,2348,Louisiana Tech,fbs,Conference USA,14,0.2014903634857218,1218,1211,5.332940908,,NA,NA
401525509,2023,4,regular,2023-09-23T19:30:00.000Z,FALSE,TRUE,FALSE,FALSE,17234,3806,Lincoln Financial Field,218,Temple,fbs,American Athletic,7,6.778949473836644e-4,1194,1139,2390,Miami,fbs,ACC,41,0.9993221050526163,1529,1584,2.2449647314,,NA,NA
401525850,2023,4,regular,2023-09-23T19:30:00.000Z,FALSE,TRUE,FALSE,TRUE,50071,3842,Milan Puskar Stadium,277,West Virginia,fbs,Big 12,20,0.8862969066571842,1457,1473,2641,Texas Tech,fbs,Big 12,13,0.11370309334281581,1575,1559,7.2087152753,,NA,NA
401520261,2023,4,regular,2023-09-23T19:30:00.000Z,FALSE,TRUE,FALSE,TRUE,70131,3936,Spartan Stadium,127,Michigan State,fbs,Big Ten,9,0.1605886371039145,1509,1468,120,Maryland,fbs,Big Ten,31,0.8394113628960855,1646,1687,2.4917254449,,NA,NA
401525506,2023,4,regular,2023-09-23T19:30:00.000Z,FALSE,TRUE,FALSE,TRUE,48294,3873,L&N Federal Credit Union Stadium,97,Louisville,fbs,ACC,56,0.9989550400738733,1644,1682,103,Boston College,fbs,ACC,28,0.0010449599261267428,1335,1297,2.5720674912,,NA,NA
401531873,2023,4,regular,2023-09-23T19:30:00.000Z,FALSE,TRUE,FALSE,FALSE,16938,3918,S.B. Ballard Stadium,295,Old Dominion,fbs,Sun Belt,10,0.24384732205223777,1358,1358,2837,East Texas A&M,fcs,Southland,9,0.7561526779477622,NA,NA,8.1410551665,,NA,NA
401524017,2023,4,regular,2023-09-23T19:30:00.000Z,FALSE,TRUE,FALSE,TRUE,52919,587,Rice-Eccles Stadium,254,Utah,fbs,Pac-12,14,0.9454828117768593,1780,1784,26,UCLA,fbs,Pac-12,7,0.05451718822314067,1682,1678,4.8957393349,,NA,NA
401524015,2023,4,regular,2023-09-23T19:30:00.000Z,FALSE,TRUE,FALSE,TRUE,59889,3626,Autzen Stadium,2483,Oregon,fbs,Pac-12,42,0.9989656667170455,1734,1782,38,Colorado,fbs,Pac-12,6,0.001034333282954547,1300,1252,2.5424266214,,NA,NA
401520255,2023,4,regular,2023-09-23T19:30:00.000Z,FALSE,TRUE,FALSE,FALSE,53512,3832,"Memorial Stadium (Champaign, IL)",356,Illinois,fbs,Big Ten,23,0.992529383011385,1606,1601,2226,Florida Atlantic,fbs,American Athletic,17,0.007470616988614953,1351,1356,7.5102563205,,NA,NA
401531423,2023,4,regular,2023-09-23T20:00:00.000Z,FALSE,TRUE,FALSE,TRUE,29141,3886,Raymond James Stadium,58,South Florida,fbs,American Athletic,42,0.9844020920289753,1279,1298,242,Rice,fbs,American Athletic,29,0.015597907971024672,1199,1180,7.3931544872,,NA,NA
401520269,2023,4,regular,2023-09-23T20:00:00.000Z,FALSE,TRUE,FALSE,FALSE,101915,3853,Neyland Stadium,2633,Tennessee,fbs,SEC,45,0.9973628114879283,1830,1883,2636,UTSA,fbs,American Athletic,14,0.002637188512071731,1575,1522,5.1459353513,,NA,NA
401525846,2023,4,regular,2023-09-23T20:00:00.000Z,FALSE,TRUE,FALSE,TRUE,59022,3772,Jack Trice Stadium,66,Iowa State,fbs,Big 12,34,0.8998724594495812,1531,1537,197,Oklahoma State,fbs,Big 12,27,0.10012754055041884,1468,1462,8.2254443162,,NA,NA
401520257,2023,4,regular,2023-09-23T21:00:00.000Z,FALSE,TRUE,FALSE,FALSE,20966,3662,AmFirst Stadium,55,Jacksonville State,fbs,Conference USA,21,0.9928559015541867,1461,1505,2199,Eastern Michigan,fbs,Mid-American,0,0.007144098445813318,1408,1364,4.047812758,,NA,NA
401531876,2023,4,regular,2023-09-23T21:00:00.000Z,FALSE,TRUE,FALSE,FALSE,18369,6526,Hancock Whitney Stadium,6,South Alabama,fbs,Sun Belt,30,0.6474127773669446,1541,1519,2117,Central Michigan,fbs,Mid-American,34,0.3525872226330554,1321,1343,6.6588111823,,NA,NA
401531413,2023,4,regular,2023-09-23T22:00:00.000Z,FALSE,TRUE,FALSE,FALSE,40589,3699,Dowdy-Ficklen Stadium,151,East Carolina,fbs,American Athletic,44,0.9960501215639439,1420,1420,2241,Gardner-Webb,fcs,Big South-OVC,0,0.003949878436056098,NA,NA,2.9925085029,,NA,NA
401520275,2023,4,regular,2023-09-23T22:30:00.000Z,FALSE,TRUE,FALSE,TRUE,17437,218,FIU Stadium,2229,Florida International,fbs,Conference USA,6,0.0050389614625467325,1125,1084,2335,Liberty,fbs,Conference USA,38,0.9949610385374532,1533,1574,2.6000298957,,NA,NA
401525508,2023,4,regular,2023-09-23T22:30:00.000Z,FALSE,TRUE,FALSE,TRUE,31865,3630,Allegacy Federal Credit Union Stadium,154,Wake Forest,fbs,ACC,16,0.24480336963808622,1607,1545,59,Georgia Tech,fbs,ACC,30,0.7551966303619138,1329,1391,4.2851229719,,NA,NA
401531870,2023,4,regular,2023-09-23T23:00:00.000Z,FALSE,TRUE,FALSE,FALSE,21169,3984,War Memorial Stadium,2751,Wyoming,fbs,Mountain West,22,0.03544078715964566,1402,1405,2026,App State,fbs,Sun Belt,19,0.9645592128403544,1577,1574,8.3095422914,,NA,NA
401524016,2023,4,regular,2023-09-23T23:00:00.000Z,FALSE,TRUE,FALSE,TRUE,38046,3940,Stanford Stadium,24,Stanford,fbs,Pac-12,20,0.19305925612564093,1271,1278,12,Arizona,fbs,Pac-12,21,0.8069407438743591,1453,1446,7.3961893914,,NA,NA
401520254,2023,4,regular,2023-09-23T23:00:00.000Z,FALSE,TRUE,FALSE,FALSE,35044,4728,TDECU Stadium,248,Houston,fbs,Big 12,38,0.9987585197018767,1519,1597,2534,Sam Houston,fbs,Conference USA,7,0.0012414802981233208,1474,1396,3.9940141403,,NA,NA
401524019,2023,4,regular,2023-09-23T23:00:00.000Z,FALSE,TRUE,FALSE,TRUE,33111,3820,Gesa Field,265,Washington State,fbs,Pac-12,38,0.9176444253467523,1621,1624,204,Oregon State,fbs,Pac-12,35,0.08235557465324772,1741,1738,3.8874202143,,NA,NA
401531349,2023,4,regular,2023-09-23T23:00:00.000Z,FALSE,TRUE,FALSE,FALSE,22842,4729,Yulman Stadium,2655,Tulane,fbs,American Athletic,36,0.7822058108672602,1651,1651,2447,Nicholls,fcs,Southland,7,0.21779418913273985,NA,NA,3.0505220688,,NA,NA
401520251,2023,4,regular,2023-09-23T23:00:00.000Z,FALSE,TRUE,FALSE,FALSE,89053,3634,Ben Hill Griffin Stadium,57,Florida,fbs,SEC,22,0.9963268518353481,1603,1601,2429,Charlotte,fbs,American Athletic,7,0.003673148164651918,1205,1207,4.4501356367,,NA,NA
401520262,2023,4,regular,2023-09-23T23:00:00.000Z,FALSE,TRUE,FALSE,FALSE,19806,3725,"Johnny ""Red"" Floyd Stadium",2393,Middle Tennessee,fbs,Conference USA,23,0.22522205883684657,1341,1320,36,Colorado State,fbs,Mountain West,31,0.7747779411631535,1278,1299,6.5600039661,,NA,NA
401520258,2023,4,regular,2023-09-23T23:00:00.000Z,FALSE,TRUE,FALSE,TRUE,99648,3958,Tiger Stadium (LA),99,LSU,fbs,SEC,34,0.6764915389988592,1753,1752,8,Arkansas,fbs,SEC,31,0.32350846100114083,1620,1621,6.8715642832,,NA,NA
401531877,2023,4,regular,2023-09-23T23:00:00.000Z,FALSE,TRUE,FALSE,FALSE,19257,3644,Bobcat Stadium (TX),326,Texas State,fbs,Sun Belt,35,0.5067811965426334,1353,1363,2440,Nevada,fbs,Mountain West,24,0.4932188034573666,1224,1214,6.043534056,,NA,NA
401531874,2023,4,regular,2023-09-23T23:00:00.000Z,FALSE,TRUE,FALSE,TRUE,16601,3625,Centennial Bank Stadium,2032,Arkansas State,fbs,Sun Belt,44,0.5488487385254524,1032,1055,2572,Southern Miss,fbs,Sun Belt,37,0.45115126147454765,1258,1235,7.5539829731,,NA,NA
401521330,2023,4,regular,2023-09-23T23:30:00.000Z,FALSE,TRUE,FALSE,FALSE,77622,3855,Notre Dame Stadium,87,Notre Dame,fbs,FBS Independents,14,0.9592257173200558,1851,1857,194,Ohio State,fbs,Big Ten,17,0.04077428267994421,2028,2022,6.671216816,,NA,NA
401531875,2023,4,regular,2023-09-23T23:30:00.000Z,FALSE,TRUE,FALSE,FALSE,17674,3666,Cajun Field,309,Louisiana,fbs,Sun Belt,45,0.9894642540735863,1561,1558,2084,Buffalo,fbs,Mid-American,38,0.010535745926413709,1328,1331,5.5025716947,,NA,NA
401520265,2023,4,regular,2023-09-23T23:30:00.000Z,FALSE,TRUE,FALSE,TRUE,110830,3632,Beaver Stadium,213,Penn State,fbs,Big Ten,31,0.9984188956302096,1867,1931,2294,Iowa,fbs,Big Ten,0,0.0015811043697904203,1703,1639,3.9833693108,,NA,NA
401520259,2023,4,regular,2023-09-23T23:30:00.000Z,FALSE,TRUE,TRUE,FALSE,45085,3494,The Dome at America's Center,142,Missouri,fbs,SEC,34,0.9888071371004225,1485,1508,235,Memphis,fbs,American Athletic,27,0.01119286289957755,1581,1558,7.1974622018,,NA,NA
401520267,2023,4,regular,2023-09-23T23:30:00.000Z,FALSE,TRUE,FALSE,TRUE,78311,3994,Williams-Brice Stadium,2579,South Carolina,fbs,SEC,37,0.95719944146439,1557,1567,344,Mississippi State,fbs,SEC,30,0.042800558535610045,1561,1551,8.4749801462,,NA,NA
401525844,2023,4,regular,2023-09-23T23:30:00.000Z,FALSE,TRUE,FALSE,TRUE,49165,4727,McLane Stadium,239,Baylor,fbs,Big 12,6,5.212248058108352e-4,1563,1506,251,Texas,fbs,Big 12,38,0.9994787751941892,1831,1888,2.5039328826,,NA,NA
401520252,2023,4,regular,2023-09-23T23:30:00.000Z,FALSE,TRUE,FALSE,FALSE,92746,3917,Sanford Stadium,61,Georgia,fbs,SEC,49,0.9978367297366098,2048,2055,5,UAB,fbs,American Athletic,21,0.002163270263390249,1427,1420,4.3036676149,,NA,NA
401520256,2023,4,regular,2023-09-23T23:30:00.000Z,FALSE,TRUE,FALSE,FALSE,44968,3830,"Memorial Stadium (Bloomington, IN)",84,Indiana,fbs,Big Ten,29,0.6540777487667742,1399,1397,2006,Akron,fbs,Mid-American,27,0.34592225123322584,1224,1226,6.5979861695,,NA,NA
401520264,2023,4,regular,2023-09-23T23:30:00.000Z,FALSE,TRUE,FALSE,TRUE,20148,3911,Ryan Field,77,Northwestern,fbs,Big Ten,37,0.03789006220339346,1352,1357,135,Minnesota,fbs,Big Ten,34,0.9621099377966066,1640,1635,6.7269552723,,NA,NA
401531872,2023,4,regular,2023-09-24T00:00:00.000Z,FALSE,TRUE,FALSE,FALSE,19994,3905,Maverik Stadium,328,Utah State,fbs,Mountain West,38,0.0033333543856449307,1382,1385,256,James Madison,fbs,Sun Belt,45,0.996666645614355,1593,1590,5.7520350222,,NA,NA
401525510,2023,4,regular,2023-09-24T00:00:00.000Z,FALSE,TRUE,FALSE,TRUE,48544,3752,Acrisure Stadium,221,Pittsburgh,fbs,ACC,24,0.08868667880625485,1578,1543,153,North Carolina,fbs,ACC,41,0.9113133211937452,1636,1671,3.5366765588,,NA,NA
401525848,2023,4,regular,2023-09-24T00:00:00.000Z,FALSE,TRUE,FALSE,TRUE,51912,3636,Bill Snyder Family Stadium,2306,Kansas State,fbs,Big 12,44,0.43305170313038144,1789,1804,2116,UCF,fbs,Big 12,31,0.5669482968696186,1664,1649,7.2125741707,,NA,NA
401520273,2023,4,regular,2023-09-24T01:00:00.000Z,FALSE,TRUE,FALSE,FALSE,28042,3946,Sun Bowl,2638,UTEP,fbs,Conference USA,28,0.10623388772965359,1241,1210,2439,UNLV,fbs,Mountain West,45,0.8937661122703464,1341,1372,5.7461531753,,NA,NA
401524018,2023,4,regular,2023-09-24T02:30:00.000Z,FALSE,TRUE,FALSE,TRUE,69107,3765,Husky Stadium,264,Washington,fbs,Pac-12,59,0.9989429095974304,1888,1920,25,California,fbs,Pac-12,32,0.001057090402569627,1551,1519,2.7403573236,,NA,NA
401524014,2023,4,regular,2023-09-24T02:30:00.000Z,FALSE,TRUE,FALSE,TRUE,54166,3947,Mountain America Stadium,9,Arizona State,fbs,Pac-12,28,0.04322712777878244,1392,1404,30,USC,fbs,Pac-12,42,0.9567728722212175,1891,1879,5.0713822088,,NA,NA
401532407,2023,4,regular,2023-09-24T02:30:00.000Z,FALSE,TRUE,FALSE,FALSE,38728,3660,Valley Children's Stadium,278,Fresno State,fbs,Mountain West,53,0.9971497948893011,1723,1787,2309,Kent State,fbs,Mid-American,10,0.002850205110698889,1245,1181,2.8563831372,,NA,NA
401520253,2023,4,regular,2023-09-24T03:59:00.000Z,FALSE,TRUE,FALSE,FALSE,10254,7220,Clarence T.C. Ching Athletics Complex,62,Hawai'i,fbs,Mountain West,20,0.021917942996270562,1145,1148,166,New Mexico State,fbs,Conference USA,17,0.9780820570037294,1264,1261,5.7320251168,,NA,NA
401531339,2023,5,regular,2023-09-28T23:30:00.000Z,FALSE,TRUE,FALSE,TRUE,17538,3674,Chapman Stadium,202,Tulsa,fbs,American Athletic,48,0.9987981669611123,1294,1331,218,Temple,fbs,American Athletic,26,0.0012018330388876564,1139,1102,3.8606860972,,NA,NA
401520277,2023,5,regular,2023-09-28T23:30:00.000Z,FALSE,TRUE,FALSE,TRUE,14712,3796,Houchens Industries-L.T. Smith Stadium,98,Western Kentucky,fbs,Conference USA,31,0.9003139411286034,1506,1537,2393,Middle Tennessee,fbs,Conference USA,10,0.09968605887139659,1320,1289,4.6352169954,,NA,NA
401520276,2023,5,regular,2023-09-29T00:00:00.000Z,FALSE,TRUE,FALSE,TRUE,14566,3647,Elliott T. Bowers Stadium,2534,Sam Houston,fbs,Conference USA,28,0.7857652881188725,1396,1391,55,Jacksonville State,fbs,Conference USA,35,0.21423471188112753,1505,1510,7.7179081298,,NA,NA
401525512,2023,5,regular,2023-09-29T23:00:00.000Z,FALSE,TRUE,FALSE,TRUE,56919,3670,Carter-Finley Stadium,152,NC State,fbs,ACC,10,0.3486992283820589,1520,1525,97,Louisville,fbs,ACC,13,0.6513007716179411,1682,1677,7.705246583,,NA,NA
401520278,2023,5,regular,2023-09-30T01:00:00.000Z,FALSE,TRUE,FALSE,TRUE,9101,3946,Sun Bowl,2638,UTEP,fbs,Conference USA,10,0.12396364886963822,1210,1178,2348,Louisiana Tech,fbs,Conference USA,24,0.8760363511303618,1211,1243,4.4167914169,,NA,NA
401524020,2023,5,regular,2023-09-30T01:00:00.000Z,FALSE,TRUE,FALSE,TRUE,37372,3893,Reser Stadium,204,Oregon State,fbs,Pac-12,21,0.995562874339114,1738,1770,254,Utah,fbs,Pac-12,7,0.004437125660886054,1784,1752,4.4137615218,,NA,NA
401525851,2023,5,regular,2023-09-30T02:15:00.000Z,FALSE,TRUE,FALSE,TRUE,63834,3801,LaVell Edwards Stadium,252,BYU,fbs,Big 12,35,0.633421093924542,1536,1552,2132,Cincinnati,fbs,Big 12,27,0.36657890607545796,1593,1577,7.0034221565,,NA,NA
401520292,2023,5,regular,2023-09-30T16:00:00.000Z,FALSE,TRUE,FALSE,FALSE,21227,3892,Pratt & Whitney Stadium,41,UConn,fbs,FBS Independents,33,0.4439860547859899,1168,1177,328,Utah State,fbs,Mountain West,34,0.55601394521401,1385,1376,6.4638163073,,NA,NA
401531880,2023,5,regular,2023-09-30T16:00:00.000Z,FALSE,TRUE,FALSE,TRUE,26064,3651,Bridgeforth Stadium,256,James Madison,fbs,Sun Belt,31,0.9765720547624496,1590,1598,6,South Alabama,fbs,Sun Belt,23,0.02342794523755043,1519,1511,4.43685573,,NA,NA
401531370,2023,5,regular,2023-09-30T16:00:00.000Z,FALSE,TRUE,FALSE,TRUE,20102,4729,Yulman Stadium,2655,Tulane,fbs,American Athletic,35,0.9667408096367333,1630,1636,5,UAB,fbs,American Athletic,23,0.033259190363266744,1420,1414,6.4885234229,,NA,NA
401524023,2023,5,regular,2023-09-30T16:00:00.000Z,FALSE,TRUE,FALSE,TRUE,54032,3726,Folsom Field,38,Colorado,fbs,Pac-12,41,0.38808095759725075,1252,1281,30,USC,fbs,Pac-12,48,0.6119190424027492,1879,1850,3.0893729338,,NA,NA
401520282,2023,5,regular,2023-09-30T16:00:00.000Z,FALSE,TRUE,FALSE,TRUE,61699,3683,Kroger Field,96,Kentucky,fbs,SEC,33,0.9834266868015974,1675,1711,57,Florida,fbs,SEC,14,0.016573313198402606,1601,1565,3.264167245,,NA,NA
401520287,2023,5,regular,2023-09-30T16:00:00.000Z,FALSE,TRUE,FALSE,TRUE,25064,3911,Ryan Field,77,Northwestern,fbs,Big Ten,13,0.001497507318454125,1357,1345,213,Penn State,fbs,Big Ten,41,0.9985024926815459,1931,1943,4.9097265699,,NA,NA
401520284,2023,5,regular,2023-09-30T16:00:00.000Z,FALSE,TRUE,FALSE,FALSE,46843,3953,Huntington Bank Stadium,135,Minnesota,fbs,Big Ten,35,0.9859044168671897,1635,1649,309,Louisiana,fbs,Sun Belt,24,0.014095583132810341,1558,1544,5.362748112,,NA,NA
401532412,2023,5,regular,2023-09-30T16:00:00.000Z,FALSE,TRUE,FALSE,TRUE,5490,3768,InfoCision Stadium,2006,Akron,fbs,Mid-American,10,0.8914102027930819,1226,1228,2084,Buffalo,fbs,Mid-American,13,0.10858979720691808,1331,1329,8.6078777019,,NA,NA
401520279,2023,5,regular,2023-09-30T16:00:00.000Z,FALSE,TRUE,TRUE,TRUE,59437,3687,AT&T Stadium,8,Arkansas,fbs,SEC,22,0.00611137275536087,1621,1610,245,Texas A&M,fbs,SEC,34,0.9938886272446391,1722,1733,4.4486811835,,NA,NA
401525514,2023,5,regular,2023-09-30T16:00:00.000Z,FALSE,TRUE,FALSE,TRUE,40974,1964,JMA Wireless Dome,183,Syracuse,fbs,ACC,14,0.09824427158579985,1625,1593,228,Clemson,fbs,ACC,31,0.9017557284142002,1716,1748,3.860947851,,NA,NA
401532410,2023,5,regular,2023-09-30T17:30:00.000Z,FALSE,TRUE,FALSE,TRUE,28323,3786,Kelly/Shorts Stadium,2117,Central Michigan,fbs,Mid-American,26,0.6726625067779255,1343,1344,2199,Eastern Michigan,fbs,Mid-American,23,0.3273374932220745,1364,1363,7.7961850756,,NA,NA
401525513,2023,5,regular,2023-09-30T18:00:00.000Z,FALSE,TRUE,FALSE,TRUE,41868,3615,"Alumni Stadium (Chestnut Hill, MA)",103,Boston College,fbs,ACC,27,0.8782094974361977,1297,1298,258,Virginia,fbs,ACC,24,0.1217905025638023,1314,1313,7.7712128168,,NA,NA
401532413,2023,5,regular,2023-09-30T18:30:00.000Z,FALSE,TRUE,FALSE,TRUE,13598,3696,Dix Stadium,2309,Kent State,fbs,Mid-American,3,0.07243341314172656,1181,1150,193,Miami (OH),fbs,Mid-American,23,0.9275665868582734,1361,1392,3.853061184,,NA,NA
401524022,2023,5,regular,2023-09-30T19:00:00.000Z,FALSE,TRUE,FALSE,TRUE,34353,3831,California Memorial Stadium,25,California,fbs,Pac-12,24,0.636723662254268,1519,1518,9,Arizona State,fbs,Pac-12,21,0.363276337745732,1404,1405,9.1581265633,,NA,NA
401520283,2023,5,regular,2023-09-30T19:30:00.000Z,FALSE,TRUE,FALSE,TRUE,38181,3665,SECU Stadium,120,Maryland,fbs,Big Ten,44,0.9987805051102816,1687,1724,84,Indiana,fbs,Big Ten,17,0.0012194948897183977,1397,1360,2.9871594471,,NA,NA
401526836,2023,5,regular,2023-09-30T19:30:00.000Z,FALSE,TRUE,FALSE,FALSE,9494,3985,Warren McGuirk Alumni Stadium,113,Massachusetts,fbs,FBS Independents,28,0.0028002813924095865,1047,984,2032,Arkansas State,fbs,Sun Belt,52,0.9971997186075904,1055,1118,2.2760888594,,NA,NA
401525855,2023,5,regular,2023-09-30T19:30:00.000Z,FALSE,TRUE,FALSE,TRUE,53308,3784,Jones AT&T Stadium,2641,Texas Tech,fbs,Big 12,49,0.821360731227336,1559,1613,248,Houston,fbs,Big 12,28,0.178639268772664,1597,1543,5.4721004622,,NA,NA
401520280,2023,5,regular,2023-09-30T19:30:00.000Z,FALSE,TRUE,FALSE,TRUE,88043,3785,Jordan-Hare Stadium,2,Auburn,fbs,SEC,20,0.0933596539187045,1607,1625,61,Georgia,fbs,SEC,27,0.9066403460812955,2055,2037,6.9803220413,,NA,NA
401525515,2023,5,regular,2023-09-30T19:30:00.000Z,FALSE,TRUE,FALSE,FALSE,30097,721,Bobby Dodd Stadium,59,Georgia Tech,fbs,ACC,27,0.09984811352932407,1391,1349,189,Bowling Green,fbs,Mid-American,38,0.9001518864706759,1195,1237,3.5525995762,,NA,NA
401531424,2023,5,regular,2023-09-30T19:30:00.000Z,FALSE,TRUE,FALSE,TRUE,29789,3852,Navy-Marine Corps Memorial Stadium,2426,Navy,fbs,American Athletic,30,0.31590324035053663,1388,1347,58,South Florida,fbs,American Athletic,44,0.6840967596494634,1298,1339,5.2133355857,,NA,NA
401520289,2023,5,regular,2023-09-30T19:30:00.000Z,FALSE,TRUE,FALSE,TRUE,59510,3907,Ross-Ade Stadium,2509,Purdue,fbs,Big Ten,44,0.9934326765439689,1432,1516,356,Illinois,fbs,Big Ten,19,0.00656732345603106,1601,1517,5.4066270087,,NA,NA
401520286,2023,5,regular,2023-09-30T19:30:00.000Z,FALSE,TRUE,FALSE,TRUE,87134,3834,"Memorial Stadium (Lincoln, NE)",158,Nebraska,fbs,Big Ten,7,0.00556434868279054,1483,1432,130,Michigan,fbs,Big Ten,45,0.9944356513172095,1953,2004,1.2857793996,,NA,NA
401520290,2023,5,regular,2023-09-30T19:30:00.000Z,FALSE,TRUE,FALSE,FALSE,40165,6577,SHI Stadium,164,Rutgers,fbs,Big Ten,52,0.9988975467730159,1414,1414,2681,Wagner,fcs,NEC,3,0.0011024532269841014,NA,NA,2.7833672912,,NA,NA
401525854,2023,5,regular,2023-09-30T19:30:00.000Z,FALSE,TRUE,FALSE,TRUE,102986,3910,DKR-Texas Memorial Stadium,251,Texas,fbs,Big 12,40,0.997781692267083,1888,1910,2305,Kansas,fbs,Big 12,14,0.00221830773291698,1480,1458,4.7592328724,,NA,NA
401525856,2023,5,regular,2023-09-30T19:30:00.000Z,FALSE,TRUE,FALSE,TRUE,44005,3652,FBC Mortgage Stadium,2116,UCF,fbs,Big 12,35,0.9237818117471922,1649,1641,239,Baylor,fbs,Big 12,36,0.0762181882528078,1506,1514,4.7826348716,,NA,NA
401532409,2023,5,regular,2023-09-30T19:30:00.000Z,FALSE,TRUE,FALSE,TRUE,21880,3980,Waldo Stadium,2711,Western Michigan,fbs,Mid-American,42,0.9806520210670083,1211,1249,2050,Ball State,fbs,Mid-American,24,0.019347978932991672,1185,1147,6.1514417304,,NA,NA
401532411,2023,5,regular,2023-09-30T19:30:00.000Z,FALSE,TRUE,FALSE,TRUE,23417,3739,Glass Bowl,2649,Toledo,fbs,Mid-American,35,0.9161052609247357,1512,1509,2459,Northern Illinois,fbs,Mid-American,33,0.08389473907526435,1249,1252,5.8558983131,,NA,NA
401531881,2023,5,regular,2023-09-30T19:30:00.000Z,FALSE,TRUE,FALSE,TRUE,22652,3775,Joan C. Edwards Stadium,276,Marshall,fbs,Sun Belt,41,0.9803324763710841,1578,1575,295,Old Dominion,fbs,Sun Belt,35,0.019667523628915884,1366,1369,7.6537720343,,NA,NA
401532586,2023,5,regular,2023-09-30T20:00:00.000Z,FALSE,TRUE,FALSE,TRUE,25328,6501,Allegiant Stadium,2439,UNLV,fbs,Mountain West,44,0.9985001548452038,1372,1407,62,Hawai'i,fbs,Mountain West,20,0.0014998451547961755,1148,1113,4.3143248373,,NA,NA
401532588,2023,5,regular,2023-09-30T20:00:00.000Z,FALSE,TRUE,FALSE,TRUE,25477,3984,War Memorial Stadium,2751,Wyoming,fbs,Mountain West,35,0.6391504585405364,1405,1401,167,New Mexico,fbs,Mountain West,26,0.3608495414594636,1109,1113,6.2786856136,,NA,NA
401520293,2023,5,regular,2023-09-30T20:00:00.000Z,FALSE,TRUE,FALSE,TRUE,26332,3973,FirstBank Stadium,238,Vanderbilt,fbs,SEC,21,0.0036633765922275846,1310,1289,142,Missouri,fbs,SEC,38,0.9963366234077724,1508,1529,3.6671535968,,NA,NA
401531429,2023,5,regular,2023-09-30T20:00:00.000Z,FALSE,TRUE,FALSE,FALSE,30364,3805,Simmons Bank Liberty Stadium,235,Memphis,fbs,American Athletic,35,0.6995553221633581,1558,1559,68,Boise State,fbs,Mountain West,32,0.30044467783664186,1542,1541,8.3698083386,,NA,NA
401520288,2023,5,regular,2023-09-30T22:00:00.000Z,FALSE,TRUE,FALSE,TRUE,66703,3974,Vaught-Hemingway Stadium,145,Ole Miss,fbs,SEC,55,0.31669802332255687,1667,1679,99,LSU,fbs,SEC,49,0.6833019766774431,1752,1740,9.4967408032,,NA,NA
401524024,2023,5,regular,2023-09-30T22:30:00.000Z,FALSE,TRUE,FALSE,TRUE,32160,3940,Stanford Stadium,24,Stanford,fbs,Pac-12,6,0.001095826106186454,1278,1237,2483,Oregon,fbs,Pac-12,42,0.9989041738938136,1782,1823,3.2948091635,,NA,NA
401525852,2023,5,regular,2023-09-30T23:00:00.000Z,FALSE,TRUE,FALSE,TRUE,84371,3835,"Memorial Stadium (Norman, OK)",201,Oklahoma,fbs,Big 12,50,0.9985982310306172,1901,1939,66,Iowa State,fbs,Big 12,20,0.0014017689693828217,1537,1499,4.7622919284,,NA,NA
401531879,2023,5,regular,2023-09-30T23:00:00.000Z,FALSE,TRUE,FALSE,TRUE,16536,4246,Center Parc Stadium,2247,Georgia State,fbs,Sun Belt,7,0.017219969958626388,1546,1487,2653,Troy,fbs,Sun Belt,28,0.9827800300413736,1504,1563,4.3123787941,,NA,NA
401531436,2023,5,regular,2023-09-30T23:00:00.000Z,FALSE,TRUE,FALSE,FALSE,21494,3825,DATCU Stadium,249,North Texas,fbs,American Athletic,45,0.9159459924170914,1332,1332,2000,Abilene Christian,fcs,UAC,31,0.0840540075829086,NA,NA,3.5058953504,,NA,NA
401531414,2023,5,regular,2023-09-30T23:00:00.000Z,FALSE,TRUE,FALSE,TRUE,19598,3895,Rice Stadium,242,Rice,fbs,American Athletic,24,0.6580897580385204,1180,1204,151,East Carolina,fbs,American Athletic,17,0.34191024196147957,1422,1398,7.8107456267,,NA,NA
401532585,2023,5,regular,2023-09-30T23:00:00.000Z,FALSE,TRUE,FALSE,FALSE,27932,5388,Canvas Stadium,36,Colorado State,fbs,Mountain West,41,0.9986899156933877,1299,1299,3101,Utah Tech,fcs,UAC,20,0.0013100843066122803,NA,NA,6.1410223293,,NA,NA
401531878,2023,5,regular,2023-09-30T23:00:00.000Z,FALSE,TRUE,FALSE,TRUE,26483,3608,Allen E. Paulson Stadium,290,Georgia Southern,fbs,Sun Belt,38,0.39609020925853977,1513,1522,324,Coastal Carolina,fbs,Sun Belt,28,0.6039097907414602,1405,1396,6.9313247394,,NA,NA
401531883,2023,5,regular,2023-09-30T23:00:00.000Z,FALSE,TRUE,FALSE,TRUE,21304,3815,M. M. Roberts Stadium,2572,Southern Miss,fbs,Sun Belt,36,0.016854522803177074,1235,1215,326,Texas State,fbs,Sun Belt,50,0.9831454771968229,1363,1383,1.7883571611,,NA,NA
401531404,2023,5,regular,2023-09-30T23:30:00.000Z,FALSE,TRUE,FALSE,TRUE,25385,3735,Gerald J. Ford Stadium,2567,SMU,fbs,American Athletic,34,0.8510361453016213,1498,1511,2429,Charlotte,fbs,American Athletic,16,0.1489638546983787,1207,1194,3.9139304333,,NA,NA
401520281,2023,5,regular,2023-09-30T23:30:00.000Z,FALSE,TRUE,FALSE,TRUE,69250,3793,Kinnick Stadium,2294,Iowa,fbs,Big Ten,26,0.35984615840811646,1639,1644,127,Michigan State,fbs,Big Ten,16,0.6401538415918835,1468,1463,9.4773986417,,NA,NA
401525438,2023,5,regular,2023-09-30T23:30:00.000Z,FALSE,TRUE,FALSE,FALSE,40768,3982,Wallace Wade Stadium,150,Duke,fbs,ACC,14,0.40344808576529434,1675,1676,87,Notre Dame,fbs,FBS Independents,21,0.5965519142347057,1857,1856,7.715850622,,NA,NA
401520291,2023,5,regular,2023-09-30T23:30:00.000Z,FALSE,TRUE,FALSE,TRUE,101915,3853,Neyland Stadium,2633,Tennessee,fbs,SEC,41,0.9969517838681828,1883,1901,2579,South Carolina,fbs,SEC,20,0.0030482161318171608,1567,1549,7.3332591652,,NA,NA
401525853,2023,5,regular,2023-10-01T00:00:00.000Z,FALSE,TRUE,FALSE,TRUE,43736,3616,Amon G. Carter Stadium,2628,TCU,fbs,Big 12,21,0.24726109662174345,1692,1673,277,West Virginia,fbs,Big 12,24,0.7527389033782566,1473,1492,7.8005722464,,NA,NA
401525516,2023,5,regular,2023-10-01T00:00:00.000Z,FALSE,TRUE,FALSE,TRUE,65632,3799,Lane Stadium,259,Virginia Tech,fbs,ACC,38,0.9932524402804627,1369,1424,221,Pittsburgh,fbs,ACC,21,0.006747559719537333,1543,1488,4.6092122357,,NA,NA
401532589,2023,5,regular,2023-10-01T00:00:00.000Z,FALSE,TRUE,FALSE,TRUE,24869,3713,Falcon Stadium,2005,Air Force,fbs,Mountain West,49,0.9989701087348664,1722,1797,21,San Diego State,fbs,Mountain West,10,0.0010298912651336423,1436,1361,3.4758406348,,NA,NA
401531882,2023,5,regular,2023-10-01T00:00:00.000Z,FALSE,TRUE,FALSE,TRUE,19919,3817,Malone Stadium,2433,UL Monroe,fbs,Sun Belt,40,0.4004535301154477,1173,1189,2026,App State,fbs,Sun Belt,41,0.5995464698845523,1574,1558,8.8958338051,,NA,NA
401520285,2023,5,regular,2023-10-01T01:00:00.000Z,FALSE,TRUE,FALSE,TRUE,60111,3693,Davis Wade Stadium,344,Mississippi State,fbs,SEC,17,0.00739186965543547,1551,1535,333,Alabama,fbs,SEC,40,0.9926081303445645,1959,1975,2.7786062556,,NA,NA
401524021,2023,5,regular,2023-10-01T02:00:00.000Z,FALSE,TRUE,FALSE,TRUE,50800,3619,Arizona Stadium,12,Arizona,fbs,Pac-12,24,0.23990102515849587,1446,1466,264,Washington,fbs,Pac-12,31,0.7600989748415041,1920,1900,3.3870488069,,NA,NA
401532587,2023,5,regular,2023-10-01T02:30:00.000Z,FALSE,TRUE,FALSE,TRUE,39246,3660,Valley Children's Stadium,278,Fresno State,fbs,Mountain West,27,0.9977781154912042,1787,1777,2440,Nevada,fbs,Mountain West,9,0.0022218845087957906,1214,1224,3.5639976209,,NA,NA
401520294,2023,6,regular,2023-10-05T00:00:00.000Z,FALSE,TRUE,FALSE,TRUE,13066,3725,"Johnny ""Red"" Floyd Stadium",2393,Middle Tennessee,fbs,Conference USA,30,0.31752325894863864,1289,1275,55,Jacksonville State,fbs,Conference USA,45,0.6824767410513614,1510,1524,7.2622836896,,NA,NA
401520297,2023,6,regular,2023-10-05T01:00:00.000Z,FALSE,TRUE,FALSE,TRUE,11540,3601,Aggie Memorial Stadium,166,New Mexico State,fbs,Conference USA,34,0.9443884862975349,1261,1282,2229,Florida International,fbs,Conference USA,17,0.05561151370246509,1084,1063,5.9652559086,,NA,NA
401520296,2023,6,regular,2023-10-05T23:00:00.000Z,FALSE,TRUE,FALSE,TRUE,17100,3992,Williams Stadium (VA),2335,Liberty,fbs,Conference USA,21,0.9970490407214869,1574,1572,2534,Sam Houston,fbs,Conference USA,16,0.0029509592785130767,1391,1393,7.8021656574,,NA,NA
401520295,2023,6,regular,2023-10-06T00:00:00.000Z,FALSE,TRUE,FALSE,TRUE,13014,3776,Joe Aillet Stadium,2348,Louisiana Tech,fbs,Conference USA,28,0.18156804708073535,1243,1251,98,Western Kentucky,fbs,Conference USA,35,0.8184319529192646,1537,1529,3.1330143992,,NA,NA
401525857,2023,6,regular,2023-10-06T23:30:00.000Z,FALSE,TRUE,FALSE,TRUE,53855,3646,Boone Pickens Stadium,197,Oklahoma State,fbs,Big 12,29,0.8488674427220959,1462,1497,2306,Kansas State,fbs,Big 12,21,0.1511325572779041,1804,1769,4.8417597638,,NA,NA
401520301,2023,6,regular,2023-10-07T00:00:00.000Z,FALSE,TRUE,FALSE,TRUE,46703,3832,"Memorial Stadium (Champaign, IL)",356,Illinois,fbs,Big Ten,7,0.007883735682603928,1517,1479,158,Nebraska,fbs,Big Ten,20,0.9921162643173961,1432,1470,3.5926772585,,NA,NA
401520311,2023,6,regular,2023-10-07T16:00:00.000Z,FALSE,TRUE,FALSE,TRUE,74885,347,Camp Randall Stadium,275,Wisconsin,fbs,Big Ten,24,0.9969376369892754,1706,1706,164,Rutgers,fbs,Big Ten,13,0.0030623630107246003,1435,1435,4.1599088475,,NA,NA
401525861,2023,6,regular,2023-10-07T16:00:00.000Z,FALSE,TRUE,TRUE,TRUE,NA,499,Cotton Bowl,251,Texas,fbs,Big 12,30,0.47571393856841115,1910,1910,201,Oklahoma,fbs,Big 12,34,0.5242860614315888,1939,1939,8.4691417669,,Allstate Red River Rivalry,NA
401525522,2023,6,regular,2023-10-07T16:00:00.000Z,FALSE,TRUE,FALSE,FALSE,38289,3923,Scott Stadium,258,Virginia,fbs,ACC,27,0.9970398018143198,1311,1311,2729,William & Mary,fcs,CAA,13,0.002960198185680163,NA,NA,6.2429222463,,NA,NA
401520298,2023,6,regular,2023-10-07T16:00:00.000Z,FALSE,TRUE,FALSE,FALSE,34017,3841,Michie Stadium,349,Army,fbs,FBS Independents,24,0.38251735653771024,1495,1478,103,Boston College,fbs,ACC,27,0.6174826434622898,1298,1315,5.562111154,,NA,NA
401520305,2023,6,regular,2023-10-07T16:00:00.000Z,FALSE,TRUE,FALSE,TRUE,62621,3838,Memorial Stadium,142,Missouri,fbs,SEC,39,0.02157026343980805,1529,1526,99,LSU,fbs,SEC,49,0.9784297365601919,1740,1743,8.2476949994,,NA,NA
401520307,2023,6,regular,2023-10-07T16:00:00.000Z,FALSE,TRUE,FALSE,TRUE,104974,3861,Ohio Stadium,194,Ohio State,fbs,Big Ten,37,0.9963577382247811,2022,2040,120,Maryland,fbs,Big Ten,17,0.003642261775218869,1724,1706,5.7677505997,,NA,NA
401520304,2023,6,regular,2023-10-07T16:00:00.000Z,FALSE,TRUE,FALSE,FALSE,47158,3693,Davis Wade Stadium,344,Mississippi State,fbs,SEC,41,0.8429348635675229,1535,1538,2711,Western Michigan,fbs,Mid-American,28,0.1570651364324771,1249,1246,5.58008562,,NA,NA
401526837,2023,6,regular,2023-10-07T16:00:00.000Z,FALSE,TRUE,FALSE,FALSE,9623,3985,Warren McGuirk Alumni Stadium,113,Massachusetts,fbs,FBS Independents,24,0.034631735356048805,984,993,2649,Toledo,fbs,Mid-American,41,0.9653682646439512,1509,1500,5.3524379261,,NA,NA
401532415,2023,6,regular,2023-10-07T18:00:00.000Z,FALSE,TRUE,FALSE,TRUE,12093,3965,UB Stadium,2084,Buffalo,fbs,Mid-American,37,0.9961724451435247,1329,1391,2117,Central Michigan,fbs,Mid-American,13,0.003827554856475346,1344,1282,4.1570138718,,NA,NA
401531389,2023,6,regular,2023-10-07T18:00:00.000Z,FALSE,TRUE,FALSE,TRUE,18388,3806,Lincoln Financial Field,218,Temple,fbs,American Athletic,34,0.172901697191734,1102,1106,2636,UTSA,fbs,American Athletic,49,0.827098302808266,1522,1518,4.6367469769,,NA,NA
401525521,2023,6,regular,2023-10-07T18:00:00.000Z,FALSE,TRUE,FALSE,FALSE,56919,3670,Carter-Finley Stadium,152,NC State,fbs,ACC,48,0.8149256941643266,1525,1537,276,Marshall,fbs,Sun Belt,41,0.18507430583567341,1575,1563,8.326153411,,NA,NA
401520306,2023,6,regular,2023-10-07T19:00:00.000Z,FALSE,TRUE,FALSE,FALSE,22160,3911,Ryan Field,77,Northwestern,fbs,Big Ten,23,0.7463191796176718,1311,1311,47,Howard,fcs,MEAC,20,0.2536808203823282,NA,NA,4.8013980247,,NA,NA
401524028,2023,6,regular,2023-10-07T19:00:00.000Z,FALSE,TRUE,FALSE,TRUE,35437,1056,Rose Bowl,26,UCLA,fbs,Pac-12,25,0.9702969595689893,1678,1687,265,Washington State,fbs,Pac-12,17,0.029703040431010685,1624,1615,8.208604931,,NA,NA
401532414,2023,6,regular,2023-10-07T19:30:00.000Z,FALSE,TRUE,FALSE,TRUE,18696,3912,Rynearson Stadium,2199,Eastern Michigan,fbs,Mid-American,24,0.933239769426847,1363,1373,2050,Ball State,fbs,Mid-American,10,0.06676023057315295,1147,1137,6.8690175862,,NA,NA
401531884,2023,6,regular,2023-10-07T19:30:00.000Z,FALSE,TRUE,FALSE,TRUE,15053,3666,Cajun Field,309,Louisiana,fbs,Sun Belt,34,0.9230621136251942,1544,1542,326,Texas State,fbs,Sun Belt,30,0.07693788637480581,1383,1385,6.6658100036,,NA,NA
401520302,2023,6,regular,2023-10-07T19:30:00.000Z,FALSE,TRUE,FALSE,TRUE,69250,3793,Kinnick Stadium,2294,Iowa,fbs,Big Ten,20,0.8297971333712116,1644,1645,2509,Purdue,fbs,Big Ten,14,0.17020286662878836,1516,1515,6.0025751447,,NA,NA
401525517,2023,6,regular,2023-10-07T19:30:00.000Z,FALSE,TRUE,FALSE,TRUE,80810,3836,"Memorial Stadium (Clemson, SC)",228,Clemson,fbs,ACC,17,0.9849697310533472,1748,1745,154,Wake Forest,fbs,ACC,12,0.015030268946652825,1545,1548,5.7656651286,,NA,NA
401520310,2023,6,regular,2023-10-07T19:30:00.000Z,FALSE,TRUE,FALSE,TRUE,108101,3795,Kyle Field,245,Texas A&M,fbs,SEC,20,0.22652419565262416,1733,1739,333,Alabama,fbs,SEC,26,0.7734758043473758,1975,1969,6.1727415771,,NA,NA
401532418,2023,6,regular,2023-10-07T19:30:00.000Z,FALSE,TRUE,FALSE,TRUE,8216,3768,InfoCision Stadium,2006,Akron,fbs,Mid-American,14,4.3915666085561416e-4,1228,1107,2459,Northern Illinois,fbs,Mid-American,55,0.9995608433391444,1252,1373,2.8304683653,,NA,NA
401532417,2023,6,regular,2023-10-07T19:30:00.000Z,FALSE,TRUE,FALSE,TRUE,22945,3876,Peden Stadium,195,Ohio,fbs,Mid-American,42,0.9959569002713606,1542,1563,2309,Kent State,fbs,Mid-American,17,0.0040430997286393655,1150,1129,4.9510348665,,NA,NA
401532416,2023,6,regular,2023-10-07T19:30:00.000Z,FALSE,TRUE,FALSE,TRUE,19047,3996,Yager Stadium,193,Miami (OH),fbs,Mid-American,27,0.9983321266756386,1392,1444,189,Bowling Green,fbs,Mid-American,0,0.0016678733243613575,1237,1185,3.8571927816,,NA,NA
401531433,2023,6,regular,2023-10-07T19:30:00.000Z,FALSE,TRUE,FALSE,TRUE,28648,3852,Navy-Marine Corps Memorial Stadium,2426,Navy,fbs,American Athletic,27,0.9513914656045936,1347,1348,249,North Texas,fbs,American Athletic,24,0.048608534395406355,1328,1327,7.297952339,,NA,NA
401525518,2023,6,regular,2023-10-07T19:30:00.000Z,FALSE,TRUE,FALSE,TRUE,79560,3697,Doak Campbell Stadium,52,Florida State,fbs,ACC,39,0.9954914001820315,1871,1880,259,Virginia Tech,fbs,ACC,17,0.004508599817968473,1424,1415,3.5345519174,,NA,NA
401525520,2023,6,regular,2023-10-07T19:30:00.000Z,FALSE,TRUE,FALSE,TRUE,50500,3787,Kenan Stadium,153,North Carolina,fbs,ACC,40,0.9935174842054828,1671,1752,183,Syracuse,fbs,ACC,7,0.006482515794517196,1593,1512,3.141155532,,NA,NA
401525860,2023,6,regular,2023-10-07T20:00:00.000Z,FALSE,TRUE,FALSE,TRUE,46107,3833,Memorial Stadium,2305,Kansas,fbs,Big 12,51,0.9987937492329712,1458,1559,2116,UCF,fbs,Big 12,22,0.0012062507670288491,1641,1540,2.8346021086,,NA,NA
401531887,2023,6,regular,2023-10-07T20:00:00.000Z,FALSE,TRUE,FALSE,TRUE,26957,3975,Veterans Memorial Stadium (AL),2653,Troy,fbs,Sun Belt,37,0.9973752889713352,1563,1604,2032,Arkansas State,fbs,Sun Belt,3,0.0026247110286647946,1118,1077,3.4147162329,,NA,NA
401531380,2023,6,regular,2023-10-07T20:00:00.000Z,FALSE,TRUE,FALSE,TRUE,23792,7221,Protective Stadium,5,UAB,fbs,American Athletic,56,0.9984768845971851,1414,1456,58,South Florida,fbs,American Athletic,35,0.0015231154028149119,1339,1297,3.7587418596,,NA,NA
401520299,2023,6,regular,2023-10-07T20:00:00.000Z,FALSE,TRUE,FALSE,TRUE,89432,3634,Ben Hill Griffin Stadium,57,Florida,fbs,SEC,38,0.9977310183420081,1565,1595,238,Vanderbilt,fbs,SEC,14,0.002268981657991942,1289,1259,4.3697434472,,NA,NA
401520309,2023,6,regular,2023-10-07T21:00:00.000Z,FALSE,TRUE,FALSE,FALSE,21207,3895,Rice Stadium,242,Rice,fbs,American Athletic,31,0.1523781943146398,1204,1189,41,UConn,fbs,FBS Independents,38,0.8476218056853602,1177,1192,5.2245838337,,NA,NA
401531340,2023,6,regular,2023-10-07T22:00:00.000Z,FALSE,TRUE,FALSE,TRUE,21077,3715,FAU Stadium,2226,Florida Atlantic,fbs,American Athletic,20,0.19770419264210037,1356,1357,202,Tulsa,fbs,American Athletic,17,0.8022958073578996,1331,1330,7.4637850298,,NA,NA
401524026,2023,6,regular,2023-10-07T22:30:00.000Z,FALSE,TRUE,FALSE,TRUE,54086,3947,Mountain America Stadium,9,Arizona State,fbs,Pac-12,24,0.30835327136265317,1405,1393,38,Colorado,fbs,Pac-12,27,0.6916467286373469,1281,1293,8.042389863,,NA,NA
401531885,2023,6,regular,2023-10-07T23:00:00.000Z,FALSE,TRUE,FALSE,TRUE,12099,3817,Malone Stadium,2433,UL Monroe,fbs,Sun Belt,7,0.0012109033945507163,1189,1087,6,South Alabama,fbs,Sun Belt,55,0.9987890966054492,1511,1613,1.3778435882,,NA,NA
401520300,2023,6,regular,2023-10-07T23:00:00.000Z,FALSE,TRUE,FALSE,TRUE,92746,3917,Sanford Stadium,61,Georgia,fbs,SEC,51,0.998939750695582,2037,2103,96,Kentucky,fbs,SEC,13,0.0010602493044179484,1711,1645,2.4463233867,,NA,NA
401531886,2023,6,regular,2023-10-07T23:00:00.000Z,FALSE,TRUE,FALSE,TRUE,23011,3815,M. M. Roberts Stadium,2572,Southern Miss,fbs,Sun Belt,13,0.7562815009318464,1215,1218,295,Old Dominion,fbs,Sun Belt,17,0.24371849906815357,1369,1366,6.3294013886,,NA,NA
401520308,2023,6,regular,2023-10-07T23:30:00.000Z,FALSE,TRUE,FALSE,TRUE,65748,3974,Vaught-Hemingway Stadium,145,Ole Miss,fbs,SEC,27,0.7802857939582456,1679,1685,8,Arkansas,fbs,SEC,20,0.2197142060417544,1610,1604,8.5068989251,,NA,NA
401520303,2023,6,regular,2023-10-07T23:30:00.000Z,FALSE,TRUE,FALSE,TRUE,52179,3953,Huntington Bank Stadium,135,Minnesota,fbs,Big Ten,10,3.8818725686502444e-4,1649,1571,130,Michigan,fbs,Big Ten,52,0.9996118127431349,2004,2082,2.6349960001,,NA,NA
401525439,2023,6,regular,2023-10-07T23:37:00.000Z,FALSE,TRUE,FALSE,FALSE,59081,3873,L&N Federal Credit Union Stadium,97,Louisville,fbs,ACC,33,0.9874305420996684,1677,1718,87,Notre Dame,fbs,FBS Independents,20,0.012569457900331593,1856,1815,6.3124246137,,NA,NA
401525519,2023,6,regular,2023-10-08T00:00:00.000Z,FALSE,TRUE,FALSE,TRUE,58045,3948,Hard Rock Stadium,2390,Miami,fbs,ACC,20,0.8858016312373579,1584,1564,59,Georgia Tech,fbs,ACC,23,0.11419836876264211,1349,1369,8.0697232186,,NA,NA
401532592,2023,6,regular,2023-10-08T00:00:00.000Z,FALSE,TRUE,FALSE,TRUE,37491,3653,Albertsons Stadium,68,Boise State,fbs,Mountain West,35,0.9904839444301113,1541,1541,23,San José State,fbs,Mountain West,27,0.00951605556988866,1348,1348,5.9833993765,,NA,NA
401532591,2023,6,regular,2023-10-08T00:00:00.000Z,FALSE,TRUE,FALSE,TRUE,20788,3984,War Memorial Stadium,2751,Wyoming,fbs,Mountain West,24,0.9363697287412424,1401,1423,278,Fresno State,fbs,Mountain West,19,0.06363027125875764,1777,1755,4.2532075944,,NA,NA
401525858,2023,6,regular,2023-10-08T00:00:00.000Z,FALSE,TRUE,FALSE,TRUE,44620,4727,McLane Stadium,239,Baylor,fbs,Big 12,14,0.006120189989090785,1514,1459,2641,Texas Tech,fbs,Big 12,39,0.9938798100109092,1613,1668,3.7109146884,,NA,NA
401532590,2023,6,regular,2023-10-08T00:00:00.000Z,FALSE,TRUE,FALSE,TRUE,22864,3905,Maverik Stadium,328,Utah State,fbs,Mountain West,44,0.9974886481962261,1376,1415,36,Colorado State,fbs,Mountain West,24,0.0025113518037739313,1299,1260,5.9302858235,,NA,NA
401525859,2023,6,regular,2023-10-08T00:00:00.000Z,FALSE,TRUE,FALSE,TRUE,60535,3772,Jack Trice Stadium,66,Iowa State,fbs,Big 12,27,0.7824584824345809,1499,1540,2628,TCU,fbs,Big 12,14,0.21754151756541906,1673,1632,7.1026749604,,NA,NA
401524027,2023,6,regular,2023-10-08T02:00:00.000Z,FALSE,TRUE,FALSE,TRUE,34930,3831,California Memorial Stadium,25,California,fbs,Pac-12,40,0.17273374896723873,1518,1514,204,Oregon State,fbs,Pac-12,52,0.8272662510327613,1770,1774,3.8979472717,,NA,NA
401524025,2023,6,regular,2023-10-08T02:30:00.000Z,FALSE,TRUE,FALSE,TRUE,62916,477,Los Angeles Memorial Coliseum,30,USC,fbs,Pac-12,43,0.27776680028978923,1850,1845,12,Arizona,fbs,Pac-12,41,0.7222331997102107,1466,1471,7.7730644645,,NA,NA
401520313,2023,7,regular,2023-10-10T23:00:00.000Z,FALSE,TRUE,FALSE,TRUE,9602,3725,"Johnny ""Red"" Floyd Stadium",2393,Middle Tennessee,fbs,Conference USA,31,0.8492098245200993,1275,1285,2348,Louisiana Tech,fbs,Conference USA,23,0.1507901754799007,1251,1241,5.7558990493,,NA,NA
401531888,2023,7,regular,2023-10-10T23:30:00.000Z,FALSE,TRUE,FALSE,TRUE,34252,3792,Kidd Brewer Stadium,2026,App State,fbs,Sun Belt,24,0.04825505659978202,1558,1543,324,Coastal Carolina,fbs,Sun Belt,27,0.951744943400218,1396,1411,7.1580268299,,NA,NA
401520312,2023,7,regular,2023-10-10T23:30:00.000Z,FALSE,TRUE,FALSE,TRUE,21745,3662,AmFirst Stadium,55,Jacksonville State,fbs,Conference USA,13,0.027111281091959673,1524,1485,2335,Liberty,fbs,Conference USA,31,0.9728887189080403,1572,1611,5.4126583182,,NA,NA
401520314,2023,7,regular,2023-10-11T23:30:00.000Z,FALSE,TRUE,FALSE,TRUE,14872,218,FIU Stadium,2229,Florida International,fbs,Conference USA,14,0.004433962403744094,1063,1045,2638,UTEP,fbs,Conference USA,27,0.995566037596256,1178,1196,3.3984393526,,NA,NA
401520315,2023,7,regular,2023-10-12T01:00:00.000Z,FALSE,TRUE,FALSE,TRUE,12812,3601,Aggie Memorial Stadium,166,New Mexico State,fbs,Conference USA,27,0.9661903010231365,1282,1320,2534,Sam Houston,fbs,Conference USA,13,0.03380969897686348,1393,1355,6.6525227952,,NA,NA
401525862,2023,7,regular,2023-10-12T23:00:00.000Z,FALSE,TRUE,FALSE,TRUE,32152,4728,TDECU Stadium,248,Houston,fbs,Big 12,41,0.2065396787476438,1543,1543,277,West Virginia,fbs,Big 12,39,0.7934603212523562,1492,1492,7.7101748881,,NA,NA
401531415,2023,7,regular,2023-10-12T23:30:00.000Z,FALSE,TRUE,FALSE,TRUE,33444,3699,Dowdy-Ficklen Stadium,151,East Carolina,fbs,American Athletic,10,0.07257978269329964,1398,1357,2567,SMU,fbs,American Athletic,31,0.9274202173067003,1511,1552,6.5773707855,,NA,NA
401531371,2023,7,regular,2023-10-13T23:00:00.000Z,FALSE,TRUE,FALSE,TRUE,35609,3805,Simmons Bank Liberty Stadium,235,Memphis,fbs,American Athletic,21,0.11386977319903477,1559,1545,2655,Tulane,fbs,American Athletic,31,0.8861302268009652,1636,1650,5.5736429991,,NA,NA
401532594,2023,7,regular,2023-10-14T00:00:00.000Z,FALSE,TRUE,FALSE,TRUE,17220,3905,Maverik Stadium,328,Utah State,fbs,Mountain West,32,0.8948617827968085,1415,1429,278,Fresno State,fbs,Mountain West,37,0.1051382172031915,1755,1741,7.3461071846,,NA,NA
401524029,2023,7,regular,2023-10-14T02:00:00.000Z,FALSE,TRUE,FALSE,TRUE,53154,3726,Folsom Field,38,Colorado,fbs,Pac-12,43,0.6494934630624939,1293,1285,24,Stanford,fbs,Pac-12,46,0.3505065369375061,1237,1245,7.6970198592,,NA,NA
401520316,2023,7,regular,2023-10-14T16:00:00.000Z,FALSE,TRUE,FALSE,TRUE,100077,3657,Bryant-Denny Stadium,333,Alabama,fbs,SEC,24,0.9433117531744127,1969,1966,8,Arkansas,fbs,SEC,21,0.05668824682558726,1604,1607,6.0834716855,,NA,NA
401525863,2023,7,regular,2023-10-14T16:00:00.000Z,FALSE,TRUE,FALSE,TRUE,38193,3854,Nippert Stadium,2132,Cincinnati,fbs,Big 12,10,0.012301841509757442,1577,1522,66,Iowa State,fbs,Big 12,30,0.9876981584902426,1540,1595,3.4853145074,,NA,NA
401520327,2023,7,regular,2023-10-14T16:00:00.000Z,FALSE,TRUE,FALSE,TRUE,28500,3973,FirstBank Stadium,238,Vanderbilt,fbs,SEC,20,0.016700726666349676,1259,1292,61,Georgia,fbs,SEC,37,0.9832992733336503,2103,2070,3.2212046423,,NA,NA
401525524,2023,7,regular,2023-10-14T16:00:00.000Z,FALSE,TRUE,FALSE,TRUE,79560,3697,Doak Campbell Stadium,52,Florida State,fbs,ACC,41,0.8001059178064863,1880,1941,183,Syracuse,fbs,ACC,3,0.19989408219351368,1512,1451,3.7041141573,,NA,NA
401520323,2023,7,regular,2023-10-14T16:00:00.000Z,FALSE,TRUE,FALSE,TRUE,57319,3907,Ross-Ade Stadium,2509,Purdue,fbs,Big Ten,7,6.574856462183612e-4,1515,1482,194,Ohio State,fbs,Big Ten,41,0.9993425143537816,2040,2073,2.4243834727,,NA,NA
401531390,2023,7,regular,2023-10-14T16:00:00.000Z,FALSE,TRUE,FALSE,TRUE,13678,3825,DATCU Stadium,249,North Texas,fbs,American Athletic,45,0.9540874848301508,1327,1384,218,Temple,fbs,American Athletic,14,0.04591251516984918,1106,1049,4.6845121737,,NA,NA
401531890,2023,7,regular,2023-10-14T16:00:00.000Z,FALSE,TRUE,FALSE,TRUE,25097,3651,Bridgeforth Stadium,256,James Madison,fbs,Sun Belt,41,0.9988070457704302,1598,1662,290,Georgia Southern,fbs,Sun Belt,13,0.001192954229569776,1522,1458,3.5412181941,,NA,NA
401532422,2023,7,regular,2023-10-14T16:00:00.000Z,FALSE,TRUE,FALSE,TRUE,18443,3912,Rynearson Stadium,2199,Eastern Michigan,fbs,Mid-American,28,0.7578841491949256,1373,1381,2309,Kent State,fbs,Mid-American,14,0.24211585080507436,1129,1121,7.4363101715,,NA,NA
401520324,2023,7,regular,2023-10-14T16:00:00.000Z,FALSE,TRUE,FALSE,TRUE,52879,6577,SHI Stadium,164,Rutgers,fbs,Big Ten,27,0.6942722180540686,1435,1436,127,Michigan State,fbs,Big Ten,24,0.3057277819459314,1463,1462,5.7464393442,,NA,NA
401520321,2023,7,regular,2023-10-14T16:00:00.000Z,FALSE,TRUE,FALSE,TRUE,110264,3558,Michigan Stadium,130,Michigan,fbs,Big Ten,52,0.9985415498646143,2082,2123,84,Indiana,fbs,Big Ten,7,0.0014584501353857027,1360,1319,3.9419678012,,NA,NA
401531405,2023,7,regular,2023-10-14T18:00:00.000Z,FALSE,TRUE,FALSE,TRUE,15659,4418,Jerry Richardson Stadium,2429,Charlotte,fbs,American Athletic,0,0.17387122796551313,1194,1177,2426,Navy,fbs,American Athletic,14,0.8261287720344869,1348,1365,6.0284816179,,NA,NA
401532419,2023,7,regular,2023-10-14T18:00:00.000Z,FALSE,TRUE,FALSE,TRUE,7673,3919,Scheumann Stadium,2050,Ball State,fbs,Mid-American,6,0.07026349654914335,1137,1150,2649,Toledo,fbs,Mid-American,13,0.9297365034508567,1500,1487,7.4563920795,,NA,NA
401524033,2023,7,regular,2023-10-14T19:00:00.000Z,FALSE,TRUE,FALSE,TRUE,52115,587,Rice-Eccles Stadium,254,Utah,fbs,Pac-12,34,0.9964669427848232,1752,1775,25,California,fbs,Pac-12,14,0.003533057215176827,1514,1491,4.8331919895,,NA,NA
401520317,2023,7,regular,2023-10-14T19:30:00.000Z,FALSE,TRUE,FALSE,FALSE,27829,3841,Michie Stadium,349,Army,fbs,FBS Independents,0,0.14080752047136225,1478,1444,2653,Troy,fbs,Sun Belt,19,0.8591924795286378,1604,1638,3.2681378171,,NA,NA
401532423,2023,7,regular,2023-10-14T19:30:00.000Z,FALSE,TRUE,FALSE,TRUE,20039,3980,Waldo Stadium,2711,Western Michigan,fbs,Mid-American,21,0.2608110677864076,1246,1235,193,Miami (OH),fbs,Mid-American,34,0.7391889322135924,1444,1455,4.1075850053,,NA,NA
401531420,2023,7,regular,2023-10-14T19:30:00.000Z,FALSE,TRUE,FALSE,TRUE,NA,3886,Raymond James Stadium,58,South Florida,fbs,American Athletic,14,0.003339378556483266,1297,1178,2226,Florida Atlantic,fbs,American Athletic,56,0.9966606214435167,1357,1476,3.5770824317,,NA,NA
401532420,2023,7,regular,2023-10-14T19:30:00.000Z,FALSE,TRUE,FALSE,TRUE,17886,3786,Kelly/Shorts Stadium,2117,Central Michigan,fbs,Mid-American,17,0.9543401357088489,1282,1282,2006,Akron,fbs,Mid-American,10,0.0456598642911511,1107,1107,7.7552391581,,NA,NA
401520326,2023,7,regular,2023-10-14T19:30:00.000Z,FALSE,TRUE,FALSE,TRUE,101915,3853,Neyland Stadium,2633,Tennessee,fbs,SEC,20,0.851883910963952,1901,1902,245,Texas A&M,fbs,SEC,13,0.148116089036048,1739,1738,8.8686047483,,NA,NA
401520322,2023,7,regular,2023-10-14T19:30:00.000Z,FALSE,TRUE,FALSE,FALSE,105533,3632,Beaver Stadium,213,Penn State,fbs,Big Ten,63,0.9989704198027543,1943,2010,113,Massachusetts,fbs,FBS Independents,0,0.0010295801972457497,993,926,2.9596551253,,NA,NA
401524034,2023,7,regular,2023-10-14T19:30:00.000Z,FALSE,TRUE,FALSE,TRUE,71321,3765,Husky Stadium,264,Washington,fbs,Pac-12,36,0.5932659660476324,1900,1900,2483,Oregon,fbs,Pac-12,33,0.4067340339523676,1823,1823,7.5022212566,,NA,NA
401525865,2023,7,regular,2023-10-14T19:30:00.000Z,FALSE,TRUE,FALSE,TRUE,44599,3616,Amon G. Carter Stadium,2628,TCU,fbs,Big 12,44,0.9983207689115514,1632,1713,252,BYU,fbs,Big 12,11,0.001679231088448585,1552,1471,2.9544204466,,NA,NA
401525864,2023,7,regular,2023-10-14T19:30:00.000Z,FALSE,TRUE,FALSE,TRUE,53855,3646,Boone Pickens Stadium,197,Oklahoma State,fbs,Big 12,39,0.3151255879432248,1497,1510,2305,Kansas,fbs,Big 12,32,0.6848744120567751,1559,1546,7.5294352471,,NA,NA
401520325,2023,7,regular,2023-10-14T19:30:00.000Z,FALSE,TRUE,FALSE,TRUE,79247,3994,Williams-Brice Stadium,2579,South Carolina,fbs,SEC,39,0.889252109846001,1549,1549,57,Florida,fbs,SEC,41,0.110747890153999,1595,1595,7.0255418411,,NA,NA
401525527,2023,7,regular,2023-10-14T19:30:00.000Z,FALSE,TRUE,FALSE,TRUE,65632,3799,Lane Stadium,259,Virginia Tech,fbs,ACC,30,0.998433378206966,1415,1466,154,Wake Forest,fbs,ACC,13,0.0015666217930340176,1548,1497,5.9826447631,,NA,NA
401532421,2023,7,regular,2023-10-14T19:30:00.000Z,FALSE,TRUE,FALSE,TRUE,15196,3965,UB Stadium,2084,Buffalo,fbs,Mid-American,14,0.04088236513491428,1391,1351,189,Bowling Green,fbs,Mid-American,24,0.9591176348650857,1185,1225,3.806573249,,NA,NA
401520320,2023,7,regular,2023-10-14T19:30:00.000Z,FALSE,TRUE,FALSE,TRUE,35580,3665,SECU Stadium,120,Maryland,fbs,Big Ten,24,0.6468295108349685,1706,1687,356,Illinois,fbs,Big Ten,27,0.35317048916503146,1479,1498,7.4968335487,,NA,NA
401532424,2023,7,regular,2023-10-14T20:00:00.000Z,FALSE,TRUE,FALSE,TRUE,11143,3764,Huskie Stadium,2459,Northern Illinois,fbs,Mid-American,23,0.7679600618564666,1373,1405,195,Ohio,fbs,Mid-American,13,0.2320399381435334,1563,1531,6.2288825807,,NA,NA
401520328,2023,7,regular,2023-10-14T20:00:00.000Z,FALSE,TRUE,FALSE,TRUE,76205,347,Camp Randall Stadium,275,Wisconsin,fbs,Big Ten,6,0.05475842796027008,1706,1683,2294,Iowa,fbs,Big Ten,15,0.9452415720397299,1645,1668,6.7646520202,,NA,NA
401532597,2023,7,regular,2023-10-14T21:00:00.000Z,FALSE,TRUE,FALSE,TRUE,24578,3816,Mackay Stadium,2440,Nevada,fbs,Mountain West,27,0.10890481644376643,1224,1199,2439,UNLV,fbs,Mountain West,45,0.8910951835562335,1407,1432,3.1327421377,,NA,NA
401532596,2023,7,regular,2023-10-14T22:00:00.000Z,FALSE,TRUE,FALSE,TRUE,13027,3971,University Stadium (NM),167,New Mexico,fbs,Mountain West,24,0.09779066731800105,1113,1065,23,San José State,fbs,Mountain West,52,0.902209332681999,1348,1396,4.1777457583,,NA,NA
401525525,2023,7,regular,2023-10-14T22:30:00.000Z,FALSE,TRUE,FALSE,TRUE,46296,3752,Acrisure Stadium,221,Pittsburgh,fbs,ACC,38,0.9562689901870131,1488,1549,97,Louisville,fbs,ACC,21,0.04373100981298694,1718,1657,7.1959973121,,NA,NA
401531889,2023,7,regular,2023-10-14T23:00:00.000Z,FALSE,TRUE,FALSE,TRUE,NA,4246,Center Parc Stadium,2247,Georgia State,fbs,Sun Belt,41,0.857083907356821,1487,1532,276,Marshall,fbs,Sun Belt,24,0.14291609264317895,1563,1518,7.1291530019,,NA,NA
401524030,2023,7,regular,2023-10-14T23:00:00.000Z,FALSE,TRUE,FALSE,TRUE,26155,3820,Gesa Field,265,Washington State,fbs,Pac-12,6,0.06607097860011424,1615,1480,12,Arizona,fbs,Pac-12,44,0.9339290213998858,1471,1606,3.0910354165,,NA,NA
401525866,2023,7,regular,2023-10-14T23:00:00.000Z,FALSE,TRUE,FALSE,TRUE,56200,3784,Jones AT&T Stadium,2641,Texas Tech,fbs,Big 12,21,0.04252474774253615,1668,1637,2306,Kansas State,fbs,Big 12,38,0.9574752522574639,1769,1800,5.4900438422,,NA,NA
401532598,2023,7,regular,2023-10-14T23:00:00.000Z,FALSE,TRUE,FALSE,TRUE,28311,3713,Falcon Stadium,2005,Air Force,fbs,Mountain West,34,0.6728029877455144,1797,1787,2751,Wyoming,fbs,Mountain West,27,0.3271970122544856,1423,1433,5.508663505,,NA,NA
401531891,2023,7,regular,2023-10-14T23:00:00.000Z,FALSE,TRUE,FALSE,TRUE,27537,3644,Bobcat Stadium (TX),326,Texas State,fbs,Sun Belt,21,0.6667410965692432,1385,1376,2433,UL Monroe,fbs,Sun Belt,20,0.3332589034307568,1087,1096,7.0502985415,,NA,NA
401520319,2023,7,regular,2023-10-14T23:00:00.000Z,FALSE,TRUE,FALSE,TRUE,102321,3958,Tiger Stadium (LA),99,LSU,fbs,SEC,48,0.9983846615102641,1743,1809,2,Auburn,fbs,SEC,18,0.0016153384897359402,1625,1559,3.7256949998,,NA,NA
401524031,2023,7,regular,2023-10-14T23:30:00.000Z,FALSE,TRUE,FALSE,FALSE,77622,3855,Notre Dame Stadium,87,Notre Dame,fbs,FBS Independents,48,0.8541080546225404,1815,1892,30,USC,fbs,Pac-12,20,0.14589194537745964,1845,1768,4.0638147552,,NA,NA
401525526,2023,7,regular,2023-10-14T23:30:00.000Z,FALSE,TRUE,FALSE,TRUE,50500,3787,Kenan Stadium,153,North Carolina,fbs,ACC,41,0.4905420753892407,1752,1756,2390,Miami,fbs,ACC,31,0.5094579246107593,1564,1560,6.5649192615,,NA,NA
401520318,2023,7,regular,2023-10-14T23:30:00.000Z,FALSE,TRUE,FALSE,TRUE,61654,3683,Kroger Field,96,Kentucky,fbs,SEC,21,0.02849922257149517,1645,1591,142,Missouri,fbs,SEC,38,0.9715007774285048,1526,1580,5.3889907153,,NA,NA
401525523,2023,7,regular,2023-10-15T00:00:00.000Z,FALSE,TRUE,FALSE,TRUE,31833,3982,Wallace Wade Stadium,150,Duke,fbs,ACC,24,0.9721053038903946,1676,1711,152,NC State,fbs,ACC,3,0.027894696109605377,1537,1502,3.9268203457,,NA,NA
401524032,2023,7,regular,2023-10-15T00:00:00.000Z,FALSE,TRUE,FALSE,TRUE,37600,3893,Reser Stadium,204,Oregon State,fbs,Pac-12,36,0.9909008872866824,1774,1790,26,UCLA,fbs,Pac-12,24,0.009099112713317647,1687,1671,4.600109052,,NA,NA
401531381,2023,7,regular,2023-10-15T00:00:00.000Z,FALSE,TRUE,FALSE,TRUE,23808,3604,Alamodome,2636,UTSA,fbs,American Athletic,41,0.5906711680040344,1518,1561,5,UAB,fbs,American Athletic,20,0.4093288319959656,1456,1413,5.2615939079,,NA,NA
401532593,2023,7,regular,2023-10-15T01:45:00.000Z,FALSE,TRUE,FALSE,TRUE,34901,5388,Canvas Stadium,36,Colorado State,fbs,Mountain West,31,0.08530253176551796,1260,1268,68,Boise State,fbs,Mountain West,30,0.9146974682344821,1541,1533,4.9430309459,,NA,NA
401532595,2023,7,regular,2023-10-15T03:00:00.000Z,FALSE,TRUE,FALSE,TRUE,10039,7220,Clarence T.C. Ching Athletics Complex,62,Hawai'i,fbs,Mountain West,34,0.12018260816036112,1113,1118,21,San Diego State,fbs,Mountain West,41,0.8798173918396389,1361,1356,6.8730364219,,NA,NA
401520330,2023,8,regular,2023-10-17T23:00:00.000Z,FALSE,TRUE,FALSE,TRUE,16354,3992,Williams Stadium (VA),2335,Liberty,fbs,Conference USA,42,0.9973381578847501,1611,1603,2393,Middle Tennessee,fbs,Conference USA,35,0.0026618421152498906,1285,1293,8.5015318093,,NA,NA
401520329,2023,8,regular,2023-10-17T23:30:00.000Z,FALSE,TRUE,FALSE,TRUE,17977,3662,AmFirst Stadium,55,Jacksonville State,fbs,Conference USA,20,0.9749471270563339,1485,1487,98,Western Kentucky,fbs,Conference USA,17,0.025052872943666094,1529,1527,8.3579881188,,NA,NA
401531892,2023,8,regular,2023-10-17T23:30:00.000Z,FALSE,TRUE,FALSE,TRUE,23478,6526,Hancock Whitney Stadium,6,South Alabama,fbs,Sun Belt,55,0.9989714274924731,1613,1716,2572,Southern Miss,fbs,Sun Belt,3,0.0010285725075268592,1218,1115,3.4169986785,,NA,NA
401520331,2023,8,regular,2023-10-18T23:00:00.000Z,FALSE,TRUE,FALSE,TRUE,7543,3647,Elliott T. Bowers Stadium,2534,Sam Houston,fbs,Conference USA,27,0.7728775759480829,1355,1319,2229,Florida International,fbs,Conference USA,33,0.22712242405191707,1045,1081,9.1164976359,,NA,NA
401520332,2023,8,regular,2023-10-19T01:00:00.000Z,FALSE,TRUE,FALSE,TRUE,19727,3946,Sun Bowl,2638,UTEP,fbs,Conference USA,7,0.005986737582028116,1196,1156,166,New Mexico State,fbs,Conference USA,28,0.9940132624179718,1320,1360,4.0302824527,,NA,NA
401531341,2023,8,regular,2023-10-19T23:00:00.000Z,FALSE,TRUE,FALSE,TRUE,18527,3674,Chapman Stadium,202,Tulsa,fbs,American Athletic,10,0.3159904767510828,1330,1219,242,Rice,fbs,American Athletic,42,0.6840095232489172,1189,1300,3.3747515062,,NA,NA
401531893,2023,8,regular,2023-10-19T23:00:00.000Z,FALSE,TRUE,FALSE,TRUE,22109,3775,Joan C. Edwards Stadium,276,Marshall,fbs,Sun Belt,9,0.002524816628825739,1518,1507,256,James Madison,fbs,Sun Belt,20,0.9974751833711742,1662,1673,5.7905861584,,NA,NA
401531391,2023,8,regular,2023-10-20T23:00:00.000Z,FALSE,TRUE,FALSE,TRUE,11232,3806,Lincoln Financial Field,218,Temple,fbs,American Athletic,0,3.33929121872933e-4,1049,948,2567,SMU,fbs,American Athletic,55,0.9996660708781271,1552,1653,2.0279191989,,NA,NA
401520343,2023,8,regular,2023-10-21T16:00:00.000Z,FALSE,TRUE,FALSE,TRUE,105506,3861,Ohio Stadium,194,Ohio State,fbs,Big Ten,20,0.9684520060890901,2073,2081,213,Penn State,fbs,Big Ten,12,0.0315479939109099,2010,2002,6.4696262941,,NA,NA
401525528,2023,8,regular,2023-10-21T16:00:00.000Z,FALSE,TRUE,FALSE,TRUE,35656,721,Bobby Dodd Stadium,59,Georgia Tech,fbs,ACC,23,0.09952651107721668,1369,1328,103,Boston College,fbs,ACC,38,0.9004734889227833,1315,1356,6.1802090635,,NA,NA
401531434,2023,8,regular,2023-10-21T16:00:00.000Z,FALSE,TRUE,FALSE,FALSE,38803,3852,Navy-Marine Corps Memorial Stadium,2426,Navy,fbs,American Athletic,6,0.002082532563135878,1365,1376,2005,Air Force,fbs,Mountain West,17,0.9979174674368642,1787,1776,3.8669889088,,NA,NA
401531382,2023,8,regular,2023-10-21T16:00:00.000Z,FALSE,TRUE,FALSE,TRUE,20269,7221,Protective Stadium,5,UAB,fbs,American Athletic,21,0.13321735250512756,1413,1365,235,Memphis,fbs,American Athletic,45,0.8667826474948724,1545,1593,3.8547297603,,NA,NA
401532428,2023,8,regular,2023-10-21T16:00:00.000Z,FALSE,TRUE,FALSE,TRUE,16048,3876,Peden Stadium,195,Ohio,fbs,Mid-American,20,0.9676654868364752,1531,1528,2711,Western Michigan,fbs,Mid-American,17,0.03233451316352476,1235,1238,7.0862709735,,NA,NA
401520334,2023,8,regular,2023-10-21T16:00:00.000Z,FALSE,TRUE,FALSE,TRUE,71505,3887,Razorback Stadium,8,Arkansas,fbs,SEC,3,0.02002357900173437,1607,1596,344,Mississippi State,fbs,SEC,7,0.9799764209982657,1538,1549,6.9555321923,,NA,NA
401520337,2023,8,regular,2023-10-21T16:00:00.000Z,FALSE,TRUE,FALSE,TRUE,NA,3830,"Memorial Stadium (Bloomington, IN)",84,Indiana,fbs,Big Ten,14,0.008205696569773005,1319,1290,164,Rutgers,fbs,Big Ten,31,0.991794303430227,1436,1465,3.8906271147,,NA,NA
401525868,2023,8,regular,2023-10-21T16:00:00.000Z,FALSE,TRUE,FALSE,TRUE,38193,3854,Nippert Stadium,2132,Cincinnati,fbs,Big 12,29,0.9143934850338465,1522,1514,239,Baylor,fbs,Big 12,32,0.08560651496615346,1459,1467,9.1878023596,,NA,NA
401525871,2023,8,regular,2023-10-21T16:00:00.000Z,FALSE,TRUE,FALSE,TRUE,83476,3835,"Memorial Stadium (Norman, OK)",201,Oklahoma,fbs,Big 12,31,0.3554399315561076,1939,1934,2116,UCF,fbs,Big 12,29,0.6445600684438924,1540,1545,9.9265592999,,NA,NA
401531894,2023,8,regular,2023-10-21T18:00:00.000Z,FALSE,TRUE,FALSE,TRUE,21068,3608,Allen E. Paulson Stadium,290,Georgia Southern,fbs,Sun Belt,38,0.9633735755968362,1458,1451,2433,UL Monroe,fbs,Sun Belt,28,0.03662642440316377,1096,1103,6.0073961573,,NA,NA
401531406,2023,8,regular,2023-10-21T18:00:00.000Z,FALSE,TRUE,FALSE,TRUE,39842,3699,Dowdy-Ficklen Stadium,151,East Carolina,fbs,American Athletic,7,5.599468938927673e-4,1357,1341,2429,Charlotte,fbs,American Athletic,10,0.9994400531061073,1177,1193,5.5486138167,,NA,NA
401532429,2023,8,regular,2023-10-21T18:00:00.000Z,FALSE,TRUE,FALSE,TRUE,10068,3700,Doyt L. Perry Stadium,189,Bowling Green,fbs,Mid-American,41,0.9808349888880844,1225,1281,2006,Akron,fbs,Mid-American,14,0.019165011111915597,1107,1051,5.0504381474,,NA,NA
401525872,2023,8,regular,2023-10-21T19:30:00.000Z,FALSE,TRUE,FALSE,TRUE,51870,3842,Milan Puskar Stadium,277,West Virginia,fbs,Big 12,34,0.27679318478018666,1492,1462,197,Oklahoma State,fbs,Big 12,48,0.7232068152198133,1510,1540,8.3735121412,,NA,NA
401520338,2023,8,regular,2023-10-21T19:30:00.000Z,FALSE,TRUE,FALSE,TRUE,69250,3793,Kinnick Stadium,2294,Iowa,fbs,Big Ten,10,0.08673582273615524,1668,1660,135,Minnesota,fbs,Big Ten,12,0.9132641772638448,1571,1579,9.0122825793,,NA,NA
401520333,2023,8,regular,2023-10-21T19:30:00.000Z,FALSE,TRUE,FALSE,TRUE,100077,3657,Bryant-Denny Stadium,333,Alabama,fbs,SEC,34,0.9222522399569928,1966,1989,2633,Tennessee,fbs,SEC,20,0.07774776004300721,1902,1879,5.8723324465,,NA,NA
401532426,2023,8,regular,2023-10-21T19:30:00.000Z,FALSE,TRUE,FALSE,TRUE,9458,3764,Huskie Stadium,2459,Northern Illinois,fbs,Mid-American,20,0.46125717140232336,1405,1413,2199,Eastern Michigan,fbs,Mid-American,13,0.5387428285976766,1381,1373,8.5111190076,,NA,NA
401532430,2023,8,regular,2023-10-21T19:30:00.000Z,FALSE,TRUE,FALSE,TRUE,11735,3696,Dix Stadium,2309,Kent State,fbs,Mid-American,6,0.004131279693818618,1121,1101,2084,Buffalo,fbs,Mid-American,24,0.9958687203061813,1351,1371,4.2696026698,,NA,NA
401520342,2023,8,regular,2023-10-21T19:30:00.000Z,FALSE,TRUE,FALSE,TRUE,86769,3834,"Memorial Stadium (Lincoln, NE)",158,Nebraska,fbs,Big Ten,17,0.960290752622201,1470,1474,77,Northwestern,fbs,Big Ten,9,0.03970924737779902,1345,1341,7.1543823323,,NA,NA
401520344,2023,8,regular,2023-10-21T19:30:00.000Z,FALSE,TRUE,FALSE,FALSE,21704,3892,Pratt & Whitney Stadium,41,UConn,fbs,FBS Independents,21,0.442122378530048,1192,1187,58,South Florida,fbs,American Athletic,24,0.557877621469952,1178,1183,9.079517499,,NA,NA
401524035,2023,8,regular,2023-10-21T19:30:00.000Z,FALSE,TRUE,FALSE,TRUE,58886,3626,Autzen Stadium,2483,Oregon,fbs,Pac-12,38,0.997597094974102,1823,1824,265,Washington State,fbs,Pac-12,24,0.0024029050258980167,1480,1479,5.0008807219,,NA,NA
401525532,2023,8,regular,2023-10-21T19:30:00.000Z,FALSE,TRUE,FALSE,TRUE,31855,3630,Allegacy Federal Credit Union Stadium,154,Wake Forest,fbs,ACC,21,0.5361051514930277,1497,1502,221,Pittsburgh,fbs,ACC,17,0.46389484850697227,1549,1544,9.6965921512,,NA,NA
401532425,2023,8,regular,2023-10-21T19:30:00.000Z,FALSE,TRUE,FALSE,TRUE,15171,3919,Scheumann Stadium,2050,Ball State,fbs,Mid-American,24,0.9795853880697533,1150,1167,2117,Central Michigan,fbs,Mid-American,17,0.02041461193024674,1282,1265,5.0947825017,,NA,NA
401520341,2023,8,regular,2023-10-21T19:30:00.000Z,FALSE,TRUE,FALSE,TRUE,62621,3838,Memorial Stadium,142,Missouri,fbs,SEC,34,0.9987179077887405,1580,1630,2579,South Carolina,fbs,SEC,12,0.0012820922112595223,1549,1499,3.4010820096,,NA,NA
401520336,2023,8,regular,2023-10-21T19:30:00.000Z,FALSE,TRUE,FALSE,TRUE,54205,3832,"Memorial Stadium (Champaign, IL)",356,Illinois,fbs,Big Ten,21,0.6516709379680299,1498,1503,275,Wisconsin,fbs,Big Ten,25,0.3483290620319701,1683,1678,6.6974115818,,NA,NA
401531372,2023,8,regular,2023-10-21T19:30:00.000Z,FALSE,TRUE,FALSE,TRUE,30000,4729,Yulman Stadium,2655,Tulane,fbs,American Athletic,35,0.9864339713083387,1650,1645,249,North Texas,fbs,American Athletic,28,0.013566028691661347,1384,1389,6.2763799262,,NA,NA
401532427,2023,8,regular,2023-10-21T20:00:00.000Z,FALSE,TRUE,FALSE,TRUE,17321,3996,Yager Stadium,193,Miami (OH),fbs,Mid-American,17,0.03677586193891422,1455,1451,2649,Toledo,fbs,Mid-American,21,0.9632241380610858,1487,1491,5.6163526623,,NA,NA
401525869,2023,8,regular,2023-10-21T20:00:00.000Z,FALSE,TRUE,FALSE,TRUE,42812,4728,TDECU Stadium,248,Houston,fbs,Big 12,24,0.1372724795120414,1543,1556,251,Texas,fbs,Big 12,31,0.8627275204879585,1910,1897,6.2714422348,,NA,NA
401531397,2023,8,regular,2023-10-21T22:00:00.000Z,FALSE,TRUE,FALSE,TRUE,17241,3715,FAU Stadium,2226,Florida Atlantic,fbs,American Athletic,10,7.643430911813183e-4,1476,1416,2636,UTSA,fbs,American Athletic,36,0.9992356569088187,1561,1621,4.0002840584,,NA,NA
401532600,2023,8,regular,2023-10-21T22:00:00.000Z,FALSE,TRUE,FALSE,TRUE,13723,3971,University Stadium (NM),167,New Mexico,fbs,Mountain West,42,0.998840570722126,1065,1121,62,Hawai'i,fbs,Mountain West,21,0.0011594292778740467,1118,1062,3.18350367,,NA,NA
401525531,2023,8,regular,2023-10-21T22:30:00.000Z,FALSE,TRUE,FALSE,TRUE,50500,3787,Kenan Stadium,153,North Carolina,fbs,ACC,27,0.11055531604747319,1756,1717,258,Virginia,fbs,ACC,31,0.8894446839525268,1313,1352,8.4715794918,,NA,NA
401525870,2023,8,regular,2023-10-21T23:00:00.000Z,FALSE,TRUE,FALSE,TRUE,52580,3636,Bill Snyder Family Stadium,2306,Kansas State,fbs,Big 12,41,0.998901570195664,1800,1897,2628,TCU,fbs,Big 12,3,0.001098429804336054,1713,1616,2.7908123833,,NA,NA
401531895,2023,8,regular,2023-10-21T23:00:00.000Z,FALSE,TRUE,FALSE,TRUE,20017,3918,S.B. Ballard Stadium,295,Old Dominion,fbs,Sun Belt,28,0.9016955560819071,1366,1386,2026,App State,fbs,Sun Belt,21,0.0983044439180929,1543,1523,9.3678567408,,NA,NA
401531896,2023,8,regular,2023-10-21T23:00:00.000Z,FALSE,TRUE,FALSE,TRUE,18228,3625,Centennial Bank Stadium,2032,Arkansas State,fbs,Sun Belt,17,0.12742096151708726,1077,1083,324,Coastal Carolina,fbs,Sun Belt,27,0.8725790384829127,1411,1405,4.4353984333,,NA,NA
401532599,2023,8,regular,2023-10-21T23:00:00.000Z,FALSE,TRUE,FALSE,TRUE,22585,6501,Allegiant Stadium,2439,UNLV,fbs,Mountain West,25,0.8919532671311223,1432,1430,36,Colorado State,fbs,Mountain West,23,0.10804673286887767,1268,1270,8.7228526178,,NA,NA
401520335,2023,8,regular,2023-10-21T23:00:00.000Z,FALSE,TRUE,FALSE,TRUE,63523,3785,Jordan-Hare Stadium,2,Auburn,fbs,SEC,21,0.17660168286278777,1559,1555,145,Ole Miss,fbs,SEC,28,0.8233983171372122,1685,1689,6.3395483122,,NA,NA
401525867,2023,8,regular,2023-10-21T23:00:00.000Z,FALSE,TRUE,FALSE,TRUE,63523,3801,LaVell Edwards Stadium,252,BYU,fbs,Big 12,27,0.26824018649514125,1471,1511,2641,Texas Tech,fbs,Big 12,14,0.7317598135048587,1637,1597,6.4450395257,,NA,NA
401532602,2023,8,regular,2023-10-21T23:00:00.000Z,FALSE,TRUE,FALSE,TRUE,15028,3935,CEFCU Stadium,23,San José State,fbs,Mountain West,42,0.9293816967790529,1396,1449,328,Utah State,fbs,Mountain West,21,0.07061830322094709,1429,1376,5.6043879681,,NA,NA
401520339,2023,8,regular,2023-10-21T23:30:00.000Z,FALSE,TRUE,FALSE,FALSE,101776,3958,Tiger Stadium (LA),99,LSU,fbs,SEC,62,0.9989655136437382,1809,1952,349,Army,fbs,FBS Independents,0,0.001034486356261799,1444,1301,2.1717667455,,NA,NA
401520340,2023,8,regular,2023-10-21T23:30:00.000Z,FALSE,TRUE,FALSE,TRUE,74206,3936,Spartan Stadium,127,Michigan State,fbs,Big Ten,0,3.350002445321986e-4,1462,1401,130,Michigan,fbs,Big Ten,49,0.9996649997554679,2123,2184,1.3957856226,,NA,NA
401525530,2023,8,regular,2023-10-21T23:30:00.000Z,FALSE,TRUE,FALSE,TRUE,79560,3697,Doak Campbell Stadium,52,Florida State,fbs,ACC,38,0.9394528299888075,1941,1960,150,Duke,fbs,ACC,20,0.060547170011192475,1711,1692,6.0788455943,,NA,NA
401524037,2023,8,regular,2023-10-22T00:00:00.000Z,FALSE,TRUE,FALSE,TRUE,61551,477,Los Angeles Memorial Coliseum,30,USC,fbs,Pac-12,32,0.0877871427283431,1768,1766,254,Utah,fbs,Pac-12,34,0.9122128572716569,1775,1777,6.675734528,,NA,NA
401525529,2023,8,regular,2023-10-22T00:00:00.000Z,FALSE,TRUE,FALSE,TRUE,48562,3948,Hard Rock Stadium,2390,Miami,fbs,ACC,28,0.8797515785121522,1560,1584,228,Clemson,fbs,ACC,20,0.12024842148784776,1745,1721,6.9621219934,,NA,NA
401531897,2023,8,regular,2023-10-22T00:00:00.000Z,FALSE,TRUE,FALSE,TRUE,20044,3666,Cajun Field,309,Louisiana,fbs,Sun Belt,17,0.06039065205980156,1542,1537,2247,Georgia State,fbs,Sun Belt,20,0.9396093479401985,1532,1537,6.3736364402,,NA,NA
401532601,2023,8,regular,2023-10-22T01:00:00.000Z,FALSE,TRUE,FALSE,TRUE,27122,7311,Snapdragon Stadium,21,San Diego State,fbs,Mountain West,0,0.6863085144376574,1356,1333,2440,Nevada,fbs,Mountain West,6,0.3136914855623426,1199,1222,4.3789662417,,NA,NA
401524038,2023,8,regular,2023-10-22T02:30:00.000Z,FALSE,TRUE,FALSE,TRUE,68379,3765,Husky Stadium,264,Washington,fbs,Pac-12,15,0.8856806237728638,1900,1884,9,Arizona State,fbs,Pac-12,7,0.11431937622713617,1393,1409,7.254010066,,NA,NA
401524036,2023,8,regular,2023-10-22T02:30:00.000Z,FALSE,TRUE,FALSE,TRUE,NA,3940,Stanford Stadium,24,Stanford,fbs,Pac-12,7,5.217165287783466e-4,1245,1198,26,UCLA,fbs,Pac-12,42,0.9994782834712217,1671,1718,2.3287060307,,NA,NA
401520345,2023,9,regular,2023-10-24T23:00:00.000Z,FALSE,TRUE,FALSE,TRUE,13798,3776,Joe Aillet Stadium,2348,Louisiana Tech,fbs,Conference USA,24,0.4628260201933778,1241,1244,166,New Mexico State,fbs,Conference USA,27,0.5371739798066222,1360,1357,7.5777493125,,NA,NA
401520346,2023,9,regular,2023-10-24T23:30:00.000Z,FALSE,TRUE,FALSE,TRUE,16036,3796,Houchens Industries-L.T. Smith Stadium,98,Western Kentucky,fbs,Conference USA,29,0.007039319078405705,1527,1505,2335,Liberty,fbs,Conference USA,42,0.9929606809215943,1603,1625,4.1353492853,,NA,NA
401520347,2023,9,regular,2023-10-25T23:00:00.000Z,FALSE,TRUE,FALSE,TRUE,14074,218,FIU Stadium,2229,Florida International,fbs,Conference USA,16,0.11592656162157436,1081,1060,55,Jacksonville State,fbs,Conference USA,41,0.8840734383784257,1487,1508,3.2573476786,,NA,NA
401520348,2023,9,regular,2023-10-26T00:00:00.000Z,FALSE,TRUE,FALSE,TRUE,6889,3647,Elliott T. Bowers Stadium,2534,Sam Houston,fbs,Conference USA,34,0.08907973205196532,1319,1304,2638,UTEP,fbs,Conference USA,37,0.9109202679480347,1156,1171,5.7692795095,,NA,NA
401531929,2023,9,regular,2023-10-26T23:30:00.000Z,FALSE,TRUE,FALSE,TRUE,23389,3608,Allen E. Paulson Stadium,290,Georgia Southern,fbs,Sun Belt,44,0.9274370968926374,1451,1497,2247,Georgia State,fbs,Sun Belt,27,0.07256290310736258,1537,1491,4.0233532977,,NA,NA
401525533,2023,9,regular,2023-10-26T23:30:00.000Z,FALSE,TRUE,FALSE,TRUE,60236,3799,Lane Stadium,259,Virginia Tech,fbs,ACC,38,0.9983589826073812,1466,1538,183,Syracuse,fbs,ACC,10,0.0016410173926187932,1451,1379,2.9932293654,,NA,NA
401531407,2023,9,regular,2023-10-27T23:30:00.000Z,FALSE,TRUE,FALSE,TRUE,10857,4418,Jerry Richardson Stadium,2429,Charlotte,fbs,American Athletic,16,0.10594895147270725,1193,1161,2226,Florida Atlantic,fbs,American Athletic,38,0.8940510485272928,1416,1448,3.1805394715,,NA,NA
401531342,2023,9,regular,2023-10-28T16:00:00.000Z,FALSE,TRUE,FALSE,TRUE,20800,3735,Gerald J. Ford Stadium,2567,SMU,fbs,American Athletic,69,0.9989705217659788,1653,1775,202,Tulsa,fbs,American Athletic,10,0.0010294782340212194,1219,1097,2.4375768071,,NA,NA
401520349,2023,9,regular,2023-10-28T16:00:00.000Z,FALSE,TRUE,FALSE,TRUE,29625,3841,Michie Stadium,349,Army,fbs,FBS Independents,14,0.18531548798401853,1301,1255,113,Massachusetts,fbs,FBS Independents,21,0.8146845120159815,926,972,3.4632078674,,NA,NA
401520356,2023,9,regular,2023-10-28T16:00:00.000Z,FALSE,TRUE,FALSE,TRUE,19286,3911,Ryan Field,77,Northwestern,fbs,Big Ten,33,0.951287759427438,1341,1367,120,Maryland,fbs,Big Ten,27,0.04871224057256196,1687,1661,6.0040156847,,NA,NA
401525536,2023,9,regular,2023-10-28T16:00:00.000Z,FALSE,TRUE,FALSE,TRUE,31288,3630,Allegacy Federal Credit Union Stadium,154,Wake Forest,fbs,ACC,16,0.09806263338997016,1502,1486,52,Florida State,fbs,ACC,41,0.9019373666100299,1960,1976,3.0995179078,,NA,NA
401520358,2023,9,regular,2023-10-28T16:00:00.000Z,FALSE,TRUE,FALSE,TRUE,107209,3632,Beaver Stadium,213,Penn State,fbs,Big Ten,33,0.3003756553737531,2002,1975,84,Indiana,fbs,Big Ten,24,0.6996243446262469,1290,1317,7.3616137358,,NA,NA
401520351,2023,9,regular,2023-10-28T16:00:00.000Z,FALSE,TRUE,FALSE,FALSE,36902,3615,"Alumni Stadium (Chestnut Hill, MA)",103,Boston College,fbs,ACC,21,0.9844279821677843,1356,1356,41,UConn,fbs,FBS Independents,14,0.015572017832215734,1187,1187,6.5701295806,,NA,NA
401525874,2023,9,regular,2023-10-28T16:00:00.000Z,FALSE,TRUE,FALSE,TRUE,47233,3833,Memorial Stadium,2305,Kansas,fbs,Big 12,38,0.31014637222198393,1546,1569,201,Oklahoma,fbs,Big 12,33,0.6898536277780161,1934,1911,10.1299108869,,NA,NA
401525878,2023,9,regular,2023-10-28T16:00:00.000Z,FALSE,TRUE,FALSE,TRUE,44136,3652,FBC Mortgage Stadium,2116,UCF,fbs,Big 12,28,0.5309608795424386,1545,1508,277,West Virginia,fbs,Big 12,41,0.46903912045756135,1462,1499,4.2188387992,,NA,NA
401525875,2023,9,regular,2023-10-28T16:00:00.000Z,FALSE,TRUE,FALSE,TRUE,51928,3636,Bill Snyder Family Stadium,2306,Kansas State,fbs,Big 12,41,0.9988581279564306,1897,1971,248,Houston,fbs,Big 12,0,0.001141872043569414,1556,1482,2.7739968103,,NA,NA
401520359,2023,9,regular,2023-10-28T16:00:00.000Z,FALSE,TRUE,FALSE,TRUE,95297,3795,Kyle Field,245,Texas A&M,fbs,SEC,30,0.9648873047493183,1738,1744,2579,South Carolina,fbs,SEC,17,0.035112695250681725,1499,1493,5.438162527,,NA,NA
401532431,2023,9,regular,2023-10-28T17:00:00.000Z,FALSE,TRUE,FALSE,TRUE,16297,3912,Rynearson Stadium,2199,Eastern Michigan,fbs,Mid-American,21,0.11136838529749042,1373,1292,2711,Western Michigan,fbs,Mid-American,45,0.8886316147025096,1238,1319,2.9269058388,,NA,NA
401525534,2023,9,regular,2023-10-28T18:00:00.000Z,FALSE,TRUE,FALSE,TRUE,56919,3670,Carter-Finley Stadium,152,NC State,fbs,ACC,24,0.8082952849429874,1502,1525,228,Clemson,fbs,ACC,17,0.1917047150570126,1721,1698,6.7245778212,,NA,NA
401531430,2023,9,regular,2023-10-28T19:00:00.000Z,FALSE,TRUE,FALSE,TRUE,18062,3825,DATCU Stadium,249,North Texas,fbs,American Athletic,42,0.019713964790918734,1389,1396,235,Memphis,fbs,American Athletic,45,0.9802860352090813,1593,1586,5.2633279376,,NA,NA
401525535,2023,9,regular,2023-10-28T19:30:00.000Z,FALSE,TRUE,FALSE,TRUE,52319,3873,L&N Federal Credit Union Stadium,97,Louisville,fbs,ACC,23,0.9988626508978139,1657,1717,150,Duke,fbs,ACC,0,0.0011373491021861026,1692,1632,2.8207527948,,NA,NA
401520350,2023,9,regular,2023-10-28T19:30:00.000Z,FALSE,TRUE,FALSE,TRUE,88043,3785,Jordan-Hare Stadium,2,Auburn,fbs,SEC,27,0.9975336506357124,1555,1583,344,Mississippi State,fbs,SEC,13,0.002466349364287579,1549,1521,3.5033416587,,NA,NA
401520355,2023,9,regular,2023-10-28T19:30:00.000Z,FALSE,TRUE,FALSE,TRUE,86709,3834,"Memorial Stadium (Lincoln, NE)",158,Nebraska,fbs,Big Ten,31,0.9795194236811441,1474,1512,2509,Purdue,fbs,Big Ten,14,0.020480576318855914,1482,1444,4.1783826855,,NA,NA
401524044,2023,9,regular,2023-10-28T19:30:00.000Z,FALSE,TRUE,FALSE,TRUE,53586,587,Rice-Eccles Stadium,254,Utah,fbs,Pac-12,6,0.0013560439262010357,1777,1702,2483,Oregon,fbs,Pac-12,35,0.998643956073799,1824,1899,2.7302767992,,NA,NA
401520354,2023,9,regular,2023-10-28T19:30:00.000Z,FALSE,TRUE,FALSE,TRUE,47392,3953,Huntington Bank Stadium,135,Minnesota,fbs,Big Ten,27,0.9413814415066101,1579,1595,127,Michigan State,fbs,Big Ten,12,0.05861855849338993,1401,1385,6.0900855887,,NA,NA
401525877,2023,9,regular,2023-10-28T19:30:00.000Z,FALSE,TRUE,FALSE,TRUE,101670,3910,DKR-Texas Memorial Stadium,251,Texas,fbs,Big 12,35,0.9854979233772423,1897,1930,252,BYU,fbs,Big 12,6,0.01450207662275771,1511,1478,3.771249389,,NA,NA
401532432,2023,9,regular,2023-10-28T19:30:00.000Z,FALSE,TRUE,FALSE,TRUE,19854,3876,Peden Stadium,195,Ohio,fbs,Mid-American,16,0.31252157717758944,1528,1488,193,Miami (OH),fbs,Mid-American,30,0.6874784228224106,1451,1491,4.8389733359,,NA,NA
401525538,2023,9,regular,2023-10-28T19:30:00.000Z,FALSE,TRUE,FALSE,TRUE,58503,3948,Hard Rock Stadium,2390,Miami,fbs,ACC,29,0.6718620179603385,1584,1582,258,Virginia,fbs,ACC,26,0.3281379820396615,1352,1354,9.302400857,,NA,NA
401531898,2023,9,regular,2023-10-28T19:30:00.000Z,FALSE,TRUE,FALSE,TRUE,32601,3792,Kidd Brewer Stadium,2026,App State,fbs,Sun Belt,48,0.989782060878371,1523,1513,2572,Southern Miss,fbs,Sun Belt,38,0.01021793912162905,1115,1125,8.3091942382,,NA,NA
401520352,2023,9,regular,2023-10-28T19:30:00.000Z,FALSE,TRUE,TRUE,TRUE,76251,3712,EverBank Stadium,57,Florida,fbs,SEC,20,0.0018032008528149465,1595,1592,61,Georgia,fbs,SEC,43,0.9981967991471851,2070,2073,2.2860104392,,NA,NA
401531398,2023,9,regular,2023-10-28T19:30:00.000Z,FALSE,TRUE,FALSE,TRUE,22629,3604,Alamodome,2636,UTSA,fbs,American Athletic,41,0.9312358549589643,1621,1626,151,East Carolina,fbs,American Athletic,27,0.06876414504103567,1341,1336,5.0921701424,,NA,NA
401525873,2023,9,regular,2023-10-28T19:30:00.000Z,FALSE,TRUE,FALSE,TRUE,43528,4727,McLane Stadium,239,Baylor,fbs,Big 12,18,0.0074367323337923225,1467,1452,66,Iowa State,fbs,Big 12,30,0.9925632676662077,1595,1610,3.0180463493,,NA,NA
401525440,2023,9,regular,2023-10-28T19:30:00.000Z,FALSE,TRUE,FALSE,FALSE,77622,3855,Notre Dame Stadium,87,Notre Dame,fbs,FBS Independents,58,0.9989333361064732,1892,1998,221,Pittsburgh,fbs,ACC,7,0.0010666638935268313,1544,1438,3.6069187611,,NA,NA
401531373,2023,9,regular,2023-10-28T20:00:00.000Z,FALSE,TRUE,FALSE,TRUE,20436,3895,Rice Stadium,242,Rice,fbs,American Athletic,28,0.2986341573101241,1300,1315,2655,Tulane,fbs,American Athletic,30,0.7013658426898759,1645,1630,5.8893039148,,NA,NA
401524041,2023,9,regular,2023-10-28T20:00:00.000Z,FALSE,TRUE,FALSE,TRUE,43716,3831,California Memorial Stadium,25,California,fbs,Pac-12,49,0.7946498687450628,1491,1502,30,USC,fbs,Pac-12,50,0.20535013125493717,1766,1755,7.7352720646,,NA,NA
401531902,2023,9,regular,2023-10-28T21:00:00.000Z,FALSE,TRUE,FALSE,TRUE,16709,6526,Hancock Whitney Stadium,6,South Alabama,fbs,Sun Belt,20,0.11072243763853604,1716,1669,309,Louisiana,fbs,Sun Belt,33,0.8892775623614639,1537,1584,3.0199246592,,NA,NA
401531901,2023,9,regular,2023-10-28T21:00:00.000Z,FALSE,TRUE,FALSE,TRUE,14006,3817,Malone Stadium,2433,UL Monroe,fbs,Sun Belt,24,0.18499883501954678,1103,1080,2032,Arkansas State,fbs,Sun Belt,34,0.8150011649804532,1083,1106,5.9609980604,,NA,NA
401532607,2023,9,regular,2023-10-28T21:30:00.000Z,FALSE,TRUE,FALSE,TRUE,35189,3653,Albertsons Stadium,68,Boise State,fbs,Mountain West,32,0.9989107346970831,1533,1585,2751,Wyoming,fbs,Mountain West,7,0.0010892653029168642,1433,1381,4.104010181,,NA,NA
401531899,2023,9,regular,2023-10-28T22:00:00.000Z,FALSE,TRUE,FALSE,TRUE,21324,3654,Brooks Stadium (SC),324,Coastal Carolina,fbs,Sun Belt,34,0.9982607146549254,1405,1491,276,Marshall,fbs,Sun Belt,6,0.0017392853450746149,1507,1421,3.3351001681,,NA,NA
401532603,2023,9,regular,2023-10-28T23:00:00.000Z,FALSE,TRUE,FALSE,TRUE,22570,5388,Canvas Stadium,36,Colorado State,fbs,Mountain West,13,0.002902859723706611,1270,1277,2005,Air Force,fbs,Mountain West,30,0.9970971402762934,1776,1769,4.4856121916,,NA,NA
401531903,2023,9,regular,2023-10-28T23:00:00.000Z,FALSE,TRUE,FALSE,TRUE,22369,3644,Bobcat Stadium (TX),326,Texas State,fbs,Sun Belt,13,0.859720470988199,1376,1359,2653,Troy,fbs,Sun Belt,31,0.14027952901180096,1638,1655,5.3697959638,,NA,NA
401520353,2023,9,regular,2023-10-28T23:00:00.000Z,FALSE,TRUE,FALSE,TRUE,61665,3683,Kroger Field,96,Kentucky,fbs,SEC,27,0.1207265435092687,1591,1600,2633,Tennessee,fbs,SEC,33,0.8792734564907313,1879,1870,6.6269983796,,NA,NA
401524042,2023,9,regular,2023-10-28T23:00:00.000Z,FALSE,TRUE,FALSE,TRUE,24381,3940,Stanford Stadium,24,Stanford,fbs,Pac-12,33,0.2821995167793606,1198,1230,264,Washington,fbs,Pac-12,42,0.7178004832206394,1884,1852,6.9212312328,,NA,NA
401520357,2023,9,regular,2023-10-28T23:30:00.000Z,FALSE,TRUE,FALSE,TRUE,62914,3974,Vaught-Hemingway Stadium,145,Ole Miss,fbs,SEC,33,0.9980990890605073,1689,1713,238,Vanderbilt,fbs,SEC,7,0.0019009109394927393,1292,1268,3.0522687039,,NA,NA
401520360,2023,9,regular,2023-10-28T23:30:00.000Z,FALSE,TRUE,FALSE,TRUE,76453,347,Camp Randall Stadium,275,Wisconsin,fbs,Big Ten,10,9.584841424511597e-4,1678,1682,194,Ohio State,fbs,Big Ten,24,0.9990415158575489,2081,2077,4.2694806822,,NA,NA
401524043,2023,9,regular,2023-10-28T23:30:00.000Z,FALSE,TRUE,FALSE,TRUE,71343,1056,Rose Bowl,26,UCLA,fbs,Pac-12,28,0.9982280591997924,1718,1709,38,Colorado,fbs,Pac-12,16,0.0017719408002075943,1285,1294,6.5783533139,,NA,NA
401531900,2023,9,regular,2023-10-29T00:00:00.000Z,FALSE,TRUE,FALSE,TRUE,26239,3651,Bridgeforth Stadium,256,James Madison,fbs,Sun Belt,30,0.5201906779119494,1673,1670,295,Old Dominion,fbs,Sun Belt,27,0.4798093220880506,1386,1389,7.9755376129,,NA,NA
401524040,2023,9,regular,2023-10-29T00:00:00.000Z,FALSE,TRUE,FALSE,TRUE,47284,3947,Mountain America Stadium,9,Arizona State,fbs,Pac-12,38,0.995994619071808,1409,1434,265,Washington State,fbs,Pac-12,27,0.004005380928192026,1479,1454,5.7233780692,,NA,NA
401525537,2023,9,regular,2023-10-29T00:00:00.000Z,FALSE,TRUE,FALSE,TRUE,35945,721,Bobby Dodd Stadium,59,Georgia Tech,fbs,ACC,46,0.4324362188796528,1328,1344,153,North Carolina,fbs,ACC,42,0.5675637811203472,1717,1701,7.7503469589,,NA,NA
401525876,2023,9,regular,2023-10-29T00:00:00.000Z,FALSE,TRUE,FALSE,TRUE,53855,3646,Boone Pickens Stadium,197,Oklahoma State,fbs,Big 12,45,0.9172079631525902,1540,1624,2132,Cincinnati,fbs,Big 12,13,0.08279203684740977,1514,1430,5.0313564455,,NA,NA
401532606,2023,9,regular,2023-10-29T02:30:00.000Z,FALSE,TRUE,FALSE,TRUE,41031,3660,Valley Children's Stadium,278,Fresno State,fbs,Mountain West,31,0.19207535309314813,1741,1734,2439,UNLV,fbs,Mountain West,24,0.8079246469068518,1430,1437,6.4140750922,,NA,NA
401524039,2023,9,regular,2023-10-29T02:30:00.000Z,FALSE,TRUE,FALSE,TRUE,45023,3619,Arizona Stadium,12,Arizona,fbs,Pac-12,27,0.2325677915254801,1606,1610,204,Oregon State,fbs,Pac-12,24,0.7674322084745199,1790,1786,7.0988992006,,NA,NA
401532604,2023,9,regular,2023-10-29T02:30:00.000Z,FALSE,TRUE,FALSE,TRUE,13083,3816,Mackay Stadium,2440,Nevada,fbs,Mountain West,34,0.9130825449776093,1222,1232,167,New Mexico,fbs,Mountain West,24,0.08691745502239068,1121,1111,4.0974341456,,NA,NA
401532605,2023,9,regular,2023-10-29T03:59:00.000Z,FALSE,TRUE,FALSE,TRUE,11486,7220,Clarence T.C. Ching Athletics Complex,62,Hawai'i,fbs,Mountain West,0,6.249931273634893e-4,1062,1010,23,San José State,fbs,Mountain West,35,0.9993750068726365,1449,1501,2.4078992547,,NA,NA
401532433,2023,10,regular,2023-10-31T23:00:00.000Z,FALSE,TRUE,FALSE,TRUE,9625,3786,Kelly/Shorts Stadium,2117,Central Michigan,fbs,Mid-American,37,0.6523680364965422,1265,1280,2459,Northern Illinois,fbs,Mid-American,31,0.3476319635034578,1413,1398,4.7140365772,,NA,NA
401532434,2023,10,regular,2023-10-31T23:30:00.000Z,FALSE,TRUE,FALSE,TRUE,14939,3739,Glass Bowl,2649,Toledo,fbs,Mid-American,31,0.9982651612166734,1491,1520,2084,Buffalo,fbs,Mid-American,13,0.0017348387833265866,1371,1342,3.7952915052,,NA,NA
401532435,2023,10,regular,2023-11-01T23:00:00.000Z,FALSE,TRUE,FALSE,TRUE,6091,3700,Doyt L. Perry Stadium,189,Bowling Green,fbs,Mid-American,24,0.5157489785135112,1281,1281,2050,Ball State,fbs,Mid-American,21,0.4842510214864888,1167,1167,7.8487390882,,NA,NA
401532436,2023,10,regular,2023-11-01T23:30:00.000Z,FALSE,TRUE,FALSE,TRUE,8113,3768,InfoCision Stadium,2006,Akron,fbs,Mid-American,31,0.4960494945796112,1051,1055,2309,Kent State,fbs,Mid-American,27,0.5039505054203888,1101,1097,5.8037939057,,NA,NA
401525879,2023,10,regular,2023-11-02T23:00:00.000Z,FALSE,TRUE,FALSE,TRUE,51185,3784,Jones AT&T Stadium,2641,Texas Tech,fbs,Big 12,35,0.44961421040753674,1597,1608,2628,TCU,fbs,Big 12,28,0.5503857895924633,1616,1605,7.5418781344,,NA,NA
401525539,2023,10,regular,2023-11-02T23:30:00.000Z,FALSE,TRUE,FALSE,TRUE,18277,3982,Wallace Wade Stadium,150,Duke,fbs,ACC,24,0.015106797473948856,1632,1631,154,Wake Forest,fbs,ACC,21,0.9848932025260512,1486,1487,7.898332104,,NA,NA
401531904,2023,10,regular,2023-11-02T23:30:00.000Z,FALSE,TRUE,FALSE,TRUE,28212,3975,Veterans Memorial Stadium (AL),2653,Troy,fbs,Sun Belt,28,0.9330796482060187,1655,1697,6,South Alabama,fbs,Sun Belt,10,0.06692035179398126,1669,1627,5.9784338907,,NA,NA
401525540,2023,10,regular,2023-11-03T23:30:00.000Z,FALSE,TRUE,FALSE,TRUE,42523,1964,JMA Wireless Dome,183,Syracuse,fbs,ACC,10,0.17631390290072102,1379,1364,103,Boston College,fbs,ACC,17,0.823686097099279,1356,1371,8.4639708844,,NA,NA
401532609,2023,10,regular,2023-11-04T00:00:00.000Z,FALSE,TRUE,FALSE,TRUE,27905,3984,War Memorial Stadium,2751,Wyoming,fbs,Mountain West,24,0.9498290887604913,1381,1389,36,Colorado State,fbs,Mountain West,15,0.050170911239508675,1277,1269,5.666205112,,NA,NA
401525884,2023,10,regular,2023-11-04T16:00:00.000Z,FALSE,TRUE,FALSE,TRUE,102846,3910,DKR-Texas Memorial Stadium,251,Texas,fbs,Big 12,33,0.8703373968769096,1930,1932,2306,Kansas State,fbs,Big 12,30,0.12966260312309041,1971,1969,6.8334482279,,NA,NA
401520365,2023,10,regular,2023-11-04T16:00:00.000Z,FALSE,TRUE,FALSE,TRUE,45466,3830,"Memorial Stadium (Bloomington, IN)",84,Indiana,fbs,Big Ten,20,0.7082415569429962,1317,1344,275,Wisconsin,fbs,Big Ten,14,0.2917584430570038,1682,1655,8.4962694342,,NA,NA
401525545,2023,10,regular,2023-11-04T16:00:00.000Z,FALSE,TRUE,FALSE,FALSE,47667,3787,Kenan Stadium,153,North Carolina,fbs,ACC,59,0.9987338372111659,1701,1701,2097,Campbell,fcs,CAA,7,0.0012661627888340687,NA,NA,3.5020696852,,NA,NA
401520363,2023,10,regular,2023-11-04T16:00:00.000Z,FALSE,TRUE,FALSE,TRUE,89782,3634,Ben Hill Griffin Stadium,57,Florida,fbs,SEC,36,0.08075347362469056,1592,1588,8,Arkansas,fbs,SEC,39,0.9192465263753095,1596,1600,9.7718678848,,NA,NA
401520375,2023,10,regular,2023-11-04T16:00:00.000Z,FALSE,TRUE,FALSE,TRUE,53703,6577,SHI Stadium,164,Rutgers,fbs,Big Ten,16,0.09828639282448967,1465,1477,194,Ohio State,fbs,Big Ten,35,0.9017136071755103,2077,2065,4.8385794439,,NA,NA
401525441,2023,10,regular,2023-11-04T16:00:00.000Z,FALSE,TRUE,FALSE,FALSE,81500,3836,"Memorial Stadium (Clemson, SC)",228,Clemson,fbs,ACC,31,0.7624278917245499,1698,1730,87,Notre Dame,fbs,FBS Independents,23,0.23757210827545006,1998,1966,5.7912517183,,NA,NA
401520377,2023,10,regular,2023-11-04T16:00:00.000Z,FALSE,TRUE,FALSE,FALSE,101915,3853,Neyland Stadium,2633,Tennessee,fbs,SEC,59,0.998967252274206,1870,1948,41,UConn,fbs,FBS Independents,3,0.001032747725793981,1187,1109,4.7489806381,,NA,NA
401520376,2023,10,regular,2023-11-04T16:00:00.000Z,FALSE,TRUE,FALSE,FALSE,75348,3994,Williams-Brice Stadium,2579,South Carolina,fbs,SEC,38,0.756233265762589,1493,1511,55,Jacksonville State,fbs,Conference USA,28,0.24376673423741102,1508,1490,10.3388184006,,NA,NA
401520369,2023,10,regular,2023-11-04T16:00:00.000Z,FALSE,TRUE,FALSE,TRUE,63134,3936,Spartan Stadium,127,Michigan State,fbs,Big Ten,20,0.9139184418949018,1385,1388,158,Nebraska,fbs,Big Ten,17,0.08608155810509821,1512,1509,6.5422905384,,NA,NA
401520374,2023,10,regular,2023-11-04T16:00:00.000Z,FALSE,TRUE,FALSE,TRUE,65680,3974,Vaught-Hemingway Stadium,145,Ole Miss,fbs,SEC,38,0.7903981914576,1713,1714,245,Texas A&M,fbs,SEC,35,0.20960180854239996,1744,1743,8.5472397955,,NA,NA
401525451,2023,10,regular,2023-11-04T17:00:00.000Z,FALSE,TRUE,FALSE,FALSE,7143,3647,Elliott T. Bowers Stadium,2534,Sam Houston,fbs,Conference USA,24,0.404155184998799,1307,1307,338,Kennesaw State,fcs,FCS Independents,21,0.595844815001201,NA,NA,5.8537794497,,NA,NA
401531392,2023,10,regular,2023-11-04T18:00:00.000Z,FALSE,TRUE,FALSE,TRUE,13049,3806,Lincoln Financial Field,218,Temple,fbs,American Athletic,32,0.9889735332253277,948,1018,2426,Navy,fbs,American Athletic,18,0.011026466774672339,1376,1306,5.4204938625,,NA,NA
401524049,2023,10,regular,2023-11-04T18:00:00.000Z,FALSE,TRUE,FALSE,TRUE,52104,587,Rice-Eccles Stadium,254,Utah,fbs,Pac-12,55,0.9989309049459748,1702,1823,9,Arizona State,fbs,Pac-12,3,0.0010690950540251931,1434,1313,3.1470813078,,NA,NA
401525542,2023,10,regular,2023-11-04T18:00:00.000Z,FALSE,TRUE,FALSE,TRUE,42606,3923,Scott Stadium,258,Virginia,fbs,ACC,17,0.00267646255913801,1354,1275,59,Georgia Tech,fbs,ACC,45,0.997323537440862,1344,1423,4.0479433972,,NA,NA
401520361,2023,10,regular,2023-11-04T18:30:00.000Z,FALSE,TRUE,TRUE,FALSE,52401,3937,Sports Authority Field at Mile High,2005,Air Force,fbs,Mountain West,3,0.39549486700681813,1769,1663,349,Army,fbs,FBS Independents,23,0.6045051329931819,1255,1361,2.035750472,,NA,NA
401531399,2023,10,regular,2023-11-04T19:00:00.000Z,FALSE,TRUE,FALSE,TRUE,17354,3825,DATCU Stadium,249,North Texas,fbs,American Athletic,29,0.18037037003282927,1396,1398,2636,UTSA,fbs,American Athletic,37,0.8196296299671707,1626,1624,4.5795476623,,NA,NA
401531425,2023,10,regular,2023-11-04T19:00:00.000Z,FALSE,TRUE,FALSE,TRUE,30223,3805,Simmons Bank Liberty Stadium,235,Memphis,fbs,American Athletic,59,0.21609611315318666,1586,1576,58,South Florida,fbs,American Athletic,50,0.7839038868468133,1183,1193,7.6092040298,,NA,NA
401531908,2023,10,regular,2023-11-04T19:00:00.000Z,FALSE,TRUE,FALSE,TRUE,15881,3625,Centennial Bank Stadium,2032,Arkansas State,fbs,Sun Belt,37,0.9940146007874984,1106,1210,309,Louisiana,fbs,Sun Belt,17,0.00598539921250163,1584,1480,8.1018496146,,NA,NA
401531383,2023,10,regular,2023-11-04T19:00:00.000Z,FALSE,TRUE,FALSE,TRUE,20676,7221,Protective Stadium,5,UAB,fbs,American Athletic,45,0.9975668250376148,1365,1367,2226,Florida Atlantic,fbs,American Athletic,42,0.002433174962385154,1448,1446,8.0664961276,,NA,NA
401525881,2023,10,regular,2023-11-04T19:30:00.000Z,FALSE,TRUE,FALSE,TRUE,38193,3854,Nippert Stadium,2132,Cincinnati,fbs,Big 12,26,0.3383405041964251,1430,1431,2116,UCF,fbs,Big 12,28,0.6616594958035749,1508,1507,8.0847547351,,NA,NA
401520367,2023,10,regular,2023-11-04T19:30:00.000Z,FALSE,TRUE,FALSE,TRUE,51802,3665,SECU Stadium,120,Maryland,fbs,Big Ten,15,0.002032828427691056,1661,1597,213,Penn State,fbs,Big Ten,51,0.997967171572309,1975,2039,3.4165148441,,NA,NA
401525541,2023,10,regular,2023-11-04T19:30:00.000Z,FALSE,TRUE,FALSE,TRUE,57557,3752,Acrisure Stadium,221,Pittsburgh,fbs,ACC,7,0.001909392621912014,1438,1448,52,Florida State,fbs,ACC,24,0.998090607378088,1976,1966,5.5217982713,,NA,NA
401520400,2023,10,regular,2023-11-04T19:30:00.000Z,FALSE,TRUE,FALSE,FALSE,14672,3985,Warren McGuirk Alumni Stadium,113,Massachusetts,fbs,FBS Independents,31,0.9960697159619268,958,958,2771,Merrimack,fcs,NEC,21,0.003930284038073162,NA,NA,5.3184530422,,NA,NA
401525883,2023,10,regular,2023-11-04T19:30:00.000Z,FALSE,TRUE,FALSE,TRUE,54105,3646,Boone Pickens Stadium,197,Oklahoma State,fbs,Big 12,27,0.36121579962408973,1624,1629,201,Oklahoma,fbs,Big 12,24,0.6387842003759103,1911,1906,8.9142137764,,NA,NA
401525543,2023,10,regular,2023-11-04T19:30:00.000Z,FALSE,TRUE,FALSE,TRUE,49945,3873,L&N Federal Credit Union Stadium,97,Louisville,fbs,ACC,34,0.9989513003803704,1717,1779,259,Virginia Tech,fbs,ACC,3,0.0010486996196296117,1538,1476,3.0474774996,,NA,NA
401525880,2023,10,regular,2023-11-04T19:30:00.000Z,FALSE,TRUE,FALSE,TRUE,41180,4727,McLane Stadium,239,Baylor,fbs,Big 12,24,0.5765456352157893,1452,1452,248,Houston,fbs,Big 12,25,0.4234543647842107,1482,1482,4.9624054137,,NA,NA
401520364,2023,10,regular,2023-11-04T19:30:00.000Z,FALSE,TRUE,FALSE,TRUE,92746,3917,Sanford Stadium,61,Georgia,fbs,SEC,30,0.41433163957624797,2073,2060,142,Missouri,fbs,SEC,21,0.585668360423752,1630,1643,6.9611232436,,NA,NA
401520370,2023,10,regular,2023-11-04T19:30:00.000Z,FALSE,TRUE,FALSE,TRUE,42906,3953,Huntington Bank Stadium,135,Minnesota,fbs,Big Ten,26,0.4836670430876983,1595,1589,356,Illinois,fbs,Big Ten,27,0.5163329569123016,1503,1509,7.5943533773,,NA,NA
401531907,2023,10,regular,2023-11-04T19:30:00.000Z,FALSE,TRUE,FALSE,TRUE,17982,3918,S.B. Ballard Stadium,295,Old Dominion,fbs,Sun Belt,24,0.292095843240162,1389,1389,324,Coastal Carolina,fbs,Sun Belt,28,0.707904156759838,1491,1491,8.6147789065,,NA,NA
401531374,2023,10,regular,2023-11-04T19:30:00.000Z,FALSE,TRUE,FALSE,TRUE,33765,3699,Dowdy-Ficklen Stadium,151,East Carolina,fbs,American Athletic,10,0.0556100282532921,1336,1348,2655,Tulane,fbs,American Athletic,13,0.9443899717467079,1630,1618,5.2966035899,,NA,NA
401531906,2023,10,regular,2023-11-04T19:30:00.000Z,FALSE,TRUE,FALSE,TRUE,15320,4246,Center Parc Stadium,2247,Georgia State,fbs,Sun Belt,14,0.00468297982320149,1491,1436,256,James Madison,fbs,Sun Belt,42,0.9953170201767985,1670,1725,3.5308649065,,NA,NA
401520373,2023,10,regular,2023-11-04T19:30:00.000Z,FALSE,TRUE,TRUE,TRUE,NA,4250,Wrigley Field,77,Northwestern,fbs,Big Ten,7,0.3453588003634141,1367,1379,2294,Iowa,fbs,Big Ten,10,0.654641199636586,1660,1648,6.7614942196,,NA,NA
401532610,2023,10,regular,2023-11-04T20:00:00.000Z,FALSE,TRUE,FALSE,TRUE,15540,3816,Mackay Stadium,2440,Nevada,fbs,Mountain West,14,0.18466290633586704,1232,1180,62,Hawai'i,fbs,Mountain West,27,0.815337093664133,1010,1062,4.6679163794,,NA,NA
401531909,2023,10,regular,2023-11-04T20:00:00.000Z,FALSE,TRUE,FALSE,TRUE,20193,3815,M. M. Roberts Stadium,2572,Southern Miss,fbs,Sun Belt,24,0.9771684208194854,1125,1158,2433,UL Monroe,fbs,Sun Belt,7,0.022831579180514594,1080,1047,4.450868491,,NA,NA
401520379,2023,10,regular,2023-11-04T20:00:00.000Z,FALSE,TRUE,FALSE,TRUE,28500,3973,FirstBank Stadium,238,Vanderbilt,fbs,SEC,15,0.029627546561604858,1268,1261,2,Auburn,fbs,SEC,31,0.9703724534383952,1583,1590,3.5966950063,,NA,NA
401531343,2023,10,regular,2023-11-04T20:00:00.000Z,FALSE,TRUE,FALSE,TRUE,20151,3674,Chapman Stadium,202,Tulsa,fbs,American Athletic,26,0.9227507452906358,1097,1089,2429,Charlotte,fbs,American Athletic,33,0.07724925470936417,1161,1169,8.8442926421,,NA,NA
401531910,2023,10,regular,2023-11-04T21:00:00.000Z,FALSE,TRUE,FALSE,TRUE,18204,3644,Bobcat Stadium (TX),326,Texas State,fbs,Sun Belt,45,0.9967878864103938,1359,1424,290,Georgia Southern,fbs,Sun Belt,24,0.003212113589606158,1497,1432,5.7539597735,,NA,NA
401524047,2023,10,regular,2023-11-04T21:30:00.000Z,FALSE,TRUE,FALSE,TRUE,54046,3626,Autzen Stadium,2483,Oregon,fbs,Pac-12,63,0.9985770366836003,1899,1976,25,California,fbs,Pac-12,19,0.0014229633163996835,1502,1425,4.5680057955,,NA,NA
401520366,2023,10,regular,2023-11-04T22:00:00.000Z,FALSE,TRUE,FALSE,TRUE,21647,3992,Williams Stadium (VA),2335,Liberty,fbs,Conference USA,56,0.9982076228960028,1625,1650,2348,Louisiana Tech,fbs,Conference USA,30,0.0017923771039971559,1244,1219,6.4905650354,,NA,NA
401531905,2023,10,regular,2023-11-04T22:00:00.000Z,FALSE,TRUE,FALSE,TRUE,34057,3792,Kidd Brewer Stadium,2026,App State,fbs,Sun Belt,31,0.980426288519638,1513,1556,276,Marshall,fbs,Sun Belt,9,0.01957371148036202,1421,1378,3.4169447889,,NA,NA
401520372,2023,10,regular,2023-11-04T22:00:00.000Z,FALSE,TRUE,FALSE,TRUE,NA,3601,Aggie Memorial Stadium,166,New Mexico State,fbs,Conference USA,13,0.9441693241196684,1357,1361,2393,Middle Tennessee,fbs,Conference USA,7,0.05583067588033164,1293,1289,6.9152987003,,NA,NA
401532611,2023,10,regular,2023-11-04T22:00:00.000Z,FALSE,TRUE,FALSE,TRUE,12353,3971,University Stadium (NM),167,New Mexico,fbs,Mountain West,14,0.10688250196915676,1111,1029,2439,UNLV,fbs,Mountain West,56,0.8931174980308433,1437,1519,1.6963479285,,NA,NA
401525885,2023,10,regular,2023-11-04T23:00:00.000Z,FALSE,TRUE,FALSE,TRUE,50266,3842,Milan Puskar Stadium,277,West Virginia,fbs,Big 12,37,0.9985383634118136,1499,1577,252,BYU,fbs,Big 12,7,0.0014616365881864324,1478,1400,3.2250135829,,NA,NA
401525882,2023,10,regular,2023-11-04T23:00:00.000Z,FALSE,TRUE,FALSE,TRUE,61500,3772,Jack Trice Stadium,66,Iowa State,fbs,Big 12,21,0.014891834206173401,1610,1594,2305,Kansas,fbs,Big 12,28,0.9851081657938267,1569,1585,4.4891325685,,NA,NA
401532612,2023,10,regular,2023-11-04T23:00:00.000Z,FALSE,TRUE,FALSE,TRUE,23096,7311,Snapdragon Stadium,21,San Diego State,fbs,Mountain West,24,0.21393713096905911,1333,1321,328,Utah State,fbs,Mountain West,32,0.7860628690309409,1376,1388,7.3350090984,,NA,NA
401531440,2023,10,regular,2023-11-04T23:30:00.000Z,FALSE,TRUE,FALSE,TRUE,21632,3895,Rice Stadium,242,Rice,fbs,American Athletic,31,0.06918445282300731,1315,1336,2567,SMU,fbs,American Athletic,36,0.9308155471769927,1775,1754,6.6611731938,,NA,NA
401520368,2023,10,regular,2023-11-04T23:30:00.000Z,FALSE,TRUE,FALSE,TRUE,110245,3558,Michigan Stadium,130,Michigan,fbs,Big Ten,41,0.9922661965359266,2184,2180,2509,Purdue,fbs,Big Ten,13,0.007733803464073374,1444,1448,3.181048992,,NA,NA
401524048,2023,10,regular,2023-11-04T23:30:00.000Z,FALSE,TRUE,FALSE,TRUE,72243,477,Los Angeles Memorial Coliseum,30,USC,fbs,Pac-12,42,0.046733061164462714,1755,1743,264,Washington,fbs,Pac-12,52,0.9532669388355373,1852,1864,6.6682638672,,NA,NA
401520371,2023,10,regular,2023-11-04T23:30:00.000Z,FALSE,TRUE,FALSE,TRUE,52329,3693,Davis Wade Stadium,344,Mississippi State,fbs,SEC,3,0.0023681828419731296,1521,1476,96,Kentucky,fbs,SEC,24,0.9976318171580268,1600,1645,2.5540880043,,NA,NA
401520362,2023,10,regular,2023-11-04T23:45:00.000Z,FALSE,TRUE,FALSE,TRUE,100077,3657,Bryant-Denny Stadium,333,Alabama,fbs,SEC,42,0.9913704636251063,1989,2014,99,LSU,fbs,SEC,28,0.00862953637489372,1952,1927,7.5223082005,,NA,NA
401525544,2023,10,regular,2023-11-05T00:00:00.000Z,FALSE,TRUE,FALSE,TRUE,56919,3670,Carter-Finley Stadium,152,NC State,fbs,ACC,20,0.9654524904186051,1525,1558,2390,Miami,fbs,ACC,6,0.03454750958139485,1582,1549,5.9827309887,,NA,NA
401520378,2023,10,regular,2023-11-05T01:00:00.000Z,FALSE,TRUE,FALSE,TRUE,11111,3946,Sun Bowl,2638,UTEP,fbs,Conference USA,13,0.13633920541889186,1171,1181,98,Western Kentucky,fbs,Conference USA,21,0.8636607945811081,1505,1495,4.9895149398,,NA,NA
401524050,2023,10,regular,2023-11-05T01:00:00.000Z,FALSE,TRUE,FALSE,TRUE,24385,3820,Gesa Field,265,Washington State,fbs,Pac-12,7,0.3936762536456365,1454,1435,24,Stanford,fbs,Pac-12,10,0.6063237463543635,1230,1249,7.1070370381,,NA,NA
401524046,2023,10,regular,2023-11-05T02:00:00.000Z,FALSE,TRUE,FALSE,TRUE,52725,3726,Folsom Field,38,Colorado,fbs,Pac-12,19,0.003337562654276002,1294,1315,204,Oregon State,fbs,Pac-12,26,0.996662437345724,1786,1765,4.1913008612,,NA,NA
401532608,2023,10,regular,2023-11-05T02:00:00.000Z,FALSE,TRUE,FALSE,TRUE,41031,3660,Valley Children's Stadium,278,Fresno State,fbs,Mountain West,37,0.38229536433222466,1734,1735,68,Boise State,fbs,Mountain West,30,0.6177046356677753,1585,1584,5.5771692476,,NA,NA
401524045,2023,10,regular,2023-11-05T02:30:00.000Z,FALSE,TRUE,FALSE,TRUE,44956,3619,Arizona Stadium,12,Arizona,fbs,Pac-12,27,0.9953912061094367,1610,1657,26,UCLA,fbs,Pac-12,10,0.004608793890563345,1709,1662,4.8413925132,,NA,NA
401532437,2023,11,regular,2023-11-08T00:00:00.000Z,FALSE,TRUE,FALSE,TRUE,6282,3764,Huskie Stadium,2459,Northern Illinois,fbs,Mid-American,17,0.3406019765274399,1398,1379,2050,Ball State,fbs,Mid-American,20,0.65939802347256,1167,1186,5.7594682279,,NA,NA
401532438,2023,11,regular,2023-11-08T00:00:00.000Z,FALSE,TRUE,FALSE,TRUE,NA,3980,Waldo Stadium,2711,Western Michigan,fbs,Mid-American,38,0.8856861563339057,1319,1333,2117,Central Michigan,fbs,Mid-American,28,0.11431384366609432,1280,1266,7.19428502,,NA,NA
401532439,2023,11,regular,2023-11-08T00:30:00.000Z,FALSE,TRUE,FALSE,TRUE,11444,3965,UB Stadium,2084,Buffalo,fbs,Mid-American,10,0.4949860684056211,1342,1334,195,Ohio,fbs,Mid-American,20,0.5050139315943789,1488,1496,5.9471845404,,NA,NA
401532442,2023,11,regular,2023-11-09T00:00:00.000Z,FALSE,TRUE,FALSE,TRUE,6065,3696,Dix Stadium,2309,Kent State,fbs,Mid-American,19,0.004396964038608783,1097,1036,189,Bowling Green,fbs,Mid-American,49,0.9956030359613912,1281,1342,2.5231452952,,NA,NA
401532441,2023,11,regular,2023-11-09T00:00:00.000Z,FALSE,TRUE,FALSE,TRUE,7233,3996,Yager Stadium,193,Miami (OH),fbs,Mid-American,19,0.9562013932676158,1491,1494,2006,Akron,fbs,Mid-American,0,0.043798606732384227,1055,1052,4.4575640899,,NA,NA
401532440,2023,11,regular,2023-11-09T00:30:00.000Z,FALSE,TRUE,FALSE,TRUE,17842,3739,Glass Bowl,2649,Toledo,fbs,Mid-American,49,0.9989404597300546,1520,1561,2199,Eastern Michigan,fbs,Mid-American,23,0.0010595402699453693,1292,1251,2.2761599218,,NA,NA
401525546,2023,11,regular,2023-11-10T00:30:00.000Z,FALSE,TRUE,FALSE,TRUE,44628,3873,L&N Federal Credit Union Stadium,97,Louisville,fbs,ACC,31,0.6774650569516941,1779,1763,258,Virginia,fbs,ACC,24,0.3225349430483059,1275,1291,7.0523784609,,NA,NA
401531911,2023,11,regular,2023-11-10T00:30:00.000Z,FALSE,TRUE,FALSE,TRUE,15137,3666,Cajun Field,309,Louisiana,fbs,Sun Belt,31,0.2094844157770604,1480,1454,2572,Southern Miss,fbs,Sun Belt,34,0.7905155842229397,1158,1184,8.0351490075,,NA,NA
401531437,2023,11,regular,2023-11-11T02:00:00.000Z,FALSE,TRUE,FALSE,TRUE,22043,3735,Gerald J. Ford Stadium,2567,SMU,fbs,American Athletic,45,0.9889643147406622,1754,1776,249,North Texas,fbs,American Athletic,21,0.011035685259337846,1398,1376,4.9043838736,,NA,NA
401532618,2023,11,regular,2023-11-11T03:45:00.000Z,FALSE,TRUE,FALSE,TRUE,25568,6501,Allegiant Stadium,2439,UNLV,fbs,Mountain West,34,0.9970811749135475,1519,1552,2751,Wyoming,fbs,Mountain West,14,0.00291882508645247,1389,1356,4.4535522765,,NA,NA
401525888,2023,11,regular,2023-11-11T17:00:00.000Z,FALSE,TRUE,FALSE,TRUE,47233,3833,Memorial Stadium,2305,Kansas,fbs,Big 12,13,0.7901598668843383,1585,1582,2641,Texas Tech,fbs,Big 12,16,0.20984013311566174,1608,1611,6.5737871446,,NA,NA
401520386,2023,11,regular,2023-11-11T17:00:00.000Z,FALSE,TRUE,FALSE,TRUE,61936,3683,Kroger Field,96,Kentucky,fbs,SEC,21,4.246242781989342e-4,1645,1612,333,Alabama,fbs,SEC,49,0.9995753757218011,2014,2047,1.8295762222,,NA,NA
401520396,2023,11,regular,2023-11-11T17:00:00.000Z,FALSE,TRUE,FALSE,TRUE,75682,3994,Williams-Brice Stadium,2579,South Carolina,fbs,SEC,47,0.9989287912773187,1511,1597,238,Vanderbilt,fbs,SEC,6,0.0010712087226812939,1261,1175,5.5028609145,,NA,NA
401520394,2023,11,regular,2023-11-11T17:00:00.000Z,FALSE,TRUE,FALSE,TRUE,110856,3632,Beaver Stadium,213,Penn State,fbs,Big Ten,15,0.059310370266205295,2039,2032,130,Michigan,fbs,Big Ten,24,0.9406896297337947,2180,2187,3.9779733566,,NA,NA
401520381,2023,11,regular,2023-11-11T17:00:00.000Z,FALSE,TRUE,FALSE,FALSE,30602,3841,Michie Stadium,349,Army,fbs,FBS Independents,17,0.9107724368211821,1350,1350,107,Holy Cross,fcs,Patriot,14,0.08922756317881786,NA,NA,4.8120153328,,NA,NA
401520383,2023,11,regular,2023-11-11T17:00:00.000Z,FALSE,TRUE,FALSE,TRUE,53157,3832,"Memorial Stadium (Champaign, IL)",356,Illinois,fbs,Big Ten,48,0.97155406770648,1509,1508,84,Indiana,fbs,Big Ten,45,0.028445932293519993,1344,1345,7.1575071144,,NA,NA
401531393,2023,11,regular,2023-11-11T17:00:00.000Z,FALSE,TRUE,FALSE,TRUE,30938,3886,Raymond James Stadium,58,South Florida,fbs,American Athletic,27,0.9782863694100915,1193,1191,218,Temple,fbs,American Athletic,23,0.021713630589908495,1018,1020,8.3975789992,,NA,NA
401525547,2023,11,regular,2023-11-11T17:00:00.000Z,FALSE,TRUE,FALSE,TRUE,33665,3615,"Alumni Stadium (Chestnut Hill, MA)",103,Boston College,fbs,ACC,22,0.014938873476758102,1371,1313,259,Virginia Tech,fbs,ACC,48,0.9850611265232418,1476,1534,2.3267878305,,NA,NA
401525548,2023,11,regular,2023-11-11T17:00:00.000Z,FALSE,TRUE,FALSE,TRUE,81426,3836,"Memorial Stadium (Clemson, SC)",228,Clemson,fbs,ACC,42,0.9774085098443664,1730,1749,59,Georgia Tech,fbs,ACC,21,0.022591490155633553,1423,1404,4.1278129986,,NA,NA
401531344,2023,11,regular,2023-11-11T17:00:00.000Z,FALSE,TRUE,FALSE,TRUE,20126,4729,Yulman Stadium,2655,Tulane,fbs,American Athletic,24,0.6527828108208167,1618,1611,202,Tulsa,fbs,American Athletic,22,0.3472171891791833,1089,1096,6.8432645946,,NA,NA
401520392,2023,11,regular,2023-11-11T17:00:00.000Z,FALSE,TRUE,FALSE,TRUE,86830,3834,"Memorial Stadium (Lincoln, NE)",158,Nebraska,fbs,Big Ten,10,0.1977260568832691,1509,1510,120,Maryland,fbs,Big Ten,13,0.802273943116731,1597,1596,7.7217183414,,NA,NA
401520388,2023,11,regular,2023-11-11T18:00:00.000Z,FALSE,TRUE,FALSE,FALSE,21481,3992,Williams Stadium (VA),2335,Liberty,fbs,Conference USA,38,0.9988826408155758,1650,1693,295,Old Dominion,fbs,Sun Belt,10,0.001117359184424238,1389,1346,4.4712721661,,NA,NA
401531408,2023,11,regular,2023-11-11T19:00:00.000Z,FALSE,TRUE,FALSE,TRUE,8895,4418,Jerry Richardson Stadium,2429,Charlotte,fbs,American Athletic,38,0.681924135994874,1169,1186,235,Memphis,fbs,American Athletic,44,0.318075864005126,1576,1559,8.9538368276,,NA,NA
401525551,2023,11,regular,2023-11-11T19:00:00.000Z,FALSE,TRUE,FALSE,TRUE,29591,3630,Allegacy Federal Credit Union Stadium,154,Wake Forest,fbs,ACC,6,0.0010081617381101139,1487,1444,152,NC State,fbs,ACC,26,0.9989918382618899,1558,1601,2.1140792628,,NA,NA
401520385,2023,11,regular,2023-11-11T19:00:00.000Z,FALSE,TRUE,FALSE,FALSE,25240,3651,Bridgeforth Stadium,256,James Madison,fbs,Sun Belt,44,0.9983480880999642,1725,1758,41,UConn,fbs,FBS Independents,6,0.001651911900035774,1109,1076,3.8317101699,,NA,NA
401531913,2023,11,regular,2023-11-11T19:00:00.000Z,FALSE,TRUE,FALSE,TRUE,14260,4246,Center Parc Stadium,2247,Georgia State,fbs,Sun Belt,14,8.459498195924059e-4,1436,1374,2026,App State,fbs,Sun Belt,42,0.9991540501804076,1556,1618,2.4955716499,,NA,NA
401531915,2023,11,regular,2023-11-11T19:00:00.000Z,FALSE,TRUE,FALSE,TRUE,7683,3817,Malone Stadium,2433,UL Monroe,fbs,Sun Belt,14,0.022003127539598447,1047,1035,2653,Troy,fbs,Sun Belt,45,0.9779968724604016,1697,1709,1.9135617636,,NA,NA
401524052,2023,11,regular,2023-11-11T19:00:00.000Z,FALSE,TRUE,FALSE,TRUE,52788,3726,Folsom Field,38,Colorado,fbs,Pac-12,31,0.2544537519529677,1315,1330,12,Arizona,fbs,Pac-12,34,0.7455462480470323,1657,1642,8.2017388645,,NA,NA
401525889,2023,11,regular,2023-11-11T20:00:00.000Z,FALSE,TRUE,FALSE,TRUE,51790,3636,Bill Snyder Family Stadium,2306,Kansas State,fbs,Big 12,59,0.9987267005720281,1969,2002,239,Baylor,fbs,Big 12,25,0.0012732994279719412,1452,1419,2.766549951,,NA,NA
401532615,2023,11,regular,2023-11-11T20:00:00.000Z,FALSE,TRUE,FALSE,TRUE,17760,3905,Maverik Stadium,328,Utah State,fbs,Mountain West,41,0.9976501156169121,1388,1406,2440,Nevada,fbs,Mountain West,24,0.002349884383087919,1180,1162,5.4115157237,,NA,NA
401520387,2023,11,regular,2023-11-11T20:00:00.000Z,FALSE,TRUE,FALSE,TRUE,15080,3776,Joe Aillet Stadium,2348,Louisiana Tech,fbs,Conference USA,27,0.09915930963802458,1219,1192,2534,Sam Houston,fbs,Conference USA,42,0.9008406903619754,1304,1331,3.9590136448,,NA,NA
401525550,2023,11,regular,2023-11-11T20:30:00.000Z,FALSE,TRUE,FALSE,TRUE,79560,3697,Doak Campbell Stadium,52,Florida State,fbs,ACC,27,0.8124227681313997,1966,1954,2390,Miami,fbs,ACC,20,0.1875772318686003,1549,1561,6.6096728704,,NA,NA
401520398,2023,11,regular,2023-11-11T20:30:00.000Z,FALSE,TRUE,FALSE,TRUE,76124,347,Camp Randall Stadium,275,Wisconsin,fbs,Big Ten,10,0.005962310033211218,1655,1593,77,Northwestern,fbs,Big Ten,24,0.9940376899667888,1379,1441,2.5513519268,,NA,NA
401531384,2023,11,regular,2023-11-11T20:30:00.000Z,FALSE,TRUE,FALSE,TRUE,29078,3852,Navy-Marine Corps Memorial Stadium,2426,Navy,fbs,American Athletic,31,0.9985644500788403,1306,1376,5,UAB,fbs,American Athletic,6,0.0014355499211596845,1367,1297,5.9940308927,,NA,NA
401520395,2023,11,regular,2023-11-11T20:30:00.000Z,FALSE,TRUE,FALSE,TRUE,59049,3907,Ross-Ade Stadium,2509,Purdue,fbs,Big Ten,49,0.998629948789317,1448,1506,135,Minnesota,fbs,Big Ten,30,0.0013700512106830098,1589,1531,4.8733548226,,NA,NA
401531912,2023,11,regular,2023-11-11T20:30:00.000Z,FALSE,TRUE,FALSE,TRUE,15832,3654,Brooks Stadium (SC),324,Coastal Carolina,fbs,Sun Belt,31,0.6087843132154995,1491,1499,326,Texas State,fbs,Sun Belt,23,0.39121568678450047,1424,1416,4.0964543392,,NA,NA
401520390,2023,11,regular,2023-11-11T20:30:00.000Z,FALSE,TRUE,FALSE,TRUE,11111,3725,"Johnny ""Red"" Floyd Stadium",2393,Middle Tennessee,fbs,Conference USA,40,0.9980749033932498,1289,1354,2229,Florida International,fbs,Conference USA,6,0.0019250966067502207,1060,995,3.1054305855,,NA,NA
401525892,2023,11,regular,2023-11-11T20:30:00.000Z,FALSE,TRUE,FALSE,TRUE,44046,3652,FBC Mortgage Stadium,2116,UCF,fbs,Big 12,45,0.998863023135701,1507,1650,197,Oklahoma State,fbs,Big 12,3,0.001136976864299033,1629,1486,3.0351148179,,NA,NA
401525552,2023,11,regular,2023-11-11T20:30:00.000Z,FALSE,TRUE,TRUE,TRUE,17101,4102,Yankee Stadium,183,Syracuse,fbs,ACC,28,0.9515389575016314,1364,1411,221,Pittsburgh,fbs,ACC,13,0.04846104249836858,1448,1401,5.4908975775,,NA,NA
401520399,2023,11,regular,2023-11-11T20:30:00.000Z,FALSE,TRUE,FALSE,TRUE,16319,3796,Houchens Industries-L.T. Smith Stadium,98,Western Kentucky,fbs,Conference USA,29,0.11136139878720129,1495,1465,166,New Mexico State,fbs,Conference USA,38,0.8886386012127987,1361,1391,5.6110813473,,NA,NA
401520391,2023,11,regular,2023-11-11T20:30:00.000Z,FALSE,TRUE,FALSE,TRUE,62621,3838,Memorial Stadium,142,Missouri,fbs,SEC,36,0.9984466978462763,1643,1761,2633,Tennessee,fbs,SEC,7,0.0015533021537237346,1948,1830,4.8016436885,,NA,NA
401520384,2023,11,regular,2023-11-11T20:30:00.000Z,FALSE,TRUE,FALSE,TRUE,69250,3793,Kinnick Stadium,2294,Iowa,fbs,Big Ten,22,0.9922593256402501,1648,1683,164,Rutgers,fbs,Big Ten,0,0.0077406743597498995,1477,1442,5.0597921325,,NA,NA
401524056,2023,11,regular,2023-11-11T20:30:00.000Z,FALSE,TRUE,FALSE,TRUE,70976,3765,Husky Stadium,264,Washington,fbs,Pac-12,35,0.3357079466573807,1864,1871,254,Utah,fbs,Pac-12,28,0.6642920533426193,1823,1816,7.6120683698,,NA,NA
401524051,2023,11,regular,2023-11-11T21:00:00.000Z,FALSE,TRUE,FALSE,TRUE,38155,3831,California Memorial Stadium,25,California,fbs,Pac-12,42,0.9898982694783984,1425,1426,265,Washington State,fbs,Pac-12,39,0.01010173052160157,1435,1434,7.0202782158,,NA,NA
401520380,2023,11,regular,2023-11-11T21:00:00.000Z,FALSE,TRUE,FALSE,TRUE,72033,3887,Razorback Stadium,8,Arkansas,fbs,SEC,10,6.648208892655079e-4,1600,1485,2,Auburn,fbs,SEC,48,0.9993351791107344,1590,1705,1.2059728162,,NA,NA
401531416,2023,11,regular,2023-11-11T21:00:00.000Z,FALSE,TRUE,FALSE,TRUE,NA,3715,FAU Stadium,2226,Florida Atlantic,fbs,American Athletic,7,0.0869406019893345,1446,1401,151,East Carolina,fbs,American Athletic,22,0.9130593980106655,1348,1393,5.2991985649,,NA,NA
401531916,2023,11,regular,2023-11-11T22:00:00.000Z,FALSE,TRUE,FALSE,TRUE,15242,6526,Hancock Whitney Stadium,6,South Alabama,fbs,Sun Belt,21,0.9419452482230051,1627,1615,2032,Arkansas State,fbs,Sun Belt,14,0.05805475177699493,1210,1222,4.7072760279,,NA,NA
401524054,2023,11,regular,2023-11-11T22:30:00.000Z,FALSE,TRUE,FALSE,TRUE,37107,3893,Reser Stadium,204,Oregon State,fbs,Pac-12,62,0.9985449320911168,1765,1830,24,Stanford,fbs,Pac-12,17,0.0014550679088831675,1249,1184,2.976711818,,NA,NA
401531914,2023,11,regular,2023-11-12T00:00:00.000Z,FALSE,TRUE,FALSE,TRUE,19175,3775,Joan C. Edwards Stadium,276,Marshall,fbs,Sun Belt,38,0.971434545491464,1378,1385,290,Georgia Southern,fbs,Sun Belt,33,0.02856545450853598,1432,1425,8.821827023,,NA,NA
401532617,2023,11,regular,2023-11-12T00:00:00.000Z,FALSE,TRUE,FALSE,TRUE,22033,5388,Canvas Stadium,36,Colorado State,fbs,Mountain West,22,0.9452557699191421,1269,1271,21,San Diego State,fbs,Mountain West,19,0.054744230080857936,1321,1319,4.7198857296,,NA,NA
401525890,2023,11,regular,2023-11-12T00:00:00.000Z,FALSE,TRUE,FALSE,TRUE,83525,3835,"Memorial Stadium (Norman, OK)",201,Oklahoma,fbs,Big 12,59,0.9982937724060233,1906,1975,277,West Virginia,fbs,Big 12,20,0.0017062275939766502,1577,1508,3.678810818,,NA,NA
401520382,2023,11,regular,2023-11-12T00:00:00.000Z,FALSE,TRUE,FALSE,TRUE,92746,3917,Sanford Stadium,61,Georgia,fbs,SEC,52,0.9988662068047057,2060,2115,145,Ole Miss,fbs,SEC,17,0.0011337931952942748,1714,1659,4.0771027674,,NA,NA
401525887,2023,11,regular,2023-11-12T00:00:00.000Z,FALSE,TRUE,FALSE,TRUE,34312,4728,TDECU Stadium,248,Houston,fbs,Big 12,14,0.08109892399012175,1482,1457,2132,Cincinnati,fbs,Big 12,24,0.9189010760098782,1431,1456,3.7663213726,,NA,NA
401525891,2023,11,regular,2023-11-12T00:30:00.000Z,FALSE,TRUE,FALSE,TRUE,50812,3616,Amon G. Carter Stadium,2628,TCU,fbs,Big 12,26,0.13480606127126865,1605,1619,251,Texas,fbs,Big 12,29,0.8651939387287313,1932,1918,4.1664406628,,NA,NA
401520397,2023,11,regular,2023-11-12T00:30:00.000Z,FALSE,TRUE,FALSE,TRUE,103266,3795,Kyle Field,245,Texas A&M,fbs,SEC,51,0.9865566277289436,1743,1827,344,Mississippi State,fbs,SEC,10,0.013443372271056409,1476,1392,3.3991631192,,NA,NA
401520389,2023,11,regular,2023-11-12T00:30:00.000Z,FALSE,TRUE,FALSE,TRUE,102321,3958,Tiger Stadium (LA),99,LSU,fbs,SEC,52,0.9914708712487127,1927,1934,57,Florida,fbs,SEC,35,0.008529128751287307,1588,1581,7.2616305163,,NA,NA
401531400,2023,11,regular,2023-11-12T00:30:00.000Z,FALSE,TRUE,FALSE,TRUE,28245,3604,Alamodome,2636,UTSA,fbs,American Athletic,34,0.993516321322134,1624,1642,242,Rice,fbs,American Athletic,14,0.006483678677866034,1336,1318,4.7912907859,,NA,NA
401520393,2023,11,regular,2023-11-12T00:30:00.000Z,FALSE,TRUE,FALSE,TRUE,105137,3861,Ohio Stadium,194,Ohio State,fbs,Big Ten,38,0.9989431534106143,2065,2084,127,Michigan State,fbs,Big Ten,3,0.0010568465893856516,1388,1369,2.3152455971,,NA,NA
401525549,2023,11,regular,2023-11-12T01:00:00.000Z,FALSE,TRUE,FALSE,TRUE,50500,3787,Kenan Stadium,153,North Carolina,fbs,ACC,47,0.36023858457115093,1701,1701,150,Duke,fbs,ACC,45,0.6397614154288491,1631,1631,8.5189466177,,NA,NA
401524055,2023,11,regular,2023-11-12T02:00:00.000Z,FALSE,TRUE,FALSE,TRUE,56436,1056,Rose Bowl,26,UCLA,fbs,Pac-12,7,0.8444625970617196,1662,1607,9,Arizona State,fbs,Pac-12,17,0.15553740293828044,1313,1368,5.3988846389,,NA,NA
401532616,2023,11,regular,2023-11-12T03:00:00.000Z,FALSE,TRUE,FALSE,TRUE,34076,3653,Albertsons Stadium,68,Boise State,fbs,Mountain West,42,0.9906511266509583,1584,1597,167,New Mexico,fbs,Mountain West,14,0.009348873349041664,1029,1016,3.3070753691,,NA,NA
401525886,2023,11,regular,2023-11-12T03:15:00.000Z,FALSE,TRUE,FALSE,TRUE,60754,3801,LaVell Edwards Stadium,252,BYU,fbs,Big 12,13,0.007877387650701409,1400,1334,66,Iowa State,fbs,Big 12,45,0.9921226123492985,1594,1660,2.1814799447,,NA,NA
401532614,2023,11,regular,2023-11-12T03:30:00.000Z,FALSE,TRUE,FALSE,TRUE,18886,3935,CEFCU Stadium,23,San José State,fbs,Mountain West,42,0.998862969325637,1501,1589,278,Fresno State,fbs,Mountain West,18,0.0011370306743629932,1735,1647,3.0964081893,,NA,NA
401524053,2023,11,regular,2023-11-12T03:30:00.000Z,FALSE,TRUE,FALSE,TRUE,59957,3626,Autzen Stadium,2483,Oregon,fbs,Pac-12,36,0.9916181973721744,1976,1976,30,USC,fbs,Pac-12,27,0.008381802627825619,1743,1743,4.7162990906,,NA,NA
401532613,2023,11,regular,2023-11-12T04:00:00.000Z,FALSE,TRUE,FALSE,TRUE,12742,7220,Clarence T.C. Ching Athletics Complex,62,Hawai'i,fbs,Mountain West,27,0.33096398683208,1062,1152,2005,Air Force,fbs,Mountain West,13,0.66903601316792,1663,1573,4.1250879763,,NA,NA
401532445,2023,12,regular,2023-11-15T00:00:00.000Z,FALSE,TRUE,FALSE,TRUE,13664,3912,Rynearson Stadium,2199,Eastern Michigan,fbs,Mid-American,30,0.0822099161799782,1251,1249,2006,Akron,fbs,Mid-American,27,0.9177900838200218,1052,1054,4.9326013624,,NA,NA
401532444,2023,12,regular,2023-11-15T00:00:00.000Z,FALSE,TRUE,FALSE,TRUE,6417,3764,Huskie Stadium,2459,Northern Illinois,fbs,Mid-American,24,0.9963068101252305,1379,1434,2711,Western Michigan,fbs,Mid-American,0,0.00369318987476952,1333,1278,4.885579081,,NA,NA
401532443,2023,12,regular,2023-11-15T00:00:00.000Z,FALSE,TRUE,FALSE,TRUE,20590,3700,Doyt L. Perry Stadium,189,Bowling Green,fbs,Mid-American,31,0.24787367528077695,1342,1351,2649,Toledo,fbs,Mid-American,32,0.752126324719223,1561,1552,6.2071802169,,NA,NA
401532446,2023,12,regular,2023-11-16T00:00:00.000Z,FALSE,TRUE,FALSE,TRUE,14736,3876,Peden Stadium,195,Ohio,fbs,Mid-American,34,0.9925732354014714,1496,1505,2117,Central Michigan,fbs,Mid-American,20,0.007426764598528646,1266,1257,6.7463749643,,NA,NA
401532447,2023,12,regular,2023-11-16T00:00:00.000Z,FALSE,TRUE,FALSE,TRUE,7561,3996,Yager Stadium,193,Miami (OH),fbs,Mid-American,23,0.9830719176011944,1494,1506,2084,Buffalo,fbs,Mid-American,10,0.01692808239880561,1334,1322,5.2633508072,,NA,NA
401525553,2023,12,regular,2023-11-17T00:00:00.000Z,FALSE,TRUE,FALSE,TRUE,41842,3752,Acrisure Stadium,221,Pittsburgh,fbs,ACC,24,0.9902942317981692,1401,1408,103,Boston College,fbs,ACC,16,0.009705768201830778,1313,1306,7.2886063305,,NA,NA
401531401,2023,12,regular,2023-11-18T02:00:00.000Z,FALSE,TRUE,FALSE,TRUE,22096,3604,Alamodome,2636,UTSA,fbs,American Athletic,49,0.9854196421605432,1642,1665,58,South Florida,fbs,American Athletic,21,0.01458035783945677,1191,1168,4.7204143394,,NA,NA
401524057,2023,12,regular,2023-11-18T03:30:00.000Z,FALSE,TRUE,FALSE,TRUE,27869,3820,Gesa Field,265,Washington State,fbs,Pac-12,56,0.9989171082548581,1434,1543,38,Colorado,fbs,Pac-12,14,0.0010828917451418674,1330,1221,2.7493616865,,NA,NA
401525893,2023,12,regular,2023-11-18T17:00:00.000Z,FALSE,TRUE,FALSE,TRUE,63714,3801,LaVell Edwards Stadium,252,BYU,fbs,Big 12,24,0.21655871690280554,1334,1364,201,Oklahoma,fbs,Big 12,31,0.7834412830971944,1975,1945,6.6266631788,,NA,NA
401520401,2023,12,regular,2023-11-18T17:00:00.000Z,FALSE,TRUE,FALSE,FALSE,100077,3657,Bryant-Denny Stadium,333,Alabama,fbs,SEC,66,0.9989380306848916,2072,2072,236,Chattanooga,fcs,Southern,10,0.0010619693151083798,NA,NA,2.9036353192,,NA,NA
401520421,2023,12,regular,2023-11-18T17:00:00.000Z,FALSE,TRUE,FALSE,FALSE,19053,3892,Pratt & Whitney Stadium,41,UConn,fbs,FBS Independents,31,0.9963443017038565,1047,1047,2529,Sacred Heart,fcs,NEC,3,0.003655698296143539,NA,NA,2.7764757588,,NA,NA
401520420,2023,12,regular,2023-11-18T17:00:00.000Z,FALSE,TRUE,FALSE,FALSE,94794,3795,Kyle Field,245,Texas A&M,fbs,SEC,38,0.9932087747170723,1837,1837,2000,Abilene Christian,fcs,UAC,10,0.006791225282927749,NA,NA,4.7473865774,,NA,NA
401520412,2023,12,regular,2023-11-18T17:00:00.000Z,FALSE,TRUE,FALSE,FALSE,NA,3693,Davis Wade Stadium,344,Mississippi State,fbs,SEC,41,0.9836152748623924,1392,1421,2572,Southern Miss,fbs,Sun Belt,20,0.01638472513760758,1184,1155,5.8865371311,,NA,NA
401520403,2023,12,regular,2023-11-18T17:00:00.000Z,FALSE,TRUE,FALSE,FALSE,26867,3841,Michie Stadium,349,Army,fbs,FBS Independents,28,0.8751740196505599,1361,1379,324,Coastal Carolina,fbs,Sun Belt,21,0.12482598034944015,1499,1481,4.0006098111,,NA,NA
401520414,2023,12,regular,2023-11-18T17:00:00.000Z,FALSE,TRUE,FALSE,TRUE,23291,3911,Ryan Field,77,Northwestern,fbs,Big Ten,23,0.22396478575862885,1441,1457,2509,Purdue,fbs,Big Ten,15,0.7760352142413711,1506,1490,6.4371197038,,NA,NA
401520410,2023,12,regular,2023-11-18T17:00:00.000Z,FALSE,TRUE,FALSE,TRUE,49546,3665,SECU Stadium,120,Maryland,fbs,Big Ten,24,0.4530596103521532,1596,1623,130,Michigan,fbs,Big Ten,31,0.5469403896478469,2187,2160,4.4781627801,,NA,NA
401531375,2023,12,regular,2023-11-18T17:00:00.000Z,FALSE,TRUE,FALSE,TRUE,15871,3715,FAU Stadium,2226,Florida Atlantic,fbs,American Athletic,8,0.003290430694419577,1401,1384,2655,Tulane,fbs,American Athletic,24,0.9967095693055804,1611,1628,2.223866859,,NA,NA
401525558,2023,12,regular,2023-11-18T17:00:00.000Z,FALSE,TRUE,FALSE,TRUE,44996,3948,Hard Rock Stadium,2390,Miami,fbs,ACC,31,0.036192500575108366,1561,1563,97,Louisville,fbs,ACC,38,0.9638074994248916,1763,1761,7.9467365297,,NA,NA
401531431,2023,12,regular,2023-11-18T17:00:00.000Z,FALSE,TRUE,FALSE,TRUE,30313,3805,Simmons Bank Liberty Stadium,235,Memphis,fbs,American Athletic,34,0.05617868534413711,1559,1566,2567,SMU,fbs,American Athletic,38,0.9438213146558629,1776,1769,6.8320872557,,NA,NA
401520405,2023,12,regular,2023-11-18T17:00:00.000Z,FALSE,TRUE,FALSE,TRUE,40666,3830,"Memorial Stadium (Bloomington, IN)",84,Indiana,fbs,Big Ten,21,0.7823955807356379,1345,1342,127,Michigan State,fbs,Big Ten,24,0.21760441926436214,1369,1372,7.5539793074,,NA,NA
401520417,2023,12,regular,2023-11-18T17:00:00.000Z,FALSE,TRUE,FALSE,TRUE,105114,3632,Beaver Stadium,213,Penn State,fbs,Big Ten,27,0.9882211542867715,2032,2027,164,Rutgers,fbs,Big Ten,6,0.011778845713228514,1442,1447,5.0070188071,,NA,NA
401520416,2023,12,regular,2023-11-18T17:00:00.000Z,FALSE,TRUE,FALSE,FALSE,60752,3974,Vaught-Hemingway Stadium,145,Ole Miss,fbs,SEC,35,0.9986091425393782,1659,1676,2433,UL Monroe,fbs,Sun Belt,3,0.0013908574606218416,1035,1018,5.5009900131,,NA,NA
401531417,2023,12,regular,2023-11-18T17:00:00.000Z,FALSE,TRUE,FALSE,TRUE,28708,3852,Navy-Marine Corps Memorial Stadium,2426,Navy,fbs,American Athletic,10,0.9862758850716574,1376,1394,151,East Carolina,fbs,American Athletic,0,0.013724114928342579,1393,1375,5.6997836156,,NA,NA
401520408,2023,12,regular,2023-11-18T18:00:00.000Z,FALSE,TRUE,FALSE,FALSE,16860,3992,Williams Stadium (VA),2335,Liberty,fbs,Conference USA,49,0.9988765423337334,1693,1683,113,Massachusetts,fbs,FBS Independents,25,0.0011234576662666473,972,982,4.5610484133,,NA,NA
401532620,2023,12,regular,2023-11-18T19:00:00.000Z,FALSE,TRUE,FALSE,TRUE,18233,3984,War Memorial Stadium,2751,Wyoming,fbs,Mountain West,42,0.998968948367474,1356,1421,62,Hawai'i,fbs,Mountain West,9,0.0010310516325260366,1152,1087,2.1935059811,,NA,NA
401531918,2023,12,regular,2023-11-18T19:00:00.000Z,FALSE,TRUE,FALSE,TRUE,25838,3651,Bridgeforth Stadium,256,James Madison,fbs,Sun Belt,23,0.2861901553168356,1758,1745,2026,App State,fbs,Sun Belt,26,0.7138098446831644,1618,1631,6.4826315784,,NA,NA
401520407,2023,12,regular,2023-11-18T19:00:00.000Z,FALSE,TRUE,FALSE,TRUE,20252,3662,AmFirst Stadium,55,Jacksonville State,fbs,Conference USA,56,0.9989472476559368,1490,1563,2348,Louisiana Tech,fbs,Conference USA,17,0.0010527523440632125,1192,1119,2.9604598442,,NA,NA
401532448,2023,12,regular,2023-11-18T19:00:00.000Z,FALSE,TRUE,FALSE,TRUE,8554,3919,Scheumann Stadium,2050,Ball State,fbs,Mid-American,34,0.9928407972151629,1186,1251,2309,Kent State,fbs,Mid-American,3,0.00715920278483706,1036,971,4.1375040667,,NA,NA
401520411,2023,12,regular,2023-11-18T19:00:00.000Z,FALSE,TRUE,FALSE,TRUE,9122,3725,"Johnny ""Red"" Floyd Stadium",2393,Middle Tennessee,fbs,Conference USA,34,0.23343683935667572,1354,1352,2638,UTEP,fbs,Conference USA,30,0.7665631606433243,1181,1183,9.6889619671,,NA,NA
401531409,2023,12,regular,2023-11-18T19:00:00.000Z,FALSE,TRUE,FALSE,TRUE,9385,4418,Jerry Richardson Stadium,2429,Charlotte,fbs,American Athletic,7,8.764784562043419e-4,1186,1147,242,Rice,fbs,American Athletic,28,0.9991235215437957,1318,1357,3.2351765905,,NA,NA
401524058,2023,12,regular,2023-11-18T19:30:00.000Z,FALSE,TRUE,FALSE,TRUE,50800,3619,Arizona Stadium,12,Arizona,fbs,Pac-12,42,0.9987471266880643,1642,1723,254,Utah,fbs,Pac-12,18,0.0012528733119356872,1816,1735,2.8314048491,,NA,NA
401525899,2023,12,regular,2023-11-18T19:30:00.000Z,FALSE,TRUE,FALSE,TRUE,43588,3842,Milan Puskar Stadium,277,West Virginia,fbs,Big 12,42,0.9988363307327495,1508,1552,2132,Cincinnati,fbs,Big 12,21,0.0011636692672505333,1456,1412,3.6059634769,,NA,NA
401531385,2023,12,regular,2023-11-18T20:00:00.000Z,FALSE,TRUE,FALSE,TRUE,17486,7221,Protective Stadium,5,UAB,fbs,American Athletic,34,0.9931471617278191,1297,1295,218,Temple,fbs,American Athletic,24,0.006852838272180861,1020,1022,8.2189001443,,NA,NA
401532621,2023,12,regular,2023-11-18T20:00:00.000Z,FALSE,TRUE,FALSE,TRUE,20121,5388,Canvas Stadium,36,Colorado State,fbs,Mountain West,30,0.56666074069934,1271,1280,2440,Nevada,fbs,Mountain West,20,0.43333925930066,1162,1153,6.715459578,,NA,NA
401525555,2023,12,regular,2023-11-18T20:00:00.000Z,FALSE,TRUE,FALSE,TRUE,36400,3923,Scott Stadium,258,Virginia,fbs,ACC,30,0.9663383242079827,1291,1297,150,Duke,fbs,ACC,27,0.03366167579201729,1631,1625,6.3440558835,,NA,NA
401531919,2023,12,regular,2023-11-18T20:00:00.000Z,FALSE,TRUE,FALSE,TRUE,16721,3625,Centennial Bank Stadium,2032,Arkansas State,fbs,Sun Belt,77,0.9981991430922414,1222,1394,326,Texas State,fbs,Sun Belt,31,0.0018008569077585523,1416,1244,5.0304870152,,NA,NA
401531345,2023,12,regular,2023-11-18T20:00:00.000Z,FALSE,TRUE,FALSE,TRUE,16520,3674,Chapman Stadium,202,Tulsa,fbs,American Athletic,28,0.2901455692753078,1096,1103,249,North Texas,fbs,American Athletic,35,0.7098544307246921,1376,1369,6.3973171154,,NA,NA
401524062,2023,12,regular,2023-11-18T20:30:00.000Z,FALSE,TRUE,FALSE,TRUE,72244,477,Los Angeles Memorial Coliseum,30,USC,fbs,Pac-12,20,0.01956267291704746,1743,1683,26,UCLA,fbs,Pac-12,38,0.9804373270829525,1607,1667,4.0205688509,,NA,NA
401520419,2023,12,regular,2023-11-18T20:30:00.000Z,FALSE,TRUE,FALSE,TRUE,101915,3853,Neyland Stadium,2633,Tennessee,fbs,SEC,10,0.0016689121047523175,1830,1787,61,Georgia,fbs,SEC,38,0.9983310878952477,2115,2158,2.0415694144,,NA,NA
401525442,2023,12,regular,2023-11-18T20:30:00.000Z,FALSE,TRUE,FALSE,FALSE,77622,3855,Notre Dame Stadium,87,Notre Dame,fbs,FBS Independents,45,0.9866591849278846,1966,2010,154,Wake Forest,fbs,ACC,7,0.013340815072115375,1444,1400,4.1256620453,,NA,NA
401520406,2023,12,regular,2023-11-18T20:30:00.000Z,FALSE,TRUE,FALSE,TRUE,69250,3793,Kinnick Stadium,2294,Iowa,fbs,Big Ten,15,0.8833322491635217,1683,1681,356,Illinois,fbs,Big Ten,13,0.11666775083647829,1508,1510,7.7396394761,,NA,NA
401532624,2023,12,regular,2023-11-18T20:30:00.000Z,FALSE,TRUE,FALSE,TRUE,23574,3713,Falcon Stadium,2005,Air Force,fbs,Mountain West,27,0.8475013921150545,1573,1565,2439,UNLV,fbs,Mountain West,31,0.15249860788494551,1552,1560,8.4050466707000009,,NA,NA
401525554,2023,12,regular,2023-11-18T20:30:00.000Z,FALSE,TRUE,FALSE,TRUE,81305,3836,"Memorial Stadium (Clemson, SC)",228,Clemson,fbs,ACC,31,0.9456953967588377,1749,1765,153,North Carolina,fbs,ACC,20,0.054304603241162264,1701,1685,6.8201516236,,NA,NA
401520423,2023,12,regular,2023-11-18T20:30:00.000Z,FALSE,TRUE,FALSE,TRUE,11041,3796,Houchens Industries-L.T. Smith Stadium,98,Western Kentucky,fbs,Conference USA,28,0.8484260424926411,1465,1465,2534,Sam Houston,fbs,Conference USA,23,0.15157395750735891,1331,1331,9.0432135457,,NA,NA
401525897,2023,12,regular,2023-11-18T20:30:00.000Z,FALSE,TRUE,FALSE,TRUE,42621,3616,Amon G. Carter Stadium,2628,TCU,fbs,Big 12,42,0.998583074133437,1619,1660,239,Baylor,fbs,Big 12,17,0.0014169258665629458,1419,1378,5.1979857325,,NA,NA
401525559,2023,12,regular,2023-11-18T20:30:00.000Z,FALSE,TRUE,FALSE,TRUE,65632,3799,Lane Stadium,259,Virginia Tech,fbs,ACC,28,0.011027971217194411,1534,1526,152,NC State,fbs,ACC,35,0.9889720287828055,1601,1609,3.0165214223,,NA,NA
401531921,2023,12,regular,2023-11-18T20:30:00.000Z,FALSE,TRUE,FALSE,TRUE,26621,3975,Veterans Memorial Stadium (AL),2653,Troy,fbs,Sun Belt,31,0.9573434191853616,1709,1705,309,Louisiana,fbs,Sun Belt,24,0.04265658081463841,1454,1458,8.4652585237,,NA,NA
401524059,2023,12,regular,2023-11-18T21:00:00.000Z,FALSE,TRUE,FALSE,TRUE,44741,3947,Mountain America Stadium,9,Arizona State,fbs,Pac-12,13,3.0571107626642673e-4,1368,1338,2483,Oregon,fbs,Pac-12,49,0.9996942889237336,1976,2006,1.6683031038,,NA,NA
401520415,2023,12,regular,2023-11-18T21:00:00.000Z,FALSE,TRUE,FALSE,TRUE,104019,3861,Ohio Stadium,194,Ohio State,fbs,Big Ten,37,0.9947509398370221,2084,2113,135,Minnesota,fbs,Big Ten,3,0.005249060162977881,1531,1502,2.9218692138,,NA,NA
401525894,2023,12,regular,2023-11-18T21:00:00.000Z,FALSE,TRUE,FALSE,TRUE,33906,4728,TDECU Stadium,248,Houston,fbs,Big 12,30,0.5127204167899665,1457,1431,197,Oklahoma State,fbs,Big 12,43,0.4872795832100335,1486,1512,5.9673467018,,NA,NA
401520404,2023,12,regular,2023-11-18T21:00:00.000Z,FALSE,TRUE,FALSE,FALSE,88043,3785,Jordan-Hare Stadium,2,Auburn,fbs,SEC,10,0.006843892191772714,1705,1612,166,New Mexico State,fbs,Conference USA,31,0.9931561078082273,1391,1484,3.7857283942,,NA,NA
401531920,2023,12,regular,2023-11-18T22:00:00.000Z,FALSE,TRUE,FALSE,TRUE,14105,6526,Hancock Whitney Stadium,6,South Alabama,fbs,Sun Belt,28,0.9733862961434829,1615,1662,276,Marshall,fbs,Sun Belt,0,0.026613703856517068,1385,1338,3.3072322046,,NA,NA
401525898,2023,12,regular,2023-11-18T22:00:00.000Z,FALSE,TRUE,FALSE,TRUE,53851,3784,Jones AT&T Stadium,2641,Texas Tech,fbs,Big 12,24,0.10846430454496706,1611,1613,2116,UCF,fbs,Big 12,23,0.891535695455033,1650,1648,8.1386643652,,NA,NA
401531917,2023,12,regular,2023-11-18T23:00:00.000Z,FALSE,TRUE,FALSE,TRUE,20032,3608,Allen E. Paulson Stadium,290,Georgia Southern,fbs,Sun Belt,17,0.23067511429829055,1425,1416,295,Old Dominion,fbs,Sun Belt,20,0.7693248857017094,1346,1355,7.3914744251,,NA,NA
401524061,2023,12,regular,2023-11-18T23:30:00.000Z,FALSE,TRUE,FALSE,TRUE,52971,3940,Stanford Stadium,24,Stanford,fbs,Pac-12,15,0.0037917216359205975,1184,1179,25,California,fbs,Pac-12,27,0.9962082783640794,1426,1431,4.7613728868,,NA,NA
401525556,2023,12,regular,2023-11-18T23:30:00.000Z,FALSE,TRUE,FALSE,FALSE,79560,3697,Doak Campbell Stadium,52,Florida State,fbs,ACC,58,0.9958211556207305,1960,1960,2453,North Alabama,fcs,UAC,13,0.00417884437926952,NA,NA,4.1569312921,,NA,NA
401525896,2023,12,regular,2023-11-19T00:00:00.000Z,FALSE,TRUE,FALSE,TRUE,47233,3833,Memorial Stadium,2305,Kansas,fbs,Big 12,27,0.9872906944978702,1582,1601,2306,Kansas State,fbs,Big 12,31,0.012709305502129786,2002,1983,6.5158143339,,NA,NA
401532619,2023,12,regular,2023-11-19T00:00:00.000Z,FALSE,TRUE,FALSE,TRUE,17821,3905,Maverik Stadium,328,Utah State,fbs,Mountain West,10,0.0032809489633981166,1406,1330,68,Boise State,fbs,Mountain West,45,0.9967190510366019,1597,1673,3.3071218756,,NA,NA
401520402,2023,12,regular,2023-11-19T00:30:00.000Z,FALSE,TRUE,FALSE,FALSE,61442,3887,Razorback Stadium,8,Arkansas,fbs,SEC,44,0.99601692744545,1485,1495,2229,Florida International,fbs,Conference USA,20,0.003983072554549993,995,985,6.9102763164,,NA,NA
401520418,2023,12,regular,2023-11-19T00:30:00.000Z,FALSE,TRUE,FALSE,TRUE,77788,3994,Williams-Brice Stadium,2579,South Carolina,fbs,SEC,17,0.8786238574270908,1597,1598,96,Kentucky,fbs,SEC,14,0.12137614257290918,1612,1611,7.917844147,,NA,NA
401520422,2023,12,regular,2023-11-19T00:30:00.000Z,FALSE,TRUE,FALSE,TRUE,72237,347,Camp Randall Stadium,275,Wisconsin,fbs,Big Ten,24,0.084424739398495,1593,1598,158,Nebraska,fbs,Big Ten,17,0.915575260601505,1510,1505,7.4791097348,,NA,NA
401524060,2023,12,regular,2023-11-19T00:30:00.000Z,FALSE,TRUE,FALSE,TRUE,38415,3893,Reser Stadium,204,Oregon State,fbs,Pac-12,20,0.6877440253785857,1830,1830,264,Washington,fbs,Pac-12,22,0.3122559746214143,1871,1871,5.5630644557,,NA,NA
401520413,2023,12,regular,2023-11-19T00:30:00.000Z,FALSE,TRUE,FALSE,TRUE,62621,3838,Memorial Stadium,142,Missouri,fbs,SEC,33,0.17603007809102122,1761,1759,57,Florida,fbs,SEC,31,0.8239699219089788,1581,1583,7.9341170489,,NA,NA
401525557,2023,12,regular,2023-11-19T01:00:00.000Z,FALSE,TRUE,FALSE,TRUE,33332,721,Bobby Dodd Stadium,59,Georgia Tech,fbs,ACC,31,0.9819162900027912,1404,1419,183,Syracuse,fbs,ACC,22,0.018083709997208763,1411,1396,6.3721965705,,NA,NA
401520409,2023,12,regular,2023-11-19T01:00:00.000Z,FALSE,TRUE,FALSE,FALSE,100212,3958,Tiger Stadium (LA),99,LSU,fbs,SEC,56,0.9989452707487849,1934,1985,2247,Georgia State,fbs,Sun Belt,14,0.0010547292512150808,1374,1323,3.4671209608,,NA,NA
401525895,2023,12,regular,2023-11-19T01:00:00.000Z,FALSE,TRUE,FALSE,TRUE,61500,3772,Jack Trice Stadium,66,Iowa State,fbs,Big 12,16,0.37657859113212705,1660,1661,251,Texas,fbs,Big 12,26,0.6234214088678729,1918,1917,5.4768661412,,NA,NA
401532622,2023,12,regular,2023-11-19T03:30:00.000Z,FALSE,TRUE,FALSE,TRUE,38569,3660,Valley Children's Stadium,278,Fresno State,fbs,Mountain West,17,0.0013629683614068352,1647,1570,167,New Mexico,fbs,Mountain West,25,0.9986370316385932,1016,1093,5.1006465806,,NA,NA
401532623,2023,12,regular,2023-11-19T03:30:00.000Z,FALSE,TRUE,FALSE,TRUE,16224,3935,CEFCU Stadium,23,San José State,fbs,Mountain West,24,0.9975844497002955,1589,1589,21,San Diego State,fbs,Mountain West,13,0.0024155502997045275,1319,1319,5.8982374591,,NA,NA
401532450,2023,13,regular,2023-11-22T00:00:00.000Z,FALSE,TRUE,FALSE,TRUE,8901,3980,Waldo Stadium,2711,Western Michigan,fbs,Mid-American,10,0.005529572035070099,1278,1223,189,Bowling Green,fbs,Mid-American,34,0.9944704279649299,1351,1406,1.6720107052,,NA,NA
401532449,2023,13,regular,2023-11-22T00:30:00.000Z,FALSE,TRUE,FALSE,TRUE,11243,3965,UB Stadium,2084,Buffalo,fbs,Mid-American,11,0.03418421911892972,1322,1286,2199,Eastern Michigan,fbs,Mid-American,24,0.9658157808810702,1249,1285,2.9939583004,,NA,NA
401520424,2023,13,regular,2023-11-24T00:30:00.000Z,FALSE,TRUE,FALSE,TRUE,60412,3693,Davis Wade Stadium,344,Mississippi State,fbs,SEC,7,0.13921049281152242,1421,1421,145,Ole Miss,fbs,SEC,17,0.8607895071884776,1676,1676,6.3310916576,,NA,NA
401520425,2023,13,regular,2023-11-24T17:00:00.000Z,FALSE,TRUE,FALSE,TRUE,86183,3834,"Memorial Stadium (Lincoln, NE)",158,Nebraska,fbs,Big Ten,10,0.5736448837173987,1505,1511,2294,Iowa,fbs,Big Ten,13,0.42635511628260125,1681,1675,8.0530877996,,NA,NA
401532452,2023,13,regular,2023-11-24T17:00:00.000Z,FALSE,TRUE,FALSE,TRUE,6152,3768,InfoCision Stadium,2006,Akron,fbs,Mid-American,14,0.0012669968938095178,1054,1068,195,Ohio,fbs,Mid-American,25,0.9987330031061905,1505,1491,5.0213496203,,NA,NA
401525900,2023,13,regular,2023-11-24T17:00:00.000Z,FALSE,TRUE,FALSE,TRUE,83669,3835,"Memorial Stadium (Norman, OK)",201,Oklahoma,fbs,Big 12,69,0.997106458367676,1945,1974,2628,TCU,fbs,Big 12,45,0.002893541632324026,1660,1631,4.995786411,,NA,NA
401531394,2023,13,regular,2023-11-24T17:00:00.000Z,FALSE,TRUE,FALSE,TRUE,10830,3806,Lincoln Financial Field,218,Temple,fbs,American Athletic,21,0.03503425355840581,1022,1017,235,Memphis,fbs,American Athletic,45,0.9649657464415942,1566,1571,2.6484414543,,NA,NA
401525560,2023,13,regular,2023-11-24T17:00:00.000Z,FALSE,TRUE,FALSE,TRUE,30569,3615,"Alumni Stadium (Chestnut Hill, MA)",103,Boston College,fbs,ACC,20,0.002014053447876406,1306,1269,2390,Miami,fbs,ACC,45,0.9979859465521236,1563,1600,2.5931293829,,NA,NA
401532451,2023,13,regular,2023-11-24T17:00:00.000Z,FALSE,TRUE,FALSE,TRUE,8612,3786,Kelly/Shorts Stadium,2117,Central Michigan,fbs,Mid-American,17,0.2071400066579493,1257,1250,2649,Toledo,fbs,Mid-American,32,0.7928599933420507,1552,1559,3.8573119318,,NA,NA
401532629,2023,13,regular,2023-11-24T20:30:00.000Z,FALSE,TRUE,FALSE,TRUE,12094,3971,University Stadium (NM),167,New Mexico,fbs,Mountain West,41,0.08329390445634482,1093,1102,328,Utah State,fbs,Mountain West,44,0.9167060955436552,1330,1321,10.3759804369,,NA,NA
401531376,2023,13,regular,2023-11-24T20:30:00.000Z,FALSE,TRUE,FALSE,TRUE,25103,4729,Yulman Stadium,2655,Tulane,fbs,American Athletic,29,0.9400048368053981,1628,1657,2636,UTSA,fbs,American Athletic,16,0.05999516319460185,1665,1636,5.8173511345,,NA,NA
401520426,2023,13,regular,2023-11-24T21:00:00.000Z,FALSE,TRUE,FALSE,TRUE,59847,3887,Razorback Stadium,8,Arkansas,fbs,SEC,14,6.685998002959501e-4,1495,1431,142,Missouri,fbs,SEC,48,0.999331400199704,1759,1823,1.9840319798,,NA,NA
401532625,2023,13,regular,2023-11-24T21:00:00.000Z,FALSE,TRUE,FALSE,TRUE,36390,3653,Albertsons Stadium,68,Boise State,fbs,Mountain West,27,0.81636452272794,1673,1678,2005,Air Force,fbs,Mountain West,19,0.18363547727205998,1565,1560,5.5712216351,,NA,NA
401525901,2023,13,regular,2023-11-25T00:30:00.000Z,FALSE,TRUE,FALSE,TRUE,102452,3910,DKR-Texas Memorial Stadium,251,Texas,fbs,Big 12,57,0.9211852422884056,1917,2026,2641,Texas Tech,fbs,Big 12,7,0.07881475771159441,1613,1504,3.5284810599,,NA,NA
401520435,2023,13,regular,2023-11-25T00:30:00.000Z,FALSE,TRUE,TRUE,TRUE,51927,3727,Ford Field,127,Michigan State,fbs,Big Ten,0,5.693035730711716e-4,1372,1338,213,Penn State,fbs,Big Ten,42,0.9994306964269288,2027,2061,2.63598998,,NA,NA
401524063,2023,13,regular,2023-11-25T01:30:00.000Z,FALSE,TRUE,FALSE,TRUE,59987,3626,Autzen Stadium,2483,Oregon,fbs,Pac-12,31,0.9987409345955401,2006,2046,204,Oregon State,fbs,Pac-12,7,0.0012590654044598582,1830,1790,3.3672099955,,NA,NA
401520434,2023,13,regular,2023-11-25T17:00:00.000Z,FALSE,TRUE,FALSE,TRUE,110615,3558,Michigan Stadium,130,Michigan,fbs,Big Ten,30,0.8115798724745166,2160,2165,194,Ohio State,fbs,Big Ten,24,0.18842012752548343,2113,2108,5.9464598304,,NA,NA
401532454,2023,13,regular,2023-11-25T17:00:00.000Z,FALSE,TRUE,FALSE,TRUE,8054,3919,Scheumann Stadium,2050,Ball State,fbs,Mid-American,15,0.9052087274554129,1251,1262,193,Miami (OH),fbs,Mid-American,17,0.09479127254458708,1506,1495,6.2295304537,,NA,NA
401532453,2023,13,regular,2023-11-25T17:00:00.000Z,FALSE,TRUE,FALSE,TRUE,NA,3696,Dix Stadium,2309,Kent State,fbs,Mid-American,27,0.2663906688730274,971,987,2459,Northern Illinois,fbs,Mid-American,37,0.7336093311269726,1434,1418,7.3926310838,,NA,NA
401525561,2023,13,regular,2023-11-25T17:00:00.000Z,FALSE,TRUE,FALSE,TRUE,17639,3982,Wallace Wade Stadium,150,Duke,fbs,ACC,30,0.33225955543036695,1625,1629,221,Pittsburgh,fbs,ACC,19,0.6677404445696331,1408,1404,6.0757042392,,NA,NA
401531435,2023,13,regular,2023-11-25T17:00:00.000Z,FALSE,TRUE,FALSE,TRUE,21490,3735,Gerald J. Ford Stadium,2567,SMU,fbs,American Athletic,59,0.9989645896221011,1769,1852,2426,Navy,fbs,American Athletic,14,0.0010354103778988932,1394,1311,2.2601912718,,NA,NA
401520443,2023,13,regular,2023-11-25T17:00:00.000Z,FALSE,TRUE,FALSE,TRUE,12291,3985,Warren McGuirk Alumni Stadium,113,Massachusetts,fbs,FBS Independents,18,0.18534519193622287,982,962,41,UConn,fbs,FBS Independents,31,0.8146548080637771,1076,1096,3.4305189457,,NA,NA
401531927,2023,13,regular,2023-11-25T17:00:00.000Z,FALSE,TRUE,FALSE,TRUE,19766,3815,M. M. Roberts Stadium,2572,Southern Miss,fbs,Sun Belt,17,0.031941442894312326,1155,1164,2653,Troy,fbs,Sun Belt,35,0.9680585571056877,1705,1696,4.4646564589,,NA,NA
401525906,2023,13,regular,2023-11-25T17:00:00.000Z,FALSE,TRUE,FALSE,TRUE,43610,3652,FBC Mortgage Stadium,2116,UCF,fbs,Big 12,27,0.9959026673303496,1648,1658,248,Houston,fbs,Big 12,13,0.0040973326696504,1431,1421,4.148425273,,NA,NA
401520432,2023,13,regular,2023-11-25T17:00:00.000Z,FALSE,TRUE,FALSE,FALSE,59225,3873,L&N Federal Credit Union Stadium,97,Louisville,fbs,ACC,31,0.6510662027356295,1761,1736,96,Kentucky,fbs,SEC,38,0.34893379726437046,1611,1636,6.534946591,,NA,NA
401520433,2023,13,regular,2023-11-25T17:00:00.000Z,FALSE,TRUE,FALSE,TRUE,101178,3958,Tiger Stadium (LA),99,LSU,fbs,SEC,42,0.1911817565396481,1985,1995,245,Texas A&M,fbs,SEC,30,0.8088182434603519,1827,1817,6.4107081107,,NA,NA
401520438,2023,13,regular,2023-11-25T17:00:00.000Z,FALSE,TRUE,FALSE,TRUE,59993,3907,Ross-Ade Stadium,2509,Purdue,fbs,Big Ten,35,0.7903053212859075,1490,1489,84,Indiana,fbs,Big Ten,31,0.20969467871409253,1342,1343,9.3672511128,,NA,NA
401520440,2023,13,regular,2023-11-25T17:00:00.000Z,FALSE,TRUE,FALSE,TRUE,5349,3647,Elliott T. Bowers Stadium,2534,Sam Houston,fbs,Conference USA,23,0.2302854430192298,1331,1332,2393,Middle Tennessee,fbs,Conference USA,20,0.7697145569807702,1352,1351,9.6550480716,,NA,NA
401531421,2023,13,regular,2023-11-25T18:00:00.000Z,FALSE,TRUE,FALSE,TRUE,19393,3895,Rice Stadium,242,Rice,fbs,American Athletic,24,0.2672600496294319,1357,1358,2226,Florida Atlantic,fbs,American Athletic,21,0.732739950370568,1384,1383,7.7592296453,,NA,NA
401531346,2023,13,regular,2023-11-25T19:00:00.000Z,FALSE,TRUE,FALSE,TRUE,29567,3699,Dowdy-Ficklen Stadium,151,East Carolina,fbs,American Athletic,27,0.946524398372304,1375,1356,202,Tulsa,fbs,American Athletic,29,0.053475601627696046,1103,1122,7.9788405294,,NA,NA
401531386,2023,13,regular,2023-11-25T19:00:00.000Z,FALSE,TRUE,FALSE,TRUE,14628,3825,DATCU Stadium,249,North Texas,fbs,American Athletic,45,0.20766313129213135,1369,1369,5,UAB,fbs,American Athletic,42,0.7923368687078687,1295,1295,8.3073480056,,NA,NA
401531925,2023,13,regular,2023-11-25T19:00:00.000Z,FALSE,TRUE,FALSE,TRUE,15717,3918,S.B. Ballard Stadium,295,Old Dominion,fbs,Sun Belt,25,0.4010662732869368,1355,1355,2247,Georgia State,fbs,Sun Belt,24,0.5989337267130632,1323,1323,4.607523255,,NA,NA
401525563,2023,13,regular,2023-11-25T19:00:00.000Z,FALSE,TRUE,FALSE,TRUE,35018,1964,JMA Wireless Dome,183,Syracuse,fbs,ACC,35,0.9932887241644333,1396,1399,154,Wake Forest,fbs,ACC,31,0.0067112758355667435,1400,1397,6.6347489514,,NA,NA
401531926,2023,13,regular,2023-11-25T20:00:00.000Z,FALSE,TRUE,FALSE,TRUE,13892,3666,Cajun Field,309,Louisiana,fbs,Sun Belt,52,0.9976742630155436,1458,1491,2433,UL Monroe,fbs,Sun Belt,21,0.0023257369844563724,1018,985,3.604405296,,NA,NA
401532628,2023,13,regular,2023-11-25T20:00:00.000Z,FALSE,TRUE,FALSE,TRUE,25554,6501,Allegiant Stadium,2439,UNLV,fbs,Mountain West,31,0.04576976032650314,1560,1551,23,San José State,fbs,Mountain West,37,0.9542302396734968,1589,1598,3.2210385095,,NA,NA
401524067,2023,13,regular,2023-11-25T20:00:00.000Z,FALSE,TRUE,FALSE,TRUE,51595,587,Rice-Eccles Stadium,254,Utah,fbs,Pac-12,23,0.9611333008830251,1735,1719,38,Colorado,fbs,Pac-12,17,0.038866699116974934,1221,1237,4.511363972,,NA,NA
401520428,2023,13,regular,2023-11-25T20:00:00.000Z,FALSE,TRUE,FALSE,TRUE,12724,218,FIU Stadium,2229,Florida International,fbs,Conference USA,28,0.010670023880756536,985,997,98,Western Kentucky,fbs,Conference USA,41,0.9893299761192434,1465,1453,2.004623091,,NA,NA
401520427,2023,13,regular,2023-11-25T20:30:00.000Z,FALSE,TRUE,FALSE,TRUE,88043,3785,Jordan-Hare Stadium,2,Auburn,fbs,SEC,24,0.14676618348576967,1612,1631,333,Alabama,fbs,SEC,27,0.8532338165142304,2047,2028,7.3620010608,,NA,NA
401520444,2023,13,regular,2023-11-25T20:30:00.000Z,FALSE,TRUE,FALSE,TRUE,10240,3946,Sun Bowl,2638,UTEP,fbs,Conference USA,28,0.007374615910707203,1183,1195,2335,Liberty,fbs,Conference USA,42,0.9926253840892928,1683,1671,2.403148607,,NA,NA
401520436,2023,13,regular,2023-11-25T20:30:00.000Z,FALSE,TRUE,FALSE,TRUE,48119,3953,Huntington Bank Stadium,135,Minnesota,fbs,Big Ten,14,0.016185874101627657,1502,1479,275,Wisconsin,fbs,Big Ten,28,0.9838141258983724,1598,1621,4.3026494012,,NA,NA
401524064,2023,13,regular,2023-11-25T20:30:00.000Z,FALSE,TRUE,FALSE,TRUE,53414,3947,Mountain America Stadium,9,Arizona State,fbs,Pac-12,23,0.28397548912161397,1338,1283,12,Arizona,fbs,Pac-12,59,0.716024510878386,1723,1778,2.485095128,,NA,NA
401520431,2023,13,regular,2023-11-25T20:30:00.000Z,FALSE,TRUE,FALSE,TRUE,42310,3832,"Memorial Stadium (Champaign, IL)",356,Illinois,fbs,Big Ten,43,0.8146714848656464,1510,1504,77,Northwestern,fbs,Big Ten,45,0.18532851513435356,1457,1463,6.7960552804,,NA,NA
401520439,2023,13,regular,2023-11-25T20:30:00.000Z,FALSE,TRUE,FALSE,TRUE,NA,6577,SHI Stadium,164,Rutgers,fbs,Big Ten,24,0.050420952431995514,1447,1421,120,Maryland,fbs,Big Ten,42,0.9495790475680045,1623,1649,2.7227683258,,NA,NA
401520442,2023,13,regular,2023-11-25T20:30:00.000Z,FALSE,TRUE,FALSE,TRUE,101915,3853,Neyland Stadium,2633,Tennessee,fbs,SEC,48,0.993727541165205,1787,1786,238,Vanderbilt,fbs,SEC,24,0.006272458834794992,1175,1176,5.8917547354,,NA,NA
401525564,2023,13,regular,2023-11-25T20:30:00.000Z,FALSE,TRUE,FALSE,TRUE,42976,3923,Scott Stadium,258,Virginia,fbs,ACC,17,3.325930393236827e-4,1297,1216,259,Virginia Tech,fbs,ACC,55,0.9996674069606764,1526,1607,2.089066103,,NA,NA
401525905,2023,13,regular,2023-11-25T20:30:00.000Z,FALSE,TRUE,FALSE,TRUE,53855,3646,Boone Pickens Stadium,197,Oklahoma State,fbs,Big 12,40,0.3996679046849458,1512,1512,252,BYU,fbs,Big 12,34,0.6003320953150542,1364,1364,7.969424598,,NA,NA
401531922,2023,13,regular,2023-11-25T20:30:00.000Z,FALSE,TRUE,FALSE,TRUE,31248,3792,Kidd Brewer Stadium,2026,App State,fbs,Sun Belt,55,0.9931547850686933,1631,1679,290,Georgia Southern,fbs,Sun Belt,27,0.006845214931306742,1416,1368,5.127378278,,NA,NA
401531924,2023,13,regular,2023-11-25T20:30:00.000Z,FALSE,TRUE,FALSE,TRUE,18673,3775,Joan C. Edwards Stadium,276,Marshall,fbs,Sun Belt,35,0.997495980299287,1338,1371,2032,Arkansas State,fbs,Sun Belt,21,0.0025040197007130116,1394,1361,3.4914146244,,NA,NA
401531923,2023,13,regular,2023-11-25T20:30:00.000Z,FALSE,TRUE,FALSE,TRUE,16196,3654,Brooks Stadium (SC),324,Coastal Carolina,fbs,Sun Belt,14,0.006448650597607117,1481,1391,256,James Madison,fbs,Sun Belt,56,0.9935513494023929,1745,1835,2.1241768532,,NA,NA
401524068,2023,13,regular,2023-11-25T21:00:00.000Z,FALSE,TRUE,FALSE,TRUE,71312,3765,Husky Stadium,264,Washington,fbs,Pac-12,24,0.6643362261121686,1871,1868,265,Washington State,fbs,Pac-12,21,0.3356637738878314,1543,1546,8.9287284614,,NA,NA
401520437,2023,13,regular,2023-11-25T21:00:00.000Z,FALSE,TRUE,FALSE,TRUE,15702,3601,Aggie Memorial Stadium,166,New Mexico State,fbs,Conference USA,20,0.922701514241355,1484,1486,55,Jacksonville State,fbs,Conference USA,17,0.07729848575864495,1563,1561,5.1091185813,,NA,NA
401520429,2023,13,regular,2023-11-26T00:00:00.000Z,FALSE,TRUE,FALSE,FALSE,90341,3634,Ben Hill Griffin Stadium,57,Florida,fbs,SEC,15,0.8813695163432925,1583,1594,52,Florida State,fbs,ACC,24,0.11863048365670747,1954,1943,7.4849833657,,NA,NA
401524065,2023,13,regular,2023-11-26T00:00:00.000Z,FALSE,TRUE,FALSE,FALSE,30901,3940,Stanford Stadium,24,Stanford,fbs,Pac-12,23,3.075773464155901e-4,1179,1180,87,Notre Dame,fbs,FBS Independents,56,0.9996924226535844,2010,2009,3.4505126277,,NA,NA
401531928,2023,13,regular,2023-11-26T00:00:00.000Z,FALSE,TRUE,FALSE,TRUE,15617,3644,Bobcat Stadium (TX),326,Texas State,fbs,Sun Belt,52,0.9876383177077365,1244,1285,6,South Alabama,fbs,Sun Belt,44,0.012361682292263532,1662,1621,5.3581012629,,NA,NA
401525902,2023,13,regular,2023-11-26T00:00:00.000Z,FALSE,TRUE,FALSE,TRUE,36200,4727,McLane Stadium,239,Baylor,fbs,Big 12,31,0.28426939576242216,1378,1384,277,West Virginia,fbs,Big 12,34,0.7157306042375778,1552,1546,7.3095026316,,NA,NA
401520430,2023,13,regular,2023-11-26T00:30:00.000Z,FALSE,TRUE,FALSE,FALSE,51447,721,Bobby Dodd Stadium,59,Georgia Tech,fbs,ACC,23,0.11398934341503657,1419,1455,61,Georgia,fbs,SEC,31,0.8860106565849635,2158,2122,4.6927304827,,NA,NA
401531410,2023,13,regular,2023-11-26T00:30:00.000Z,FALSE,TRUE,FALSE,TRUE,29279,3886,Raymond James Stadium,58,South Florida,fbs,American Athletic,48,0.9899116480055313,1168,1260,2429,Charlotte,fbs,American Athletic,14,0.01008835199446867,1147,1055,5.9126226904,,NA,NA
401525903,2023,13,regular,2023-11-26T00:30:00.000Z,FALSE,TRUE,FALSE,TRUE,38193,3854,Nippert Stadium,2132,Cincinnati,fbs,Big 12,16,0.004222081228481119,1412,1342,2305,Kansas,fbs,Big 12,49,0.9957779187715189,1601,1671,2.9836862265,,NA,NA
401520441,2023,13,regular,2023-11-26T00:30:00.000Z,FALSE,TRUE,FALSE,FALSE,80172,3994,Williams-Brice Stadium,2579,South Carolina,fbs,SEC,7,0.06813840762499505,1598,1594,228,Clemson,fbs,ACC,16,0.931861592375005,1765,1769,4.2122768541,,NA,NA
401525904,2023,13,regular,2023-11-26T01:00:00.000Z,FALSE,TRUE,FALSE,TRUE,51481,3636,Bill Snyder Family Stadium,2306,Kansas State,fbs,Big 12,35,0.003072508194099275,1983,1942,66,Iowa State,fbs,Big 12,42,0.9969274918059007,1661,1702,7.4757800699,,NA,NA
401525562,2023,13,regular,2023-11-26T01:00:00.000Z,FALSE,TRUE,FALSE,TRUE,NA,3670,Carter-Finley Stadium,152,NC State,fbs,ACC,39,0.9800412277482126,1609,1660,153,North Carolina,fbs,ACC,20,0.019958772251787438,1685,1634,3.6244593094,,NA,NA
401532630,2023,13,regular,2023-11-26T02:00:00.000Z,FALSE,TRUE,FALSE,TRUE,12044,3816,Mackay Stadium,2440,Nevada,fbs,Mountain West,6,9.919420294253114e-4,1153,1083,2751,Wyoming,fbs,Mountain West,42,0.9990080579705747,1421,1491,2.2036404766,,NA,NA
401532627,2023,13,regular,2023-11-26T03:30:00.000Z,FALSE,TRUE,FALSE,TRUE,22000,7311,Snapdragon Stadium,21,San Diego State,fbs,Mountain West,33,0.9896822860279403,1319,1375,278,Fresno State,fbs,Mountain West,18,0.010317713972059717,1570,1514,5.5954494695,,NA,NA
401524066,2023,13,regular,2023-11-26T03:30:00.000Z,FALSE,TRUE,FALSE,TRUE,42439,1056,Rose Bowl,26,UCLA,fbs,Pac-12,7,0.18724664242047254,1667,1565,25,California,fbs,Pac-12,33,0.8127533575795275,1431,1533,3.4000736901,,NA,NA
401532626,2023,13,regular,2023-11-26T04:00:00.000Z,FALSE,TRUE,FALSE,TRUE,11013,7220,Clarence T.C. Ching Athletics Complex,62,Hawai'i,fbs,Mountain West,27,0.8925273029368299,1087,1091,36,Colorado State,fbs,Mountain West,24,0.10747269706317009,1280,1276,6.7544360908,,NA,NA
401539476,2023,14,regular,2023-12-02T00:00:00.000Z,FALSE,TRUE,FALSE,TRUE,20077,3992,Williams Stadium (VA),2335,Liberty,fbs,Conference USA,49,0.995927854690609,1671,1684,166,New Mexico State,fbs,Conference USA,35,0.00407214530939104,1486,1473,6.5454874042,,Conference USA Championship,NA
401539475,2023,14,regular,2023-12-02T01:00:00.000Z,FALSE,TRUE,TRUE,TRUE,61195,6501,Allegiant Stadium,264,Washington,fbs,Pac-12,34,0.6363080843350563,1868,1883,2483,Oregon,fbs,Pac-12,31,0.36369191566494374,2046,2031,7.4540899841,,Pac-12 Championship,NA
401539479,2023,14,regular,2023-12-02T17:00:00.000Z,FALSE,TRUE,TRUE,TRUE,84523,3687,AT&T Stadium,251,Texas,fbs,Big 12,49,0.9985666960577763,2026,2050,197,Oklahoma State,fbs,Big 12,21,0.0014333039422237404,1512,1488,3.1063987746,,Dr Pepper Big 12 Championship,NA
401539481,2023,14,regular,2023-12-02T17:00:00.000Z,FALSE,TRUE,TRUE,TRUE,20200,3727,Ford Field,2649,Toledo,fbs,Mid-American,14,0.25632196071192276,1559,1542,193,Miami (OH),fbs,Mid-American,23,0.7436780392880773,1495,1512,7.0730201968,,MAC Championship,NA
401539482,2023,14,regular,2023-12-02T20:00:00.000Z,FALSE,TRUE,FALSE,TRUE,31473,6501,Allegiant Stadium,2439,UNLV,fbs,Mountain West,20,6.221427861932528e-4,1551,1502,68,Boise State,fbs,Mountain West,44,0.9993778572138068,1678,1727,3.2198108742,,Mountain West Championship,NA
401539483,2023,14,regular,2023-12-02T21:00:00.000Z,FALSE,TRUE,TRUE,TRUE,78320,5348,Mercedes-Benz Stadium,333,Alabama,fbs,SEC,27,0.6057193086697867,2028,2039,61,Georgia,fbs,SEC,24,0.39428069133021326,2122,2111,6.8059224938,,SEC Championship,NA
401539477,2023,14,regular,2023-12-02T21:00:00.000Z,FALSE,TRUE,FALSE,TRUE,25206,4729,Yulman Stadium,2655,Tulane,fbs,American Athletic,14,0.004103059475848722,1657,1648,2567,SMU,fbs,American Athletic,26,0.9958969405241512,1852,1861,5.5248568304,,American Athletic Championship,NA
401539484,2023,14,regular,2023-12-02T21:00:00.000Z,FALSE,TRUE,FALSE,TRUE,20183,3975,Veterans Memorial Stadium (AL),2653,Troy,fbs,Sun Belt,49,0.9941001232440855,1696,1761,2026,App State,fbs,Sun Belt,23,0.005899876755914524,1679,1614,6.7897070588,,Sun Belt Championship,NA
401539478,2023,14,regular,2023-12-03T01:00:00.000Z,FALSE,TRUE,TRUE,TRUE,62314,3628,Bank of America Stadium,52,Florida State,fbs,ACC,16,0.919726041208997,1943,1951,97,Louisville,fbs,ACC,6,0.08027395879100296,1736,1728,8.5801041578,,ACC Championship,NA
401539480,2023,14,regular,2023-12-03T01:00:00.000Z,FALSE,TRUE,TRUE,TRUE,67842,3812,Lucas Oil Stadium,2294,Iowa,fbs,Big Ten,0,0.13275394106595081,1675,1666,130,Michigan,fbs,Big Ten,26,0.8672460589340492,2165,2174,2.7196474905,,Big Ten Championship,NA
401520445,2023,15,regular,2023-12-09T20:00:00.000Z,FALSE,TRUE,TRUE,FALSE,65878,3738,Gillette Stadium,349,Army,fbs,FBS Independents,17,0.7172252731276807,1379,1388,2426,Navy,fbs,American Athletic,11,0.2827747268723193,1311,1302,5.136619754,,NA,NA
401635525,2024,1,regular,2024-08-24T16:00:00.000Z,FALSE,TRUE,TRUE,TRUE,47998,3504,Aviva Stadium,59,Georgia Tech,fbs,ACC,24,0.9913955304658811,1497,1513,52,Florida State,fbs,ACC,21,0.008604469534118864,1692,1676,7.822223962,,Aer Lingus College Football Classic,NA
401643697,2024,1,regular,2024-08-24T20:00:00.000Z,FALSE,TRUE,FALSE,FALSE,17314,3971,University Stadium (NM),167,New Mexico,fbs,Mountain West,31,0.30110066648514766,1234,1234,147,Montana State,fcs,Big Sky,35,0.6988993335148523,NA,NA,4.9273181699,,NA,NA
401643696,2024,1,regular,2024-08-25T00:00:00.000Z,FALSE,TRUE,FALSE,FALSE,20263,3816,Mackay Stadium,2440,Nevada,fbs,Mountain West,24,0.1027094743544201,1222,1243,2567,SMU,fbs,ACC,29,0.8972905256455799,1690,1669,7.6714922497,,NA,NA
401643858,2024,1,regular,2024-08-25T03:59:00.000Z,FALSE,TRUE,FALSE,FALSE,12206,7220,Clarence T.C. Ching Athletics Complex,62,Hawai'i,fbs,Mountain West,35,0.9564689570884497,1227,1227,2169,Delaware State,fcs,MEAC,14,0.0435310429115503,NA,NA,5.224356278,,NA,NA
401628458,2024,1,regular,2024-08-29T22:00:00.000Z,FALSE,TRUE,FALSE,FALSE,47803,6577,SHI Stadium,164,Rutgers,fbs,Big Ten,44,0.9969831120621432,1460,1460,47,Howard,fcs,MEAC,7,0.003016887937856816,NA,NA,4.6819518771,,NA,NA
401644730,2024,1,regular,2024-08-29T23:00:00.000Z,FALSE,TRUE,FALSE,FALSE,18055,3786,Kelly/Shorts Stadium,2117,Central Michigan,fbs,Mid-American,66,0.990740332770375,1333,1333,2115,Central Connecticut,fcs,NEC,10,0.009259667229625013,NA,NA,3.5315915573,,NA,NA
401628581,2024,1,regular,2024-08-29T23:00:00.000Z,FALSE,TRUE,FALSE,FALSE,29450,3630,Allegacy Federal Credit Union Stadium,154,Wake Forest,fbs,ACC,45,0.9025691144714703,1431,1431,2448,North Carolina A&T,fcs,CAA,13,0.09743088552852974,NA,NA,4.0055730674,,NA,NA
401644729,2024,1,regular,2024-08-29T23:00:00.000Z,FALSE,TRUE,FALSE,FALSE,12786,3700,Doyt L. Perry Stadium,189,Bowling Green,fbs,Mid-American,41,0.9928386384421355,1431,1431,2230,Fordham,fcs,Patriot,17,0.0071613615578645096,NA,NA,2.6308489164,,NA,NA
401634299,2024,1,regular,2024-08-29T23:00:00.000Z,FALSE,TRUE,FALSE,FALSE,56919,3670,Carter-Finley Stadium,152,NC State,fbs,ACC,38,0.9918432913255499,1606,1606,2717,Western Carolina,fcs,Southern,21,0.008156708674450064,NA,NA,7.4610249317,,NA,NA
401628582,2024,1,regular,2024-08-29T23:00:00.000Z,FALSE,TRUE,FALSE,FALSE,44206,3652,FBC Mortgage Stadium,2116,UCF,fbs,Big 12,57,0.9984304429832914,1578,1578,160,New Hampshire,fcs,CAA,3,0.0015695570167085782,NA,NA,3.4992540194,,NA,NA
401636387,2024,1,regular,2024-08-29T23:00:00.000Z,FALSE,TRUE,FALSE,FALSE,11145,3817,Malone Stadium,2433,UL Monroe,fbs,Sun Belt,30,0.9698949195350997,1156,1156,2296,Jackson State,fcs,SWAC,14,0.030105080464900347,NA,NA,6.4645770987,,NA,NA
401644727,2024,1,regular,2024-08-29T23:00:00.000Z,FALSE,TRUE,FALSE,FALSE,16400,3965,UB Stadium,2084,Buffalo,fbs,Mid-American,30,0.9963644776637445,1357,1357,322,Lafayette,fcs,Patriot,13,0.0036355223362555256,NA,NA,4.5184667445,,NA,NA
401644728,2024,1,regular,2024-08-29T23:30:00.000Z,FALSE,TRUE,FALSE,FALSE,23515,3739,Glass Bowl,2649,Toledo,fbs,Mid-American,49,0.9854090128176071,1526,1526,2184,Duquesne,fcs,NEC,10,0.014590987182392934,NA,NA,3.6042805247,,NA,NA
401628320,2024,1,regular,2024-08-29T23:30:00.000Z,FALSE,TRUE,TRUE,FALSE,40127,3983,War Memorial Stadium (AR),8,Arkansas,fbs,SEC,70,0.9989700310726486,1454,1454,2029,Arkansas-Pine Bluff,fcs,SWAC,0,0.00102996892735141,NA,NA,2.5735528941,,NA,NA
401628327,2024,1,regular,2024-08-30T00:00:00.000Z,FALSE,TRUE,FALSE,FALSE,62621,3838,Memorial Stadium,142,Missouri,fbs,SEC,51,0.9989083251415593,1744,1744,93,Murray State,fcs,MVFC,0,0.0010916748584407499,NA,NA,2.1957671965,,NA,NA
401628448,2024,1,regular,2024-08-30T00:00:00.000Z,FALSE,TRUE,FALSE,FALSE,50805,3953,Huntington Bank Stadium,135,Minnesota,fbs,Big Ten,17,0.8741646700190268,1492,1492,153,North Carolina,fbs,ACC,19,0.12583532998097324,1546,1546,8.3966898321,,NA,NA
401645317,2024,1,regular,2024-08-30T00:00:00.000Z,FALSE,TRUE,FALSE,FALSE,20143,4729,Yulman Stadium,2655,Tulane,fbs,American Athletic,52,0.9989668126898874,1565,1565,2545,SE Louisiana,fcs,Southland,0,0.0010331873101125932,NA,NA,3.9545561472,,NA,NA
401636606,2024,1,regular,2024-08-30T00:00:00.000Z,FALSE,TRUE,TRUE,FALSE,20829,3486,Children's Mercy Park,2305,Kansas,fbs,Big 12,48,0.9989701373065328,1619,1619,2815,Lindenwood,fcs,Big South-OVC,3,0.001029862693467165,NA,NA,3.001620721,,NA,NA
401640998,2024,1,regular,2024-08-30T00:00:00.000Z,FALSE,TRUE,FALSE,FALSE,18977,3662,AmFirst Stadium,55,Jacksonville State,fbs,Conference USA,27,0.006210418812854204,1538,1449,324,Coastal Carolina,fbs,Sun Belt,55,0.9937895811871458,1448,1537,2.3532792649,,NA,NA
401645316,2024,1,regular,2024-08-30T00:00:00.000Z,FALSE,TRUE,FALSE,FALSE,21267,7221,Protective Stadium,5,UAB,fbs,American Athletic,41,0.998633095814721,1363,1363,2016,Alcorn State,fcs,SWAC,3,0.001366904185278961,NA,NA,3.2583396559,,NA,NA
401645318,2024,1,regular,2024-08-30T00:00:00.000Z,FALSE,TRUE,FALSE,FALSE,16483,3674,Chapman Stadium,202,Tulsa,fbs,American Athletic,62,0.9988522601651243,1248,1248,2466,Northwestern State,fcs,Southland,28,0.001147739834875705,NA,NA,4.1619627667,,NA,NA
401634206,2024,1,regular,2024-08-30T00:00:00.000Z,FALSE,TRUE,FALSE,FALSE,49438,3726,Folsom Field,38,Colorado,fbs,Big 12,31,0.3704693385585345,1324,1324,2449,North Dakota State,fcs,MVFC,26,0.6295306614414655,NA,NA,6.0376176228,,NA,NA
401654845,2024,1,regular,2024-08-30T01:00:00.000Z,FALSE,TRUE,FALSE,FALSE,43849,3832,"Memorial Stadium (Champaign, IL)",356,Illinois,fbs,Big Ten,45,0.998775795771694,1502,1502,2197,Eastern Illinois,fcs,Big South-OVC,0,0.0012242042283060472,NA,NA,2.616514081,,NA,NA
401636607,2024,1,regular,2024-08-30T01:00:00.000Z,FALSE,TRUE,FALSE,FALSE,52210,587,Rice-Eccles Stadium,254,Utah,fbs,Big 12,49,0.9989529148338463,1622,1622,253,Southern Utah,fcs,UAC,0,0.001047085166153705,NA,NA,2.4892539854,,NA,NA
401643698,2024,1,regular,2024-08-30T02:00:00.000Z,FALSE,TRUE,FALSE,FALSE,13811,3935,CEFCU Stadium,23,San José State,fbs,Mountain West,42,0.9887113561234411,1544,1544,16,Sacramento State,fcs,Big Sky,24,0.011288643876558924,NA,NA,8.7463456016,,NA,NA
401645319,2024,1,regular,2024-08-30T22:00:00.000Z,FALSE,TRUE,FALSE,FALSE,23760,3841,Michie Stadium,349,Army,fbs,American Athletic,42,0.9979306489300219,1425,1425,2329,Lehigh,fcs,Patriot,7,0.002069351069978076,NA,NA,3.1009780986,,NA,NA
401628453,2024,1,regular,2024-08-30T23:00:00.000Z,FALSE,TRUE,FALSE,FALSE,70271,3936,Spartan Stadium,127,Michigan State,fbs,Big Ten,16,0.8569259339139759,1392,1401,2226,Florida Atlantic,fbs,American Athletic,10,0.14307406608602413,1422,1413,6.7849495035,,NA,NA
401628328,2024,1,regular,2024-08-30T23:00:00.000Z,FALSE,TRUE,FALSE,FALSE,83329,3835,"Memorial Stadium (Norman, OK)",201,Oklahoma,fbs,SEC,51,0.9967305253633713,1786,1849,218,Temple,fbs,American Athletic,3,0.003269474636628744,1178,1115,2.6725263142,,NA,NA
401628584,2024,1,regular,2024-08-30T23:30:00.000Z,FALSE,TRUE,FALSE,FALSE,18466,3982,Wallace Wade Stadium,150,Duke,fbs,ACC,26,0.9964878761250934,1602,1602,2210,Elon,fcs,CAA,3,0.0035121238749066253,NA,NA,4.3623822452,,NA,NA
401628461,2024,1,regular,2024-08-31T01:00:00.000Z,FALSE,TRUE,FALSE,FALSE,75158,347,Camp Randall Stadium,275,Wisconsin,fbs,Big Ten,28,0.5495450669632155,1587,1593,2711,Western Michigan,fbs,Mid-American,14,0.4504549330367845,1315,1309,7.098240234,,NA,NA
401634300,2024,1,regular,2024-08-31T02:30:00.000Z,FALSE,TRUE,FALSE,FALSE,36026,3940,Stanford Stadium,24,Stanford,fbs,ACC,27,0.10769287584413943,1286,1295,2628,TCU,fbs,Big 12,34,0.8923071241558606,1587,1578,9.2635770293,,NA,NA
401643703,2024,1,regular,2024-08-31T04:00:00.000Z,TRUE,TRUE,FALSE,FALSE,17037,3905,Maverik Stadium,328,Utah State,fbs,Mountain West,36,0.9971715241134939,1346,1346,2523,Robert Morris,fcs,NEC,14,0.0028284758865061432,NA,NA,6.7617772711,,NA,NA
401632062,2024,1,regular,2024-08-31T16:00:00.000Z,FALSE,TRUE,FALSE,FALSE,47067,3873,L&N Federal Credit Union Stadium,97,Louisville,fbs,ACC,62,0.9989252517275378,1625,1625,2046,Austin Peay,fcs,UAC,0,0.0010747482724622337,NA,NA,2.3632203342,,NA,NA
401628333,2024,1,regular,2024-08-31T16:00:00.000Z,FALSE,TRUE,FALSE,FALSE,NA,3973,FirstBank Stadium,238,Vanderbilt,fbs,SEC,34,0.9759708097958583,1284,1313,259,Virginia Tech,fbs,ACC,27,0.024029190204141737,1604,1575,7.7799416184,,NA,NA
401628451,2024,1,regular,2024-08-31T16:00:00.000Z,FALSE,TRUE,FALSE,FALSE,35421,3665,SECU Stadium,120,Maryland,fbs,Big Ten,50,0.9988002754401627,1630,1703,41,UConn,fbs,FBS Independents,7,0.0011997245598373008,1230,1157,3.0293093219,,NA,NA
401628457,2024,1,regular,2024-08-31T16:00:00.000Z,FALSE,TRUE,FALSE,FALSE,62084,3842,Milan Puskar Stadium,277,West Virginia,fbs,Big 12,12,9.582824377984128e-4,1574,1546,213,Penn State,fbs,Big Ten,34,0.9990417175622016,1833,1861,3.2059023853,,NA,NA
401628450,2024,1,regular,2024-08-31T16:00:00.000Z,FALSE,TRUE,FALSE,FALSE,69250,3793,Kinnick Stadium,2294,Iowa,fbs,Big Ten,40,0.9981064825554675,1550,1550,2287,Illinois State,fcs,MVFC,0,0.0018935174445324776,NA,NA,4.289131329,,NA,NA
401634305,2024,1,regular,2024-08-31T16:00:00.000Z,FALSE,TRUE,FALSE,FALSE,44616,3752,Acrisure Stadium,221,Pittsburgh,fbs,ACC,55,0.9944918416705909,1436,1486,2309,Kent State,fbs,Mid-American,24,0.005508158329409096,1158,1108,4.2275134344,,NA,NA
401645322,2024,1,regular,2024-08-31T16:00:00.000Z,FALSE,TRUE,FALSE,FALSE,28763,3852,Navy-Marine Corps Memorial Stadium,2426,Navy,fbs,American Athletic,49,0.9984703617023533,1368,1368,2083,Bucknell,fcs,Patriot,21,0.0015296382976467404,NA,NA,3.4538485468,,NA,NA
401634169,2024,1,regular,2024-08-31T16:00:00.000Z,FALSE,TRUE,FALSE,FALSE,59488,3907,Ross-Ade Stadium,2509,Purdue,fbs,Big Ten,49,0.9989614643903625,1492,1492,282,Indiana State,fcs,MVFC,0,0.0010385356096375142,NA,NA,3.120175037,,NA,NA
401628323,2024,1,regular,2024-08-31T16:00:00.000Z,FALSE,TRUE,TRUE,FALSE,78827,5348,Mercedes-Benz Stadium,61,Georgia,fbs,SEC,34,0.996798246718009,2015,2066,228,Clemson,fbs,ACC,3,0.0032017532819910155,1676,1625,3.9981808014,,Aflac Kickoff,NA
401628330,2024,1,regular,2024-08-31T16:45:00.000Z,FALSE,TRUE,FALSE,FALSE,101915,3853,Neyland Stadium,2633,Tennessee,fbs,SEC,69,0.9989676752583595,1751,1751,236,Chattanooga,fcs,Southern,3,0.0010323247416405001,NA,NA,2.0752113158,,NA,NA
401634212,2024,1,regular,2024-08-31T18:00:00.000Z,FALSE,TRUE,FALSE,FALSE,52202,3646,Boone Pickens Stadium,197,Oklahoma State,fbs,Big 12,44,0.9918623935187709,1522,1522,2571,South Dakota State,fcs,MVFC,20,0.008137606481229076,NA,NA,3.8973240461,,NA,NA
401628591,2024,1,regular,2024-08-31T18:30:00.000Z,FALSE,TRUE,FALSE,FALSE,37654,3854,Nippert Stadium,2132,Cincinnati,fbs,Big 12,38,0.9988703038356657,1394,1394,119,Towson,fcs,CAA,20,0.0011296961643343373,NA,NA,4.0563441295,,NA,NA
401637159,2024,1,regular,2024-08-31T19:00:00.000Z,FALSE,TRUE,FALSE,FALSE,20089,3820,Gesa Field,265,Washington State,fbs,Pac-12,70,0.998969170318451,1530,1530,2502,Portland State,fcs,Big Sky,30,0.0010308296815489948,NA,NA,2.9697667045,,NA,NA
401644731,2024,1,regular,2024-08-31T19:30:00.000Z,FALSE,TRUE,FALSE,FALSE,10828,3764,Huskie Stadium,2459,Northern Illinois,fbs,Mid-American,54,0.9989709146104983,1446,1446,2710,Western Illinois,fcs,Big South-OVC,15,0.0010290853895017493,NA,NA,3.7345812948,,NA,NA
401634133,2024,1,regular,2024-08-31T19:30:00.000Z,FALSE,TRUE,FALSE,FALSE,36232,3792,Kidd Brewer Stadium,2026,App State,fbs,Sun Belt,38,0.8524195016014087,1578,1578,2193,East Tennessee State,fcs,Southern,10,0.14758049839859133,NA,NA,4.1701491027,,NA,NA
401634304,2024,1,regular,2024-08-31T19:30:00.000Z,FALSE,TRUE,FALSE,FALSE,37225,1964,JMA Wireless Dome,183,Syracuse,fbs,ACC,38,0.9950656709659383,1330,1383,195,Ohio,fbs,Mid-American,22,0.0049343290340616575,1522,1469,4.6239333254,,NA,NA
401634197,2024,1,regular,2024-08-31T19:30:00.000Z,FALSE,TRUE,FALSE,FALSE,56148,3772,Jack Trice Stadium,66,Iowa State,fbs,Big 12,21,0.9926331863922268,1612,1612,155,North Dakota,fcs,MVFC,3,0.007366813607773248,NA,NA,5.4436053185,,NA,NA
401629039,2024,1,regular,2024-08-31T19:30:00.000Z,FALSE,TRUE,FALSE,FALSE,12810,3985,Warren McGuirk Alumni Stadium,113,Massachusetts,fbs,FBS Independents,14,0.20800758182908174,1141,1123,2199,Eastern Michigan,fbs,Mid-American,28,0.7919924181709183,1287,1305,4.0727246661,,NA,NA
401628455,2024,1,regular,2024-08-31T19:30:00.000Z,FALSE,TRUE,FALSE,FALSE,102011,3861,Ohio Stadium,194,Ohio State,fbs,Big Ten,52,0.9986109107615839,1876,1927,2006,Akron,fbs,Mid-American,6,0.0013890892384160747,1212,1161,4.3794847589,,NA,NA
401628322,2024,1,regular,2024-08-31T19:30:00.000Z,FALSE,TRUE,FALSE,FALSE,90544,3634,Ben Hill Griffin Stadium,57,Florida,fbs,SEC,17,5.616699198957274e-4,1562,1497,2390,Miami,fbs,ACC,41,0.9994383300801043,1553,1618,2.0699906761,,NA,NA
401628454,2024,1,regular,2024-08-31T19:30:00.000Z,FALSE,TRUE,FALSE,FALSE,86072,3834,"Memorial Stadium (Lincoln, NE)",158,Nebraska,fbs,Big Ten,40,0.9829337715303853,1507,1571,2638,UTEP,fbs,Conference USA,7,0.017066228469614697,1296,1232,3.541056616,,NA,NA
401628331,2024,1,regular,2024-08-31T19:30:00.000Z,FALSE,TRUE,FALSE,FALSE,99171,3910,DKR-Texas Memorial Stadium,251,Texas,fbs,SEC,52,0.9985585872365947,1850,1939,36,Colorado State,fbs,Mountain West,0,0.0014414127634052587,1350,1261,2.8170508876,,NA,NA
401643699,2024,1,regular,2024-08-31T19:30:00.000Z,FALSE,TRUE,FALSE,FALSE,31658,3713,Falcon Stadium,2005,Air Force,fbs,Mountain West,21,0.9455908886537696,1572,1572,2771,Merrimack,fcs,FCS Independents,6,0.05440911134623039,NA,NA,6.1226509062,,NA,NA
401644683,2024,1,regular,2024-08-31T19:30:00.000Z,FALSE,TRUE,TRUE,FALSE,12023,5960,Lanny and Sharon Martin Stadium,77,Northwestern,fbs,Big Ten,13,0.9619988723257635,1498,1514,193,Miami (OH),fbs,Mid-American,6,0.03800112767423647,1506,1490,5.8551319837,,NA,NA
401641015,2024,1,regular,2024-08-31T19:30:00.000Z,FALSE,TRUE,FALSE,FALSE,25911,3604,Alamodome,2636,UTSA,fbs,American Athletic,28,0.9928398385316319,1598,1613,338,Kennesaw State,fbs,Conference USA,16,0.007160161468368065,1500,1485,5.3671875296,,NA,NA
401628449,2024,1,regular,2024-08-31T19:30:00.000Z,FALSE,TRUE,FALSE,FALSE,44150,3830,"Memorial Stadium (Bloomington, IN)",84,Indiana,fbs,Big Ten,31,0.9982659319837235,1395,1430,2229,Florida International,fbs,Conference USA,7,0.0017340680162765132,1164,1129,3.6693137815,,NA,NA
401643700,2024,1,regular,2024-08-31T20:00:00.000Z,FALSE,TRUE,FALSE,FALSE,24134,3608,Allen E. Paulson Stadium,290,Georgia Southern,fbs,Sun Belt,45,0.00392352239080461,1384,1381,68,Boise State,fbs,Mountain West,56,0.9960764776091954,1626,1629,6.144426114,,NA,NA
401628329,2024,1,regular,2024-08-31T20:15:00.000Z,FALSE,TRUE,FALSE,FALSE,78496,3994,Williams-Brice Stadium,2579,South Carolina,fbs,SEC,23,0.8387262463535545,1562,1560,295,Old Dominion,fbs,Sun Belt,19,0.16127375364644547,1406,1408,9.802219213,,NA,NA
401643775,2024,1,regular,2024-08-31T21:00:00.000Z,FALSE,TRUE,FALSE,FALSE,15559,6526,Hancock Whitney Stadium,6,South Alabama,fbs,Sun Belt,38,0.2996523883576543,1650,1593,249,North Texas,fbs,American Athletic,52,0.7003476116423457,1412,1469,5.6675192299,,NA,NA
401628590,2024,1,regular,2024-08-31T21:00:00.000Z,FALSE,TRUE,FALSE,FALSE,25032,3775,Joan C. Edwards Stadium,276,Marshall,fbs,Sun Belt,45,0.9987033581715669,1406,1406,2619,Stony Brook,fcs,CAA,3,0.0012966418284331427,NA,NA,5.155172454,,NA,NA
401634301,2024,1,regular,2024-08-31T21:00:00.000Z,FALSE,TRUE,FALSE,FALSE,32275,3831,California Memorial Stadium,25,California,fbs,ACC,31,0.3995840361236263,1483,1483,302,UC Davis,fcs,Big Sky,13,0.6004159638763737,NA,NA,4.1654585599,,NA,NA
401628589,2024,1,regular,2024-08-31T22:00:00.000Z,FALSE,TRUE,FALSE,FALSE,40811,3923,Scott Stadium,258,Virginia,fbs,ACC,34,0.9980843477492788,1310,1310,257,Richmond,fcs,CAA,13,0.0019156522507212115,NA,NA,2.7590078828,,NA,NA
401645320,2024,1,regular,2024-08-31T22:00:00.000Z,FALSE,TRUE,FALSE,FALSE,36467,3699,Dowdy-Ficklen Stadium,151,East Carolina,fbs,American Athletic,42,0.996793527864864,1404,1404,2450,Norfolk State,fcs,MEAC,3,0.0032064721351360292,NA,NA,2.9668534019,,NA,NA
401628326,2024,1,regular,2024-08-31T22:00:00.000Z,FALSE,TRUE,FALSE,FALSE,48724,3693,Davis Wade Stadium,344,Mississippi State,fbs,SEC,56,0.9988566466839199,1447,1447,2198,Eastern Kentucky,fcs,UAC,7,0.0011433533160800646,NA,NA,2.5389409303,,NA,NA
401628586,2024,1,regular,2024-08-31T22:00:00.000Z,FALSE,TRUE,FALSE,FALSE,21573,3992,Williams Stadium (VA),2335,Liberty,fbs,Conference USA,41,0.9927279314842183,1572,1572,2097,Campbell,fcs,CAA,24,0.00727206851578166,NA,NA,6.1174720374,,NA,NA
401643704,2024,1,regular,2024-08-31T22:30:00.000Z,FALSE,TRUE,FALSE,FALSE,31013,3893,Reser Stadium,204,Oregon State,fbs,Pac-12,38,0.998356297588382,1648,1648,304,Idaho State,fcs,Big Sky,15,0.001643702411618042,NA,NA,4.9860304254,,NA,NA
401643701,2024,1,regular,2024-08-31T23:00:00.000Z,FALSE,TRUE,FALSE,FALSE,27412,3975,Veterans Memorial Stadium (AL),2653,Troy,fbs,Sun Belt,26,0.23631786965625518,1657,1629,2440,Nevada,fbs,Mountain West,28,0.7636821303437449,1243,1271,5.7519487887,,NA,NA
401628325,2024,1,regular,2024-08-31T23:00:00.000Z,FALSE,TRUE,FALSE,FALSE,66105,3974,Vaught-Hemingway Stadium,145,Ole Miss,fbs,SEC,76,0.998970933394839,1658,1658,231,Furman,fcs,Southern,0,0.0010290666051609998,NA,NA,2.3622487127,,NA,NA
401636363,2024,1,regular,2024-08-31T23:00:00.000Z,FALSE,TRUE,FALSE,FALSE,NA,3886,Raymond James Stadium,58,South Florida,fbs,American Athletic,48,0.9988066210712727,1442,1442,2065,Bethune-Cookman,fcs,SWAC,3,0.0011933789287272845,NA,NA,3.4352768308,,NA,NA
401636610,2024,1,regular,2024-08-31T23:00:00.000Z,FALSE,TRUE,FALSE,FALSE,42272,4727,McLane Stadium,239,Baylor,fbs,Big 12,45,0.9981865367574881,1422,1422,2627,Tarleton State,fcs,UAC,3,0.001813463242511859,NA,NA,2.2423619189,,NA,NA
401641039,2024,1,regular,2024-08-31T23:00:00.000Z,FALSE,TRUE,FALSE,FALSE,17298,3895,Rice Stadium,242,Rice,fbs,American Athletic,14,0.0023638538242473322,1362,1314,2534,Sam Houston,fbs,Conference USA,34,0.9976361461757527,1388,1436,2.9252659073,,NA,NA
401645321,2024,1,regular,2024-08-31T23:00:00.000Z,FALSE,TRUE,FALSE,FALSE,25849,3805,Simmons Bank Liberty Stadium,235,Memphis,fbs,American Athletic,40,0.9988718236616925,1569,1569,2453,North Alabama,fcs,UAC,0,0.0011281763383075294,NA,NA,2.6543172393,,NA,NA
401641023,2024,1,regular,2024-08-31T23:00:00.000Z,FALSE,TRUE,FALSE,FALSE,16000,3725,"Johnny ""Red"" Floyd Stadium",2393,Middle Tennessee,fbs,Conference USA,32,0.7402551979282983,1400,1400,2635,Tennessee Tech,fcs,Big South-OVC,25,0.2597448020717017,NA,NA,5.8962989451,,NA,NA
401636611,2024,1,regular,2024-08-31T23:00:00.000Z,FALSE,TRUE,FALSE,FALSE,25750,4728,TDECU Stadium,248,Houston,fbs,Big 12,7,4.4267155029760745e-4,1447,1402,2439,UNLV,fbs,Mountain West,27,0.9995573284497024,1496,1541,2.6012439626,,NA,NA
401636612,2024,1,regular,2024-08-31T23:00:00.000Z,FALSE,TRUE,FALSE,FALSE,51240,3636,Bill Snyder Family Stadium,2306,Kansas State,fbs,Big 12,41,0.9987372051428841,1794,1794,2630,UT Martin,fcs,Big South-OVC,6,0.0012627948571158898,NA,NA,3.5749005334,,NA,NA
401632064,2024,1,regular,2024-08-31T23:00:00.000Z,FALSE,TRUE,FALSE,FALSE,21708,3625,Centennial Bank Stadium,2032,Arkansas State,fbs,Sun Belt,34,0.10953996778995322,1406,1406,2110,Central Arkansas,fcs,UAC,31,0.8904600322100468,NA,NA,7.5174077459,,NA,NA
401628319,2024,1,regular,2024-08-31T23:00:00.000Z,FALSE,TRUE,FALSE,FALSE,100077,3657,Bryant-Denny Stadium,333,Alabama,fbs,SEC,63,0.9989712511352644,1854,1997,98,Western Kentucky,fbs,Conference USA,0,0.0010287488647355847,1466,1323,2.8747278078,,NA,NA
401628321,2024,1,regular,2024-08-31T23:30:00.000Z,FALSE,TRUE,FALSE,FALSE,88043,3785,Jordan-Hare Stadium,2,Auburn,fbs,SEC,73,0.9989705865931123,1556,1556,2010,Alabama A&M,fcs,SWAC,3,0.0010294134068876692,NA,NA,1.80631006,,NA,NA
401628332,2024,1,regular,2024-08-31T23:30:00.000Z,FALSE,TRUE,FALSE,FALSE,NA,3795,Kyle Field,245,Texas A&M,fbs,SEC,13,0.08384600052782992,1681,1677,87,Notre Dame,fbs,FBS Independents,23,0.9161539994721701,1884,1888,6.4724625583,,NA,NA
401628456,2024,1,regular,2024-08-31T23:30:00.000Z,FALSE,TRUE,FALSE,FALSE,57435,3626,Autzen Stadium,2483,Oregon,fbs,Big Ten,24,0.991552038925572,1904,1904,70,Idaho,fcs,Big Sky,14,0.008447961074428023,NA,NA,5.7578449174,,NA,NA
401628459,2024,1,regular,2024-08-31T23:30:00.000Z,FALSE,TRUE,FALSE,FALSE,15194,7220,Clarence T.C. Ching Athletics Complex,62,Hawai'i,fbs,Mountain West,13,0.47610717051073864,1227,1242,26,UCLA,fbs,Big Ten,16,0.5238928294892613,1568,1553,7.9405032105,,NA,NA
401628452,2024,1,regular,2024-08-31T23:30:00.000Z,FALSE,TRUE,FALSE,FALSE,110665,3558,Michigan Stadium,130,Michigan,fbs,Big Ten,30,0.9831756399028116,1973,1980,278,Fresno State,fbs,Mountain West,10,0.01682436009718835,1558,1551,5.3344796544,,NA,NA
401636613,2024,1,regular,2024-08-31T23:30:00.000Z,FALSE,TRUE,FALSE,FALSE,NA,3784,Jones AT&T Stadium,2641,Texas Tech,fbs,Big 12,52,0.2697185698282507,1541,1541,2000,Abilene Christian,fcs,UAC,51,0.7302814301717493,NA,NA,6.7717431708,,NA,NA
401628324,2024,1,regular,2024-08-31T23:45:00.000Z,FALSE,TRUE,FALSE,FALSE,61627,3683,Kroger Field,96,Kentucky,fbs,SEC,31,0.9982728335083515,1594,1640,2572,Southern Miss,fbs,Sun Belt,0,0.0017271664916485019,1276,1230,3.9004694358,,NA,NA
401636380,2024,1,regular,2024-09-01T00:00:00.000Z,FALSE,TRUE,FALSE,FALSE,23107,3666,Cajun Field,309,Louisiana,fbs,Sun Belt,40,0.9988776589874298,1496,1496,2755,Grambling,fcs,SWAC,10,0.0011223410125702493,NA,NA,2.5698612194,,NA,NA
401634303,2024,1,regular,2024-09-01T00:00:00.000Z,FALSE,TRUE,FALSE,FALSE,27080,3735,Gerald J. Ford Stadium,2567,SMU,fbs,ACC,59,0.998969374231022,1684,1684,2277,Houston Christian,fcs,Southland,7,0.0010306257689780551,NA,NA,2.3627806437,,NA,NA
401641007,2024,1,regular,2024-09-01T00:00:00.000Z,FALSE,TRUE,FALSE,FALSE,16570,3776,Joe Aillet Stadium,2348,Louisiana Tech,fbs,Conference USA,25,0.9450183889148043,1246,1246,2447,Nicholls,fcs,Southland,17,0.054981611085195725,NA,NA,8.1544022522,,NA,NA
401643774,2024,1,regular,2024-09-01T00:00:00.000Z,FALSE,TRUE,FALSE,FALSE,15614,4418,Jerry Richardson Stadium,2429,Charlotte,fbs,American Athletic,7,0.005446284878843067,1203,1195,256,James Madison,fbs,Sun Belt,30,0.994553715121157,1691,1699,3.8697153913,,NA,NA
401643702,2024,1,regular,2024-09-01T00:00:00.000Z,FALSE,TRUE,FALSE,FALSE,25180,7311,Snapdragon Stadium,21,San Diego State,fbs,Mountain West,45,0.9978571846703512,1416,1416,2837,East Texas A&M,fcs,Southland,14,0.002142815329648773,NA,NA,5.6614270193,,NA,NA
401643776,2024,1,regular,2024-09-01T00:00:00.000Z,FALSE,TRUE,FALSE,FALSE,19637,3644,Bobcat Stadium (TX),326,Texas State,fbs,Sun Belt,34,0.9946288599523694,1399,1399,2320,Lamar,fcs,Southland,27,0.005371140047630618,NA,NA,5.2879661321,,NA,NA
401634302,2024,1,regular,2024-09-01T00:00:00.000Z,FALSE,TRUE,FALSE,FALSE,40113,721,Bobby Dodd Stadium,59,Georgia Tech,fbs,ACC,35,0.9981187226458276,1513,1559,2247,Georgia State,fbs,Sun Belt,12,0.0018812773541724281,1416,1370,4.1428928971,,NA,NA
401634240,2024,1,regular,2024-09-01T00:00:00.000Z,FALSE,TRUE,FALSE,FALSE,63712,3801,LaVell Edwards Stadium,252,BYU,fbs,Big 12,41,0.9980323653718576,1409,1409,79,Southern Illinois,fcs,MVFC,13,0.001967634628142423,NA,NA,5.4434212792,,NA,NA
401641032,2024,1,regular,2024-09-01T01:00:00.000Z,FALSE,TRUE,FALSE,FALSE,10738,3601,Aggie Memorial Stadium,166,New Mexico State,fbs,Conference USA,23,0.8243471003450671,1432,1432,2546,Southeast Missouri State,fcs,Big South-OVC,16,0.17565289965493291,NA,NA,9.7322611515,,NA,NA
401636608,2024,1,regular,2024-09-01T02:30:00.000Z,FALSE,TRUE,FALSE,FALSE,44748,3619,Arizona Stadium,12,Arizona,fbs,Big 12,61,0.9940463387650383,1714,1720,167,New Mexico,fbs,Mountain West,39,0.00595366123496166,1234,1228,5.3893321194,,NA,NA
401636609,2024,1,regular,2024-09-01T02:30:00.000Z,FALSE,TRUE,FALSE,FALSE,48108,3947,Mountain America Stadium,9,Arizona State,fbs,Big 12,48,0.9989542679511667,1355,1497,2751,Wyoming,fbs,Mountain West,7,0.0010457320488332922,1496,1354,2.7724375138,,NA,NA
401628460,2024,1,regular,2024-09-01T03:00:00.000Z,FALSE,TRUE,FALSE,FALSE,66984,3765,Husky Stadium,264,Washington,fbs,Big Ten,35,0.9984845341108322,1752,1752,2692,Weber State,fcs,Big Sky,3,0.001515465889167844,NA,NA,4.4433315937,,NA,NA
401628334,2024,1,regular,2024-09-01T23:30:00.000Z,FALSE,TRUE,TRUE,FALSE,63969,6501,Allegiant Stadium,99,LSU,fbs,SEC,20,0.4234749874329003,1823,1803,30,USC,fbs,Big Ten,27,0.5765250125670998,1648,1668,6.9147509026,,Modelo Vegas Kickoff Classic,NA
401634306,2024,1,regular,2024-09-02T23:30:00.000Z,FALSE,TRUE,FALSE,TRUE,51719,3697,Doak Campbell Stadium,52,Florida State,fbs,ACC,13,5.637256585448198e-4,1676,1610,103,Boston College,fbs,ACC,28,0.9994362743414552,1396,1462,3.1169184692,,NA,NA
401634765,2024,2,regular,2024-09-06T23:00:00.000Z,FALSE,TRUE,FALSE,FALSE,31172,3735,Gerald J. Ford Stadium,2567,SMU,fbs,ACC,15,0.03912055543029113,1669,1648,252,BYU,fbs,Big 12,18,0.9608794445697089,1409,1430,8.4924627245,,NA,NA
401628463,2024,2,regular,2024-09-06T23:00:00.000Z,FALSE,TRUE,FALSE,FALSE,39082,3830,"Memorial Stadium (Bloomington, IN)",84,Indiana,fbs,Big Ten,77,0.9989715517633504,1438,1438,2710,Western Illinois,fcs,Big South-OVC,3,0.001028448236649604,NA,NA,2.0618410743,,NA,NA
401635533,2024,2,regular,2024-09-07T01:00:00.000Z,FALSE,TRUE,TRUE,FALSE,11062,5960,Lanny and Sharon Martin Stadium,77,Northwestern,fbs,Big Ten,20,0.15849590116735804,1514,1514,150,Duke,fbs,ACC,26,0.841504098832642,1602,1602,9.2114436326,,NA,NA
401628471,2024,2,regular,2024-09-07T16:00:00.000Z,FALSE,TRUE,FALSE,FALSE,41021,6577,SHI Stadium,164,Rutgers,fbs,Big Ten,49,0.9988848023736852,1460,1511,2006,Akron,fbs,Mid-American,17,0.0011151976263148455,1161,1110,4.1757622939,,NA,NA
401628470,2024,2,regular,2024-09-07T16:00:00.000Z,FALSE,TRUE,FALSE,FALSE,103861,3632,Beaver Stadium,213,Penn State,fbs,Big Ten,34,0.9428297745600484,1861,1848,189,Bowling Green,fbs,Mid-American,27,0.05717022543995165,1431,1444,6.8874767798,,NA,NA
401628336,2024,2,regular,2024-09-07T16:00:00.000Z,FALSE,TRUE,FALSE,FALSE,52202,3646,Boone Pickens Stadium,197,Oklahoma State,fbs,Big 12,39,0.08043059414355525,1522,1530,8,Arkansas,fbs,SEC,31,0.9195694058564448,1454,1446,9.092680782,,NA,NA
401628347,2024,2,regular,2024-09-07T16:00:00.000Z,FALSE,TRUE,FALSE,FALSE,111170,3558,Michigan Stadium,130,Michigan,fbs,Big Ten,12,0.0841280601537834,1980,1928,251,Texas,fbs,SEC,31,0.9158719398462166,1939,1991,1.9967699065,,NA,NA
401643784,2024,2,regular,2024-09-07T16:00:00.000Z,FALSE,TRUE,FALSE,FALSE,23246,3805,Simmons Bank Liberty Stadium,235,Memphis,fbs,American Athletic,38,0.5229575853281864,1569,1625,2653,Troy,fbs,Sun Belt,17,0.47704241467181363,1629,1573,3.6702839464,,NA,NA
401628466,2024,2,regular,2024-09-07T16:00:00.000Z,FALSE,TRUE,FALSE,FALSE,41006,3953,Huntington Bank Stadium,135,Minnesota,fbs,Big Ten,48,0.9989437664127151,1490,1490,227,Rhode Island,fcs,CAA,0,0.001056233587284905,NA,NA,3.4773469426,,NA,NA
401645323,2024,2,regular,2024-09-07T16:00:00.000Z,FALSE,TRUE,FALSE,TRUE,21810,3715,FAU Stadium,2226,Florida Atlantic,fbs,American Athletic,7,0.0013440008178697532,1413,1373,349,Army,fbs,American Athletic,24,0.9986559991821302,1425,1465,3.0997425534,,NA,NA
401636616,2024,2,regular,2024-09-07T16:00:00.000Z,FALSE,TRUE,FALSE,FALSE,25034,4729,Yulman Stadium,2655,Tulane,fbs,American Athletic,27,0.38751456710504545,1565,1569,2306,Kansas State,fbs,Big 12,34,0.6124854328949545,1794,1790,7.0148296845,,NA,NA
401636999,2024,2,regular,2024-09-07T16:00:00.000Z,FALSE,TRUE,FALSE,FALSE,32351,3892,Pratt & Whitney Stadium,41,UConn,fbs,FBS Independents,63,0.9989708718988313,1139,1139,2771,Merrimack,fcs,FCS Independents,17,0.0010291281011687303,NA,NA,1.9534937996,,NA,NA
401635534,2024,2,regular,2024-09-07T16:00:00.000Z,FALSE,TRUE,FALSE,TRUE,39550,1964,JMA Wireless Dome,183,Syracuse,fbs,ACC,31,0.6174217943538339,1383,1386,59,Georgia Tech,fbs,ACC,28,0.38257820564616607,1559,1556,5.3837781031,,NA,NA
401635538,2024,2,regular,2024-09-07T16:00:00.000Z,FALSE,TRUE,FALSE,FALSE,37992,3854,Nippert Stadium,2132,Cincinnati,fbs,Big 12,27,0.32614706695662865,1394,1397,221,Pittsburgh,fbs,ACC,28,0.6738529330433713,1486,1483,5.5384302431,,NA,NA
401628348,2024,2,regular,2024-09-07T16:45:00.000Z,FALSE,TRUE,FALSE,FALSE,92345,3795,Kyle Field,245,Texas A&M,fbs,SEC,52,0.9989583103364718,1666,1666,2377,McNeese,fcs,Southland,10,0.0010416896635282447,NA,NA,2.0495368455,,NA,NA
401628339,2024,2,regular,2024-09-07T18:00:00.000Z,FALSE,TRUE,FALSE,FALSE,93033,3917,Sanford Stadium,61,Georgia,fbs,SEC,48,0.998904318902456,2079,2079,2635,Tennessee Tech,fcs,Big South-OVC,3,0.001095681097543988,NA,NA,2.6404091014,,NA,NA
401634181,2024,2,regular,2024-09-07T18:00:00.000Z,FALSE,TRUE,FALSE,FALSE,10018,3919,Scheumann Stadium,2050,Ball State,fbs,Mid-American,42,0.6619454952329824,1341,1341,2623,Missouri State,fcs,MVFC,34,0.3380545047670176,NA,NA,6.7901448981,,NA,NA
401644732,2024,2,regular,2024-09-07T18:30:00.000Z,FALSE,TRUE,FALSE,FALSE,11585,3696,Dix Stadium,2309,Kent State,fbs,Mid-American,17,0.008957524777763516,1096,1096,2598,St. Francis (PA),fcs,NEC,23,0.9910424752222364,NA,NA,4.3403909128,,NA,NA
401632071,2024,2,regular,2024-09-07T19:00:00.000Z,FALSE,TRUE,FALSE,FALSE,24512,6501,Allegiant Stadium,2439,UNLV,fbs,Mountain West,72,0.9988876075327624,1548,1548,3101,Utah Tech,fcs,UAC,14,0.0011123924672375995,NA,NA,2.2093969375,,NA,NA
401628337,2024,2,regular,2024-09-07T19:30:00.000Z,FALSE,TRUE,FALSE,FALSE,88043,3785,Jordan-Hare Stadium,2,Auburn,fbs,SEC,14,0.2525169316190977,1556,1537,25,California,fbs,ACC,21,0.7474830683809023,1483,1502,6.8038045019,,NA,NA
401635535,2024,2,regular,2024-09-07T19:30:00.000Z,FALSE,TRUE,FALSE,FALSE,48575,3873,L&N Federal Credit Union Stadium,97,Louisville,fbs,ACC,49,0.9977026560763437,1625,1700,55,Jacksonville State,fbs,Conference USA,14,0.0022973439236563253,1449,1374,3.1667549545,,NA,NA
401628473,2024,2,regular,2024-09-07T19:30:00.000Z,FALSE,TRUE,FALSE,FALSE,64222,3765,Husky Stadium,264,Washington,fbs,Big Ten,30,0.998969852945677,1752,1759,2199,Eastern Michigan,fbs,Mid-American,9,0.0010301470543230273,1305,1298,4.1592743707,,NA,NA
401643710,2024,2,regular,2024-09-07T19:30:00.000Z,FALSE,TRUE,FALSE,FALSE,25070,3984,War Memorial Stadium,2751,Wyoming,fbs,Mountain West,13,0.4178541664492569,1369,1369,70,Idaho,fcs,Big Sky,17,0.5821458335507431,NA,NA,7.4414261271,,NA,NA
401628465,2024,2,regular,2024-09-07T19:30:00.000Z,FALSE,TRUE,FALSE,TRUE,34819,3665,SECU Stadium,120,Maryland,fbs,Big Ten,24,0.5134079056281101,1703,1679,127,Michigan State,fbs,Big Ten,27,0.4865920943718899,1401,1425,8.2782012973,,NA,NA
401645324,2024,2,regular,2024-09-07T19:30:00.000Z,FALSE,TRUE,FALSE,TRUE,28889,3852,Navy-Marine Corps Memorial Stadium,2426,Navy,fbs,American Athletic,38,0.9989039411338847,1368,1409,218,Temple,fbs,American Athletic,11,0.0010960588661153015,1115,1074,3.0955029612,,NA,NA
401635537,2024,2,regular,2024-09-07T19:30:00.000Z,FALSE,TRUE,FALSE,FALSE,48431,3787,Kenan Stadium,153,North Carolina,fbs,ACC,38,0.9740641077075093,1546,1554,2429,Charlotte,fbs,American Athletic,20,0.025935892292490714,1195,1187,3.6549153501,,NA,NA
401628340,2024,2,regular,2024-09-07T19:30:00.000Z,FALSE,TRUE,FALSE,TRUE,61349,3683,Kroger Field,96,Kentucky,fbs,SEC,6,0.006082209207821032,1640,1563,2579,South Carolina,fbs,SEC,31,0.993917790792179,1560,1637,3.9452995446,,NA,NA
401629040,2024,2,regular,2024-09-07T19:30:00.000Z,FALSE,TRUE,FALSE,FALSE,21668,3739,Glass Bowl,2649,Toledo,fbs,Mid-American,38,0.09479990994041462,1526,1524,113,Massachusetts,fbs,FBS Independents,23,0.9052000900595853,1123,1125,6.6782431738,,NA,NA
401628977,2024,2,regular,2024-09-07T19:30:00.000Z,FALSE,TRUE,FALSE,FALSE,77622,3855,Notre Dame Stadium,87,Notre Dame,fbs,FBS Independents,14,0.22276720328304617,1888,1858,2459,Northern Illinois,fbs,Mid-American,16,0.7772327967169539,1446,1476,4.9100949395,,NA,NA
401636618,2024,2,regular,2024-09-07T19:30:00.000Z,FALSE,TRUE,FALSE,FALSE,52827,587,Rice-Eccles Stadium,254,Utah,fbs,Big 12,23,0.8942028336702575,1622,1627,239,Baylor,fbs,Big 12,12,0.10579716632974245,1422,1417,3.4697381845,,NA,NA
401628474,2024,2,regular,2024-09-07T19:30:00.000Z,FALSE,TRUE,FALSE,FALSE,76069,347,Camp Randall Stadium,275,Wisconsin,fbs,Big Ten,27,0.9941188593552427,1601,1601,233,South Dakota,fcs,MVFC,13,0.00588114064475731,NA,NA,5.4936784051,,NA,NA
401635531,2024,2,regular,2024-09-07T19:30:00.000Z,FALSE,TRUE,FALSE,FALSE,38441,3615,"Alumni Stadium (Chestnut Hill, MA)",103,Boston College,fbs,ACC,56,0.9989714428938834,1450,1450,2184,Duquesne,fcs,NEC,0,0.001028557106116601,NA,NA,2.4533237493,,NA,NA
401628464,2024,2,regular,2024-09-07T19:30:00.000Z,FALSE,TRUE,FALSE,FALSE,69250,3793,Kinnick Stadium,2294,Iowa,fbs,Big Ten,19,0.22468274134511054,1550,1552,66,Iowa State,fbs,Big 12,20,0.7753172586548894,1612,1610,8.5704413795,,NA,NA
401643783,2024,2,regular,2024-09-07T20:00:00.000Z,FALSE,TRUE,FALSE,FALSE,28000,3644,Bobcat Stadium (TX),326,Texas State,fbs,Sun Belt,49,0.9975383777137619,1399,1545,2636,UTSA,fbs,American Athletic,10,0.002461622286238141,1613,1467,3.5916870101,,NA,NA
401628342,2024,2,regular,2024-09-07T20:15:00.000Z,FALSE,TRUE,FALSE,FALSE,66427,3974,Vaught-Hemingway Stadium,145,Ole Miss,fbs,SEC,52,0.998968017794867,1658,1770,2393,Middle Tennessee,fbs,Conference USA,3,0.0010319822051330085,1400,1288,2.6354142701,,NA,NA
401635540,2024,2,regular,2024-09-07T20:30:00.000Z,FALSE,TRUE,FALSE,FALSE,65632,3799,Lane Stadium,259,Virginia Tech,fbs,ACC,31,0.9846356534773444,1575,1597,276,Marshall,fbs,Sun Belt,14,0.015364346522655614,1406,1384,7.6305171105,,NA,NA
401635536,2024,2,regular,2024-09-07T22:00:00.000Z,FALSE,TRUE,FALSE,FALSE,57886,3948,Hard Rock Stadium,2390,Miami,fbs,ACC,56,0.9989304485305625,1622,1622,50,Florida A&M,fcs,SWAC,9,0.0010695514694375463,NA,NA,2.8571338182,,NA,NA
401643778,2024,2,regular,2024-09-07T22:00:00.000Z,FALSE,TRUE,FALSE,FALSE,21944,3918,S.B. Ballard Stadium,295,Old Dominion,fbs,Sun Belt,14,0.26672239131813047,1408,1397,151,East Carolina,fbs,American Athletic,20,0.7332776086818695,1404,1415,7.2626005857000004,,NA,NA
401640979,2024,2,regular,2024-09-07T22:00:00.000Z,FALSE,TRUE,TRUE,FALSE,17852,2031,Pitbull Stadium,2229,Florida International,fbs,Conference USA,52,0.9818650371377727,1129,1271,2117,Central Michigan,fbs,Mid-American,16,0.018134962862227266,1333,1191,3.3654068296,,NA,NA
401643781,2024,2,regular,2024-09-07T22:00:00.000Z,FALSE,TRUE,FALSE,FALSE,22158,3876,Peden Stadium,195,Ohio,fbs,Mid-American,27,0.9525876837264748,1469,1486,6,South Alabama,fbs,Sun Belt,20,0.04741231627352516,1593,1576,8.6579097653,,NA,NA
401628593,2024,2,regular,2024-09-07T22:00:00.000Z,FALSE,TRUE,FALSE,FALSE,50073,3842,Milan Puskar Stadium,277,West Virginia,fbs,Big 12,49,0.9986585303886906,1527,1527,399,UAlbany,fcs,CAA,14,0.0013414696113094315,NA,NA,3.4196493042,,NA,NA
401643777,2024,2,regular,2024-09-07T22:00:00.000Z,FALSE,TRUE,FALSE,FALSE,24570,3651,Bridgeforth Stadium,256,James Madison,fbs,Sun Belt,13,0.906606081446229,1728,1728,2241,Gardner-Webb,fcs,Big South-OVC,6,0.093393918553771,NA,NA,5.9057896435,,NA,NA
401636617,2024,2,regular,2024-09-07T22:30:00.000Z,FALSE,TRUE,FALSE,FALSE,43807,3652,FBC Mortgage Stadium,2116,UCF,fbs,Big 12,45,0.9984675152867405,1578,1644,2534,Sam Houston,fbs,Conference USA,14,0.0015324847132595076,1436,1370,3.2004794485,,NA,NA
401635539,2024,2,regular,2024-09-07T23:00:00.000Z,FALSE,TRUE,FALSE,FALSE,22634,3940,Stanford Stadium,24,Stanford,fbs,ACC,41,0.9791731264428654,1282,1282,13,Cal Poly,fcs,Big Sky,7,0.02082687355713464,NA,NA,4.1003165447,,NA,NA
401632459,2024,2,regular,2024-09-07T23:00:00.000Z,FALSE,TRUE,FALSE,FALSE,NA,4246,Center Parc Stadium,2247,Georgia State,fbs,Sun Belt,24,0.41424415119961694,1369,1369,236,Chattanooga,fcs,Southern,21,0.5857558488003831,NA,NA,9.3852508068,,NA,NA
401645326,2024,2,regular,2024-09-07T23:00:00.000Z,FALSE,TRUE,FALSE,FALSE,17760,3895,Rice Stadium,242,Rice,fbs,American Athletic,69,0.9989284541501057,1309,1309,2640,Texas Southern,fcs,SWAC,7,0.0010715458498943287,NA,NA,3.2984714394,,NA,NA
401643705,2024,2,regular,2024-09-07T23:00:00.000Z,FALSE,TRUE,FALSE,TRUE,22478,3713,Falcon Stadium,2005,Air Force,fbs,Mountain West,7,0.27425759677110456,1572,1549,23,San José State,fbs,Mountain West,17,0.7257424032288955,1544,1567,3.6614362236,,NA,NA
401628338,2024,2,regular,2024-09-07T23:00:00.000Z,FALSE,TRUE,FALSE,FALSE,89295,3634,Ben Hill Griffin Stadium,57,Florida,fbs,SEC,45,0.9986559089730632,1493,1493,2535,Samford,fcs,Southern,7,0.0013440910269367778,NA,NA,3.9831706488,,NA,NA
401643780,2024,2,regular,2024-09-07T23:00:00.000Z,FALSE,TRUE,FALSE,FALSE,12327,3817,Malone Stadium,2433,UL Monroe,fbs,Sun Belt,32,0.9604075852198672,1156,1249,5,UAB,fbs,American Athletic,6,0.039592414780132756,1363,1270,6.1979403345,,NA,NA
401628603,2024,2,regular,2024-09-07T23:00:00.000Z,FALSE,TRUE,FALSE,FALSE,19294,3654,Brooks Stadium (SC),324,Coastal Carolina,fbs,Sun Belt,40,0.9976415522417889,1537,1537,2729,William & Mary,fcs,CAA,21,0.0023584477582111463,NA,NA,3.3772758984,,NA,NA
401628344,2024,2,regular,2024-09-07T23:00:00.000Z,FALSE,TRUE,FALSE,FALSE,62621,3838,Memorial Stadium,142,Missouri,fbs,SEC,38,0.9988863863777315,1744,1803,2084,Buffalo,fbs,Mid-American,0,0.0011136136222684723,1357,1298,3.2483160685,,NA,NA
401643782,2024,2,regular,2024-09-07T23:00:00.000Z,FALSE,TRUE,FALSE,FALSE,22044,3815,M. M. Roberts Stadium,2572,Southern Miss,fbs,Sun Belt,35,0.9977096872842911,1217,1217,2545,SE Louisiana,fcs,Southland,10,0.0022903127157088976,NA,NA,7.8335681557,,NA,NA
401632068,2024,2,regular,2024-09-07T23:00:00.000Z,FALSE,TRUE,FALSE,FALSE,16712,3796,Houchens Industries-L.T. Smith Stadium,98,Western Kentucky,fbs,Conference USA,31,0.37641387441259805,1307,1307,2198,Eastern Kentucky,fcs,UAC,0,0.623586125587402,NA,NA,3.9055538496,,NA,NA
401635639,2024,2,regular,2024-09-07T23:00:00.000Z,FALSE,TRUE,FALSE,TRUE,30012,3630,Allegacy Federal Credit Union Stadium,154,Wake Forest,fbs,ACC,30,0.3231116289522079,1431,1424,258,Virginia,fbs,ACC,31,0.6768883710477921,1310,1317,6.5433888584,,NA,NA
401643706,2024,2,regular,2024-09-07T23:00:00.000Z,FALSE,TRUE,FALSE,FALSE,36573,5388,Canvas Stadium,36,Colorado State,fbs,Mountain West,38,0.9654344872118603,1237,1237,2458,Northern Colorado,fcs,Big Sky,17,0.034565512788139685,NA,NA,4.5437808258,,NA,NA
401628335,2024,2,regular,2024-09-07T23:00:00.000Z,FALSE,TRUE,FALSE,FALSE,100077,3657,Bryant-Denny Stadium,333,Alabama,fbs,SEC,42,0.9964872219835206,1997,2006,58,South Florida,fbs,American Athletic,16,0.003512778016479423,1442,1433,8.3492231748,,NA,NA
401641016,2024,2,regular,2024-09-07T23:00:00.000Z,FALSE,TRUE,FALSE,FALSE,11040,4899,Fifth Third Stadium,338,Kennesaw State,fbs,Conference USA,10,0.12064797831540046,1485,1423,309,Louisiana,fbs,Sun Belt,34,0.8793520216845996,1496,1558,2.8462981643,,NA,NA
401643708,2024,2,regular,2024-09-07T23:00:00.000Z,FALSE,TRUE,FALSE,FALSE,16245,3816,Mackay Stadium,2440,Nevada,fbs,Mountain West,17,0.9877788748907659,1271,1273,290,Georgia Southern,fbs,Sun Belt,20,0.012221125109234121,1381,1379,7.3547409027,,NA,NA
401628462,2024,2,regular,2024-09-07T23:00:00.000Z,FALSE,TRUE,FALSE,FALSE,60670,3832,"Memorial Stadium (Champaign, IL)",356,Illinois,fbs,Big Ten,23,0.7973976238859617,1502,1515,2305,Kansas,fbs,Big 12,17,0.2026023761140383,1619,1606,7.4772522448,,NA,NA
401643779,2024,2,regular,2024-09-07T23:00:00.000Z,FALSE,TRUE,FALSE,FALSE,19316,3625,Centennial Bank Stadium,2032,Arkansas State,fbs,Sun Belt,28,0.682684313677518,1406,1404,202,Tulsa,fbs,American Athletic,24,0.31731568632248197,1248,1250,6.3543485401,,NA,NA
401628341,2024,2,regular,2024-09-07T23:30:00.000Z,FALSE,TRUE,FALSE,FALSE,100242,3958,Tiger Stadium (LA),99,LSU,fbs,SEC,44,0.2641403564947987,1805,1805,2447,Nicholls,fcs,Southland,21,0.7358596435052013,NA,NA,4.5734053957,,NA,NA
401628468,2024,2,regular,2024-09-07T23:30:00.000Z,FALSE,TRUE,FALSE,FALSE,102665,3861,Ohio Stadium,194,Ohio State,fbs,Big Ten,56,0.9989683362339095,1927,2014,2711,Western Michigan,fbs,Mid-American,0,0.0010316637660905403,1309,1222,2.276632436,,NA,NA
401628346,2024,2,regular,2024-09-07T23:30:00.000Z,FALSE,TRUE,TRUE,FALSE,72730,3628,Bank of America Stadium,152,NC State,fbs,ACC,10,0.0013081611453792652,1606,1512,2633,Tennessee,fbs,SEC,51,0.9986918388546208,1751,1845,2.6876723747,,Duke’s Mayo Classic,NA
401645325,2024,2,regular,2024-09-07T23:30:00.000Z,FALSE,TRUE,FALSE,FALSE,23510,3825,DATCU Stadium,249,North Texas,fbs,American Athletic,35,0.9985735406880482,1460,1460,2617,Stephen F. Austin,fcs,Southland,20,0.0014264593119518443,NA,NA,6.8718981027,,NA,NA
401628349,2024,2,regular,2024-09-07T23:30:00.000Z,FALSE,TRUE,FALSE,FALSE,24080,3973,FirstBank Stadium,238,Vanderbilt,fbs,SEC,55,0.9989565641578229,1303,1303,2016,Alcorn State,fcs,SWAC,0,0.0010434358421771428,NA,NA,2.6201509074,,NA,NA
401628467,2024,2,regular,2024-09-07T23:30:00.000Z,FALSE,TRUE,FALSE,FALSE,86906,3834,"Memorial Stadium (Lincoln, NE)",158,Nebraska,fbs,Big Ten,28,0.965196421811165,1571,1588,38,Colorado,fbs,Big 12,10,0.03480357818883495,1324,1307,3.2682399356,,NA,NA
401628345,2024,2,regular,2024-09-07T23:45:00.000Z,FALSE,TRUE,FALSE,FALSE,83653,3835,"Memorial Stadium (Norman, OK)",201,Oklahoma,fbs,SEC,16,0.03463077000202154,1849,1840,248,Houston,fbs,Big 12,12,0.9653692299979785,1402,1411,7.4633177224,,NA,NA
401635532,2024,2,regular,2024-09-08T00:00:00.000Z,FALSE,TRUE,FALSE,FALSE,81500,3836,"Memorial Stadium (Clemson, SC)",228,Clemson,fbs,ACC,66,0.9989707034282519,1625,1757,2026,App State,fbs,Sun Belt,20,0.0010292965717481062,1578,1446,2.5044572153,,NA,NA
401636615,2024,2,regular,2024-09-08T00:00:00.000Z,FALSE,TRUE,FALSE,FALSE,44063,3616,Amon G. Carter Stadium,2628,TCU,fbs,Big 12,45,0.9988595858130722,1591,1591,2341,Long Island University,fcs,NEC,0,0.001140414186927785,NA,NA,3.0873170548,,NA,NA
401632072,2024,2,regular,2024-09-08T01:00:00.000Z,FALSE,TRUE,FALSE,FALSE,41609,3946,Sun Bowl,2638,UTEP,fbs,Conference USA,24,0.36967252790505417,1224,1224,253,Southern Utah,fcs,UAC,27,0.6303274720949459,NA,NA,8.3814588335,,NA,NA
401628469,2024,2,regular,2024-09-08T02:00:00.000Z,FALSE,TRUE,FALSE,FALSE,58134,3626,Autzen Stadium,2483,Oregon,fbs,Big Ten,37,0.9708133111224604,1904,1902,68,Boise State,fbs,Mountain West,34,0.029186688877539613,1629,1631,9.8770288234,,NA,NA
401636859,2024,2,regular,2024-09-08T02:00:00.000Z,FALSE,TRUE,FALSE,FALSE,27372,3820,Gesa Field,265,Washington State,fbs,Pac-12,37,0.8654073890186578,1530,1581,2641,Texas Tech,fbs,Big 12,16,0.13459261098134223,1541,1490,5.208469346,,NA,NA
401636614,2024,2,regular,2024-09-08T02:00:00.000Z,FALSE,TRUE,FALSE,FALSE,47746,3619,Arizona Stadium,12,Arizona,fbs,Big 12,22,0.9528976534210033,1739,1739,2464,Northern Arizona,fcs,Big Sky,10,0.0471023465789967,NA,NA,6.8354765478,,NA,NA
401643707,2024,2,regular,2024-09-08T02:00:00.000Z,FALSE,TRUE,FALSE,FALSE,41031,3660,Valley Children's Stadium,278,Fresno State,fbs,Mountain West,46,0.9896657008811013,1535,1535,16,Sacramento State,fcs,Big Sky,30,0.010334299118898715,NA,NA,5.2341013291,,NA,NA
401640989,2024,2,regular,2024-09-08T02:15:00.000Z,FALSE,TRUE,FALSE,TRUE,16562,3601,Aggie Memorial Stadium,166,New Mexico State,fbs,Conference USA,24,0.29013704906020665,1432,1431,2335,Liberty,fbs,Conference USA,30,0.7098629509397933,1572,1573,7.8831258262,,NA,NA
401628343,2024,2,regular,2024-09-08T02:30:00.000Z,FALSE,TRUE,FALSE,FALSE,45504,3947,Mountain America Stadium,9,Arizona State,fbs,Big 12,30,0.7141237504569228,1497,1504,344,Mississippi State,fbs,SEC,23,0.2858762495430772,1447,1440,3.8316762822,,NA,NA
401643709,2024,2,regular,2024-09-08T02:30:00.000Z,FALSE,TRUE,FALSE,FALSE,25318,7311,Snapdragon Stadium,21,San Diego State,fbs,Mountain West,0,0.0031430420540741865,1416,1388,204,Oregon State,fbs,Pac-12,21,0.9968569579459258,1648,1676,3.8855356996,,NA,NA
401628472,2024,2,regular,2024-09-08T03:00:00.000Z,FALSE,TRUE,FALSE,FALSE,68110,477,Los Angeles Memorial Coliseum,30,USC,fbs,Big Ten,48,0.998820125395717,1668,1768,328,Utah State,fbs,Mountain West,0,0.0011798746042830377,1346,1246,3.4091592103,,NA,NA
401636867,2024,3,regular,2024-09-12T23:30:00.000Z,FALSE,TRUE,FALSE,FALSE,25187,3644,Bobcat Stadium (TX),326,Texas State,fbs,Sun Belt,28,0.11506986599136698,1545,1538,9,Arizona State,fbs,Big 12,31,0.8849301340086331,1504,1511,8.8230147959,,NA,NA
401643788,2024,3,regular,2024-09-12T23:30:00.000Z,FALSE,TRUE,FALSE,FALSE,NA,6526,Hancock Whitney Stadium,6,South Alabama,fbs,Sun Belt,87,0.99897052875113,1581,1581,2466,Northwestern State,fcs,Southland,10,0.0010294712488699842,NA,NA,3.63048087,,NA,NA
401636863,2024,3,regular,2024-09-13T23:00:00.000Z,FALSE,TRUE,TRUE,FALSE,21493,3486,Children's Mercy Park,2305,Kansas,fbs,Big 12,20,0.9904339356746409,1606,1603,2439,UNLV,fbs,Mountain West,23,0.009566064325359114,1541,1544,6.9236233086,,NA,NA
401636864,2024,3,regular,2024-09-14T00:00:00.000Z,FALSE,TRUE,FALSE,FALSE,51290,3636,Bill Snyder Family Stadium,2306,Kansas State,fbs,Big 12,31,0.9893458948837691,1790,1842,12,Arizona,fbs,Big 12,7,0.010654105116230883,1720,1668,4.5340233474,,NA,NA
401635542,2024,3,regular,2024-09-14T16:00:00.000Z,FALSE,TRUE,FALSE,FALSE,55107,3697,Doak Campbell Stadium,52,Florida State,fbs,ACC,12,0.11682755961610082,1610,1596,235,Memphis,fbs,American Athletic,20,0.8831724403838992,1625,1639,4.7620557314,,NA,NA
401628479,2024,3,regular,2024-09-14T16:00:00.000Z,FALSE,TRUE,FALSE,FALSE,110250,3558,Michigan Stadium,130,Michigan,fbs,Big Ten,28,0.99822512163928,1928,1911,2032,Arkansas State,fbs,Sun Belt,18,0.0017748783607199892,1404,1421,4.2387123237,,NA,NA
401628475,2024,3,regular,2024-09-14T16:00:00.000Z,FALSE,TRUE,FALSE,FALSE,NA,3832,"Memorial Stadium (Champaign, IL)",356,Illinois,fbs,Big Ten,30,0.9736874201207752,1515,1533,2117,Central Michigan,fbs,Mid-American,9,0.02631257987922475,1191,1173,4.7985291022,,NA,NA
401636869,2024,3,regular,2024-09-14T16:00:00.000Z,FALSE,TRUE,FALSE,FALSE,30915,3674,Chapman Stadium,202,Tulsa,fbs,American Athletic,10,3.792225224573761e-4,1250,1185,197,Oklahoma State,fbs,Big 12,45,0.9996207774775426,1530,1595,1.7699490034,,NA,NA
401636868,2024,3,regular,2024-09-14T16:00:00.000Z,FALSE,TRUE,FALSE,FALSE,57865,3784,Jones AT&T Stadium,2641,Texas Tech,fbs,Big 12,66,0.9989666953513109,1490,1623,249,North Texas,fbs,American Athletic,21,0.001033304648689115,1469,1336,4.5756445546,,NA,NA
401635546,2024,3,regular,2024-09-14T16:00:00.000Z,FALSE,TRUE,FALSE,FALSE,56919,3670,Carter-Finley Stadium,152,NC State,fbs,ACC,30,0.9887121904445089,1512,1511,2348,Louisiana Tech,fbs,Conference USA,20,0.011287809555491135,1246,1247,6.9656670091,,NA,NA
401628350,2024,3,regular,2024-09-14T16:00:00.000Z,FALSE,TRUE,FALSE,FALSE,76323,347,Camp Randall Stadium,275,Wisconsin,fbs,Big Ten,10,0.0081587932041351,1593,1553,333,Alabama,fbs,SEC,42,0.9918412067958648,2006,2046,2.8137131564,,NA,NA
401636865,2024,3,regular,2024-09-14T16:00:00.000Z,FALSE,TRUE,FALSE,FALSE,24717,3996,Yager Stadium,193,Miami (OH),fbs,Mid-American,16,0.22661705402857707,1490,1458,2132,Cincinnati,fbs,Big 12,27,0.773382945971423,1397,1429,4.2593483439,,NA,NA
401628359,2024,3,regular,2024-09-14T16:00:00.000Z,FALSE,TRUE,FALSE,TRUE,79531,3994,Williams-Brice Stadium,2579,South Carolina,fbs,SEC,33,0.8567462764688526,1637,1642,99,LSU,fbs,SEC,36,0.1432537235311474,1803,1798,9.8185936219,,NA,NA
401628357,2024,3,regular,2024-09-14T16:45:00.000Z,FALSE,TRUE,FALSE,FALSE,62621,3838,Memorial Stadium,142,Missouri,fbs,SEC,27,0.8685557691100811,1803,1795,103,Boston College,fbs,ACC,21,0.13144423088991886,1462,1470,5.8006475504,,NA,NA
401629041,2024,3,regular,2024-09-14T17:00:00.000Z,FALSE,TRUE,FALSE,FALSE,15204,3965,UB Stadium,2084,Buffalo,fbs,Mid-American,34,0.9701620326958922,1298,1360,113,Massachusetts,fbs,FBS Independents,3,0.029837967304107815,1125,1063,5.4328549557,,NA,NA
401643786,2024,3,regular,2024-09-14T18:00:00.000Z,FALSE,TRUE,FALSE,FALSE,13945,3806,Lincoln Financial Field,218,Temple,fbs,American Athletic,20,0.1595680350940139,1074,1092,324,Coastal Carolina,fbs,Sun Belt,28,0.8404319649059862,1537,1519,4.01918383,,NA,NA
401628978,2024,3,regular,2024-09-14T19:30:00.000Z,FALSE,TRUE,FALSE,FALSE,61441,3907,Ross-Ade Stadium,2509,Purdue,fbs,Big Ten,7,2.993282026749188e-4,1492,1358,87,Notre Dame,fbs,FBS Independents,66,0.9997006717973251,1858,1992,2.1112922952,,NA,NA
401628483,2024,3,regular,2024-09-14T19:30:00.000Z,FALSE,TRUE,FALSE,FALSE,38419,3893,Reser Stadium,204,Oregon State,fbs,Pac-12,14,0.007742937607065228,1676,1604,2483,Oregon,fbs,Big Ten,49,0.9922570623929348,1902,1974,3.076769043,,NA,NA
401635543,2024,3,regular,2024-09-14T19:30:00.000Z,FALSE,TRUE,FALSE,FALSE,31729,721,Bobby Dodd Stadium,59,Georgia Tech,fbs,ACC,59,0.9989672155779504,1551,1551,2678,VMI,fcs,Southern,7,0.0010327844220495708,NA,NA,2.6239487886,,NA,NA
401628480,2024,3,regular,2024-09-14T19:30:00.000Z,FALSE,TRUE,FALSE,FALSE,70066,3936,Spartan Stadium,127,Michigan State,fbs,Big Ten,40,0.9989534090095522,1418,1418,2504,Prairie View A&M,fcs,SWAC,0,0.0010465909904477932,NA,NA,4.723501427,,NA,NA
401628484,2024,3,regular,2024-09-14T19:30:00.000Z,FALSE,TRUE,TRUE,FALSE,57567,3673,Lumen Field,264,Washington,fbs,Big Ten,19,0.7815755850294251,1759,1745,265,Washington State,fbs,Pac-12,24,0.21842441497057485,1581,1595,6.750224187,,NA,NA
401628358,2024,3,regular,2024-09-14T19:30:00.000Z,FALSE,TRUE,FALSE,FALSE,83325,3835,"Memorial Stadium (Norman, OK)",201,Oklahoma,fbs,SEC,34,0.6258604373647714,1840,1848,2655,Tulane,fbs,American Athletic,19,0.37413956263522863,1569,1561,5.520590328,,NA,NA
401628481,2024,3,regular,2024-09-14T19:30:00.000Z,FALSE,TRUE,FALSE,FALSE,44534,3953,Huntington Bank Stadium,135,Minnesota,fbs,Big Ten,27,0.9920975348755978,1492,1537,2440,Nevada,fbs,Mountain West,0,0.00790246512440218,1273,1228,5.8857044704,,NA,NA
401644734,2024,3,regular,2024-09-14T19:30:00.000Z,FALSE,TRUE,FALSE,FALSE,20438,3876,Peden Stadium,195,Ohio,fbs,Mid-American,21,0.9976520547777931,1481,1481,2415,Morgan State,fcs,MEAC,6,0.0023479452222069375,NA,NA,7.2518927304,,NA,NA
401635547,2024,3,regular,2024-09-14T19:30:00.000Z,FALSE,TRUE,FALSE,FALSE,66087,3752,Acrisure Stadium,221,Pittsburgh,fbs,ACC,38,0.5101699610641375,1483,1488,277,West Virginia,fbs,Big 12,34,0.4898300389358625,1546,1541,8.7770249092,,NA,NA
401628353,2024,3,regular,2024-09-14T19:30:00.000Z,FALSE,TRUE,FALSE,TRUE,89993,3634,Ben Hill Griffin Stadium,57,Florida,fbs,SEC,20,0.005388908230321768,1497,1485,245,Texas A&M,fbs,SEC,33,0.9946110917696782,1677,1689,3.0084883856,,NA,NA
401635544,2024,3,regular,2024-09-14T19:30:00.000Z,FALSE,TRUE,FALSE,FALSE,51564,3948,Hard Rock Stadium,2390,Miami,fbs,ACC,62,0.9989667124762882,1618,1774,2050,Ball State,fbs,Mid-American,0,0.00103328752371179,1341,1185,4.9997511364,,NA,NA
401643785,2024,3,regular,2024-09-14T20:00:00.000Z,FALSE,TRUE,FALSE,FALSE,46117,3699,Dowdy-Ficklen Stadium,151,East Carolina,fbs,American Athletic,19,0.32633443593883876,1415,1414,2026,App State,fbs,Sun Belt,21,0.6736655640611613,1446,1447,8.6747762863,,NA,NA
401628477,2024,3,regular,2024-09-14T20:00:00.000Z,FALSE,TRUE,FALSE,FALSE,69250,3793,Kinnick Stadium,2294,Iowa,fbs,Big Ten,38,0.9968610497948086,1552,1591,2653,Troy,fbs,Sun Belt,21,0.003138950205191393,1573,1534,6.6290795104,,NA,NA
401628351,2024,3,regular,2024-09-14T20:15:00.000Z,FALSE,TRUE,FALSE,FALSE,75021,3887,Razorback Stadium,8,Arkansas,fbs,SEC,37,0.49095215439732587,1446,1451,5,UAB,fbs,American Athletic,27,0.5090478456026741,1270,1265,6.8537612708,,NA,NA
401636870,2024,3,regular,2024-09-14T20:30:00.000Z,FALSE,TRUE,FALSE,FALSE,NA,3905,Maverik Stadium,328,Utah State,fbs,Mountain West,21,0.09987048764588333,1246,1242,254,Utah,fbs,Big 12,38,0.9001295123541166,1627,1631,4.9896212641,,NA,NA
401629030,2024,3,regular,2024-09-14T22:00:00.000Z,FALSE,TRUE,FALSE,FALSE,20174,3982,Wallace Wade Stadium,150,Duke,fbs,ACC,26,0.3474928526218494,1602,1590,41,UConn,fbs,FBS Independents,21,0.6525071473781505,1157,1169,8.9201363026,,NA,NA
401640980,2024,3,regular,2024-09-14T22:00:00.000Z,FALSE,TRUE,FALSE,FALSE,24283,3715,FAU Stadium,2226,Florida Atlantic,fbs,American Athletic,38,0.991083514939055,1373,1403,2229,Florida International,fbs,Conference USA,20,0.008916485060945,1271,1241,4.6474244048,,NA,NA
401640990,2024,3,regular,2024-09-14T22:00:00.000Z,FALSE,TRUE,FALSE,TRUE,21805,3992,Williams Stadium (VA),2335,Liberty,fbs,Conference USA,28,0.9983214732342744,1573,1582,2638,UTEP,fbs,Conference USA,10,0.001678526765725552,1232,1223,7.1552804569,,NA,NA
401645327,2024,3,regular,2024-09-14T22:00:00.000Z,FALSE,TRUE,FALSE,FALSE,NA,4418,Jerry Richardson Stadium,2429,Charlotte,fbs,American Athletic,27,0.3163741009693031,1174,1174,2241,Gardner-Webb,fcs,Big South-OVC,26,0.6836258990306969,NA,NA,5.3353819557,,NA,NA
401644733,2024,3,regular,2024-09-14T22:00:00.000Z,FALSE,TRUE,FALSE,FALSE,8932,3768,InfoCision Stadium,2006,Akron,fbs,Mid-American,31,0.8741212642626452,1098,1098,2142,Colgate,fcs,Patriot,20,0.12587873573735475,NA,NA,6.4380193612,,NA,NA
401635545,2024,3,regular,2024-09-14T22:00:00.000Z,FALSE,TRUE,FALSE,FALSE,45491,3787,Kenan Stadium,153,North Carolina,fbs,ACC,45,0.9974742998884685,1567,1567,2428,North Carolina Central,fcs,MEAC,10,0.002525700111531526,NA,NA,5.996017734,,NA,NA
401635548,2024,3,regular,2024-09-14T22:00:00.000Z,FALSE,TRUE,FALSE,FALSE,22208,3918,S.B. Ballard Stadium,295,Old Dominion,fbs,Sun Belt,17,0.1309340310766458,1397,1368,259,Virginia Tech,fbs,ACC,37,0.8690659689233542,1597,1626,4.4523144576,,NA,NA
401643787,2024,3,regular,2024-09-14T22:00:00.000Z,FALSE,TRUE,FALSE,FALSE,21617,3608,Allen E. Paulson Stadium,290,Georgia Southern,fbs,Sun Belt,42,0.9908620138574958,1383,1383,2569,South Carolina State,fcs,MEAC,14,0.009137986142504162,NA,NA,4.1223384087,,NA,NA
401628355,2024,3,regular,2024-09-14T22:30:00.000Z,FALSE,TRUE,FALSE,FALSE,32849,3630,Allegacy Federal Credit Union Stadium,154,Wake Forest,fbs,ACC,6,3.568256800009375e-4,1424,1370,145,Ole Miss,fbs,SEC,40,0.999643174319999,1770,1824,3.1835106946,,NA,NA
401636364,2024,3,regular,2024-09-14T22:30:00.000Z,FALSE,TRUE,FALSE,FALSE,23476,3980,Waldo Stadium,2711,Western Michigan,fbs,Mid-American,59,0.9989684442331265,1193,1193,2065,Bethune-Cookman,fcs,SWAC,31,0.0010315557668735265,NA,NA,2.73963378,,NA,NA
401643789,2024,3,regular,2024-09-14T23:00:00.000Z,FALSE,TRUE,FALSE,FALSE,23537,3815,M. M. Roberts Stadium,2572,Southern Miss,fbs,Sun Belt,24,0.0758748165356814,1230,1187,58,South Florida,fbs,American Athletic,49,0.9241251834643186,1433,1476,3.830391038,,NA,NA
401628361,2024,3,regular,2024-09-14T23:00:00.000Z,FALSE,TRUE,FALSE,FALSE,101892,3910,DKR-Texas Memorial Stadium,251,Texas,fbs,SEC,56,0.9988848395909953,1991,2068,2636,UTSA,fbs,American Athletic,7,0.001115160409004723,1467,1390,2.909180873,,NA,NA
401641024,2024,3,regular,2024-09-14T23:00:00.000Z,FALSE,TRUE,FALSE,TRUE,12227,3725,"Johnny ""Red"" Floyd Stadium",2393,Middle Tennessee,fbs,Conference USA,21,0.25259863997656923,1288,1215,98,Western Kentucky,fbs,Conference USA,49,0.7474013600234308,1323,1396,2.2685949947,,NA,NA
401640999,2024,3,regular,2024-09-14T23:00:00.000Z,FALSE,TRUE,FALSE,FALSE,17501,3912,Rynearson Stadium,2199,Eastern Michigan,fbs,Mid-American,37,0.6626094267979739,1298,1300,55,Jacksonville State,fbs,Conference USA,34,0.33739057320202614,1374,1372,9.6322925678,,NA,NA
401628362,2024,3,regular,2024-09-14T23:00:00.000Z,FALSE,TRUE,FALSE,FALSE,14413,4246,Center Parc Stadium,2247,Georgia State,fbs,Sun Belt,36,0.4064557580733251,1370,1371,238,Vanderbilt,fbs,SEC,32,0.5935442419266749,1313,1312,8.4948458307,,NA,NA
401641040,2024,3,regular,2024-09-14T23:00:00.000Z,FALSE,TRUE,FALSE,FALSE,15134,3647,Elliott T. Bowers Stadium,2534,Sam Houston,fbs,Conference USA,31,0.9963204929272254,1370,1398,62,Hawai'i,fbs,Mountain West,13,0.003679507072774646,1242,1214,5.0525911901,,NA,NA
401641017,2024,3,regular,2024-09-14T23:00:00.000Z,FALSE,TRUE,FALSE,FALSE,11090,3935,CEFCU Stadium,23,San José State,fbs,Mountain West,31,0.9775274462423851,1567,1602,338,Kennesaw State,fbs,Conference USA,10,0.02247255375761492,1423,1388,4.6611245645,,NA,NA
401655632,2024,3,regular,2024-09-14T23:30:00.000Z,FALSE,TRUE,TRUE,FALSE,10631,5960,Lanny and Sharon Martin Stadium,77,Northwestern,fbs,Big Ten,31,0.9954332752862584,1508,1508,2197,Eastern Illinois,fcs,Big South-OVC,7,0.004566724713741643,NA,NA,4.621228179,,NA,NA
401636866,2024,3,regular,2024-09-14T23:30:00.000Z,FALSE,TRUE,FALSE,TRUE,48889,3616,Amon G. Carter Stadium,2628,TCU,fbs,Big 12,34,0.008433595726321992,1578,1580,2116,UCF,fbs,Big 12,35,0.991566404273678,1644,1642,6.913846806,,NA,NA
401628482,2024,3,regular,2024-09-14T23:30:00.000Z,FALSE,TRUE,FALSE,FALSE,86546,3834,"Memorial Stadium (Lincoln, NE)",158,Nebraska,fbs,Big Ten,34,0.9981665662396725,1596,1596,2460,Northern Iowa,fcs,MVFC,3,0.0018334337603275186,NA,NA,3.0885437485,,NA,NA
401628356,2024,3,regular,2024-09-14T23:30:00.000Z,FALSE,TRUE,FALSE,FALSE,47412,3693,Davis Wade Stadium,344,Mississippi State,fbs,SEC,17,4.366823800092236e-4,1440,1386,2649,Toledo,fbs,Mid-American,41,0.9995633176199907,1524,1578,2.3939678093,,NA,NA
401628352,2024,3,regular,2024-09-14T23:30:00.000Z,FALSE,TRUE,FALSE,FALSE,88043,3785,Jordan-Hare Stadium,2,Auburn,fbs,SEC,45,0.9974030594036278,1537,1569,167,New Mexico,fbs,Mountain West,19,0.002596940596372166,1228,1196,5.2477113604,,NA,NA
401636861,2024,3,regular,2024-09-14T23:30:00.000Z,FALSE,TRUE,FALSE,FALSE,40099,5388,Canvas Stadium,36,Colorado State,fbs,Mountain West,9,0.09871601779704506,1261,1219,38,Colorado,fbs,Big 12,28,0.9012839822029549,1307,1349,3.2618715605,,NA,NA
401628476,2024,3,regular,2024-09-14T23:30:00.000Z,FALSE,TRUE,FALSE,TRUE,47811,1056,Rose Bowl,26,UCLA,fbs,Big Ten,13,0.001063915461672754,1553,1456,84,Indiana,fbs,Big Ten,42,0.9989360845383273,1430,1527,2.5796886196,,NA,NA
401636860,2024,3,regular,2024-09-14T23:30:00.000Z,FALSE,TRUE,FALSE,FALSE,46212,4727,McLane Stadium,239,Baylor,fbs,Big 12,31,0.9958538730603451,1417,1507,2005,Air Force,fbs,Mountain West,3,0.004146126939654882,1549,1459,5.1557909361,,NA,NA
401628354,2024,3,regular,2024-09-14T23:30:00.000Z,FALSE,TRUE,FALSE,TRUE,61663,3683,Kroger Field,96,Kentucky,fbs,SEC,12,0.20705104002487187,1563,1583,61,Georgia,fbs,SEC,13,0.7929489599751282,2066,2046,8.9509868466,,NA,NA
401628360,2024,3,regular,2024-09-14T23:45:00.000Z,FALSE,TRUE,FALSE,FALSE,101915,3853,Neyland Stadium,2633,Tennessee,fbs,SEC,71,0.9989675661261332,1845,1964,2309,Kent State,fbs,Mid-American,0,0.001032433873866756,1108,989,2.464570702,,NA,NA
401628478,2024,3,regular,2024-09-15T00:00:00.000Z,FALSE,TRUE,FALSE,FALSE,NA,3923,Scott Stadium,258,Virginia,fbs,ACC,13,0.2758509731563324,1317,1318,120,Maryland,fbs,Big Ten,27,0.7241490268436677,1679,1678,7.1114804406,,NA,NA
401636862,2024,3,regular,2024-09-15T00:00:00.000Z,FALSE,TRUE,FALSE,FALSE,28146,4728,TDECU Stadium,248,Houston,fbs,Big 12,33,0.9986102045526059,1411,1466,242,Rice,fbs,American Athletic,7,0.0013897954473941487,1314,1259,3.1802381861,,NA,NA
401636871,2024,3,regular,2024-09-15T01:00:00.000Z,FALSE,TRUE,FALSE,FALSE,24513,3984,War Memorial Stadium,2751,Wyoming,fbs,Mountain West,14,0.001879823761579304,1354,1312,252,BYU,fbs,Big 12,34,0.9981201762384206,1430,1472,3.1928097307,,NA,NA
401641033,2024,3,regular,2024-09-15T02:30:00.000Z,FALSE,TRUE,FALSE,FALSE,39079,3660,Valley Children's Stadium,278,Fresno State,fbs,Mountain West,48,0.9989555505271754,1551,1680,166,New Mexico State,fbs,Conference USA,0,0.0010444494728245601,1431,1302,2.6317458936,,NA,NA
401635541,2024,3,regular,2024-09-15T02:30:00.000Z,FALSE,TRUE,FALSE,FALSE,35197,3831,California Memorial Stadium,25,California,fbs,ACC,31,0.9817301561871665,1502,1540,21,San Diego State,fbs,Mountain West,10,0.018269843812833475,1388,1350,4.9558040595,,NA,NA
401643790,2024,4,regular,2024-09-19T23:30:00.000Z,FALSE,TRUE,FALSE,TRUE,34133,3792,Kidd Brewer Stadium,2026,App State,fbs,Sun Belt,14,3.65851741178994e-4,1447,1366,6,South Alabama,fbs,Sun Belt,48,0.999634148258821,1576,1657,1.5723330405,,NA,NA
401634766,2024,4,regular,2024-09-20T23:30:00.000Z,FALSE,TRUE,FALSE,TRUE,39290,1964,JMA Wireless Dome,183,Syracuse,fbs,ACC,24,0.1490440505033184,1386,1378,24,Stanford,fbs,ACC,26,0.8509559494966816,1295,1303,8.569416045,,NA,NA
401628485,2024,4,regular,2024-09-21T00:00:00.000Z,FALSE,TRUE,FALSE,TRUE,86936,3834,"Memorial Stadium (Lincoln, NE)",158,Nebraska,fbs,Big Ten,24,0.3547871322306742,1588,1570,356,Illinois,fbs,Big Ten,31,0.6452128677693258,1533,1551,7.7382389903,,NA,NA
401643714,2024,4,regular,2024-09-21T02:00:00.000Z,FALSE,TRUE,FALSE,FALSE,24808,3820,Gesa Field,265,Washington State,fbs,Pac-12,54,0.9133358983085522,1595,1596,23,San José State,fbs,Mountain West,52,0.08666410169144778,1602,1601,10.6427695825,,NA,NA
401635556,2024,4,regular,2024-09-21T16:00:00.000Z,FALSE,TRUE,FALSE,FALSE,50500,3787,Kenan Stadium,153,North Carolina,fbs,ACC,50,0.14335113072837286,1554,1519,256,James Madison,fbs,Sun Belt,70,0.8566488692716272,1699,1734,3.2030534224,,NA,NA
401628488,2024,4,regular,2024-09-21T16:00:00.000Z,FALSE,TRUE,FALSE,FALSE,38006,3665,SECU Stadium,120,Maryland,fbs,Big Ten,38,0.9989264610789277,1698,1698,222,Villanova,fcs,CAA,20,0.0010735389210723145,NA,NA,2.7164030957,,NA,NA
401636873,2024,4,regular,2024-09-21T16:00:00.000Z,FALSE,TRUE,FALSE,TRUE,38007,3854,Nippert Stadium,2132,Cincinnati,fbs,Big 12,34,0.9989020702351785,1429,1529,248,Houston,fbs,Big 12,0,0.0010979297648214814,1466,1366,2.6636884555,,NA,NA
401628367,2024,4,regular,2024-09-21T16:00:00.000Z,FALSE,TRUE,FALSE,TRUE,49655,3693,Davis Wade Stadium,344,Mississippi State,fbs,SEC,28,0.13027343637126163,1386,1355,57,Florida,fbs,SEC,45,0.8697265636287383,1485,1516,3.9425420269,,NA,NA
401636879,2024,4,regular,2024-09-21T16:00:00.000Z,FALSE,TRUE,FALSE,TRUE,52428,3842,Milan Puskar Stadium,277,West Virginia,fbs,Big 12,32,0.2702222025040236,1541,1546,2305,Kansas,fbs,Big 12,28,0.7297777974959764,1603,1598,8.1653534777,,NA,NA
401635552,2024,4,regular,2024-09-21T16:00:00.000Z,FALSE,TRUE,FALSE,TRUE,81500,3836,"Memorial Stadium (Clemson, SC)",228,Clemson,fbs,ACC,59,0.9830489380863561,1757,1790,152,NC State,fbs,ACC,35,0.016951061913643928,1511,1478,2.0210250501,,NA,NA
401645328,2024,4,regular,2024-09-21T16:00:00.000Z,FALSE,TRUE,FALSE,TRUE,26654,3841,Michie Stadium,349,Army,fbs,American Athletic,37,0.9984307056725569,1465,1499,242,Rice,fbs,American Athletic,14,0.001569294327443127,1259,1225,2.4401031288,,NA,NA
401628486,2024,4,regular,2024-09-21T16:00:00.000Z,FALSE,TRUE,FALSE,FALSE,43109,3830,"Memorial Stadium (Bloomington, IN)",84,Indiana,fbs,Big Ten,52,0.998333171707224,1527,1592,2429,Charlotte,fbs,American Athletic,14,0.0016668282927759792,1187,1122,3.5424424745,,NA,NA
401628492,2024,4,regular,2024-09-21T16:00:00.000Z,FALSE,TRUE,FALSE,FALSE,103871,3861,Ohio Stadium,194,Ohio State,fbs,Big Ten,49,0.9988671629158615,2014,2038,276,Marshall,fbs,Sun Belt,14,0.0011328370841384716,1384,1360,3.6816411505,,NA,NA
401643791,2024,4,regular,2024-09-21T16:00:00.000Z,FALSE,TRUE,FALSE,FALSE,22534,3666,Cajun Field,309,Louisiana,fbs,Sun Belt,33,0.0059666755760555655,1558,1543,2655,Tulane,fbs,American Athletic,41,0.9940333244239444,1561,1576,5.6751086353,,NA,NA
401628364,2024,4,regular,2024-09-21T16:45:00.000Z,FALSE,TRUE,FALSE,FALSE,61783,3683,Kroger Field,96,Kentucky,fbs,SEC,41,0.9986568087619092,1583,1668,195,Ohio,fbs,Mid-American,6,0.0013431912380907907,1486,1401,3.2291517115,,NA,NA
401644735,2024,4,regular,2024-09-21T17:00:00.000Z,FALSE,TRUE,FALSE,TRUE,18011,3786,Kelly/Shorts Stadium,2117,Central Michigan,fbs,Mid-American,37,0.9936869782520776,1173,1174,2050,Ball State,fbs,Mid-American,34,0.006313021747922365,1185,1184,6.6181255883,,NA,NA
401636875,2024,4,regular,2024-09-21T18:00:00.000Z,FALSE,TRUE,FALSE,FALSE,55428,3772,Jack Trice Stadium,66,Iowa State,fbs,Big 12,52,0.9988623730653208,1610,1718,2032,Arkansas State,fbs,Sun Belt,7,0.0011376269346792256,1421,1313,5.4559009327,,NA,NA
401643715,2024,4,regular,2024-09-21T18:00:00.000Z,FALSE,TRUE,FALSE,FALSE,11384,3806,Lincoln Financial Field,218,Temple,fbs,American Athletic,45,0.9893971576390547,1092,1141,328,Utah State,fbs,Mountain West,29,0.01060284236094533,1242,1193,8.4879112983,,NA,NA
401635558,2024,4,regular,2024-09-21T18:00:00.000Z,FALSE,TRUE,FALSE,FALSE,22104,3654,Brooks Stadium (SC),324,Coastal Carolina,fbs,Sun Belt,24,0.03903624249304642,1519,1448,258,Virginia,fbs,ACC,43,0.9609637575069536,1318,1389,3.3143909632,,NA,NA
401644737,2024,4,regular,2024-09-21T18:00:00.000Z,FALSE,TRUE,FALSE,FALSE,15509,3912,Rynearson Stadium,2199,Eastern Michigan,fbs,Mid-American,36,NA,1303,1303,2598,St. Francis (PA),fcs,NEC,0,NA,NA,NA,NA,,NA,NA
401641000,2024,4,regular,2024-09-21T19:00:00.000Z,FALSE,TRUE,FALSE,FALSE,21788,3662,AmFirst Stadium,55,Jacksonville State,fbs,Conference USA,44,0.9988923128029182,1372,1453,2572,Southern Miss,fbs,Sun Belt,7,0.0011076871970817637,1187,1106,3.4673349718,,NA,NA
401643713,2024,4,regular,2024-09-21T19:00:00.000Z,FALSE,TRUE,FALSE,FALSE,16399,3816,Mackay Stadium,2440,Nevada,fbs,Mountain West,49,0.9988172654878082,1220,1220,331,Eastern Washington,fcs,Big Sky,16,0.001182734512191752,NA,NA,3.4402235254,,NA,NA
401636877,2024,4,regular,2024-09-21T19:30:00.000Z,FALSE,TRUE,FALSE,TRUE,58795,3784,Jones AT&T Stadium,2641,Texas Tech,fbs,Big 12,30,0.3814853635278148,1623,1628,9,Arizona State,fbs,Big 12,22,0.6185146364721852,1511,1506,5.9004704465,,NA,NA
401628365,2024,4,regular,2024-09-21T19:30:00.000Z,FALSE,TRUE,FALSE,FALSE,100315,3958,Tiger Stadium (LA),99,LSU,fbs,SEC,34,0.985005897829529,1798,1805,26,UCLA,fbs,Big Ten,17,0.014994102170471035,1456,1449,5.785520424,,NA,NA
401645329,2024,4,regular,2024-09-21T19:30:00.000Z,FALSE,TRUE,FALSE,TRUE,31268,3852,Navy-Marine Corps Memorial Stadium,2426,Navy,fbs,American Athletic,56,0.9988528789452599,1409,1451,235,Memphis,fbs,American Athletic,44,0.00114712105474013,1639,1597,5.7624205481,,NA,NA
401628979,2024,4,regular,2024-09-21T19:30:00.000Z,FALSE,TRUE,FALSE,FALSE,77622,3855,Notre Dame Stadium,87,Notre Dame,fbs,FBS Independents,28,0.9986494251644964,1992,2000,193,Miami (OH),fbs,Mid-American,3,0.001350574835503604,1458,1450,6.0816618423,,NA,NA
401629042,2024,4,regular,2024-09-21T19:30:00.000Z,FALSE,TRUE,FALSE,FALSE,10847,3985,Warren McGuirk Alumni Stadium,113,Massachusetts,fbs,FBS Independents,35,0.9965496435866243,1057,1057,2115,Central Connecticut,fcs,NEC,31,0.003450356413375655,NA,NA,6.5087893456,,NA,NA
401645330,2024,4,regular,2024-09-21T19:30:00.000Z,FALSE,TRUE,FALSE,FALSE,20973,3604,Alamodome,2636,UTSA,fbs,American Athletic,45,0.9988113362451293,1366,1366,2277,Houston Christian,fcs,Southland,7,0.0011886637548707002,NA,NA,3.332640735,,NA,NA
401628489,2024,4,regular,2024-09-21T19:30:00.000Z,FALSE,TRUE,FALSE,TRUE,110702,3558,Michigan Stadium,130,Michigan,fbs,Big Ten,27,0.9585892061787497,1911,1910,30,USC,fbs,Big Ten,24,0.04141079382125035,1768,1769,8.7964960185,,NA,NA
401635554,2024,4,regular,2024-09-21T19:30:00.000Z,FALSE,TRUE,FALSE,TRUE,50727,3873,L&N Federal Credit Union Stadium,97,Louisville,fbs,ACC,31,0.9479456067508492,1700,1711,59,Georgia Tech,fbs,ACC,19,0.05205439324915084,1556,1545,6.2185404063,,NA,NA
401628494,2024,4,regular,2024-09-21T19:30:00.000Z,FALSE,TRUE,FALSE,FALSE,65632,3799,Lane Stadium,259,Virginia Tech,fbs,ACC,23,0.1413056103082315,1626,1614,164,Rutgers,fbs,Big Ten,26,0.8586943896917685,1511,1523,4.7686009891,,NA,NA
401634247,2024,4,regular,2024-09-21T19:30:00.000Z,FALSE,TRUE,FALSE,FALSE,48437,3752,Acrisure Stadium,221,Pittsburgh,fbs,ACC,73,0.9986907179503097,1488,1488,2754,Youngstown State,fcs,MVFC,17,0.0013092820496902746,NA,NA,2.4052480193,,NA,NA
401628363,2024,4,regular,2024-09-21T19:30:00.000Z,FALSE,TRUE,FALSE,TRUE,88043,3785,Jordan-Hare Stadium,2,Auburn,fbs,SEC,14,0.4738599991671969,1569,1537,8,Arkansas,fbs,SEC,24,0.5261400008328031,1451,1483,7.609649793,,NA,NA
401644736,2024,4,regular,2024-09-21T19:30:00.000Z,FALSE,TRUE,FALSE,TRUE,18688,3764,Huskie Stadium,2459,Northern Illinois,fbs,Mid-American,20,0.8042575150701324,1476,1464,2084,Buffalo,fbs,Mid-American,23,0.19574248492986757,1360,1372,9.4545107191,,NA,NA
401628493,2024,4,regular,2024-09-21T19:30:00.000Z,FALSE,TRUE,FALSE,FALSE,109526,3632,Beaver Stadium,213,Penn State,fbs,Big Ten,56,0.9989704274472642,1848,1905,2309,Kent State,fbs,Mid-American,0,0.0010295725527358357,989,932,3.5624619704,,NA,NA
401636876,2024,4,regular,2024-09-21T20:00:00.000Z,FALSE,TRUE,FALSE,TRUE,52202,3646,Boone Pickens Stadium,197,Oklahoma State,fbs,Big 12,19,0.010408504193486882,1595,1593,254,Utah,fbs,Big 12,22,0.9895914958065131,1631,1633,5.0077398301,,NA,NA
401635553,2024,4,regular,2024-09-21T20:00:00.000Z,FALSE,TRUE,FALSE,FALSE,15209,3725,"Johnny ""Red"" Floyd Stadium",2393,Middle Tennessee,fbs,Conference USA,17,9.954820388864655e-4,1215,1182,150,Duke,fbs,ACC,45,0.9990045179611136,1590,1623,2.3648336031,,NA,NA
401628368,2024,4,regular,2024-09-21T20:15:00.000Z,FALSE,TRUE,FALSE,TRUE,62621,3838,Memorial Stadium,142,Missouri,fbs,SEC,30,0.27254257561101886,1795,1790,238,Vanderbilt,fbs,SEC,27,0.7274574243889811,1312,1317,9.619524509,,NA,NA
401641028,2024,4,regular,2024-09-21T21:00:00.000Z,FALSE,TRUE,FALSE,FALSE,29151,5388,Canvas Stadium,36,Colorado State,fbs,Mountain West,27,0.9704768467372228,1219,1236,2638,UTEP,fbs,Conference USA,17,0.029523153262777213,1223,1206,5.4054991639,,NA,NA
401635557,2024,4,regular,2024-09-21T21:00:00.000Z,FALSE,TRUE,FALSE,FALSE,33168,3735,Gerald J. Ford Stadium,2567,SMU,fbs,ACC,66,0.981498187675888,1648,1700,2628,TCU,fbs,Big 12,42,0.018501812324111966,1580,1528,4.3086547023,,NA,NA
401640991,2024,4,regular,2024-09-21T22:00:00.000Z,FALSE,TRUE,FALSE,FALSE,24076,3992,Williams Stadium (VA),2335,Liberty,fbs,Conference USA,35,0.9941335504778246,1582,1589,151,East Carolina,fbs,American Athletic,24,0.00586644952217541,1414,1407,6.4427227082,,NA,NA
401628625,2024,4,regular,2024-09-21T22:00:00.000Z,FALSE,TRUE,TRUE,FALSE,17922,2031,Pitbull Stadium,2229,Florida International,fbs,Conference USA,42,0.9883645065886499,1239,1239,2405,Monmouth,fcs,CAA,45,0.011635493411350062,NA,NA,6.3219068126,,NA,NA
401628491,2024,4,regular,2024-09-21T23:00:00.000Z,FALSE,TRUE,FALSE,TRUE,69788,3765,Husky Stadium,264,Washington,fbs,Big Ten,24,0.9989650898845579,1745,1766,77,Northwestern,fbs,Big Ten,5,0.0010349101154421003,1514,1493,3.6213199876,,NA,NA
401629031,2024,4,regular,2024-09-21T23:00:00.000Z,FALSE,TRUE,FALSE,FALSE,20144,3892,Pratt & Whitney Stadium,41,UConn,fbs,FBS Independents,48,0.991711905067892,1169,1297,2226,Florida Atlantic,fbs,American Athletic,14,0.008288094932108026,1403,1275,3.7160889462,,NA,NA
401635551,2024,4,regular,2024-09-21T23:00:00.000Z,FALSE,TRUE,FALSE,TRUE,55107,3697,Doak Campbell Stadium,52,Florida State,fbs,ACC,14,0.5026968974512162,1596,1599,25,California,fbs,ACC,9,0.49730310254878385,1540,1537,9.9143093528,,NA,NA
401636374,2024,4,regular,2024-09-21T23:00:00.000Z,FALSE,TRUE,FALSE,FALSE,29024,3975,Veterans Memorial Stadium (AL),2653,Troy,fbs,Sun Belt,34,0.9988587901580321,1538,1538,50,Florida A&M,fcs,SWAC,12,0.0011412098419678607,NA,NA,5.0048566209,,NA,NA
401641008,2024,4,regular,2024-09-21T23:00:00.000Z,FALSE,TRUE,FALSE,FALSE,18152,3776,Joe Aillet Stadium,2348,Louisiana Tech,fbs,Conference USA,20,0.29860105174174784,1247,1239,202,Tulsa,fbs,American Athletic,23,0.7013989482582521,1185,1193,8.2645819638,,NA,NA
401635555,2024,4,regular,2024-09-21T23:00:00.000Z,FALSE,TRUE,FALSE,FALSE,58616,3886,Raymond James Stadium,58,South Florida,fbs,American Athletic,15,0.001001368047446176,1476,1413,2390,Miami,fbs,ACC,50,0.9989986319525538,1774,1837,4.3442059452,,NA,NA
401643716,2024,4,regular,2024-09-21T23:00:00.000Z,FALSE,TRUE,FALSE,FALSE,27049,3825,DATCU Stadium,249,North Texas,fbs,American Athletic,44,0.9980916125191562,1336,1403,2751,Wyoming,fbs,Mountain West,17,0.001908387480843765,1312,1245,4.0053375224,,NA,NA
401641037,2024,4,regular,2024-09-21T23:00:00.000Z,FALSE,TRUE,FALSE,FALSE,19127,3796,Houchens Industries-L.T. Smith Stadium,98,Western Kentucky,fbs,Conference USA,26,0.8172534749790489,1396,1409,2649,Toledo,fbs,Mid-American,21,0.18274652502095112,1578,1565,7.5693083783,,NA,NA
401641034,2024,4,regular,2024-09-21T23:00:00.000Z,FALSE,TRUE,FALSE,TRUE,NA,3647,Elliott T. Bowers Stadium,2534,Sam Houston,fbs,Conference USA,31,0.007016222904642351,1398,1435,166,New Mexico State,fbs,Conference USA,11,0.9929837770953577,1302,1265,3.8631946019,,NA,NA
401628370,2024,4,regular,2024-09-21T23:30:00.000Z,FALSE,TRUE,FALSE,FALSE,78704,3994,Williams-Brice Stadium,2579,South Carolina,fbs,SEC,50,0.998921525235758,1642,1699,2006,Akron,fbs,Mid-American,7,0.0010784747642420545,1110,1053,4.4608683407,,NA,NA
401628369,2024,4,regular,2024-09-21T23:30:00.000Z,FALSE,TRUE,FALSE,TRUE,84701,3835,"Memorial Stadium (Norman, OK)",201,Oklahoma,fbs,SEC,15,0.09017369358378567,1848,1837,2633,Tennessee,fbs,SEC,25,0.9098263064162143,1964,1975,4.1458506038,,NA,NA
401628487,2024,4,regular,2024-09-21T23:30:00.000Z,FALSE,TRUE,FALSE,TRUE,52048,3953,Huntington Bank Stadium,135,Minnesota,fbs,Big Ten,14,0.05824283009564871,1537,1502,2294,Iowa,fbs,Big Ten,31,0.9417571699043513,1591,1626,4.8042144941,,NA,NA
401628372,2024,4,regular,2024-09-21T23:30:00.000Z,FALSE,TRUE,FALSE,FALSE,99523,3795,Kyle Field,245,Texas A&M,fbs,SEC,26,0.9745075158794131,1689,1685,189,Bowling Green,fbs,Mid-American,20,0.02549248412058691,1444,1448,6.5177861153,,NA,NA
401628366,2024,4,regular,2024-09-21T23:45:00.000Z,FALSE,TRUE,FALSE,FALSE,67505,3974,Vaught-Hemingway Stadium,145,Ole Miss,fbs,SEC,52,0.9988444751899406,1824,1879,290,Georgia Southern,fbs,Sun Belt,13,0.0011555248100594273,1379,1324,3.7532950843,,NA,NA
401628371,2024,4,regular,2024-09-22T00:00:00.000Z,FALSE,TRUE,FALSE,FALSE,102850,3910,DKR-Texas Memorial Stadium,251,Texas,fbs,SEC,51,0.9988528992940259,2068,2107,2433,UL Monroe,fbs,Sun Belt,3,0.0011471007059741245,1249,1210,2.860845681,,NA,NA
401628490,2024,4,regular,2024-09-22T00:00:00.000Z,FALSE,TRUE,FALSE,FALSE,44500,3615,"Alumni Stadium (Chestnut Hill, MA)",103,Boston College,fbs,ACC,23,0.8726267346453923,1470,1472,127,Michigan State,fbs,Big Ten,19,0.1273732653546077,1425,1423,7.9665974973,,NA,NA
401636874,2024,4,regular,2024-09-22T00:00:00.000Z,FALSE,TRUE,FALSE,TRUE,52794,3726,Folsom Field,38,Colorado,fbs,Big 12,38,0.3460821362347709,1349,1368,239,Baylor,fbs,Big 12,31,0.6539178637652291,1507,1488,8.3588579146,,NA,NA
401643711,2024,4,regular,2024-09-22T00:30:00.000Z,FALSE,TRUE,FALSE,TRUE,18019,3971,University Stadium (NM),167,New Mexico,fbs,Mountain West,21,0.27411160912413174,1196,1201,278,Fresno State,fbs,Mountain West,38,0.7258883908758682,1680,1675,3.2033767502,,NA,NA
401643717,2024,4,regular,2024-09-22T00:30:00.000Z,FALSE,TRUE,FALSE,FALSE,34340,3893,Reser Stadium,204,Oregon State,fbs,Pac-12,38,0.9518488125411446,1604,1619,2509,Purdue,fbs,Big Ten,21,0.04815118745885538,1358,1343,5.2980932528,,NA,NA
401637162,2024,4,regular,2024-09-22T01:45:00.000Z,FALSE,TRUE,FALSE,FALSE,36972,3653,Albertsons Stadium,68,Boise State,fbs,Mountain West,56,0.9988357251894284,1636,1636,2502,Portland State,fcs,Big Sky,14,0.001164274810571575,NA,NA,3.2805577738,,NA,NA
401636872,2024,4,regular,2024-09-22T02:30:00.000Z,FALSE,TRUE,FALSE,TRUE,64201,3801,LaVell Edwards Stadium,252,BYU,fbs,Big 12,38,0.3460414914488405,1472,1600,2306,Kansas State,fbs,Big 12,9,0.6539585085511594,1842,1714,4.0025471772,,NA,NA
401643712,2024,4,regular,2024-09-22T03:59:00.000Z,FALSE,TRUE,FALSE,FALSE,11402,7220,Clarence T.C. Ching Athletics Complex,62,Hawai'i,fbs,Mountain West,36,0.9977768458348251,1211,1211,2460,Northern Iowa,fcs,MVFC,7,0.0022231541651749342,NA,NA,3.2067678244,,NA,NA
401645331,2024,5,regular,2024-09-26T23:30:00.000Z,FALSE,TRUE,FALSE,TRUE,13255,3806,Lincoln Financial Field,218,Temple,fbs,American Athletic,14,6.732126221154471e-4,1141,1106,349,Army,fbs,American Athletic,42,0.9993267873778846,1499,1534,2.4520747902,,NA,NA
401634767,2024,5,regular,2024-09-27T23:30:00.000Z,FALSE,TRUE,FALSE,TRUE,59539,3948,Hard Rock Stadium,2390,Miami,fbs,ACC,38,0.8207452615666921,1837,1834,259,Virginia Tech,fbs,ACC,34,0.17925473843330786,1614,1617,7.1089230036,,NA,NA
401628501,2024,5,regular,2024-09-28T00:00:00.000Z,FALSE,TRUE,FALSE,TRUE,54079,6577,SHI Stadium,164,Rutgers,fbs,Big Ten,21,0.2796311771252414,1523,1527,264,Washington,fbs,Big Ten,18,0.7203688228747587,1766,1762,5.3588755655,,NA,NA
401635565,2024,5,regular,2024-09-28T16:00:00.000Z,FALSE,TRUE,FALSE,FALSE,43455,1964,JMA Wireless Dome,183,Syracuse,fbs,ACC,42,0.9969186912232494,1379,1379,107,Holy Cross,fcs,Patriot,14,0.003081308776750613,NA,NA,4.1831330814,,NA,NA
401645337,2024,5,regular,2024-09-28T16:00:00.000Z,FALSE,TRUE,FALSE,TRUE,20783,4729,Yulman Stadium,2655,Tulane,fbs,American Athletic,45,0.9989238107224483,1576,1653,58,South Florida,fbs,American Athletic,10,0.001076189277551709,1413,1336,2.8602920152,,NA,NA
401628377,2024,5,regular,2024-09-28T16:00:00.000Z,FALSE,TRUE,FALSE,TRUE,NA,3974,Vaught-Hemingway Stadium,145,Ole Miss,fbs,SEC,17,0.5076055341165858,1879,1861,96,Kentucky,fbs,SEC,20,0.4923944658834142,1668,1686,8.5683895645,,NA,NA
401628499,2024,5,regular,2024-09-28T16:00:00.000Z,FALSE,TRUE,FALSE,TRUE,61441,3907,Ross-Ade Stadium,2509,Purdue,fbs,Big Ten,10,0.007497810628081133,1343,1322,158,Nebraska,fbs,Big Ten,28,0.9925021893719189,1570,1591,4.3493917902,,NA,NA
401645332,2024,5,regular,2024-09-28T16:00:00.000Z,FALSE,TRUE,FALSE,TRUE,21536,7221,Protective Stadium,5,UAB,fbs,American Athletic,18,0.009568800253246804,1265,1226,2426,Navy,fbs,American Athletic,41,0.9904311997467532,1451,1490,2.2221170068,,NA,NA
401629032,2024,5,regular,2024-09-28T16:00:00.000Z,FALSE,TRUE,FALSE,FALSE,20347,3892,Pratt & Whitney Stadium,41,UConn,fbs,FBS Independents,47,0.9986057117476549,1297,1441,2084,Buffalo,fbs,Mid-American,3,0.0013942882523451106,1372,1228,3.1734859026,,NA,NA
401635564,2024,5,regular,2024-09-28T16:00:00.000Z,FALSE,TRUE,FALSE,FALSE,56919,3670,Carter-Finley Stadium,152,NC State,fbs,ACC,24,0.18919331608993545,1478,1487,2459,Northern Illinois,fbs,Mid-American,17,0.8108066839100645,1464,1455,6.228092864,,NA,NA
401628497,2024,5,regular,2024-09-28T16:00:00.000Z,FALSE,TRUE,FALSE,TRUE,110340,3558,Michigan Stadium,130,Michigan,fbs,Big Ten,27,0.8368064978953907,1910,1906,135,Minnesota,fbs,Big Ten,24,0.16319350210460926,1502,1506,4.5968774706,,NA,NA
401636883,2024,5,regular,2024-09-28T16:00:00.000Z,FALSE,TRUE,FALSE,TRUE,NA,3636,Bill Snyder Family Stadium,2306,Kansas State,fbs,Big 12,42,0.9987864344506733,1714,1754,197,Oklahoma State,fbs,Big 12,20,0.0012135655493267228,1593,1553,4.3914478852,,NA,NA
401635560,2024,5,regular,2024-09-28T16:00:00.000Z,FALSE,TRUE,FALSE,FALSE,41403,3615,"Alumni Stadium (Chestnut Hill, MA)",103,Boston College,fbs,ACC,21,0.4690952053969081,1472,1471,98,Western Kentucky,fbs,Conference USA,20,0.5309047946030919,1409,1410,5.6916084438,,NA,NA
401636880,2024,5,regular,2024-09-28T16:00:00.000Z,FALSE,TRUE,FALSE,TRUE,39583,4727,McLane Stadium,239,Baylor,fbs,Big 12,28,0.2634776024180266,1488,1485,252,BYU,fbs,Big 12,34,0.7365223975819735,1600,1603,4.6384675945,,NA,NA
401628496,2024,5,regular,2024-09-28T16:00:00.000Z,FALSE,TRUE,FALSE,TRUE,48323,3830,"Memorial Stadium (Bloomington, IN)",84,Indiana,fbs,Big Ten,42,0.9900167186508116,1592,1628,120,Maryland,fbs,Big Ten,28,0.009983281349188355,1678,1642,9.5697028927,,NA,NA
401643793,2024,5,regular,2024-09-28T17:30:00.000Z,FALSE,TRUE,FALSE,FALSE,25786,3651,Bridgeforth Stadium,256,James Madison,fbs,Sun Belt,63,0.9989244133362886,1734,1830,2050,Ball State,fbs,Mid-American,7,0.0010755866637114364,1184,1088,2.9560341032,,NA,NA
401641041,2024,5,regular,2024-09-28T19:00:00.000Z,FALSE,TRUE,TRUE,FALSE,27225,3891,NRG Stadium,2534,Sam Houston,fbs,Conference USA,40,0.37425486457436213,1435,1439,326,Texas State,fbs,Sun Belt,39,0.6257451354256378,1538,1534,6.5419499861,,NA,NA
401628373,2024,5,regular,2024-09-28T19:30:00.000Z,FALSE,TRUE,TRUE,TRUE,60928,3687,AT&T Stadium,245,Texas A&M,fbs,SEC,21,0.36803582088856224,1685,1683,8,Arkansas,fbs,SEC,17,0.6319641791114378,1483,1485,9.688058168,,NA,NA
401628375,2024,5,regular,2024-09-28T19:30:00.000Z,FALSE,TRUE,FALSE,TRUE,88043,3785,Jordan-Hare Stadium,2,Auburn,fbs,SEC,21,0.42386205342807326,1537,1547,201,Oklahoma,fbs,SEC,27,0.5761379465719267,1837,1827,5.7449637367,,NA,NA
401643792,2024,5,regular,2024-09-28T19:30:00.000Z,FALSE,TRUE,FALSE,TRUE,18808,4246,Center Parc Stadium,2247,Georgia State,fbs,Sun Belt,21,0.002047395025722414,1371,1325,290,Georgia Southern,fbs,Sun Belt,38,0.9979526049742776,1324,1370,4.6404781078,,NA,NA
401628980,2024,5,regular,2024-09-28T19:30:00.000Z,FALSE,TRUE,FALSE,FALSE,77622,3855,Notre Dame Stadium,87,Notre Dame,fbs,FBS Independents,31,0.8595368472597268,2000,1994,97,Louisville,fbs,ACC,24,0.1404631527402732,1711,1717,7.3478032351,,NA,NA
401643794,2024,5,regular,2024-09-28T19:30:00.000Z,FALSE,TRUE,FALSE,FALSE,18723,3775,Joan C. Edwards Stadium,276,Marshall,fbs,Sun Belt,27,0.9823881995672694,1360,1362,2711,Western Michigan,fbs,Mid-American,20,0.017611800432730584,1222,1220,6.6872778536,,NA,NA
401643721,2024,5,regular,2024-09-28T19:30:00.000Z,FALSE,TRUE,FALSE,FALSE,27072,3786,Kelly/Shorts Stadium,2117,Central Michigan,fbs,Mid-American,22,0.17200744568967752,1174,1180,21,San Diego State,fbs,Mountain West,21,0.8279925543103225,1350,1344,6.3296454169,,NA,NA
401644739,2024,5,regular,2024-09-28T19:30:00.000Z,FALSE,TRUE,FALSE,TRUE,10899,3696,Dix Stadium,2309,Kent State,fbs,Mid-American,33,0.436458240220723,932,922,2199,Eastern Michigan,fbs,Mid-American,52,0.563541759779277,1300,1310,4.5831484742,,NA,NA
401644738,2024,5,regular,2024-09-28T19:30:00.000Z,FALSE,TRUE,FALSE,TRUE,21265,3876,Peden Stadium,195,Ohio,fbs,Mid-American,30,0.9988883496426145,1401,1414,2006,Akron,fbs,Mid-American,10,0.0011116503573854741,1053,1040,7.8248100423,,NA,NA
401643720,2024,5,regular,2024-09-28T19:30:00.000Z,FALSE,TRUE,FALSE,TRUE,24638,6501,Allegiant Stadium,2439,UNLV,fbs,Mountain West,59,0.9989392775772092,1544,1701,278,Fresno State,fbs,Mountain West,14,0.0010607224227907608,1675,1518,3.1184691701,,NA,NA
401635659,2024,5,regular,2024-09-28T19:30:00.000Z,FALSE,TRUE,FALSE,FALSE,31061,3630,Allegacy Federal Credit Union Stadium,154,Wake Forest,fbs,ACC,38,0.3500751768896691,1370,1376,309,Louisiana,fbs,Sun Belt,41,0.649924823110331,1543,1537,6.8106814771,,NA,NA
401636885,2024,5,regular,2024-09-28T19:30:00.000Z,FALSE,TRUE,FALSE,TRUE,45702,3652,FBC Mortgage Stadium,2116,UCF,fbs,Big 12,21,0.026031875809581936,1642,1531,38,Colorado,fbs,Big 12,48,0.9739681241904181,1368,1479,3.6069366226,,NA,NA
401636882,2024,5,regular,2024-09-28T19:30:00.000Z,FALSE,TRUE,TRUE,TRUE,47928,3622,GEHA Field at Arrowhead Stadium,2305,Kansas,fbs,Big 12,27,0.026585959803630637,1598,1575,2628,TCU,fbs,Big 12,38,0.9734140401963693,1528,1551,6.4918006772,,NA,NA
401629043,2024,5,regular,2024-09-28T19:30:00.000Z,FALSE,TRUE,FALSE,FALSE,9542,3996,Yager Stadium,193,Miami (OH),fbs,Mid-American,23,0.7346411537664426,1450,1446,113,Massachusetts,fbs,FBS Independents,20,0.26535884623355743,1063,1067,7.1370501518,,NA,NA
401628502,2024,5,regular,2024-09-28T19:30:00.000Z,FALSE,TRUE,FALSE,TRUE,74118,477,Los Angeles Memorial Coliseum,30,USC,fbs,Big Ten,38,0.9971495878359863,1769,1786,275,Wisconsin,fbs,Big Ten,21,0.002850412164013716,1553,1536,6.8040912705,,NA,NA
401645334,2024,5,regular,2024-09-28T20:00:00.000Z,FALSE,TRUE,FALSE,TRUE,41851,3699,Dowdy-Ficklen Stadium,151,East Carolina,fbs,American Athletic,30,0.7986397981544012,1407,1423,2636,UTSA,fbs,American Athletic,20,0.20136020184559877,1390,1374,8.4247793035,,NA,NA
401635562,2024,5,regular,2024-09-28T20:00:00.000Z,FALSE,TRUE,FALSE,TRUE,35018,3982,Wallace Wade Stadium,150,Duke,fbs,ACC,21,0.3894131779752124,1623,1621,153,North Carolina,fbs,ACC,20,0.6105868220247876,1519,1521,7.3809862953,,NA,NA
401628378,2024,5,regular,2024-09-28T20:15:00.000Z,FALSE,TRUE,FALSE,TRUE,101388,3910,DKR-Texas Memorial Stadium,251,Texas,fbs,SEC,35,0.9985122659942977,2107,2091,344,Mississippi State,fbs,SEC,13,0.0014877340057023458,1355,1371,5.1491934959,,NA,NA
401643795,2024,5,regular,2024-09-28T21:00:00.000Z,FALSE,TRUE,FALSE,FALSE,19140,3700,Doyt L. Perry Stadium,189,Bowling Green,fbs,Mid-American,27,0.6420936325405732,1448,1439,295,Old Dominion,fbs,Sun Belt,30,0.35790636745942683,1368,1377,9.1728984123,,NA,NA
401641018,2024,5,regular,2024-09-28T22:00:00.000Z,FALSE,TRUE,FALSE,FALSE,NA,4899,Fifth Third Stadium,338,Kennesaw State,fbs,Conference USA,13,0.04227476802433221,1384,1384,2630,UT Martin,fcs,Big South-OVC,24,0.9577252319756678,NA,NA,4.4773789348,,NA,NA
401645335,2024,5,regular,2024-09-28T22:00:00.000Z,FALSE,TRUE,FALSE,FALSE,21151,3715,FAU Stadium,2226,Florida Atlantic,fbs,American Athletic,41,0.9987541624897803,1295,1295,2681,Wagner,fcs,NEC,10,0.0012458375102196717,NA,NA,4.8461161395,,NA,NA
401640981,2024,5,regular,2024-09-28T22:00:00.000Z,FALSE,TRUE,TRUE,TRUE,12425,2031,Pitbull Stadium,2229,Florida International,fbs,Conference USA,17,0.7814293689581259,1241,1257,2348,Louisiana Tech,fbs,Conference USA,10,0.21857063104187413,1239,1223,7.2473046483,,NA,NA
401636881,2024,5,regular,2024-09-28T23:00:00.000Z,FALSE,TRUE,FALSE,TRUE,25138,4728,TDECU Stadium,248,Houston,fbs,Big 12,0,0.024352434845487755,1366,1352,66,Iowa State,fbs,Big 12,20,0.9756475651545122,1718,1732,4.7937785895,,NA,NA
401635561,2024,5,regular,2024-09-28T23:00:00.000Z,FALSE,TRUE,FALSE,TRUE,80295,3836,"Memorial Stadium (Clemson, SC)",228,Clemson,fbs,ACC,40,0.950885889669523,1790,1805,24,Stanford,fbs,ACC,14,0.04911411033047697,1303,1288,3.8907327551,,NA,NA
401645336,2024,5,regular,2024-09-28T23:00:00.000Z,FALSE,TRUE,FALSE,TRUE,18529,3825,DATCU Stadium,249,North Texas,fbs,American Athletic,52,0.9988225504813045,1403,1464,202,Tulsa,fbs,American Athletic,20,0.0011774495186954725,1193,1132,5.2818570579,,NA,NA
401645333,2024,5,regular,2024-09-28T23:00:00.000Z,FALSE,TRUE,FALSE,TRUE,17455,3895,Rice Stadium,242,Rice,fbs,American Athletic,20,0.48756540856605285,1225,1219,2429,Charlotte,fbs,American Athletic,21,0.5124345914339472,1122,1128,8.1735271205,,NA,NA
401643796,2024,5,regular,2024-09-28T23:00:00.000Z,FALSE,TRUE,FALSE,TRUE,21253,3975,Veterans Memorial Stadium (AL),2653,Troy,fbs,Sun Belt,9,0.8422302320638168,1534,1504,2433,UL Monroe,fbs,Sun Belt,13,0.15776976793618325,1210,1240,5.5552324653,,NA,NA
401628374,2024,5,regular,2024-09-28T23:30:00.000Z,FALSE,TRUE,FALSE,TRUE,100077,3657,Bryant-Denny Stadium,333,Alabama,fbs,SEC,41,0.932477756510748,2046,2056,61,Georgia,fbs,SEC,34,0.06752224348925195,2046,2036,5.7366653406,,NA,NA
401628498,2024,5,regular,2024-09-28T23:30:00.000Z,FALSE,TRUE,FALSE,TRUE,71114,3936,Spartan Stadium,127,Michigan State,fbs,Big Ten,7,0.009834608439806833,1423,1407,194,Ohio State,fbs,Big Ten,38,0.9901653915601931,2038,2054,2.1228177002,,NA,NA
401641025,2024,5,regular,2024-09-28T23:30:00.000Z,FALSE,TRUE,FALSE,FALSE,25266,3805,Simmons Bank Liberty Stadium,235,Memphis,fbs,American Athletic,24,0.8038560702855952,1597,1598,2393,Middle Tennessee,fbs,Conference USA,7,0.19614392971440475,1182,1181,4.7352676058,,NA,NA
401628495,2024,5,regular,2024-09-28T23:30:00.000Z,FALSE,TRUE,FALSE,TRUE,109911,3632,Beaver Stadium,213,Penn State,fbs,Big Ten,21,0.9829728595026391,1905,1905,356,Illinois,fbs,Big Ten,7,0.01702714049736087,1551,1551,5.4468011451,,NA,NA
401628376,2024,5,regular,2024-09-28T23:45:00.000Z,FALSE,TRUE,FALSE,FALSE,102143,3958,Tiger Stadium (LA),99,LSU,fbs,SEC,42,0.9880716871609392,1805,1874,6,South Alabama,fbs,Sun Belt,10,0.011928312839060817,1657,1588,2.0744288057,,NA,NA
401636884,2024,5,regular,2024-09-29T00:00:00.000Z,FALSE,TRUE,FALSE,TRUE,60229,3784,Jones AT&T Stadium,2641,Texas Tech,fbs,Big 12,44,0.6728453484915969,1628,1628,2132,Cincinnati,fbs,Big 12,41,0.32715465150840306,1529,1529,6.94809489,,NA,NA
401641035,2024,5,regular,2024-09-29T00:00:00.000Z,FALSE,TRUE,FALSE,FALSE,21062,3601,Aggie Memorial Stadium,166,New Mexico State,fbs,Conference USA,40,0.04136263442755955,1265,1238,167,New Mexico,fbs,Mountain West,50,0.9586373655724405,1201,1228,3.8931490083,,NA,NA
401635563,2024,5,regular,2024-09-29T00:00:00.000Z,FALSE,TRUE,FALSE,TRUE,34879,3735,Gerald J. Ford Stadium,2567,SMU,fbs,ACC,42,0.9984452053229043,1700,1755,52,Florida State,fbs,ACC,16,0.0015547946770957388,1599,1544,5.9469139787,,NA,NA
401643718,2024,5,regular,2024-09-29T00:00:00.000Z,FALSE,TRUE,FALSE,TRUE,23068,3984,War Memorial Stadium,2751,Wyoming,fbs,Mountain West,31,0.8057763429521136,1245,1286,2005,Air Force,fbs,Mountain West,19,0.19422365704788636,1459,1418,6.004756406,,NA,NA
401643719,2024,5,regular,2024-09-29T02:00:00.000Z,FALSE,TRUE,FALSE,FALSE,37711,3653,Albertsons Stadium,68,Boise State,fbs,Mountain West,45,0.9954413148152679,1631,1677,265,Washington State,fbs,Pac-12,24,0.004558685184732125,1596,1550,6.1697474003,,NA,NA
401636886,2024,5,regular,2024-09-29T02:15:00.000Z,FALSE,TRUE,FALSE,TRUE,52898,587,Rice-Eccles Stadium,254,Utah,fbs,Big 12,10,0.10144441304707315,1633,1607,12,Arizona,fbs,Big 12,23,0.8985555869529268,1668,1694,4.2397863389,,NA,NA
401628500,2024,5,regular,2024-09-29T03:00:00.000Z,FALSE,TRUE,FALSE,TRUE,43051,1056,Rose Bowl,26,UCLA,fbs,Big Ten,13,0.010279806711309637,1449,1449,2483,Oregon,fbs,Big Ten,34,0.9897201932886903,1974,1974,2.682969671,,NA,NA
401643797,2024,6,regular,2024-10-03T23:00:00.000Z,FALSE,TRUE,FALSE,TRUE,20349,3975,Veterans Memorial Stadium (AL),2653,Troy,fbs,Sun Belt,17,0.15409304049935388,1504,1454,326,Texas State,fbs,Sun Belt,38,0.8459069595006461,1534,1584,2.6453458217,,NA,NA
401641029,2024,6,regular,2024-10-04T01:00:00.000Z,FALSE,TRUE,FALSE,TRUE,14454,3946,Sun Bowl,2638,UTEP,fbs,Conference USA,21,0.006751532371953858,1206,1181,2534,Sam Houston,fbs,Conference USA,41,0.9932484676280462,1439,1464,3.5368655542,,NA,NA
401641001,2024,6,regular,2024-10-04T23:00:00.000Z,FALSE,TRUE,FALSE,TRUE,10029,4899,Fifth Third Stadium,338,Kennesaw State,fbs,Conference USA,24,0.08121356033334157,1388,1281,55,Jacksonville State,fbs,Conference USA,63,0.9187864396666584,1453,1560,3.725170872,,NA,NA
401636891,2024,6,regular,2024-10-04T23:30:00.000Z,FALSE,TRUE,FALSE,TRUE,44211,3616,Amon G. Carter Stadium,2628,TCU,fbs,Big 12,19,0.0811553352620264,1551,1508,248,Houston,fbs,Big 12,30,0.9188446647379735,1352,1395,3.0999034496,,NA,NA
401634779,2024,6,regular,2024-10-05T01:00:00.000Z,FALSE,TRUE,FALSE,FALSE,31329,6501,Allegiant Stadium,2439,UNLV,fbs,Mountain West,41,0.9875073669077074,1701,1675,183,Syracuse,fbs,ACC,44,0.012492633092292649,1378,1404,7.9048309471,,NA,NA
401628506,2024,6,regular,2024-10-05T01:00:00.000Z,FALSE,TRUE,FALSE,TRUE,59802,3626,Autzen Stadium,2483,Oregon,fbs,Big Ten,31,0.9935499233498072,1974,1971,127,Michigan State,fbs,Big Ten,10,0.006450076650192815,1407,1410,3.5938577823,,NA,NA
401628383,2024,6,regular,2024-10-05T16:00:00.000Z,FALSE,TRUE,FALSE,TRUE,97049,3795,Kyle Field,245,Texas A&M,fbs,SEC,41,0.9988618929265699,1683,1781,142,Missouri,fbs,SEC,10,0.0011381070734300947,1790,1692,2.4205755334,,NA,NA
401645339,2024,6,regular,2024-10-05T16:00:00.000Z,FALSE,TRUE,FALSE,TRUE,NA,3674,Chapman Stadium,202,Tulsa,fbs,American Athletic,7,3.178918284539511e-4,1132,1060,349,Army,fbs,American Athletic,49,0.999682108171546,1534,1606,2.6035307253,,NA,NA
401643722,2024,6,regular,2024-10-05T16:00:00.000Z,FALSE,TRUE,FALSE,FALSE,39441,3713,Falcon Stadium,2005,Air Force,fbs,Mountain West,7,0.05184426176894664,1418,1353,2426,Navy,fbs,American Athletic,34,0.9481557382310534,1490,1555,1.894636792,,NA,NA
401628509,2024,6,regular,2024-10-05T16:00:00.000Z,FALSE,TRUE,FALSE,TRUE,76091,347,Camp Randall Stadium,275,Wisconsin,fbs,Big Ten,52,0.9988566905205731,1536,1644,2509,Purdue,fbs,Big Ten,6,0.0011433094794268683,1322,1214,3.165178334,,NA,NA
401635571,2024,6,regular,2024-10-05T16:00:00.000Z,FALSE,TRUE,FALSE,TRUE,50254,3873,L&N Federal Credit Union Stadium,97,Louisville,fbs,ACC,27,0.12259642780226156,1717,1707,2567,SMU,fbs,ACC,34,0.8774035721977385,1755,1765,7.163661777,,NA,NA
401628510,2024,6,regular,2024-10-05T16:00:00.000Z,FALSE,TRUE,FALSE,TRUE,110047,3632,Beaver Stadium,213,Penn State,fbs,Big Ten,27,0.9881167331327723,1905,1901,26,UCLA,fbs,Big Ten,11,0.011883266867227738,1449,1453,3.2668282196,,NA,NA
401629044,2024,6,regular,2024-10-05T16:00:00.000Z,FALSE,TRUE,FALSE,FALSE,12466,3764,Huskie Stadium,2459,Northern Illinois,fbs,Mid-American,34,0.9954385438836776,1455,1452,113,Massachusetts,fbs,FBS Independents,20,0.0045614561163224154,1067,1070,6.4049143498,,NA,NA
401635567,2024,6,regular,2024-10-05T16:00:00.000Z,FALSE,TRUE,FALSE,TRUE,38285,3923,Scott Stadium,258,Virginia,fbs,ACC,24,0.4938901368867562,1389,1412,103,Boston College,fbs,ACC,14,0.5061098631132438,1471,1448,6.6243461073,,NA,NA
401635638,2024,6,regular,2024-10-05T16:00:00.000Z,FALSE,TRUE,FALSE,TRUE,56919,3670,Carter-Finley Stadium,152,NC State,fbs,ACC,30,0.686979207588141,1487,1473,154,Wake Forest,fbs,ACC,34,0.313020792411859,1376,1390,7.0816037197,,NA,NA
401635572,2024,6,regular,2024-10-05T16:00:00.000Z,FALSE,TRUE,FALSE,TRUE,46033,3787,Kenan Stadium,153,North Carolina,fbs,ACC,24,0.08994281640453619,1521,1497,221,Pittsburgh,fbs,ACC,34,0.9100571835954638,1488,1512,7.4430200756,,NA,NA
401645338,2024,6,regular,2024-10-05T17:00:00.000Z,FALSE,TRUE,FALSE,TRUE,19724,7221,Protective Stadium,5,UAB,fbs,American Athletic,20,5.259456416550542e-4,1226,1128,2655,Tulane,fbs,American Athletic,71,0.9994740543583449,1653,1751,1.5932468249,,NA,NA
401644741,2024,6,regular,2024-10-05T18:00:00.000Z,FALSE,TRUE,FALSE,TRUE,10342,3919,Scheumann Stadium,2050,Ball State,fbs,Mid-American,42,0.42578317805850324,1088,1091,2711,Western Michigan,fbs,Mid-American,45,0.5742168219414967,1220,1217,5.4083795661,,NA,NA
401629033,2024,6,regular,2024-10-05T19:30:00.000Z,FALSE,TRUE,FALSE,FALSE,28921,3892,Pratt & Whitney Stadium,41,UConn,fbs,FBS Independents,29,0.9360119962351842,1441,1434,218,Temple,fbs,American Athletic,20,0.06398800376481584,1106,1113,11.3886983401,,NA,NA
401635573,2024,6,regular,2024-10-05T19:30:00.000Z,FALSE,TRUE,FALSE,TRUE,36277,3940,Stanford Stadium,24,Stanford,fbs,ACC,7,0.03557608201719444,1288,1261,259,Virginia Tech,fbs,ACC,31,0.9644239179828056,1617,1644,2.2904037043,,NA,NA
401644684,2024,6,regular,2024-10-05T19:30:00.000Z,FALSE,TRUE,FALSE,TRUE,25027,3739,Glass Bowl,2649,Toledo,fbs,Mid-American,30,0.9057294659383401,1565,1574,193,Miami (OH),fbs,Mid-American,20,0.09427053406165986,1446,1437,4.3592185682,,NA,NA
401628381,2024,6,regular,2024-10-05T19:30:00.000Z,FALSE,TRUE,FALSE,TRUE,93033,3917,Sanford Stadium,61,Georgia,fbs,SEC,31,0.9274264938830571,2036,2033,2,Auburn,fbs,SEC,13,0.07257350611694291,1547,1550,4.5969947957,,NA,NA
401644740,2024,6,regular,2024-10-05T19:30:00.000Z,FALSE,TRUE,FALSE,TRUE,9337,3768,InfoCision Stadium,2006,Akron,fbs,Mid-American,20,0.04462931906899563,1040,1055,189,Bowling Green,fbs,Mid-American,27,0.9553706809310044,1439,1424,7.5400355311,,NA,NA
401645340,2024,6,regular,2024-10-05T19:30:00.000Z,FALSE,TRUE,FALSE,TRUE,17102,4418,Jerry Richardson Stadium,2429,Charlotte,fbs,American Athletic,55,0.9738885644204506,1128,1253,151,East Carolina,fbs,American Athletic,24,0.026111435579549425,1423,1298,4.3002896284,,NA,NA
401628504,2024,6,regular,2024-10-05T19:30:00.000Z,FALSE,TRUE,FALSE,TRUE,105135,3861,Ohio Stadium,194,Ohio State,fbs,Big Ten,35,0.9984027844674853,2054,2080,2294,Iowa,fbs,Big Ten,7,0.0015972155325146842,1626,1600,3.5455149433,,NA,NA
401628503,2024,6,regular,2024-10-05T19:30:00.000Z,FALSE,TRUE,TRUE,TRUE,12023,5960,Lanny and Sharon Martin Stadium,77,Northwestern,fbs,Big Ten,24,0.0018232646309650244,1493,1473,84,Indiana,fbs,Big Ten,41,0.998176735369035,1628,1648,4.5474735945,,NA,NA
401628382,2024,6,regular,2024-10-05T19:30:00.000Z,FALSE,TRUE,FALSE,TRUE,79837,3994,Williams-Brice Stadium,2579,South Carolina,fbs,SEC,3,0.04410312984767961,1699,1654,145,Ole Miss,fbs,SEC,27,0.9558968701523204,1861,1906,2.2922238837,,NA,NA
401643799,2024,6,regular,2024-10-05T19:30:00.000Z,FALSE,TRUE,FALSE,TRUE,28023,3775,Joan C. Edwards Stadium,276,Marshall,fbs,Sun Belt,52,0.9636293233549902,1362,1394,2026,App State,fbs,Sun Belt,37,0.036370676645009814,1366,1334,6.0777663141,,NA,NA
401628508,2024,6,regular,2024-10-05T20:00:00.000Z,FALSE,TRUE,FALSE,TRUE,87464,3834,"Memorial Stadium (Lincoln, NE)",158,Nebraska,fbs,Big Ten,14,0.993724974384019,1591,1597,164,Rutgers,fbs,Big Ten,7,0.006275025615981034,1527,1521,4.5514531358,,NA,NA
401636890,2024,6,regular,2024-10-05T20:00:00.000Z,FALSE,TRUE,FALSE,TRUE,52202,3646,Boone Pickens Stadium,197,Oklahoma State,fbs,Big 12,14,0.007877304103749191,1553,1489,277,West Virginia,fbs,Big 12,38,0.9921226958962508,1546,1610,1.9380782632,,NA,NA
401628384,2024,6,regular,2024-10-05T20:15:00.000Z,FALSE,TRUE,FALSE,TRUE,28934,3973,FirstBank Stadium,238,Vanderbilt,fbs,SEC,40,0.8807790275067171,1317,1359,333,Alabama,fbs,SEC,35,0.1192209724932829,2056,2014,7.6288286297,,NA,NA
401643724,2024,6,regular,2024-10-05T22:30:00.000Z,FALSE,TRUE,FALSE,FALSE,46433,3893,Reser Stadium,204,Oregon State,fbs,Pac-12,39,0.5371609191611808,1619,1609,36,Colorado State,fbs,Mountain West,31,0.4628390808388192,1236,1246,9.3514269246,,NA,NA
401643800,2024,6,regular,2024-10-05T23:00:00.000Z,FALSE,TRUE,FALSE,TRUE,21427,3625,Centennial Bank Stadium,2032,Arkansas State,fbs,Sun Belt,18,0.5303647221727372,1313,1317,6,South Alabama,fbs,Sun Belt,16,0.4696352778272628,1588,1584,7.7066051805,,NA,NA
401643723,2024,6,regular,2024-10-05T23:00:00.000Z,FALSE,TRUE,FALSE,TRUE,37210,3653,Albertsons Stadium,68,Boise State,fbs,Mountain West,62,0.9988310034033747,1677,1708,328,Utah State,fbs,Mountain West,30,0.0011689965966252824,1193,1162,3.5827132309,,NA,NA
401643798,2024,6,regular,2024-10-05T23:00:00.000Z,FALSE,TRUE,FALSE,TRUE,18552,3654,Brooks Stadium (SC),324,Coastal Carolina,fbs,Sun Belt,45,0.9883943887615158,1448,1456,295,Old Dominion,fbs,Sun Belt,37,0.011605611238484248,1377,1369,6.8407614586,,NA,NA
401643802,2024,6,regular,2024-10-05T23:00:00.000Z,FALSE,TRUE,FALSE,TRUE,24041,3815,M. M. Roberts Stadium,2572,Southern Miss,fbs,Sun Belt,13,0.08284809267446264,1106,1120,309,Louisiana,fbs,Sun Belt,23,0.9171519073255374,1537,1523,3.8168976361,,NA,NA
401643801,2024,6,regular,2024-10-05T23:00:00.000Z,FALSE,TRUE,FALSE,TRUE,19976,3817,Malone Stadium,2433,UL Monroe,fbs,Sun Belt,21,0.8810814130757101,1240,1247,256,James Madison,fbs,Sun Belt,19,0.11891858692428992,1830,1823,7.4299653764,,NA,NA
401635569,2024,6,regular,2024-10-05T23:00:00.000Z,FALSE,TRUE,FALSE,TRUE,55107,3697,Doak Campbell Stadium,52,Florida State,fbs,ACC,13,0.04595850599760115,1544,1532,228,Clemson,fbs,ACC,29,0.9540414940023989,1805,1817,3.5276060514,,NA,NA
401636889,2024,6,regular,2024-10-05T23:30:00.000Z,FALSE,TRUE,FALSE,TRUE,61500,3772,Jack Trice Stadium,66,Iowa State,fbs,Big 12,43,0.9961608558338894,1732,1760,239,Baylor,fbs,Big 12,21,0.003839144166110642,1485,1457,6.6113908141,,NA,NA
401628507,2024,6,regular,2024-10-05T23:30:00.000Z,FALSE,TRUE,FALSE,TRUE,50913,3953,Huntington Bank Stadium,135,Minnesota,fbs,Big Ten,24,0.8824886018679423,1506,1533,30,USC,fbs,Big Ten,17,0.11751139813205769,1786,1759,7.2819043392,,NA,NA
401628505,2024,6,regular,2024-10-05T23:30:00.000Z,FALSE,TRUE,FALSE,TRUE,72132,3765,Husky Stadium,264,Washington,fbs,Big Ten,27,0.47528760860669517,1762,1790,130,Michigan,fbs,Big Ten,17,0.5247123913933048,1906,1878,7.6758718425,,NA,NA
401628379,2024,6,regular,2024-10-05T23:30:00.000Z,FALSE,TRUE,FALSE,TRUE,75573,3887,Razorback Stadium,8,Arkansas,fbs,SEC,19,0.853422504219712,1485,1513,2633,Tennessee,fbs,SEC,14,0.146577495780288,1975,1947,9.4409572777,,NA,NA
401643726,2024,6,regular,2024-10-05T23:30:00.000Z,FALSE,TRUE,FALSE,TRUE,17099,3935,CEFCU Stadium,23,San José State,fbs,Mountain West,35,0.4058203903025504,1601,1594,2440,Nevada,fbs,Mountain West,31,0.5941796096974497,1228,1235,7.2694649698,,NA,NA
401628380,2024,6,regular,2024-10-05T23:45:00.000Z,FALSE,TRUE,FALSE,FALSE,90369,3634,Ben Hill Griffin Stadium,57,Florida,fbs,SEC,24,0.9065111632798241,1516,1537,2116,UCF,fbs,Big 12,13,0.09348883672017594,1531,1510,3.6080238557,,NA,NA
401635570,2024,6,regular,2024-10-06T00:00:00.000Z,FALSE,TRUE,FALSE,TRUE,37287,721,Bobby Dodd Stadium,59,Georgia Tech,fbs,ACC,24,0.9902065561311496,1545,1568,150,Duke,fbs,ACC,14,0.009793443868850393,1621,1598,7.5892318041,,NA,NA
401643725,2024,6,regular,2024-10-06T00:00:00.000Z,FALSE,TRUE,FALSE,TRUE,31307,7311,Snapdragon Stadium,21,San Diego State,fbs,Mountain West,27,0.4864534347971009,1344,1343,62,Hawai'i,fbs,Mountain West,24,0.5135465652028991,1214,1215,8.0987997655,,NA,NA
401636888,2024,6,regular,2024-10-06T00:00:00.000Z,FALSE,TRUE,FALSE,TRUE,54639,3947,Mountain America Stadium,9,Arizona State,fbs,Big 12,35,0.9515028850251191,1506,1511,2305,Kansas,fbs,Big 12,31,0.04849711497488085,1575,1570,9.7370534837,,NA,NA
401635568,2024,6,regular,2024-10-06T02:30:00.000Z,FALSE,TRUE,FALSE,TRUE,52428,3831,California Memorial Stadium,25,California,fbs,ACC,38,0.7941413267896873,1537,1549,2390,Miami,fbs,ACC,39,0.2058586732103127,1834,1822,5.080224193,,NA,NA
401636887,2024,6,regular,2024-10-06T03:00:00.000Z,FALSE,TRUE,FALSE,TRUE,45773,3619,Arizona Stadium,12,Arizona,fbs,Big 12,22,0.13349258042688492,1694,1678,2641,Texas Tech,fbs,Big 12,28,0.8665074195731151,1628,1644,6.9843712378,,NA,NA
401640982,2024,7,regular,2024-10-08T23:00:00.000Z,FALSE,TRUE,FALSE,TRUE,16343,3992,Williams Stadium (VA),2335,Liberty,fbs,Conference USA,31,0.9047516629611938,1589,1581,2229,Florida International,fbs,Conference USA,24,0.0952483370388062,1257,1265,6.9751142566,,NA,NA
401641002,2024,7,regular,2024-10-09T23:30:00.000Z,FALSE,TRUE,FALSE,TRUE,16555,3662,AmFirst Stadium,55,Jacksonville State,fbs,Conference USA,54,0.9978677358817323,1560,1637,166,New Mexico State,fbs,Conference USA,13,0.0021322641182677238,1238,1161,4.0273285537,,NA,NA
401643803,2024,7,regular,2024-10-10T23:30:00.000Z,FALSE,TRUE,FALSE,TRUE,25622,3651,Bridgeforth Stadium,256,James Madison,fbs,Sun Belt,39,0.9985012233417523,1823,1866,324,Coastal Carolina,fbs,Sun Belt,7,0.0014987766582477136,1456,1413,3.3083165831,,NA,NA
401641009,2024,7,regular,2024-10-11T00:00:00.000Z,FALSE,TRUE,FALSE,TRUE,15072,3776,Joe Aillet Stadium,2348,Louisiana Tech,fbs,Conference USA,48,0.9988574732534925,1223,1288,2393,Middle Tennessee,fbs,Conference USA,21,0.0011425267465074995,1181,1116,3.5734309396,,NA,NA
401641030,2024,7,regular,2024-10-11T00:00:00.000Z,FALSE,TRUE,FALSE,TRUE,12723,3796,Houchens Industries-L.T. Smith Stadium,98,Western Kentucky,fbs,Conference USA,44,0.96571573710875,1410,1454,2638,UTEP,fbs,Conference USA,17,0.03428426289124997,1181,1137,4.3428064771,,NA,NA
401628513,2024,7,regular,2024-10-12T00:00:00.000Z,FALSE,TRUE,FALSE,TRUE,39371,3665,SECU Stadium,120,Maryland,fbs,Big Ten,10,0.009091774784083226,1642,1546,77,Northwestern,fbs,Big Ten,37,0.9909082252159168,1473,1569,3.6586426589,,NA,NA
401643733,2024,7,regular,2024-10-12T01:00:00.000Z,FALSE,TRUE,FALSE,TRUE,20295,3905,Maverik Stadium,328,Utah State,fbs,Mountain West,34,0.04963835271708906,1162,1172,2439,UNLV,fbs,Mountain West,50,0.950361647282911,1675,1665,2.0762387963,,NA,NA
401636892,2024,7,regular,2024-10-12T02:30:00.000Z,FALSE,TRUE,FALSE,TRUE,45310,3947,Mountain America Stadium,9,Arizona State,fbs,Big 12,27,0.9935560386041525,1511,1529,254,Utah,fbs,Big 12,19,0.006443961395847464,1607,1589,6.7368652973,,NA,NA
401628512,2024,7,regular,2024-10-12T16:00:00.000Z,FALSE,TRUE,FALSE,TRUE,69250,3793,Kinnick Stadium,2294,Iowa,fbs,Big Ten,40,0.961693357357087,1600,1683,264,Washington,fbs,Big Ten,16,0.03830664264291295,1790,1707,4.542836881,,NA,NA
401628517,2024,7,regular,2024-10-12T16:00:00.000Z,FALSE,TRUE,FALSE,TRUE,50111,6577,SHI Stadium,164,Rutgers,fbs,Big Ten,7,6.27244070593527e-4,1521,1436,275,Wisconsin,fbs,Big Ten,42,0.9993727559294064,1644,1729,2.6905520773,,NA,NA
401635577,2024,7,regular,2024-10-12T16:00:00.000Z,FALSE,TRUE,FALSE,TRUE,44482,3787,Kenan Stadium,153,North Carolina,fbs,ACC,34,0.030260657172875353,1497,1489,59,Georgia Tech,fbs,ACC,41,0.9697393428271246,1568,1576,6.0512376645,,NA,NA
401644743,2024,7,regular,2024-10-12T16:00:00.000Z,FALSE,TRUE,FALSE,TRUE,7322,3696,Dix Stadium,2309,Kent State,fbs,Mid-American,35,0.6066052948611376,922,928,2050,Ball State,fbs,Mid-American,37,0.39339470513886243,1091,1085,4.9770357306,,NA,NA
401628385,2024,7,regular,2024-10-12T16:00:00.000Z,FALSE,TRUE,FALSE,TRUE,100077,3657,Bryant-Denny Stadium,333,Alabama,fbs,SEC,27,0.5317165485267156,2014,2010,2579,South Carolina,fbs,SEC,25,0.46828345147328443,1654,1658,8.337485999,,NA,NA
401644745,2024,7,regular,2024-10-12T16:00:00.000Z,FALSE,TRUE,FALSE,TRUE,13996,3965,UB Stadium,2084,Buffalo,fbs,Mid-American,30,0.9758903942086857,1228,1294,2649,Toledo,fbs,Mid-American,15,0.02410960579131427,1574,1508,4.9612405286,,NA,NA
401645342,2024,7,regular,2024-10-12T16:00:00.000Z,FALSE,TRUE,FALSE,TRUE,29002,3841,Michie Stadium,349,Army,fbs,American Athletic,44,0.9983120962535629,1606,1643,5,UAB,fbs,American Athletic,10,0.001687903746437125,1128,1091,4.9031007378,,NA,NA
401628389,2024,7,regular,2024-10-12T16:00:00.000Z,FALSE,TRUE,FALSE,FALSE,16102,3985,Warren McGuirk Alumni Stadium,113,Massachusetts,fbs,FBS Independents,3,7.590125928680845e-4,1070,1025,142,Missouri,fbs,SEC,45,0.999240987407132,1692,1737,1.6773361622,,NA,NA
401635576,2024,7,regular,2024-10-12T16:00:00.000Z,FALSE,TRUE,FALSE,TRUE,31553,3630,Allegacy Federal Credit Union Stadium,154,Wake Forest,fbs,ACC,14,0.002023896064461671,1390,1343,228,Clemson,fbs,ACC,49,0.9979761039355384,1817,1864,3.1665894345,,NA,NA
401644685,2024,7,regular,2024-10-12T18:00:00.000Z,FALSE,TRUE,FALSE,TRUE,16903,3912,Rynearson Stadium,2199,Eastern Michigan,fbs,Mid-American,14,0.0010620786593712346,1310,1261,193,Miami (OH),fbs,Mid-American,38,0.9989379213406288,1437,1486,3.1111097465,,NA,NA
401635575,2024,7,regular,2024-10-12T19:30:00.000Z,FALSE,TRUE,FALSE,TRUE,49773,3752,Acrisure Stadium,221,Pittsburgh,fbs,ACC,17,0.46069799211883156,1512,1513,25,California,fbs,ACC,15,0.5393020078811684,1549,1548,7.8548971552,,NA,NA
401628516,2024,7,regular,2024-10-12T19:30:00.000Z,FALSE,TRUE,FALSE,TRUE,75250,477,Los Angeles Memorial Coliseum,30,USC,fbs,Big Ten,30,0.20837337912491963,1759,1763,213,Penn State,fbs,Big Ten,33,0.7916266208750804,1901,1897,8.3940337001,,NA,NA
401628981,2024,7,regular,2024-10-12T19:30:00.000Z,FALSE,TRUE,FALSE,FALSE,77622,3855,Notre Dame Stadium,87,Notre Dame,fbs,FBS Independents,49,0.9986558260894001,1994,2026,24,Stanford,fbs,ACC,7,0.0013441739105999329,1261,1229,4.7673246003,,NA,NA
401628390,2024,7,regular,2024-10-12T19:30:00.000Z,FALSE,TRUE,TRUE,TRUE,92100,499,Cotton Bowl,201,Oklahoma,fbs,SEC,3,0.06185499673879433,1827,1780,251,Texas,fbs,SEC,34,0.9381450032612056,2091,2138,3.020050815,,Allstate Red River Rivalry,NA
401636895,2024,7,regular,2024-10-12T19:30:00.000Z,FALSE,TRUE,FALSE,TRUE,42611,3652,FBC Mortgage Stadium,2116,UCF,fbs,Big 12,13,0.9084805679531813,1510,1501,2132,Cincinnati,fbs,Big 12,19,0.09151943204681867,1529,1538,6.3428883403,,NA,NA
401645341,2024,7,regular,2024-10-12T19:30:00.000Z,FALSE,TRUE,TRUE,TRUE,3365,4013,Camping World Stadium,58,South Florida,fbs,American Athletic,3,0.08555942373820803,1336,1325,235,Memphis,fbs,American Athletic,21,0.914440576261792,1598,1609,3.1570242762,,NA,NA
401628511,2024,7,regular,2024-10-12T19:30:00.000Z,FALSE,TRUE,FALSE,TRUE,55815,3832,"Memorial Stadium (Champaign, IL)",356,Illinois,fbs,Big Ten,50,0.3115410769519463,1551,1541,2509,Purdue,fbs,Big Ten,49,0.6884589230480537,1214,1224,5.786479558,,NA,NA
401644744,2024,7,regular,2024-10-12T19:30:00.000Z,FALSE,TRUE,FALSE,TRUE,9559,3700,Doyt L. Perry Stadium,189,Bowling Green,fbs,Mid-American,7,0.04975983510212746,1424,1406,2459,Northern Illinois,fbs,Mid-American,17,0.9502401648978726,1452,1470,6.1012555101,,NA,NA
401635578,2024,7,regular,2024-10-12T19:30:00.000Z,FALSE,TRUE,FALSE,TRUE,32688,3923,Scott Stadium,258,Virginia,fbs,ACC,20,0.03742634144200225,1412,1424,97,Louisville,fbs,ACC,24,0.9625736585579977,1707,1695,6.6794409164,,NA,NA
401643805,2024,7,regular,2024-10-12T19:30:00.000Z,FALSE,TRUE,FALSE,TRUE,12280,4246,Center Parc Stadium,2247,Georgia State,fbs,Sun Belt,14,0.00473580660101157,1325,1315,295,Old Dominion,fbs,Sun Belt,21,0.9952641933989884,1369,1379,6.2593362665,,NA,NA
401644742,2024,7,regular,2024-10-12T19:30:00.000Z,FALSE,TRUE,FALSE,TRUE,19507,3980,Waldo Stadium,2711,Western Michigan,fbs,Mid-American,34,0.5147599779693116,1217,1223,2006,Akron,fbs,Mid-American,24,0.4852400220306884,1055,1049,7.2173027465,,NA,NA
401643729,2024,7,regular,2024-10-12T19:30:00.000Z,FALSE,TRUE,FALSE,TRUE,27280,5388,Canvas Stadium,36,Colorado State,fbs,Mountain West,31,0.5713446702126063,1246,1277,23,San José State,fbs,Mountain West,24,0.42865532978739374,1594,1563,7.0620941823,,NA,NA
401643732,2024,7,regular,2024-10-12T19:30:00.000Z,FALSE,TRUE,FALSE,TRUE,23155,3984,War Memorial Stadium,2751,Wyoming,fbs,Mountain West,24,0.06401850648385274,1286,1285,21,San Diego State,fbs,Mountain West,27,0.9359814935161472,1343,1344,10.4092775134,,NA,NA
401644746,2024,7,regular,2024-10-12T20:00:00.000Z,FALSE,TRUE,FALSE,TRUE,22437,3786,Kelly/Shorts Stadium,2117,Central Michigan,fbs,Mid-American,25,0.3825064856677301,1180,1189,195,Ohio,fbs,Mid-American,27,0.61749351433227,1414,1405,3.9729999858,,NA,NA
401636893,2024,7,regular,2024-10-12T20:00:00.000Z,FALSE,TRUE,FALSE,TRUE,64420,3801,LaVell Edwards Stadium,252,BYU,fbs,Big 12,41,0.9548870029482884,1603,1665,12,Arizona,fbs,Big 12,19,0.04511299705171157,1678,1616,5.9837855097,,NA,NA
401628386,2024,7,regular,2024-10-12T20:15:00.000Z,FALSE,TRUE,FALSE,TRUE,93033,3917,Sanford Stadium,61,Georgia,fbs,SEC,41,0.9860373811833222,2033,2009,344,Mississippi State,fbs,SEC,31,0.013962618816677819,1371,1395,4.7759123974,,NA,NA
401643807,2024,7,regular,2024-10-12T21:00:00.000Z,FALSE,TRUE,FALSE,TRUE,22645,3817,Malone Stadium,2433,UL Monroe,fbs,Sun Belt,38,0.997794711057732,1247,1272,2572,Southern Miss,fbs,Sun Belt,21,0.0022052889422680133,1120,1095,7.4434294551,,NA,NA
401645343,2024,7,regular,2024-10-12T23:00:00.000Z,FALSE,TRUE,FALSE,TRUE,14576,3715,FAU Stadium,2226,Florida Atlantic,fbs,American Athletic,37,0.9641209152573771,1275,1280,249,North Texas,fbs,American Athletic,41,0.03587908474262291,1464,1459,8.8765236442,,NA,NA
401643808,2024,7,regular,2024-10-12T23:00:00.000Z,FALSE,TRUE,FALSE,TRUE,28000,3644,Bobcat Stadium (TX),326,Texas State,fbs,Sun Belt,41,0.9989243249265435,1584,1639,2032,Arkansas State,fbs,Sun Belt,9,0.0010756750734565168,1317,1262,6.4407139338,,NA,NA
401645344,2024,7,regular,2024-10-12T23:00:00.000Z,FALSE,TRUE,FALSE,TRUE,18660,3895,Rice Stadium,242,Rice,fbs,American Athletic,29,0.6286843240968248,1219,1222,2636,UTSA,fbs,American Athletic,27,0.37131567590317516,1374,1371,7.4202433524,,NA,NA
401643730,2024,7,regular,2024-10-12T23:00:00.000Z,FALSE,TRUE,FALSE,FALSE,41031,3660,Valley Children's Stadium,278,Fresno State,fbs,Mountain West,17,0.40267405483796054,1518,1505,265,Washington State,fbs,Pac-12,25,0.5973259451620394,1550,1563,5.9016419656,,NA,NA
401643727,2024,7,regular,2024-10-12T23:00:00.000Z,FALSE,TRUE,FALSE,TRUE,15561,3971,University Stadium (NM),167,New Mexico,fbs,Mountain West,52,0.42925120003031486,1228,1271,2005,Air Force,fbs,Mountain West,37,0.5707487999696852,1353,1310,3.8889638923,,NA,NA
401628391,2024,7,regular,2024-10-12T23:00:00.000Z,FALSE,TRUE,FALSE,TRUE,101915,3853,Neyland Stadium,2633,Tennessee,fbs,SEC,23,0.7931088508179842,1947,1936,57,Florida,fbs,SEC,17,0.2068911491820158,1537,1548,7.2760140012,,NA,NA
401643731,2024,7,regular,2024-10-12T23:30:00.000Z,FALSE,TRUE,FALSE,FALSE,21541,3816,Mackay Stadium,2440,Nevada,fbs,Mountain West,42,0.9836714649264696,1235,1257,204,Oregon State,fbs,Pac-12,37,0.01632853507353038,1609,1587,6.1530453858,,NA,NA
401643806,2024,7,regular,2024-10-12T23:30:00.000Z,FALSE,TRUE,FALSE,TRUE,14058,3666,Cajun Field,309,Louisiana,fbs,Sun Belt,34,0.9365368199640138,1523,1527,2026,App State,fbs,Sun Belt,24,0.06346318003598617,1334,1330,8.0453459026,,NA,NA
401628388,2024,7,regular,2024-10-12T23:30:00.000Z,FALSE,TRUE,FALSE,TRUE,102212,3958,Tiger Stadium (LA),99,LSU,fbs,SEC,29,0.26681076882312127,1874,1875,145,Ole Miss,fbs,SEC,26,0.7331892311768787,1906,1905,8.6586387449,,NA,NA
401628515,2024,7,regular,2024-10-12T23:30:00.000Z,FALSE,TRUE,FALSE,TRUE,60129,3626,Autzen Stadium,2483,Oregon,fbs,Big Ten,32,0.182106615223062,1971,1975,194,Ohio State,fbs,Big Ten,31,0.817893384776938,2080,2076,8.0652480128,,NA,NA
401628387,2024,7,regular,2024-10-12T23:45:00.000Z,FALSE,TRUE,FALSE,TRUE,62120,3683,Kroger Field,96,Kentucky,fbs,SEC,13,0.3874286012685711,1686,1645,238,Vanderbilt,fbs,SEC,20,0.612571398731429,1359,1400,4.0517060383,,NA,NA
401635574,2024,7,regular,2024-10-13T00:00:00.000Z,FALSE,TRUE,FALSE,TRUE,56919,3670,Carter-Finley Stadium,152,NC State,fbs,ACC,17,0.9266980715866883,1473,1454,183,Syracuse,fbs,ACC,24,0.07330192841331173,1404,1423,3.9177136803,,NA,NA
401636896,2024,7,regular,2024-10-13T00:00:00.000Z,FALSE,TRUE,FALSE,TRUE,55202,3842,Milan Puskar Stadium,277,West Virginia,fbs,Big 12,16,0.3990910706499141,1610,1597,66,Iowa State,fbs,Big 12,28,0.6009089293500859,1760,1773,5.1948260351,,NA,NA
401643804,2024,7,regular,2024-10-13T00:00:00.000Z,FALSE,TRUE,FALSE,TRUE,24048,3608,Allen E. Paulson Stadium,290,Georgia Southern,fbs,Sun Belt,24,0.14621745082441648,1370,1371,276,Marshall,fbs,Sun Belt,23,0.8537825491755835,1394,1393,5.549789888,,NA,NA
401628514,2024,7,regular,2024-10-13T01:00:00.000Z,FALSE,TRUE,FALSE,TRUE,42012,1056,Rose Bowl,26,UCLA,fbs,Big Ten,17,0.7465767503234393,1453,1452,135,Minnesota,fbs,Big Ten,21,0.2534232496765607,1533,1534,7.5181060735,,NA,NA
401636894,2024,7,regular,2024-10-13T02:15:00.000Z,FALSE,TRUE,FALSE,TRUE,53972,3726,Folsom Field,38,Colorado,fbs,Big 12,28,0.16484188971234043,1479,1490,2306,Kansas State,fbs,Big 12,31,0.8351581102876595,1754,1743,5.4904680701,,NA,NA
401643728,2024,7,regular,2024-10-13T03:00:00.000Z,FALSE,TRUE,FALSE,TRUE,15194,7220,Clarence T.C. Ching Athletics Complex,62,Hawai'i,fbs,Mountain West,7,8.570178272357902e-4,1215,1212,68,Boise State,fbs,Mountain West,28,0.9991429821727642,1708,1711,4.7514122487,,NA,NA
401643809,2024,8,regular,2024-10-15T23:30:00.000Z,FALSE,TRUE,FALSE,TRUE,25450,6526,Hancock Whitney Stadium,6,South Alabama,fbs,Sun Belt,25,0.9945437605484078,1584,1606,2653,Troy,fbs,Sun Belt,9,0.0054562394515922374,1454,1432,3.9580282947,,NA,NA
401641019,2024,8,regular,2024-10-16T00:00:00.000Z,FALSE,TRUE,FALSE,TRUE,10200,3725,"Johnny ""Red"" Floyd Stadium",2393,Middle Tennessee,fbs,Conference USA,14,0.9049817924550686,1116,1142,338,Kennesaw State,fbs,Conference USA,5,0.0950182075449314,1281,1255,6.9414266345,,NA,NA
401641010,2024,8,regular,2024-10-16T01:00:00.000Z,FALSE,TRUE,FALSE,TRUE,9671,3601,Aggie Memorial Stadium,166,New Mexico State,fbs,Conference USA,33,0.8718204039938436,1161,1164,2348,Louisiana Tech,fbs,Conference USA,30,0.12817959600615636,1288,1285,9.3626669943,,NA,NA
401641038,2024,8,regular,2024-10-16T23:00:00.000Z,FALSE,TRUE,FALSE,TRUE,8914,3647,Elliott T. Bowers Stadium,2534,Sam Houston,fbs,Conference USA,14,0.11889855219772984,1464,1422,98,Western Kentucky,fbs,Conference USA,31,0.8811014478022702,1454,1496,5.4621880902,,NA,NA
401640983,2024,8,regular,2024-10-17T01:00:00.000Z,FALSE,TRUE,FALSE,TRUE,11373,3946,Sun Bowl,2638,UTEP,fbs,Conference USA,30,0.9674477478290233,1137,1161,2229,Florida International,fbs,Conference USA,21,0.03255225217097668,1265,1241,8.2034186576,,NA,NA
401643810,2024,8,regular,2024-10-17T23:00:00.000Z,FALSE,TRUE,FALSE,TRUE,20703,3775,Joan C. Edwards Stadium,276,Marshall,fbs,Sun Belt,35,0.9758281058907349,1393,1417,2247,Georgia State,fbs,Sun Belt,20,0.024171894109265124,1315,1291,7.2140104615,,NA,NA
401634768,2024,8,regular,2024-10-17T23:30:00.000Z,FALSE,TRUE,FALSE,TRUE,65632,3799,Lane Stadium,259,Virginia Tech,fbs,ACC,42,0.9977482470947416,1644,1674,103,Boston College,fbs,ACC,21,0.002251752905258364,1448,1418,3.8724888286,,NA,NA
401634769,2024,8,regular,2024-10-18T23:00:00.000Z,FALSE,TRUE,FALSE,TRUE,30735,3982,Wallace Wade Stadium,150,Duke,fbs,ACC,23,0.909404387085186,1598,1604,52,Florida State,fbs,ACC,16,0.090595612914814,1532,1526,6.7798954406,,NA,NA
401628523,2024,8,regular,2024-10-19T00:00:00.000Z,FALSE,TRUE,FALSE,TRUE,57463,3907,Ross-Ade Stadium,2509,Purdue,fbs,Big Ten,0,0.028372627967429485,1224,1212,2483,Oregon,fbs,Big Ten,35,0.9716273720325705,1975,1987,1.8239107218,,NA,NA
401636898,2024,8,regular,2024-10-19T02:15:00.000Z,FALSE,TRUE,FALSE,TRUE,62841,3801,LaVell Edwards Stadium,252,BYU,fbs,Big 12,38,0.22809458726106233,1665,1664,197,Oklahoma State,fbs,Big 12,35,0.7719054127389376,1489,1490,8.013022214,,NA,NA
401643735,2024,8,regular,2024-10-19T02:30:00.000Z,FALSE,TRUE,FALSE,TRUE,18319,3816,Mackay Stadium,2440,Nevada,fbs,Mountain West,21,0.3307928190088539,1257,1267,278,Fresno State,fbs,Mountain West,24,0.6692071809911462,1505,1495,6.5051562633,,NA,NA
401643811,2024,8,regular,2024-10-19T16:00:00.000Z,FALSE,TRUE,FALSE,TRUE,17812,3654,Brooks Stadium (SC),324,Coastal Carolina,fbs,Sun Belt,24,0.03764825621181366,1413,1402,309,Louisiana,fbs,Sun Belt,34,0.9623517437881863,1527,1538,6.4922501001,,NA,NA
401628524,2024,8,regular,2024-10-19T16:00:00.000Z,FALSE,TRUE,FALSE,TRUE,53726,6577,SHI Stadium,164,Rutgers,fbs,Big Ten,32,0.3651614765917936,1436,1432,26,UCLA,fbs,Big Ten,35,0.6348385234082063,1452,1456,4.6407360434,,NA,NA
401629034,2024,8,regular,2024-10-19T16:00:00.000Z,FALSE,TRUE,FALSE,FALSE,30122,3892,Pratt & Whitney Stadium,41,UConn,fbs,FBS Independents,20,0.4670717104797056,1434,1424,154,Wake Forest,fbs,ACC,23,0.5329282895202945,1343,1353,5.3772320815,,NA,NA
401628522,2024,8,regular,2024-10-19T16:00:00.000Z,FALSE,TRUE,TRUE,TRUE,12023,5960,Lanny and Sharon Martin Stadium,77,Northwestern,fbs,Big Ten,3,0.0059807059089865165,1569,1543,275,Wisconsin,fbs,Big Ten,23,0.9940192940910135,1729,1755,3.6478457494,,NA,NA
401645346,2024,8,regular,2024-10-19T16:00:00.000Z,FALSE,TRUE,FALSE,TRUE,23044,3841,Michie Stadium,349,Army,fbs,American Athletic,45,0.9987804022637891,1643,1649,151,East Carolina,fbs,American Athletic,28,0.0012195977362109423,1298,1292,2.7027059183,,NA,NA
401628395,2024,8,regular,2024-10-19T16:00:00.000Z,FALSE,TRUE,FALSE,TRUE,62621,3838,Memorial Stadium,142,Missouri,fbs,SEC,21,0.23393596298858255,1737,1735,2,Auburn,fbs,SEC,17,0.7660640370114175,1550,1552,8.0479951949,,NA,NA
401628519,2024,8,regular,2024-10-19T16:00:00.000Z,FALSE,TRUE,FALSE,TRUE,53082,3830,"Memorial Stadium (Bloomington, IN)",84,Indiana,fbs,Big Ten,56,0.9988809780822313,1648,1791,158,Nebraska,fbs,Big Ten,7,0.0011190219177686922,1597,1454,5.1549081579,,NA,NA
401635589,2024,8,regular,2024-10-19T16:00:00.000Z,FALSE,TRUE,FALSE,TRUE,59115,3873,L&N Federal Credit Union Stadium,97,Louisville,fbs,ACC,45,0.03784710405827017,1695,1691,2390,Miami,fbs,ACC,52,0.9621528959417298,1822,1826,5.9727968944,,NA,NA
401636899,2024,8,regular,2024-10-19T16:00:00.000Z,FALSE,TRUE,FALSE,TRUE,38007,3854,Nippert Stadium,2132,Cincinnati,fbs,Big 12,24,0.5634009123671583,1538,1554,9,Arizona State,fbs,Big 12,14,0.4365990876328417,1529,1513,5.3005294427,,NA,NA
401635588,2024,8,regular,2024-10-19T16:00:00.000Z,FALSE,TRUE,FALSE,TRUE,80100,3836,"Memorial Stadium (Clemson, SC)",228,Clemson,fbs,ACC,48,0.9823551899632083,1864,1863,258,Virginia,fbs,ACC,31,0.017644810036791747,1424,1425,4.5901434844,,NA,NA
401628396,2024,8,regular,2024-10-19T16:45:00.000Z,FALSE,TRUE,FALSE,TRUE,83331,3835,"Memorial Stadium (Norman, OK)",201,Oklahoma,fbs,SEC,9,0.15115189282518085,1780,1694,2579,South Carolina,fbs,SEC,35,0.8488481071748192,1658,1744,1.9556014898,,NA,NA
401645351,2024,8,regular,2024-10-19T18:00:00.000Z,FALSE,TRUE,FALSE,TRUE,18721,3806,Lincoln Financial Field,218,Temple,fbs,American Athletic,20,0.7351173510637877,1113,1126,202,Tulsa,fbs,American Athletic,10,0.2648826489362123,1060,1047,5.1372556766,,NA,NA
401644750,2024,8,regular,2024-10-19T18:00:00.000Z,FALSE,TRUE,FALSE,TRUE,17974,3912,Rynearson Stadium,2199,Eastern Michigan,fbs,Mid-American,38,0.29660334443869896,1261,1262,2117,Central Michigan,fbs,Mid-American,34,0.703396655561301,1189,1188,5.8688084781,,NA,NA
401645348,2024,8,regular,2024-10-19T19:30:00.000Z,FALSE,TRUE,FALSE,TRUE,20802,3604,Alamodome,2636,UTSA,fbs,American Athletic,38,0.9971200957487705,1371,1391,2226,Florida Atlantic,fbs,American Athletic,24,0.002879904251229526,1280,1260,9.4002835488,,NA,NA
401644686,2024,8,regular,2024-10-19T19:30:00.000Z,FALSE,TRUE,FALSE,TRUE,17021,3996,Yager Stadium,193,Miami (OH),fbs,Mid-American,30,0.9962786246160845,1486,1497,195,Ohio,fbs,Mid-American,20,0.0037213753839154817,1405,1394,4.0145384804,,NA,NA
401636901,2024,8,regular,2024-10-19T19:30:00.000Z,FALSE,TRUE,TRUE,TRUE,38619,3622,GEHA Field at Arrowhead Stadium,2305,Kansas,fbs,Big 12,42,0.9989293852618795,1570,1631,248,Houston,fbs,Big 12,14,0.0010706147381205344,1395,1334,3.6377894158,,NA,NA
401628397,2024,8,regular,2024-10-19T19:30:00.000Z,FALSE,TRUE,FALSE,TRUE,101915,3853,Neyland Stadium,2633,Tennessee,fbs,SEC,24,0.9341870502227599,1936,1950,333,Alabama,fbs,SEC,17,0.06581294977724006,2010,1996,9.9902493945,,NA,NA
401628982,2024,8,regular,2024-10-19T19:30:00.000Z,FALSE,TRUE,TRUE,FALSE,59021,5348,Mercedes-Benz Stadium,59,Georgia Tech,fbs,ACC,13,0.02331751273391456,1576,1581,87,Notre Dame,fbs,FBS Independents,31,0.9766824872660854,2026,2021,3.2628132664,,NA,NA
401644749,2024,8,regular,2024-10-19T19:30:00.000Z,FALSE,TRUE,FALSE,TRUE,18487,3965,UB Stadium,2084,Buffalo,fbs,Mid-American,41,0.2982382134854651,1294,1275,2711,Western Michigan,fbs,Mid-American,48,0.7017617865145349,1223,1242,7.7487243344,,NA,NA
401644751,2024,8,regular,2024-10-19T19:30:00.000Z,FALSE,TRUE,FALSE,TRUE,18350,3764,Huskie Stadium,2459,Northern Illinois,fbs,Mid-American,6,0.9699869159030086,1470,1460,2649,Toledo,fbs,Mid-American,13,0.030013084096991438,1508,1518,7.3746354167,,NA,NA
401645345,2024,8,regular,2024-10-19T19:30:00.000Z,FALSE,TRUE,FALSE,TRUE,28154,3886,Raymond James Stadium,58,South Florida,fbs,American Athletic,35,0.7660914083651577,1325,1326,5,UAB,fbs,American Athletic,25,0.23390859163484234,1091,1090,9.5463592111,,NA,NA
401645347,2024,8,regular,2024-10-19T19:30:00.000Z,FALSE,TRUE,FALSE,TRUE,35094,3852,Navy-Marine Corps Memorial Stadium,2426,Navy,fbs,American Athletic,51,0.9982078256810092,1555,1612,2429,Charlotte,fbs,American Athletic,17,0.0017921743189908135,1253,1196,2.064588811,,NA,NA
401643813,2024,8,regular,2024-10-19T19:30:00.000Z,FALSE,TRUE,FALSE,TRUE,19129,3918,S.B. Ballard Stadium,295,Old Dominion,fbs,Sun Belt,24,0.9074426670592894,1379,1416,326,Texas State,fbs,Sun Belt,14,0.09255733294071056,1639,1602,6.364009365,,NA,NA
401628518,2024,8,regular,2024-10-19T19:30:00.000Z,FALSE,TRUE,FALSE,TRUE,60670,3832,"Memorial Stadium (Champaign, IL)",356,Illinois,fbs,Big Ten,21,0.9095558884803752,1541,1602,130,Michigan,fbs,Big Ten,7,0.09044411151962484,1878,1817,4.8074629555,,NA,NA
401635587,2024,8,regular,2024-10-19T19:30:00.000Z,FALSE,TRUE,FALSE,TRUE,35303,3831,California Memorial Stadium,25,California,fbs,ACC,23,0.10409129339187954,1548,1542,152,NC State,fbs,ACC,24,0.8959087066081205,1454,1460,7.188961357,,NA,NA
401643736,2024,8,regular,2024-10-19T19:30:00.000Z,FALSE,TRUE,FALSE,FALSE,25112,3820,Gesa Field,265,Washington State,fbs,Pac-12,42,0.9939290990880877,1563,1608,62,Hawai'i,fbs,Mountain West,10,0.006070900911912314,1212,1167,3.8445017635,,NA,NA
401644748,2024,8,regular,2024-10-19T19:30:00.000Z,FALSE,TRUE,FALSE,TRUE,20858,3700,Doyt L. Perry Stadium,189,Bowling Green,fbs,Mid-American,27,0.99883526969678,1406,1410,2309,Kent State,fbs,Mid-American,6,0.0011647303032199519,928,924,4.1788126186,,NA,NA
401645350,2024,8,regular,2024-10-19T19:30:00.000Z,FALSE,TRUE,FALSE,TRUE,22897,4729,Yulman Stadium,2655,Tulane,fbs,American Athletic,24,0.9786910744981652,1751,1738,242,Rice,fbs,American Athletic,10,0.02130892550183483,1222,1235,8.2930453716,,NA,NA
401628521,2024,8,regular,2024-10-19T20:00:00.000Z,FALSE,TRUE,FALSE,TRUE,43013,3665,SECU Stadium,120,Maryland,fbs,Big Ten,29,0.2091783369745479,1546,1553,30,USC,fbs,Big Ten,28,0.7908216630254521,1763,1756,7.3526882152,,NA,NA
401643812,2024,8,regular,2024-10-19T20:00:00.000Z,FALSE,TRUE,FALSE,TRUE,20153,3608,Allen E. Paulson Stadium,290,Georgia Southern,fbs,Sun Belt,28,0.9924757699604869,1371,1449,256,James Madison,fbs,Sun Belt,14,0.00752423003951308,1866,1788,5.185532857,,NA,NA
401643738,2024,8,regular,2024-10-19T20:00:00.000Z,FALSE,TRUE,FALSE,TRUE,17101,3935,CEFCU Stadium,23,San José State,fbs,Mountain West,24,0.9894037666903412,1563,1561,2751,Wyoming,fbs,Mountain West,14,0.010596233309658754,1285,1287,5.8111963945,,NA,NA
401636902,2024,8,regular,2024-10-19T20:00:00.000Z,FALSE,TRUE,FALSE,TRUE,60229,3784,Jones AT&T Stadium,2641,Texas Tech,fbs,Big 12,35,0.1697865673129431,1644,1556,239,Baylor,fbs,Big 12,59,0.8302134326870569,1457,1545,4.0008700067,,NA,NA
401636897,2024,8,regular,2024-10-19T20:00:00.000Z,FALSE,TRUE,FALSE,TRUE,50724,3619,Arizona Stadium,12,Arizona,fbs,Big 12,7,0.006891693069847433,1616,1526,38,Colorado,fbs,Big 12,34,0.9931083069301526,1490,1580,2.6237318254,,NA,NA
401643737,2024,8,regular,2024-10-19T20:00:00.000Z,FALSE,TRUE,FALSE,TRUE,14584,3905,Maverik Stadium,328,Utah State,fbs,Mountain West,45,0.9988764389108926,1172,1170,167,New Mexico,fbs,Mountain West,50,0.0011235610891073833,1271,1273,1.661834419,,NA,NA
401628394,2024,8,regular,2024-10-19T20:15:00.000Z,FALSE,TRUE,FALSE,TRUE,50127,3693,Davis Wade Stadium,344,Mississippi State,fbs,SEC,24,0.027039430126155475,1395,1405,245,Texas A&M,fbs,SEC,34,0.9729605698738445,1781,1771,4.4843261843,,NA,NA
401643814,2024,8,regular,2024-10-19T23:00:00.000Z,FALSE,TRUE,FALSE,TRUE,24542,3815,M. M. Roberts Stadium,2572,Southern Miss,fbs,Sun Belt,28,0.3361108480627349,1095,1074,2032,Arkansas State,fbs,Sun Belt,44,0.6638891519372652,1262,1283,2.8706302613,,NA,NA
401628399,2024,8,regular,2024-10-19T23:00:00.000Z,FALSE,TRUE,FALSE,FALSE,27884,3973,FirstBank Stadium,238,Vanderbilt,fbs,SEC,24,0.9042891884815737,1400,1396,2050,Ball State,fbs,Mid-American,14,0.09571081151842631,1085,1089,7.2337044479,,NA,NA
401628392,2024,8,regular,2024-10-19T23:00:00.000Z,FALSE,TRUE,FALSE,TRUE,75893,3887,Razorback Stadium,8,Arkansas,fbs,SEC,10,0.07073032520246239,1513,1490,99,LSU,fbs,SEC,34,0.9292696747975376,1875,1898,3.2139788267,,NA,NA
401628398,2024,8,regular,2024-10-19T23:30:00.000Z,FALSE,TRUE,FALSE,TRUE,105215,3910,DKR-Texas Memorial Stadium,251,Texas,fbs,SEC,15,0.012471064367557372,2138,2089,61,Georgia,fbs,SEC,30,0.9875289356324426,2009,2058,3.975470081,,NA,NA
401645349,2024,8,regular,2024-10-19T23:30:00.000Z,FALSE,TRUE,FALSE,TRUE,24110,3805,Simmons Bank Liberty Stadium,235,Memphis,fbs,American Athletic,52,0.6543228416072232,1609,1612,249,North Texas,fbs,American Athletic,44,0.3456771583927768,1459,1456,9.4808104849,,NA,NA
401628520,2024,8,regular,2024-10-19T23:30:00.000Z,FALSE,TRUE,FALSE,TRUE,69682,3936,Spartan Stadium,127,Michigan State,fbs,Big Ten,32,0.9557414380827481,1410,1456,2294,Iowa,fbs,Big Ten,20,0.04425856191725186,1683,1637,7.4059458969,,NA,NA
401636904,2024,8,regular,2024-10-19T23:30:00.000Z,FALSE,TRUE,FALSE,TRUE,54327,3842,Milan Puskar Stadium,277,West Virginia,fbs,Big 12,18,0.0014782509169596408,1597,1541,2306,Kansas State,fbs,Big 12,45,0.9985217490830404,1743,1799,3.3283212537,,NA,NA
401636900,2024,8,regular,2024-10-19T23:30:00.000Z,FALSE,TRUE,FALSE,TRUE,61500,3772,Jack Trice Stadium,66,Iowa State,fbs,Big 12,38,0.18105925521125116,1773,1771,2116,UCF,fbs,Big 12,35,0.8189407447887489,1501,1503,6.6619437928,,NA,NA
401628393,2024,8,regular,2024-10-19T23:45:00.000Z,FALSE,TRUE,FALSE,TRUE,NA,3634,Ben Hill Griffin Stadium,57,Florida,fbs,SEC,48,0.9984042579380444,1548,1634,96,Kentucky,fbs,SEC,20,0.001595742061955563,1645,1559,4.47219541,,NA,NA
401643734,2024,8,regular,2024-10-20T00:00:00.000Z,FALSE,TRUE,FALSE,TRUE,27598,3713,Falcon Stadium,2005,Air Force,fbs,Mountain West,13,0.11179793645465892,1310,1292,36,Colorado State,fbs,Mountain West,21,0.888202063545341,1277,1295,2.2864929496,,NA,NA
401635590,2024,8,regular,2024-10-20T00:00:00.000Z,FALSE,TRUE,FALSE,TRUE,19117,3940,Stanford Stadium,24,Stanford,fbs,ACC,10,0.0010941051437557486,1229,1208,2567,SMU,fbs,ACC,40,0.9989058948562443,1765,1786,1.9449475062,,NA,NA
401643739,2024,8,regular,2024-10-20T02:00:00.000Z,FALSE,TRUE,FALSE,FALSE,35195,3893,Reser Stadium,204,Oregon State,fbs,Pac-12,25,0.11654927784012334,1587,1578,2439,UNLV,fbs,Mountain West,33,0.8834507221598766,1665,1674,6.3198973757,,NA,NA
401636903,2024,8,regular,2024-10-20T02:30:00.000Z,FALSE,TRUE,FALSE,TRUE,53299,587,Rice-Eccles Stadium,254,Utah,fbs,Big 12,7,0.13682359203079916,1589,1572,2628,TCU,fbs,Big 12,13,0.8631764079692008,1508,1525,5.8298706704,,NA,NA
401640984,2024,9,regular,2024-10-22T23:30:00.000Z,FALSE,TRUE,TRUE,TRUE,10625,2031,Pitbull Stadium,2229,Florida International,fbs,Conference USA,7,0.19536670511217263,1241,1248,2534,Sam Houston,fbs,Conference USA,10,0.8046332948878274,1422,1415,6.2564066649,,NA,NA
401641011,2024,9,regular,2024-10-23T00:00:00.000Z,FALSE,TRUE,FALSE,TRUE,15168,3776,Joe Aillet Stadium,2348,Louisiana Tech,fbs,Conference USA,14,0.2380926029097199,1285,1284,2638,UTEP,fbs,Conference USA,10,0.7619073970902801,1161,1162,7.9673966467,,NA,NA
401640993,2024,9,regular,2024-10-23T23:00:00.000Z,FALSE,TRUE,FALSE,TRUE,8209,4899,Fifth Third Stadium,338,Kennesaw State,fbs,Conference USA,27,0.8126782234588759,1255,1261,2335,Liberty,fbs,Conference USA,24,0.18732177654112414,1581,1575,6.7893700745,,NA,NA
401641003,2024,9,regular,2024-10-23T23:30:00.000Z,FALSE,TRUE,FALSE,TRUE,17988,3662,AmFirst Stadium,55,Jacksonville State,fbs,Conference USA,42,0.9979171313360833,1637,1642,2393,Middle Tennessee,fbs,Conference USA,20,0.002082868663916715,1142,1137,4.4853387656,,NA,NA
401643815,2024,9,regular,2024-10-24T23:00:00.000Z,FALSE,TRUE,FALSE,TRUE,18281,3918,S.B. Ballard Stadium,295,Old Dominion,fbs,Sun Belt,47,0.9974108670334393,1416,1494,290,Georgia Southern,fbs,Sun Belt,19,0.0025891329665607143,1449,1371,3.0235251829,,NA,NA
401634770,2024,9,regular,2024-10-24T23:30:00.000Z,FALSE,TRUE,FALSE,TRUE,47266,3752,Acrisure Stadium,221,Pittsburgh,fbs,ACC,41,0.9904003635493842,1513,1576,183,Syracuse,fbs,ACC,13,0.00959963645061579,1423,1360,3.0968306165,,NA,NA
401634771,2024,9,regular,2024-10-25T23:30:00.000Z,FALSE,TRUE,FALSE,TRUE,42887,3615,"Alumni Stadium (Chestnut Hill, MA)",103,Boston College,fbs,ACC,27,0.09695111535074864,1418,1428,97,Louisville,fbs,ACC,31,0.9030488846492514,1691,1681,6.229607411,,NA,NA
401643740,2024,9,regular,2024-10-26T02:30:00.000Z,FALSE,TRUE,FALSE,TRUE,42228,6501,Allegiant Stadium,2439,UNLV,fbs,Mountain West,24,0.6578167644895134,1674,1668,68,Boise State,fbs,Mountain West,29,0.34218323551048657,1711,1717,6.3665972191,,NA,NA
401628532,2024,9,regular,2024-10-26T03:00:00.000Z,FALSE,TRUE,FALSE,TRUE,63404,477,Los Angeles Memorial Coliseum,30,USC,fbs,Big Ten,42,0.9975996655845599,1756,1776,164,Rutgers,fbs,Big Ten,20,0.002400334415440075,1432,1412,4.0025479742,,NA,NA
401635597,2024,9,regular,2024-10-26T16:00:00.000Z,FALSE,TRUE,FALSE,TRUE,65633,3799,Lane Stadium,259,Virginia Tech,fbs,ACC,21,0.8793186325489889,1674,1697,59,Georgia Tech,fbs,ACC,6,0.1206813674510111,1581,1558,5.3299489511000004,,NA,NA
401635598,2024,9,regular,2024-10-26T16:00:00.000Z,FALSE,TRUE,FALSE,TRUE,44550,3923,Scott Stadium,258,Virginia,fbs,ACC,14,4.351908298032505e-4,1425,1359,153,North Carolina,fbs,ACC,41,0.9995648091701967,1489,1555,2.755188739,,NA,NA
401628526,2024,9,regular,2024-10-26T16:00:00.000Z,FALSE,TRUE,FALSE,TRUE,53082,3830,"Memorial Stadium (Bloomington, IN)",84,Indiana,fbs,Big Ten,31,0.8790682117437898,1791,1812,264,Washington,fbs,Big Ten,17,0.1209317882562102,1707,1686,7.7075789872,,NA,NA
401628530,2024,9,regular,2024-10-26T16:00:00.000Z,FALSE,TRUE,FALSE,TRUE,104830,3861,Ohio Stadium,194,Ohio State,fbs,Big Ten,21,0.9923267213044521,2076,2063,158,Nebraska,fbs,Big Ten,17,0.007673278695547903,1454,1467,7.447834909,,NA,NA
401645354,2024,9,regular,2024-10-26T16:00:00.000Z,FALSE,TRUE,FALSE,TRUE,23138,3825,DATCU Stadium,249,North Texas,fbs,American Athletic,37,0.02960944458906513,1456,1462,2655,Tulane,fbs,American Athletic,45,0.9703905554109349,1738,1732,3.0583480339,,NA,NA
401628402,2024,9,regular,2024-10-26T16:00:00.000Z,FALSE,TRUE,FALSE,TRUE,67926,3974,Vaught-Hemingway Stadium,145,Ole Miss,fbs,SEC,26,0.9353244521332963,1905,1911,201,Oklahoma,fbs,SEC,14,0.06467554786670371,1694,1688,5.9986776529,,NA,NA
401628983,2024,9,regular,2024-10-26T16:00:00.000Z,FALSE,TRUE,TRUE,FALSE,76112,3839,MetLife Stadium,2426,Navy,fbs,American Athletic,14,0.31432345100351905,1612,1564,87,Notre Dame,fbs,FBS Independents,51,0.6856765489964809,2021,2069,2.5478290735,,NA,NA
401644755,2024,9,regular,2024-10-26T16:00:00.000Z,FALSE,TRUE,FALSE,TRUE,16048,3876,Peden Stadium,195,Ohio,fbs,Mid-American,47,0.9987090316324378,1394,1463,2084,Buffalo,fbs,Mid-American,16,0.0012909683675621508,1275,1206,5.050823092,,NA,NA
401645353,2024,9,regular,2024-10-26T16:00:00.000Z,FALSE,TRUE,FALSE,TRUE,25478,3805,Simmons Bank Liberty Stadium,235,Memphis,fbs,American Athletic,33,0.2327610924219729,1612,1601,2429,Charlotte,fbs,American Athletic,28,0.767238907578027,1196,1207,8.5391064277,,NA,NA
401628403,2024,9,regular,2024-10-26T16:45:00.000Z,FALSE,TRUE,FALSE,TRUE,49303,3693,Davis Wade Stadium,344,Mississippi State,fbs,SEC,25,0.0034349712327201836,1405,1322,8,Arkansas,fbs,SEC,58,0.9965650287672798,1490,1573,2.4655127937,,NA,NA
401643816,2024,9,regular,2024-10-26T17:00:00.000Z,FALSE,TRUE,FALSE,TRUE,33783,3792,Kidd Brewer Stadium,2026,App State,fbs,Sun Belt,33,0.9117630693246408,1330,1337,2247,Georgia State,fbs,Sun Belt,26,0.0882369306753592,1291,1284,6.3790269201,,NA,NA
401644687,2024,9,regular,2024-10-26T18:00:00.000Z,FALSE,TRUE,FALSE,TRUE,10661,3996,Yager Stadium,193,Miami (OH),fbs,Mid-American,46,0.9803101001347525,1497,1569,2117,Central Michigan,fbs,Mid-American,7,0.019689899865247495,1188,1116,4.4323295747,,NA,NA
401645352,2024,9,regular,2024-10-26T18:00:00.000Z,FALSE,TRUE,FALSE,TRUE,33744,3699,Dowdy-Ficklen Stadium,151,East Carolina,fbs,American Athletic,56,0.9873955243219903,1292,1328,218,Temple,fbs,American Athletic,34,0.012604475678009708,1126,1090,4.8834929966,,NA,NA
401628525,2024,9,regular,2024-10-26T19:30:00.000Z,FALSE,TRUE,FALSE,TRUE,59830,3626,Autzen Stadium,2483,Oregon,fbs,Big Ten,38,0.9988782056162032,1987,2020,356,Illinois,fbs,Big Ten,9,0.0011217943837967814,1602,1569,2.7313233829,,NA,NA
401636906,2024,9,regular,2024-10-26T19:30:00.000Z,FALSE,TRUE,FALSE,TRUE,44987,4727,McLane Stadium,239,Baylor,fbs,Big 12,38,0.998212140898507,1545,1558,197,Oklahoma State,fbs,Big 12,28,0.001787859101493039,1490,1477,7.6685131792,,NA,NA
401635599,2024,9,regular,2024-10-26T19:30:00.000Z,FALSE,TRUE,FALSE,TRUE,23471,3940,Stanford Stadium,24,Stanford,fbs,ACC,24,0.32026565036279786,1208,1212,154,Wake Forest,fbs,ACC,27,0.6797343496372021,1353,1349,6.1936628219,,NA,NA
401636910,2024,9,regular,2024-10-26T19:30:00.000Z,FALSE,TRUE,FALSE,TRUE,42144,3616,Amon G. Carter Stadium,2628,TCU,fbs,Big 12,35,0.9478216451126138,1525,1527,2641,Texas Tech,fbs,Big 12,34,0.0521783548873862,1556,1554,7.7070856477,,NA,NA
401645308,2024,9,regular,2024-10-26T19:30:00.000Z,FALSE,TRUE,FALSE,FALSE,14374,3985,Warren McGuirk Alumni Stadium,113,Massachusetts,fbs,FBS Independents,35,0.9750378003346585,986,986,2681,Wagner,fcs,NEC,7,0.024962199665341522,NA,NA,4.5456108691,,NA,NA
401628527,2024,9,regular,2024-10-26T19:30:00.000Z,FALSE,TRUE,FALSE,TRUE,69250,3793,Kinnick Stadium,2294,Iowa,fbs,Big Ten,40,0.9887751918036539,1637,1693,77,Northwestern,fbs,Big Ten,14,0.011224808196346081,1543,1487,5.1362712138,,NA,NA
401629035,2024,9,regular,2024-10-26T19:30:00.000Z,FALSE,TRUE,FALSE,FALSE,23711,3892,Pratt & Whitney Stadium,41,UConn,fbs,FBS Independents,17,0.9799536976195187,1424,1423,242,Rice,fbs,American Athletic,10,0.02004630238048133,1235,1236,6.1783739785,,NA,NA
401628400,2024,9,regular,2024-10-26T19:30:00.000Z,FALSE,TRUE,FALSE,TRUE,100077,3657,Bryant-Denny Stadium,333,Alabama,fbs,SEC,34,0.998260781485511,1996,2058,142,Missouri,fbs,SEC,0,0.0017392185144889938,1735,1673,3.6589486898,,NA,NA
401636911,2024,9,regular,2024-10-26T19:30:00.000Z,FALSE,TRUE,FALSE,TRUE,42144,3652,FBC Mortgage Stadium,2116,UCF,fbs,Big 12,24,0.03313314175584659,1503,1489,252,BYU,fbs,Big 12,37,0.9668668582441534,1664,1678,2.3743109221,,NA,NA
401628528,2024,9,regular,2024-10-26T19:30:00.000Z,FALSE,TRUE,FALSE,TRUE,48696,3953,Huntington Bank Stadium,135,Minnesota,fbs,Big Ten,48,0.9970971140811259,1534,1599,120,Maryland,fbs,Big Ten,23,0.0029028859188741096,1553,1488,2.7298827738,,NA,NA
401645355,2024,9,regular,2024-10-26T19:30:00.000Z,FALSE,TRUE,FALSE,TRUE,17439,3674,Chapman Stadium,202,Tulsa,fbs,American Athletic,46,0.7968330724487508,1047,1057,2636,UTSA,fbs,American Athletic,45,0.2031669275512492,1391,1381,6.0190795343,,NA,NA
401643817,2024,9,regular,2024-10-26T19:30:00.000Z,FALSE,TRUE,FALSE,TRUE,25399,3651,Bridgeforth Stadium,256,James Madison,fbs,Sun Belt,32,0.9863226260269137,1788,1766,2572,Southern Miss,fbs,Sun Belt,15,0.013677373973086326,1074,1096,6.320345473,,NA,NA
401644752,2024,9,regular,2024-10-26T19:30:00.000Z,FALSE,TRUE,FALSE,TRUE,4277,3768,InfoCision Stadium,2006,Akron,fbs,Mid-American,25,0.8402397523324775,1049,1059,2199,Eastern Michigan,fbs,Mid-American,21,0.1597602476675225,1262,1252,7.7669740021,,NA,NA
401644756,2024,9,regular,2024-10-26T19:30:00.000Z,FALSE,TRUE,FALSE,TRUE,23537,3980,Waldo Stadium,2711,Western Michigan,fbs,Mid-American,52,0.9989648557142671,1242,1288,2309,Kent State,fbs,Mid-American,21,0.0010351442857329252,924,878,2.4884996685,,NA,NA
401644754,2024,9,regular,2024-10-26T19:30:00.000Z,FALSE,TRUE,FALSE,TRUE,29697,3739,Glass Bowl,2649,Toledo,fbs,Mid-American,26,0.13080836565884166,1518,1472,189,Bowling Green,fbs,Mid-American,41,0.8691916343411583,1410,1456,5.4645428296,,NA,NA
401644753,2024,9,regular,2024-10-26T19:30:00.000Z,FALSE,TRUE,FALSE,TRUE,15318,3919,Scheumann Stadium,2050,Ball State,fbs,Mid-American,25,0.8486636054422304,1089,1094,2459,Northern Illinois,fbs,Mid-American,23,0.1513363945577696,1460,1455,7.8588104996,,NA,NA
401635594,2024,9,regular,2024-10-26T20:00:00.000Z,FALSE,TRUE,FALSE,FALSE,33090,3831,California Memorial Stadium,25,California,fbs,ACC,44,0.9989034675798805,1542,1653,204,Oregon State,fbs,Pac-12,7,0.0010965324201195337,1578,1467,4.1242971369,,NA,NA
401628405,2024,9,regular,2024-10-26T20:15:00.000Z,FALSE,TRUE,FALSE,TRUE,28934,3973,FirstBank Stadium,238,Vanderbilt,fbs,SEC,24,0.4011376899370136,1396,1428,251,Texas,fbs,SEC,27,0.5988623100629864,2089,2057,4.1653351519,,NA,NA
401643819,2024,9,regular,2024-10-26T21:00:00.000Z,FALSE,TRUE,FALSE,TRUE,16746,6526,Hancock Whitney Stadium,6,South Alabama,fbs,Sun Belt,46,0.9418698506478463,1606,1644,2433,UL Monroe,fbs,Sun Belt,17,0.05813014935215366,1272,1234,6.0528725941,,NA,NA
401643741,2024,9,regular,2024-10-26T21:00:00.000Z,FALSE,TRUE,FALSE,TRUE,36980,5388,Canvas Stadium,36,Colorado State,fbs,Mountain West,17,0.9115852563177875,1295,1313,167,New Mexico,fbs,Mountain West,6,0.08841474368221247,1273,1255,4.9296393321,,NA,NA
401636908,2024,9,regular,2024-10-26T23:00:00.000Z,FALSE,TRUE,FALSE,TRUE,28251,4728,TDECU Stadium,248,Houston,fbs,Big 12,17,0.8441237004950815,1334,1338,254,Utah,fbs,Big 12,14,0.15587629950491855,1572,1568,8.2922591272,,NA,NA
401636905,2024,9,regular,2024-10-26T23:00:00.000Z,FALSE,TRUE,FALSE,TRUE,49888,3619,Arizona Stadium,12,Arizona,fbs,Big 12,26,0.21146441783186035,1526,1518,277,West Virginia,fbs,Big 12,31,0.7885355821681397,1541,1549,3.4809917974,,NA,NA
401643745,2024,9,regular,2024-10-26T23:00:00.000Z,FALSE,TRUE,FALSE,TRUE,17724,3984,War Memorial Stadium,2751,Wyoming,fbs,Mountain West,25,0.876798881373885,1287,1278,328,Utah State,fbs,Mountain West,27,0.12320111862611505,1170,1179,8.0133648224,,NA,NA
401643818,2024,9,regular,2024-10-26T23:00:00.000Z,FALSE,TRUE,FALSE,TRUE,17162,3625,Centennial Bank Stadium,2032,Arkansas State,fbs,Sun Belt,34,0.33265760871550765,1283,1286,2653,Troy,fbs,Sun Belt,31,0.6673423912844924,1432,1429,7.7146827131,,NA,NA
401635596,2024,9,regular,2024-10-26T23:00:00.000Z,FALSE,TRUE,FALSE,TRUE,66200,3948,Hard Rock Stadium,2390,Miami,fbs,ACC,36,0.9909618573800546,1826,1848,52,Florida State,fbs,ACC,14,0.0090381426199454,1526,1504,6.0033018293,,NA,NA
401628531,2024,9,regular,2024-10-26T23:30:00.000Z,FALSE,TRUE,FALSE,TRUE,76403,347,Camp Randall Stadium,275,Wisconsin,fbs,Big Ten,13,0.0025452049103736733,1755,1734,213,Penn State,fbs,Big Ten,28,0.9974547950896263,1897,1918,6.5260801875,,NA,NA
401628404,2024,9,regular,2024-10-26T23:30:00.000Z,FALSE,TRUE,FALSE,TRUE,108852,3795,Kyle Field,245,Texas A&M,fbs,SEC,38,0.9018287792367656,1771,1814,99,LSU,fbs,SEC,23,0.09817122076323437,1898,1855,6.6754087222,,NA,NA
401628529,2024,9,regular,2024-10-26T23:30:00.000Z,FALSE,TRUE,FALSE,TRUE,110849,3558,Michigan Stadium,130,Michigan,fbs,Big Ten,24,0.6235374783179265,1817,1808,127,Michigan State,fbs,Big Ten,17,0.3764625216820735,1456,1465,7.0561258048,,NA,NA
401628401,2024,9,regular,2024-10-26T23:45:00.000Z,FALSE,TRUE,FALSE,TRUE,60605,3683,Kroger Field,96,Kentucky,fbs,SEC,10,0.0014103188259993993,1559,1526,2,Auburn,fbs,SEC,24,0.9985896811740006,1552,1585,4.3559521997,,NA,NA
401636909,2024,9,regular,2024-10-27T00:00:00.000Z,FALSE,TRUE,FALSE,TRUE,52074,3636,Bill Snyder Family Stadium,2306,Kansas State,fbs,Big 12,29,0.40494031006190556,1799,1797,2305,Kansas,fbs,Big 12,27,0.5950596899380944,1631,1633,9.2963759892,,NA,NA
401635595,2024,9,regular,2024-10-27T00:00:00.000Z,FALSE,TRUE,FALSE,TRUE,30241,3982,Wallace Wade Stadium,150,Duke,fbs,ACC,27,0.05043302114683991,1604,1611,2567,SMU,fbs,ACC,28,0.9495669788531601,1786,1779,7.2331183406,,NA,NA
401643742,2024,9,regular,2024-10-27T00:00:00.000Z,FALSE,TRUE,FALSE,TRUE,41343,3660,Valley Children's Stadium,278,Fresno State,fbs,Mountain West,33,0.9262399371758028,1495,1559,23,San José State,fbs,Mountain West,10,0.07376006282419723,1561,1497,6.4113726518,,NA,NA
401636907,2024,9,regular,2024-10-27T02:15:00.000Z,FALSE,TRUE,FALSE,TRUE,53202,3726,Folsom Field,38,Colorado,fbs,Big 12,34,0.7238632794092985,1580,1598,2132,Cincinnati,fbs,Big 12,23,0.2761367205907015,1554,1536,4.9811711598,,NA,NA
401643744,2024,9,regular,2024-10-27T02:30:00.000Z,FALSE,TRUE,FALSE,FALSE,26937,7311,Snapdragon Stadium,21,San Diego State,fbs,Mountain West,26,0.07168529000815156,1344,1355,265,Washington State,fbs,Pac-12,29,0.9283147099918484,1608,1597,7.3872889871,,NA,NA
401643743,2024,9,regular,2024-10-27T03:59:00.000Z,FALSE,TRUE,FALSE,TRUE,12006,7220,Clarence T.C. Ching Athletics Complex,62,Hawai'i,fbs,Mountain West,34,0.9803126790918862,1167,1228,2440,Nevada,fbs,Mountain West,13,0.01968732090811376,1267,1206,4.6788166203,,NA,NA
401640985,2024,10,regular,2024-10-29T23:00:00.000Z,FALSE,TRUE,TRUE,TRUE,9103,2031,Pitbull Stadium,2229,Florida International,fbs,Conference USA,34,0.9987978636225876,1248,1297,166,New Mexico State,fbs,Conference USA,13,0.0012021363774123994,1164,1115,6.3519560546,,NA,NA
401643820,2024,10,regular,2024-10-29T23:30:00.000Z,FALSE,TRUE,FALSE,TRUE,16831,3644,Bobcat Stadium (TX),326,Texas State,fbs,Sun Belt,17,0.24266100411613284,1602,1586,309,Louisiana,fbs,Sun Belt,23,0.7573389958838672,1538,1554,5.7318149573,,NA,NA
401641012,2024,10,regular,2024-10-30T00:00:00.000Z,FALSE,TRUE,FALSE,TRUE,9128,3647,Elliott T. Bowers Stadium,2534,Sam Houston,fbs,Conference USA,9,0.9658381558453739,1415,1416,2348,Louisiana Tech,fbs,Conference USA,3,0.034161844154626086,1284,1283,6.8158413768,,NA,NA
401640994,2024,10,regular,2024-10-30T23:00:00.000Z,FALSE,TRUE,FALSE,TRUE,18069,3992,Williams Stadium (VA),2335,Liberty,fbs,Conference USA,21,0.1592485617629869,1575,1560,55,Jacksonville State,fbs,Conference USA,31,0.8407514382370131,1642,1657,5.5404093676,,NA,NA
401641020,2024,10,regular,2024-10-30T23:30:00.000Z,FALSE,TRUE,FALSE,TRUE,14547,3796,Houchens Industries-L.T. Smith Stadium,98,Western Kentucky,fbs,Conference USA,31,0.9978478668182061,1496,1512,338,Kennesaw State,fbs,Conference USA,14,0.0021521331817938583,1261,1245,4.1074294555,,NA,NA
401645356,2024,10,regular,2024-10-31T23:30:00.000Z,FALSE,TRUE,FALSE,TRUE,12268,4418,Jerry Richardson Stadium,2429,Charlotte,fbs,American Athletic,3,4.302629522892325e-4,1207,1182,2655,Tulane,fbs,American Athletic,34,0.9995697370477108,1732,1757,2.7032661126,,NA,NA
401629036,2024,10,regular,2024-11-01T23:00:00.000Z,FALSE,TRUE,FALSE,FALSE,22028,3892,Pratt & Whitney Stadium,41,UConn,fbs,FBS Independents,34,0.9524868849171059,1423,1425,2247,Georgia State,fbs,Sun Belt,27,0.04751311508289413,1284,1282,6.4596963464,,NA,NA
401645357,2024,10,regular,2024-11-01T23:30:00.000Z,FALSE,TRUE,FALSE,TRUE,20111,3715,FAU Stadium,2226,Florida Atlantic,fbs,American Athletic,21,0.05572316655248034,1260,1207,58,South Florida,fbs,American Athletic,44,0.9442768334475197,1326,1379,6.9351106836,,NA,NA
401643747,2024,10,regular,2024-11-02T00:00:00.000Z,FALSE,TRUE,FALSE,TRUE,36838,3653,Albertsons Stadium,68,Boise State,fbs,Mountain West,56,0.9989695752354796,1717,1761,21,San Diego State,fbs,Mountain West,24,0.0010304247645204212,1355,1311,2.582577739,,NA,NA
401628538,2024,10,regular,2024-11-02T16:00:00.000Z,FALSE,TRUE,FALSE,TRUE,61141,3907,Ross-Ade Stadium,2509,Purdue,fbs,Big Ten,20,0.026807942074695553,1212,1220,77,Northwestern,fbs,Big Ten,26,0.9731920579253045,1487,1479,7.1001722357,,NA,NA
401628410,2024,10,regular,2024-11-02T16:00:00.000Z,FALSE,TRUE,FALSE,FALSE,82831,3835,"Memorial Stadium (Norman, OK)",201,Oklahoma,fbs,SEC,59,0.99894288382307594,1682,1682,311,Maine,fcs,CAA,14,0.0010571161769240556,NA,NA,3.2441705147,,NA,NA
401643746,2024,10,regular,2024-11-02T16:00:00.000Z,FALSE,TRUE,FALSE,FALSE,30046,3841,Michie Stadium,349,Army,fbs,American Athletic,20,0.9633326060577443,1649,1654,2005,Air Force,fbs,Mountain West,3,0.03666739394225571,1292,1287,4.7319735434,,NA,NA
401635516,2024,10,regular,2024-11-02T16:00:00.000Z,FALSE,TRUE,FALSE,TRUE,56919,3670,Carter-Finley Stadium,152,NC State,fbs,ACC,59,0.9980640612718844,1460,1514,24,Stanford,fbs,ACC,28,0.0019359387281155938,1212,1158,3.6194951636,,NA,NA
401635601,2024,10,regular,2024-11-02T16:00:00.000Z,FALSE,TRUE,FALSE,TRUE,60189,3948,Hard Rock Stadium,2390,Miami,fbs,ACC,53,0.647674742762091,1848,1877,150,Duke,fbs,ACC,31,0.352325257237909,1611,1582,6.5023390558,,NA,NA
401645359,2024,10,regular,2024-11-02T16:00:00.000Z,FALSE,TRUE,FALSE,TRUE,17198,3604,Alamodome,2636,UTSA,fbs,American Athletic,44,0.6137697230939547,1381,1408,235,Memphis,fbs,American Athletic,36,0.3862302769060453,1601,1574,6.1679760926,,NA,NA
401628539,2024,10,regular,2024-11-02T16:00:00.000Z,FALSE,TRUE,FALSE,TRUE,111030,3632,Beaver Stadium,213,Penn State,fbs,Big Ten,13,0.060240787459640795,1918,1916,194,Ohio State,fbs,Big Ten,20,0.9397592125403592,2063,2065,4.9702867862,,NA,NA
401628406,2024,10,regular,2024-11-02T16:00:00.000Z,FALSE,TRUE,FALSE,TRUE,72894,3887,Razorback Stadium,8,Arkansas,fbs,SEC,31,0.018898573183159847,1573,1524,145,Ole Miss,fbs,SEC,63,0.9811014268168402,1911,1960,2.2293838949,,NA,NA
401628533,2024,10,regular,2024-11-02T16:00:00.000Z,FALSE,TRUE,FALSE,TRUE,58088,3832,"Memorial Stadium (Champaign, IL)",356,Illinois,fbs,Big Ten,17,0.505560602657274,1569,1556,135,Minnesota,fbs,Big Ten,25,0.494439397342726,1599,1612,6.2528566502,,NA,NA
401635604,2024,10,regular,2024-11-02T16:00:00.000Z,FALSE,TRUE,FALSE,TRUE,38454,1964,JMA Wireless Dome,183,Syracuse,fbs,ACC,38,0.10978376037100246,1360,1391,259,Virginia Tech,fbs,ACC,31,0.8902162396289975,1697,1666,7.0122394034,,NA,NA
401644757,2024,10,regular,2024-11-02T16:00:00.000Z,FALSE,TRUE,FALSE,TRUE,4610,3768,InfoCision Stadium,2006,Akron,fbs,Mid-American,30,0.053870442245811695,1059,1048,2084,Buffalo,fbs,Mid-American,41,0.9461295577541883,1206,1217,4.8255888139,,NA,NA
401644758,2024,10,regular,2024-11-02T16:00:00.000Z,FALSE,TRUE,FALSE,TRUE,13044,3912,Rynearson Stadium,2199,Eastern Michigan,fbs,Mid-American,28,0.42060547224993694,1252,1261,2649,Toledo,fbs,Mid-American,29,0.5793945277500631,1472,1463,6.6184400987,,NA,NA
401628407,2024,10,regular,2024-11-02T16:45:00.000Z,FALSE,TRUE,FALSE,TRUE,88043,3785,Jordan-Hare Stadium,2,Auburn,fbs,SEC,7,0.6765525361341936,1585,1550,238,Vanderbilt,fbs,SEC,17,0.32344746386580636,1428,1463,6.1417242135,,NA,NA
401643821,2024,10,regular,2024-11-02T18:30:00.000Z,FALSE,TRUE,FALSE,TRUE,34954,3792,Kidd Brewer Stadium,2026,App State,fbs,Sun Belt,28,0.8755821837173045,1337,1359,295,Old Dominion,fbs,Sun Belt,20,0.12441781628269555,1494,1472,6.602430075,,NA,NA
401645358,2024,10,regular,2024-11-02T18:30:00.000Z,FALSE,TRUE,FALSE,TRUE,17944,7221,Protective Stadium,5,UAB,fbs,American Athletic,59,0.9984194481059699,1090,1195,202,Tulsa,fbs,American Athletic,21,0.0015805518940300578,1057,952,2.2607475667,,NA,NA
401643822,2024,10,regular,2024-11-02T19:30:00.000Z,FALSE,TRUE,FALSE,TRUE,21478,3775,Joan C. Edwards Stadium,276,Marshall,fbs,Sun Belt,28,0.28710058433552904,1417,1415,2433,UL Monroe,fbs,Sun Belt,23,0.712899415664471,1234,1236,6.6169647572,,NA,NA
401635602,2024,10,regular,2024-11-02T19:30:00.000Z,FALSE,TRUE,FALSE,TRUE,55107,3697,Doak Campbell Stadium,52,Florida State,fbs,ACC,11,6.741219753864182e-4,1504,1447,153,North Carolina,fbs,ACC,35,0.9993258780246136,1555,1612,3.4343611299,,NA,NA
401628534,2024,10,regular,2024-11-02T19:30:00.000Z,FALSE,TRUE,FALSE,TRUE,68423,3936,Spartan Stadium,127,Michigan State,fbs,Big Ten,10,0.009606986273236702,1465,1402,84,Indiana,fbs,Big Ten,47,0.9903930137267632,1812,1875,3.3369924068,,NA,NA
401636913,2024,10,regular,2024-11-02T19:30:00.000Z,FALSE,TRUE,FALSE,TRUE,23085,4728,TDECU Stadium,248,Houston,fbs,Big 12,24,0.8327611468803445,1338,1364,2306,Kansas State,fbs,Big 12,19,0.16723885311965547,1797,1771,6.9058300992,,NA,NA
401636916,2024,10,regular,2024-11-02T19:30:00.000Z,FALSE,TRUE,FALSE,TRUE,42110,3652,FBC Mortgage Stadium,2116,UCF,fbs,Big 12,56,0.9987704823612363,1489,1625,12,Arizona,fbs,Big 12,12,0.0012295176387636664,1518,1382,2.9223236571,,NA,NA
401636915,2024,10,regular,2024-11-02T19:30:00.000Z,FALSE,TRUE,FALSE,TRUE,52202,3646,Boone Pickens Stadium,197,Oklahoma State,fbs,Big 12,21,0.0017301732987625102,1477,1427,9,Arizona State,fbs,Big 12,42,0.9982698267012375,1513,1563,3.5309041035,,NA,NA
401636914,2024,10,regular,2024-11-02T19:30:00.000Z,FALSE,TRUE,FALSE,TRUE,61500,3772,Jack Trice Stadium,66,Iowa State,fbs,Big 12,22,0.48596865208953,1771,1759,2641,Texas Tech,fbs,Big 12,23,0.51403134791047,1554,1566,6.4834102391,,NA,NA
401628408,2024,10,regular,2024-11-02T19:30:00.000Z,FALSE,TRUE,TRUE,TRUE,76307,3712,EverBank Stadium,61,Georgia,fbs,SEC,34,0.9697807568208445,2058,2057,57,Florida,fbs,SEC,20,0.030219243179155475,1634,1635,9.0550589741,,NA,NA
401628537,2024,10,regular,2024-11-02T19:30:00.000Z,FALSE,TRUE,FALSE,TRUE,87453,3834,"Memorial Stadium (Lincoln, NE)",158,Nebraska,fbs,Big Ten,20,0.00765968479251004,1467,1453,26,UCLA,fbs,Big Ten,27,0.99234031520749,1456,1470,4.0336124602,,NA,NA
401641026,2024,10,regular,2024-11-02T19:30:00.000Z,FALSE,TRUE,FALSE,TRUE,14775,3946,Sun Bowl,2638,UTEP,fbs,Conference USA,13,0.5420947423894649,1162,1147,2393,Middle Tennessee,fbs,Conference USA,20,0.45790525761053513,1137,1152,8.7961969822,,NA,NA
401628536,2024,10,regular,2024-11-02T19:30:00.000Z,FALSE,TRUE,FALSE,TRUE,110576,3558,Michigan Stadium,130,Michigan,fbs,Big Ten,17,0.026839761370403302,1808,1778,2483,Oregon,fbs,Big Ten,38,0.9731602386295967,2020,2050,3.2552169408,,NA,NA
401645360,2024,10,regular,2024-11-02T20:00:00.000Z,FALSE,TRUE,FALSE,TRUE,21253,3895,Rice Stadium,242,Rice,fbs,American Athletic,24,0.4629824703551783,1236,1296,2426,Navy,fbs,American Athletic,10,0.5370175296448216,1564,1504,3.9986166134,,NA,NA
401643824,2024,10,regular,2024-11-02T20:00:00.000Z,FALSE,TRUE,FALSE,TRUE,24223,3975,Veterans Memorial Stadium (AL),2653,Troy,fbs,Sun Belt,38,0.9968836682729194,1429,1455,324,Coastal Carolina,fbs,Sun Belt,24,0.00311633172708059,1402,1376,6.0846892671,,NA,NA
401643750,2024,10,regular,2024-11-02T20:00:00.000Z,FALSE,TRUE,FALSE,TRUE,15046,3971,University Stadium (NM),167,New Mexico,fbs,Mountain West,45,0.08663613272417485,1255,1250,2751,Wyoming,fbs,Mountain West,49,0.9133638672758252,1278,1283,7.3534857185,,NA,NA
401628409,2024,10,regular,2024-11-02T20:15:00.000Z,FALSE,TRUE,FALSE,FALSE,48617,3693,Davis Wade Stadium,344,Mississippi State,fbs,SEC,45,0.7819472347062157,1322,1353,113,Massachusetts,fbs,FBS Independents,20,0.21805276529378426,1025,994,4.0898992303,,NA,NA
401643749,2024,10,regular,2024-11-02T23:00:00.000Z,FALSE,TRUE,FALSE,TRUE,41575,3660,Valley Children's Stadium,278,Fresno State,fbs,Mountain West,20,0.4175894403697216,1559,1540,62,Hawai'i,fbs,Mountain West,21,0.5824105596302784,1228,1247,7.1825140572,,NA,NA
401635600,2024,10,regular,2024-11-02T23:30:00.000Z,FALSE,TRUE,FALSE,TRUE,80446,3836,"Memorial Stadium (Clemson, SC)",228,Clemson,fbs,ACC,21,0.6049979350595786,1863,1819,97,Louisville,fbs,ACC,33,0.39500206494042145,1681,1725,4.2410658048,,NA,NA
401628535,2024,10,regular,2024-11-02T23:30:00.000Z,FALSE,TRUE,FALSE,TRUE,69250,3793,Kinnick Stadium,2294,Iowa,fbs,Big Ten,42,0.9987136888626663,1693,1786,275,Wisconsin,fbs,Big Ten,10,0.0012863111373336844,1734,1641,3.7719334733,,NA,NA
401628540,2024,10,regular,2024-11-02T23:30:00.000Z,FALSE,TRUE,FALSE,TRUE,71251,3765,Husky Stadium,264,Washington,fbs,Big Ten,26,0.8116719776024703,1686,1695,30,USC,fbs,Big Ten,21,0.18832802239752966,1776,1767,8.0922618356,,NA,NA
401628411,2024,10,regular,2024-11-02T23:30:00.000Z,FALSE,TRUE,FALSE,TRUE,80298,3994,Williams-Brice Stadium,2579,South Carolina,fbs,SEC,44,0.9430706784421996,1744,1812,245,Texas A&M,fbs,SEC,20,0.056929321557800394,1814,1746,5.9248578889,,NA,NA
401643823,2024,10,regular,2024-11-02T23:30:00.000Z,FALSE,TRUE,FALSE,TRUE,19667,6526,Hancock Whitney Stadium,6,South Alabama,fbs,Sun Belt,30,0.6027765635894256,1644,1618,290,Georgia Southern,fbs,Sun Belt,34,0.39722343641057445,1371,1397,4.9050448692,,NA,NA
401628412,2024,10,regular,2024-11-02T23:45:00.000Z,FALSE,TRUE,FALSE,TRUE,101915,3853,Neyland Stadium,2633,Tennessee,fbs,SEC,28,0.957040303957247,1950,1939,96,Kentucky,fbs,SEC,18,0.04295969604275296,1526,1537,8.1829708813,,NA,NA
401635627,2024,10,regular,2024-11-03T00:00:00.000Z,FALSE,TRUE,FALSE,TRUE,34648,3735,Gerald J. Ford Stadium,2567,SMU,fbs,ACC,48,0.9986669764618659,1779,1814,221,Pittsburgh,fbs,ACC,25,0.001333023538134137,1576,1541,3.5768602725,,NA,NA
401636912,2024,10,regular,2024-11-03T00:00:00.000Z,FALSE,TRUE,FALSE,TRUE,44171,4727,McLane Stadium,239,Baylor,fbs,Big 12,37,0.43434377789501794,1558,1559,2628,TCU,fbs,Big 12,34,0.5656562221049821,1527,1526,8.663106695,,NA,NA
401643748,2024,10,regular,2024-11-03T00:00:00.000Z,FALSE,TRUE,FALSE,TRUE,16019,3816,Mackay Stadium,2440,Nevada,fbs,Mountain West,21,0.5782702651320293,1206,1176,36,Colorado State,fbs,Mountain West,38,0.4217297348679707,1313,1343,1.7841988898,,NA,NA
401644760,2024,11,regular,2024-11-06T00:30:00.000Z,FALSE,TRUE,FALSE,TRUE,7832,3786,Kelly/Shorts Stadium,2117,Central Michigan,fbs,Mid-American,13,0.5514883502083159,1116,1123,189,Bowling Green,fbs,Mid-American,23,0.4485116497916841,1456,1449,3.4628314861,,NA,NA
401644688,2024,11,regular,2024-11-06T01:00:00.000Z,FALSE,TRUE,FALSE,TRUE,6412,3919,Scheumann Stadium,2050,Ball State,fbs,Mid-American,21,0.45153305370366215,1094,1115,193,Miami (OH),fbs,Mid-American,27,0.5484669462963379,1569,1548,5.7940036645,,NA,NA
401644762,2024,11,regular,2024-11-07T00:00:00.000Z,FALSE,TRUE,FALSE,TRUE,10346,3980,Waldo Stadium,2711,Western Michigan,fbs,Mid-American,28,0.07115971646594085,1288,1272,2459,Northern Illinois,fbs,Mid-American,42,0.9288402835340591,1455,1471,3.6264519232,,NA,NA
401644761,2024,11,regular,2024-11-07T00:00:00.000Z,FALSE,TRUE,FALSE,TRUE,5662,3696,Dix Stadium,2309,Kent State,fbs,Mid-American,0,0.001342140821977892,878,831,195,Ohio,fbs,Mid-American,41,0.9986578591780221,1463,1510,2.7053808295,,NA,NA
401643825,2024,11,regular,2024-11-08T01:00:00.000Z,FALSE,TRUE,FALSE,TRUE,19415,3654,Brooks Stadium (SC),324,Coastal Carolina,fbs,Sun Belt,38,0.9451358835042454,1376,1403,2026,App State,fbs,Sun Belt,24,0.05486411649575462,1359,1332,4.4861180165,,NA,NA
401645361,2024,11,regular,2024-11-08T01:00:00.000Z,FALSE,TRUE,FALSE,TRUE,30573,3699,Dowdy-Ficklen Stadium,151,East Carolina,fbs,American Athletic,49,0.9989689193958727,1328,1410,2226,Florida Atlantic,fbs,American Athletic,14,0.0010310806041272658,1207,1125,2.7443729107,,NA,NA
401634773,2024,11,regular,2024-11-09T01:00:00.000Z,FALSE,TRUE,FALSE,TRUE,28455,3630,Allegacy Federal Credit Union Stadium,154,Wake Forest,fbs,ACC,36,0.18697994028614287,1349,1353,25,California,fbs,ACC,46,0.8130200597138572,1653,1649,6.1989117704,,NA,NA
401645362,2024,11,regular,2024-11-09T02:00:00.000Z,FALSE,TRUE,FALSE,TRUE,23692,3805,Simmons Bank Liberty Stadium,235,Memphis,fbs,American Athletic,27,0.9068114738286155,1574,1569,242,Rice,fbs,American Athletic,20,0.09318852617138451,1296,1301,6.8754092893,,NA,NA
401628542,2024,11,regular,2024-11-09T02:00:00.000Z,FALSE,TRUE,FALSE,TRUE,53467,1056,Rose Bowl,26,UCLA,fbs,Big Ten,20,0.3388965363628089,1470,1476,2294,Iowa,fbs,Big Ten,17,0.6611034636371911,1786,1780,7.1761600379,,NA,NA
401643754,2024,11,regular,2024-11-09T03:30:00.000Z,FALSE,TRUE,FALSE,TRUE,21832,7311,Snapdragon Stadium,21,San Diego State,fbs,Mountain West,16,0.10908058895713622,1311,1298,167,New Mexico,fbs,Mountain West,21,0.8909194110428638,1250,1263,8.2243428827,,NA,NA
401628545,2024,11,regular,2024-11-09T17:00:00.000Z,FALSE,TRUE,FALSE,TRUE,103463,3861,Ohio Stadium,194,Ohio State,fbs,Big Ten,45,0.9989544595971486,2065,2093,2509,Purdue,fbs,Big Ten,0,0.0010455404028514304,1220,1192,3.116888687,,NA,NA
401635609,2024,11,regular,2024-11-09T17:00:00.000Z,FALSE,TRUE,FALSE,TRUE,47358,721,Bobby Dodd Stadium,59,Georgia Tech,fbs,ACC,28,0.9672381758930633,1558,1577,2390,Miami,fbs,ACC,23,0.03276182410693673,1877,1858,6.3333845141,,NA,NA
401628544,2024,11,regular,2024-11-09T17:00:00.000Z,FALSE,TRUE,FALSE,TRUE,44120,6577,SHI Stadium,164,Rutgers,fbs,Big Ten,26,0.8959742511255365,1412,1434,135,Minnesota,fbs,Big Ten,19,0.10402574887446348,1612,1590,8.7593936175,,NA,NA
401628417,2024,11,regular,2024-11-09T17:00:00.000Z,FALSE,TRUE,FALSE,TRUE,103375,3910,DKR-Texas Memorial Stadium,251,Texas,fbs,SEC,49,0.9980931582450592,2057,2094,57,Florida,fbs,SEC,17,0.0019068417549408245,1635,1598,2.8719110777,,NA,NA
401645363,2024,11,regular,2024-11-09T17:00:00.000Z,FALSE,TRUE,FALSE,TRUE,34091,3886,Raymond James Stadium,58,South Florida,fbs,American Athletic,7,0.0011647592581131266,1379,1339,2426,Navy,fbs,American Athletic,28,0.9988352407418869,1504,1544,2.5427475106,,NA,NA
401635606,2024,11,regular,2024-11-09T17:00:00.000Z,FALSE,TRUE,FALSE,TRUE,44500,3615,"Alumni Stadium (Chestnut Hill, MA)",103,Boston College,fbs,ACC,37,0.9268653681577986,1428,1433,183,Syracuse,fbs,ACC,31,0.07313463184220137,1391,1386,7.5663226546,,NA,NA
401636918,2024,11,regular,2024-11-09T17:00:00.000Z,FALSE,TRUE,FALSE,TRUE,38007,3854,Nippert Stadium,2132,Cincinnati,fbs,Big 12,24,0.7799606946109937,1536,1524,277,West Virginia,fbs,Big 12,31,0.2200393053890063,1549,1561,4.7838847338,,NA,NA
401643828,2024,11,regular,2024-11-09T17:00:00.000Z,FALSE,TRUE,FALSE,TRUE,13720,3817,Malone Stadium,2433,UL Monroe,fbs,Sun Belt,17,0.09601844559715932,1236,1220,326,Texas State,fbs,Sun Belt,38,0.9039815544028407,1586,1602,1.7130948336,,NA,NA
401640995,2024,11,regular,2024-11-09T18:00:00.000Z,FALSE,TRUE,FALSE,TRUE,13500,3725,"Johnny ""Red"" Floyd Stadium",2393,Middle Tennessee,fbs,Conference USA,17,0.0013902106480170547,1152,1144,2335,Liberty,fbs,Conference USA,37,0.998609789351983,1560,1568,3.0078832387,,NA,NA
401629037,2024,11,regular,2024-11-09T19:30:00.000Z,FALSE,TRUE,FALSE,FALSE,18351,7221,Protective Stadium,5,UAB,fbs,American Athletic,23,0.011210213562088256,1195,1197,41,UConn,fbs,FBS Independents,31,0.9887897864379117,1425,1423,6.2548161297,,NA,NA
401643829,2024,11,regular,2024-11-09T20:00:00.000Z,FALSE,TRUE,FALSE,TRUE,20502,3815,M. M. Roberts Stadium,2572,Southern Miss,fbs,Sun Belt,3,5.957322042091129e-4,1096,1039,276,Marshall,fbs,Sun Belt,37,0.9994042677957908,1415,1472,2.9966561677,,NA,NA
401629045,2024,11,regular,2024-11-09T20:30:00.000Z,FALSE,TRUE,FALSE,TRUE,28519,3825,DATCU Stadium,249,North Texas,fbs,American Athletic,3,7.455516011613515e-4,1462,1455,349,Army,fbs,American Athletic,14,0.9992544483988387,1654,1661,3.8212731033,,NA,NA
401635608,2024,11,regular,2024-11-09T20:30:00.000Z,FALSE,TRUE,FALSE,TRUE,56919,3670,Carter-Finley Stadium,152,NC State,fbs,ACC,19,0.09583674388955982,1514,1499,150,Duke,fbs,ACC,29,0.9041632561104402,1582,1597,4.7482868814,,NA,NA
401643826,2024,11,regular,2024-11-09T20:30:00.000Z,FALSE,TRUE,FALSE,TRUE,25709,3651,Bridgeforth Stadium,256,James Madison,fbs,Sun Belt,38,0.9955390489494149,1766,1794,2247,Georgia State,fbs,Sun Belt,7,0.0044609510505850825,1282,1254,3.907631635,,NA,NA
401636919,2024,11,regular,2024-11-09T20:30:00.000Z,FALSE,TRUE,TRUE,TRUE,51109,3622,GEHA Field at Arrowhead Stadium,2305,Kansas,fbs,Big 12,45,0.9694120836337419,1633,1664,66,Iowa State,fbs,Big 12,36,0.030587916366258128,1759,1728,4.0134143921,,NA,NA
401635607,2024,11,regular,2024-11-09T20:30:00.000Z,FALSE,TRUE,FALSE,TRUE,65632,3799,Lane Stadium,259,Virginia Tech,fbs,ACC,14,0.1293131036116478,1666,1658,228,Clemson,fbs,ACC,24,0.8706868963883522,1819,1827,5.6559177666,,NA,NA
401628414,2024,11,regular,2024-11-09T20:30:00.000Z,FALSE,TRUE,FALSE,TRUE,68126,3974,Vaught-Hemingway Stadium,145,Ole Miss,fbs,SEC,28,0.9945842356898992,1960,2010,61,Georgia,fbs,SEC,10,0.0054157643101008235,2057,2007,4.7063643223,,NA,NA
401628541,2024,11,regular,2024-11-09T20:30:00.000Z,FALSE,TRUE,FALSE,TRUE,53082,3830,"Memorial Stadium (Bloomington, IN)",84,Indiana,fbs,Big Ten,20,0.9045271523255871,1875,1876,130,Michigan,fbs,Big Ten,15,0.09547284767441289,1778,1777,5.8572108001,,NA,NA
401643755,2024,11,regular,2024-11-09T20:30:00.000Z,FALSE,TRUE,FALSE,FALSE,37187,3893,Reser Stadium,204,Oregon State,fbs,Pac-12,13,0.02295216129831264,1467,1446,23,San José State,fbs,Mountain West,24,0.9770478387016873,1497,1518,6.717181704,,NA,NA
401645364,2024,11,regular,2024-11-09T21:00:00.000Z,FALSE,TRUE,FALSE,TRUE,30000,4729,Yulman Stadium,2655,Tulane,fbs,American Athletic,52,0.9989675061198742,1757,1807,218,Temple,fbs,American Athletic,6,0.0010324938801258288,1090,1040,2.7719410032,,NA,NA
401641021,2024,11,regular,2024-11-09T21:00:00.000Z,FALSE,TRUE,FALSE,TRUE,14728,3946,Sun Bowl,2638,UTEP,fbs,Conference USA,43,0.9954500724529952,1147,1165,338,Kennesaw State,fbs,Conference USA,35,0.004549927547004784,1245,1227,10.8527197235,,NA,NA
401636921,2024,11,regular,2024-11-09T21:00:00.000Z,FALSE,TRUE,FALSE,TRUE,60229,3784,Jones AT&T Stadium,2641,Texas Tech,fbs,Big 12,27,0.26464738039038926,1566,1537,38,Colorado,fbs,Big 12,41,0.7353526196096107,1598,1627,5.6687912611,,NA,NA
401628418,2024,11,regular,2024-11-09T21:15:00.000Z,FALSE,TRUE,FALSE,TRUE,28934,3973,FirstBank Stadium,238,Vanderbilt,fbs,SEC,7,4.7113410599616216e-4,1463,1446,2579,South Carolina,fbs,SEC,28,0.9995288658940038,1812,1829,3.7723916141,,NA,NA
401641004,2024,11,regular,2024-11-09T21:30:00.000Z,FALSE,TRUE,FALSE,TRUE,16345,3776,Joe Aillet Stadium,2348,Louisiana Tech,fbs,Conference USA,37,0.32288960811291323,1283,1297,55,Jacksonville State,fbs,Conference USA,44,0.6771103918870868,1657,1643,7.792374014,,NA,NA
401643827,2024,11,regular,2024-11-09T22:00:00.000Z,FALSE,TRUE,FALSE,TRUE,16451,3666,Cajun Field,309,Louisiana,fbs,Sun Belt,55,0.9966026128794084,1554,1621,2032,Arkansas State,fbs,Sun Belt,19,0.0033973871205915662,1286,1219,2.6501837172,,NA,NA
401641036,2024,11,regular,2024-11-09T23:00:00.000Z,FALSE,TRUE,FALSE,TRUE,12710,3601,Aggie Memorial Stadium,166,New Mexico State,fbs,Conference USA,28,0.41310645754636394,1115,1121,98,Western Kentucky,fbs,Conference USA,41,0.5868935424536361,1512,1506,3.7419052406,,NA,NA
401636920,2024,11,regular,2024-11-10T00:00:00.000Z,FALSE,TRUE,FALSE,TRUE,45348,3616,Amon G. Carter Stadium,2628,TCU,fbs,Big 12,38,0.9634056053080869,1526,1578,197,Oklahoma State,fbs,Big 12,13,0.03659439469191306,1427,1375,3.5054858606,,NA,NA
401636917,2024,11,regular,2024-11-10T00:00:00.000Z,FALSE,TRUE,FALSE,TRUE,44940,3947,Mountain America Stadium,9,Arizona State,fbs,Big 12,35,0.21722126854343723,1563,1568,2116,UCF,fbs,Big 12,31,0.7827787314565627,1625,1620,8.7814541459,,NA,NA
401628543,2024,11,regular,2024-11-10T00:00:00.000Z,FALSE,TRUE,FALSE,TRUE,59245,3626,Autzen Stadium,2483,Oregon,fbs,Big Ten,39,0.9983741121151635,2050,2047,120,Maryland,fbs,Big Ten,18,0.00162588788483653,1488,1491,5.0597159335,,NA,NA
401628416,2024,11,regular,2024-11-10T00:00:00.000Z,FALSE,TRUE,FALSE,TRUE,101915,3853,Neyland Stadium,2633,Tennessee,fbs,SEC,33,0.9685622489341695,1939,1930,344,Mississippi State,fbs,SEC,14,0.031437751065830466,1353,1362,8.3072896155,,NA,NA
401628413,2024,11,regular,2024-11-10T00:30:00.000Z,FALSE,TRUE,FALSE,TRUE,102283,3958,Tiger Stadium (LA),99,LSU,fbs,SEC,13,7.481401510463615e-4,1855,1800,333,Alabama,fbs,SEC,42,0.9992518598489536,2058,2113,3.3003434762,,NA,NA
401628984,2024,11,regular,2024-11-10T00:30:00.000Z,FALSE,TRUE,FALSE,FALSE,77622,3855,Notre Dame Stadium,87,Notre Dame,fbs,FBS Independents,52,0.9979936321773281,2069,2133,52,Florida State,fbs,ACC,3,0.0020063678226719395,1447,1383,6.1236018995,,NA,NA
401628415,2024,11,regular,2024-11-10T00:45:00.000Z,FALSE,TRUE,FALSE,TRUE,62621,3838,Memorial Stadium,142,Missouri,fbs,SEC,30,0.7676031624758273,1673,1683,201,Oklahoma,fbs,SEC,23,0.23239683752417273,1688,1678,8.4845676125,,NA,NA
401628546,2024,11,regular,2024-11-10T01:00:00.000Z,FALSE,TRUE,FALSE,TRUE,110233,3632,Beaver Stadium,213,Penn State,fbs,Big Ten,35,0.9986744458079607,1916,1967,264,Washington,fbs,Big Ten,6,0.00132555419203928,1695,1644,3.3476755478,,NA,NA
401635610,2024,11,regular,2024-11-10T01:00:00.000Z,FALSE,TRUE,FALSE,TRUE,56693,3752,Acrisure Stadium,221,Pittsburgh,fbs,ACC,19,0.20914032954089304,1541,1519,258,Virginia,fbs,ACC,24,0.790859670459107,1359,1381,7.3938992017,,NA,NA
401643752,2024,11,regular,2024-11-10T01:00:00.000Z,FALSE,TRUE,FALSE,TRUE,37143,3653,Albertsons Stadium,68,Boise State,fbs,Mountain West,28,0.9068377676743614,1761,1741,2440,Nevada,fbs,Mountain West,21,0.09316223232563858,1176,1196,6.2330369427,,NA,NA
401643753,2024,11,regular,2024-11-10T02:00:00.000Z,FALSE,TRUE,FALSE,TRUE,12691,7220,Clarence T.C. Ching Athletics Complex,62,Hawai'i,fbs,Mountain West,27,0.40713149992716013,1247,1265,2439,UNLV,fbs,Mountain West,29,0.5928685000728399,1668,1650,8.2365350129,,NA,NA
401643751,2024,11,regular,2024-11-10T02:45:00.000Z,FALSE,TRUE,FALSE,TRUE,14794,3713,Falcon Stadium,2005,Air Force,fbs,Mountain West,36,0.9407530778712846,1287,1316,278,Fresno State,fbs,Mountain West,28,0.05924692212871541,1540,1511,6.232952863,,NA,NA
401636922,2024,11,regular,2024-11-10T03:15:00.000Z,FALSE,TRUE,FALSE,TRUE,54383,587,Rice-Eccles Stadium,254,Utah,fbs,Big 12,21,0.711458986690349,1568,1572,252,BYU,fbs,Big 12,22,0.288541013309651,1678,1674,6.4814276102,,NA,NA
401643756,2024,11,regular,2024-11-10T03:30:00.000Z,FALSE,TRUE,FALSE,FALSE,20011,3820,Gesa Field,265,Washington State,fbs,Pac-12,49,0.996625517050503,1597,1606,328,Utah State,fbs,Mountain West,28,0.0033744829494970485,1179,1170,4.7296645388,,NA,NA
401644763,2024,12,regular,2024-11-13T00:00:00.000Z,FALSE,TRUE,FALSE,TRUE,12708,3965,UB Stadium,2084,Buffalo,fbs,Mid-American,51,0.5372519914964371,1217,1217,2050,Ball State,fbs,Mid-American,48,0.4627480085035629,1115,1115,7.8944491597,,NA,NA
401644765,2024,12,regular,2024-11-13T00:00:00.000Z,FALSE,TRUE,FALSE,TRUE,14661,3739,Glass Bowl,2649,Toledo,fbs,Mid-American,37,0.9981858508738058,1463,1495,2117,Central Michigan,fbs,Mid-American,10,0.0018141491261941534,1123,1091,3.9677424339,,NA,NA
401644764,2024,12,regular,2024-11-13T00:00:00.000Z,FALSE,TRUE,FALSE,TRUE,1156,3700,Doyt L. Perry Stadium,189,Bowling Green,fbs,Mid-American,31,0.9962211567439763,1449,1472,2711,Western Michigan,fbs,Mid-American,13,0.003778843256023734,1272,1249,4.4086505192,,NA,NA
401644767,2024,12,regular,2024-11-14T00:00:00.000Z,FALSE,TRUE,FALSE,TRUE,14133,3876,Peden Stadium,195,Ohio,fbs,Mid-American,35,0.9985919690578666,1510,1546,2199,Eastern Michigan,fbs,Mid-American,10,0.0014080309421333759,1261,1225,6.412877157,,NA,NA
401644766,2024,12,regular,2024-11-14T00:00:00.000Z,FALSE,TRUE,FALSE,TRUE,6795,3764,Huskie Stadium,2459,Northern Illinois,fbs,Mid-American,29,0.998337728406925,1471,1464,2006,Akron,fbs,Mid-American,16,0.001662271593074971,1048,1055,8.1149102449,,NA,NA
401644689,2024,12,regular,2024-11-14T00:00:00.000Z,FALSE,TRUE,FALSE,TRUE,5328,3996,Yager Stadium,193,Miami (OH),fbs,Mid-American,34,NA,1548,1544,2309,Kent State,fbs,Mid-American,7,NA,831,835,NA,,NA,NA
401645365,2024,12,regular,2024-11-15T00:30:00.000Z,FALSE,TRUE,FALSE,TRUE,17979,3674,Chapman Stadium,202,Tulsa,fbs,American Athletic,31,0.052563064473721964,952,971,151,East Carolina,fbs,American Athletic,38,0.9474369355262781,1410,1391,9.0698727819,,NA,NA
401643759,2024,12,regular,2024-11-16T01:00:00.000Z,FALSE,TRUE,FALSE,TRUE,36720,5388,Canvas Stadium,36,Colorado State,fbs,Mountain West,24,0.9983913140900289,1343,1366,2751,Wyoming,fbs,Mountain West,10,0.001608685909971097,1283,1260,4.2170813191,,NA,NA
401645366,2024,12,regular,2024-11-16T01:00:00.000Z,FALSE,TRUE,FALSE,TRUE,21350,3604,Alamodome,2636,UTSA,fbs,American Athletic,48,0.9924460223407064,1408,1463,249,North Texas,fbs,American Athletic,27,0.007553977659293554,1455,1400,4.4650091603,,NA,NA
401628553,2024,12,regular,2024-11-16T02:00:00.000Z,FALSE,TRUE,FALSE,TRUE,68811,3765,Husky Stadium,264,Washington,fbs,Big Ten,31,0.8477243937188877,1644,1654,26,UCLA,fbs,Big Ten,19,0.15227560628111225,1476,1466,5.9580083077,,NA,NA
401636923,2024,12,regular,2024-11-16T03:15:00.000Z,FALSE,TRUE,FALSE,TRUE,38538,3619,Arizona Stadium,12,Arizona,fbs,Big 12,27,0.9517441364487145,1382,1440,248,Houston,fbs,Big 12,3,0.04825586355128553,1364,1306,4.4978273245,,NA,NA
401628550,2024,12,regular,2024-11-16T17:00:00.000Z,FALSE,TRUE,TRUE,TRUE,38147,4250,Wrigley Field,77,Northwestern,fbs,Big Ten,7,0.0047227490781524065,1479,1486,194,Ohio State,fbs,Big Ten,31,0.9952772509218476,2093,2086,2.7808929633,,NA,NA
401628419,2024,12,regular,2024-11-16T17:00:00.000Z,FALSE,TRUE,FALSE,TRUE,74929,3887,Razorback Stadium,8,Arkansas,fbs,SEC,10,0.12650835218280748,1524,1547,251,Texas,fbs,SEC,20,0.8734916478171926,2094,2071,5.199472338,,NA,NA
401635582,2024,12,regular,2024-11-16T17:00:00.000Z,FALSE,TRUE,FALSE,TRUE,58667,3752,Acrisure Stadium,221,Pittsburgh,fbs,ACC,20,0.12168609862905368,1519,1531,228,Clemson,fbs,ACC,24,0.8783139013709463,1827,1815,5.9101362314,,NA,NA
401629046,2024,12,regular,2024-11-16T17:00:00.000Z,FALSE,TRUE,FALSE,FALSE,9115,3985,Warren McGuirk Alumni Stadium,113,Massachusetts,fbs,FBS Independents,34,0.29384254862932685,994,1017,2335,Liberty,fbs,Conference USA,35,0.7061574513706732,1568,1545,8.8553013202,,NA,NA
401636925,2024,12,regular,2024-11-16T17:00:00.000Z,FALSE,TRUE,FALSE,TRUE,54646,3726,Folsom Field,38,Colorado,fbs,Big 12,49,0.9847781812601605,1627,1684,254,Utah,fbs,Big 12,24,0.015221818739839521,1572,1515,5.0676713463,,NA,NA
401645370,2024,12,regular,2024-11-16T17:00:00.000Z,FALSE,TRUE,FALSE,TRUE,38914,3852,Navy-Marine Corps Memorial Stadium,2426,Navy,fbs,American Athletic,0,3.781563619851414e-4,1544,1477,2655,Tulane,fbs,American Athletic,35,0.9996218436380149,1807,1874,2.5201108119,,NA,NA
401641013,2024,12,regular,2024-11-16T17:00:00.000Z,FALSE,TRUE,FALSE,TRUE,13312,3796,Houchens Industries-L.T. Smith Stadium,98,Western Kentucky,fbs,Conference USA,7,0.29488992600726116,1506,1482,2348,Louisiana Tech,fbs,Conference USA,12,0.7051100739927388,1297,1321,6.4233035371,,NA,NA
401628426,2024,12,regular,2024-11-16T17:45:00.000Z,FALSE,TRUE,FALSE,FALSE,88043,3785,Jordan-Hare Stadium,2,Auburn,fbs,SEC,48,0.9982394798783483,1550,1604,2433,UL Monroe,fbs,Sun Belt,14,0.0017605201216517319,1220,1166,2.9019414298,,NA,NA
401643832,2024,12,regular,2024-11-16T18:00:00.000Z,FALSE,TRUE,FALSE,TRUE,24175,3775,Joan C. Edwards Stadium,276,Marshall,fbs,Sun Belt,31,0.8907232528989656,1472,1489,324,Coastal Carolina,fbs,Sun Belt,19,0.10927674710103441,1403,1386,6.5761499991,,NA,NA
401628422,2024,12,regular,2024-11-16T18:30:00.000Z,FALSE,TRUE,FALSE,FALSE,48370,3683,Kroger Field,96,Kentucky,fbs,SEC,48,0.9989151043390855,1527,1527,93,Murray State,fcs,MVFC,6,0.00108489566091452,NA,NA,3.2196359238,,NA,NA
401645369,2024,12,regular,2024-11-16T19:00:00.000Z,FALSE,TRUE,FALSE,TRUE,12291,3806,Lincoln Financial Field,218,Temple,fbs,American Athletic,18,0.5248474893336113,1040,1042,2226,Florida Atlantic,fbs,American Athletic,15,0.47515251066638875,1125,1123,8.0225794468,,NA,NA
401640986,2024,12,regular,2024-11-16T19:00:00.000Z,FALSE,TRUE,FALSE,TRUE,17688,3662,AmFirst Stadium,55,Jacksonville State,fbs,Conference USA,34,0.48224014442684765,1643,1640,2229,Florida International,fbs,Conference USA,31,0.5177598555731524,1297,1300,9.6577777256,,NA,NA
401628425,2024,12,regular,2024-11-16T19:00:00.000Z,FALSE,TRUE,FALSE,FALSE,100077,3657,Bryant-Denny Stadium,333,Alabama,fbs,SEC,52,0.9989495569406649,2130,2130,2382,Mercer,fcs,Southern,7,0.0010504430593351044,NA,NA,3.0558763384,,NA,NA
401628547,2024,12,regular,2024-11-16T19:30:00.000Z,FALSE,TRUE,FALSE,TRUE,52660,3832,"Memorial Stadium (Champaign, IL)",356,Illinois,fbs,Big Ten,38,0.9539072866695786,1556,1593,127,Michigan State,fbs,Big Ten,16,0.04609271333042142,1402,1365,5.2826732171,,NA,NA
401641022,2024,12,regular,2024-11-16T20:00:00.000Z,FALSE,TRUE,FALSE,TRUE,7736,4899,Fifth Third Stadium,338,Kennesaw State,fbs,Conference USA,17,0.7095863659064612,1227,1230,2534,Sam Houston,fbs,Conference USA,23,0.2904136340935388,1416,1413,7.3070686911,,NA,NA
401635581,2024,12,regular,2024-11-16T20:00:00.000Z,FALSE,TRUE,FALSE,TRUE,33493,3831,California Memorial Stadium,25,California,fbs,ACC,25,0.19998453357890436,1649,1610,183,Syracuse,fbs,ACC,33,0.8000154664210957,1386,1425,2.3380423537,,NA,NA
401643760,2024,12,regular,2024-11-16T20:00:00.000Z,FALSE,TRUE,FALSE,TRUE,NA,3905,Maverik Stadium,328,Utah State,fbs,Mountain West,55,0.9984432794352859,1170,1321,62,Hawai'i,fbs,Mountain West,10,0.0015567205647141202,1265,1114,3.0037985427,,NA,NA
401635580,2024,12,regular,2024-11-16T20:30:00.000Z,FALSE,TRUE,FALSE,TRUE,34438,3735,Gerald J. Ford Stadium,2567,SMU,fbs,ACC,38,0.6933461738842422,1814,1806,103,Boston College,fbs,ACC,28,0.30665382611575775,1433,1441,7.8413553085,,NA,NA
401635517,2024,12,regular,2024-11-16T20:30:00.000Z,FALSE,TRUE,FALSE,TRUE,18685,3940,Stanford Stadium,24,Stanford,fbs,ACC,38,0.5560877255633588,1158,1168,97,Louisville,fbs,ACC,35,0.44391227443664116,1725,1715,4.9982210658,,NA,NA
401645368,2024,12,regular,2024-11-16T20:30:00.000Z,FALSE,TRUE,FALSE,TRUE,15030,4418,Jerry Richardson Stadium,2429,Charlotte,fbs,American Athletic,24,0.010981965757693606,1182,1101,58,South Florida,fbs,American Athletic,59,0.9890180342423064,1339,1420,4.4247113788,,NA,NA
401643757,2024,12,regular,2024-11-16T20:30:00.000Z,FALSE,TRUE,FALSE,FALSE,21385,3713,Falcon Stadium,2005,Air Force,fbs,Mountain West,28,0.998945049341131,1316,1406,204,Oregon State,fbs,Pac-12,0,0.0010549506588689583,1446,1356,3.907187339,,NA,NA
401628420,2024,12,regular,2024-11-16T20:30:00.000Z,FALSE,TRUE,FALSE,TRUE,90067,3634,Ben Hill Griffin Stadium,57,Florida,fbs,SEC,27,0.8552429166497523,1598,1634,99,LSU,fbs,SEC,16,0.14475708335024773,1800,1764,7.8136556145,,NA,NA
401628552,2024,12,regular,2024-11-16T20:30:00.000Z,FALSE,TRUE,FALSE,TRUE,58346,3907,Ross-Ade Stadium,2509,Purdue,fbs,Big Ten,10,8.37622019717758e-4,1192,1172,213,Penn State,fbs,Big Ten,49,0.9991623779802823,1967,1987,1.8035917166,,NA,NA
401628985,2024,12,regular,2024-11-16T20:30:00.000Z,FALSE,TRUE,FALSE,FALSE,77622,3855,Notre Dame Stadium,87,Notre Dame,fbs,FBS Independents,35,0.9970737339138372,2133,2115,258,Virginia,fbs,ACC,14,0.0029262660861627543,1381,1399,5.9709010393,,NA,NA
401628549,2024,12,regular,2024-11-16T21:00:00.000Z,FALSE,TRUE,FALSE,TRUE,75304,477,Los Angeles Memorial Coliseum,30,USC,fbs,Big Ten,28,0.995826166219086,1767,1761,158,Nebraska,fbs,Big Ten,20,0.00417383378091396,1453,1459,7.8481713683,,NA,NA
401636929,2024,12,regular,2024-11-16T21:00:00.000Z,FALSE,TRUE,FALSE,TRUE,52376,3842,Milan Puskar Stadium,277,West Virginia,fbs,Big 12,35,0.02505320784828458,1561,1529,239,Baylor,fbs,Big 12,49,0.9749467921517154,1559,1591,5.2564139931,,NA,NA
401643830,2024,12,regular,2024-11-16T21:00:00.000Z,FALSE,TRUE,FALSE,TRUE,21762,3608,Allen E. Paulson Stadium,290,Georgia Southern,fbs,Sun Belt,20,0.0011709459571212116,1397,1386,2653,Troy,fbs,Sun Belt,28,0.9988290540428788,1455,1466,6.376703024,,NA,NA
401643833,2024,12,regular,2024-11-16T21:00:00.000Z,FALSE,TRUE,FALSE,TRUE,21984,3918,S.B. Ballard Stadium,295,Old Dominion,fbs,Sun Belt,32,0.41225598505539546,1472,1486,256,James Madison,fbs,Sun Belt,35,0.5877440149446045,1794,1780,8.3624957585,,NA,NA
401628423,2024,12,regular,2024-11-16T21:15:00.000Z,FALSE,TRUE,FALSE,TRUE,79361,3994,Williams-Brice Stadium,2579,South Carolina,fbs,SEC,34,0.8032895830087494,1829,1828,142,Missouri,fbs,SEC,30,0.19671041699125058,1683,1684,6.4487806706,,NA,NA
401643831,2024,12,regular,2024-11-16T22:00:00.000Z,FALSE,TRUE,FALSE,TRUE,14047,4246,Center Parc Stadium,2247,Georgia State,fbs,Sun Belt,20,0.04484336522551811,1254,1238,2032,Arkansas State,fbs,Sun Belt,27,0.9551566347744819,1219,1235,6.9087473194,,NA,NA
401628548,2024,12,regular,2024-11-16T23:00:00.000Z,FALSE,TRUE,FALSE,TRUE,31433,3665,SECU Stadium,120,Maryland,fbs,Big Ten,17,0.009584806456856852,1491,1453,164,Rutgers,fbs,Big Ten,31,0.9904151935431431,1434,1472,5.5597463729,,NA,NA
401643835,2024,12,regular,2024-11-17T00:00:00.000Z,FALSE,TRUE,FALSE,TRUE,22618,3644,Bobcat Stadium (TX),326,Texas State,fbs,Sun Belt,58,0.9989551735653182,1602,1693,2572,Southern Miss,fbs,Sun Belt,3,0.0010448264346818448,1039,948,3.0177317569,,NA,NA
401643758,2024,12,regular,2024-11-17T00:00:00.000Z,FALSE,TRUE,FALSE,TRUE,20517,3935,CEFCU Stadium,23,San José State,fbs,Mountain West,21,0.05683987582393824,1518,1489,68,Boise State,fbs,Mountain West,42,0.9431601241760618,1741,1770,4.6743704896,,NA,NA
401636927,2024,12,regular,2024-11-17T00:00:00.000Z,FALSE,TRUE,FALSE,TRUE,51880,3636,Bill Snyder Family Stadium,2306,Kansas State,fbs,Big 12,14,0.16738662361819984,1771,1731,9,Arizona State,fbs,Big 12,24,0.8326133763818002,1568,1608,2.8937242133,,NA,NA
401643834,2024,12,regular,2024-11-17T00:00:00.000Z,FALSE,TRUE,FALSE,TRUE,16063,3666,Cajun Field,309,Louisiana,fbs,Sun Belt,22,0.6575060217689207,1621,1618,6,South Alabama,fbs,Sun Belt,24,0.3424939782310793,1618,1621,3.6911164886,,NA,NA
401628551,2024,12,regular,2024-11-17T00:30:00.000Z,FALSE,TRUE,FALSE,TRUE,76298,347,Camp Randall Stadium,275,Wisconsin,fbs,Big Ten,13,0.1357708985729445,1641,1659,2483,Oregon,fbs,Big Ten,16,0.8642291014270556,2047,2029,9.1650230893,,NA,NA
401628421,2024,12,regular,2024-11-17T00:30:00.000Z,FALSE,TRUE,FALSE,TRUE,93033,3917,Sanford Stadium,61,Georgia,fbs,SEC,31,0.9403962789332209,2007,2029,2633,Tennessee,fbs,SEC,17,0.059603721066779136,1930,1908,6.9384073058,,NA,NA
401628424,2024,12,regular,2024-11-17T00:45:00.000Z,FALSE,TRUE,FALSE,FALSE,105815,3795,Kyle Field,245,Texas A&M,fbs,SEC,38,0.998807050189291,1746,1770,166,New Mexico State,fbs,Conference USA,3,0.0011929498107090541,1121,1097,2.6871951399,,NA,NA
401645367,2024,12,regular,2024-11-17T01:00:00.000Z,FALSE,TRUE,FALSE,TRUE,24225,3805,Simmons Bank Liberty Stadium,235,Memphis,fbs,American Athletic,53,0.9984351077215874,1569,1621,5,UAB,fbs,American Athletic,18,0.0015648922784126107,1197,1145,4.4424370493,,NA,NA
401636926,2024,12,regular,2024-11-17T01:00:00.000Z,FALSE,TRUE,FALSE,TRUE,52881,3772,Jack Trice Stadium,66,Iowa State,fbs,Big 12,34,0.37561146084741104,1728,1746,2132,Cincinnati,fbs,Big 12,17,0.624388539152589,1524,1506,7.617443607,,NA,NA
401635583,2024,12,regular,2024-11-17T01:00:00.000Z,FALSE,TRUE,FALSE,TRUE,48364,3787,Kenan Stadium,153,North Carolina,fbs,ACC,31,0.848101063189074,1612,1608,154,Wake Forest,fbs,ACC,24,0.15189893681092603,1353,1357,9.1776074687,,NA,NA
401643761,2024,12,regular,2024-11-17T02:30:00.000Z,FALSE,TRUE,FALSE,FALSE,14067,3971,University Stadium (NM),167,New Mexico,fbs,Mountain West,38,0.38932960123114607,1263,1269,265,Washington State,fbs,Pac-12,35,0.610670398768854,1606,1600,8.4413070753,,NA,NA
401636924,2024,12,regular,2024-11-17T03:15:00.000Z,FALSE,TRUE,FALSE,TRUE,62704,3801,LaVell Edwards Stadium,252,BYU,fbs,Big 12,13,0.16761438578764792,1674,1667,2305,Kansas,fbs,Big 12,17,0.832385614212352,1664,1671,4.8504609167,,NA,NA
401643762,2024,12,regular,2024-11-17T03:30:00.000Z,FALSE,TRUE,FALSE,TRUE,30386,6501,Allegiant Stadium,2439,UNLV,fbs,Mountain West,41,0.9493838644492044,1650,1665,21,San Diego State,fbs,Mountain West,20,0.05061613555079558,1298,1283,3.2116589972,,NA,NA
401644769,2024,13,regular,2024-11-20T00:00:00.000Z,FALSE,TRUE,FALSE,TRUE,6768,3696,Dix Stadium,2309,Kent State,fbs,Mid-American,17,0.08535054685631888,835,805,2006,Akron,fbs,Mid-American,38,0.9146494531436811,1055,1085,2.9314566807,,NA,NA
401644770,2024,13,regular,2024-11-20T00:30:00.000Z,FALSE,TRUE,FALSE,TRUE,13102,3786,Kelly/Shorts Stadium,2117,Central Michigan,fbs,Mid-American,16,0.9359869054029619,1091,1094,2711,Western Michigan,fbs,Mid-American,14,0.06401309459703808,1249,1246,7.6227191691,,NA,NA
401644690,2024,13,regular,2024-11-20T01:00:00.000Z,FALSE,TRUE,FALSE,TRUE,5891,3996,Yager Stadium,193,Miami (OH),fbs,Mid-American,20,0.8467448377644089,1544,1558,2459,Northern Illinois,fbs,Mid-American,9,0.1532551622355911,1464,1450,5.0882015895,,NA,NA
401644772,2024,13,regular,2024-11-21T00:00:00.000Z,FALSE,TRUE,FALSE,TRUE,12004,3912,Rynearson Stadium,2199,Eastern Michigan,fbs,Mid-American,20,0.23655525915298456,1225,1183,2084,Buffalo,fbs,Mid-American,37,0.7634447408470154,1217,1259,3.3164404777,,NA,NA
401644773,2024,13,regular,2024-11-21T00:00:00.000Z,FALSE,TRUE,FALSE,TRUE,14543,3739,Glass Bowl,2649,Toledo,fbs,Mid-American,7,0.09089421557767635,1495,1459,195,Ohio,fbs,Mid-American,24,0.9091057844223236,1546,1582,5.8681395512,,NA,NA
401634772,2024,13,regular,2024-11-22T00:30:00.000Z,FALSE,TRUE,FALSE,TRUE,34591,721,Bobby Dodd Stadium,59,Georgia Tech,fbs,ACC,30,0.5960285342364573,1577,1575,152,NC State,fbs,ACC,29,0.4039714657635427,1499,1501,7.9663405124,,NA,NA
401645374,2024,13,regular,2024-11-23T00:00:00.000Z,FALSE,TRUE,FALSE,TRUE,20121,3604,Alamodome,2636,UTSA,fbs,American Athletic,51,0.9982099081136507,1463,1479,218,Temple,fbs,American Athletic,27,0.0017900918863492654,1042,1026,4.875712441,,NA,NA
401628558,2024,13,regular,2024-11-23T01:00:00.000Z,FALSE,TRUE,FALSE,TRUE,57558,3936,Spartan Stadium,127,Michigan State,fbs,Big Ten,24,0.6159163024647112,1365,1364,2509,Purdue,fbs,Big Ten,17,0.3840836975352888,1172,1173,5.7660290117,,NA,NA
401643767,2024,13,regular,2024-11-23T03:00:00.000Z,FALSE,TRUE,FALSE,TRUE,13671,3935,CEFCU Stadium,23,San José State,fbs,Mountain West,16,0.01981939901137126,1489,1481,2439,UNLV,fbs,Mountain West,27,0.9801806009886287,1665,1673,6.9363993185,,NA,NA
401635518,2024,13,regular,2024-11-23T17:00:00.000Z,FALSE,TRUE,FALSE,FALSE,35453,1964,JMA Wireless Dome,183,Syracuse,fbs,ACC,31,0.9947143910183219,1425,1434,41,UConn,fbs,FBS Independents,24,0.005285608981678069,1423,1414,6.3584075537,,NA,NA
401641005,2024,13,regular,2024-11-23T17:00:00.000Z,FALSE,TRUE,FALSE,TRUE,16312,3662,AmFirst Stadium,55,Jacksonville State,fbs,Conference USA,21,0.9851385956019506,1640,1641,2534,Sam Houston,fbs,Conference USA,11,0.014861404398049394,1413,1412,5.6381419293,,NA,NA
401628554,2024,13,regular,2024-11-23T17:00:00.000Z,FALSE,TRUE,FALSE,TRUE,47524,6577,SHI Stadium,164,Rutgers,fbs,Big Ten,31,0.22714076645233058,1472,1468,356,Illinois,fbs,Big Ten,38,0.7728592335476694,1593,1597,9.5060148834,,NA,NA
401635612,2024,13,regular,2024-11-23T17:00:00.000Z,FALSE,TRUE,FALSE,TRUE,37801,3615,"Alumni Stadium (Chestnut Hill, MA)",103,Boston College,fbs,ACC,41,0.9970125994666024,1441,1506,153,North Carolina,fbs,ACC,21,0.002987400533397633,1608,1543,4.4230952661,,NA,NA
401635618,2024,13,regular,2024-11-23T17:00:00.000Z,FALSE,TRUE,FALSE,TRUE,64210,3948,Hard Rock Stadium,2390,Miami,fbs,ACC,42,0.9988990788133469,1858,1877,154,Wake Forest,fbs,ACC,14,0.0011009211866530588,1357,1338,7.4806055202,,NA,NA
401635619,2024,13,regular,2024-11-23T17:00:00.000Z,FALSE,TRUE,FALSE,TRUE,36305,3923,Scott Stadium,258,Virginia,fbs,ACC,7,5.945321856068563e-4,1399,1375,2567,SMU,fbs,ACC,33,0.9994054678143931,1806,1830,2.5273731561,,NA,NA
401628555,2024,13,regular,2024-11-23T17:00:00.000Z,FALSE,TRUE,FALSE,TRUE,105751,3861,Ohio Stadium,194,Ohio State,fbs,Big Ten,38,0.9943035860926716,2086,2120,84,Indiana,fbs,Big Ten,15,0.005696413907328446,1876,1842,3.6017334987,,NA,NA
401628429,2024,13,regular,2024-11-23T17:00:00.000Z,FALSE,TRUE,FALSE,TRUE,89942,3634,Ben Hill Griffin Stadium,57,Florida,fbs,SEC,24,0.9088706931211737,1634,1667,145,Ole Miss,fbs,SEC,17,0.09112930687882626,2010,1977,8.5089973208,,NA,NA
401628556,2024,13,regular,2024-11-23T17:00:00.000Z,FALSE,TRUE,FALSE,TRUE,30214,3665,SECU Stadium,120,Maryland,fbs,Big Ten,13,0.04890251986657082,1453,1447,2294,Iowa,fbs,Big Ten,29,0.9510974801334292,1780,1786,3.935895694,,NA,NA
401628430,2024,13,regular,2024-11-23T17:45:00.000Z,FALSE,TRUE,FALSE,FALSE,93033,3917,Sanford Stadium,61,Georgia,fbs,SEC,59,0.833138177677892,2029,2023,113,Massachusetts,fbs,FBS Independents,21,0.166861822322108,1017,1023,3.4536139842,,NA,NA
401640996,2024,13,regular,2024-11-23T18:00:00.000Z,FALSE,TRUE,FALSE,TRUE,17930,3992,Williams Stadium (VA),2335,Liberty,fbs,Conference USA,38,0.9980392195185619,1545,1576,98,Western Kentucky,fbs,Conference USA,21,0.001960780481438107,1482,1451,6.9397913966,,NA,NA
401628435,2024,13,regular,2024-11-23T18:00:00.000Z,FALSE,TRUE,FALSE,FALSE,101915,3853,Neyland Stadium,2633,Tennessee,fbs,SEC,56,0.9986035506607549,1908,1979,2638,UTEP,fbs,Conference USA,0,0.0013964493392450983,1165,1094,5.7425869558,,NA,NA
401635616,2024,13,regular,2024-11-23T18:30:00.000Z,FALSE,TRUE,FALSE,FALSE,43711,3697,Doak Campbell Stadium,52,Florida State,fbs,ACC,41,0.9988011823371064,1353,1353,2127,Charleston Southern,fcs,Big South-OVC,7,0.0011988176628936476,NA,NA,4.3942707608,,NA,NA
401644774,2024,13,regular,2024-11-23T19:00:00.000Z,FALSE,TRUE,FALSE,TRUE,7116,3919,Scheumann Stadium,2050,Ball State,fbs,Mid-American,13,0.005146142392136814,1115,1089,189,Bowling Green,fbs,Mid-American,38,0.9948538576078632,1472,1498,3.6784536429,,NA,NA
401645373,2024,13,regular,2024-11-23T19:00:00.000Z,FALSE,TRUE,FALSE,TRUE,16181,7221,Protective Stadium,5,UAB,fbs,American Athletic,40,0.998814359056721,1145,1231,242,Rice,fbs,American Athletic,14,0.0011856409432789983,1301,1215,5.3822916934,,NA,NA
401643836,2024,13,regular,2024-11-23T19:30:00.000Z,FALSE,TRUE,FALSE,TRUE,34012,3792,Kidd Brewer Stadium,2026,App State,fbs,Sun Belt,34,0.9597617954496301,1332,1405,256,James Madison,fbs,Sun Belt,20,0.04023820455036986,1780,1707,6.1415880256,,NA,NA
401641027,2024,13,regular,2024-11-23T19:30:00.000Z,FALSE,TRUE,FALSE,TRUE,10123,3725,"Johnny ""Red"" Floyd Stadium",2393,Middle Tennessee,fbs,Conference USA,21,0.028019728992069188,1144,1104,166,New Mexico State,fbs,Conference USA,36,0.9719802710079308,1097,1137,4.8354313983,,NA,NA
401643839,2024,13,regular,2024-11-23T20:00:00.000Z,FALSE,TRUE,FALSE,TRUE,14029,3625,Centennial Bank Stadium,2032,Arkansas State,fbs,Sun Belt,28,0.7236342121276668,1235,1241,2433,UL Monroe,fbs,Sun Belt,21,0.27636578787233324,1166,1160,6.5147873776,,NA,NA
401636935,2024,13,regular,2024-11-23T20:00:00.000Z,FALSE,TRUE,FALSE,TRUE,42977,3616,Amon G. Carter Stadium,2628,TCU,fbs,Big 12,49,0.9897123020256314,1578,1614,12,Arizona,fbs,Big 12,28,0.01028769797436857,1440,1404,4.7549952564,,NA,NA
401643841,2024,13,regular,2024-11-23T20:00:00.000Z,FALSE,TRUE,FALSE,TRUE,20074,3815,M. M. Roberts Stadium,2572,Southern Miss,fbs,Sun Belt,14,7.325958791700735e-4,948,961,6,South Alabama,fbs,Sun Belt,35,0.9992674041208299,1621,1608,4.3223525767,,NA,NA
401645371,2024,13,regular,2024-11-23T20:00:00.000Z,FALSE,TRUE,FALSE,TRUE,15066,3715,FAU Stadium,2226,Florida Atlantic,fbs,American Athletic,27,0.7874519151169872,1123,1095,2429,Charlotte,fbs,American Athletic,39,0.2125480848830128,1101,1129,6.210340242,,NA,NA
401640987,2024,13,regular,2024-11-23T20:00:00.000Z,FALSE,TRUE,FALSE,TRUE,6210,4899,Fifth Third Stadium,338,Kennesaw State,fbs,Conference USA,27,0.18940278006243344,1230,1233,2229,Florida International,fbs,Conference USA,26,0.8105972199375666,1300,1297,7.7000071702,,NA,NA
401636932,2024,13,regular,2024-11-23T20:30:00.000Z,FALSE,TRUE,TRUE,TRUE,56470,3622,GEHA Field at Arrowhead Stadium,2305,Kansas,fbs,Big 12,37,0.9969567747278307,1671,1714,38,Colorado,fbs,Big 12,21,0.00304322527216927,1684,1641,5.0171919651,,NA,NA
401635613,2024,13,regular,2024-11-23T20:30:00.000Z,FALSE,TRUE,FALSE,TRUE,52428,3831,California Memorial Stadium,25,California,fbs,ACC,24,0.8187295997031043,1610,1606,24,Stanford,fbs,ACC,21,0.18127040029689567,1168,1172,4.8024372895,,NA,NA
401645375,2024,13,regular,2024-11-23T20:30:00.000Z,FALSE,TRUE,FALSE,TRUE,27623,3886,Raymond James Stadium,58,South Florida,fbs,American Athletic,63,0.9989188929407493,1420,1457,202,Tulsa,fbs,American Athletic,30,0.0010811070592506855,971,934,2.5536432679,,NA,NA
401643837,2024,13,regular,2024-11-23T20:30:00.000Z,FALSE,TRUE,FALSE,TRUE,14556,3654,Brooks Stadium (SC),324,Coastal Carolina,fbs,Sun Belt,6,0.031203776914788393,1386,1335,290,Georgia Southern,fbs,Sun Belt,26,0.9687962230852116,1386,1437,5.1594818848,,NA,NA
401635614,2024,13,regular,2024-11-23T20:30:00.000Z,FALSE,TRUE,FALSE,FALSE,80300,3836,"Memorial Stadium (Clemson, SC)",228,Clemson,fbs,ACC,51,0.9989669468883322,1824,1824,2643,The Citadel,fcs,Southern,14,0.0010330531116677921,NA,NA,2.4320682979,,NA,NA
401645372,2024,13,regular,2024-11-23T20:30:00.000Z,FALSE,TRUE,FALSE,TRUE,17387,3825,DATCU Stadium,249,North Texas,fbs,American Athletic,28,0.06481296643458724,1400,1373,151,East Carolina,fbs,American Athletic,40,0.9351870335654128,1391,1418,5.8323354016,,NA,NA
401636930,2024,13,regular,2024-11-23T20:30:00.000Z,FALSE,TRUE,FALSE,TRUE,55400,3947,Mountain America Stadium,9,Arizona State,fbs,Big 12,28,0.8767034844197439,1608,1615,252,BYU,fbs,Big 12,23,0.12329651558025612,1667,1660,5.3435381132,,NA,NA
401636934,2024,13,regular,2024-11-23T20:30:00.000Z,FALSE,TRUE,FALSE,TRUE,52202,3646,Boone Pickens Stadium,197,Oklahoma State,fbs,Big 12,48,0.37191522066444943,1375,1372,2641,Texas Tech,fbs,Big 12,56,0.6280847793355506,1537,1540,7.5014400752,,NA,NA
401636937,2024,13,regular,2024-11-23T20:30:00.000Z,FALSE,TRUE,FALSE,TRUE,40722,3842,Milan Puskar Stadium,277,West Virginia,fbs,Big 12,31,0.3870661633047699,1529,1553,2116,UCF,fbs,Big 12,21,0.6129338366952302,1620,1596,4.4217794942,,NA,NA
401628436,2024,13,regular,2024-11-23T20:30:00.000Z,FALSE,TRUE,FALSE,TRUE,102811,3910,DKR-Texas Memorial Stadium,251,Texas,fbs,SEC,31,0.9965531842080707,2071,2063,96,Kentucky,fbs,SEC,14,0.003446815791929292,1537,1545,5.0504497603,,NA,NA
401643766,2024,13,regular,2024-11-23T20:30:00.000Z,FALSE,TRUE,FALSE,TRUE,12583,3905,Maverik Stadium,328,Utah State,fbs,Mountain West,41,0.9985195200770841,1321,1367,21,San Diego State,fbs,Mountain West,20,0.0014804799229158894,1283,1237,6.1729697376,,NA,NA
401628557,2024,13,regular,2024-11-23T20:30:00.000Z,FALSE,TRUE,FALSE,TRUE,109830,3558,Michigan Stadium,130,Michigan,fbs,Big Ten,50,0.9975037396874484,1777,1867,77,Northwestern,fbs,Big Ten,6,0.002496260312551568,1486,1396,3.4773768545,,NA,NA
401628560,2024,13,regular,2024-11-23T20:30:00.000Z,FALSE,TRUE,FALSE,TRUE,86923,3834,"Memorial Stadium (Lincoln, NE)",158,Nebraska,fbs,Big Ten,44,0.8939495444892308,1459,1524,275,Wisconsin,fbs,Big Ten,25,0.10605045551076919,1659,1594,4.201190015,,NA,NA
401628559,2024,13,regular,2024-11-23T20:30:00.000Z,FALSE,TRUE,FALSE,TRUE,44266,3953,Huntington Bank Stadium,135,Minnesota,fbs,Big Ten,25,0.3936757829996285,1590,1606,213,Penn State,fbs,Big Ten,26,0.6063242170003715,1987,1971,5.9747051446,,NA,NA
401628434,2024,13,regular,2024-11-23T21:00:00.000Z,FALSE,TRUE,FALSE,FALSE,79078,3994,Williams-Brice Stadium,2579,South Carolina,fbs,SEC,56,0.9988939582781906,1827,1827,2747,Wofford,fcs,Southern,12,0.001106041721809392,NA,NA,5.0921718838,,NA,NA
401628427,2024,13,regular,2024-11-23T21:00:00.000Z,FALSE,TRUE,FALSE,FALSE,66041,3887,Razorback Stadium,8,Arkansas,fbs,SEC,35,0.9978082504753316,1547,1574,2348,Louisiana Tech,fbs,Conference USA,14,0.002191749524668385,1321,1294,6.40634552,,NA,NA
401635617,2024,13,regular,2024-11-23T21:00:00.000Z,FALSE,TRUE,FALSE,TRUE,49441,3873,L&N Federal Credit Union Stadium,97,Louisville,fbs,ACC,37,0.9986454166487777,1715,1767,221,Pittsburgh,fbs,ACC,9,0.0013545833512222938,1531,1479,3.162664048,,NA,NA
401628432,2024,13,regular,2024-11-23T21:15:00.000Z,FALSE,TRUE,FALSE,TRUE,47824,3693,Davis Wade Stadium,344,Mississippi State,fbs,SEC,20,8.143081951796834e-4,1362,1348,142,Missouri,fbs,SEC,39,0.9991856918048203,1684,1698,3.4778164696,,NA,NA
401643840,2024,13,regular,2024-11-23T22:00:00.000Z,FALSE,TRUE,FALSE,TRUE,15501,3666,Cajun Field,309,Louisiana,fbs,Sun Belt,51,0.9356443974601732,1618,1652,2653,Troy,fbs,Sun Belt,30,0.06435560253982675,1466,1432,4.729033844,,NA,NA
401640959,2024,13,regular,2024-11-24T00:00:00.000Z,FALSE,TRUE,TRUE,FALSE,47342,4102,Yankee Stadium,87,Notre Dame,fbs,FBS Independents,49,0.9989435155454186,2115,2165,349,Army,fbs,American Athletic,14,0.0010564844545813967,1661,1611,2.6373925698,,NA,NA
401643764,2024,13,regular,2024-11-24T00:00:00.000Z,FALSE,TRUE,FALSE,TRUE,18094,3984,War Memorial Stadium,2751,Wyoming,fbs,Mountain West,13,0.7212125149793001,1260,1283,68,Boise State,fbs,Mountain West,17,0.27878748502069994,1770,1747,7.5855508451,,NA,NA
401628572,2024,13,regular,2024-11-24T00:00:00.000Z,FALSE,TRUE,FALSE,TRUE,38008,3893,Reser Stadium,204,Oregon State,fbs,Pac-12,41,0.27376107445477166,1356,1360,265,Washington State,fbs,Pac-12,38,0.7262389255452284,1600,1596,7.658751011,,NA,NA
401643842,2024,13,regular,2024-11-24T00:00:00.000Z,FALSE,TRUE,FALSE,TRUE,18271,3644,Bobcat Stadium (TX),326,Texas State,fbs,Sun Belt,44,0.06184990509359186,1693,1635,2247,Georgia State,fbs,Sun Belt,52,0.9381500949064081,1238,1296,3.6713008688,,NA,NA
401636931,2024,13,regular,2024-11-24T00:00:00.000Z,FALSE,TRUE,FALSE,TRUE,34166,4728,TDECU Stadium,248,Houston,fbs,Big 12,10,0.2133737052761575,1306,1309,239,Baylor,fbs,Big 12,20,0.7866262947238425,1591,1588,4.999600321,,NA,NA
401643838,2024,13,regular,2024-11-24T00:30:00.000Z,FALSE,TRUE,FALSE,TRUE,18083,3918,S.B. Ballard Stadium,295,Old Dominion,fbs,Sun Belt,35,0.6173487362334923,1486,1473,276,Marshall,fbs,Sun Belt,42,0.3826512637665077,1489,1502,6.9754188366,,NA,NA
401628433,2024,13,regular,2024-11-24T00:30:00.000Z,FALSE,TRUE,FALSE,TRUE,84053,3835,"Memorial Stadium (Norman, OK)",201,Oklahoma,fbs,SEC,24,0.9979876881477157,1678,1780,333,Alabama,fbs,SEC,3,0.002012311852284343,2113,2011,4.1536928647,,NA,NA
401636936,2024,13,regular,2024-11-24T00:30:00.000Z,FALSE,TRUE,FALSE,TRUE,52152,587,Rice-Eccles Stadium,254,Utah,fbs,Big 12,28,0.8462294608654207,1515,1524,66,Iowa State,fbs,Big 12,31,0.15377053913457928,1746,1737,6.295511082,,NA,NA
401628428,2024,13,regular,2024-11-24T00:30:00.000Z,FALSE,TRUE,FALSE,TRUE,88043,3785,Jordan-Hare Stadium,2,Auburn,fbs,SEC,43,0.5423385562984405,1604,1607,245,Texas A&M,fbs,SEC,41,0.4576614437015595,1770,1767,9.219958917,,NA,NA
401628431,2024,13,regular,2024-11-24T00:45:00.000Z,FALSE,TRUE,FALSE,TRUE,102086,3958,Tiger Stadium (LA),99,LSU,fbs,SEC,24,0.9215569106403879,1764,1757,238,Vanderbilt,fbs,SEC,17,0.07844308935961208,1446,1453,4.8747119749,,NA,NA
401636933,2024,13,regular,2024-11-24T01:00:00.000Z,FALSE,TRUE,FALSE,TRUE,50988,3636,Bill Snyder Family Stadium,2306,Kansas State,fbs,Big 12,41,0.9958220506202534,1731,1772,2132,Cincinnati,fbs,Big 12,15,0.004177949379746582,1506,1465,3.0258991048,,NA,NA
401635615,2024,13,regular,2024-11-24T01:00:00.000Z,FALSE,TRUE,FALSE,TRUE,22462,3982,Wallace Wade Stadium,150,Duke,fbs,ACC,31,0.9072339610133376,1597,1599,259,Virginia Tech,fbs,ACC,28,0.09276603898666236,1658,1656,8.334691174,,NA,NA
401643765,2024,13,regular,2024-11-24T03:30:00.000Z,FALSE,TRUE,FALSE,TRUE,39543,3660,Valley Children's Stadium,278,Fresno State,fbs,Mountain West,28,0.8797291371909506,1511,1511,36,Colorado State,fbs,Mountain West,22,0.12027086280904942,1366,1366,5.6302113159,,NA,NA
401628561,2024,13,regular,2024-11-24T03:30:00.000Z,FALSE,TRUE,FALSE,TRUE,59473,1056,Rose Bowl,26,UCLA,fbs,Big Ten,13,0.921876989457655,1466,1476,30,USC,fbs,Big Ten,19,0.07812301054234505,1761,1751,6.0413408276,,NA,NA
401643763,2024,13,regular,2024-11-24T03:30:00.000Z,FALSE,TRUE,FALSE,TRUE,12228,3816,Mackay Stadium,2440,Nevada,fbs,Mountain West,19,0.12469034617243689,1196,1204,2005,Air Force,fbs,Mountain West,22,0.8753096538275631,1406,1398,6.9270209058,,NA,NA
401644776,2024,14,regular,2024-11-27T00:00:00.000Z,FALSE,TRUE,FALSE,TRUE,11916,3965,UB Stadium,2084,Buffalo,fbs,Mid-American,43,0.9986797157103546,1259,1304,2309,Kent State,fbs,Mid-American,7,0.0013202842896453681,805,760,3.0737114671,,NA,NA
401644775,2024,14,regular,2024-11-27T00:00:00.000Z,FALSE,TRUE,FALSE,TRUE,4716,3768,InfoCision Stadium,2006,Akron,fbs,Mid-American,21,0.2844975789747403,1085,1118,2649,Toledo,fbs,Mid-American,14,0.7155024210252596,1459,1426,7.1114876651,,NA,NA
401645376,2024,14,regular,2024-11-29T00:30:00.000Z,FALSE,TRUE,FALSE,TRUE,25021,4729,Yulman Stadium,2655,Tulane,fbs,American Athletic,24,0.044377860509926904,1874,1829,235,Memphis,fbs,American Athletic,34,0.9556221394900731,1621,1666,4.2262920592,,NA,NA
401644691,2024,14,regular,2024-11-29T17:00:00.000Z,FALSE,TRUE,FALSE,TRUE,9345,3700,Doyt L. Perry Stadium,189,Bowling Green,fbs,Mid-American,12,0.011332963568387195,1498,1466,193,Miami (OH),fbs,Mid-American,28,0.9886670364316128,1558,1590,3.8709650579,,NA,NA
401645379,2024,14,regular,2024-11-29T17:00:00.000Z,FALSE,TRUE,FALSE,TRUE,35663,3699,Dowdy-Ficklen Stadium,151,East Carolina,fbs,American Athletic,20,0.006420098891402485,1418,1392,2426,Navy,fbs,American Athletic,34,0.9935799011085975,1477,1503,5.6325040367,,NA,NA
401644777,2024,14,regular,2024-11-29T17:00:00.000Z,FALSE,TRUE,FALSE,TRUE,11804,3876,Peden Stadium,195,Ohio,fbs,Mid-American,42,0.998880141430811,1582,1585,2050,Ball State,fbs,Mid-American,21,0.0011198585691889473,1089,1086,5.7309179002,,NA,NA
401628568,2024,14,regular,2024-11-29T17:00:00.000Z,FALSE,TRUE,FALSE,TRUE,76059,347,Camp Randall Stadium,275,Wisconsin,fbs,Big Ten,7,9.386543860333801e-4,1594,1554,135,Minnesota,fbs,Big Ten,24,0.9990613456139666,1606,1646,3.3258566397,,NA,NA
401636938,2024,14,regular,2024-11-29T17:00:00.000Z,FALSE,TRUE,FALSE,TRUE,51030,3726,Folsom Field,38,Colorado,fbs,Big 12,52,0.9989571361132871,1641,1762,197,Oklahoma State,fbs,Big 12,0,0.0010428638867129303,1372,1251,2.7476275523,,NA,NA
401643769,2024,14,regular,2024-11-29T17:00:00.000Z,FALSE,TRUE,FALSE,FALSE,37264,3653,Albertsons Stadium,68,Boise State,fbs,Mountain West,34,0.9418541814960487,1747,1748,204,Oregon State,fbs,Pac-12,18,0.058145818503951285,1360,1359,4.511954859,,NA,NA
401643770,2024,14,regular,2024-11-29T20:30:00.000Z,FALSE,TRUE,FALSE,TRUE,24772,5388,Canvas Stadium,36,Colorado State,fbs,Mountain West,42,0.23687846901861767,1366,1371,328,Utah State,fbs,Mountain West,37,0.7631215309813824,1367,1362,8.1634958871,,NA,NA
401628442,2024,14,regular,2024-11-29T20:30:00.000Z,FALSE,TRUE,FALSE,TRUE,67896,3974,Vaught-Hemingway Stadium,145,Ole Miss,fbs,SEC,26,0.9791243711500325,1977,1956,344,Mississippi State,fbs,SEC,14,0.02087562884996752,1348,1369,6.7842309695,,NA,NA
401640997,2024,14,regular,2024-11-29T20:30:00.000Z,FALSE,TRUE,FALSE,TRUE,8651,3647,Elliott T. Bowers Stadium,2534,Sam Houston,fbs,Conference USA,20,0.8588682212916633,1412,1415,2335,Liberty,fbs,Conference USA,18,0.1411317787083367,1576,1573,5.6355656693,,NA,NA
401643843,2024,14,regular,2024-11-29T20:30:00.000Z,FALSE,TRUE,FALSE,TRUE,15569,6526,Hancock Whitney Stadium,6,South Alabama,fbs,Sun Belt,38,0.21619645942292331,1608,1597,326,Texas State,fbs,Sun Belt,45,0.7838035405770767,1635,1646,6.3088466293,,NA,NA
401635625,2024,14,regular,2024-11-29T21:00:00.000Z,FALSE,TRUE,FALSE,FALSE,19117,3935,CEFCU Stadium,23,San José State,fbs,Mountain West,34,0.2736914275899505,1481,1478,24,Stanford,fbs,ACC,31,0.7263085724100495,1172,1175,7.035871014,,NA,NA
401628439,2024,14,regular,2024-11-30T00:30:00.000Z,FALSE,TRUE,FALSE,FALSE,93033,3917,Sanford Stadium,61,Georgia,fbs,SEC,44,0.2112126985931276,2023,2017,59,Georgia Tech,fbs,ACC,42,0.7887873014068724,1575,1581,5.6413344753,,NA,NA
401628562,2024,14,regular,2024-11-30T00:30:00.000Z,FALSE,TRUE,FALSE,TRUE,69250,3793,Kinnick Stadium,2294,Iowa,fbs,Big Ten,13,0.060828858245351496,1786,1784,158,Nebraska,fbs,Big Ten,10,0.9391711417546486,1524,1526,6.8061849771,,NA,NA
401636939,2024,14,regular,2024-11-30T01:00:00.000Z,FALSE,TRUE,FALSE,TRUE,40747,3652,FBC Mortgage Stadium,2116,UCF,fbs,Big 12,14,0.12002435906985308,1596,1557,254,Utah,fbs,Big 12,28,0.8799756409301469,1524,1563,5.3843456843,,NA,NA
401628440,2024,14,regular,2024-11-30T17:00:00.000Z,FALSE,TRUE,FALSE,FALSE,58612,3683,Kroger Field,96,Kentucky,fbs,SEC,14,0.04744836669828061,1545,1498,97,Louisville,fbs,ACC,41,0.9525516333017194,1767,1814,2.8261398088,,NA,NA
401645378,2024,14,regular,2024-11-30T17:00:00.000Z,FALSE,TRUE,FALSE,TRUE,22120,3841,Michie Stadium,349,Army,fbs,American Athletic,29,0.9204104546089289,1611,1611,2636,UTSA,fbs,American Athletic,24,0.0795895453910711,1479,1479,7.9327251907,,NA,NA
401636945,2024,14,regular,2024-11-30T17:00:00.000Z,FALSE,TRUE,FALSE,TRUE,52785,3784,Jones AT&T Stadium,2641,Texas Tech,fbs,Big 12,52,0.9985769484963855,1540,1647,277,West Virginia,fbs,Big 12,15,0.0014230515036145475,1553,1446,2.9471723932,,NA,NA
401628444,2024,14,regular,2024-11-30T17:00:00.000Z,FALSE,TRUE,FALSE,FALSE,81500,3836,"Memorial Stadium (Clemson, SC)",228,Clemson,fbs,ACC,14,0.1823213457225503,1815,1811,2579,South Carolina,fbs,SEC,17,0.8176786542774497,1828,1832,7.3032535022,,NA,NA
401628446,2024,14,regular,2024-11-30T17:00:00.000Z,FALSE,TRUE,FALSE,TRUE,28934,3973,FirstBank Stadium,238,Vanderbilt,fbs,SEC,23,7.556686111774126e-4,1453,1469,2633,Tennessee,fbs,SEC,36,0.9992443313888226,1979,1963,3.8925994934,,NA,NA
401628563,2024,14,regular,2024-11-30T17:00:00.000Z,FALSE,TRUE,TRUE,TRUE,26378,4250,Wrigley Field,77,Northwestern,fbs,Big Ten,28,0.02321332900381131,1396,1397,356,Illinois,fbs,Big Ten,38,0.9767866709961887,1597,1596,4.3141013947,,NA,NA
401645381,2024,14,regular,2024-11-30T17:00:00.000Z,FALSE,TRUE,FALSE,TRUE,NA,3806,Lincoln Financial Field,218,Temple,fbs,American Athletic,17,0.007678029612514481,1026,1038,249,North Texas,fbs,American Athletic,24,0.9923219703874855,1373,1361,6.3887081142,,NA,NA
401635622,2024,14,regular,2024-11-30T17:00:00.000Z,FALSE,TRUE,FALSE,TRUE,24776,3630,Allegacy Federal Credit Union Stadium,154,Wake Forest,fbs,ACC,17,0.6958491086454279,1338,1346,150,Duke,fbs,ACC,23,0.3041508913545721,1599,1591,8.1532737621,,NA,NA
401636941,2024,14,regular,2024-11-30T17:00:00.000Z,FALSE,TRUE,FALSE,TRUE,36585,4727,McLane Stadium,239,Baylor,fbs,Big 12,45,0.9768985872440337,1588,1677,2305,Kansas,fbs,Big 12,17,0.023101412755966333,1714,1625,3.8086096618,,NA,NA
401643848,2024,14,regular,2024-11-30T17:00:00.000Z,FALSE,TRUE,FALSE,TRUE,15006,3817,Malone Stadium,2433,UL Monroe,fbs,Sun Belt,23,0.07179862294126547,1160,1172,309,Louisiana,fbs,Sun Belt,37,0.9282013770587345,1652,1640,5.6767894603,,NA,NA
401628566,2024,14,regular,2024-11-30T17:00:00.000Z,FALSE,TRUE,FALSE,TRUE,106005,3861,Ohio Stadium,194,Ohio State,fbs,Big Ten,10,0.5312440212481095,2120,2099,130,Michigan,fbs,Big Ten,13,0.46875597875189046,1867,1888,5.8773789703,,NA,NA
401629038,2024,14,regular,2024-11-30T17:00:00.000Z,FALSE,TRUE,FALSE,TRUE,10365,3985,Warren McGuirk Alumni Stadium,113,Massachusetts,fbs,FBS Independents,42,0.7042563147039983,1023,1040,41,UConn,fbs,FBS Independents,47,0.2957436852960017,1414,1397,6.5079667639,,NA,NA
401644780,2024,14,regular,2024-11-30T18:30:00.000Z,FALSE,TRUE,FALSE,TRUE,NA,3980,Waldo Stadium,2711,Western Michigan,fbs,Mid-American,26,0.9105388555960335,1246,1254,2199,Eastern Michigan,fbs,Mid-American,18,0.08946114440396646,1183,1175,6.2258019605,,NA,NA
401643849,2024,14,regular,2024-11-30T19:00:00.000Z,FALSE,TRUE,FALSE,TRUE,19521,3975,Veterans Memorial Stadium (AL),2653,Troy,fbs,Sun Belt,52,0.9984693597815943,1432,1464,2572,Southern Miss,fbs,Sun Belt,20,0.0015306402184056545,961,929,5.5417416996,,NA,NA
401643845,2024,14,regular,2024-11-30T19:00:00.000Z,FALSE,TRUE,FALSE,TRUE,12606,4246,Center Parc Stadium,2247,Georgia State,fbs,Sun Belt,27,0.0011097833109109014,1296,1247,324,Coastal Carolina,fbs,Sun Belt,48,0.9988902166890891,1335,1384,4.1119588589,,NA,NA
401640988,2024,14,regular,2024-11-30T19:00:00.000Z,FALSE,TRUE,TRUE,TRUE,8962,2031,Pitbull Stadium,2229,Florida International,fbs,Conference USA,35,0.9719740921508259,1297,1308,2393,Middle Tennessee,fbs,Conference USA,24,0.028025907849174136,1104,1093,5.1268858168,,NA,NA
401645382,2024,14,regular,2024-11-30T19:00:00.000Z,FALSE,TRUE,FALSE,TRUE,16430,3895,Rice Stadium,242,Rice,fbs,American Athletic,35,0.6985070029587165,1215,1239,58,South Florida,fbs,American Athletic,28,0.3014929970412835,1457,1433,5.1192951089,,NA,NA
401643847,2024,14,regular,2024-11-30T20:00:00.000Z,FALSE,TRUE,FALSE,TRUE,13584,3625,Centennial Bank Stadium,2032,Arkansas State,fbs,Sun Belt,32,0.004222369704036244,1241,1243,295,Old Dominion,fbs,Sun Belt,40,0.9957776302959638,1473,1471,4.1250573731,,NA,NA
401635620,2024,14,regular,2024-11-30T20:00:00.000Z,FALSE,TRUE,FALSE,TRUE,29704,3615,"Alumni Stadium (Chestnut Hill, MA)",103,Boston College,fbs,ACC,34,0.9320899715386084,1506,1524,221,Pittsburgh,fbs,ACC,23,0.0679100284613916,1479,1461,6.4826142012,,NA,NA
401636940,2024,14,regular,2024-11-30T20:30:00.000Z,FALSE,TRUE,FALSE,TRUE,49813,3619,Arizona Stadium,12,Arizona,fbs,Big 12,7,3.264983132494968e-4,1404,1307,9,Arizona State,fbs,Big 12,49,0.9996735016867505,1615,1712,1.4601853389,,NA,NA
401628567,2024,14,regular,2024-11-30T20:30:00.000Z,FALSE,TRUE,FALSE,TRUE,50038,3936,Spartan Stadium,127,Michigan State,fbs,Big Ten,14,0.04693542637151268,1364,1303,164,Rutgers,fbs,Big Ten,41,0.9530645736284873,1468,1529,2.4519777937,,NA,NA
401628570,2024,14,regular,2024-11-30T20:30:00.000Z,FALSE,TRUE,FALSE,FALSE,35018,1056,Rose Bowl,26,UCLA,fbs,Big Ten,20,0.8719021228065362,1476,1488,278,Fresno State,fbs,Mountain West,13,0.12809787719346377,1511,1499,8.346909493,,NA,NA
401628571,2024,14,regular,2024-11-30T20:30:00.000Z,FALSE,TRUE,FALSE,FALSE,73241,477,Los Angeles Memorial Coliseum,30,USC,fbs,Big Ten,35,0.002167694477008406,1751,1756,87,Notre Dame,fbs,FBS Independents,49,0.9978323055229916,2165,2160,6.406879225,,NA,NA
401635621,2024,14,regular,2024-11-30T20:30:00.000Z,FALSE,TRUE,FALSE,TRUE,33178,3735,Gerald J. Ford Stadium,2567,SMU,fbs,ACC,38,0.99779013392185,1830,1890,25,California,fbs,ACC,6,0.0022098660781499913,1606,1546,3.0794154021,,NA,NA
401628437,2024,14,regular,2024-11-30T20:30:00.000Z,FALSE,TRUE,FALSE,TRUE,100077,3657,Bryant-Denny Stadium,333,Alabama,fbs,SEC,28,0.9855541427962963,2011,2007,2,Auburn,fbs,SEC,14,0.014445857203703727,1607,1611,4.2747989352,,NA,NA
401645377,2024,14,regular,2024-11-30T20:30:00.000Z,FALSE,TRUE,FALSE,TRUE,8091,4418,Jerry Richardson Stadium,2429,Charlotte,fbs,American Athletic,29,0.21553316826469893,1129,1131,5,UAB,fbs,American Athletic,27,0.7844668317353011,1231,1229,8.5144862831,,NA,NA
401635624,2024,14,regular,2024-11-30T20:30:00.000Z,FALSE,TRUE,FALSE,TRUE,50500,3787,Kenan Stadium,153,North Carolina,fbs,ACC,30,0.06387239155893788,1543,1531,152,NC State,fbs,ACC,35,0.9361276084410621,1501,1513,7.7781583966,,NA,NA
401644779,2024,14,regular,2024-11-30T20:30:00.000Z,FALSE,TRUE,FALSE,TRUE,5843,3764,Huskie Stadium,2459,Northern Illinois,fbs,Mid-American,24,0.8113495378916382,1450,1441,2117,Central Michigan,fbs,Mid-American,16,0.18865046210836178,1094,1103,5.7512354549,,NA,NA
401645380,2024,14,regular,2024-11-30T20:30:00.000Z,FALSE,TRUE,FALSE,TRUE,15243,3674,Chapman Stadium,202,Tulsa,fbs,American Athletic,16,3.588341836969184e-4,934,812,2226,Florida Atlantic,fbs,American Athletic,63,0.9996411658163031,1095,1217,2.2469855782,,NA,NA
401628565,2024,14,regular,2024-11-30T20:30:00.000Z,FALSE,TRUE,FALSE,TRUE,104044,3632,Beaver Stadium,213,Penn State,fbs,Big Ten,44,0.9979505941918048,1971,2011,120,Maryland,fbs,Big Ten,7,0.002049405808195237,1447,1407,3.4070132564,,NA,NA
401628443,2024,14,regular,2024-11-30T20:30:00.000Z,FALSE,TRUE,FALSE,TRUE,62621,3838,Memorial Stadium,142,Missouri,fbs,SEC,28,0.7171060630184782,1698,1701,8,Arkansas,fbs,SEC,21,0.28289393698152177,1574,1571,8.103636049,,NA,NA
401635623,2024,14,regular,2024-11-30T20:30:00.000Z,FALSE,TRUE,FALSE,TRUE,40486,1964,JMA Wireless Dome,183,Syracuse,fbs,ACC,42,0.42545169040070274,1434,1452,2390,Miami,fbs,ACC,38,0.5745483095992973,1877,1859,7.7483994146,,NA,NA
401641031,2024,14,regular,2024-11-30T21:00:00.000Z,FALSE,TRUE,FALSE,TRUE,15358,3601,Aggie Memorial Stadium,166,New Mexico State,fbs,Conference USA,35,0.2301922011985636,1137,1120,2638,UTEP,fbs,Conference USA,42,0.7698077988014365,1094,1111,6.1515474424,,NA,NA
401641014,2024,14,regular,2024-11-30T21:00:00.000Z,FALSE,TRUE,FALSE,TRUE,14686,3776,Joe Aillet Stadium,2348,Louisiana Tech,fbs,Conference USA,33,0.9986963903527133,1294,1377,338,Kennesaw State,fbs,Conference USA,0,0.0013036096472867076,1233,1150,3.2926980818,,NA,NA
401641006,2024,14,regular,2024-11-30T21:00:00.000Z,FALSE,TRUE,FALSE,TRUE,6547,3796,Houchens Industries-L.T. Smith Stadium,98,Western Kentucky,fbs,Conference USA,19,0.19183090268586367,1451,1454,55,Jacksonville State,fbs,Conference USA,17,0.8081690973141363,1641,1638,9.0447421074,,NA,NA
401643844,2024,14,regular,2024-11-30T23:00:00.000Z,FALSE,TRUE,FALSE,TRUE,23383,3608,Allen E. Paulson Stadium,290,Georgia Southern,fbs,Sun Belt,29,0.7951370003122996,1437,1449,2026,App State,fbs,Sun Belt,20,0.2048629996877004,1405,1393,7.3852553367,,NA,NA
401636943,2024,14,regular,2024-11-30T23:00:00.000Z,FALSE,TRUE,FALSE,TRUE,30021,3854,Nippert Stadium,2132,Cincinnati,fbs,Big 12,13,0.3942468214453031,1465,1463,2628,TCU,fbs,Big 12,20,0.6057531785546969,1614,1616,3.9373857194,,NA,NA
401643773,2024,14,regular,2024-11-30T23:30:00.000Z,FALSE,TRUE,FALSE,FALSE,17088,3820,Gesa Field,265,Washington State,fbs,Pac-12,14,0.9130285102065202,1596,1578,2751,Wyoming,fbs,Mountain West,15,0.0869714897934798,1283,1301,6.7087693058,,NA,NA
401628441,2024,14,regular,2024-12-01T00:00:00.000Z,FALSE,TRUE,FALSE,TRUE,99364,3958,Tiger Stadium (LA),99,LSU,fbs,SEC,37,0.9624359723437104,1757,1806,201,Oklahoma,fbs,SEC,17,0.037564027656289634,1780,1731,5.4091587247,,NA,NA
401628438,2024,14,regular,2024-12-01T00:00:00.000Z,FALSE,TRUE,FALSE,FALSE,55107,3697,Doak Campbell Stadium,52,Florida State,fbs,ACC,11,0.029456870835404783,1383,1363,57,Florida,fbs,SEC,31,0.9705431291645952,1667,1687,3.7815068548,,NA,NA
401628564,2024,14,regular,2024-12-01T00:00:00.000Z,FALSE,TRUE,FALSE,TRUE,53082,3830,"Memorial Stadium (Bloomington, IN)",84,Indiana,fbs,Big Ten,66,0.9989508103754811,1842,1954,2509,Purdue,fbs,Big Ten,0,0.0010491896245189425,1173,1061,3.5743261982,,NA,NA
401628445,2024,14,regular,2024-12-01T00:30:00.000Z,FALSE,TRUE,FALSE,TRUE,109028,3795,Kyle Field,245,Texas A&M,fbs,SEC,7,0.05825409787499234,1767,1771,251,Texas,fbs,SEC,17,0.9417459021250076,2063,2059,3.2865833859,,NA,NA
401636944,2024,14,regular,2024-12-01T00:30:00.000Z,FALSE,TRUE,FALSE,TRUE,56228,3772,Jack Trice Stadium,66,Iowa State,fbs,Big 12,29,0.046366059193549615,1737,1751,2306,Kansas State,fbs,Big 12,21,0.9536339408064504,1772,1758,8.79215449,,NA,NA
401628569,2024,14,regular,2024-12-01T00:30:00.000Z,FALSE,TRUE,FALSE,TRUE,59603,3626,Autzen Stadium,2483,Oregon,fbs,Big Ten,49,0.9986945484596655,2029,2060,264,Washington,fbs,Big Ten,21,0.0013054515403344569,1654,1623,3.4620579277,,NA,NA
401643772,2024,14,regular,2024-12-01T01:00:00.000Z,FALSE,TRUE,FALSE,TRUE,40122,6501,Allegiant Stadium,2439,UNLV,fbs,Mountain West,38,0.9972477283362406,1673,1685,2440,Nevada,fbs,Mountain West,14,0.0027522716637593536,1204,1192,4.0523778842,,NA,NA
401643846,2024,14,regular,2024-12-01T01:00:00.000Z,FALSE,TRUE,FALSE,TRUE,23341,3651,Bridgeforth Stadium,256,James Madison,fbs,Sun Belt,33,0.9707049378406948,1707,1692,276,Marshall,fbs,Sun Belt,35,0.02929506215930522,1502,1517,5.7902123187,,NA,NA
401635640,2024,14,regular,2024-12-01T01:00:00.000Z,FALSE,TRUE,FALSE,TRUE,65632,3799,Lane Stadium,259,Virginia Tech,fbs,ACC,37,0.9966864315234232,1656,1675,258,Virginia,fbs,ACC,17,0.0033135684765768225,1375,1356,3.7440119529,,NA,NA
401636942,2024,14,regular,2024-12-01T03:15:00.000Z,FALSE,TRUE,FALSE,TRUE,59213,3801,LaVell Edwards Stadium,252,BYU,fbs,Big 12,30,0.885255685922113,1660,1656,248,Houston,fbs,Big 12,18,0.11474431407788699,1309,1313,6.2953126879,,NA,NA
401643768,2024,14,regular,2024-12-01T03:30:00.000Z,FALSE,TRUE,FALSE,TRUE,18045,7311,Snapdragon Stadium,21,San Diego State,fbs,Mountain West,20,3.9645170331632367e-4,1237,1228,2005,Air Force,fbs,Mountain West,31,0.9996035482966836,1398,1407,3.7986871713,,NA,NA
401643771,2024,14,regular,2024-12-01T04:00:00.000Z,FALSE,TRUE,FALSE,TRUE,12046,7220,Clarence T.C. Ching Athletics Complex,62,Hawai'i,fbs,Mountain West,38,0.37522559818728757,1114,1136,167,New Mexico,fbs,Mountain West,30,0.6247744018127124,1269,1247,6.2034023619,,NA,NA
401673466,2024,15,regular,2024-12-07T00:00:00.000Z,FALSE,TRUE,FALSE,TRUE,15628,3662,AmFirst Stadium,55,Jacksonville State,fbs,Conference USA,52,0.9988904852113052,1638,1729,98,Western Kentucky,fbs,Conference USA,12,0.0011095147886948098,1454,1363,4.2917622329,,Conference USA Championship,NA
401673468,2024,15,regular,2024-12-07T01:00:00.000Z,FALSE,TRUE,FALSE,TRUE,36663,3653,Albertsons Stadium,68,Boise State,fbs,Mountain West,21,0.9841156820163207,1748,1771,2439,UNLV,fbs,Mountain West,7,0.015884317983679286,1685,1662,5.2087786463,,Mountain West Championship,NA
401673462,2024,15,regular,2024-12-07T01:00:00.000Z,FALSE,TRUE,FALSE,TRUE,14016,3841,Michie Stadium,349,Army,fbs,American Athletic,35,0.9987863316744908,1611,1686,2655,Tulane,fbs,American Athletic,14,0.0012136683255091762,1829,1754,2.782052003,,American Athletic Championship,NA
401673465,2024,15,regular,2024-12-07T17:00:00.000Z,FALSE,TRUE,TRUE,TRUE,55889,3687,AT&T Stadium,9,Arizona State,fbs,Big 12,45,0.9982412367788673,1712,1792,66,Iowa State,fbs,Big 12,19,0.0017587632211326643,1751,1671,3.6565589863,,Dr Pepper Big 12 Championship,NA
401673467,2024,15,regular,2024-12-07T17:00:00.000Z,FALSE,TRUE,TRUE,TRUE,15478,3727,Ford Field,193,Miami (OH),fbs,Mid-American,3,9.088165316644812e-4,1590,1496,195,Ohio,fbs,Mid-American,38,0.9990911834683355,1585,1679,2.1715313375,,MAC Championship,NA
401673469,2024,15,regular,2024-12-07T21:00:00.000Z,FALSE,TRUE,TRUE,TRUE,74916,5348,Mercedes-Benz Stadium,251,Texas,fbs,SEC,19,0.19901744021264575,2059,2057,61,Georgia,fbs,SEC,22,0.8009825597873542,2017,2019,9.0988909313,,SEC Championship,NA
401673470,2024,15,regular,2024-12-08T00:30:00.000Z,FALSE,TRUE,FALSE,TRUE,20067,3666,Cajun Field,309,Louisiana,fbs,Sun Belt,3,0.0028983592708610043,1640,1546,276,Marshall,fbs,Sun Belt,31,0.997101640729139,1517,1611,2.851599545,,Sun Belt Championship,NA
401673464,2024,15,regular,2024-12-08T01:00:00.000Z,FALSE,TRUE,TRUE,TRUE,67469,3812,Lucas Oil Stadium,2483,Oregon,fbs,Big Ten,45,0.5853470565045124,2060,2075,213,Penn State,fbs,Big Ten,37,0.41465294349548765,2011,1996,6.1133501347,,Big Ten Championship,NA
401673463,2024,15,regular,2024-12-08T01:00:00.000Z,FALSE,TRUE,TRUE,TRUE,53808,3628,Bank of America Stadium,2567,SMU,fbs,ACC,31,0.5723337698666536,1890,1886,228,Clemson,fbs,ACC,34,0.42766623013334637,1811,1815,6.6590010605,,ACC Championship,NA
401645383,2024,16,regular,2024-12-14T20:00:00.000Z,FALSE,TRUE,TRUE,TRUE,60726,3719,Northwest Stadium,349,Army,fbs,American Athletic,13,0.027815874756800134,1686,1630,2426,Navy,fbs,American Athletic,31,0.9721841252431999,1503,1559,3.2772498733,,NA,NA
401756846,2025,1,regular,2025-08-23T16:00:00.000Z,FALSE,TRUE,TRUE,TRUE,47221,3504,Aviva Stadium,2306,Kansas State,fbs,Big 12,21,0.20154441893100739,1669,1666,66,Iowa State,fbs,Big 12,24,0.7984555810689926,1616,1619,6.029094160739601,,Aer Lingus College Football Classic,NA
401760371,2025,1,regular,2025-08-23T20:00:00.000Z,FALSE,TRUE,FALSE,FALSE,25723,6501,Allegiant Stadium,2439,UNLV,fbs,Mountain West,38,0.9787868857383728,NA,NA,304,Idaho State,fcs,Big Sky,31,0.021213114261627197,NA,NA,9.598561710191433,,NA,NA
401756847,2025,1,regular,2025-08-23T22:30:00.000Z,FALSE,TRUE,FALSE,FALSE,41525,3833,Memorial Stadium,2305,Kansas,fbs,Big 12,31,1,1583,1632,278,Fresno State,fbs,Mountain West,7,0,1490,1441,3.7830408481663227,,NA,NA
401757218,2025,1,regular,2025-08-23T23:00:00.000Z,FALSE,TRUE,FALSE,TRUE,15312,3796,Houchens Industries-L.T. Smith Stadium,98,Western Kentucky,fbs,Conference USA,41,0.8728970289230347,1409,1450,2534,Sam Houston,fbs,Conference USA,24,0.12710297107696533,1452,1411,6.04146368507938,,NA,NA
401754516,2025,1,regular,2025-08-23T23:30:00.000Z,FALSE,TRUE,FALSE,FALSE,15194,7220,Clarence T.C. Ching Athletics Complex,62,Hawai'i,fbs,Mountain West,23,0.41016319394111633,1257,1258,24,Stanford,fbs,ACC,20,0.5898368060588837,1283,1282,7.307567862447438,,NA,NA
401762522,2025,1,regular,2025-08-28T21:30:00.000Z,FALSE,TRUE,FALSE,FALSE,34707,3886,Raymond James Stadium,58,South Florida,fbs,American Athletic,34,0.9718407988548279,1456,1554,68,Boise State,fbs,Mountain West,7,0.02815920114517212,1676,1578,5.137221554324761,,NA,NA
401752794,2025,1,regular,2025-08-28T22:00:00.000Z,FALSE,TRUE,FALSE,FALSE,46907,6577,SHI Stadium,164,Rutgers,fbs,Big Ten,34,0.9000661373138428,1522,1524,195,Ohio,fbs,Mid-American,31,0.09993386268615723,1621,1619,6.943864856309906,,NA,NA
401762790,2025,1,regular,2025-08-28T22:00:00.000Z,FALSE,TRUE,FALSE,FALSE,19328,3700,Doyt L. Perry Stadium,189,Bowling Green,fbs,Mid-American,26,1,1461,1461,322,Lafayette,fcs,Patriot,7,0,NA,NA,2.717791924914604,,NA,NA
401756848,2025,1,regular,2025-08-28T23:00:00.000Z,FALSE,TRUE,FALSE,FALSE,43043,3652,FBC Mortgage Stadium,2116,UCF,fbs,Big 12,17,0.9146236181259155,1538,1554,55,Jacksonville State,fbs,Conference USA,10,0.08537638187408447,1650,1634,7.405744591220826,,NA,NA
401762789,2025,1,regular,2025-08-28T23:00:00.000Z,FALSE,TRUE,FALSE,FALSE,9138,3768,InfoCision Stadium,2006,Akron,fbs,Mid-American,0,0.10256508737802505,1245,1235,2751,Wyoming,fbs,Mountain West,10,0.897434912621975,1367,1377,4.853832638856986,,NA,NA
401754373,2025,1,regular,2025-08-28T23:00:00.000Z,FALSE,TRUE,FALSE,FALSE,56919,3670,Carter-Finley Stadium,152,NC State,fbs,ACC,24,0.7480055689811707,1501,1507,151,East Carolina,fbs,American Athletic,17,0.25199443101882935,1435,1429,4.6509769467251365,,NA,NA
401757219,2025,1,regular,2025-08-28T23:00:00.000Z,FALSE,TRUE,FALSE,FALSE,17895,3695,Delaware Stadium,48,Delaware,fbs,Conference USA,35,0.948571503162384,1500,1500,2169,Delaware State,fcs,MEAC,17,0.05142849683761597,NA,NA,4.477316433427869,,NA,NA
401761588,2025,1,regular,2025-08-28T23:00:00.000Z,FALSE,TRUE,FALSE,FALSE,12459,3817,Malone Stadium,2433,UL Monroe,fbs,Sun Belt,29,0.9948040246963501,1281,1281,2598,St. Francis (PA),fcs,NEC,0,0.005195975303649902,NA,NA,3.5420324150475073,,NA,NA
401754517,2025,1,regular,2025-08-28T23:30:00.000Z,FALSE,TRUE,FALSE,FALSE,15677,3982,Wallace Wade Stadium,150,Duke,fbs,ACC,45,0.9597823023796082,1526,1526,2210,Elon,fcs,CAA,17,0.040217697620391846,NA,NA,5.767314867159874,,NA,NA
401756876,2025,1,regular,2025-08-28T23:30:00.000Z,FALSE,TRUE,FALSE,FALSE,44809,3646,Boone Pickens Stadium,197,Oklahoma State,fbs,Big 12,27,0.8100014328956604,1334,1334,2630,UT Martin,fcs,Big South-OVC,7,0.1899985671043396,NA,NA,3.472374103395647,,NA,NA
401752674,2025,1,regular,2025-08-28T23:30:00.000Z,FALSE,TRUE,FALSE,FALSE,57321,3838,Memorial Stadium,142,Missouri,fbs,SEC,61,0.9923890829086304,1640,1640,2110,Central Arkansas,fcs,UAC,6,0.007610917091369629,NA,NA,3.2619476923306743,,NA,NA
401756852,2025,1,regular,2025-08-29T00:00:00.000Z,FALSE,TRUE,FALSE,FALSE,28150,4728,TDECU Stadium,248,Houston,fbs,Big 12,27,1,1375,1375,2617,Stephen F. Austin,fcs,Southland,0,0,NA,NA,3.3544950535553952,,NA,NA
401752793,2025,1,regular,2025-08-29T00:00:00.000Z,FALSE,TRUE,FALSE,FALSE,47774,3953,Huntington Bank Stadium,135,Minnesota,fbs,Big Ten,23,0.9927180409431458,1616,1625,2084,Buffalo,fbs,Mid-American,10,0.007281959056854248,1416,1407,4.44321876439467,,NA,NA
401762430,2025,1,regular,2025-08-29T00:30:00.000Z,FALSE,TRUE,FALSE,FALSE,26294,7221,Protective Stadium,5,UAB,fbs,American Athletic,52,0.622718095779419,1319,1319,2011,Alabama State,fcs,SWAC,42,0.37728190422058105,NA,NA,7.242758388206213,,NA,NA
401762791,2025,1,regular,2025-08-29T01:00:00.000Z,FALSE,TRUE,FALSE,FALSE,65952,347,Camp Randall Stadium,275,Wisconsin,fbs,Big Ten,17,1,1536,1573,193,Miami (OH),fbs,Mid-American,0,0,1528,1491,3.94006770879842,,NA,NA
401752796,2025,1,regular,2025-08-29T01:00:00.000Z,FALSE,TRUE,TRUE,FALSE,72884,3622,GEHA Field at Arrowhead Stadium,2132,Cincinnati,fbs,Big 12,17,0.6352569460868835,1475,1477,158,Nebraska,fbs,Big Ten,20,0.36474305391311646,1524,1522,6.207148038057158,,NA,NA
401760357,2025,1,regular,2025-08-29T02:00:00.000Z,FALSE,TRUE,FALSE,FALSE,20624,7311,Snapdragon Stadium,21,San Diego State,fbs,Mountain West,42,0.9745745062828064,1318,1318,2619,Stony Brook,fcs,CAA,0,0.025425493717193604,NA,NA,3.150955628954011,,NA,NA
401762432,2025,1,regular,2025-08-29T22:00:00.000Z,FALSE,TRUE,FALSE,FALSE,23032,3841,Michie Stadium,349,Army,fbs,American Athletic,27,0.6962294578552246,1607,1607,2627,Tarleton State,fcs,UAC,30,0.3037705421447754,NA,NA,6.9127413278628165,,NA,NA
401766898,2025,1,regular,2025-08-29T23:00:00.000Z,FALSE,TRUE,FALSE,FALSE,18034,2031,Pitbull Stadium,2229,Florida International,fbs,Conference USA,42,0.952778697013855,1372,1372,2065,Bethune-Cookman,fcs,SWAC,9,0.04722130298614502,NA,NA,3.5516503900016345,,NA,NA
401752802,2025,1,regular,2025-08-29T23:00:00.000Z,FALSE,TRUE,FALSE,FALSE,71657,3936,Spartan Stadium,127,Michigan State,fbs,Big Ten,23,1,1368,1403,2711,Western Michigan,fbs,Mid-American,6,0,1345,1310,3.7661354973196874,,NA,NA
401761589,2025,1,regular,2025-08-29T23:00:00.000Z,FALSE,TRUE,TRUE,FALSE,35718,3628,Bank of America Stadium,2429,Charlotte,fbs,American Athletic,11,0.042695220559835434,1254,1221,2026,App State,fbs,Sun Belt,34,0.9573047794401646,1428,1461,3.6672300484451488,,Duke’s Mayo Classic,NA
401754374,2025,1,regular,2025-08-29T23:00:00.000Z,FALSE,TRUE,FALSE,FALSE,30789,3630,Allegacy Federal Credit Union Stadium,154,Wake Forest,fbs,ACC,10,0.7367027401924133,1397,1394,338,Kennesaw State,fbs,Conference USA,9,0.26329725980758667,1266,1269,6.22130557202866,,NA,NA
401752795,2025,1,regular,2025-08-29T23:30:00.000Z,FALSE,TRUE,FALSE,FALSE,56040,3832,"Memorial Stadium (Champaign, IL)",356,Illinois,fbs,Big Ten,52,0.9946691989898682,1578,1578,2710,Western Illinois,fcs,Big South-OVC,3,0.005330801010131836,NA,NA,2.8018660135329183,,NA,NA
401756854,2025,1,regular,2025-08-29T23:30:00.000Z,FALSE,TRUE,FALSE,FALSE,39129,3833,Memorial Stadium,2305,Kansas,fbs,Big 12,46,0.9886996150016785,1633,1633,2681,Wagner,fcs,NEC,7,0.011300384998321533,NA,NA,2.6144160037316513,,NA,NA
401752667,2025,1,regular,2025-08-30T00:00:00.000Z,FALSE,TRUE,FALSE,FALSE,45233,4727,McLane Stadium,239,Baylor,fbs,Big 12,24,0.3652919828891754,1604,1569,2,Auburn,fbs,SEC,38,0.6347080171108246,1574,1609,5.207606567811596,,NA,NA
401754375,2025,1,regular,2025-08-30T00:00:00.000Z,FALSE,TRUE,FALSE,FALSE,52868,3726,Folsom Field,38,Colorado,fbs,Big 12,20,0.19433777034282684,1634,1613,59,Georgia Tech,fbs,ACC,27,0.8056622296571732,1536,1557,5.409469095229784,,NA,NA
401757224,2025,1,regular,2025-08-30T01:30:00.000Z,FALSE,TRUE,TRUE,FALSE,5837,3631,BBVA Compass Stadium,2534,Sam Houston,fbs,Conference USA,21,0.03245411068201065,1411,1397,2439,UNLV,fbs,Mountain West,38,0.9675458893179893,1619,1633,3.6618211785683403,,NA,NA
401760358,2025,1,regular,2025-08-30T02:30:00.000Z,FALSE,TRUE,FALSE,FALSE,14877,3935,CEFCU Stadium,23,San José State,fbs,Mountain West,14,0.12722167372703552,1484,1467,2117,Central Michigan,fbs,Mid-American,16,0.8727783262729645,1235,1252,6.0997865114863705,,NA,NA
401754520,2025,1,regular,2025-08-30T16:00:00.000Z,FALSE,TRUE,FALSE,FALSE,53006,3752,Acrisure Stadium,221,Pittsburgh,fbs,ACC,61,0.9959656000137329,1470,1470,2184,Duquesne,fcs,NEC,9,0.00403439998626709,NA,NA,3.47575245890134,,NA,NA
401752673,2025,1,regular,2025-08-30T16:00:00.000Z,FALSE,TRUE,FALSE,FALSE,33485,3815,M. M. Roberts Stadium,2572,Southern Miss,fbs,Sun Belt,17,0.0314677357673645,1119,1107,344,Mississippi State,fbs,SEC,34,0.9685322642326355,1412,1424,4.441994027739813,,NA,NA
401752797,2025,1,regular,2025-08-30T16:00:00.000Z,FALSE,TRUE,FALSE,FALSE,35067,3665,SECU Stadium,120,Maryland,fbs,Big Ten,39,0.9894888997077942,1438,1509,2226,Florida Atlantic,fbs,American Athletic,7,0.01051110029220581,1311,1240,4.6495327038332155,,NA,NA
401762434,2025,1,regular,2025-08-30T16:00:00.000Z,FALSE,TRUE,FALSE,FALSE,30014,3852,Navy-Marine Corps Memorial Stadium,2426,Navy,fbs,American Athletic,52,0.996229350566864,1543,1543,2678,VMI,fcs,Southern,7,0.0037706494331359863,NA,NA,2.789700254532362,,NA,NA
401752803,2025,1,regular,2025-08-30T16:00:00.000Z,FALSE,TRUE,FALSE,FALSE,22103,4729,Yulman Stadium,2655,Tulane,fbs,American Athletic,23,0.9883838891983032,1616,1644,77,Northwestern,fbs,Big Ten,3,0.011616110801696777,1431,1403,3.4735579019831504,,NA,NA
401762792,2025,1,regular,2025-08-30T16:00:00.000Z,FALSE,TRUE,FALSE,FALSE,8647,3696,Dix Stadium,2309,Kent State,fbs,Mid-American,21,0.7979961633682251,1006,1006,2771,Merrimack,fcs,FCS Independents,17,0.2020038366317749,NA,NA,5.481133614709961,,NA,NA
401752676,2025,1,regular,2025-08-30T16:00:00.000Z,FALSE,TRUE,TRUE,FALSE,45918,5348,Mercedes-Benz Stadium,2633,Tennessee,fbs,SEC,45,0.9442566633224487,1776,1799,183,Syracuse,fbs,ACC,26,0.05574333667755127,1499,1476,4.3399094147520065,,Aflac Kickoff,NA
401752801,2025,1,regular,2025-08-30T16:00:00.000Z,FALSE,TRUE,FALSE,FALSE,53994,3907,Ross-Ade Stadium,2509,Purdue,fbs,Big Ten,31,0.988307774066925,1207,1293,2050,Ball State,fbs,Mid-American,0,0.011692225933074951,1224,1138,2.588454535328131,,NA,NA
401752677,2025,1,regular,2025-08-30T16:00:00.000Z,FALSE,TRUE,FALSE,FALSE,107524,3861,Ohio Stadium,194,Ohio State,fbs,Big Ten,14,0.750937283039093,1974,1977,251,Texas,fbs,SEC,7,0.24906271696090698,1861,1858,3.8398377534422923,,NA,NA
401752670,2025,1,regular,2025-08-30T16:45:00.000Z,FALSE,TRUE,FALSE,FALSE,56457,3683,Kroger Field,96,Kentucky,fbs,SEC,24,1,1498,1507,2649,Toledo,fbs,Mid-American,16,0,1454,1445,4.645077771761659,,NA,NA
401756878,2025,1,regular,2025-08-30T18:00:00.000Z,FALSE,TRUE,FALSE,FALSE,57093,3842,Milan Puskar Stadium,277,West Virginia,fbs,Big 12,45,0.9934393763542175,1470,1470,2523,Robert Morris,fcs,NEC,3,0.006560623645782471,NA,NA,3.57973720985092,,NA,NA
401754518,2025,1,regular,2025-08-30T18:00:00.000Z,FALSE,TRUE,FALSE,FALSE,41221,3615,"Alumni Stadium (Chestnut Hill, MA)",103,Boston College,fbs,ACC,66,0.9878271818161011,1508,1508,2230,Fordham,fcs,Patriot,10,0.012172818183898926,NA,NA,2.976087307715974,,NA,NA
401757167,2025,1,regular,2025-08-30T18:00:00.000Z,FALSE,TRUE,FALSE,FALSE,37594,3892,Pratt & Whitney Stadium,41,UConn,fbs,FBS Independents,59,0.9877551794052124,1454,1454,2115,Central Connecticut,fcs,NEC,13,0.012244820594787598,NA,NA,3.95550409152391,,NA,NA
401752806,2025,1,regular,2025-08-30T18:30:00.000Z,FALSE,TRUE,FALSE,FALSE,47109,3830,"Memorial Stadium (Bloomington, IN)",84,Indiana,fbs,Big Ten,27,0.5844941139221191,1800,1800,295,Old Dominion,fbs,Sun Belt,14,0.41550588607788086,1480,1480,3.9242669449124707,,NA,NA
401754519,2025,1,regular,2025-08-30T19:00:00.000Z,FALSE,TRUE,FALSE,FALSE,50536,3873,L&N Federal Credit Union Stadium,97,Louisville,fbs,ACC,51,0.9598361849784851,1706,1706,2198,Eastern Kentucky,fcs,UAC,17,0.04016381502151489,NA,NA,3.0636716021323727,,NA,NA
401752807,2025,1,regular,2025-08-30T19:30:00.000Z,FALSE,TRUE,FALSE,FALSE,106915,3632,Beaver Stadium,213,Penn State,fbs,Big Ten,46,0.9887898564338684,2063,2073,2440,Nevada,fbs,Mountain West,11,0.011210143566131592,1294,1284,3.706021586002457,,NA,NA
401762456,2025,1,regular,2025-08-30T19:30:00.000Z,FALSE,TRUE,FALSE,FALSE,11565,3985,Warren McGuirk Alumni Stadium,113,Massachusetts,fbs,Mid-American,10,0.015759259462356567,1193,1101,218,Temple,fbs,American Athletic,42,0.9842407405376434,1192,1284,3.8483313691960914,,NA,NA
401762793,2025,1,regular,2025-08-30T19:30:00.000Z,FALSE,TRUE,FALSE,FALSE,10569,3764,Huskie Stadium,2459,Northern Illinois,fbs,Mid-American,19,0.8463576436042786,1470,1470,107,Holy Cross,fcs,Patriot,17,0.15364235639572144,NA,NA,6.2914887592355555,,NA,NA
401752665,2025,1,regular,2025-08-30T19:30:00.000Z,FALSE,TRUE,FALSE,FALSE,67277,3697,Doak Campbell Stadium,52,Florida State,fbs,ACC,31,0.9667693972587585,1408,1477,333,Alabama,fbs,SEC,17,0.033230602741241455,1824,1755,4.8906927608722865,,NA,NA
401752669,2025,1,regular,2025-08-30T19:30:00.000Z,FALSE,TRUE,FALSE,FALSE,93033,3917,Sanford Stadium,61,Georgia,fbs,SEC,45,0.9931291341781616,1998,2053,276,Marshall,fbs,Sun Belt,7,0.006870865821838379,1574,1519,2.831958872682932,,NA,NA
401760359,2025,1,regular,2025-08-30T19:30:00.000Z,FALSE,TRUE,FALSE,FALSE,30207,3713,Falcon Stadium,2005,Air Force,fbs,Mountain West,49,0.9948325753211975,1438,1438,2083,Bucknell,fcs,Patriot,13,0.00516742467880249,NA,NA,3.441692868709148,,NA,NA
401756853,2025,1,regular,2025-08-30T19:30:00.000Z,FALSE,TRUE,FALSE,FALSE,61500,3772,Jack Trice Stadium,66,Iowa State,fbs,Big 12,55,0.9931229948997498,1621,1621,233,South Dakota,fcs,MVFC,7,0.006877005100250244,NA,NA,3.3546079527757073,,NA,NA
401752804,2025,1,regular,2025-08-30T20:00:00.000Z,FALSE,TRUE,FALSE,FALSE,57257,3626,Autzen Stadium,2483,Oregon,fbs,Big Ten,59,0.9936597943305969,1860,1860,147,Montana State,fcs,Big Sky,13,0.006340205669403076,NA,NA,2.8004427689666893,,NA,NA
401757220,2025,1,regular,2025-08-30T20:00:00.000Z,FALSE,TRUE,FALSE,FALSE,20337,3992,Williams Stadium (VA),2335,Liberty,fbs,Conference USA,28,0.9477583765983582,1502,1502,311,Maine,fcs,CAA,7,0.052241623401641846,NA,NA,5.501209893183468,,NA,NA
401752666,2025,1,regular,2025-08-30T20:15:00.000Z,FALSE,TRUE,FALSE,FALSE,70827,3887,Razorback Stadium,8,Arkansas,fbs,SEC,52,0.954650342464447,1574,1574,2010,Alabama A&M,fcs,SWAC,7,0.04534965753555298,NA,NA,3.687395892523427,,NA,NA
401762433,2025,1,regular,2025-08-30T20:30:00.000Z,FALSE,TRUE,FALSE,FALSE,25011,3805,Simmons Bank Liberty Stadium,235,Memphis,fbs,American Athletic,45,0.9934501051902771,1604,1604,236,Chattanooga,fcs,Southern,10,0.0065498948097229,NA,NA,2.82049571942945,,NA,NA
401761590,2025,1,regular,2025-08-30T22:00:00.000Z,FALSE,TRUE,FALSE,FALSE,24965,3651,Bridgeforth Stadium,256,James Madison,fbs,Sun Belt,45,0.9937936067581177,1627,1627,2692,Weber State,fcs,Big Sky,10,0.006206393241882324,NA,NA,2.7608139230966167,,NA,NA
401754616,2025,1,regular,2025-08-30T22:00:00.000Z,FALSE,TRUE,FALSE,FALSE,46143,3923,Scott Stadium,258,Virginia,fbs,ACC,48,0.9922709465026855,1404,1521,324,Coastal Carolina,fbs,Sun Belt,7,0.007729053497314453,1379,1262,3.3129902798197115,,NA,NA
401752675,2025,1,regular,2025-08-30T22:00:00.000Z,FALSE,TRUE,FALSE,FALSE,83218,3835,"Memorial Stadium (Norman, OK)",201,Oklahoma,fbs,SEC,35,0.9924291968345642,1650,1650,2287,Illinois State,fcs,MVFC,3,0.007570803165435791,NA,NA,2.9983928062016716,,NA,NA
401752799,2025,1,regular,2025-08-30T22:00:00.000Z,FALSE,TRUE,FALSE,FALSE,69250,3793,Kinnick Stadium,2294,Iowa,fbs,Big Ten,34,0.9937663078308105,1682,1682,399,UAlbany,fcs,CAA,7,0.006233692169189453,NA,NA,3.706247041004862,,NA,NA
401761595,2025,1,regular,2025-08-30T23:00:00.000Z,FALSE,TRUE,FALSE,FALSE,25546,3975,Veterans Memorial Stadium (AL),2653,Troy,fbs,Sun Belt,38,0.9966633319854736,1476,1476,2447,Nicholls,fcs,Southland,20,0.003336668014526367,NA,NA,6.052806292810168,,NA,NA
401761593,2025,1,regular,2025-08-30T23:00:00.000Z,FALSE,TRUE,FALSE,FALSE,14017,6526,Hancock Whitney Stadium,6,South Alabama,fbs,Sun Belt,38,0.9913713335990906,1555,1555,2415,Morgan State,fcs,MEAC,21,0.008628666400909424,NA,NA,5.2016841453645455,,NA,NA
401752679,2025,1,regular,2025-08-30T23:00:00.000Z,FALSE,TRUE,FALSE,FALSE,35000,3973,FirstBank Stadium,238,Vanderbilt,fbs,SEC,45,0.9889649748802185,1497,1497,2127,Charleston Southern,fcs,Big South-OVC,3,0.011035025119781494,NA,NA,2.7451869108600695,,NA,NA
401752668,2025,1,regular,2025-08-30T23:00:00.000Z,FALSE,TRUE,FALSE,FALSE,89451,3634,Ben Hill Griffin Stadium,57,Florida,fbs,SEC,55,0.9889460802078247,1678,1678,2341,Long Island University,fcs,NEC,0,0.011053919792175293,NA,NA,2.385883070261922,,NA,NA
401752678,2025,1,regular,2025-08-30T23:00:00.000Z,FALSE,TRUE,FALSE,FALSE,107521,3795,Kyle Field,245,Texas A&M,fbs,SEC,42,1,1674,1700,2636,UTSA,fbs,American Athletic,24,0,1529,1503,5.030838796225625,,NA,NA
401756855,2025,1,regular,2025-08-30T23:00:00.000Z,FALSE,TRUE,FALSE,FALSE,51927,3636,Bill Snyder Family Stadium,2306,Kansas State,fbs,Big 12,38,0.9210139513015747,1664,1664,155,North Dakota,fcs,MVFC,35,0.07898604869842529,NA,NA,8.240626327135903,,NA,NA
401761591,2025,1,regular,2025-08-30T23:00:00.000Z,FALSE,TRUE,FALSE,FALSE,18241,3625,Centennial Bank Stadium,2032,Arkansas State,fbs,Sun Belt,42,0.9935866594314575,1344,1344,2546,Southeast Missouri State,fcs,Big South-OVC,24,0.0064133405685424805,NA,NA,5.924281246577312,,NA,NA
401757222,2025,1,regular,2025-08-30T23:00:00.000Z,FALSE,TRUE,FALSE,FALSE,18505,3725,"Johnny ""Red"" Floyd Stadium",2393,Middle Tennessee,fbs,Conference USA,14,0.04707856848835945,1228,1228,2046,Austin Peay,fcs,UAC,34,0.9529214315116405,NA,NA,3.462974439157419,,NA,NA
401757226,2025,1,regular,2025-08-30T23:00:00.000Z,FALSE,TRUE,FALSE,FALSE,12226,3796,Houchens Industries-L.T. Smith Stadium,98,Western Kentucky,fbs,Conference USA,55,0.9874510169029236,1445,1445,2453,North Alabama,fcs,UAC,6,0.012548983097076416,NA,NA,3.3106136190380187,,NA,NA
401752808,2025,1,regular,2025-08-30T23:30:00.000Z,FALSE,TRUE,FALSE,FALSE,110648,3558,Michigan Stadium,130,Michigan,fbs,Big Ten,34,0.9898145198822021,1772,1771,167,New Mexico,fbs,Mountain West,17,0.010185480117797852,1331,1332,3.6631597398085893,,NA,NA
401757221,2025,1,regular,2025-08-30T23:30:00.000Z,FALSE,TRUE,FALSE,FALSE,12872,3776,Joe Aillet Stadium,2348,Louisiana Tech,fbs,Conference USA,24,0.9545804262161255,1397,1397,2545,SE Louisiana,fcs,Southland,0,0.04541957378387451,NA,NA,4.7634267448994905,,NA,NA
401756877,2025,1,regular,2025-08-30T23:30:00.000Z,FALSE,TRUE,FALSE,FALSE,60229,3784,Jones AT&T Stadium,2641,Texas Tech,fbs,Big 12,67,0.9876359701156616,1571,1571,2029,Arkansas-Pine Bluff,fcs,SWAC,7,0.012364029884338379,NA,NA,2.7990282330735847,,NA,NA
401757225,2025,1,regular,2025-08-30T23:30:00.000Z,FALSE,TRUE,FALSE,FALSE,16448,3905,Maverik Stadium,328,Utah State,fbs,Mountain West,28,0.8222848773002625,1408,1418,2638,UTEP,fbs,Conference USA,16,0.17771512269973755,1240,1230,4.996551118389414,,NA,NA
401752798,2025,1,regular,2025-08-30T23:30:00.000Z,FALSE,TRUE,FALSE,FALSE,62841,477,Los Angeles Memorial Coliseum,30,USC,fbs,Big Ten,73,0.9899773597717285,1676,1841,2623,Missouri State,fbs,Conference USA,13,0.010022640228271484,1500,1335,3.0279735308189717,,NA,NA
401752671,2025,1,regular,2025-08-30T23:30:00.000Z,FALSE,TRUE,FALSE,FALSE,81500,3836,"Memorial Stadium (Clemson, SC)",228,Clemson,fbs,ACC,10,0.30021852254867554,1704,1692,99,LSU,fbs,SEC,17,0.6997814774513245,1718,1730,5.004065274365249,,NA,NA
401752672,2025,1,regular,2025-08-30T23:45:00.000Z,FALSE,TRUE,FALSE,FALSE,66378,3974,Vaught-Hemingway Stadium,145,Ole Miss,fbs,SEC,63,0.9937152862548828,1838,1939,2247,Georgia State,fbs,Sun Belt,7,0.0062847137451171875,1331,1230,3.4204603848447697,,NA,NA
401756851,2025,1,regular,2025-08-31T00:00:00.000Z,FALSE,TRUE,FALSE,FALSE,64494,3801,LaVell Edwards Stadium,252,BYU,fbs,Big 12,69,0.9965556859970093,1644,1644,2502,Portland State,fcs,Big Sky,0,0.0034443140029907227,NA,NA,3.258035940051477,,NA,NA
401761592,2025,1,regular,2025-08-31T00:00:00.000Z,FALSE,TRUE,FALSE,FALSE,22148,3666,Cajun Field,309,Louisiana,fbs,Sun Belt,12,0.2572910189628601,1474,1463,242,Rice,fbs,American Athletic,14,0.7427089810371399,1326,1337,5.187988330546746,,NA,NA
401762435,2025,1,regular,2025-08-31T00:00:00.000Z,FALSE,TRUE,FALSE,FALSE,20594,3825,DATCU Stadium,249,North Texas,fbs,American Athletic,51,0.990288496017456,1411,1411,2320,Lamar,fcs,Southland,0,0.009711503982543945,NA,NA,2.982110770273526,,NA,NA
401761594,2025,1,regular,2025-08-31T00:00:00.000Z,FALSE,TRUE,FALSE,FALSE,21082,3644,Bobcat Stadium (TX),326,Texas State,fbs,Sun Belt,52,0.9995025992393494,1593,1623,2199,Eastern Michigan,fbs,Mid-American,27,4.974007606506348e-4,1283,1253,4.503330170819301,,NA,NA
401762457,2025,1,regular,2025-08-31T00:00:00.000Z,FALSE,TRUE,FALSE,FALSE,17337,3674,Chapman Stadium,202,Tulsa,fbs,American Athletic,35,0.9792423248291016,1041,1041,2000,Abilene Christian,fcs,UAC,7,0.020757675170898438,NA,NA,3.551272659203257,,NA,NA
401754521,2025,1,regular,2025-08-31T01:00:00.000Z,FALSE,TRUE,FALSE,FALSE,33044,3735,Gerald J. Ford Stadium,2567,SMU,fbs,ACC,42,0.9487073421478271,1717,1717,2837,East Texas A&M,fcs,Southland,13,0.05129265785217285,NA,NA,3.669642264908016,,NA,NA
401757223,2025,1,regular,2025-08-31T01:00:00.000Z,FALSE,TRUE,FALSE,FALSE,10058,3601,Aggie Memorial Stadium,166,New Mexico State,fbs,Conference USA,19,0.8037628531455994,1246,1246,2803,Bryant,fcs,CAA,3,0.19623714685440063,NA,NA,5.18143893252369,,NA,NA
401760361,2025,1,regular,2025-08-31T01:30:00.000Z,FALSE,TRUE,FALSE,FALSE,36801,3660,Valley Children's Stadium,278,Fresno State,fbs,Mountain West,42,1,1441,1516,290,Georgia Southern,fbs,Sun Belt,14,0,1457,1382,5.103442618284628,,NA,NA
401752947,2025,1,regular,2025-08-31T02:00:00.000Z,FALSE,TRUE,FALSE,FALSE,28243,3820,Gesa Field,265,Washington State,fbs,Pac-12,13,0.14942289888858795,1520,1520,70,Idaho,fcs,Big Sky,10,0.850577101111412,NA,NA,5.3135115653866585,,NA,NA
401756850,2025,1,regular,2025-08-31T02:00:00.000Z,FALSE,TRUE,FALSE,FALSE,56759,3947,Mountain America Stadium,9,Arizona State,fbs,Big 12,38,0.9859762191772461,1700,1700,2464,Northern Arizona,fcs,Big Sky,19,0.014023780822753906,NA,NA,4.068778435088151,,NA,NA
401756849,2025,1,regular,2025-08-31T02:30:00.000Z,FALSE,TRUE,FALSE,FALSE,42423,3619,Arizona Stadium,12,Arizona,fbs,Big 12,40,0.9286626577377319,1371,1451,62,Hawai'i,fbs,Mountain West,6,0.07133734226226807,1258,1178,3.562811782110526,,NA,NA
401752936,2025,1,regular,2025-08-31T02:30:00.000Z,FALSE,TRUE,FALSE,FALSE,31630,3893,Reser Stadium,204,Oregon State,fbs,Pac-12,15,0.19505853950977325,1406,1371,25,California,fbs,ACC,34,0.8049414604902267,1519,1554,2.8187930693076786,,NA,NA
401752800,2025,1,regular,2025-08-31T03:00:00.000Z,FALSE,TRUE,FALSE,FALSE,35032,1056,Rose Bowl,26,UCLA,fbs,Big Ten,10,0,1492,1404,254,Utah,fbs,Big 12,43,1,1542,1630,2.96631481543708,,NA,NA
401752805,2025,1,regular,2025-08-31T03:00:00.000Z,FALSE,TRUE,FALSE,FALSE,67778,3765,Husky Stadium,264,Washington,fbs,Big Ten,38,0.9994847774505615,1585,1604,36,Colorado State,fbs,Mountain West,21,5.152225494384766e-4,1382,1363,5.217607914774461,,NA,NA
401752680,2025,1,regular,2025-08-31T19:00:00.000Z,FALSE,TRUE,TRUE,FALSE,55531,5348,Mercedes-Benz Stadium,2579,South Carolina,fbs,SEC,24,0.775375485420227,1706,1729,259,Virginia Tech,fbs,ACC,11,0.22462451457977295,1598,1575,5.151864455216693,,Aflac Kickoff,NA
401754522,2025,1,regular,2025-08-31T23:30:00.000Z,FALSE,TRUE,FALSE,FALSE,66793,3948,Hard Rock Stadium,2390,Miami,fbs,ACC,27,0.9616499543190002,1736,1743,87,Notre Dame,fbs,FBS Independents,24,0.038350045680999756,2173,2166,5.318312492748594,,NA,NA
401754523,2025,1,regular,2025-09-02T00:00:00.000Z,FALSE,TRUE,FALSE,FALSE,50500,3787,Kenan Stadium,153,North Carolina,fbs,ACC,14,0.029689423739910126,1497,1417,2628,TCU,fbs,Big 12,48,0.9703105762600899,1633,1713,3.407486721191629,,NA,NA
401754528,2025,2,regular,2025-09-05T23:00:00.000Z,FALSE,TRUE,FALSE,FALSE,48717,3873,L&N Federal Credit Union Stadium,97,Louisville,fbs,ACC,28,0.7146517038345337,1706,1727,256,James Madison,fbs,Sun Belt,14,0.2853482961654663,1627,1606,7.134433804940607,,NA,NA
401752826,2025,2,regular,2025-09-05T23:30:00.000Z,FALSE,TRUE,FALSE,FALSE,35331,3665,SECU Stadium,120,Maryland,fbs,Big Ten,20,0.27562257647514343,1509,1526,2459,Northern Illinois,fbs,Mid-American,9,0.7243774235248566,1470,1453,4.649374638913491,,NA,NA
401752817,2025,2,regular,2025-09-05T23:30:00.000Z,FALSE,TRUE,FALSE,FALSE,9647,5960,Lanny and Sharon Martin Stadium,77,Northwestern,fbs,Big Ten,42,0.988507091999054,1397,1397,2710,Western Illinois,fcs,Big South-OVC,7,0.011492908000946045,NA,NA,2.7447744283164024,,NA,NA
401760363,2025,2,regular,2025-09-06T01:00:00.000Z,FALSE,TRUE,FALSE,FALSE,32887,3653,Albertsons Stadium,68,Boise State,fbs,Mountain West,51,0.9921911954879761,1596,1596,331,Eastern Washington,fcs,Big Sky,14,0.007808804512023926,NA,NA,3.3689811519754373,,NA,NA
401754621,2025,2,regular,2025-09-06T16:00:00.000Z,FALSE,TRUE,FALSE,FALSE,65430,3697,Doak Campbell Stadium,52,Florida State,fbs,ACC,77,0.9972588419914246,1452,1452,2837,East Texas A&M,fcs,Southland,3,0.0027411580085754395,NA,NA,2.7206631464915,,NA,NA
401752693,2025,2,regular,2025-09-06T16:00:00.000Z,FALSE,TRUE,FALSE,FALSE,100841,3910,DKR-Texas Memorial Stadium,251,Texas,fbs,SEC,38,0.9815280437469482,1858,1896,23,San José State,fbs,Mountain West,7,0.018471956253051758,1467,1429,3.6535531729515283,,NA,NA
401752811,2025,2,regular,2025-09-06T16:00:00.000Z,FALSE,TRUE,FALSE,FALSE,103818,3632,Beaver Stadium,213,Penn State,fbs,Big Ten,34,0.9701969027519226,2073,2087,2229,Florida International,fbs,Conference USA,0,0.029803097248077393,1372,1358,4.026950736531958,,NA,NA
401754529,2025,2,regular,2025-09-06T16:00:00.000Z,FALSE,TRUE,FALSE,FALSE,48424,3752,Acrisure Stadium,221,Pittsburgh,fbs,ACC,45,0.9755685925483704,1470,1518,2117,Central Michigan,fbs,Mid-American,17,0.02443140745162964,1252,1204,3.5595529031904913,,NA,NA
401752813,2025,2,regular,2025-09-06T16:00:00.000Z,FALSE,TRUE,FALSE,FALSE,42447,3953,Huntington Bank Stadium,135,Minnesota,fbs,Big Ten,66,0.9938032031059265,1630,1630,2466,Northwestern State,fcs,Southland,0,0.006196796894073486,NA,NA,1.8817563649333342,,NA,NA
401754618,2025,2,regular,2025-09-06T16:00:00.000Z,FALSE,TRUE,FALSE,FALSE,39391,1964,JMA Wireless Dome,183,Syracuse,fbs,ACC,27,0.2122134566307068,1476,1484,41,UConn,fbs,FBS Independents,20,0.7877865433692932,1454,1446,6.602095300884476,,NA,NA
401752822,2025,2,regular,2025-09-06T16:00:00.000Z,FALSE,TRUE,FALSE,FALSE,61500,3772,Jack Trice Stadium,66,Iowa State,fbs,Big 12,16,0.8555827736854553,1619,1621,2294,Iowa,fbs,Big Ten,13,0.14441722631454468,1682,1680,5.137924145830644,,NA,NA
401757227,2025,2,regular,2025-09-06T16:00:00.000Z,FALSE,TRUE,FALSE,TRUE,20755,3662,AmFirst Stadium,55,Jacksonville State,fbs,Conference USA,34,0.6668782830238342,1634,1642,2335,Liberty,fbs,Conference USA,24,0.33312171697616577,1502,1494,4.611249661121996,,NA,NA
401752825,2025,2,regular,2025-09-06T16:00:00.000Z,FALSE,TRUE,FALSE,FALSE,23893,3982,Wallace Wade Stadium,150,Duke,fbs,ACC,19,0.2791347801685333,1526,1462,356,Illinois,fbs,Big Ten,45,0.7208652198314667,1578,1642,5.058968869408419,,NA,NA
401752812,2025,2,regular,2025-09-06T16:00:00.000Z,FALSE,TRUE,FALSE,FALSE,43801,3830,"Memorial Stadium (Bloomington, IN)",84,Indiana,fbs,Big Ten,56,0.9867881536483765,1800,1869,338,Kennesaw State,fbs,Conference USA,9,0.013211846351623535,1269,1200,3.090302435948307,,NA,NA
401754524,2025,2,regular,2025-09-06T16:00:00.000Z,FALSE,TRUE,FALSE,FALSE,56919,3670,Carter-Finley Stadium,152,NC State,fbs,ACC,35,0.6570654511451721,1507,1510,258,Virginia,fbs,ACC,31,0.3429345488548279,1521,1518,8.126042888443141,,NA,NA
401756885,2025,2,regular,2025-09-06T16:00:00.000Z,FALSE,TRUE,FALSE,FALSE,60229,3784,Jones AT&T Stadium,2641,Texas Tech,fbs,Big 12,62,0.989311695098877,1571,1639,2309,Kent State,fbs,Mid-American,14,0.010688304901123047,1006,938,2.845913821655414,,NA,NA
401754525,2025,2,regular,2025-09-06T16:00:00.000Z,FALSE,TRUE,FALSE,FALSE,34852,3735,Gerald J. Ford Stadium,2567,SMU,fbs,ACC,45,0.7657668590545654,1717,1703,239,Baylor,fbs,Big 12,48,0.23423314094543457,1569,1583,8.737381517894203,,NA,NA
401752694,2025,2,regular,2025-09-06T16:45:00.000Z,FALSE,TRUE,FALSE,FALSE,100026,3795,Kyle Field,245,Texas A&M,fbs,SEC,44,0.9838184118270874,1700,1724,328,Utah State,fbs,Mountain West,22,0.016181588172912598,1418,1394,3.808337874202806,,NA,NA
401754620,2025,2,regular,2025-09-06T18:00:00.000Z,FALSE,TRUE,FALSE,FALSE,28239,3630,Allegacy Federal Credit Union Stadium,154,Wake Forest,fbs,ACC,42,0.988591194152832,1394,1394,2717,Western Carolina,fcs,Southern,10,0.011408805847167969,NA,NA,3.787144642944783,,NA,NA
401762462,2025,2,regular,2025-09-06T18:00:00.000Z,FALSE,TRUE,FALSE,FALSE,15655,3806,Lincoln Financial Field,218,Temple,fbs,American Athletic,55,0.9970473051071167,1289,1289,47,Howard,fcs,MEAC,7,0.0029526948928833008,NA,NA,2.9134675745817527,,NA,NA
401760366,2025,2,regular,2025-09-06T19:00:00.000Z,FALSE,TRUE,FALSE,FALSE,17639,3971,University Stadium (NM),167,New Mexico,fbs,Mountain West,32,0.9329351186752319,1317,1317,304,Idaho State,fcs,Big Sky,22,0.06706488132476807,NA,NA,9.93391428193871,,NA,NA
401752824,2025,2,regular,2025-09-06T19:30:00.000Z,FALSE,TRUE,FALSE,FALSE,57266,3626,Autzen Stadium,2483,Oregon,fbs,Big Ten,69,0.9958012700080872,1860,1992,197,Oklahoma State,fbs,Big 12,3,0.004198729991912842,1334,1202,2.6418738763775176,,NA,NA
401761603,2025,2,regular,2025-09-06T19:30:00.000Z,FALSE,TRUE,FALSE,FALSE,45778,3604,Alamodome,2636,UTSA,fbs,American Athletic,36,0.27091893553733826,1503,1499,326,Texas State,fbs,Sun Belt,43,0.7290810644626617,1623,1627,7.993288344920428,,NA,NA
401754622,2025,2,regular,2025-09-06T19:30:00.000Z,FALSE,TRUE,FALSE,FALSE,37775,721,Bobby Dodd Stadium,59,Georgia Tech,fbs,ACC,59,0.9895111918449402,1556,1556,2241,Gardner-Webb,fcs,Big South-OVC,12,0.010488808155059814,NA,NA,4.322248368858751,,NA,NA
401752937,2025,2,regular,2025-09-06T19:30:00.000Z,FALSE,TRUE,FALSE,FALSE,28068,3893,Reser Stadium,204,Oregon State,fbs,Pac-12,27,0.8809866905212402,1371,1365,278,Fresno State,fbs,Mountain West,36,0.11901330947875977,1516,1522,10.016643565438494,,NA,NA
401752815,2025,2,regular,2025-09-06T19:30:00.000Z,FALSE,TRUE,FALSE,FALSE,100624,3861,Ohio Stadium,194,Ohio State,fbs,Big Ten,70,0.9849264025688171,1978,1978,2755,Grambling,fcs,SWAC,0,0.015073597431182861,NA,NA,1.5906830881361842,,NA,NA
401752692,2025,2,regular,2025-09-06T19:30:00.000Z,FALSE,TRUE,FALSE,FALSE,101915,3853,Neyland Stadium,2633,Tennessee,fbs,SEC,72,0.9897788166999817,1808,1808,2193,East Tennessee State,fcs,Southern,17,0.01022118330001831,NA,NA,2.9136991274366872,,NA,NA
401762794,2025,2,regular,2025-09-06T19:30:00.000Z,FALSE,TRUE,FALSE,FALSE,15740,3965,UB Stadium,2084,Buffalo,fbs,Mid-American,45,0.9676299691200256,1402,1402,2598,St. Francis (PA),fcs,NEC,6,0.032370030879974365,NA,NA,5.157436147263064,,NA,NA
401761596,2025,2,regular,2025-09-06T19:30:00.000Z,FALSE,TRUE,FALSE,FALSE,34921,3792,Kidd Brewer Stadium,2026,App State,fbs,Sun Belt,20,0.8596605062484741,1477,1477,2815,Lindenwood,fcs,Big South-OVC,13,0.14033949375152588,NA,NA,3.7514841176252114,,NA,NA
401752685,2025,2,regular,2025-09-06T19:30:00.000Z,FALSE,TRUE,FALSE,FALSE,93033,3917,Sanford Stadium,61,Georgia,fbs,SEC,28,0.9751682281494141,2072,2072,2046,Austin Peay,fcs,UAC,6,0.024831771850585938,NA,NA,2.9867455253692707,,NA,NA
401756880,2025,2,regular,2025-09-06T19:30:00.000Z,FALSE,TRUE,FALSE,FALSE,35421,3854,Nippert Stadium,2132,Cincinnati,fbs,Big 12,34,0.9651085734367371,1477,1504,189,Bowling Green,fbs,Mid-American,20,0.03489142656326294,1461,1434,3.2207508534805123,,NA,NA
401752689,2025,2,regular,2025-09-06T19:30:00.000Z,FALSE,TRUE,FALSE,FALSE,57321,3838,Memorial Stadium,142,Missouri,fbs,SEC,42,0.9204921126365662,1640,1659,2305,Kansas,fbs,Big 12,31,0.07950788736343384,1632,1613,7.324718276252601,,NA,NA
401752686,2025,2,regular,2025-09-06T19:30:00.000Z,FALSE,TRUE,FALSE,TRUE,58346,3683,Kroger Field,96,Kentucky,fbs,SEC,23,0.18089134991168976,1507,1524,145,Ole Miss,fbs,SEC,30,0.8191086500883102,1939,1922,5.576328550071941,,NA,NA
401762458,2025,2,regular,2025-09-06T19:30:00.000Z,FALSE,TRUE,FALSE,TRUE,28325,3852,Navy-Marine Corps Memorial Stadium,2426,Navy,fbs,American Athletic,38,1,1543,1553,5,UAB,fbs,American Athletic,24,0,1319,1309,5.7014933667827785,,NA,NA
401762816,2025,2,regular,2025-09-06T19:30:00.000Z,FALSE,TRUE,FALSE,FALSE,3714,3985,Warren McGuirk Alumni Stadium,113,Massachusetts,fbs,Mid-American,26,0.9382573366165161,1096,1096,2803,Bryant,fcs,CAA,27,0.06174266338348389,NA,NA,12.276715985149488,,NA,NA
401754637,2025,2,regular,2025-09-06T19:30:00.000Z,FALSE,TRUE,FALSE,FALSE,77890,3836,"Memorial Stadium (Clemson, SC)",228,Clemson,fbs,ACC,27,0.8717408776283264,1692,1696,2653,Troy,fbs,Sun Belt,16,0.12825912237167358,1476,1472,5.6461113334510316,,NA,NA
401756881,2025,2,regular,2025-09-06T19:30:00.000Z,FALSE,TRUE,FALSE,FALSE,50341,3726,Folsom Field,38,Colorado,fbs,Big 12,31,0.9253472685813904,1613,1660,48,Delaware,fbs,Conference USA,7,0.07465273141860962,1500,1453,3.906826980049366,,NA,NA
401762461,2025,2,regular,2025-09-06T19:30:00.000Z,FALSE,TRUE,FALSE,FALSE,20051,3980,Waldo Stadium,2711,Western Michigan,fbs,Mid-American,30,0.38369107246398926,1310,1312,249,North Texas,fbs,American Athletic,33,0.6163089275360107,1411,1409,13.082157990893087,,NA,NA
401752818,2025,2,regular,2025-09-06T19:30:00.000Z,FALSE,TRUE,FALSE,FALSE,45981,6577,SHI Stadium,164,Rutgers,fbs,Big Ten,45,0.9925628900527954,1524,1593,193,Miami (OH),fbs,Mid-American,17,0.00743710994720459,1491,1422,4.348794069458188,,NA,NA
401756883,2025,2,regular,2025-09-06T20:00:00.000Z,FALSE,TRUE,FALSE,FALSE,26740,3876,Peden Stadium,195,Ohio,fbs,Mid-American,17,0.8477234244346619,1619,1620,277,West Virginia,fbs,Big 12,10,0.15227657556533813,1470,1469,5.200094461188878,,NA,NA
401760367,2025,2,regular,2025-09-06T20:00:00.000Z,FALSE,TRUE,FALSE,FALSE,25009,3984,War Memorial Stadium,2751,Wyoming,fbs,Mountain West,31,0.9853284955024719,1386,1386,2460,Northern Iowa,fcs,MVFC,7,0.014671504497528076,NA,NA,8.168879135472618,,NA,NA
401752820,2025,2,regular,2025-09-06T20:00:00.000Z,FALSE,TRUE,FALSE,FALSE,70368,347,Camp Randall Stadium,275,Wisconsin,fbs,Big Ten,42,0.969450056552887,1573,1619,2393,Middle Tennessee,fbs,Conference USA,10,0.030549943447113037,1228,1182,8.256093668394996,,NA,NA
401752684,2025,2,regular,2025-09-06T20:15:00.000Z,FALSE,TRUE,FALSE,FALSE,89909,3634,Ben Hill Griffin Stadium,57,Florida,fbs,SEC,16,0.586835503578186,1678,1668,58,South Florida,fbs,American Athletic,18,0.41316449642181396,1554,1564,6.071843438438032,,NA,NA
401761602,2025,2,regular,2025-09-06T21:00:00.000Z,FALSE,TRUE,FALSE,FALSE,32011,3815,M. M. Roberts Stadium,2572,Southern Miss,fbs,Sun Belt,38,0.9858771562576294,1089,1089,2296,Jackson State,fcs,SWAC,20,0.014122843742370605,NA,NA,4.4706589557839225,,NA,NA
401752682,2025,2,regular,2025-09-06T21:00:00.000Z,FALSE,TRUE,TRUE,FALSE,54224,3983,War Memorial Stadium (AR),8,Arkansas,fbs,SEC,56,0.998382568359375,1574,1674,2032,Arkansas State,fbs,Sun Belt,14,0.001617431640625,1344,1244,4.1021128537182205,,NA,NA
401760365,2025,2,regular,2025-09-06T21:00:00.000Z,FALSE,TRUE,FALSE,FALSE,20535,3816,Mackay Stadium,2440,Nevada,fbs,Mountain West,20,0.394497275352478,1249,1249,16,Sacramento State,fcs,Big Sky,17,0.605502724647522,NA,NA,7.843347356319783,,NA,NA
401754530,2025,2,regular,2025-09-06T22:00:00.000Z,FALSE,TRUE,FALSE,FALSE,35898,3831,California Memorial Stadium,25,California,fbs,ACC,35,0.9959644079208374,1564,1564,2640,Texas Southern,fcs,SWAC,3,0.004035592079162598,NA,NA,4.6396748926369975,,NA,NA
401761599,2025,2,regular,2025-09-06T22:00:00.000Z,FALSE,TRUE,FALSE,FALSE,18111,3918,S.B. Ballard Stadium,295,Old Dominion,fbs,Sun Belt,54,0.9922709465026855,1470,1470,2428,North Carolina Central,fcs,MEAC,6,0.007729053497314453,NA,NA,3.9235643234565463,,NA,NA
401762460,2025,2,regular,2025-09-06T22:00:00.000Z,FALSE,TRUE,FALSE,FALSE,21029,3715,FAU Stadium,2226,Florida Atlantic,fbs,American Athletic,56,0.977178156375885,1237,1237,50,Florida A&M,fcs,SWAC,14,0.02282184362411499,NA,NA,3.054075854019231,,NA,NA
401756887,2025,2,regular,2025-09-06T22:00:00.000Z,FALSE,TRUE,FALSE,FALSE,51463,587,Rice-Eccles Stadium,254,Utah,fbs,Big 12,63,0.9827632308006287,1638,1638,13,Cal Poly,fcs,Big Sky,9,0.017236769199371338,NA,NA,3.065962949677993,,NA,NA
401762459,2025,2,regular,2025-09-06T22:00:00.000Z,FALSE,TRUE,FALSE,FALSE,35120,3699,Dowdy-Ficklen Stadium,151,East Carolina,fbs,American Athletic,56,0.9879902005195618,1429,1429,2097,Campbell,fcs,CAA,3,0.012009799480438232,NA,NA,2.864519137775231,,NA,NA
401757228,2025,2,regular,2025-09-06T22:00:00.000Z,FALSE,TRUE,FALSE,FALSE,28564,3775,Joan C. Edwards Stadium,276,Marshall,fbs,Sun Belt,20,0.08841505646705627,1519,1508,2623,Missouri State,fbs,Conference USA,21,0.9115849435329437,1335,1346,7.466062922611336,,NA,NA
401761601,2025,2,regular,2025-09-06T23:00:00.000Z,FALSE,TRUE,FALSE,FALSE,16871,6526,Hancock Whitney Stadium,6,South Alabama,fbs,Sun Belt,31,0.3140738010406494,1555,1557,2655,Tulane,fbs,American Athletic,33,0.6859261989593506,1644,1642,5.102549534733624,,NA,NA
401756882,2025,2,regular,2025-09-06T23:00:00.000Z,FALSE,TRUE,FALSE,FALSE,52723,3636,Bill Snyder Family Stadium,2306,Kansas State,fbs,Big 12,21,0.4905949831008911,1666,1658,349,Army,fbs,American Athletic,24,0.5094050168991089,1607,1615,4.812631689492559,,NA,NA
401754527,2025,2,regular,2025-09-06T23:00:00.000Z,FALSE,TRUE,FALSE,FALSE,19233,4418,Jerry Richardson Stadium,2429,Charlotte,fbs,American Athletic,3,0,1221,1200,153,North Carolina,fbs,ACC,20,1,1417,1438,3.333886477580821,,NA,NA
401756886,2025,2,regular,2025-09-06T23:00:00.000Z,FALSE,TRUE,FALSE,FALSE,44009,3652,FBC Mortgage Stadium,2116,UCF,fbs,Big 12,68,0.9864861965179443,1550,1550,2448,North Carolina A&T,fcs,CAA,7,0.013513803482055664,NA,NA,2.799409667852697,,NA,NA
401757232,2025,2,regular,2025-09-06T23:00:00.000Z,FALSE,TRUE,FALSE,FALSE,24138,3739,Glass Bowl,2649,Toledo,fbs,Mid-American,45,0.9942803382873535,1445,1505,98,Western Kentucky,fbs,Conference USA,21,0.005719661712646484,1450,1390,3.1943613678729137,,NA,NA
401752691,2025,2,regular,2025-09-06T23:00:00.000Z,FALSE,TRUE,FALSE,FALSE,79705,3994,Williams-Brice Stadium,2579,South Carolina,fbs,SEC,38,0.6999583840370178,1729,1729,2569,South Carolina State,fcs,MEAC,10,0.3000416159629822,NA,NA,4.217151204005949,,NA,NA
401761598,2025,2,regular,2025-09-06T23:00:00.000Z,FALSE,TRUE,FALSE,FALSE,13625,4246,Center Parc Stadium,2247,Georgia State,fbs,Sun Belt,16,0.16244572401046753,1230,1213,235,Memphis,fbs,American Athletic,38,0.8375542759895325,1604,1621,11.630263530136874,,NA,NA
401760364,2025,2,regular,2025-09-06T23:00:00.000Z,FALSE,TRUE,FALSE,FALSE,37023,5388,Canvas Stadium,36,Colorado State,fbs,Mountain West,21,0.9243268370628357,1357,1357,2458,Northern Colorado,fcs,Big Sky,17,0.0756731629371643,NA,NA,6.653801193242797,,NA,NA
401754641,2025,2,regular,2025-09-06T23:00:00.000Z,FALSE,TRUE,FALSE,FALSE,60617,3948,Hard Rock Stadium,2390,Miami,fbs,ACC,45,0.9784430861473083,1752,1752,2065,Bethune-Cookman,fcs,SWAC,3,0.02155691385269165,NA,NA,2.696307152207372,,NA,NA
401762795,2025,2,regular,2025-09-06T23:00:00.000Z,FALSE,TRUE,FALSE,FALSE,15313,3912,Rynearson Stadium,2199,Eastern Michigan,fbs,Mid-American,23,0.012839652597904205,1241,1241,2341,Long Island University,fcs,NEC,28,0.9871603474020958,NA,NA,10.841158200364873,,NA,NA
401756884,2025,2,regular,2025-09-06T23:00:00.000Z,FALSE,TRUE,FALSE,FALSE,30116,3895,Rice Stadium,242,Rice,fbs,American Athletic,9,0.14996007084846497,1337,1271,248,Houston,fbs,Big 12,35,0.850039929151535,1375,1441,5.868186786577186,,NA,NA
401761597,2025,2,regular,2025-09-06T23:30:00.000Z,FALSE,TRUE,FALSE,FALSE,22217,3654,Brooks Stadium (SC),324,Coastal Carolina,fbs,Sun Belt,13,1,1266,1266,2127,Charleston Southern,fcs,Big South-OVC,0,0,NA,NA,4.838209441976197,,NA,NA
401752814,2025,2,regular,2025-09-06T23:30:00.000Z,FALSE,TRUE,FALSE,FALSE,NA,477,Los Angeles Memorial Coliseum,30,USC,fbs,Big Ten,59,0.9896509051322937,1841,1895,290,Georgia Southern,fbs,Sun Belt,20,0.010349094867706299,1382,1328,4.561627952727972,,NA,NA
401752816,2025,2,regular,2025-09-06T23:30:00.000Z,FALSE,TRUE,FALSE,FALSE,70510,3936,Spartan Stadium,127,Michigan State,fbs,Big Ten,42,0.06406517326831818,1403,1405,103,Boston College,fbs,ACC,40,0.9359348267316818,1508,1506,12.584589323403991,,NA,NA
401752690,2025,2,regular,2025-09-06T23:30:00.000Z,FALSE,TRUE,FALSE,FALSE,84107,3835,"Memorial Stadium (Norman, OK)",201,Oklahoma,fbs,SEC,24,0.8956694006919861,1650,1679,130,Michigan,fbs,Big Ten,13,0.10433059930801392,1771,1742,4.288925346237761,,NA,NA
401752695,2025,2,regular,2025-09-06T23:30:00.000Z,FALSE,TRUE,FALSE,FALSE,65632,3799,Lane Stadium,259,Virginia Tech,fbs,ACC,20,0.025915134698152542,1575,1502,238,Vanderbilt,fbs,SEC,44,0.9740848653018475,1497,1570,5.012196213185042,,NA,NA
401752810,2025,2,regular,2025-09-06T23:30:00.000Z,FALSE,TRUE,FALSE,FALSE,86439,3834,"Memorial Stadium (Lincoln, NE)",158,Nebraska,fbs,Big Ten,68,0.993889331817627,1522,1699,2006,Akron,fbs,Mid-American,0,0.006110668182373047,1235,1058,3.0183376559001367,,NA,NA
401752683,2025,2,regular,2025-09-06T23:30:00.000Z,FALSE,TRUE,FALSE,FALSE,88043,3785,Jordan-Hare Stadium,2,Auburn,fbs,SEC,42,0.9814049601554871,1609,1661,2050,Ball State,fbs,Mid-American,3,0.01859503984451294,1138,1086,3.1998303337378187,,NA,NA
401752687,2025,2,regular,2025-09-06T23:30:00.000Z,FALSE,TRUE,FALSE,FALSE,101667,3958,Tiger Stadium (LA),99,LSU,fbs,SEC,23,0.9527506232261658,1730,1735,2348,Louisiana Tech,fbs,Conference USA,7,0.04724937677383423,1397,1392,3.61155797671467,,NA,NA
401752819,2025,2,regular,2025-09-06T23:30:00.000Z,FALSE,TRUE,FALSE,FALSE,54663,3907,Ross-Ade Stadium,2509,Purdue,fbs,Big Ten,34,0.965205192565918,1287,1287,79,Southern Illinois,fcs,MVFC,17,0.03479480743408203,NA,NA,4.482463605104785,,NA,NA
401752688,2025,2,regular,2025-09-06T23:30:00.000Z,FALSE,TRUE,FALSE,FALSE,50808,3693,Davis Wade Stadium,344,Mississippi State,fbs,SEC,24,0.8720696568489075,1424,1436,9,Arizona State,fbs,Big 12,20,0.12793034315109253,1700,1688,5.4906623759619935,,NA,NA
401752681,2025,2,regular,2025-09-06T23:45:00.000Z,FALSE,TRUE,FALSE,FALSE,100077,3657,Bryant-Denny Stadium,333,Alabama,fbs,SEC,73,0.9963486790657043,1755,1920,2433,UL Monroe,fbs,Sun Belt,0,0.0036513209342956543,1281,1116,2.6501214200961605,,NA,NA
401761600,2025,2,regular,2025-09-07T00:00:00.000Z,FALSE,TRUE,FALSE,FALSE,26071,3666,Cajun Field,309,Louisiana,fbs,Sun Belt,34,0.9940784573554993,1465,1465,2377,McNeese,fcs,Southland,10,0.005921542644500732,NA,NA,4.59242758315518,,NA,NA
401752823,2025,2,regular,2025-09-07T00:00:00.000Z,FALSE,TRUE,FALSE,FALSE,36117,6501,Allegiant Stadium,2439,UNLV,fbs,Mountain West,30,0.6303977370262146,1633,1630,26,UCLA,fbs,Big Ten,23,0.3696022629737854,1404,1407,3.9478301598351275,,NA,NA
401757231,2025,2,regular,2025-09-07T01:00:00.000Z,FALSE,TRUE,FALSE,FALSE,31122,3946,Sun Bowl,2638,UTEP,fbs,Conference USA,42,0.9717544317245483,1227,1227,2630,UT Martin,fcs,Big South-OVC,17,0.02824556827545166,NA,NA,4.173238775038266,,NA,NA
401757229,2025,2,regular,2025-09-07T01:00:00.000Z,FALSE,TRUE,FALSE,FALSE,10240,3601,Aggie Memorial Stadium,166,New Mexico State,fbs,Conference USA,21,0.8840934038162231,1246,1244,202,Tulsa,fbs,American Athletic,14,0.11590659618377686,1041,1043,11.781728585430375,,NA,NA
401756879,2025,2,regular,2025-09-07T02:00:00.000Z,FALSE,TRUE,FALSE,FALSE,40038,3619,Arizona Stadium,12,Arizona,fbs,Big 12,48,0.9933739304542542,1453,1453,2692,Weber State,fcs,Big Sky,3,0.00662606954574585,NA,NA,2.9557139873504634,,NA,NA
401752948,2025,2,regular,2025-09-07T02:15:00.000Z,FALSE,TRUE,FALSE,FALSE,24330,3820,Gesa Field,265,Washington State,fbs,Pac-12,36,0.9699023365974426,1520,1555,21,San Diego State,fbs,Mountain West,13,0.030097663402557373,1318,1283,4.663543658675971,,NA,NA
401754526,2025,2,regular,2025-09-07T02:15:00.000Z,FALSE,TRUE,FALSE,FALSE,64692,3801,LaVell Edwards Stadium,252,BYU,fbs,Big 12,27,0.9625639915466309,1644,1666,24,Stanford,fbs,ACC,3,0.03743600845336914,1282,1260,3.0627533927894794,,NA,NA
401752821,2025,2,regular,2025-09-07T03:00:00.000Z,FALSE,TRUE,FALSE,FALSE,65421,3765,Husky Stadium,264,Washington,fbs,Big Ten,70,0.9920576214790344,1610,1610,302,UC Davis,fcs,Big Sky,10,0.007942378520965576,NA,NA,2.828101092902816,,NA,NA
401757230,2025,2,regular,2025-09-07T03:59:00.000Z,FALSE,TRUE,FALSE,FALSE,11625,7220,Clarence T.C. Ching Athletics Complex,62,Hawai'i,fbs,Mountain West,37,0.8447800278663635,1178,1238,2534,Sam Houston,fbs,Conference USA,20,0.15521997213363647,1397,1337,4.3975313896787345,,NA,NA
401754531,2025,3,regular,2025-09-11T23:30:00.000Z,FALSE,TRUE,FALSE,TRUE,29043,3630,Allegacy Federal Credit Union Stadium,154,Wake Forest,fbs,ACC,24,0,1394,1383,152,NC State,fbs,ACC,34,1,1510,1521,5.133342505139144,,NA,NA
401752836,2025,3,regular,2025-09-12T22:30:00.000Z,FALSE,TRUE,FALSE,FALSE,46219,3830,"Memorial Stadium (Bloomington, IN)",84,Indiana,fbs,Big Ten,73,0.9889745712280273,1904,1904,282,Indiana State,fcs,MVFC,0,0.011025428771972656,NA,NA,2.7617165358023894,,NA,NA
401754532,2025,3,regular,2025-09-12T23:00:00.000Z,FALSE,TRUE,FALSE,FALSE,37372,1964,JMA Wireless Dome,183,Syracuse,fbs,ACC,66,0.9922441840171814,1475,1475,2142,Colgate,fcs,Patriot,24,0.0077558159828186035,NA,NA,3.5273897868845587,,NA,NA
401756893,2025,3,regular,2025-09-12T23:30:00.000Z,FALSE,TRUE,FALSE,TRUE,37899,4728,TDECU Stadium,248,Houston,fbs,Big 12,36,0.7838240265846252,1441,1497,38,Colorado,fbs,Big 12,20,0.21617597341537476,1660,1604,4.780995718894543,,NA,NA
401756888,2025,3,regular,2025-09-13T01:00:00.000Z,FALSE,TRUE,FALSE,FALSE,40051,3619,Arizona Stadium,12,Arizona,fbs,Big 12,23,0.8432114124298096,1451,1469,2306,Kansas State,fbs,Big 12,17,0.15678858757019043,1658,1640,5.652025807713283,,NA,NA
401752837,2025,3,regular,2025-09-13T02:00:00.000Z,FALSE,TRUE,FALSE,FALSE,31163,1056,Rose Bowl,26,UCLA,fbs,Big Ten,10,0,1407,1331,167,New Mexico,fbs,Mountain West,35,1,1332,1408,3.584693048370142,,NA,NA
401752838,2025,3,regular,2025-09-13T16:00:00.000Z,FALSE,TRUE,FALSE,FALSE,36780,3665,SECU Stadium,120,Maryland,fbs,Big Ten,44,0.9941574335098267,1528,1528,119,Towson,fcs,CAA,17,0.00584256649017334,NA,NA,2.8917466351206103,,NA,NA
401752831,2025,3,regular,2025-09-13T16:00:00.000Z,FALSE,TRUE,FALSE,TRUE,12023,5960,Lanny and Sharon Martin Stadium,77,Northwestern,fbs,Big Ten,14,0.03762400522828102,1403,1411,2483,Oregon,fbs,Big Ten,34,0.962375994771719,1992,1984,3.2641501167463502,,NA,NA
401756891,2025,3,regular,2025-09-13T16:00:00.000Z,FALSE,TRUE,FALSE,FALSE,41215,4727,McLane Stadium,239,Baylor,fbs,Big 12,42,0.9469010829925537,1579,1579,2535,Samford,fcs,Southern,7,0.05309891700744629,NA,NA,3.414792147573618,,NA,NA
401754619,2025,3,regular,2025-09-13T16:00:00.000Z,FALSE,TRUE,FALSE,FALSE,38512,3923,Scott Stadium,258,Virginia,fbs,ACC,55,0.9928979873657227,1514,1514,2729,William & Mary,fcs,CAA,16,0.007102012634277344,NA,NA,2.9915828835043174,,NA,NA
401754623,2025,3,regular,2025-09-13T16:00:00.000Z,FALSE,TRUE,FALSE,TRUE,48059,721,Bobby Dodd Stadium,59,Georgia Tech,fbs,ACC,24,0.38769611716270447,1557,1560,228,Clemson,fbs,ACC,21,0.6123038828372955,1696,1693,5.843388219921077,,NA,NA
401762817,2025,3,regular,2025-09-13T16:00:00.000Z,FALSE,TRUE,FALSE,TRUE,11833,3696,Dix Stadium,2309,Kent State,fbs,Mid-American,28,0.3225918412208557,938,959,2084,Buffalo,fbs,Mid-American,31,0.6774081587791443,1407,1386,6.469148484749553,,NA,NA
401752839,2025,3,regular,2025-09-13T16:00:00.000Z,FALSE,TRUE,FALSE,FALSE,110740,3558,Michigan Stadium,130,Michigan,fbs,Big Ten,63,0.9919071197509766,1742,1852,2117,Central Michigan,fbs,Mid-American,3,0.0080928802490234375,1204,1094,2.587065763775777,,NA,NA
401752696,2025,3,regular,2025-09-13T16:00:00.000Z,FALSE,TRUE,FALSE,FALSE,100077,3657,Bryant-Denny Stadium,333,Alabama,fbs,SEC,38,0.8911544680595398,1920,1948,275,Wisconsin,fbs,Big Ten,14,0.1088455319404602,1619,1591,3.036218096573123,,NA,NA
401752703,2025,3,regular,2025-09-13T16:00:00.000Z,FALSE,TRUE,FALSE,FALSE,24927,3806,Lincoln Financial Field,218,Temple,fbs,American Athletic,3,0,1284,1221,201,Oklahoma,fbs,SEC,42,1,1679,1742,2.8145400659947084,,NA,NA
401752828,2025,3,regular,2025-09-13T16:00:00.000Z,FALSE,TRUE,FALSE,FALSE,86292,3834,"Memorial Stadium (Lincoln, NE)",158,Nebraska,fbs,Big Ten,59,0.9886107444763184,1712,1712,2277,Houston Christian,fcs,Southland,7,0.01138925552368164,NA,NA,2.770745384073898,,NA,NA
401761608,2025,3,regular,2025-09-13T16:00:00.000Z,FALSE,TRUE,FALSE,FALSE,23384,3975,Veterans Memorial Stadium (AL),2653,Troy,fbs,Sun Belt,7,0,1472,1435,235,Memphis,fbs,American Athletic,28,1,1621,1658,4.585106428375084,,NA,NA
401752697,2025,3,regular,2025-09-13T16:45:00.000Z,FALSE,TRUE,FALSE,FALSE,88043,3785,Jordan-Hare Stadium,2,Auburn,fbs,SEC,31,1,1661,1686,6,South Alabama,fbs,Sun Belt,15,0,1557,1532,3.376760616702656,,NA,NA
401752702,2025,3,regular,2025-09-13T17:00:00.000Z,FALSE,TRUE,FALSE,FALSE,57321,3838,Memorial Stadium,142,Missouri,fbs,SEC,52,0.9927979707717896,1659,1755,309,Louisiana,fbs,Sun Belt,10,0.007202029228210449,1463,1367,2.585327124218903,,NA,NA
401762818,2025,3,regular,2025-09-13T18:00:00.000Z,FALSE,TRUE,FALSE,FALSE,10512,3919,Scheumann Stadium,2050,Ball State,fbs,Mid-American,34,0.6924471259117126,1070,1070,160,New Hampshire,fcs,CAA,29,0.30755287408828735,NA,NA,6.2521489726866895,,NA,NA
401757168,2025,3,regular,2025-09-13T19:00:00.000Z,FALSE,TRUE,FALSE,FALSE,17862,3695,Delaware Stadium,48,Delaware,fbs,Conference USA,44,0.2355707436800003,1453,1454,41,UConn,fbs,FBS Independents,41,0.7644292563199997,1446,1445,7.317098297018303,,NA,NA
401752834,2025,3,regular,2025-09-13T19:30:00.000Z,FALSE,TRUE,FALSE,FALSE,71301,3936,Spartan Stadium,127,Michigan State,fbs,Big Ten,41,0.9881170988082886,1406,1406,2754,Youngstown State,fcs,MVFC,24,0.011882901191711426,NA,NA,4.2166848075946906,,NA,NA
401754638,2025,3,regular,2025-09-13T19:30:00.000Z,FALSE,TRUE,FALSE,FALSE,62108,3842,Milan Puskar Stadium,277,West Virginia,fbs,Big 12,31,0.6105152368545532,1469,1481,221,Pittsburgh,fbs,ACC,24,0.3894847631454468,1518,1506,6.320810263190439,,NA,NA
401752835,2025,3,regular,2025-09-13T19:30:00.000Z,FALSE,TRUE,FALSE,FALSE,109516,3632,Beaver Stadium,213,Penn State,fbs,Big Ten,52,1,2152,2152,222,Villanova,fcs,CAA,6,0,NA,NA,2.5341388565562255,,NA,NA
401752832,2025,3,regular,2025-09-13T19:30:00.000Z,FALSE,TRUE,FALSE,TRUE,58065,3907,Ross-Ade Stadium,2509,Purdue,fbs,Big Ten,17,0.0364251509308815,1293,1310,30,USC,fbs,Big Ten,33,0.9635748490691185,1895,1878,4.127607975845876,,NA,NA
401752705,2025,3,regular,2025-09-13T19:30:00.000Z,FALSE,TRUE,FALSE,TRUE,101915,3853,Neyland Stadium,2633,Tennessee,fbs,SEC,41,0.8290138840675354,1799,1809,61,Georgia,fbs,SEC,44,0.1709861159324646,2053,2043,8.927697065894355,,NA,NA
401754615,2025,3,regular,2025-09-13T19:30:00.000Z,FALSE,TRUE,FALSE,FALSE,15027,3878,Plaster Sports Complex,2623,Missouri State,fbs,Conference USA,10,0.007379618473351002,1346,1338,2567,SMU,fbs,ACC,28,0.992620381526649,1703,1711,4.819093231576694,,NA,NA
401754639,2025,3,regular,2025-09-13T19:30:00.000Z,FALSE,TRUE,FALSE,FALSE,50500,3787,Kenan Stadium,153,North Carolina,fbs,ACC,41,0.9832761287689209,1439,1439,257,Richmond,fcs,Patriot,6,0.0167238712310791,NA,NA,2.8548324802643834,,NA,NA
401752949,2025,3,regular,2025-09-13T19:30:00.000Z,FALSE,TRUE,FALSE,FALSE,26837,3825,DATCU Stadium,249,North Texas,fbs,American Athletic,59,0.992473304271698,1409,1585,265,Washington State,fbs,Pac-12,10,0.007526695728302002,1555,1379,2.9196179755702003,,NA,NA
401756892,2025,3,regular,2025-09-13T19:30:00.000Z,FALSE,TRUE,FALSE,FALSE,30014,3854,Nippert Stadium,2132,Cincinnati,fbs,Big 12,70,0.9783123731613159,1498,1498,2466,Northwestern State,fcs,Southland,0,0.021687626838684082,NA,NA,2.3762935647170007,,NA,NA
401762467,2025,3,regular,2025-09-13T19:30:00.000Z,FALSE,TRUE,FALSE,FALSE,20421,3604,Alamodome,2636,UTSA,fbs,American Athletic,48,0.9985087513923645,1489,1489,2916,Incarnate Word,fcs,Southland,20,0.001491248607635498,NA,NA,3.0115730752607686,,NA,NA
401752938,2025,3,regular,2025-09-13T19:30:00.000Z,FALSE,TRUE,FALSE,FALSE,60229,3784,Jones AT&T Stadium,2641,Texas Tech,fbs,Big 12,45,0.9839296936988831,1639,1690,204,Oregon State,fbs,Pac-12,14,0.016070306301116943,1365,1314,3.4678863962298885,,NA,NA
401762819,2025,3,regular,2025-09-13T19:30:00.000Z,FALSE,TRUE,FALSE,FALSE,22846,3739,Glass Bowl,2649,Toledo,fbs,Mid-American,60,0.9923451542854309,1501,1501,2415,Morgan State,fcs,MEAC,0,0.007654845714569092,NA,NA,3.094625763358364,,NA,NA
401752833,2025,3,regular,2025-09-13T19:30:00.000Z,FALSE,TRUE,FALSE,FALSE,41011,6577,SHI Stadium,164,Rutgers,fbs,Big Ten,60,0.9916054010391235,1594,1594,2450,Norfolk State,fcs,MEAC,10,0.008394598960876465,NA,NA,3.0531257443572137,,NA,NA
401756890,2025,3,regular,2025-09-13T20:00:00.000Z,FALSE,TRUE,FALSE,FALSE,22348,3625,Centennial Bank Stadium,2032,Arkansas State,fbs,Sun Belt,16,0.10015681385993958,1244,1257,66,Iowa State,fbs,Big 12,24,0.8998431861400604,1621,1608,6.731182769771558,,NA,NA
401752706,2025,3,regular,2025-09-13T20:15:00.000Z,FALSE,TRUE,FALSE,FALSE,102025,3910,DKR-Texas Memorial Stadium,251,Texas,fbs,SEC,27,0.9785351157188416,1896,1878,2638,UTEP,fbs,Conference USA,10,0.021464884281158447,1230,1248,4.283283201014982,,NA,NA
401754535,2025,3,regular,2025-09-13T20:30:00.000Z,FALSE,TRUE,FALSE,FALSE,66591,3948,Hard Rock Stadium,2390,Miami,fbs,ACC,49,0.9786890745162964,1743,1825,58,South Florida,fbs,American Athletic,12,0.021310925483703613,1564,1482,3.675912828336096,,NA,NA
401757256,2025,3,regular,2025-09-13T21:00:00.000Z,FALSE,TRUE,FALSE,FALSE,23159,3700,Doyt L. Perry Stadium,189,Bowling Green,fbs,Mid-American,23,0.607711911201477,1434,1456,2335,Liberty,fbs,Conference USA,13,0.39228808879852295,1494,1472,4.965804416497581,,NA,NA
401757258,2025,3,regular,2025-09-13T21:00:00.000Z,FALSE,TRUE,FALSE,FALSE,16808,3816,Mackay Stadium,2440,Nevada,fbs,Mountain West,13,0.5640181303024292,1284,1278,2393,Middle Tennessee,fbs,Conference USA,14,0.4359818696975708,1182,1188,4.244323209980611,,NA,NA
401757235,2025,3,regular,2025-09-13T22:00:00.000Z,FALSE,TRUE,FALSE,FALSE,11040,4899,Fifth Third Stadium,338,Kennesaw State,fbs,Conference USA,27,0.7522923350334167,1175,1175,2771,Merrimack,fcs,FCS Independents,13,0.24770766496658325,NA,NA,4.744209434880275,,NA,NA
401762464,2025,3,regular,2025-09-13T22:00:00.000Z,FALSE,TRUE,FALSE,FALSE,15681,4418,Jerry Richardson Stadium,2429,Charlotte,fbs,American Athletic,42,1,1170,1170,2405,Monmouth,fcs,CAA,35,0,NA,NA,8.551218092966522,,NA,NA
401761606,2025,3,regular,2025-09-13T22:00:00.000Z,FALSE,TRUE,FALSE,FALSE,23925,3775,Joan C. Edwards Stadium,276,Marshall,fbs,Sun Belt,38,0.9945290088653564,1492,1492,2198,Eastern Kentucky,fcs,UAC,7,0.005470991134643555,NA,NA,3.123035714444983,,NA,NA
401757233,2025,3,regular,2025-09-13T22:00:00.000Z,FALSE,TRUE,FALSE,FALSE,17638,2031,Pitbull Stadium,2229,Florida International,fbs,Conference USA,38,0.9204025864601135,1358,1367,2226,Florida Atlantic,fbs,American Athletic,28,0.07959741353988647,1240,1231,6.29559626968601,,NA,NA
401752701,2025,3,regular,2025-09-13T22:00:00.000Z,FALSE,TRUE,FALSE,FALSE,49158,3693,Davis Wade Stadium,344,Mississippi State,fbs,SEC,63,0.9959214925765991,1454,1454,2016,Alcorn State,fcs,SWAC,0,0.004078507423400879,NA,NA,2.565396611521562,,NA,NA
401752827,2025,3,regular,2025-09-13T23:00:00.000Z,FALSE,TRUE,FALSE,FALSE,105765,3861,Ohio Stadium,194,Ohio State,fbs,Big Ten,37,0.9870242476463318,1977,2010,195,Ohio,fbs,Mid-American,9,0.012975752353668213,1620,1587,3.5345613469090864,,NA,NA
401761607,2025,3,regular,2025-09-13T23:00:00.000Z,FALSE,TRUE,FALSE,TRUE,24534,3815,M. M. Roberts Stadium,2572,Southern Miss,fbs,Sun Belt,38,0.9881961345672607,1107,1178,2026,App State,fbs,Sun Belt,22,0.011803865432739258,1461,1390,4.71376107823059,,NA,NA
401762466,2025,3,regular,2025-09-13T23:00:00.000Z,FALSE,TRUE,FALSE,FALSE,22260,3895,Rice Stadium,242,Rice,fbs,American Athletic,38,0.9967264533042908,1262,1262,2504,Prairie View A&M,fcs,SWAC,17,0.0032735466957092285,NA,NA,4.294864729685547,,NA,NA
401752829,2025,3,regular,2025-09-13T23:00:00.000Z,FALSE,TRUE,FALSE,FALSE,60670,3832,"Memorial Stadium (Champaign, IL)",356,Illinois,fbs,Big Ten,38,0.9919793605804443,1642,1708,2711,Western Michigan,fbs,Mid-American,0,0.008020639419555664,1312,1246,3.1088281984789954,,NA,NA
401761605,2025,3,regular,2025-09-13T23:00:00.000Z,FALSE,TRUE,FALSE,FALSE,13988,4246,Center Parc Stadium,2247,Georgia State,fbs,Sun Belt,37,0.9928389191627502,1167,1167,93,Murray State,fcs,MVFC,21,0.007161080837249756,NA,NA,3.7539187260165643,,NA,NA
401752700,2025,3,regular,2025-09-13T23:00:00.000Z,FALSE,TRUE,FALSE,TRUE,65068,3974,Vaught-Hemingway Stadium,145,Ole Miss,fbs,SEC,41,0.4054233729839325,1922,1918,8,Arkansas,fbs,SEC,35,0.5945766270160675,1674,1678,6.476053958073642,,NA,NA
401757234,2025,3,regular,2025-09-13T23:00:00.000Z,FALSE,TRUE,FALSE,FALSE,24585,3608,Allen E. Paulson Stadium,290,Georgia Southern,fbs,Sun Belt,41,0.9579857587814331,1328,1357,55,Jacksonville State,fbs,Conference USA,34,0.042014241218566895,1642,1613,6.485979732495877,,NA,NA
401754536,2025,3,regular,2025-09-13T23:00:00.000Z,FALSE,TRUE,FALSE,FALSE,57627,3799,Lane Stadium,259,Virginia Tech,fbs,ACC,26,0.09397724270820618,1502,1452,295,Old Dominion,fbs,Sun Belt,45,0.9060227572917938,1480,1530,3.011007830057404,,NA,NA
401752707,2025,3,regular,2025-09-13T23:30:00.000Z,FALSE,TRUE,FALSE,FALSE,77622,3855,Notre Dame Stadium,87,Notre Dame,fbs,FBS Independents,40,0.3599589765071869,2166,2141,245,Texas A&M,fbs,SEC,41,0.6400410234928131,1724,1749,8.103345635698446,,NA,NA
401752699,2025,3,regular,2025-09-13T23:30:00.000Z,FALSE,TRUE,FALSE,TRUE,102158,3958,Tiger Stadium (LA),99,LSU,fbs,SEC,20,0.9313405752182007,1735,1747,57,Florida,fbs,SEC,10,0.06865942478179932,1668,1656,5.779301403355406,,NA,NA
401752698,2025,3,regular,2025-09-13T23:30:00.000Z,FALSE,TRUE,FALSE,FALSE,58489,3683,Kroger Field,96,Kentucky,fbs,SEC,48,0.9979289770126343,1524,1557,2199,Eastern Michigan,fbs,Mid-American,23,0.0020710229873657227,1253,1220,3.6645728040247083,,NA,NA
401757257,2025,3,regular,2025-09-13T23:30:00.000Z,FALSE,TRUE,FALSE,TRUE,60229,3776,Joe Aillet Stadium,2348,Louisiana Tech,fbs,Conference USA,49,0.9940977692604065,1392,1471,166,New Mexico State,fbs,Conference USA,14,0.005902230739593506,1244,1165,3.565683321277412,,NA,NA
401752830,2025,3,regular,2025-09-13T23:30:00.000Z,FALSE,TRUE,FALSE,FALSE,69250,3793,Kinnick Stadium,2294,Iowa,fbs,Big Ten,47,0.9895370602607727,1680,1723,113,Massachusetts,fbs,Mid-American,7,0.010462939739227295,1101,1058,2.706172889122278,,NA,NA
401761604,2025,3,regular,2025-09-13T23:30:00.000Z,FALSE,TRUE,FALSE,FALSE,21634,3654,Brooks Stadium (SC),324,Coastal Carolina,fbs,Sun Belt,0,0,1262,1172,151,East Carolina,fbs,American Athletic,38,1,1429,1519,3.8528115010189783,,NA,NA
401752704,2025,3,regular,2025-09-13T23:45:00.000Z,FALSE,TRUE,FALSE,TRUE,79873,3994,Williams-Brice Stadium,2579,South Carolina,fbs,SEC,7,0.0192426610738039,1729,1645,238,Vanderbilt,fbs,SEC,31,0.9807573389261961,1570,1654,4.458445004730975,,NA,NA
401762465,2025,3,regular,2025-09-14T00:00:00.000Z,FALSE,TRUE,FALSE,TRUE,20103,3674,Chapman Stadium,202,Tulsa,fbs,American Athletic,23,0.01311210636049509,1043,1046,2426,Navy,fbs,American Athletic,42,0.9868878936395049,1553,1550,4.787999254795146,,NA,NA
401756895,2025,3,regular,2025-09-14T00:00:00.000Z,FALSE,TRUE,FALSE,FALSE,23500,3984,War Memorial Stadium,2751,Wyoming,fbs,Mountain West,6,9.106388315558434e-4,1377,1339,254,Utah,fbs,Big 12,31,0.9990893611684442,1630,1668,3.6670493757129026,,NA,NA
401756894,2025,3,regular,2025-09-14T00:00:00.000Z,FALSE,TRUE,FALSE,FALSE,48094,3616,Amon G. Carter Stadium,2628,TCU,fbs,Big 12,42,0.6292220950126648,1726,1726,2000,Abilene Christian,fcs,UAC,21,0.3707779049873352,NA,NA,3.0274399303276147,,NA,NA
401754534,2025,3,regular,2025-09-14T00:00:00.000Z,FALSE,TRUE,FALSE,FALSE,30000,4729,Yulman Stadium,2655,Tulane,fbs,American Athletic,34,0.8578504920005798,1642,1642,150,Duke,fbs,ACC,27,0.14214950799942017,1462,1462,3.9642182675078077,,NA,NA
401762463,2025,3,regular,2025-09-14T00:30:00.000Z,FALSE,TRUE,FALSE,FALSE,17823,7221,Protective Stadium,5,UAB,fbs,American Athletic,31,0.5819172263145447,1309,1307,2006,Akron,fbs,Mid-American,28,0.4180827736854553,1058,1060,5.763485619363661,,NA,NA
401760368,2025,3,regular,2025-09-14T01:45:00.000Z,FALSE,TRUE,FALSE,TRUE,17124,3905,Maverik Stadium,328,Utah State,fbs,Mountain West,49,1,1394,1442,2005,Air Force,fbs,Mountain West,30,0,1438,1390,5.7210732334539,,NA,NA
401760369,2025,3,regular,2025-09-14T02:00:00.000Z,FALSE,TRUE,FALSE,FALSE,37210,3660,Valley Children's Stadium,278,Fresno State,fbs,Mountain West,56,0.9841591715812683,1458,1458,2582,Southern,fcs,SWAC,7,0.01584082841873169,NA,NA,2.7328645123792015,,NA,NA
401754533,2025,3,regular,2025-09-14T02:30:00.000Z,FALSE,TRUE,FALSE,TRUE,22162,3940,Stanford Stadium,24,Stanford,fbs,ACC,30,0.9717102646827698,1260,1296,103,Boston College,fbs,ACC,20,0.028289735317230225,1506,1470,5.304368767390675,,NA,NA
401756889,2025,3,regular,2025-09-14T02:30:00.000Z,FALSE,TRUE,FALSE,FALSE,54005,3947,Mountain America Stadium,9,Arizona State,fbs,Big 12,34,0.8674847483634949,1688,1725,326,Texas State,fbs,Sun Belt,15,0.13251525163650513,1627,1590,3.6512044960993957,,NA,NA
401752840,2025,3,regular,2025-09-14T02:30:00.000Z,FALSE,TRUE,FALSE,FALSE,38556,3831,California Memorial Stadium,25,California,fbs,ACC,27,0.8964213728904724,1554,1586,135,Minnesota,fbs,Big Ten,14,0.10357862710952759,1625,1593,6.143238471096987,,NA,NA
401760370,2025,3,regular,2025-09-14T03:59:00.000Z,FALSE,TRUE,FALSE,FALSE,11936,7220,Clarence T.C. Ching Athletics Complex,62,Hawai'i,fbs,Mountain West,23,0.9574030637741089,1220,1220,2502,Portland State,fcs,Big Sky,3,0.04259693622589111,NA,NA,3.8012636067385865,,NA,NA
401762468,2025,4,regular,2025-09-18T23:30:00.000Z,FALSE,TRUE,FALSE,TRUE,13397,4418,Jerry Richardson Stadium,2429,Charlotte,fbs,American Athletic,17,0.13469073176383972,1200,1183,242,Rice,fbs,American Athletic,28,0.8653092682361603,1271,1288,4.3486835794294665,,NA,NA
401756900,2025,4,regular,2025-09-19T23:30:00.000Z,FALSE,TRUE,FALSE,FALSE,48842,3646,Boone Pickens Stadium,197,Oklahoma State,fbs,Big 12,12,0.15766753256320953,1202,1176,202,Tulsa,fbs,American Athletic,19,0.8423324674367905,1046,1072,4.265337484404841,,NA,NA
401752844,2025,4,regular,2025-09-20T00:00:00.000Z,FALSE,TRUE,FALSE,TRUE,55942,6577,SHI Stadium,164,Rutgers,fbs,Big Ten,28,0.24176590144634247,1593,1583,2294,Iowa,fbs,Big Ten,38,0.7582340985536575,1723,1733,6.504062292308946,,NA,NA
401754617,2025,4,regular,2025-09-20T16:00:00.000Z,FALSE,TRUE,FALSE,FALSE,57229,3799,Lane Stadium,259,Virginia Tech,fbs,ACC,38,0.9997121095657349,1449,1449,2747,Wofford,fcs,Southern,6,2.878904342651367e-4,NA,NA,3.010808101043926,,NA,NA
401762469,2025,4,regular,2025-09-20T16:00:00.000Z,FALSE,TRUE,FALSE,TRUE,28446,3841,Michie Stadium,349,Army,fbs,American Athletic,38,0.49023255705833435,1615,1599,249,North Texas,fbs,American Athletic,45,0.5097674429416656,1585,1601,5.938978446833998,,NA,NA
401762470,2025,4,regular,2025-09-20T16:00:00.000Z,FALSE,TRUE,FALSE,FALSE,28461,3886,Raymond James Stadium,58,South Florida,fbs,American Athletic,63,0.9767788648605347,1477,1477,2569,South Carolina State,fcs,MEAC,14,0.023221135139465332,NA,NA,3.246837687818147,,NA,NA
401756901,2025,4,regular,2025-09-20T16:00:00.000Z,FALSE,TRUE,FALSE,TRUE,52236,587,Rice-Eccles Stadium,254,Utah,fbs,Big 12,10,0.0266287662088871,1668,1607,2641,Texas Tech,fbs,Big 12,34,0.9733712337911129,1690,1751,5.001086331842076,,NA,NA
401752708,2025,4,regular,2025-09-20T16:00:00.000Z,FALSE,TRUE,FALSE,FALSE,39861,3805,Simmons Bank Liberty Stadium,235,Memphis,fbs,American Athletic,32,0.752167284488678,1658,1659,8,Arkansas,fbs,SEC,31,0.24783271551132202,1678,1677,7.701989437202119,,NA,NA
401752845,2025,4,regular,2025-09-20T16:00:00.000Z,FALSE,TRUE,FALSE,TRUE,68547,347,Camp Randall Stadium,275,Wisconsin,fbs,Big Ten,10,0.16641175746917725,1591,1543,120,Maryland,fbs,Big Ten,27,0.8335882425308228,1526,1574,3.246110005059111,,NA,NA
401754636,2025,4,regular,2025-09-20T16:00:00.000Z,FALSE,TRUE,FALSE,FALSE,43333,3616,Amon G. Carter Stadium,2628,TCU,fbs,Big 12,35,0.8841467499732971,1713,1733,2567,SMU,fbs,ACC,24,0.11585325002670288,1711,1691,6.107027581915229,,NA,NA
401754537,2025,4,regular,2025-09-20T16:00:00.000Z,FALSE,TRUE,FALSE,TRUE,80225,3836,"Memorial Stadium (Clemson, SC)",228,Clemson,fbs,ACC,21,0.07824885100126266,1693,1642,183,Syracuse,fbs,ACC,34,0.9217511489987373,1484,1535,4.317694278621441,,NA,NA
401754642,2025,4,regular,2025-09-20T16:00:00.000Z,FALSE,TRUE,FALSE,FALSE,49482,3873,L&N Federal Credit Union Stadium,97,Louisville,fbs,ACC,40,0.9754416346549988,1727,1755,189,Bowling Green,fbs,Mid-American,17,0.02455836534500122,1456,1428,3.683376333055965,,NA,NA
401760376,2025,4,regular,2025-09-20T16:00:00.000Z,FALSE,TRUE,FALSE,FALSE,12625,3996,Yager Stadium,193,Miami (OH),fbs,Mid-American,38,0.07785177230834961,1422,1430,2439,UNLV,fbs,Mountain West,41,0.9221482276916504,1630,1622,6.0688546807834864,,NA,NA
401752715,2025,4,regular,2025-09-20T16:45:00.000Z,FALSE,TRUE,FALSE,FALSE,101915,3853,Neyland Stadium,2633,Tennessee,fbs,SEC,56,1,1809,1838,5,UAB,fbs,American Athletic,24,0,1307,1278,3.3978832449530665,,NA,NA
401762822,2025,4,regular,2025-09-20T17:00:00.000Z,FALSE,TRUE,FALSE,FALSE,18787,3786,Kelly/Shorts Stadium,2117,Central Michigan,fbs,Mid-American,49,0.9925546050071716,1069,1069,2681,Wagner,fcs,NEC,10,0.007445394992828369,NA,NA,3.349095161723038,,NA,NA
401752841,2025,4,regular,2025-09-20T19:00:00.000Z,FALSE,TRUE,FALSE,FALSE,58571,3626,Autzen Stadium,2483,Oregon,fbs,Big Ten,41,0.9918121695518494,1984,2001,204,Oregon State,fbs,Pac-12,7,0.008187830448150635,1314,1297,3.635835349470767,,NA,NA
401754640,2025,4,regular,2025-09-20T19:30:00.000Z,FALSE,TRUE,FALSE,FALSE,44206,3652,FBC Mortgage Stadium,2116,UCF,fbs,Big 12,34,0.9920005798339844,1554,1604,153,North Carolina,fbs,ACC,9,0.007999420166015625,1438,1388,3.5528065105861915,,NA,NA
401752848,2025,4,regular,2025-09-20T19:30:00.000Z,FALSE,TRUE,FALSE,FALSE,77622,3855,Notre Dame Stadium,87,Notre Dame,fbs,FBS Independents,56,1,2141,2126,2509,Purdue,fbs,Big Ten,30,0,1310,1325,4.592865576529613,,NA,NA
401762823,2025,4,regular,2025-09-20T19:30:00.000Z,FALSE,TRUE,FALSE,FALSE,22312,3876,Peden Stadium,195,Ohio,fbs,Mid-American,52,0.9500226378440857,1572,1572,2241,Gardner-Webb,fcs,Big South-OVC,35,0.04997736215591431,NA,NA,5.182222084728986,,NA,NA
401752714,2025,4,regular,2025-09-20T19:30:00.000Z,FALSE,TRUE,FALSE,TRUE,83639,3835,"Memorial Stadium (Norman, OK)",201,Oklahoma,fbs,SEC,24,0.8033507466316223,1742,1748,2,Auburn,fbs,SEC,17,0.19664925336837769,1686,1680,6.932946238654773,,NA,NA
401752711,2025,4,regular,2025-09-20T19:30:00.000Z,FALSE,TRUE,FALSE,FALSE,65644,3974,Vaught-Hemingway Stadium,145,Ole Miss,fbs,SEC,45,0.9863547682762146,1918,1981,2655,Tulane,fbs,American Athletic,10,0.0136452317237854,1642,1579,2.8547933682003763,,NA,NA
401761610,2025,4,regular,2025-09-20T19:30:00.000Z,FALSE,TRUE,FALSE,FALSE,18371,3912,Rynearson Stadium,2199,Eastern Michigan,fbs,Mid-American,34,0.6959960460662842,1220,1223,309,Louisiana,fbs,Sun Belt,31,0.3040039539337158,1367,1364,7.784561762400252,,NA,NA
401757169,2025,4,regular,2025-09-20T19:30:00.000Z,FALSE,TRUE,FALSE,FALSE,25025,3892,Pratt & Whitney Stadium,41,UConn,fbs,FBS Independents,31,0.7648097276687622,1445,1436,2050,Ball State,fbs,Mid-American,25,0.2351902723312378,1086,1095,4.549424892343512,,NA,NA
401757262,2025,4,regular,2025-09-20T19:30:00.000Z,FALSE,TRUE,FALSE,FALSE,24022,3992,Williams Stadium (VA),2335,Liberty,fbs,Conference USA,13,0.012324569746851921,1472,1442,256,James Madison,fbs,Sun Belt,31,0.9876754302531481,1606,1636,3.7421837106554343,,NA,NA
401752846,2025,4,regular,2025-09-20T19:30:00.000Z,FALSE,TRUE,FALSE,TRUE,87278,3834,"Memorial Stadium (Lincoln, NE)",158,Nebraska,fbs,Big Ten,27,0.362228125333786,1699,1703,130,Michigan,fbs,Big Ten,30,0.637771874666214,1852,1848,6.364445124145732,,NA,NA
401761613,2025,4,regular,2025-09-20T19:30:00.000Z,FALSE,TRUE,FALSE,FALSE,12068,3965,UB Stadium,2084,Buffalo,fbs,Mid-American,17,0.1638835072517395,1386,1383,2653,Troy,fbs,Sun Belt,21,0.8361164927482605,1435,1438,4.636984161676919,,NA,NA
401762820,2025,4,regular,2025-09-20T19:30:00.000Z,FALSE,TRUE,FALSE,TRUE,20744,3980,Waldo Stadium,2711,Western Michigan,fbs,Mid-American,14,0.4278900921344757,1246,1254,2649,Toledo,fbs,Mid-American,13,0.5721099078655243,1505,1497,5.977110270781994,,NA,NA
401754541,2025,4,regular,2025-09-20T19:30:00.000Z,FALSE,TRUE,FALSE,FALSE,67277,3697,Doak Campbell Stadium,52,Florida State,fbs,ACC,66,0.9918249249458313,1477,1577,2309,Kent State,fbs,Mid-American,10,0.008175075054168701,959,859,2.8488923788051816,,NA,NA
401754538,2025,4,regular,2025-09-20T20:00:00.000Z,FALSE,TRUE,FALSE,TRUE,30022,3982,Wallace Wade Stadium,150,Duke,fbs,ACC,45,0.9177067875862122,1462,1489,152,NC State,fbs,ACC,33,0.08229321241378784,1521,1494,6.954364216208502,,NA,NA
401752712,2025,4,regular,2025-09-20T20:15:00.000Z,FALSE,TRUE,FALSE,FALSE,45803,3693,Davis Wade Stadium,344,Mississippi State,fbs,SEC,38,0.989556610584259,1436,1512,2459,Northern Illinois,fbs,Mid-American,10,0.010443389415740967,1453,1377,4.129907605470833,,NA,NA
401754542,2025,4,regular,2025-09-20T20:30:00.000Z,FALSE,TRUE,FALSE,FALSE,45123,721,Bobby Dodd Stadium,59,Georgia Tech,fbs,ACC,45,0.993176281452179,1560,1576,218,Temple,fbs,American Athletic,24,0.006823718547821045,1221,1205,3.42030537138152,,NA,NA
401760375,2025,4,regular,2025-09-20T21:00:00.000Z,FALSE,TRUE,FALSE,FALSE,13155,3935,CEFCU Stadium,23,San José State,fbs,Mountain West,31,0.6595107316970825,1416,1416,70,Idaho,fcs,Big Sky,28,0.3404892683029175,NA,NA,7.84032994519351,,NA,NA
401762821,2025,4,regular,2025-09-20T22:00:00.000Z,FALSE,TRUE,FALSE,FALSE,8117,3768,InfoCision Stadium,2006,Akron,fbs,Mid-American,51,0.988182008266449,1064,1064,2184,Duquesne,fcs,NEC,7,0.011817991733551025,NA,NA,3.4655296890931564,,NA,NA
401757259,2025,4,regular,2025-09-20T22:00:00.000Z,FALSE,TRUE,FALSE,TRUE,11705,2031,Pitbull Stadium,2229,Florida International,fbs,Conference USA,16,0.0519399419426918,1367,1320,48,Delaware,fbs,Conference USA,38,0.9480600580573082,1454,1501,3.857832326216719,,NA,NA
401757261,2025,4,regular,2025-09-20T22:00:00.000Z,FALSE,TRUE,FALSE,FALSE,10713,4899,Fifth Third Stadium,338,Kennesaw State,fbs,Conference USA,28,0.9578986763954163,1200,1213,2032,Arkansas State,fbs,Sun Belt,21,0.04210132360458374,1257,1244,5.138697633960838,,NA,NA
401756899,2025,4,regular,2025-09-20T22:00:00.000Z,FALSE,TRUE,FALSE,TRUE,40320,3833,Memorial Stadium,2305,Kansas,fbs,Big 12,41,0.9924370050430298,1613,1680,277,West Virginia,fbs,Big 12,10,0.007562994956970215,1481,1414,3.234558752614132,,NA,NA
401757260,2025,4,regular,2025-09-20T23:00:00.000Z,FALSE,TRUE,FALSE,FALSE,21426,3662,AmFirst Stadium,55,Jacksonville State,fbs,Conference USA,45,0.9939760565757751,1623,1623,93,Murray State,fcs,MVFC,10,0.0060239434242248535,NA,NA,3.822360621855891,,NA,NA
401761611,2025,4,regular,2025-09-20T23:00:00.000Z,FALSE,TRUE,FALSE,TRUE,17050,6526,Hancock Whitney Stadium,6,South Alabama,fbs,Sun Belt,20,0.07848616689443588,1532,1445,324,Coastal Carolina,fbs,Sun Belt,38,0.9215138331055641,1172,1259,6.294906926418065,,NA,NA
401761609,2025,4,regular,2025-09-20T23:00:00.000Z,FALSE,TRUE,FALSE,FALSE,23217,3608,Allen E. Paulson Stadium,290,Georgia Southern,fbs,Sun Belt,45,0.9953067302703857,1347,1347,311,Maine,fcs,CAA,17,0.004693269729614258,NA,NA,4.557178440175789,,NA,NA
401757268,2025,4,regular,2025-09-20T23:00:00.000Z,FALSE,TRUE,FALSE,FALSE,17247,3796,Houchens Industries-L.T. Smith Stadium,98,Western Kentucky,fbs,Conference USA,31,0.8062244057655334,1390,1411,2440,Nevada,fbs,Mountain West,16,0.19377559423446655,1278,1257,6.351029424898943,,NA,NA
401760372,2025,4,regular,2025-09-20T23:00:00.000Z,FALSE,TRUE,FALSE,TRUE,24046,3713,Falcon Stadium,2005,Air Force,fbs,Mountain West,37,0.19783319532871246,1390,1381,68,Boise State,fbs,Mountain West,49,0.8021668046712875,1578,1587,7.33669359799025,,NA,NA
401757265,2025,4,regular,2025-09-20T23:00:00.000Z,FALSE,TRUE,FALSE,FALSE,14476,3878,Plaster Sports Complex,2623,Missouri State,fbs,Conference USA,42,0.9857033491134644,1316,1316,2630,UT Martin,fcs,Big South-OVC,10,0.014296650886535645,NA,NA,2.9102985478879524,,NA,NA
401752713,2025,4,regular,2025-09-20T23:00:00.000Z,FALSE,TRUE,FALSE,TRUE,57321,3838,Memorial Stadium,142,Missouri,fbs,SEC,29,0.890684187412262,1755,1762,2579,South Carolina,fbs,SEC,20,0.10931581258773804,1645,1638,6.949105660594177,,NA,NA
401757264,2025,4,regular,2025-09-20T23:00:00.000Z,FALSE,TRUE,FALSE,FALSE,15168,3725,"Johnny ""Red"" Floyd Stadium",2393,Middle Tennessee,fbs,Conference USA,28,0,1188,1185,276,Marshall,fbs,Sun Belt,42,1,1508,1511,7.080076248813927,,NA,NA
401756898,2025,4,regular,2025-09-20T23:30:00.000Z,FALSE,TRUE,FALSE,FALSE,47213,3699,Dowdy-Ficklen Stadium,151,East Carolina,fbs,American Athletic,13,0.014823171310126781,1519,1482,252,BYU,fbs,Big 12,34,0.9851768286898732,1666,1703,4.208961929345976,,NA,NA
401752716,2025,4,regular,2025-09-20T23:30:00.000Z,FALSE,TRUE,FALSE,FALSE,35000,3973,FirstBank Stadium,238,Vanderbilt,fbs,SEC,70,0.9940741062164307,1654,1741,2247,Georgia State,fbs,Sun Belt,21,0.005925893783569336,1213,1126,3.8432566987879238,,NA,NA
401756896,2025,4,regular,2025-09-20T23:30:00.000Z,FALSE,TRUE,FALSE,TRUE,40964,4727,McLane Stadium,239,Baylor,fbs,Big 12,24,0.8086299300193787,1583,1587,9,Arizona State,fbs,Big 12,27,0.19137006998062134,1725,1721,7.112305805049334,,NA,NA
401752842,2025,4,regular,2025-09-20T23:30:00.000Z,FALSE,TRUE,FALSE,FALSE,32952,3820,Gesa Field,265,Washington State,fbs,Pac-12,24,0,1379,1307,264,Washington,fbs,Big Ten,59,1,1604,1676,4.161728481343954,,NA,NA
401752843,2025,4,regular,2025-09-20T23:30:00.000Z,FALSE,TRUE,FALSE,TRUE,56088,3830,"Memorial Stadium (Bloomington, IN)",84,Indiana,fbs,Big Ten,63,0.9921911954879761,1869,2010,356,Illinois,fbs,Big Ten,10,0.007808804512023926,1708,1567,3.2365652411064496,,NA,NA
401757263,2025,4,regular,2025-09-20T23:30:00.000Z,FALSE,TRUE,FALSE,FALSE,17108,3776,Joe Aillet Stadium,2348,Louisiana Tech,fbs,Conference USA,30,0.8937344551086426,1471,1468,2572,Southern Miss,fbs,Sun Belt,20,0.10626554489135742,1178,1181,4.387080863629978,,NA,NA
401754539,2025,4,regular,2025-09-20T23:30:00.000Z,FALSE,TRUE,FALSE,TRUE,36223,3923,Scott Stadium,258,Virginia,fbs,ACC,48,0.9902341961860657,1518,1565,24,Stanford,fbs,ACC,20,0.009765803813934326,1296,1249,3.680080334067038,,NA,NA
401752709,2025,4,regular,2025-09-20T23:30:00.000Z,FALSE,TRUE,FALSE,FALSE,66713,3948,Hard Rock Stadium,2390,Miami,fbs,ACC,26,1,1825,1852,57,Florida,fbs,SEC,7,0,1656,1629,4.365869757445546,,NA,NA
401752710,2025,4,regular,2025-09-20T23:45:00.000Z,FALSE,TRUE,FALSE,FALSE,102219,3958,Tiger Stadium (LA),99,LSU,fbs,SEC,56,0.9890648722648621,1747,1747,2545,SE Louisiana,fcs,Southland,10,0.01093512773513794,NA,NA,2.9933303145607626,,NA,NA
401761612,2025,4,regular,2025-09-21T00:00:00.000Z,FALSE,TRUE,FALSE,FALSE,31500,3644,Bobcat Stadium (TX),326,Texas State,fbs,Sun Belt,35,0.9768553972244263,1590,1590,2447,Nicholls,fcs,Southland,3,0.02314460277557373,NA,NA,3.4258046713262478,,NA,NA
401752723,2025,4,regular,2025-09-21T00:00:00.000Z,FALSE,TRUE,FALSE,FALSE,103003,3910,DKR-Texas Memorial Stadium,251,Texas,fbs,SEC,55,0.9902904629707336,1878,1972,2534,Sam Houston,fbs,Conference USA,0,0.009709537029266357,1337,1243,2.8833695642232984,,NA,NA
401760377,2025,4,regular,2025-09-21T00:00:00.000Z,FALSE,TRUE,FALSE,FALSE,16273,3905,Maverik Stadium,328,Utah State,fbs,Mountain West,48,0.9917429685592651,1436,1436,2377,McNeese,fcs,Southland,7,0.008257031440734863,NA,NA,3.464450368379769,,NA,NA
401757267,2025,4,regular,2025-09-21T01:00:00.000Z,FALSE,TRUE,FALSE,FALSE,15272,3946,Sun Bowl,2638,UTEP,fbs,Conference USA,25,0.014832880347967148,1248,1227,2433,UL Monroe,fbs,Sun Belt,31,0.9851671196520329,1116,1137,5.968620563481887,,NA,NA
401760373,2025,4,regular,2025-09-21T01:30:00.000Z,FALSE,TRUE,FALSE,FALSE,32061,5388,Canvas Stadium,36,Colorado State,fbs,Mountain West,16,0.8162055611610413,1363,1368,2636,UTSA,fbs,American Athletic,17,0.18379443883895874,1499,1494,7.314316560895462,,NA,NA
401756897,2025,4,regular,2025-09-21T02:15:00.000Z,FALSE,TRUE,FALSE,FALSE,53442,3726,Folsom Field,38,Colorado,fbs,Big 12,37,0.9935250282287598,1604,1617,2751,Wyoming,fbs,Mountain West,20,0.006474971771240234,1339,1326,3.8866590835890054,,NA,NA
401754540,2025,4,regular,2025-09-21T02:30:00.000Z,FALSE,TRUE,FALSE,FALSE,31369,7311,Snapdragon Stadium,21,San Diego State,fbs,Mountain West,34,0.9996335506439209,1283,1422,25,California,fbs,ACC,0,3.6644935607910156e-4,1586,1447,3.5363572091938447,,NA,NA
401752847,2025,4,regular,2025-09-21T03:00:00.000Z,FALSE,TRUE,FALSE,TRUE,67614,477,Los Angeles Memorial Coliseum,30,USC,fbs,Big Ten,45,0.9655723571777344,1878,1869,127,Michigan State,fbs,Big Ten,31,0.034427642822265625,1405,1414,4.329006196144637,,NA,NA
401760374,2025,4,regular,2025-09-21T03:59:00.000Z,FALSE,TRUE,FALSE,TRUE,13789,7220,Clarence T.C. Ching Athletics Complex,62,Hawai'i,fbs,Mountain West,21,0.03809016942977905,1238,1250,278,Fresno State,fbs,Mountain West,23,0.961909830570221,1522,1510,6.726265961961575,,NA,NA
401762471,2025,5,regular,2025-09-25T23:30:00.000Z,FALSE,TRUE,FALSE,TRUE,32497,3699,Dowdy-Ficklen Stadium,151,East Carolina,fbs,American Athletic,28,0.9856498837471008,1482,1548,349,Army,fbs,American Athletic,6,0.01435011625289917,1599,1533,2.818815115022702,,NA,NA
401754543,2025,5,regular,2025-09-26T23:00:00.000Z,FALSE,TRUE,FALSE,TRUE,50107,3923,Scott Stadium,258,Virginia,fbs,ACC,46,0.3987348675727844,1565,1578,52,Florida State,fbs,ACC,38,0.6012651324272156,1577,1564,11.482102852327786,,NA,NA
401756902,2025,5,regular,2025-09-27T01:00:00.000Z,FALSE,TRUE,FALSE,TRUE,53774,3947,Mountain America Stadium,9,Arizona State,fbs,Big 12,27,0.8925284147262573,1721,1722,2628,TCU,fbs,Big 12,24,0.10747158527374268,1733,1732,7.2247709465896754,,NA,NA
401752939,2025,5,regular,2025-09-27T02:30:00.000Z,FALSE,TRUE,FALSE,FALSE,29338,3893,Reser Stadium,204,Oregon State,fbs,Pac-12,24,0.9730728268623352,1297,1304,248,Houston,fbs,Big 12,27,0.026927173137664795,1497,1490,6.212626502878512,,NA,NA
401754547,2025,5,regular,2025-09-27T16:00:00.000Z,FALSE,TRUE,FALSE,TRUE,45301,3752,Acrisure Stadium,221,Pittsburgh,fbs,ACC,27,0.19548064470291138,1506,1511,97,Louisville,fbs,ACC,34,0.8045193552970886,1755,1750,5.393030338489725,,NA,NA
401752717,2025,5,regular,2025-09-27T16:00:00.000Z,FALSE,TRUE,FALSE,FALSE,75111,3887,Razorback Stadium,8,Arkansas,fbs,SEC,13,0.07294102758169174,1677,1608,87,Notre Dame,fbs,FBS Independents,56,0.9270589724183083,2126,2195,3.1141392481338106,,NA,NA
401754545,2025,5,regular,2025-09-27T16:00:00.000Z,FALSE,TRUE,FALSE,TRUE,44451,1964,JMA Wireless Dome,183,Syracuse,fbs,ACC,3,0,1535,1426,150,Duke,fbs,ACC,38,1,1489,1598,4.2228872621589435,,NA,NA
401761617,2025,5,regular,2025-09-27T16:00:00.000Z,FALSE,TRUE,FALSE,FALSE,16575,3825,DATCU Stadium,249,North Texas,fbs,American Athletic,36,0.9907292127609253,1601,1616,6,South Alabama,fbs,Sun Belt,22,0.009270787239074707,1445,1430,5.824672877191597,,NA,NA
401756906,2025,5,regular,2025-09-27T16:00:00.000Z,FALSE,TRUE,FALSE,TRUE,53013,3636,Bill Snyder Family Stadium,2306,Kansas State,fbs,Big 12,34,0.954622745513916,1640,1665,2116,UCF,fbs,Big 12,20,0.045377254486083984,1604,1579,4.375843907782124,,NA,NA
401752849,2025,5,regular,2025-09-27T16:00:00.000Z,FALSE,TRUE,FALSE,TRUE,46234,3953,Huntington Bank Stadium,135,Minnesota,fbs,Big Ten,31,0.7687037587165833,1593,1594,164,Rutgers,fbs,Big Ten,28,0.23129624128341675,1583,1582,7.7372829888998975,,NA,NA
401756905,2025,5,regular,2025-09-27T16:00:00.000Z,FALSE,TRUE,FALSE,TRUE,41525,3833,Memorial Stadium,2305,Kansas,fbs,Big 12,34,0.6432141065597534,1680,1664,2132,Cincinnati,fbs,Big 12,37,0.3567858934402466,1504,1520,8.502777237602228,,NA,NA
401762825,2025,5,regular,2025-09-27T16:00:00.000Z,FALSE,TRUE,FALSE,TRUE,20027,3876,Peden Stadium,195,Ohio,fbs,Mid-American,35,0.9893947243690491,1587,1604,189,Bowling Green,fbs,Mid-American,20,0.010605275630950928,1428,1411,4.665737287908178,,NA,NA
401752850,2025,5,regular,2025-09-27T16:00:00.000Z,FALSE,TRUE,FALSE,TRUE,60670,3832,"Memorial Stadium (Champaign, IL)",356,Illinois,fbs,Big Ten,34,0.6197293996810913,1567,1571,30,USC,fbs,Big Ten,32,0.3802706003189087,1869,1865,6.472032101331806,,NA,NA
401754546,2025,5,regular,2025-09-27T16:00:00.000Z,FALSE,TRUE,FALSE,TRUE,30264,3630,Allegacy Federal Credit Union Stadium,154,Wake Forest,fbs,ACC,29,0.8997204899787903,1383,1391,59,Georgia Tech,fbs,ACC,30,0.10027951002120972,1576,1568,7.33496724032895,,NA,NA
401752725,2025,5,regular,2025-09-27T16:45:00.000Z,FALSE,TRUE,FALSE,FALSE,33688,3973,FirstBank Stadium,238,Vanderbilt,fbs,SEC,55,0.9848642945289612,1741,1758,328,Utah State,fbs,Mountain West,35,0.015135705471038818,1442,1425,5.243450773818561,,NA,NA
401762826,2025,5,regular,2025-09-27T17:00:00.000Z,FALSE,TRUE,FALSE,TRUE,28605,3786,Kelly/Shorts Stadium,2117,Central Michigan,fbs,Mid-American,24,0.9685516953468323,1094,1124,2199,Eastern Michigan,fbs,Mid-American,13,0.031448304653167725,1223,1193,3.138328417036706,,NA,NA
401761614,2025,5,regular,2025-09-27T17:30:00.000Z,FALSE,TRUE,FALSE,TRUE,25029,3651,Bridgeforth Stadium,256,James Madison,fbs,Sun Belt,35,0.9939213395118713,1636,1669,290,Georgia Southern,fbs,Sun Belt,10,0.006078660488128662,1357,1324,3.3107124992600028,,NA,NA
401761616,2025,5,regular,2025-09-27T19:00:00.000Z,FALSE,TRUE,FALSE,TRUE,21147,3817,Malone Stadium,2433,UL Monroe,fbs,Sun Belt,28,0.9769008755683899,1137,1168,2032,Arkansas State,fbs,Sun Belt,16,0.023099124431610107,1244,1213,6.21577713542159,,NA,NA
401762473,2025,5,regular,2025-09-27T19:30:00.000Z,FALSE,TRUE,FALSE,TRUE,28873,3852,Navy-Marine Corps Memorial Stadium,2426,Navy,fbs,American Athletic,21,0.9932585954666138,1550,1547,242,Rice,fbs,American Athletic,13,0.0067414045333862305,1288,1291,3.2905691020692287,,NA,NA
401762827,2025,5,regular,2025-09-27T19:30:00.000Z,FALSE,TRUE,FALSE,FALSE,10504,3996,Yager Stadium,193,Miami (OH),fbs,Mid-American,38,0.9914972186088562,1495,1495,2815,Lindenwood,fcs,Big South-OVC,0,0.008502781391143799,NA,NA,3.295055142641819,,NA,NA
401762824,2025,5,regular,2025-09-27T19:30:00.000Z,FALSE,TRUE,FALSE,TRUE,24535,3739,Glass Bowl,2649,Toledo,fbs,Mid-American,45,0.9890300631523132,1497,1562,2006,Akron,fbs,Mid-American,3,0.010969936847686768,1060,995,2.5281850060338633,,NA,NA
401752724,2025,5,regular,2025-09-27T19:30:00.000Z,FALSE,TRUE,FALSE,TRUE,108449,3795,Kyle Field,245,Texas A&M,fbs,SEC,16,0.9677963852882385,1749,1753,2,Auburn,fbs,SEC,10,0.032203614711761475,1680,1676,4.577847616080531,,NA,NA
401752719,2025,5,regular,2025-09-27T19:30:00.000Z,FALSE,TRUE,FALSE,TRUE,67737,3974,Vaught-Hemingway Stadium,145,Ole Miss,fbs,SEC,24,0.9501707553863525,1981,1977,99,LSU,fbs,SEC,19,0.04982924461364746,1747,1751,6.351142399940396,,NA,NA
401757170,2025,5,regular,2025-09-27T19:30:00.000Z,FALSE,TRUE,FALSE,FALSE,12717,3965,UB Stadium,2084,Buffalo,fbs,Mid-American,17,0.30812010169029236,1383,1382,41,UConn,fbs,FBS Independents,20,0.6918798983097076,1436,1437,5.418023678480578,,NA,NA
401752852,2025,5,regular,2025-09-27T19:30:00.000Z,FALSE,TRUE,FALSE,TRUE,72485,3765,Husky Stadium,264,Washington,fbs,Big Ten,6,0,1676,1665,194,Ohio State,fbs,Big Ten,24,1,2010,2021,3.5693821702972266,,NA,NA
401752851,2025,5,regular,2025-09-27T19:30:00.000Z,FALSE,TRUE,FALSE,TRUE,12023,5960,Lanny and Sharon Martin Stadium,77,Northwestern,fbs,Big Ten,17,0.5944004058837891,1411,1411,26,UCLA,fbs,Big Ten,14,0.40559959411621094,1331,1331,3.8213794817334423,,NA,NA
401756908,2025,5,regular,2025-09-27T19:30:00.000Z,FALSE,TRUE,FALSE,TRUE,53965,3842,Milan Puskar Stadium,277,West Virginia,fbs,Big 12,14,0.013404934667050838,1414,1341,254,Utah,fbs,Big 12,48,0.9865950653329492,1607,1680,3.294367911328435,,NA,NA
401752853,2025,5,regular,2025-09-27T19:30:00.000Z,FALSE,TRUE,FALSE,TRUE,69250,3793,Kinnick Stadium,2294,Iowa,fbs,Big Ten,15,0.13925829529762268,1733,1743,84,Indiana,fbs,Big Ten,20,0.8607417047023773,2010,2000,7.018765473483252,,NA,NA
401754544,2025,5,regular,2025-09-27T19:30:00.000Z,FALSE,TRUE,FALSE,TRUE,44500,3615,"Alumni Stadium (Chestnut Hill, MA)",103,Boston College,fbs,ACC,24,0.4741590917110443,1470,1462,25,California,fbs,ACC,28,0.5258409082889557,1447,1455,6.918061132137002,,NA,NA
401756907,2025,5,regular,2025-09-27T19:30:00.000Z,FALSE,TRUE,FALSE,TRUE,45689,3646,Boone Pickens Stadium,197,Oklahoma State,fbs,Big 12,27,0.02303645946085453,1176,1173,239,Baylor,fbs,Big 12,45,0.9769635405391455,1587,1590,6.252031557586193,,NA,NA
401760380,2025,5,regular,2025-09-27T19:30:00.000Z,FALSE,TRUE,FALSE,FALSE,13512,3764,Huskie Stadium,2459,Northern Illinois,fbs,Mid-American,3,0.4219529628753662,1377,1375,21,San Diego State,fbs,Mountain West,6,0.5780470371246338,1422,1424,5.207526340091206,,NA,NA
401760378,2025,5,regular,2025-09-27T20:00:00.000Z,FALSE,TRUE,FALSE,TRUE,22677,3713,Falcon Stadium,2005,Air Force,fbs,Mountain West,35,0.4892660975456238,1381,1351,62,Hawai'i,fbs,Mountain West,44,0.5107339024543762,1250,1280,6.016653245970114,,NA,NA
401762474,2025,5,regular,2025-09-27T20:00:00.000Z,FALSE,TRUE,FALSE,TRUE,16311,3674,Chapman Stadium,202,Tulsa,fbs,American Athletic,14,0.006806503981351852,1072,1079,2655,Tulane,fbs,American Athletic,31,0.9931934960186481,1579,1572,5.984301461097488,,NA,NA
401757274,2025,5,regular,2025-09-27T20:00:00.000Z,FALSE,TRUE,FALSE,FALSE,37440,3971,University Stadium (NM),167,New Mexico,fbs,Mountain West,38,0.9894112348556519,1408,1426,166,New Mexico State,fbs,Conference USA,20,0.010588765144348145,1165,1147,6.651083798281779,,NA,NA
401752720,2025,5,regular,2025-09-27T20:15:00.000Z,FALSE,TRUE,FALSE,TRUE,60417,3693,Davis Wade Stadium,344,Mississippi State,fbs,SEC,34,0.230798602104187,1512,1523,2633,Tennessee,fbs,SEC,41,0.769201397895813,1838,1827,12.221003244928562,,NA,NA
401757270,2025,5,regular,2025-09-27T22:00:00.000Z,FALSE,TRUE,FALSE,TRUE,11040,4899,Fifth Third Stadium,338,Kennesaw State,fbs,Conference USA,24,0.8154813647270203,1213,1223,2393,Middle Tennessee,fbs,Conference USA,16,0.18451863527297974,1185,1175,3.9535830288097205,,NA,NA
401757271,2025,5,regular,2025-09-27T22:00:00.000Z,FALSE,TRUE,FALSE,FALSE,18435,3918,S.B. Ballard Stadium,295,Old Dominion,fbs,Sun Belt,21,0.9896408915519714,1530,1551,2335,Liberty,fbs,Conference USA,7,0.010359108448028564,1442,1421,4.860975275039004,,NA,NA
401762828,2025,5,regular,2025-09-27T22:30:00.000Z,FALSE,TRUE,FALSE,FALSE,20191,3980,Waldo Stadium,2711,Western Michigan,fbs,Mid-American,47,0.9985979199409485,1255,1255,227,Rhode Island,fcs,CAA,14,0.0014020800590515137,NA,NA,3.932190889151084,,NA,NA
401756904,2025,5,regular,2025-09-27T23:00:00.000Z,FALSE,TRUE,FALSE,TRUE,61500,3772,Jack Trice Stadium,66,Iowa State,fbs,Big 12,39,0.9961305260658264,1608,1655,12,Arizona,fbs,Big 12,14,0.003869473934173584,1469,1422,3.4737545211492207,,NA,NA
401757269,2025,5,regular,2025-09-27T23:00:00.000Z,FALSE,TRUE,FALSE,FALSE,25034,3815,M. M. Roberts Stadium,2572,Southern Miss,fbs,Sun Belt,42,0.9930472373962402,1181,1265,55,Jacksonville State,fbs,Conference USA,25,0.006952762603759766,1613,1529,3.523140658384396,,NA,NA
401762472,2025,5,regular,2025-09-27T23:00:00.000Z,FALSE,TRUE,FALSE,TRUE,17733,3715,FAU Stadium,2226,Florida Atlantic,fbs,American Athletic,26,0,1231,1201,235,Memphis,fbs,American Athletic,55,1,1659,1689,6.5867582029500635,,NA,NA
401757273,2025,5,regular,2025-09-27T23:00:00.000Z,FALSE,TRUE,FALSE,TRUE,10068,3878,Plaster Sports Complex,2623,Missouri State,fbs,Conference USA,22,0.07517991960048676,1338,1335,98,Western Kentucky,fbs,Conference USA,27,0.9248200803995132,1411,1414,6.079149938303324,,NA,NA
401754548,2025,5,regular,2025-09-27T23:00:00.000Z,FALSE,TRUE,FALSE,TRUE,56919,3670,Carter-Finley Stadium,152,NC State,fbs,ACC,21,0.41979116201400757,1494,1489,259,Virginia Tech,fbs,ACC,23,0.5802088379859924,1452,1457,6.646683052975088,,NA,NA
401752721,2025,5,regular,2025-09-27T23:30:00.000Z,FALSE,TRUE,FALSE,FALSE,57321,3838,Memorial Stadium,142,Missouri,fbs,SEC,42,0.9878277778625488,1762,1781,113,Massachusetts,fbs,Mid-American,6,0.012172222137451172,1058,1039,3.1107749721445184,,NA,NA
401760379,2025,5,regular,2025-09-27T23:30:00.000Z,FALSE,TRUE,FALSE,FALSE,32904,3653,Albertsons Stadium,68,Boise State,fbs,Mountain West,47,0.9969602227210999,1587,1653,2026,App State,fbs,Sun Belt,14,0.0030397772789001465,1390,1324,3.521296637474729,,NA,NA
401752950,2025,5,regular,2025-09-27T23:30:00.000Z,FALSE,TRUE,FALSE,FALSE,32087,5388,Canvas Stadium,36,Colorado State,fbs,Mountain West,3,0.049715470522642136,1368,1320,265,Washington State,fbs,Pac-12,20,0.9502845294773579,1307,1355,4.024978427575145,,NA,NA
401752854,2025,5,regular,2025-09-27T23:30:00.000Z,FALSE,TRUE,FALSE,TRUE,111015,3632,Beaver Stadium,213,Penn State,fbs,Big Ten,24,0.2777531147003174,2087,2070,2483,Oregon,fbs,Big Ten,30,0.7222468852996826,2001,2018,6.821436627621328,,NA,NA
401754549,2025,5,regular,2025-09-27T23:30:00.000Z,FALSE,TRUE,FALSE,FALSE,26357,3940,Stanford Stadium,24,Stanford,fbs,ACC,30,0.5865718722343445,1249,1255,23,San José State,fbs,Mountain West,29,0.4134281277656555,1429,1423,8.263393671122726,,NA,NA
401752718,2025,5,regular,2025-09-27T23:30:00.000Z,FALSE,TRUE,FALSE,TRUE,93033,3917,Sanford Stadium,61,Georgia,fbs,SEC,21,0.22983206808567047,2043,2033,333,Alabama,fbs,SEC,24,0.7701679319143295,1948,1958,6.310283181926513,,NA,NA
401752722,2025,5,regular,2025-09-27T23:45:00.000Z,FALSE,TRUE,FALSE,TRUE,79266,3994,Williams-Brice Stadium,2579,South Carolina,fbs,SEC,35,0.98853600025177,1638,1682,96,Kentucky,fbs,SEC,13,0.01146399974822998,1557,1513,4.308897836720662,,NA,NA
401761615,2025,5,regular,2025-09-28T00:00:00.000Z,FALSE,TRUE,FALSE,TRUE,20125,3666,Cajun Field,309,Louisiana,fbs,Sun Belt,54,0.032249175012111664,1364,1367,276,Marshall,fbs,Sun Belt,51,0.9677508249878883,1511,1508,7.244884201835037,,NA,NA
401757272,2025,5,regular,2025-09-28T01:00:00.000Z,FALSE,TRUE,FALSE,TRUE,13013,3946,Sun Bowl,2638,UTEP,fbs,Conference USA,11,0.09283702075481415,1227,1205,2348,Louisiana Tech,fbs,Conference USA,30,0.9071629792451859,1468,1490,4.2935016288278005,,NA,NA
401756903,2025,5,regular,2025-09-28T02:15:00.000Z,FALSE,TRUE,FALSE,TRUE,52265,3726,Folsom Field,38,Colorado,fbs,Big 12,21,0.23440313339233398,1617,1618,252,BYU,fbs,Big 12,24,0.765596866607666,1703,1702,5.397702544157396,,NA,NA
401757275,2025,6,regular,2025-10-03T01:00:00.000Z,FALSE,TRUE,FALSE,TRUE,9089,3601,Aggie Memorial Stadium,166,New Mexico State,fbs,Conference USA,37,0.9957097768783569,1147,1229,2534,Sam Houston,fbs,Conference USA,10,0.004290223121643066,1243,1161,4.112097838653908,,NA,NA
401757276,2025,6,regular,2025-10-03T23:00:00.000Z,FALSE,TRUE,FALSE,TRUE,19176,3695,Delaware Stadium,48,Delaware,fbs,Conference USA,24,0.081935353577137,1501,1491,98,Western Kentucky,fbs,Conference USA,27,0.918064646422863,1414,1424,5.912223443709713,,NA,NA
401762475,2025,6,regular,2025-10-03T23:00:00.000Z,FALSE,TRUE,FALSE,TRUE,34577,3886,Raymond James Stadium,58,South Florida,fbs,American Athletic,54,0.961682915687561,1482,1521,2429,Charlotte,fbs,American Athletic,26,0.038317084312438965,1183,1144,3.245227656426531,,NA,NA
401760384,2025,6,regular,2025-10-04T02:00:00.000Z,FALSE,TRUE,FALSE,TRUE,12109,3935,CEFCU Stadium,23,San José State,fbs,Mountain West,35,0.9446935653686523,1423,1433,167,New Mexico,fbs,Mountain West,28,0.055306434631347656,1426,1416,4.643820742347832,,NA,NA
401760382,2025,6,regular,2025-10-04T02:30:00.000Z,FALSE,TRUE,FALSE,TRUE,29019,7311,Snapdragon Stadium,21,San Diego State,fbs,Mountain West,45,0.9995191097259521,1424,1463,36,Colorado State,fbs,Mountain West,24,4.8089027404785156e-4,1320,1281,3.848804896588957,,NA,NA
401756909,2025,6,regular,2025-10-04T02:30:00.000Z,FALSE,TRUE,FALSE,TRUE,63917,3801,LaVell Edwards Stadium,252,BYU,fbs,Big 12,38,0.9516913294792175,1702,1701,277,West Virginia,fbs,Big 12,24,0.04830867052078247,1341,1342,3.686912742591524,,NA,NA
401754550,2025,6,regular,2025-10-04T16:00:00.000Z,FALSE,TRUE,FALSE,TRUE,51101,3752,Acrisure Stadium,221,Pittsburgh,fbs,ACC,48,0.9918763637542725,1511,1624,103,Boston College,fbs,ACC,7,0.008123636245727539,1462,1349,3.2821533939051295,,NA,NA
401756911,2025,6,regular,2025-10-04T16:00:00.000Z,FALSE,TRUE,FALSE,TRUE,35596,4727,McLane Stadium,239,Baylor,fbs,Big 12,35,0.5897729992866516,1590,1593,2306,Kansas State,fbs,Big 12,34,0.4102270007133484,1665,1662,8.2831570903209,,NA,NA
401752856,2025,6,regular,2025-10-04T16:00:00.000Z,FALSE,TRUE,FALSE,TRUE,111070,3558,Michigan Stadium,130,Michigan,fbs,Big Ten,24,0.9888097643852234,1848,1851,275,Wisconsin,fbs,Big Ten,10,0.011190235614776611,1543,1540,4.019750008330359,,NA,NA
401762476,2025,6,regular,2025-10-04T16:00:00.000Z,FALSE,TRUE,FALSE,TRUE,22489,7221,Protective Stadium,5,UAB,fbs,American Athletic,13,3.441516309976578e-4,1278,1260,349,Army,fbs,American Athletic,31,0.9996558483690023,1533,1551,4.306678498592513,,NA,NA
401752728,2025,6,regular,2025-10-04T16:00:00.000Z,FALSE,TRUE,FALSE,TRUE,93033,3917,Sanford Stadium,61,Georgia,fbs,SEC,35,1,2033,2033,96,Kentucky,fbs,SEC,14,0,1513,1513,3.7287531574740287,,NA,NA
401752861,2025,6,regular,2025-10-04T16:00:00.000Z,FALSE,TRUE,FALSE,TRUE,56551,3907,Ross-Ade Stadium,2509,Purdue,fbs,Big Ten,27,0.17251542210578918,1325,1311,356,Illinois,fbs,Big Ten,43,0.8274845778942108,1571,1585,4.648508792456986,,NA,NA
401760381,2025,6,regular,2025-10-04T16:00:00.000Z,FALSE,TRUE,FALSE,FALSE,37517,3852,Navy-Marine Corps Memorial Stadium,2426,Navy,fbs,American Athletic,34,0.6760159134864807,1547,1546,2005,Air Force,fbs,Mountain West,31,0.3239840865135193,1351,1352,7.489516700335208,,NA,NA
401754552,2025,6,regular,2025-10-04T16:00:00.000Z,FALSE,TRUE,FALSE,TRUE,50500,3787,Kenan Stadium,153,North Carolina,fbs,ACC,10,0.026435913518071175,1388,1342,228,Clemson,fbs,ACC,38,0.9735640864819288,1642,1688,3.1263997871486096,,NA,NA
401762830,2025,6,regular,2025-10-04T16:00:00.000Z,FALSE,TRUE,FALSE,TRUE,8427,3919,Scheumann Stadium,2050,Ball State,fbs,Mid-American,20,0.136994406580925,1095,1131,195,Ohio,fbs,Mid-American,14,0.863005593419075,1604,1568,7.9930994539417215,,NA,NA
401756912,2025,6,regular,2025-10-04T16:00:00.000Z,FALSE,TRUE,FALSE,TRUE,38007,3854,Nippert Stadium,2132,Cincinnati,fbs,Big 12,38,1,1520,1541,66,Iowa State,fbs,Big 12,30,0,1655,1634,4.456953828954155,,NA,NA
401762479,2025,6,regular,2025-10-04T17:00:00.000Z,FALSE,TRUE,FALSE,TRUE,12132,3806,Lincoln Financial Field,218,Temple,fbs,American Athletic,27,0.6703002452850342,1205,1228,2636,UTSA,fbs,American Athletic,21,0.3296997547149658,1494,1471,4.690615088294109,,NA,NA
401754556,2025,6,regular,2025-10-04T17:00:00.000Z,FALSE,TRUE,FALSE,TRUE,65632,3799,Lane Stadium,259,Virginia Tech,fbs,ACC,23,0.25663283467292786,1457,1439,154,Wake Forest,fbs,ACC,30,0.7433671653270721,1391,1409,6.575458124170345,,NA,NA
401754557,2025,6,regular,2025-10-04T18:00:00.000Z,FALSE,TRUE,FALSE,FALSE,56919,3670,Carter-Finley Stadium,152,NC State,fbs,ACC,56,0.9692317843437195,1488,1488,2097,Campbell,fcs,CAA,10,0.030768215656280518,NA,NA,3.478994264761209,,NA,NA
401762832,2025,6,regular,2025-10-04T18:30:00.000Z,FALSE,TRUE,FALSE,TRUE,10014,3985,Warren McGuirk Alumni Stadium,113,Massachusetts,fbs,Mid-American,3,0.0031924161594361067,1039,1017,2711,Western Michigan,fbs,Mid-American,21,0.9968075838405639,1254,1276,4.403949342086451,,NA,NA
401756910,2025,6,regular,2025-10-04T19:00:00.000Z,FALSE,TRUE,FALSE,TRUE,40685,3619,Arizona Stadium,12,Arizona,fbs,Big 12,41,0.9858812689781189,1422,1467,197,Oklahoma State,fbs,Big 12,13,0.014118731021881104,1173,1128,3.2078852869067482,,NA,NA
401752726,2025,6,regular,2025-10-04T19:30:00.000Z,FALSE,TRUE,FALSE,TRUE,100077,3657,Bryant-Denny Stadium,333,Alabama,fbs,SEC,30,0.9792400598526001,1958,1974,238,Vanderbilt,fbs,SEC,14,0.020759940147399902,1758,1742,5.76137188563929,,NA,NA
401752940,2025,6,regular,2025-10-04T19:30:00.000Z,FALSE,TRUE,FALSE,FALSE,35021,3792,Kidd Brewer Stadium,2026,App State,fbs,Sun Belt,27,0.7424425482749939,1324,1326,204,Oregon State,fbs,Pac-12,23,0.2575574517250061,1304,1302,5.6164422770416,,NA,NA
401757165,2025,6,regular,2025-10-04T19:30:00.000Z,FALSE,TRUE,FALSE,FALSE,77622,3855,Notre Dame Stadium,87,Notre Dame,fbs,FBS Independents,28,0.9840602278709412,2195,2194,68,Boise State,fbs,Mountain West,7,0.015939772129058838,1653,1654,4.635698235011022,,NA,NA
401757171,2025,6,regular,2025-10-04T19:30:00.000Z,FALSE,TRUE,FALSE,FALSE,27310,3892,Pratt & Whitney Stadium,41,UConn,fbs,FBS Independents,51,0.9888136386871338,1437,1541,2229,Florida International,fbs,Conference USA,10,0.011186361312866211,1320,1216,3.4236542563969277,,NA,NA
401762829,2025,6,regular,2025-10-04T19:30:00.000Z,FALSE,TRUE,FALSE,TRUE,8995,3768,InfoCision Stadium,2006,Akron,fbs,Mid-American,28,0.8367872834205627,995,1009,2117,Central Michigan,fbs,Mid-American,22,0.16321271657943726,1124,1110,5.829754243974867,,NA,NA
401761618,2025,6,regular,2025-10-04T19:30:00.000Z,FALSE,TRUE,FALSE,TRUE,19256,4246,Center Parc Stadium,2247,Georgia State,fbs,Sun Belt,7,0.3364444673061371,1126,1150,256,James Madison,fbs,Sun Belt,14,0.6635555326938629,1669,1645,4.209128497176163,,NA,NA
401752855,2025,6,regular,2025-10-04T19:30:00.000Z,FALSE,TRUE,FALSE,TRUE,39256,1056,Rose Bowl,26,UCLA,fbs,Big Ten,42,0.5336061120033264,1331,1373,213,Penn State,fbs,Big Ten,37,0.4663938879966736,2070,2028,5.9551629784389,,NA,NA
401752727,2025,6,regular,2025-10-04T19:30:00.000Z,FALSE,TRUE,FALSE,TRUE,90714,3634,Ben Hill Griffin Stadium,57,Florida,fbs,SEC,29,0.9474726319313049,1629,1665,251,Texas,fbs,SEC,21,0.05252736806869507,1972,1936,4.124699346739427,,NA,NA
401754555,2025,6,regular,2025-10-04T19:30:00.000Z,FALSE,TRUE,FALSE,TRUE,34845,3735,Gerald J. Ford Stadium,2567,SMU,fbs,ACC,31,0.9434120059013367,1691,1695,183,Syracuse,fbs,ACC,18,0.05658799409866333,1426,1422,3.828906354139435,,NA,NA
401754554,2025,6,regular,2025-10-04T19:30:00.000Z,FALSE,TRUE,FALSE,TRUE,50032,3873,L&N Federal Credit Union Stadium,97,Louisville,fbs,ACC,27,0.8702377676963806,1750,1735,258,Virginia,fbs,ACC,30,0.12976223230361938,1578,1593,9.702094358757874,,NA,NA
401752857,2025,6,regular,2025-10-04T19:30:00.000Z,FALSE,TRUE,FALSE,TRUE,46185,3665,SECU Stadium,120,Maryland,fbs,Big Ten,20,0.47905972599983215,1574,1573,264,Washington,fbs,Big Ten,24,0.5209402740001678,1665,1666,4.668454458410852,,NA,NA
401752858,2025,6,regular,2025-10-04T19:30:00.000Z,FALSE,TRUE,FALSE,FALSE,12023,5960,Lanny and Sharon Martin Stadium,77,Northwestern,fbs,Big Ten,42,0.9918237328529358,1411,1478,2433,UL Monroe,fbs,Sun Belt,7,0.008176267147064209,1168,1101,3.944134446791077,,NA,NA
401762831,2025,6,regular,2025-10-04T19:30:00.000Z,FALSE,TRUE,FALSE,TRUE,17300,3965,UB Stadium,2084,Buffalo,fbs,Mid-American,31,0.3708692491054535,1382,1377,2199,Eastern Michigan,fbs,Mid-American,30,0.6291307508945465,1193,1198,9.748775210940412,,NA,NA
401762873,2025,6,regular,2025-10-04T19:30:00.000Z,FALSE,TRUE,FALSE,TRUE,13827,3764,Huskie Stadium,2459,Northern Illinois,fbs,Mid-American,14,0.10726047307252884,1375,1356,193,Miami (OH),fbs,Mid-American,25,0.8927395269274712,1430,1449,4.53942701175636,,NA,NA
401752860,2025,6,regular,2025-10-04T20:00:00.000Z,FALSE,TRUE,FALSE,TRUE,86496,3834,"Memorial Stadium (Lincoln, NE)",158,Nebraska,fbs,Big Ten,38,0.8201844096183777,1703,1702,127,Michigan State,fbs,Big Ten,27,0.17981559038162231,1414,1415,5.239215667116852,,NA,NA
401761620,2025,6,regular,2025-10-04T20:00:00.000Z,FALSE,TRUE,FALSE,TRUE,15841,3625,Centennial Bank Stadium,2032,Arkansas State,fbs,Sun Belt,31,0.6157334446907043,1213,1224,326,Texas State,fbs,Sun Belt,30,0.38426655530929565,1590,1579,8.786810818748446,,NA,NA
401752729,2025,6,regular,2025-10-04T20:00:00.000Z,FALSE,TRUE,FALSE,FALSE,83016,3835,"Memorial Stadium (Norman, OK)",201,Oklahoma,fbs,SEC,44,0.9927051663398743,1748,1769,2309,Kent State,fbs,Mid-American,0,0.007294833660125732,859,838,2.724722460200933,,NA,NA
401761619,2025,6,regular,2025-10-04T22:00:00.000Z,FALSE,TRUE,FALSE,TRUE,20895,3918,S.B. Ballard Stadium,295,Old Dominion,fbs,Sun Belt,47,0.9827017784118652,1551,1628,324,Coastal Carolina,fbs,Sun Belt,7,0.017298221588134766,1259,1182,2.947444134543734,,NA,NA
401760385,2025,6,regular,2025-10-04T23:00:00.000Z,FALSE,TRUE,FALSE,TRUE,19861,3984,War Memorial Stadium,2751,Wyoming,fbs,Mountain West,17,0.024475770071148872,1326,1321,2439,UNLV,fbs,Mountain West,31,0.9755242299288511,1622,1627,3.254392040823553,,NA,NA
401762477,2025,6,regular,2025-10-04T23:00:00.000Z,FALSE,TRUE,FALSE,TRUE,22999,3895,Rice Stadium,242,Rice,fbs,American Athletic,21,0.5182587504386902,1291,1273,2226,Florida Atlantic,fbs,American Athletic,27,0.4817412495613098,1201,1219,3.6297493058176755,,NA,NA
401756913,2025,6,regular,2025-10-04T23:00:00.000Z,FALSE,TRUE,FALSE,TRUE,42806,4728,TDECU Stadium,248,Houston,fbs,Big 12,11,0.0017014285549521446,1490,1456,2641,Texas Tech,fbs,Big 12,35,0.9982985714450479,1751,1785,4.3021884566467214,,NA,NA
401761621,2025,6,regular,2025-10-04T23:00:00.000Z,FALSE,TRUE,FALSE,TRUE,28035,3975,Veterans Memorial Stadium (AL),2653,Troy,fbs,Sun Belt,31,0.7369530200958252,1438,1447,6,South Alabama,fbs,Sun Belt,24,0.2630469799041748,1430,1421,7.897014974022887,,NA,NA
401752730,2025,6,regular,2025-10-04T23:30:00.000Z,FALSE,TRUE,FALSE,TRUE,108572,3795,Kyle Field,245,Texas A&M,fbs,SEC,31,0.9942386746406555,1753,1782,344,Mississippi State,fbs,SEC,9,0.005761325359344482,1523,1494,4.4646549380802885,,NA,NA
401754553,2025,6,regular,2025-10-04T23:30:00.000Z,FALSE,TRUE,FALSE,TRUE,67277,3697,Doak Campbell Stadium,52,Florida State,fbs,ACC,22,0.10202304273843765,1564,1573,2390,Miami,fbs,ACC,28,0.8979769572615623,1852,1843,4.2630519356314,,NA,NA
401756914,2025,6,regular,2025-10-04T23:30:00.000Z,FALSE,TRUE,FALSE,TRUE,43160,3616,Amon G. Carter Stadium,2628,TCU,fbs,Big 12,35,0.9454600214958191,1732,1751,38,Colorado,fbs,Big 12,21,0.05453997850418091,1618,1599,8.301538245718836,,NA,NA
401756915,2025,6,regular,2025-10-04T23:30:00.000Z,FALSE,TRUE,FALSE,TRUE,43229,3652,FBC Mortgage Stadium,2116,UCF,fbs,Big 12,20,0.043001241981983185,1579,1572,2305,Kansas,fbs,Big 12,27,0.9569987580180168,1664,1671,5.384533111657922,,NA,NA
401752859,2025,6,regular,2025-10-04T23:30:00.000Z,FALSE,TRUE,FALSE,TRUE,105114,3861,Ohio Stadium,194,Ohio State,fbs,Big Ten,42,0.9900946021080017,2021,2078,135,Minnesota,fbs,Big Ten,3,0.009905397891998291,1594,1537,3.2212159500530033,,NA,NA
401762478,2025,6,regular,2025-10-05T00:00:00.000Z,FALSE,TRUE,FALSE,TRUE,27303,3805,Simmons Bank Liberty Stadium,235,Memphis,fbs,American Athletic,45,0.9926255941390991,1689,1723,202,Tulsa,fbs,American Athletic,7,0.007374405860900879,1079,1045,3.650219027829013,,NA,NA
401760383,2025,6,regular,2025-10-05T02:30:00.000Z,FALSE,TRUE,FALSE,TRUE,40005,3660,Valley Children's Stadium,278,Fresno State,fbs,Mountain West,20,0.8731601238250732,1510,1508,2440,Nevada,fbs,Mountain West,17,0.12683987617492676,1257,1259,5.878190775237731,,NA,NA
401754551,2025,6,regular,2025-10-05T02:30:00.000Z,FALSE,TRUE,FALSE,TRUE,42240,3831,California Memorial Stadium,25,California,fbs,ACC,21,0.014589975588023663,1455,1408,150,Duke,fbs,ACC,45,0.9854100244119763,1598,1645,4.772030131847419,,NA,NA
401757278,2025,7,regular,2025-10-08T23:30:00.000Z,FALSE,TRUE,FALSE,TRUE,9806,3725,"Johnny ""Red"" Floyd Stadium",2393,Middle Tennessee,fbs,Conference USA,20,0.487333208322525,1175,1181,2623,Missouri State,fbs,Conference USA,22,0.512666791677475,1335,1329,6.335220540226636,,NA,NA
401757277,2025,7,regular,2025-10-09T00:00:00.000Z,FALSE,TRUE,FALSE,TRUE,9286,3946,Sun Bowl,2638,UTEP,fbs,Conference USA,8,0,1205,1200,2335,Liberty,fbs,Conference USA,19,1,1421,1426,3.2463058882707863,,NA,NA
401757280,2025,7,regular,2025-10-09T23:00:00.000Z,FALSE,TRUE,FALSE,TRUE,9585,4899,Fifth Third Stadium,338,Kennesaw State,fbs,Conference USA,35,0.9933742880821228,1223,1332,2348,Louisiana Tech,fbs,Conference USA,7,0.006625711917877197,1490,1381,4.493186298095214,,NA,NA
401762480,2025,7,regular,2025-10-09T23:30:00.000Z,FALSE,TRUE,FALSE,TRUE,20035,4729,Yulman Stadium,2655,Tulane,fbs,American Athletic,26,0.8402418494224548,1572,1580,151,East Carolina,fbs,American Athletic,19,0.15975815057754517,1548,1540,5.865112932346798,,NA,NA
401757279,2025,7,regular,2025-10-10T00:00:00.000Z,FALSE,TRUE,TRUE,TRUE,5419,3631,BBVA Compass Stadium,2534,Sam Houston,fbs,Conference USA,27,0.05415964126586914,1161,1173,55,Jacksonville State,fbs,Conference USA,29,0.9458403587341309,1529,1517,7.2093854505096235,,NA,NA
401761622,2025,7,regular,2025-10-10T00:00:00.000Z,FALSE,TRUE,FALSE,TRUE,20032,3608,Allen E. Paulson Stadium,290,Georgia Southern,fbs,Sun Belt,35,0.17224420607089996,1324,1316,2572,Southern Miss,fbs,Sun Belt,38,0.8277557939291,1265,1273,6.0306831730253965,,NA,NA
401762481,2025,7,regular,2025-10-10T23:30:00.000Z,FALSE,TRUE,FALSE,TRUE,31386,3825,DATCU Stadium,249,North Texas,fbs,American Athletic,36,0.0036575840786099434,1616,1530,58,South Florida,fbs,American Athletic,63,0.9963424159213901,1521,1607,5.324575969232542,,NA,NA
401760388,2025,7,regular,2025-10-11T01:00:00.000Z,FALSE,TRUE,FALSE,TRUE,27874,5388,Canvas Stadium,36,Colorado State,fbs,Mountain West,49,0.9986304044723511,1281,1384,278,Fresno State,fbs,Mountain West,21,0.0013695955276489258,1508,1405,4.039871834972102,,NA,NA
401752862,2025,7,regular,2025-10-11T01:00:00.000Z,FALSE,TRUE,FALSE,TRUE,63743,3765,Husky Stadium,264,Washington,fbs,Big Ten,38,0.9742462038993835,1666,1701,164,Rutgers,fbs,Big Ten,19,0.025753796100616455,1582,1547,6.731502282272816,,NA,NA
401762833,2025,7,regular,2025-10-11T16:00:00.000Z,FALSE,TRUE,FALSE,TRUE,6575,3768,InfoCision Stadium,2006,Akron,fbs,Mid-American,7,0,1009,1018,193,Miami (OH),fbs,Mid-American,20,1,1449,1440,3.3376481574054546,,NA,NA
401754559,2025,7,regular,2025-10-11T16:00:00.000Z,FALSE,TRUE,FALSE,TRUE,65256,3697,Doak Campbell Stadium,52,Florida State,fbs,ACC,31,0.23192715644836426,1573,1572,221,Pittsburgh,fbs,ACC,34,0.7680728435516357,1624,1625,7.118912629143081,,NA,NA
401752865,2025,7,regular,2025-10-11T16:00:00.000Z,FALSE,TRUE,FALSE,TRUE,60670,3832,"Memorial Stadium (Champaign, IL)",356,Illinois,fbs,Big Ten,16,0.041837599128484726,1585,1589,194,Ohio State,fbs,Big Ten,34,0.9581624008715153,2078,2074,3.495212533410147,,NA,NA
401752734,2025,7,regular,2025-10-11T16:00:00.000Z,FALSE,TRUE,FALSE,TRUE,57321,3838,Memorial Stadium,142,Missouri,fbs,SEC,24,0.5290258526802063,1781,1788,333,Alabama,fbs,SEC,27,0.4709741473197937,1974,1967,6.769031039615297,,NA,NA
401756920,2025,7,regular,2025-10-11T16:00:00.000Z,FALSE,TRUE,FALSE,TRUE,44941,3646,Boone Pickens Stadium,197,Oklahoma State,fbs,Big 12,17,0.10873417556285858,1128,1107,248,Houston,fbs,Big 12,39,0.8912658244371414,1456,1477,4.179605229194508,,NA,NA
401754561,2025,7,regular,2025-10-11T16:00:00.000Z,FALSE,TRUE,FALSE,TRUE,30654,3735,Gerald J. Ford Stadium,2567,SMU,fbs,ACC,34,0.9821944832801819,1695,1709,24,Stanford,fbs,ACC,10,0.017805516719818115,1255,1241,4.070236961857501,,NA,NA
401762835,2025,7,regular,2025-10-11T16:00:00.000Z,FALSE,TRUE,FALSE,TRUE,24000,3700,Doyt L. Perry Stadium,189,Bowling Green,fbs,Mid-American,28,0.6486319303512573,1411,1422,2649,Toledo,fbs,Mid-American,23,0.3513680696487427,1562,1551,5.4770171226142415,,NA,NA
401752863,2025,7,regular,2025-10-11T16:00:00.000Z,FALSE,TRUE,FALSE,TRUE,72109,3936,Spartan Stadium,127,Michigan State,fbs,Big Ten,13,9.458241984248161e-4,1415,1343,26,UCLA,fbs,Big Ten,38,0.9990541758015752,1373,1445,3.6543543575854267,,NA,NA
401761625,2025,7,regular,2025-10-11T16:00:00.000Z,FALSE,TRUE,FALSE,TRUE,NA,3651,Bridgeforth Stadium,256,James Madison,fbs,Sun Belt,24,0.972748339176178,1645,1643,309,Louisiana,fbs,Sun Belt,14,0.02725166082382202,1367,1369,6.231799272619301,,NA,NA
401756917,2025,7,regular,2025-10-11T16:00:00.000Z,FALSE,TRUE,FALSE,TRUE,35782,3854,Nippert Stadium,2132,Cincinnati,fbs,Big 12,20,0.9451076984405518,1541,1558,2116,UCF,fbs,Big 12,11,0.05489230155944824,1572,1555,3.4997102780038416,,NA,NA
401762483,2025,7,regular,2025-10-11T16:00:00.000Z,FALSE,TRUE,FALSE,TRUE,31172,3841,Michie Stadium,349,Army,fbs,American Athletic,24,0.990699827671051,1551,1552,2429,Charlotte,fbs,American Athletic,7,0.009300172328948975,1144,1143,2.926749973897242,,NA,NA
401752733,2025,7,regular,2025-10-11T16:45:00.000Z,FALSE,TRUE,FALSE,FALSE,66392,3974,Vaught-Hemingway Stadium,145,Ole Miss,fbs,SEC,24,0.8747900724411011,1977,1971,265,Washington State,fbs,Pac-12,21,0.12520992755889893,1355,1361,5.96501076991805,,NA,NA
401762836,2025,7,regular,2025-10-11T17:00:00.000Z,FALSE,TRUE,FALSE,TRUE,15676,3912,Rynearson Stadium,2199,Eastern Michigan,fbs,Mid-American,16,0.8037484288215637,1198,1213,2459,Northern Illinois,fbs,Mid-American,10,0.19625157117843628,1356,1341,5.782923326398062,,NA,NA
401762837,2025,7,regular,2025-10-11T18:30:00.000Z,FALSE,TRUE,FALSE,TRUE,11523,3696,Dix Stadium,2309,Kent State,fbs,Mid-American,42,0.9962396621704102,838,966,113,Massachusetts,fbs,Mid-American,6,0.0037603378295898438,1017,889,2.8487384351500182,,NA,NA
401752867,2025,7,regular,2025-10-11T19:30:00.000Z,FALSE,TRUE,FALSE,TRUE,39623,3665,SECU Stadium,120,Maryland,fbs,Big Ten,31,0.6815001368522644,1573,1576,158,Nebraska,fbs,Big Ten,34,0.3184998631477356,1702,1699,6.460996284830717,,NA,NA
401756919,2025,7,regular,2025-10-11T19:30:00.000Z,FALSE,TRUE,FALSE,TRUE,51316,3636,Bill Snyder Family Stadium,2306,Kansas State,fbs,Big 12,41,0.9563628435134888,1662,1695,2628,TCU,fbs,Big 12,28,0.04363715648651123,1751,1718,5.252362149705651,,NA,NA
401760386,2025,7,regular,2025-10-11T19:30:00.000Z,FALSE,TRUE,FALSE,TRUE,32932,6501,Allegiant Stadium,2439,UNLV,fbs,Mountain West,51,0.6350688338279724,1627,1625,2005,Air Force,fbs,Mountain West,48,0.3649311661720276,1352,1354,10.021451733879378,,NA,NA
401754563,2025,7,regular,2025-10-11T19:30:00.000Z,FALSE,TRUE,FALSE,FALSE,29710,3893,Reser Stadium,204,Oregon State,fbs,Pac-12,14,0.09323949366807938,1302,1248,154,Wake Forest,fbs,ACC,39,0.9067605063319206,1409,1463,3.0025001196704193,,NA,NA
401754562,2025,7,regular,2025-10-11T19:30:00.000Z,FALSE,TRUE,FALSE,FALSE,77622,3855,Notre Dame Stadium,87,Notre Dame,fbs,FBS Independents,36,0.984958291053772,2194,2196,152,NC State,fbs,ACC,7,0.015041708946228027,1489,1487,4.771520212038678,,NA,NA
401762834,2025,7,regular,2025-10-11T19:30:00.000Z,FALSE,TRUE,FALSE,TRUE,20032,3980,Waldo Stadium,2711,Western Michigan,fbs,Mid-American,42,0.994542121887207,1276,1379,2050,Ball State,fbs,Mid-American,0,0.005457878112792969,1131,1028,3.025974457111789,,NA,NA
401754560,2025,7,regular,2025-10-11T19:30:00.000Z,FALSE,TRUE,FALSE,TRUE,50878,721,Bobby Dodd Stadium,59,Georgia Tech,fbs,ACC,35,0.9364950656890869,1568,1588,259,Virginia Tech,fbs,ACC,20,0.06350493431091309,1439,1419,3.3730818797323567,,NA,NA
401752736,2025,7,regular,2025-10-11T19:30:00.000Z,FALSE,TRUE,TRUE,TRUE,92100,499,Cotton Bowl,251,Texas,fbs,SEC,23,0.9862483739852905,1936,1964,201,Oklahoma,fbs,SEC,6,0.013751626014709473,1769,1741,5.19443888245953,,Allstate Red River Rivalry,NA
401752870,2025,7,regular,2025-10-11T19:30:00.000Z,FALSE,TRUE,FALSE,TRUE,59625,3626,Autzen Stadium,2483,Oregon,fbs,Big Ten,20,0.4533250033855438,2018,1996,84,Indiana,fbs,Big Ten,30,0.5466749966144562,2000,2022,5.790429511289678,,NA,NA
401761626,2025,7,regular,2025-10-11T19:30:00.000Z,FALSE,TRUE,FALSE,TRUE,23515,3775,Joan C. Edwards Stadium,276,Marshall,fbs,Sun Belt,48,0.9953325390815735,1508,1582,295,Old Dominion,fbs,Sun Belt,24,0.004667460918426514,1628,1554,5.311620641343362,,NA,NA
401752866,2025,7,regular,2025-10-11T19:30:00.000Z,FALSE,TRUE,FALSE,TRUE,108121,3632,Beaver Stadium,213,Penn State,fbs,Big Ten,21,0.8094112873077393,2028,1996,77,Northwestern,fbs,Big Ten,22,0.19058871269226074,1478,1510,6.179311855515855,,NA,NA
401756918,2025,7,regular,2025-10-11T19:30:00.000Z,FALSE,TRUE,FALSE,TRUE,52698,3726,Folsom Field,38,Colorado,fbs,Big 12,24,0.9247090816497803,1599,1611,66,Iowa State,fbs,Big 12,17,0.07529091835021973,1634,1622,5.95300557410321,,NA,NA
401761624,2025,7,regular,2025-10-11T19:30:00.000Z,FALSE,TRUE,FALSE,TRUE,19587,4246,Center Parc Stadium,2247,Georgia State,fbs,Sun Belt,20,0.008137271739542484,1150,1116,2026,App State,fbs,Sun Belt,41,0.9918627282604575,1326,1360,3.3372824593976382,,NA,NA
401762484,2025,7,regular,2025-10-11T20:00:00.000Z,FALSE,TRUE,FALSE,TRUE,26149,3806,Lincoln Financial Field,218,Temple,fbs,American Athletic,31,0.6812015175819397,1228,1241,2426,Navy,fbs,American Athletic,32,0.3187984824180603,1546,1533,6.2423048366125435,,NA,NA
401752735,2025,7,regular,2025-10-11T20:15:00.000Z,FALSE,TRUE,FALSE,TRUE,101915,3853,Neyland Stadium,2633,Tennessee,fbs,SEC,34,0.7579911351203918,1827,1825,8,Arkansas,fbs,SEC,31,0.24200886487960815,1608,1610,6.082855487023981,,NA,NA
401762482,2025,7,regular,2025-10-11T22:00:00.000Z,FALSE,TRUE,FALSE,TRUE,20052,3715,FAU Stadium,2226,Florida Atlantic,fbs,American Athletic,53,0.9992316961288452,1219,1270,5,UAB,fbs,American Athletic,33,7.683038711547852e-4,1260,1209,2.8893400308088526,,NA,NA
401752737,2025,7,regular,2025-10-11T23:00:00.000Z,FALSE,TRUE,FALSE,TRUE,105086,3795,Kyle Field,245,Texas A&M,fbs,SEC,34,1,1782,1808,57,Florida,fbs,SEC,17,0,1665,1639,4.316127091314349,,NA,NA
401752869,2025,7,regular,2025-10-11T23:00:00.000Z,FALSE,TRUE,FALSE,TRUE,76064,347,Camp Randall Stadium,275,Wisconsin,fbs,Big Ten,0,0,1540,1459,2294,Iowa,fbs,Big Ten,37,1,1743,1824,2.1669036104572132,,NA,NA
401761623,2025,7,regular,2025-10-11T23:00:00.000Z,FALSE,TRUE,FALSE,TRUE,15211,3654,Brooks Stadium (SC),324,Coastal Carolina,fbs,Sun Belt,23,0.9025331735610962,1182,1206,2433,UL Monroe,fbs,Sun Belt,8,0.09746682643890381,1101,1077,3.9665617840012355,,NA,NA
401760391,2025,7,regular,2025-10-11T23:00:00.000Z,FALSE,TRUE,FALSE,TRUE,20970,3984,War Memorial Stadium,2751,Wyoming,fbs,Mountain West,35,0.48660707473754883,1321,1337,23,San José State,fbs,Mountain West,28,0.5133929252624512,1433,1417,6.881816271622111,,NA,NA
401754558,2025,7,regular,2025-10-11T23:30:00.000Z,FALSE,TRUE,FALSE,TRUE,42265,3615,"Alumni Stadium (Chestnut Hill, MA)",103,Boston College,fbs,ACC,10,0.016760792583227158,1349,1303,228,Clemson,fbs,ACC,41,0.9832392074167728,1688,1734,3.6232546541892043,,NA,NA
401756921,2025,7,regular,2025-10-11T23:30:00.000Z,FALSE,TRUE,FALSE,TRUE,60229,3784,Jones AT&T Stadium,2641,Texas Tech,fbs,Big 12,42,0.9723148345947266,1785,1835,2305,Kansas,fbs,Big 12,17,0.027685165405273438,1671,1621,4.461073915587181,,NA,NA
401752731,2025,7,regular,2025-10-11T23:30:00.000Z,FALSE,TRUE,FALSE,TRUE,88043,3785,Jordan-Hare Stadium,2,Auburn,fbs,SEC,10,0.47338414192199707,1676,1684,61,Georgia,fbs,SEC,20,0.5266158580780029,2033,2025,3.719118907344582,,NA,NA
401752868,2025,7,regular,2025-10-11T23:30:00.000Z,FALSE,TRUE,FALSE,TRUE,75500,477,Los Angeles Memorial Coliseum,30,USC,fbs,Big Ten,31,0.980634868144989,1865,1904,130,Michigan,fbs,Big Ten,13,0.019365131855010986,1851,1812,3.745751821245596,,NA,NA
401752864,2025,7,regular,2025-10-11T23:30:00.000Z,FALSE,TRUE,FALSE,TRUE,49254,3953,Huntington Bank Stadium,135,Minnesota,fbs,Big Ten,27,0.22984421253204346,1537,1534,2509,Purdue,fbs,Big Ten,20,0.7701557874679565,1311,1314,7.5970265416431575,,NA,NA
401762485,2025,7,regular,2025-10-11T23:30:00.000Z,FALSE,TRUE,FALSE,TRUE,22058,3604,Alamodome,2636,UTSA,fbs,American Athletic,61,0.9894030094146729,1471,1588,242,Rice,fbs,American Athletic,13,0.010596990585327148,1273,1156,3.224471852594717,,NA,NA
401752732,2025,7,regular,2025-10-11T23:45:00.000Z,FALSE,TRUE,FALSE,TRUE,101921,3958,Tiger Stadium (LA),99,LSU,fbs,SEC,20,0.9308935403823853,1751,1763,2579,South Carolina,fbs,SEC,10,0.06910645961761475,1682,1670,5.948422849595579,,NA,NA
401756916,2025,7,regular,2025-10-12T00:00:00.000Z,FALSE,TRUE,FALSE,TRUE,47960,3619,Arizona Stadium,12,Arizona,fbs,Big 12,27,0.19142012298107147,1467,1473,252,BYU,fbs,Big 12,33,0.8085798770189285,1701,1695,6.0831665141987035,,NA,NA
401761627,2025,7,regular,2025-10-12T00:00:00.000Z,FALSE,TRUE,FALSE,TRUE,24369,3644,Bobcat Stadium (TX),326,Texas State,fbs,Sun Belt,41,0.835141122341156,1579,1555,2653,Troy,fbs,Sun Belt,48,0.164858877658844,1447,1471,6.582113673903993,,NA,NA
401760387,2025,7,regular,2025-10-12T01:45:00.000Z,FALSE,TRUE,FALSE,TRUE,32982,3653,Albertsons Stadium,68,Boise State,fbs,Mountain West,41,0.9987900853157043,1654,1667,167,New Mexico,fbs,Mountain West,25,0.0012099146842956543,1416,1403,5.141023063108582,,NA,NA
401756922,2025,7,regular,2025-10-12T02:15:00.000Z,FALSE,TRUE,FALSE,TRUE,51444,587,Rice-Eccles Stadium,254,Utah,fbs,Big 12,42,0.9942936897277832,1680,1773,9,Arizona State,fbs,Big 12,10,0.005706310272216797,1722,1629,3.272559133791891,,NA,NA
401760390,2025,7,regular,2025-10-12T02:30:00.000Z,FALSE,TRUE,FALSE,TRUE,19473,3816,Mackay Stadium,2440,Nevada,fbs,Mountain West,10,0,1259,1188,21,San Diego State,fbs,Mountain West,44,1,1463,1534,2.7710207793983725,,NA,NA
401760389,2025,7,regular,2025-10-12T03:59:00.000Z,FALSE,TRUE,FALSE,TRUE,13023,7220,Clarence T.C. Ching Athletics Complex,62,Hawai'i,fbs,Mountain West,44,0.8678674101829529,1280,1335,328,Utah State,fbs,Mountain West,26,0.13213258981704712,1425,1370,6.965090359565352,,NA,NA
401757282,2025,8,regular,2025-10-14T23:00:00.000Z,FALSE,TRUE,FALSE,TRUE,16312,3992,Williams Stadium (VA),2335,Liberty,fbs,Conference USA,30,0.1893833577632904,1426,1424,166,New Mexico State,fbs,Conference USA,27,0.8106166422367096,1229,1231,7.243523951724202,,NA,NA
401761628,2025,8,regular,2025-10-14T23:30:00.000Z,FALSE,TRUE,FALSE,TRUE,19634,6526,Hancock Whitney Stadium,6,South Alabama,fbs,Sun Belt,14,0.3514746129512787,1421,1410,2032,Arkansas State,fbs,Sun Belt,15,0.6485253870487213,1224,1235,6.007573581603441,,NA,NA
401757281,2025,8,regular,2025-10-15T00:00:00.000Z,FALSE,TRUE,FALSE,TRUE,12276,3796,Houchens Industries-L.T. Smith Stadium,98,Western Kentucky,fbs,Conference USA,6,0.08969080448150635,1424,1352,2229,Florida International,fbs,Conference USA,25,0.9103091955184937,1216,1288,3.3262775774847855,,NA,NA
401757284,2025,8,regular,2025-10-15T23:00:00.000Z,FALSE,TRUE,TRUE,TRUE,4657,3631,BBVA Compass Stadium,2534,Sam Houston,fbs,Conference USA,17,0.5101594924926758,1173,1139,2638,UTEP,fbs,Conference USA,35,0.4898405075073242,1200,1234,6.415474181610054,,NA,NA
401757283,2025,8,regular,2025-10-15T23:00:00.000Z,FALSE,TRUE,FALSE,TRUE,16884,3662,AmFirst Stadium,55,Jacksonville State,fbs,Conference USA,38,0.9949139356613159,1517,1540,48,Delaware,fbs,Conference USA,25,0.005086064338684082,1491,1468,3.733978273085511,,NA,NA
401762486,2025,8,regular,2025-10-16T23:30:00.000Z,FALSE,TRUE,FALSE,TRUE,31307,3699,Dowdy-Ficklen Stadium,151,East Carolina,fbs,American Athletic,41,0.9648906588554382,1540,1530,202,Tulsa,fbs,American Athletic,27,0.03510934114456177,1045,1055,5.419543058010475,,NA,NA
401754564,2025,8,regular,2025-10-17T23:00:00.000Z,FALSE,TRUE,FALSE,TRUE,66573,3948,Hard Rock Stadium,2390,Miami,fbs,ACC,21,0.546370267868042,1843,1832,97,Louisville,fbs,ACC,24,0.453629732131958,1735,1746,6.084893249932992,,NA,NA
401752872,2025,8,regular,2025-10-18T00:00:00.000Z,FALSE,TRUE,FALSE,TRUE,48549,3953,Huntington Bank Stadium,135,Minnesota,fbs,Big Ten,24,0.9812977313995361,1534,1592,158,Nebraska,fbs,Big Ten,6,0.018702268600463867,1699,1641,3.714692951454682,,NA,NA
401760396,2025,8,regular,2025-10-18T01:00:00.000Z,FALSE,TRUE,FALSE,TRUE,22710,3905,Maverik Stadium,328,Utah State,fbs,Mountain West,30,0.4127255976200104,1370,1377,23,San José State,fbs,Mountain West,25,0.5872744023799896,1417,1410,6.409682392203075,,NA,NA
401754371,2025,8,regular,2025-10-18T02:30:00.000Z,FALSE,TRUE,FALSE,TRUE,33401,3831,California Memorial Stadium,25,California,fbs,ACC,21,0.6961370706558228,1408,1408,153,North Carolina,fbs,ACC,18,0.30386292934417725,1342,1342,5.406837205979555,,NA,NA
401762841,2025,8,regular,2025-10-18T16:00:00.000Z,FALSE,TRUE,FALSE,TRUE,6832,3996,Yager Stadium,193,Miami (OH),fbs,Mid-American,44,1,1440,1449,2199,Eastern Michigan,fbs,Mid-American,30,0,1213,1204,3.8024699008900793,,NA,NA
401756925,2025,8,regular,2025-10-18T16:00:00.000Z,FALSE,TRUE,FALSE,TRUE,28535,4728,TDECU Stadium,248,Houston,fbs,Big 12,31,0.6940749287605286,1477,1478,12,Arizona,fbs,Big 12,28,0.30592507123947144,1473,1472,5.720926212231053,,NA,NA
401762488,2025,8,regular,2025-10-18T16:00:00.000Z,FALSE,TRUE,FALSE,TRUE,20027,4729,Yulman Stadium,2655,Tulane,fbs,American Athletic,24,0.7129696011543274,1580,1588,349,Army,fbs,American Athletic,17,0.2870303988456726,1552,1544,6.688072236737706,,NA,NA
401756927,2025,8,regular,2025-10-18T16:00:00.000Z,FALSE,TRUE,FALSE,TRUE,43868,3616,Amon G. Carter Stadium,2628,TCU,fbs,Big 12,42,0.9653722643852234,1718,1719,239,Baylor,fbs,Big 12,36,0.03462773561477661,1593,1592,5.02281994453435,,NA,NA
401754569,2025,8,regular,2025-10-18T16:00:00.000Z,FALSE,TRUE,FALSE,FALSE,38917,3615,"Alumni Stadium (Chestnut Hill, MA)",103,Boston College,fbs,ACC,23,0.33645644783973694,1303,1291,41,UConn,fbs,FBS Independents,38,0.6635435521602631,1541,1553,5.78784419663085,,NA,NA
401752873,2025,8,regular,2025-10-18T16:00:00.000Z,FALSE,TRUE,FALSE,TRUE,110701,3558,Michigan Stadium,130,Michigan,fbs,Big Ten,24,0.9892430901527405,1812,1839,264,Washington,fbs,Big Ten,7,0.010756909847259521,1701,1674,4.80158827623924,,NA,NA
401754566,2025,8,regular,2025-10-18T16:00:00.000Z,FALSE,TRUE,FALSE,TRUE,27846,3982,Wallace Wade Stadium,150,Duke,fbs,ACC,18,0.1293516457080841,1645,1622,59,Georgia Tech,fbs,ACC,27,0.8706483542919159,1588,1611,5.815864619099065,,NA,NA
401752745,2025,8,regular,2025-10-18T16:00:00.000Z,FALSE,TRUE,FALSE,TRUE,35000,3973,FirstBank Stadium,238,Vanderbilt,fbs,SEC,31,0.9919131994247437,1742,1753,99,LSU,fbs,SEC,24,0.008086800575256348,1763,1752,5.302299198534081,,NA,NA
401762839,2025,8,regular,2025-10-18T16:00:00.000Z,FALSE,TRUE,FALSE,TRUE,23105,3700,Doyt L. Perry Stadium,189,Bowling Green,fbs,Mid-American,6,0.005095717031508684,1422,1329,2117,Central Michigan,fbs,Mid-American,27,0.9949042829684913,1110,1203,3.6125295218185793,,NA,NA
401752744,2025,8,regular,2025-10-18T16:45:00.000Z,FALSE,TRUE,FALSE,TRUE,78680,3994,Williams-Brice Stadium,2579,South Carolina,fbs,SEC,7,0.012702463194727898,1670,1630,201,Oklahoma,fbs,SEC,26,0.9872975368052721,1741,1781,4.715052118463295,,NA,NA
401756928,2025,8,regular,2025-10-18T17:00:00.000Z,FALSE,TRUE,FALSE,TRUE,43445,3652,FBC Mortgage Stadium,2116,UCF,fbs,Big 12,45,0.9578840732574463,1555,1616,277,West Virginia,fbs,Big 12,13,0.04211592674255371,1342,1281,4.458347202379033,,NA,NA
401762842,2025,8,regular,2025-10-18T18:00:00.000Z,FALSE,TRUE,FALSE,TRUE,18417,3739,Glass Bowl,2649,Toledo,fbs,Mid-American,45,0.9920244216918945,1551,1579,2309,Kent State,fbs,Mid-American,10,0.007975578308105469,966,938,4.250967090349852,,NA,NA
401762840,2025,8,regular,2025-10-18T18:30:00.000Z,FALSE,TRUE,FALSE,TRUE,15239,3985,Warren McGuirk Alumni Stadium,113,Massachusetts,fbs,Mid-American,21,0.5642518997192383,889,910,2084,Buffalo,fbs,Mid-American,28,0.4357481002807617,1377,1356,6.595531852666956,,NA,NA
401761633,2025,8,regular,2025-10-18T19:00:00.000Z,FALSE,TRUE,FALSE,TRUE,16863,3817,Malone Stadium,2433,UL Monroe,fbs,Sun Belt,14,0,1077,1060,2653,Troy,fbs,Sun Belt,37,1,1471,1488,5.693478891724538,,NA,NA
401752874,2025,8,regular,2025-10-18T19:00:00.000Z,FALSE,TRUE,FALSE,TRUE,12023,5960,Lanny and Sharon Martin Stadium,77,Northwestern,fbs,Big Ten,19,0.9686245322227478,1510,1534,2509,Purdue,fbs,Big Ten,0,0.0313754677772522,1314,1290,3.428001164512284,,NA,NA
401752739,2025,8,regular,2025-10-18T19:30:00.000Z,FALSE,TRUE,FALSE,TRUE,73845,3887,Razorback Stadium,8,Arkansas,fbs,SEC,42,0.3126192092895508,1610,1617,245,Texas A&M,fbs,SEC,45,0.6873807907104492,1808,1801,7.050104190802901,,NA,NA
401760393,2025,8,regular,2025-10-18T19:30:00.000Z,FALSE,TRUE,FALSE,TRUE,32927,3653,Albertsons Stadium,68,Boise State,fbs,Mountain West,56,0.9625915288925171,1667,1725,2439,UNLV,fbs,Mountain West,31,0.03740847110748291,1625,1567,4.723304037346108,,NA,NA
401752877,2025,8,regular,2025-10-18T19:30:00.000Z,FALSE,TRUE,FALSE,TRUE,72795,347,Camp Randall Stadium,275,Wisconsin,fbs,Big Ten,0,0.041887398809194565,1459,1435,194,Ohio State,fbs,Big Ten,34,0.9581126011908054,2074,2098,2.6917223168852957,,NA,NA
401752878,2025,8,regular,2025-10-18T19:30:00.000Z,FALSE,TRUE,FALSE,TRUE,55165,3830,"Memorial Stadium (Bloomington, IN)",84,Indiana,fbs,Big Ten,38,0.9220895767211914,2022,2017,127,Michigan State,fbs,Big Ten,13,0.0779104232788086,1343,1348,4.408103535343244,,NA,NA
401752742,2025,8,regular,2025-10-18T19:30:00.000Z,FALSE,TRUE,FALSE,TRUE,93033,3917,Sanford Stadium,61,Georgia,fbs,SEC,43,0.8781432509422302,2025,2034,145,Ole Miss,fbs,SEC,35,0.12185674905776978,1971,1962,7.5134351342636005,,NA,NA
401754565,2025,8,regular,2025-10-18T19:30:00.000Z,FALSE,TRUE,FALSE,TRUE,78669,3836,"Memorial Stadium (Clemson, SC)",228,Clemson,fbs,ACC,24,0.5791419744491577,1734,1708,2567,SMU,fbs,ACC,35,0.4208580255508423,1709,1735,5.469391383562523,,NA,NA
401762843,2025,8,regular,2025-10-18T19:30:00.000Z,FALSE,TRUE,FALSE,TRUE,22293,3876,Peden Stadium,195,Ohio,fbs,Mid-American,48,0.992224931716919,1568,1612,2459,Northern Illinois,fbs,Mid-American,21,0.007775068283081055,1341,1297,3.138666629025117,,NA,NA
401762491,2025,8,regular,2025-10-18T19:30:00.000Z,FALSE,TRUE,FALSE,TRUE,25053,3825,DATCU Stadium,249,North Texas,fbs,American Athletic,55,0.9809975028038025,1530,1648,2636,UTSA,fbs,American Athletic,17,0.01900249719619751,1588,1470,4.681517913552595,,NA,NA
401761632,2025,8,regular,2025-10-18T19:30:00.000Z,FALSE,TRUE,FALSE,TRUE,27533,3775,Joan C. Edwards Stadium,276,Marshall,fbs,Sun Belt,40,0.5277658104896545,1582,1583,326,Texas State,fbs,Sun Belt,37,0.47223418951034546,1555,1554,13.192992307572979,,NA,NA
401761629,2025,8,regular,2025-10-18T19:30:00.000Z,FALSE,TRUE,FALSE,TRUE,33862,3792,Kidd Brewer Stadium,2026,App State,fbs,Sun Belt,37,0.2807023227214813,1360,1331,324,Coastal Carolina,fbs,Sun Belt,45,0.7192976772785187,1206,1235,5.483124376722729,,NA,NA
401762489,2025,8,regular,2025-10-18T19:30:00.000Z,FALSE,TRUE,FALSE,TRUE,13618,4418,Jerry Richardson Stadium,2429,Charlotte,fbs,American Athletic,14,9.986907243728638e-4,1143,1054,218,Temple,fbs,American Athletic,49,0.9990013092756271,1241,1330,3.3193001555565673,,NA,NA
401761631,2025,8,regular,2025-10-18T19:30:00.000Z,FALSE,TRUE,FALSE,TRUE,25232,3651,Bridgeforth Stadium,256,James Madison,fbs,Sun Belt,63,0.9325857758522034,1643,1733,295,Old Dominion,fbs,Sun Belt,27,0.06741422414779663,1554,1464,5.507113326122281,,NA,NA
401762838,2025,8,regular,2025-10-18T19:30:00.000Z,FALSE,TRUE,FALSE,TRUE,12248,3919,Scheumann Stadium,2050,Ball State,fbs,Mid-American,42,0.7704926133155823,1028,1055,2006,Akron,fbs,Mid-American,28,0.22950738668441772,1018,991,7.117811898214637,,NA,NA
401760392,2025,8,regular,2025-10-18T19:30:00.000Z,FALSE,TRUE,FALSE,TRUE,23401,3713,Falcon Stadium,2005,Air Force,fbs,Mountain West,24,0.6241727471351624,1354,1355,2751,Wyoming,fbs,Mountain West,21,0.37582725286483765,1337,1336,6.22586072967788,,NA,NA
401756923,2025,8,regular,2025-10-18T20:00:00.000Z,FALSE,TRUE,FALSE,TRUE,54177,3947,Mountain America Stadium,9,Arizona State,fbs,Big 12,26,0.6207810640335083,1629,1638,2641,Texas Tech,fbs,Big 12,22,0.3792189359664917,1835,1826,8.938142610637891,,NA,NA
401762487,2025,8,regular,2025-10-18T20:00:00.000Z,FALSE,TRUE,FALSE,TRUE,19037,7221,Protective Stadium,5,UAB,fbs,American Athletic,31,0.9770079255104065,1209,1252,235,Memphis,fbs,American Athletic,24,0.022992074489593506,1723,1680,6.516770535855644,,NA,NA
401752741,2025,8,regular,2025-10-18T20:15:00.000Z,FALSE,TRUE,FALSE,TRUE,90203,3634,Ben Hill Griffin Stadium,57,Florida,fbs,SEC,23,0.7101824283599854,1639,1638,344,Mississippi State,fbs,SEC,21,0.28981757164001465,1494,1495,6.916557826100512,,NA,NA
401761668,2025,8,regular,2025-10-18T21:00:00.000Z,FALSE,TRUE,FALSE,TRUE,21047,3666,Cajun Field,309,Louisiana,fbs,Sun Belt,10,0.4602220058441162,1369,1333,2572,Southern Miss,fbs,Sun Belt,22,0.5397779941558838,1273,1309,4.490560801194364,,NA,NA
401752876,2025,8,regular,2025-10-18T22:30:00.000Z,FALSE,TRUE,FALSE,TRUE,53127,6577,SHI Stadium,164,Rutgers,fbs,Big Ten,10,0.06056581810116768,1547,1468,2483,Oregon,fbs,Big Ten,56,0.9394341818988323,1996,2075,2.8655127929578694,,NA,NA
401752951,2025,8,regular,2025-10-18T22:30:00.000Z,FALSE,TRUE,FALSE,FALSE,56048,3923,Scott Stadium,258,Virginia,fbs,ACC,22,0.4096009433269501,1593,1590,265,Washington State,fbs,Pac-12,20,0.5903990566730499,1361,1364,6.0728203483249565,,NA,NA
401752875,2025,8,regular,2025-10-18T23:00:00.000Z,FALSE,TRUE,FALSE,TRUE,69250,3793,Kinnick Stadium,2294,Iowa,fbs,Big Ten,25,0.7258291840553284,1824,1830,213,Penn State,fbs,Big Ten,24,0.27417081594467163,1996,1990,6.271060684846177,,NA,NA
401761630,2025,8,regular,2025-10-18T23:00:00.000Z,FALSE,TRUE,FALSE,TRUE,25428,3608,Allen E. Paulson Stadium,290,Georgia Southern,fbs,Sun Belt,41,0.803580105304718,1316,1335,2247,Georgia State,fbs,Sun Belt,24,0.19641989469528198,1116,1097,6.5047485621923276,,NA,NA
401752879,2025,8,regular,2025-10-18T23:00:00.000Z,FALSE,TRUE,FALSE,TRUE,35561,1056,Rose Bowl,26,UCLA,fbs,Big Ten,20,0.38513466715812683,1445,1448,120,Maryland,fbs,Big Ten,17,0.6148653328418732,1576,1573,8.336534365982493,,NA,NA
401760394,2025,8,regular,2025-10-18T23:00:00.000Z,FALSE,TRUE,FALSE,TRUE,40416,5388,Canvas Stadium,36,Colorado State,fbs,Mountain West,19,0.04967927187681198,1384,1353,62,Hawai'i,fbs,Mountain West,31,0.950320728123188,1335,1366,5.144720454505094,,NA,NA
401752743,2025,8,regular,2025-10-18T23:00:00.000Z,FALSE,TRUE,FALSE,TRUE,60937,3683,Kroger Field,96,Kentucky,fbs,SEC,13,0.6674437522888184,1513,1533,251,Texas,fbs,SEC,16,0.33255624771118164,1964,1944,6.724882670426927,,NA,NA
401752738,2025,8,regular,2025-10-18T23:30:00.000Z,FALSE,TRUE,FALSE,TRUE,100077,3657,Bryant-Denny Stadium,333,Alabama,fbs,SEC,37,0.8085278272628784,1967,1991,2633,Tennessee,fbs,SEC,20,0.19147217273712158,1825,1801,4.577807755089341,,NA,NA
401752871,2025,8,regular,2025-10-18T23:30:00.000Z,FALSE,TRUE,FALSE,FALSE,77622,3855,Notre Dame Stadium,87,Notre Dame,fbs,FBS Independents,34,0.9810776710510254,2196,2193,30,USC,fbs,Big Ten,24,0.01892232894897461,1904,1907,6.843850667589161,,NA,NA
401754568,2025,8,regular,2025-10-18T23:30:00.000Z,FALSE,TRUE,FALSE,TRUE,40772,1964,JMA Wireless Dome,183,Syracuse,fbs,ACC,13,0.4238635003566742,1422,1402,221,Pittsburgh,fbs,ACC,30,0.5761364996433258,1625,1645,4.623256562987445,,NA,NA
401762490,2025,8,regular,2025-10-18T23:30:00.000Z,FALSE,TRUE,FALSE,TRUE,45169,3886,Raymond James Stadium,58,South Florida,fbs,American Athletic,48,0.9991554617881775,1607,1663,2226,Florida Atlantic,fbs,American Athletic,13,8.445382118225098e-4,1270,1214,4.3790154909636065,,NA,NA
401752740,2025,8,regular,2025-10-18T23:45:00.000Z,FALSE,TRUE,FALSE,TRUE,88043,3785,Jordan-Hare Stadium,2,Auburn,fbs,SEC,17,0.3749648630619049,1684,1681,142,Missouri,fbs,SEC,23,0.6250351369380951,1788,1791,6.324503035415732,,NA,NA
401756924,2025,8,regular,2025-10-19T00:00:00.000Z,FALSE,TRUE,FALSE,TRUE,64794,3801,LaVell Edwards Stadium,252,BYU,fbs,Big 12,24,0.4821137487888336,1695,1697,254,Utah,fbs,Big 12,21,0.5178862512111664,1773,1771,6.74254611063529,,NA,NA
401756926,2025,8,regular,2025-10-19T00:00:00.000Z,FALSE,TRUE,FALSE,TRUE,46901,3646,Boone Pickens Stadium,197,Oklahoma State,fbs,Big 12,17,0.0426059365272522,1107,1071,2132,Cincinnati,fbs,Big 12,49,0.9573940634727478,1558,1594,4.321065221154091,,NA,NA
401760395,2025,8,regular,2025-10-19T01:45:00.000Z,FALSE,TRUE,FALSE,TRUE,18233,3971,University Stadium (NM),167,New Mexico,fbs,Mountain West,24,0.5816745758056641,1403,1401,2440,Nevada,fbs,Mountain West,22,0.41832542419433594,1188,1190,6.3799854516551004,,NA,NA
401752941,2025,8,regular,2025-10-19T02:00:00.000Z,FALSE,TRUE,FALSE,FALSE,27735,3893,Reser Stadium,204,Oregon State,fbs,Pac-12,45,0.9941145181655884,1237,1237,322,Lafayette,fcs,Patriot,13,0.005885481834411621,NA,NA,5.1870392139732076,,NA,NA
401754567,2025,8,regular,2025-10-19T02:30:00.000Z,FALSE,TRUE,FALSE,TRUE,26470,3940,Stanford Stadium,24,Stanford,fbs,ACC,20,0.6373603940010071,1241,1271,52,Florida State,fbs,ACC,13,0.3626396059989929,1572,1542,5.066575309309328,,NA,NA
401757285,2025,9,regular,2025-10-21T23:00:00.000Z,FALSE,TRUE,FALSE,TRUE,12133,2031,Pitbull Stadium,2229,Florida International,fbs,Conference USA,26,0.1251012533903122,1288,1246,338,Kennesaw State,fbs,Conference USA,45,0.8748987466096878,1332,1374,4.216063643104564,,NA,NA
401757286,2025,9,regular,2025-10-21T23:30:00.000Z,FALSE,TRUE,FALSE,TRUE,10928,3776,Joe Aillet Stadium,2348,Louisiana Tech,fbs,Conference USA,27,0.7236899137496948,1381,1378,98,Western Kentucky,fbs,Conference USA,28,0.2763100862503052,1352,1355,9.038273739815125,,NA,NA
401757287,2025,9,regular,2025-10-22T23:30:00.000Z,FALSE,TRUE,FALSE,TRUE,14102,3695,Delaware Stadium,48,Delaware,fbs,Conference USA,31,0.7728374600410461,1468,1465,2393,Middle Tennessee,fbs,Conference USA,28,0.22716253995895386,1181,1184,6.950549816744317,,NA,NA
401757288,2025,9,regular,2025-10-23T01:00:00.000Z,FALSE,TRUE,FALSE,TRUE,8790,3601,Aggie Memorial Stadium,166,New Mexico State,fbs,Conference USA,17,0.46374601125717163,1231,1225,2623,Missouri State,fbs,Conference USA,24,0.5362539887428284,1329,1335,7.537797642472893,,NA,NA
401761634,2025,9,regular,2025-10-23T23:30:00.000Z,FALSE,TRUE,FALSE,TRUE,13673,4246,Center Parc Stadium,2247,Georgia State,fbs,Sun Belt,31,0.07349050790071487,1097,1107,6,South Alabama,fbs,Sun Belt,38,0.9265094920992851,1410,1400,6.390908995027831,,NA,NA
401762492,2025,9,regular,2025-10-24T23:00:00.000Z,FALSE,TRUE,FALSE,TRUE,9626,4418,Jerry Richardson Stadium,2429,Charlotte,fbs,American Athletic,20,0.20414631068706512,1054,1028,249,North Texas,fbs,American Athletic,54,0.7958536893129349,1648,1674,5.201038363476169,,NA,NA
401754372,2025,9,regular,2025-10-24T23:30:00.000Z,FALSE,TRUE,FALSE,TRUE,53837,3799,Lane Stadium,259,Virginia Tech,fbs,ACC,42,0.8125044703483582,1419,1430,25,California,fbs,ACC,34,0.18749552965164185,1408,1397,11.999217742937725,,NA,NA
401760397,2025,9,regular,2025-10-25T02:00:00.000Z,FALSE,TRUE,FALSE,TRUE,18029,3816,Mackay Stadium,2440,Nevada,fbs,Mountain West,3,0.01033131591975689,1190,1191,68,Boise State,fbs,Mountain West,24,0.9896686840802431,1725,1724,5.885370695021587,,NA,NA
401752942,2025,9,regular,2025-10-25T16:00:00.000Z,FALSE,TRUE,FALSE,TRUE,28358,3630,Allegacy Federal Credit Union Stadium,154,Wake Forest,fbs,ACC,13,0.7575358748435974,1463,1471,2567,SMU,fbs,ACC,12,0.2424641251564026,1735,1727,8.142501079561848,,NA,NA
401752750,2025,9,regular,2025-10-25T16:00:00.000Z,FALSE,TRUE,FALSE,TRUE,83468,3835,"Memorial Stadium (Norman, OK)",201,Oklahoma,fbs,SEC,26,0.09089326858520508,1781,1780,145,Ole Miss,fbs,SEC,34,0.9091067314147949,1962,1963,6.522901703271394,,NA,NA
401754571,2025,9,regular,2025-10-25T16:00:00.000Z,FALSE,TRUE,FALSE,TRUE,51913,721,Bobby Dodd Stadium,59,Georgia Tech,fbs,ACC,41,0.9990342259407043,1611,1651,183,Syracuse,fbs,ACC,16,9.657740592956543e-4,1402,1362,4.24847225813943,,NA,NA
401761635,2025,9,regular,2025-10-25T16:00:00.000Z,FALSE,TRUE,FALSE,TRUE,18097,3918,S.B. Ballard Stadium,295,Old Dominion,fbs,Sun Belt,24,0.6012321710586548,1464,1463,2026,App State,fbs,Sun Belt,21,0.3987678289413452,1331,1332,5.274537527076779,,NA,NA
401752884,2025,9,regular,2025-10-25T16:00:00.000Z,FALSE,TRUE,FALSE,TRUE,55289,3907,Ross-Ade Stadium,2509,Purdue,fbs,Big Ten,24,0.40335482358932495,1290,1296,164,Rutgers,fbs,Big Ten,27,0.596645176410675,1468,1462,6.663165101411546,,NA,NA
401756932,2025,9,regular,2025-10-25T16:00:00.000Z,FALSE,TRUE,FALSE,TRUE,NA,3833,Memorial Stadium,2305,Kansas,fbs,Big 12,17,0.24458609521389008,1621,1563,2306,Kansas State,fbs,Big 12,42,0.7554139047861099,1695,1753,4.163411187007522,,NA,NA
401752885,2025,9,regular,2025-10-25T16:00:00.000Z,FALSE,TRUE,FALSE,TRUE,54867,3830,"Memorial Stadium (Bloomington, IN)",84,Indiana,fbs,Big Ten,56,0.9978094100952148,2017,2091,26,UCLA,fbs,Big Ten,6,0.0021905899047851562,1448,1374,2.9821040342297818,,NA,NA
401762846,2025,9,regular,2025-10-25T16:00:00.000Z,FALSE,TRUE,FALSE,TRUE,9260,3696,Dix Stadium,2309,Kent State,fbs,Mid-American,24,0.2651918828487396,938,945,189,Bowling Green,fbs,Mid-American,21,0.7348081171512604,1329,1322,6.259468083705375,,NA,NA
401754573,2025,9,regular,2025-10-25T16:00:00.000Z,FALSE,TRUE,FALSE,TRUE,50500,3787,Kenan Stadium,153,North Carolina,fbs,ACC,16,0.5519071817398071,1342,1352,258,Virginia,fbs,ACC,17,0.44809281826019287,1590,1580,7.587525597139318,,NA,NA
401762494,2025,9,regular,2025-10-25T16:00:00.000Z,FALSE,TRUE,FALSE,TRUE,30940,3805,Simmons Bank Liberty Stadium,235,Memphis,fbs,American Athletic,34,0.3881875276565552,1680,1681,58,South Florida,fbs,American Athletic,31,0.6118124723434448,1663,1662,8.277300484561323,,NA,NA
401762848,2025,9,regular,2025-10-25T16:00:00.000Z,FALSE,TRUE,FALSE,TRUE,15985,3912,Rynearson Stadium,2199,Eastern Michigan,fbs,Mid-American,21,0.1510891616344452,1204,1220,195,Ohio,fbs,Mid-American,28,0.8489108383655548,1612,1596,5.532686554097608,,NA,NA
401752883,2025,9,regular,2025-10-25T16:00:00.000Z,FALSE,TRUE,FALSE,TRUE,86401,3834,"Memorial Stadium (Lincoln, NE)",158,Nebraska,fbs,Big Ten,28,0.9840260148048401,1641,1645,77,Northwestern,fbs,Big Ten,21,0.015973985195159912,1534,1530,5.580519247770252,,NA,NA
401752746,2025,9,regular,2025-10-25T16:45:00.000Z,FALSE,TRUE,FALSE,TRUE,68922,3887,Razorback Stadium,8,Arkansas,fbs,SEC,24,0.35182011127471924,1617,1604,2,Auburn,fbs,SEC,33,0.6481798887252808,1681,1694,5.35366278395004,,NA,NA
401762844,2025,9,regular,2025-10-25T17:00:00.000Z,FALSE,TRUE,FALSE,TRUE,12491,3965,UB Stadium,2084,Buffalo,fbs,Mid-American,16,0.20765367150306702,1356,1307,2006,Akron,fbs,Mid-American,24,0.792346328496933,991,1040,7.407073768153699,,NA,NA
401757172,2025,9,regular,2025-10-25T19:00:00.000Z,FALSE,TRUE,FALSE,FALSE,21122,3895,Rice Stadium,242,Rice,fbs,American Athletic,37,0.6307185888290405,1156,1163,41,UConn,fbs,FBS Independents,34,0.3692814111709595,1553,1546,9.582349826167176,,NA,NA
401760400,2025,9,regular,2025-10-25T19:00:00.000Z,FALSE,TRUE,FALSE,TRUE,20097,3971,University Stadium (NM),167,New Mexico,fbs,Mountain West,33,0.7954603433609009,1401,1442,328,Utah State,fbs,Mountain West,14,0.20453965663909912,1377,1336,3.5724362517660464,,NA,NA
401762493,2025,9,regular,2025-10-25T19:30:00.000Z,FALSE,TRUE,FALSE,TRUE,32175,3852,Navy-Marine Corps Memorial Stadium,2426,Navy,fbs,American Athletic,42,0.8187264800071716,1533,1529,2226,Florida Atlantic,fbs,American Athletic,32,0.18127351999282837,1214,1218,5.492484893131299,,NA,NA
401762874,2025,9,regular,2025-10-25T19:30:00.000Z,FALSE,TRUE,FALSE,TRUE,18025,3996,Yager Stadium,193,Miami (OH),fbs,Mid-American,26,0.9412311315536499,1449,1459,2711,Western Michigan,fbs,Mid-American,17,0.0587688684463501,1379,1369,6.224410165579504,,NA,NA
401752752,2025,9,regular,2025-10-25T19:30:00.000Z,FALSE,TRUE,FALSE,TRUE,35000,3973,FirstBank Stadium,238,Vanderbilt,fbs,SEC,17,0.28633880615234375,1753,1765,142,Missouri,fbs,SEC,10,0.71366119384765625,1791,1779,6.2198969474289605,,NA,NA
401761637,2025,9,regular,2025-10-25T19:30:00.000Z,FALSE,TRUE,FALSE,TRUE,27111,3815,M. M. Roberts Stadium,2572,Southern Miss,fbs,Sun Belt,49,0.991515576839447,1309,1354,2433,UL Monroe,fbs,Sun Belt,21,0.008484423160552979,1060,1015,4.357216605487509,,NA,NA
401756931,2025,9,regular,2025-10-25T19:30:00.000Z,FALSE,TRUE,FALSE,TRUE,61500,3772,Jack Trice Stadium,66,Iowa State,fbs,Big 12,27,0.8332663774490356,1622,1597,252,BYU,fbs,Big 12,41,0.16673362255096436,1697,1722,5.903255152394795,,NA,NA
401752882,2025,9,regular,2025-10-25T19:30:00.000Z,FALSE,TRUE,FALSE,TRUE,69250,3793,Kinnick Stadium,2294,Iowa,fbs,Big Ten,41,1,1830,1907,135,Minnesota,fbs,Big Ten,3,0,1592,1515,2.768067502325409,,NA,NA
401762495,2025,9,regular,2025-10-25T19:30:00.000Z,FALSE,TRUE,FALSE,TRUE,16403,3674,Chapman Stadium,202,Tulsa,fbs,American Athletic,37,0.7937583327293396,1055,1066,218,Temple,fbs,American Athletic,38,0.2062416672706604,1330,1319,10.629657665692894,,NA,NA
401762845,2025,9,regular,2025-10-25T19:30:00.000Z,FALSE,TRUE,FALSE,TRUE,10124,3764,Huskie Stadium,2459,Northern Illinois,fbs,Mid-American,21,0.6112097501754761,1297,1305,2050,Ball State,fbs,Mid-American,7,0.3887902498245239,1055,1047,5.192848634865583,,NA,NA
401762847,2025,9,regular,2025-10-25T19:30:00.000Z,FALSE,TRUE,FALSE,TRUE,20489,3786,Kelly/Shorts Stadium,2117,Central Michigan,fbs,Mid-American,38,0.9754047393798828,1203,1234,113,Massachusetts,fbs,Mid-American,13,0.024595260620117188,910,879,4.378498517035642,,NA,NA
401752952,2025,9,regular,2025-10-25T19:30:00.000Z,FALSE,TRUE,FALSE,FALSE,27646,3820,Gesa Field,265,Washington State,fbs,Pac-12,28,0.7584578990936279,1364,1438,2649,Toledo,fbs,Mid-American,7,0.24154210090637207,1579,1505,3.8357891127616592,,NA,NA
401752751,2025,9,regular,2025-10-25T19:30:00.000Z,FALSE,TRUE,FALSE,TRUE,79537,3994,Williams-Brice Stadium,2579,South Carolina,fbs,SEC,22,0.19009307026863098,1630,1643,333,Alabama,fbs,SEC,29,0.809906929731369,1991,1978,6.965500888933744,,NA,NA
401752880,2025,9,regular,2025-10-25T19:30:00.000Z,FALSE,TRUE,FALSE,TRUE,68630,3765,Husky Stadium,264,Washington,fbs,Big Ten,42,0.9335861802101135,1674,1703,356,Illinois,fbs,Big Ten,25,0.06641381978988647,1589,1560,4.888917643282428,,NA,NA
401754574,2025,9,regular,2025-10-25T19:30:00.000Z,FALSE,TRUE,FALSE,TRUE,46840,3752,Acrisure Stadium,221,Pittsburgh,fbs,ACC,53,1,1645,1673,152,NC State,fbs,ACC,34,0,1487,1459,4.662732411692216,,NA,NA
401760399,2025,9,regular,2025-10-25T19:30:00.000Z,FALSE,TRUE,FALSE,TRUE,41535,3660,Valley Children's Stadium,278,Fresno State,fbs,Mountain West,0,0,1405,1360,21,San Diego State,fbs,Mountain West,23,1,1534,1579,3.0376400475819985,,NA,NA
401756933,2025,9,regular,2025-10-25T20:00:00.000Z,FALSE,TRUE,FALSE,TRUE,59625,3784,Jones AT&T Stadium,2641,Texas Tech,fbs,Big 12,42,0.9770151972770691,1826,1855,197,Oklahoma State,fbs,Big 12,0,0.022984802722930908,1071,1042,2.9263923453362275,,NA,NA
401756930,2025,9,regular,2025-10-25T20:00:00.000Z,FALSE,TRUE,FALSE,TRUE,38007,3854,Nippert Stadium,2132,Cincinnati,fbs,Big 12,41,0.9231768250465393,1594,1644,239,Baylor,fbs,Big 12,20,0.0768231749534607,1592,1542,3.1679202250819785,,NA,NA
401752749,2025,9,regular,2025-10-25T20:15:00.000Z,FALSE,TRUE,FALSE,TRUE,52680,3693,Davis Wade Stadium,344,Mississippi State,fbs,SEC,38,0.12271390855312347,1495,1514,251,Texas,fbs,SEC,45,0.8772860914468765,1944,1925,9.321110708758852,,NA,NA
401756935,2025,9,regular,2025-10-25T22:00:00.000Z,FALSE,TRUE,FALSE,TRUE,54110,3842,Milan Puskar Stadium,277,West Virginia,fbs,Big 12,17,0.34336555004119873,1281,1300,2628,TCU,fbs,Big 12,23,0.6566344499588013,1719,1700,4.075723777053685,,NA,NA
401752886,2025,9,regular,2025-10-25T23:00:00.000Z,FALSE,TRUE,FALSE,TRUE,58940,3626,Autzen Stadium,2483,Oregon,fbs,Big Ten,21,0.921492874622345,2075,2055,275,Wisconsin,fbs,Big Ten,7,0.07850712537765503,1435,1455,4.496941102078826,,NA,NA
401761638,2025,9,regular,2025-10-25T23:00:00.000Z,FALSE,TRUE,FALSE,TRUE,23719,3975,Veterans Memorial Stadium (AL),2653,Troy,fbs,Sun Belt,35,0.6124547719955444,1488,1499,309,Louisiana,fbs,Sun Belt,23,0.38754522800445557,1333,1322,6.746593511807248,,NA,NA
401754572,2025,9,regular,2025-10-25T23:00:00.000Z,FALSE,TRUE,FALSE,TRUE,63892,3948,Hard Rock Stadium,2390,Miami,fbs,ACC,42,0.9847109913825989,1832,1863,24,Stanford,fbs,ACC,7,0.015289008617401123,1271,1240,4.4733997444287,,NA,NA
401761636,2025,9,regular,2025-10-25T23:00:00.000Z,FALSE,TRUE,FALSE,TRUE,16341,3625,Centennial Bank Stadium,2032,Arkansas State,fbs,Sun Belt,34,0.8345502018928528,1235,1260,290,Georgia Southern,fbs,Sun Belt,24,0.16544979810714722,1335,1310,7.334814938094461,,NA,NA
401754570,2025,9,regular,2025-10-25T23:30:00.000Z,FALSE,TRUE,FALSE,TRUE,50320,3873,L&N Federal Credit Union Stadium,97,Louisville,fbs,ACC,38,0.5133187770843506,1746,1738,103,Boston College,fbs,ACC,24,0.4866812229156494,1291,1299,5.755154180508504,,NA,NA
401760398,2025,9,regular,2025-10-25T23:30:00.000Z,FALSE,TRUE,FALSE,TRUE,25609,3984,War Memorial Stadium,2751,Wyoming,fbs,Mountain West,28,0.8201879262924194,1336,1412,36,Colorado State,fbs,Mountain West,0,0.17981207370758057,1353,1277,3.2224574960609362,,NA,NA
401752748,2025,9,regular,2025-10-25T23:30:00.000Z,FALSE,TRUE,FALSE,TRUE,101924,3958,Tiger Stadium (LA),99,LSU,fbs,SEC,25,0,1752,1694,245,Texas A&M,fbs,SEC,49,1,1801,1859,5.32002098367874,,NA,NA
401752881,2025,9,regular,2025-10-25T23:30:00.000Z,FALSE,TRUE,FALSE,TRUE,75085,3936,Spartan Stadium,127,Michigan State,fbs,Big Ten,20,0.22799912095069885,1348,1364,130,Michigan,fbs,Big Ten,31,0.7720008790493011,1839,1823,4.5247274470283,,NA,NA
401752747,2025,9,regular,2025-10-25T23:45:00.000Z,FALSE,TRUE,FALSE,TRUE,60153,3683,Kroger Field,96,Kentucky,fbs,SEC,34,0,1533,1506,2633,Tennessee,fbs,SEC,56,1,1801,1828,4.0851942581443055,,NA,NA
401756929,2025,9,regular,2025-10-26T00:00:00.000Z,FALSE,TRUE,FALSE,TRUE,54256,3947,Mountain America Stadium,9,Arizona State,fbs,Big 12,16,0.14500193297863007,1638,1609,248,Houston,fbs,Big 12,24,0.8549980670213699,1478,1507,4.716608221900163,,NA,NA
401756934,2025,9,regular,2025-10-26T02:15:00.000Z,FALSE,TRUE,FALSE,TRUE,51949,587,Rice-Eccles Stadium,254,Utah,fbs,Big 12,53,1,1771,1887,38,Colorado,fbs,Big 12,7,0,1611,1495,3.371830554150792,,NA,NA
401761639,2025,10,regular,2025-10-29T00:00:00.000Z,FALSE,TRUE,FALSE,TRUE,17363,3644,Bobcat Stadium (TX),326,Texas State,fbs,Sun Belt,20,0.0077347224578261375,1554,1486,256,James Madison,fbs,Sun Belt,52,0.9922652775421739,1733,1801,4.307558561592839,,NA,NA
401757289,2025,10,regular,2025-10-29T00:00:00.000Z,FALSE,TRUE,FALSE,TRUE,11040,4899,Fifth Third Stadium,338,Kennesaw State,fbs,Conference USA,33,0.7935960292816162,1374,1388,2638,UTEP,fbs,Conference USA,20,0.2064039707183838,1234,1220,6.7507915071202484,,NA,NA
401757292,2025,10,regular,2025-10-29T23:30:00.000Z,FALSE,TRUE,FALSE,TRUE,10200,3725,"Johnny ""Red"" Floyd Stadium",2393,Middle Tennessee,fbs,Conference USA,21,0.0572785958647728,1184,1199,55,Jacksonville State,fbs,Conference USA,24,0.9427214041352272,1540,1525,5.738443333761415,,NA,NA
401757291,2025,10,regular,2025-10-30T00:00:00.000Z,FALSE,TRUE,FALSE,TRUE,8754,3878,Plaster Sports Complex,2623,Missouri State,fbs,Conference USA,28,0.5360580086708069,1335,1340,2229,Florida International,fbs,Conference USA,21,0.4639419913291931,1246,1241,6.056074145082148,,NA,NA
401761640,2025,10,regular,2025-10-30T23:30:00.000Z,FALSE,TRUE,FALSE,TRUE,17034,3654,Brooks Stadium (SC),324,Coastal Carolina,fbs,Sun Belt,44,0.28921860456466675,1235,1309,276,Marshall,fbs,Sun Belt,27,0.7107813954353333,1583,1509,7.543310813440956,,NA,NA
401762443,2025,10,regular,2025-10-30T23:30:00.000Z,FALSE,TRUE,FALSE,TRUE,16715,3604,Alamodome,2636,UTSA,fbs,American Athletic,48,0.9010108709335327,1470,1537,2655,Tulane,fbs,American Athletic,26,0.09898912906646729,1588,1521,3.954352524973834,,NA,NA
401762497,2025,10,regular,2025-10-31T23:00:00.000Z,FALSE,TRUE,FALSE,TRUE,20197,3895,Rice Stadium,242,Rice,fbs,American Athletic,14,0.10178316384553909,1163,1155,235,Memphis,fbs,American Athletic,38,0.8982168361544609,1681,1689,3.0092875279502422,,NA,NA
401754575,2025,10,regular,2025-10-31T23:30:00.000Z,FALSE,TRUE,FALSE,TRUE,37184,1964,JMA Wireless Dome,183,Syracuse,fbs,ACC,10,0.021773574873805046,1362,1320,153,North Carolina,fbs,ACC,27,0.978226425126195,1352,1394,3.9698319179483317,,NA,NA
401757290,2025,10,regular,2025-11-01T00:00:00.000Z,FALSE,TRUE,FALSE,TRUE,17841,3776,Joe Aillet Stadium,2348,Louisiana Tech,fbs,Conference USA,55,0.9761862754821777,1378,1465,2534,Sam Houston,fbs,Conference USA,14,0.023813724517822266,1139,1052,2.765058295627847,,NA,NA
401756936,2025,10,regular,2025-11-01T16:00:00.000Z,FALSE,TRUE,FALSE,TRUE,40212,4727,McLane Stadium,239,Baylor,fbs,Big 12,30,0.9800407290458679,1542,1621,2116,UCF,fbs,Big 12,3,0.01995927095413208,1616,1537,3.2328341065639985,,NA,NA
401756938,2025,10,regular,2025-11-01T16:00:00.000Z,FALSE,TRUE,FALSE,TRUE,25049,4728,TDECU Stadium,248,Houston,fbs,Big 12,35,0.06682823598384857,1507,1467,277,West Virginia,fbs,Big 12,45,0.9331717640161514,1300,1340,6.363517032629233,,NA,NA
401762499,2025,10,regular,2025-11-01T16:00:00.000Z,FALSE,TRUE,FALSE,TRUE,26516,3825,DATCU Stadium,249,North Texas,fbs,American Athletic,31,0.943037211894989,1674,1690,2426,Navy,fbs,American Athletic,17,0.056962788105010986,1529,1513,3.6246469328814164,,NA,NA
401752889,2025,10,regular,2025-11-01T16:00:00.000Z,FALSE,TRUE,FALSE,TRUE,105517,3861,Ohio Stadium,194,Ohio State,fbs,Big Ten,38,0.9644951820373535,2098,2146,213,Penn State,fbs,Big Ten,14,0.035504817962646484,1990,1942,4.216863180603837,,NA,NA
401754581,2025,10,regular,2025-11-01T16:00:00.000Z,FALSE,TRUE,FALSE,TRUE,35074,3735,Gerald J. Ford Stadium,2567,SMU,fbs,ACC,26,0.58628249168396,1727,1741,2390,Miami,fbs,ACC,20,0.41371750831604004,1863,1849,9.760987625430024,,NA,NA
401752891,2025,10,regular,2025-11-01T16:00:00.000Z,FALSE,TRUE,FALSE,TRUE,60670,3832,"Memorial Stadium (Champaign, IL)",356,Illinois,fbs,Big Ten,35,0.9521887302398682,1560,1603,164,Rutgers,fbs,Big Ten,13,0.047811269760131836,1462,1419,4.188323766315605,,NA,NA
401762849,2025,10,regular,2025-11-01T16:00:00.000Z,FALSE,TRUE,FALSE,TRUE,11876,3700,Doyt L. Perry Stadium,189,Bowling Green,fbs,Mid-American,3,0.011615565046668053,1322,1253,2084,Buffalo,fbs,Mid-American,28,0.988384434953332,1307,1376,2.84265125294086,,NA,NA
401760401,2025,10,regular,2025-11-01T16:00:00.000Z,FALSE,TRUE,FALSE,FALSE,39441,3713,Falcon Stadium,2005,Air Force,fbs,Mountain West,17,0.37822410464286804,1355,1362,349,Army,fbs,American Athletic,20,0.621775895357132,1544,1537,5.535816980973042,,NA,NA
401757173,2025,10,regular,2025-11-01T16:00:00.000Z,FALSE,TRUE,FALSE,FALSE,23170,3892,Pratt & Whitney Stadium,41,UConn,fbs,FBS Independents,38,0.9882107973098755,1546,1561,5,UAB,fbs,American Athletic,19,0.011789202690124512,1252,1237,5.049152748034217,,NA,NA
401752758,2025,10,regular,2025-11-01T16:00:00.000Z,FALSE,TRUE,FALSE,TRUE,102338,3910,DKR-Texas Memorial Stadium,251,Texas,fbs,SEC,34,0.7722781300544739,1925,1924,238,Vanderbilt,fbs,SEC,31,0.22772186994552612,1765,1766,3.920122530757057,,NA,NA
401754577,2025,10,regular,2025-11-01T16:00:00.000Z,FALSE,TRUE,FALSE,TRUE,75809,3836,"Memorial Stadium (Clemson, SC)",228,Clemson,fbs,ACC,45,0.9737728238105774,1708,1703,150,Duke,fbs,ACC,46,0.026227176189422607,1622,1627,7.8957948169637735,,NA,NA
401756939,2025,10,regular,2025-11-01T17:00:00.000Z,FALSE,TRUE,FALSE,TRUE,60899,3772,Jack Trice Stadium,66,Iowa State,fbs,Big 12,19,0.04814131185412407,1597,1589,9,Arizona State,fbs,Big 12,24,0.9518586881458759,1609,1617,6.789113847524804,,NA,NA
401762498,2025,10,regular,2025-11-01T18:00:00.000Z,FALSE,TRUE,FALSE,TRUE,13168,3806,Lincoln Financial Field,218,Temple,fbs,American Athletic,14,0.02488398179411888,1319,1258,151,East Carolina,fbs,American Athletic,45,0.9751160182058811,1530,1591,4.039789827827728,,NA,NA
401754580,2025,10,regular,2025-11-01T19:00:00.000Z,FALSE,TRUE,FALSE,TRUE,54030,3799,Lane Stadium,259,Virginia Tech,fbs,ACC,16,0.0018904185853898525,1430,1431,97,Louisville,fbs,ACC,28,0.9981095814146101,1738,1737,6.175265038989168,,NA,NA
401760404,2025,10,regular,2025-11-01T19:00:00.000Z,FALSE,TRUE,FALSE,TRUE,25972,6501,Allegiant Stadium,2439,UNLV,fbs,Mountain West,35,0.06649450212717056,1567,1549,167,New Mexico,fbs,Mountain West,40,0.9335054978728294,1442,1460,7.218828658078055,,NA,NA
401757293,2025,10,regular,2025-11-01T19:30:00.000Z,FALSE,TRUE,FALSE,TRUE,18455,3992,Williams Stadium (VA),2335,Liberty,fbs,Conference USA,59,1,1424,1506,48,Delaware,fbs,Conference USA,30,0,1465,1383,4.296077864596694,,NA,NA
401756941,2025,10,regular,2025-11-01T19:30:00.000Z,FALSE,TRUE,FALSE,TRUE,52111,3636,Bill Snyder Family Stadium,2306,Kansas State,fbs,Big 12,20,0.22401078045368195,1753,1705,2641,Texas Tech,fbs,Big 12,43,0.775989219546318,1855,1903,4.938054776568564,,NA,NA
401754583,2025,10,regular,2025-11-01T19:30:00.000Z,FALSE,TRUE,FALSE,FALSE,44500,3615,"Alumni Stadium (Chestnut Hill, MA)",103,Boston College,fbs,ACC,10,0,1299,1339,87,Notre Dame,fbs,FBS Independents,25,1,2193,2153,5.266984922724491,,NA,NA
401752888,2025,10,regular,2025-11-01T19:30:00.000Z,FALSE,TRUE,FALSE,TRUE,45339,3953,Huntington Bank Stadium,135,Minnesota,fbs,Big Ten,23,0.20073971152305603,1515,1514,127,Michigan State,fbs,Big Ten,20,0.799260288476944,1364,1365,7.6516311853107855,,NA,NA
401754582,2025,10,regular,2025-11-01T19:30:00.000Z,FALSE,TRUE,FALSE,TRUE,16540,3940,Stanford Stadium,24,Stanford,fbs,ACC,20,0.02590952068567276,1240,1245,221,Pittsburgh,fbs,ACC,35,0.9740904793143272,1673,1668,5.712078469404845,,NA,NA
401757294,2025,10,regular,2025-11-01T19:30:00.000Z,FALSE,TRUE,FALSE,TRUE,15023,3796,Houchens Industries-L.T. Smith Stadium,98,Western Kentucky,fbs,Conference USA,35,0.9377289414405823,1355,1386,166,New Mexico State,fbs,Conference USA,16,0.062271058559417725,1225,1194,5.310083448979774,,NA,NA
401761641,2025,10,regular,2025-11-01T19:30:00.000Z,FALSE,TRUE,FALSE,TRUE,17087,3817,Malone Stadium,2433,UL Monroe,fbs,Sun Belt,6,0.029803264886140823,1015,998,295,Old Dominion,fbs,Sun Belt,31,0.9701967351138592,1463,1480,2.631088345259229,,NA,NA
401761642,2025,10,regular,2025-11-01T19:30:00.000Z,FALSE,TRUE,FALSE,TRUE,18462,6526,Hancock Whitney Stadium,6,South Alabama,fbs,Sun Belt,22,0.1262800246477127,1400,1375,309,Louisiana,fbs,Sun Belt,31,0.8737199753522873,1322,1347,4.0834056992858185,,NA,NA
401760402,2025,10,regular,2025-11-01T19:30:00.000Z,FALSE,TRUE,FALSE,TRUE,32826,3653,Albertsons Stadium,68,Boise State,fbs,Mountain West,7,0,1724,1616,278,Fresno State,fbs,Mountain West,30,1,1360,1468,4.483067995981335,,NA,NA
401752755,2025,10,regular,2025-11-01T19:30:00.000Z,FALSE,TRUE,TRUE,TRUE,76131,3712,EverBank Stadium,57,Florida,fbs,SEC,20,0.0881829708814621,1638,1655,61,Georgia,fbs,SEC,24,0.9118170291185379,2034,2017,7.501922970887811,,NA,NA
401752887,2025,10,regular,2025-11-01T19:30:00.000Z,FALSE,TRUE,FALSE,TRUE,46185,3665,SECU Stadium,120,Maryland,fbs,Big Ten,10,0.17305046319961548,1573,1506,84,Indiana,fbs,Big Ten,55,0.8269495368003845,2091,2158,3.557163403999338,,NA,NA
401754576,2025,10,regular,2025-11-01T19:45:00.000Z,FALSE,TRUE,FALSE,TRUE,30893,3831,California Memorial Stadium,25,California,fbs,ACC,21,0.05293559655547142,1397,1392,258,Virginia,fbs,ACC,31,0.9470644034445286,1580,1585,5.718828438861106,,NA,NA
401756940,2025,10,regular,2025-11-01T20:00:00.000Z,FALSE,TRUE,FALSE,TRUE,39511,3833,Memorial Stadium,2305,Kansas,fbs,Big 12,38,0.9866192936897278,1563,1556,197,Oklahoma State,fbs,Big 12,21,0.013380706310272217,1042,1049,4.262904505679054,,NA,NA
401762850,2025,10,regular,2025-11-01T20:00:00.000Z,FALSE,TRUE,FALSE,TRUE,29299,3980,Waldo Stadium,2711,Western Michigan,fbs,Mid-American,24,0.568860650062561,1369,1368,2117,Central Michigan,fbs,Mid-American,21,0.43113934993743896,1234,1235,6.32630256682886,,NA,NA
401752753,2025,10,regular,2025-11-01T20:00:00.000Z,FALSE,TRUE,FALSE,TRUE,68358,3887,Razorback Stadium,8,Arkansas,fbs,SEC,35,0.47001153230667114,1604,1594,344,Mississippi State,fbs,SEC,38,0.5299884676933289,1514,1524,7.06341697165689,,NA,NA
401752756,2025,10,regular,2025-11-01T23:00:00.000Z,FALSE,TRUE,FALSE,TRUE,67491,3974,Vaught-Hemingway Stadium,145,Ole Miss,fbs,SEC,30,0.9966846704483032,1963,1969,2579,South Carolina,fbs,SEC,14,0.0033153295516967773,1643,1637,5.932028676090789,,NA,NA
401760405,2025,10,regular,2025-11-01T23:00:00.000Z,FALSE,TRUE,FALSE,TRUE,24325,7311,Snapdragon Stadium,21,San Diego State,fbs,Mountain West,24,0.9953889846801758,1579,1601,2751,Wyoming,fbs,Mountain West,7,0.004611015319824219,1412,1390,4.584367757850891,,NA,NA
401756937,2025,10,regular,2025-11-01T23:00:00.000Z,FALSE,TRUE,FALSE,TRUE,48322,3726,Folsom Field,38,Colorado,fbs,Big 12,17,0.14727240800857544,1495,1389,12,Arizona,fbs,Big 12,52,0.8527275919914246,1472,1578,2.909193799765285,,NA,NA
401752890,2025,10,regular,2025-11-01T23:00:00.000Z,FALSE,TRUE,FALSE,TRUE,110517,3558,Michigan Stadium,130,Michigan,fbs,Big Ten,21,0.9230600595474243,1823,1809,2509,Purdue,fbs,Big Ten,16,0.07693994045257568,1296,1310,5.6554345034414455,,NA,NA
401752943,2025,10,regular,2025-11-01T23:30:00.000Z,FALSE,TRUE,FALSE,TRUE,32905,3893,Reser Stadium,204,Oregon State,fbs,Pac-12,10,0.022400543093681335,1248,1252,265,Washington State,fbs,Pac-12,7,0.9775994569063187,1438,1434,6.349020346700761,,NA,NA
401752757,2025,10,regular,2025-11-01T23:30:00.000Z,FALSE,TRUE,FALSE,TRUE,101915,3853,Neyland Stadium,2633,Tennessee,fbs,SEC,27,0.409697562456131,1828,1814,201,Oklahoma,fbs,SEC,33,0.590302437543869,1780,1794,7.451622569791746,,NA,NA
401752892,2025,10,regular,2025-11-01T23:30:00.000Z,FALSE,TRUE,FALSE,TRUE,86529,3834,"Memorial Stadium (Lincoln, NE)",158,Nebraska,fbs,Big Ten,17,0.2626121938228607,1645,1655,30,USC,fbs,Big Ten,21,0.7373878061771393,1907,1897,4.7153808799608,,NA,NA
401754579,2025,10,regular,2025-11-01T23:30:00.000Z,FALSE,TRUE,FALSE,TRUE,56919,3670,Carter-Finley Stadium,152,NC State,fbs,ACC,48,0.9727997183799744,1459,1498,59,Georgia Tech,fbs,ACC,36,0.027200281620025635,1651,1612,5.721442235800005,,NA,NA
401754578,2025,10,regular,2025-11-01T23:30:00.000Z,FALSE,TRUE,FALSE,TRUE,63677,3697,Doak Campbell Stadium,52,Florida State,fbs,ACC,42,0.9869140982627869,1542,1631,154,Wake Forest,fbs,ACC,7,0.013085901737213135,1471,1382,4.080458428558412,,NA,NA
401752754,2025,10,regular,2025-11-01T23:30:00.000Z,FALSE,TRUE,FALSE,TRUE,88043,3785,Jordan-Hare Stadium,2,Auburn,fbs,SEC,3,0.26053720712661743,1694,1665,96,Kentucky,fbs,SEC,10,0.7394627928733826,1506,1535,5.095503034276599,,NA,NA
401761643,2025,10,regular,2025-11-02T00:00:00.000Z,FALSE,TRUE,FALSE,TRUE,23391,3975,Veterans Memorial Stadium (AL),2653,Troy,fbs,Sun Belt,10,0.15671361982822418,1499,1445,2032,Arkansas State,fbs,Sun Belt,23,0.8432863801717758,1260,1314,3.168595591458259,,NA,NA
401756942,2025,10,regular,2025-11-02T02:15:00.000Z,FALSE,TRUE,FALSE,TRUE,51672,587,Rice-Eccles Stadium,254,Utah,fbs,Big 12,45,0.9916237592697144,1887,1941,2132,Cincinnati,fbs,Big 12,14,0.008376240730285645,1644,1590,4.715953022024585,,NA,NA
401760403,2025,10,regular,2025-11-02T02:30:00.000Z,FALSE,TRUE,FALSE,TRUE,16012,3935,CEFCU Stadium,23,San José State,fbs,Mountain West,45,0.8009711503982544,1410,1417,62,Hawai'i,fbs,Mountain West,38,0.1990288496017456,1366,1359,6.526755676359059,,NA,NA
401762851,2025,11,regular,2025-11-05T00:00:00.000Z,FALSE,TRUE,FALSE,TRUE,5046,3768,InfoCision Stadium,2006,Akron,fbs,Mid-American,44,0.991926372051239,1040,1114,113,Massachusetts,fbs,Mid-American,10,0.008073627948760986,879,805,3.3217400816098404,,NA,NA
401762852,2025,11,regular,2025-11-05T00:00:00.000Z,FALSE,TRUE,FALSE,TRUE,22231,3876,Peden Stadium,195,Ohio,fbs,Mid-American,24,0.48510420322418213,1596,1595,193,Miami (OH),fbs,Mid-American,20,0.5148957967758179,1459,1460,6.955650470255788,,NA,NA
401762853,2025,11,regular,2025-11-06T00:00:00.000Z,FALSE,TRUE,FALSE,TRUE,5225,3919,Scheumann Stadium,2050,Ball State,fbs,Mid-American,17,0.5814944505691528,1047,1047,2309,Kent State,fbs,Mid-American,13,0.41850554943084717,945,945,6.84298151650683,,NA,NA
401762854,2025,11,regular,2025-11-06T00:00:00.000Z,FALSE,TRUE,FALSE,TRUE,22128,3739,Glass Bowl,2649,Toledo,fbs,Mid-American,42,0.9862786531448364,1505,1591,2459,Northern Illinois,fbs,Mid-American,3,0.013721346855163574,1305,1219,3.577276611121748,,NA,NA
401761644,2025,11,regular,2025-11-07T00:30:00.000Z,FALSE,TRUE,FALSE,TRUE,31876,3792,Kidd Brewer Stadium,2026,App State,fbs,Sun Belt,23,0.022688305005431175,1332,1328,290,Georgia Southern,fbs,Sun Belt,25,0.9773116949945688,1310,1314,5.715089990728676,,NA,NA
401762500,2025,11,regular,2025-11-07T00:30:00.000Z,FALSE,TRUE,FALSE,TRUE,27437,3886,Raymond James Stadium,58,South Florida,fbs,American Athletic,55,0.9891061782836914,1662,1734,2636,UTSA,fbs,American Athletic,23,0.010893821716308594,1537,1465,3.5523773833316556,,NA,NA
401756946,2025,11,regular,2025-11-08T01:00:00.000Z,FALSE,TRUE,FALSE,TRUE,44206,3652,FBC Mortgage Stadium,2116,UCF,fbs,Big 12,27,0.7304641008377075,1537,1528,248,Houston,fbs,Big 12,30,0.2695358991622925,1467,1476,6.663307882242472,,NA,NA
401762501,2025,11,regular,2025-11-08T02:00:00.000Z,FALSE,TRUE,FALSE,TRUE,30384,3805,Simmons Bank Liberty Stadium,235,Memphis,fbs,American Athletic,32,0.1007533147931099,1689,1665,2655,Tulane,fbs,American Athletic,38,0.8992466852068901,1521,1545,5.2354917806746215,,NA,NA
401752896,2025,11,regular,2025-11-08T02:00:00.000Z,FALSE,TRUE,FALSE,TRUE,67179,477,Los Angeles Memorial Coliseum,30,USC,fbs,Big Ten,38,0.9854589104652405,1897,1911,77,Northwestern,fbs,Big Ten,17,0.014541089534759521,1530,1516,4.5728441639476936,,NA,NA
401762503,2025,11,regular,2025-11-08T17:00:00.000Z,FALSE,TRUE,FALSE,TRUE,30594,3841,Michie Stadium,349,Army,fbs,American Athletic,14,0.609444260597229,1537,1529,218,Temple,fbs,American Athletic,13,0.390555739402771,1258,1266,4.983308218309781,,NA,NA
401761647,2025,11,regular,2025-11-08T17:00:00.000Z,FALSE,TRUE,FALSE,TRUE,15441,3625,Centennial Bank Stadium,2032,Arkansas State,fbs,Sun Belt,21,0.058736804872751236,1314,1306,2572,Southern Miss,fbs,Sun Belt,27,0.9412631951272488,1354,1362,5.968283460300001,,NA,NA
401752762,2025,11,regular,2025-11-08T17:00:00.000Z,FALSE,TRUE,FALSE,TRUE,53017,3693,Davis Wade Stadium,344,Mississippi State,fbs,SEC,21,3.0286144465208054e-4,1524,1523,61,Georgia,fbs,SEC,41,0.9996971385553479,2017,2018,3.785267348604506,,NA,NA
401756947,2025,11,regular,2025-11-08T17:00:00.000Z,FALSE,TRUE,FALSE,TRUE,55510,3842,Milan Puskar Stadium,277,West Virginia,fbs,Big 12,29,0.8557804822921753,1340,1352,38,Colorado,fbs,Big 12,22,0.1442195177078247,1389,1377,6.34381918133446,,NA,NA
401752893,2025,11,regular,2025-11-08T17:00:00.000Z,FALSE,TRUE,FALSE,TRUE,105231,3632,Beaver Stadium,213,Penn State,fbs,Big Ten,24,0.7747411727905273,1942,1950,84,Indiana,fbs,Big Ten,27,0.22525882720947266,2158,2150,6.664598569819111,,NA,NA
401761646,2025,11,regular,2025-11-08T17:00:00.000Z,FALSE,TRUE,FALSE,TRUE,26727,3775,Joan C. Edwards Stadium,276,Marshall,fbs,Sun Belt,23,0.3584602475166321,1509,1508,256,James Madison,fbs,Sun Belt,35,0.6415397524833679,1801,1802,6.114623013796852,,NA,NA
401756945,2025,11,regular,2025-11-08T17:00:00.000Z,FALSE,TRUE,FALSE,TRUE,60229,3784,Jones AT&T Stadium,2641,Texas Tech,fbs,Big 12,29,1,1903,1937,252,BYU,fbs,Big 12,7,0,1722,1688,3.917651770566797,,NA,NA
401754584,2025,11,regular,2025-11-08T17:00:00.000Z,FALSE,TRUE,FALSE,TRUE,38345,3615,"Alumni Stadium (Chestnut Hill, MA)",103,Boston College,fbs,ACC,13,0.05360548943281174,1339,1298,2567,SMU,fbs,ACC,45,0.9463945105671883,1741,1782,4.415965398815328,,NA,NA
401762855,2025,11,regular,2025-11-08T18:00:00.000Z,FALSE,TRUE,FALSE,TRUE,11889,3912,Rynearson Stadium,2199,Eastern Michigan,fbs,Mid-American,27,0.8906720876693726,1220,1229,189,Bowling Green,fbs,Mid-American,21,0.10932791233062744,1253,1244,6.8630174962960036,,NA,NA
401752761,2025,11,regular,2025-11-08T18:00:00.000Z,FALSE,TRUE,FALSE,FALSE,67326,3974,Vaught-Hemingway Stadium,145,Ole Miss,fbs,SEC,49,0.8396538496017456,1980,1980,2643,The Citadel,fcs,Southern,0,0.1603461503982544,NA,NA,2.860293866698971,,NA,NA
401752897,2025,11,regular,2025-11-08T18:00:00.000Z,FALSE,TRUE,FALSE,TRUE,57701,3907,Ross-Ade Stadium,2509,Purdue,fbs,Big Ten,10,0.00806874968111515,1310,1331,194,Ohio State,fbs,Big Ten,34,0.9919312503188848,2146,2125,3.172106994027828,,NA,NA
401757299,2025,11,regular,2025-11-08T18:00:00.000Z,FALSE,TRUE,FALSE,TRUE,18407,3992,Williams Stadium (VA),2335,Liberty,fbs,Conference USA,17,0.737902820110321,1506,1488,2623,Missouri State,fbs,Conference USA,21,0.26209717988967896,1340,1358,5.833908836982461,,NA,NA
401762502,2025,11,regular,2025-11-08T19:00:00.000Z,FALSE,TRUE,FALSE,TRUE,22671,3895,Rice Stadium,242,Rice,fbs,American Athletic,24,0.8724786639213562,1155,1169,5,UAB,fbs,American Athletic,17,0.1275213360786438,1237,1223,5.172895885749528,,NA,NA
401752894,2025,11,regular,2025-11-08T19:30:00.000Z,FALSE,TRUE,FALSE,TRUE,41032,6577,SHI Stadium,164,Rutgers,fbs,Big Ten,35,1,1419,1458,120,Maryland,fbs,Big Ten,20,0,1506,1467,5.298712917874017,,NA,NA
401757296,2025,11,regular,2025-11-08T20:00:00.000Z,FALSE,TRUE,FALSE,TRUE,12227,3725,"Johnny ""Red"" Floyd Stadium",2393,Middle Tennessee,fbs,Conference USA,30,0,1199,1134,2229,Florida International,fbs,Conference USA,56,1,1241,1306,7.259780064557759,,NA,NA
401762505,2025,11,regular,2025-11-08T20:00:00.000Z,FALSE,TRUE,FALSE,TRUE,16170,3715,FAU Stadium,2226,Florida Atlantic,fbs,American Athletic,40,0.9932003021240234,1218,1247,202,Tulsa,fbs,American Athletic,21,0.0067996978759765625,1066,1037,4.589572527938528,,NA,NA
401757295,2025,11,regular,2025-11-08T20:00:00.000Z,FALSE,TRUE,FALSE,TRUE,17912,3695,Delaware Stadium,48,Delaware,fbs,Conference USA,25,0.19434231519699097,1383,1386,2348,Louisiana Tech,fbs,Conference USA,24,0.805657684803009,1465,1462,9.334417335939435,,NA,NA
401757297,2025,11,regular,2025-11-08T20:00:00.000Z,FALSE,TRUE,FALSE,TRUE,9536,3946,Sun Bowl,2638,UTEP,fbs,Conference USA,27,0.27030807733535767,1220,1233,55,Jacksonville State,fbs,Conference USA,30,0.7296919226646423,1525,1512,8.723114109384603,,NA,NA
401762504,2025,11,regular,2025-11-08T20:00:00.000Z,FALSE,TRUE,FALSE,TRUE,39096,3699,Dowdy-Ficklen Stadium,151,East Carolina,fbs,American Athletic,48,0.9722951054573059,1591,1599,2429,Charlotte,fbs,American Athletic,22,0.027704894542694092,1028,1020,3.048260088986414,,NA,NA
401756943,2025,11,regular,2025-11-08T20:30:00.000Z,FALSE,TRUE,FALSE,TRUE,41115,3619,Arizona Stadium,12,Arizona,fbs,Big 12,24,0.4165548086166382,1578,1580,2305,Kansas,fbs,Big 12,20,0.5834451913833618,1556,1554,6.916815613183976,,NA,NA
401752898,2025,11,regular,2025-11-08T20:30:00.000Z,FALSE,TRUE,FALSE,TRUE,69250,3793,Kinnick Stadium,2294,Iowa,fbs,Big Ten,16,0.19565224647521973,1907,1912,2483,Oregon,fbs,Big Ten,18,0.8043477535247803,2055,2050,5.293227062970093,,NA,NA
401752763,2025,11,regular,2025-11-08T20:30:00.000Z,FALSE,TRUE,FALSE,TRUE,57321,3838,Memorial Stadium,142,Missouri,fbs,SEC,17,0.04629594460129738,1779,1734,245,Texas A&M,fbs,SEC,38,0.9537040553987026,1859,1904,3.262741592650687,,NA,NA
401754587,2025,11,regular,2025-11-08T20:30:00.000Z,FALSE,TRUE,FALSE,TRUE,60337,3948,Hard Rock Stadium,2390,Miami,fbs,ACC,38,0.9172752499580383,1849,1865,183,Syracuse,fbs,ACC,10,0.08272475004196167,1320,1304,4.651239050972079,,NA,NA
401756944,2025,11,regular,2025-11-08T20:30:00.000Z,FALSE,TRUE,FALSE,TRUE,44197,3616,Amon G. Carter Stadium,2628,TCU,fbs,Big 12,17,0.7886301279067993,1700,1689,66,Iowa State,fbs,Big 12,20,0.21136987209320068,1589,1600,6.215050875410496,,NA,NA
401754590,2025,11,regular,2025-11-08T20:30:00.000Z,FALSE,TRUE,FALSE,FALSE,38106,3892,Pratt & Whitney Stadium,41,UConn,fbs,FBS Independents,37,0.6942955255508423,1561,1563,150,Duke,fbs,ACC,34,0.3057044744491577,1627,1625,8.169094014073593,,NA,NA
401757298,2025,11,regular,2025-11-08T21:00:00.000Z,FALSE,TRUE,FALSE,TRUE,11473,3601,Aggie Memorial Stadium,166,New Mexico State,fbs,Conference USA,21,0.06049735099077225,1194,1201,338,Kennesaw State,fbs,Conference USA,24,0.9395026490092278,1388,1381,5.516987729558563,,NA,NA
401761645,2025,11,regular,2025-11-08T21:00:00.000Z,FALSE,TRUE,FALSE,TRUE,18878,3654,Brooks Stadium (SC),324,Coastal Carolina,fbs,Sun Belt,40,0.9960300326347351,1309,1318,2247,Georgia State,fbs,Sun Belt,27,0.003969967365264893,1107,1098,4.3751025673075485,,NA,NA
401752764,2025,11,regular,2025-11-08T21:00:00.000Z,FALSE,TRUE,FALSE,TRUE,35000,3973,FirstBank Stadium,238,Vanderbilt,fbs,SEC,45,0.6538436412811279,1766,1770,2,Auburn,fbs,SEC,38,0.34615635871887207,1665,1661,9.654093646665734,,NA,NA
401754588,2025,11,regular,2025-11-08T21:30:00.000Z,FALSE,TRUE,FALSE,TRUE,50500,3787,Kenan Stadium,153,North Carolina,fbs,ACC,20,0.43635404109954834,1394,1393,24,Stanford,fbs,ACC,15,0.5636459589004517,1245,1246,6.069590950578316,,NA,NA
401752899,2025,11,regular,2025-11-08T21:30:00.000Z,FALSE,TRUE,FALSE,TRUE,71217,347,Camp Randall Stadium,275,Wisconsin,fbs,Big Ten,13,0.7089943885803223,1455,1459,264,Washington,fbs,Big Ten,10,0.29100561141967773,1703,1699,5.867666507061793,,NA,NA
401761648,2025,11,regular,2025-11-08T22:00:00.000Z,FALSE,TRUE,FALSE,TRUE,14231,3666,Cajun Field,309,Louisiana,fbs,Sun Belt,42,0.550256609916687,1347,1350,326,Texas State,fbs,Sun Belt,39,0.449743390083313,1486,1483,6.100831798852394,,NA,NA
401760406,2025,11,regular,2025-11-08T23:00:00.000Z,FALSE,TRUE,FALSE,TRUE,13637,3935,CEFCU Stadium,23,San José State,fbs,Mountain West,16,0.5757960677146912,1417,1391,2005,Air Force,fbs,Mountain West,26,0.42420393228530884,1362,1388,4.285756759162298,,NA,NA
401754585,2025,11,regular,2025-11-09T00:00:00.000Z,FALSE,TRUE,FALSE,TRUE,51381,3873,L&N Federal Credit Union Stadium,97,Louisville,fbs,ACC,26,0.5194576382637024,1737,1709,25,California,fbs,ACC,29,0.4805423617362976,1392,1420,8.99296986382329,,NA,NA
401754586,2025,11,regular,2025-11-09T00:00:00.000Z,FALSE,TRUE,FALSE,TRUE,81500,3836,"Memorial Stadium (Clemson, SC)",228,Clemson,fbs,ACC,24,0.9389448165893555,1703,1725,52,Florida State,fbs,ACC,10,0.06105518341064453,1631,1609,3.8373446690837896,,NA,NA
401754589,2025,11,regular,2025-11-09T00:00:00.000Z,FALSE,TRUE,FALSE,TRUE,55568,3923,Scott Stadium,258,Virginia,fbs,ACC,9,0.4460456073284149,1585,1555,154,Wake Forest,fbs,ACC,16,0.5539543926715851,1382,1412,6.244289362830801,,NA,NA
401760409,2025,11,regular,2025-11-09T00:30:00.000Z,FALSE,TRUE,FALSE,TRUE,19418,3905,Maverik Stadium,328,Utah State,fbs,Mountain West,51,0.9874172210693359,1336,1422,2440,Nevada,fbs,Mountain West,14,0.012582778930664062,1191,1105,3.126605527106751,,NA,NA
401752760,2025,11,regular,2025-11-09T00:30:00.000Z,FALSE,TRUE,FALSE,TRUE,56388,3683,Kroger Field,96,Kentucky,fbs,SEC,38,0.9859484434127808,1535,1635,57,Florida,fbs,SEC,7,0.014051556587219238,1655,1555,4.399998272900254,,NA,NA
401757166,2025,11,regular,2025-11-09T00:30:00.000Z,FALSE,TRUE,FALSE,FALSE,77622,3855,Notre Dame Stadium,87,Notre Dame,fbs,FBS Independents,49,0.9965944290161133,2153,2186,2426,Navy,fbs,American Athletic,10,0.0034055709838867188,1513,1480,3.485669518425278,,NA,NA
401752759,2025,11,regular,2025-11-09T00:30:00.000Z,FALSE,TRUE,FALSE,TRUE,100077,3657,Bryant-Denny Stadium,333,Alabama,fbs,SEC,20,1,1978,1977,99,LSU,fbs,SEC,9,0,1694,1695,4.702523288331052,,NA,NA
401752895,2025,11,regular,2025-11-09T02:00:00.000Z,FALSE,TRUE,FALSE,TRUE,44481,1056,Rose Bowl,26,UCLA,fbs,Big Ten,21,0.4979483187198639,1374,1381,158,Nebraska,fbs,Big Ten,28,0.5020516812801361,1655,1648,3.712969991617385,,NA,NA
401760407,2025,11,regular,2025-11-09T02:30:00.000Z,FALSE,TRUE,FALSE,TRUE,27970,5388,Canvas Stadium,36,Colorado State,fbs,Mountain West,10,0.010899788700044155,1277,1221,2439,UNLV,fbs,Mountain West,42,0.9891002112999558,1549,1605,3.8275123302837475,,NA,NA
401752944,2025,11,regular,2025-11-09T03:00:00.000Z,FALSE,TRUE,FALSE,FALSE,31626,3893,Reser Stadium,204,Oregon State,fbs,Pac-12,17,0.6110923886299133,1252,1232,2534,Sam Houston,fbs,Conference USA,21,0.38890761137008667,1052,1072,5.62729618296782,,NA,NA
401760408,2025,11,regular,2025-11-09T04:00:00.000Z,FALSE,TRUE,FALSE,TRUE,15194,7220,Clarence T.C. Ching Athletics Complex,62,Hawai'i,fbs,Mountain West,38,0.9866335391998291,1359,1480,21,San Diego State,fbs,Mountain West,6,0.013366460800170898,1601,1480,4.130753475832267,,NA,NA
401762856,2025,12,regular,2025-11-12T00:30:00.000Z,FALSE,TRUE,FALSE,TRUE,8501,3768,InfoCision Stadium,2006,Akron,fbs,Mid-American,35,0.26191046833992004,1114,1087,2309,Kent State,fbs,Mid-American,42,0.73808953166008,945,972,7.404795806309063,,NA,NA
401762857,2025,12,regular,2025-11-12T01:00:00.000Z,FALSE,TRUE,FALSE,TRUE,10849,3980,Waldo Stadium,2711,Western Michigan,fbs,Mid-American,17,0.8629486560821533,1368,1378,195,Ohio,fbs,Mid-American,13,0.13705134391784668,1595,1585,5.865414628480906,,NA,NA
401762859,2025,12,regular,2025-11-13T00:00:00.000Z,FALSE,TRUE,FALSE,TRUE,6155,3985,Warren McGuirk Alumni Stadium,113,Massachusetts,fbs,Mid-American,3,0.005873220972716808,805,735,2459,Northern Illinois,fbs,Mid-American,45,0.9941267790272832,1219,1289,2.806565714977987,,NA,NA
401762860,2025,12,regular,2025-11-13T00:00:00.000Z,FALSE,TRUE,FALSE,TRUE,10825,3996,Yager Stadium,193,Miami (OH),fbs,Mid-American,3,0,1460,1421,2649,Toledo,fbs,Mid-American,24,1,1591,1630,4.9239712173484955,,NA,NA
401762858,2025,12,regular,2025-11-13T00:00:00.000Z,FALSE,TRUE,FALSE,TRUE,6833,3786,Kelly/Shorts Stadium,2117,Central Michigan,fbs,Mid-American,38,0.8471727967262268,1235,1293,2084,Buffalo,fbs,Mid-American,19,0.1528272032737732,1376,1318,4.971371681547711,,NA,NA
401761649,2025,12,regular,2025-11-14T00:30:00.000Z,FALSE,TRUE,FALSE,TRUE,18831,3918,S.B. Ballard Stadium,295,Old Dominion,fbs,Sun Belt,33,1,1480,1566,2653,Troy,fbs,Sun Belt,0,0,1445,1359,3.2122380345480894,,NA,NA
401754591,2025,12,regular,2025-11-15T00:30:00.000Z,FALSE,TRUE,FALSE,TRUE,51234,3873,L&N Federal Credit Union Stadium,97,Louisville,fbs,ACC,19,0.7156305313110352,1709,1709,228,Clemson,fbs,ACC,20,0.28436946868896484,1725,1725,7.815486053722058,,NA,NA
401752904,2025,12,regular,2025-11-15T02:00:00.000Z,FALSE,TRUE,FALSE,TRUE,58830,3626,Autzen Stadium,2483,Oregon,fbs,Big Ten,42,0.9859622120857239,2050,2068,135,Minnesota,fbs,Big Ten,13,0.014037787914276123,1514,1496,2.8395112406775915,,NA,NA
401754597,2025,12,regular,2025-11-15T17:00:00.000Z,FALSE,TRUE,FALSE,FALSE,68400,3752,Acrisure Stadium,221,Pittsburgh,fbs,ACC,15,0,1668,1665,87,Notre Dame,fbs,FBS Independents,37,1,2186,2189,3.9008140389274337,,NA,NA
401752901,2025,12,regular,2025-11-15T17:00:00.000Z,FALSE,TRUE,FALSE,TRUE,55042,3830,"Memorial Stadium (Bloomington, IN)",84,Indiana,fbs,Big Ten,31,1,2150,2142,275,Wisconsin,fbs,Big Ten,7,0,1459,1467,4.3108632726061495,,NA,NA
401752772,2025,12,regular,2025-11-15T17:00:00.000Z,FALSE,TRUE,FALSE,TRUE,108582,3795,Kyle Field,245,Texas A&M,fbs,SEC,31,0.7916420698165894,1904,1896,2579,South Carolina,fbs,SEC,30,0.20835793018341064,1637,1645,6.900620804326157,,NA,NA
401762507,2025,12,regular,2025-11-15T17:00:00.000Z,FALSE,TRUE,FALSE,TRUE,9831,4418,Jerry Richardson Stadium,2429,Charlotte,fbs,American Athletic,7,0.008371274918317795,1020,1013,2636,UTSA,fbs,American Athletic,28,0.9916287250816822,1465,1472,3.426061002724206,,NA,NA
401757174,2025,12,regular,2025-11-15T17:00:00.000Z,FALSE,TRUE,FALSE,FALSE,31457,3892,Pratt & Whitney Stadium,41,UConn,fbs,FBS Independents,26,0.9545078873634338,1563,1568,2005,Air Force,fbs,Mountain West,16,0.04549211263656616,1388,1383,4.495044477917889,,NA,NA
401762510,2025,12,regular,2025-11-15T17:00:00.000Z,FALSE,TRUE,FALSE,TRUE,34856,3852,Navy-Marine Corps Memorial Stadium,2426,Navy,fbs,American Athletic,41,0.8824848532676697,1480,1485,58,South Florida,fbs,American Athletic,38,0.11751514673233032,1734,1729,6.582655336220061,,NA,NA
401762861,2025,12,regular,2025-11-15T17:00:00.000Z,FALSE,TRUE,FALSE,TRUE,8430,3919,Scheumann Stadium,2050,Ball State,fbs,Mid-American,9,0.03734716773033142,1047,1030,2199,Eastern Michigan,fbs,Mid-American,24,0.9626528322696686,1229,1246,3.3275831010822574,,NA,NA
401756952,2025,12,regular,2025-11-15T17:00:00.000Z,FALSE,TRUE,FALSE,TRUE,46340,3646,Boone Pickens Stadium,197,Oklahoma State,fbs,Big 12,6,0.153341144323349,1049,1080,2306,Kansas State,fbs,Big 12,14,0.846658855676651,1705,1674,5.0820189698298535,,NA,NA
401756951,2025,12,regular,2025-11-15T17:00:00.000Z,FALSE,TRUE,FALSE,TRUE,37099,3854,Nippert Stadium,2132,Cincinnati,fbs,Big 12,24,0.06054854020476341,1590,1578,12,Arizona,fbs,Big 12,30,0.9394514597952366,1580,1592,5.649878575059863,,NA,NA
401752905,2025,12,regular,2025-11-15T17:00:00.000Z,FALSE,TRUE,TRUE,TRUE,38223,4250,Wrigley Field,77,Northwestern,fbs,Big Ten,22,0.33105868101119995,1516,1526,130,Michigan,fbs,Big Ten,24,0.6689413189888,1809,1799,6.608091433028607,,NA,NA
401752768,2025,12,regular,2025-11-15T17:45:00.000Z,FALSE,TRUE,FALSE,TRUE,100212,3958,Tiger Stadium (LA),99,LSU,fbs,SEC,23,0.3887782096862793,1695,1693,8,Arkansas,fbs,SEC,22,0.6112217903137207,1594,1596,7.210588919979645,,NA,NA
401752945,2025,12,regular,2025-11-15T18:00:00.000Z,FALSE,TRUE,FALSE,FALSE,15034,3674,Chapman Stadium,202,Tulsa,fbs,American Athletic,31,0.9970397353172302,1037,1094,204,Oregon State,fbs,Pac-12,14,0.0029602646827697754,1232,1175,3.4555215959668275,,NA,NA
401756948,2025,12,regular,2025-11-15T18:00:00.000Z,FALSE,TRUE,FALSE,TRUE,54101,3947,Mountain America Stadium,9,Arizona State,fbs,Big 12,25,0.19627684354782104,1617,1614,277,West Virginia,fbs,Big 12,23,0.803723156452179,1352,1355,6.13494151401993,,NA,NA
401752767,2025,12,regular,2025-11-15T18:30:00.000Z,FALSE,TRUE,FALSE,FALSE,53686,3683,Kroger Field,96,Kentucky,fbs,SEC,42,0.979343593120575,1622,1622,2635,Tennessee Tech,fcs,Big South-OVC,10,0.02065640687942505,NA,NA,2.6540988779681784,,NA,NA
401761651,2025,12,regular,2025-11-15T19:00:00.000Z,FALSE,TRUE,FALSE,TRUE,12871,4246,Center Parc Stadium,2247,Georgia State,fbs,Sun Belt,18,0.02686028741300106,1098,1107,276,Marshall,fbs,Sun Belt,30,0.9731397125869989,1508,1499,5.23590983843582,,NA,NA
401762506,2025,12,regular,2025-11-15T19:00:00.000Z,FALSE,TRUE,FALSE,TRUE,16190,7221,Protective Stadium,5,UAB,fbs,American Athletic,24,0,1223,1197,249,North Texas,fbs,American Athletic,53,1,1690,1716,2.859409142957384,,NA,NA
401757304,2025,12,regular,2025-11-15T20:00:00.000Z,FALSE,TRUE,FALSE,TRUE,13298,3878,Plaster Sports Complex,2623,Missouri State,fbs,Conference USA,38,0.8918401002883911,1358,1376,2638,UTEP,fbs,Conference USA,24,0.10815989971160889,1233,1215,4.913057065339874,,NA,NA
401760411,2025,12,regular,2025-11-15T20:00:00.000Z,FALSE,TRUE,FALSE,TRUE,27526,3971,University Stadium (NM),167,New Mexico,fbs,Mountain West,20,0.9313487410545349,1460,1458,36,Colorado State,fbs,Mountain West,17,0.06865125894546509,1221,1223,7.143939901413607,,NA,NA
401752903,2025,12,regular,2025-11-15T20:30:00.000Z,FALSE,TRUE,FALSE,TRUE,61671,3936,Spartan Stadium,127,Michigan State,fbs,Big Ten,10,0.007504538632929325,1365,1377,213,Penn State,fbs,Big Ten,28,0.9924954613670707,1950,1938,3.8044415586011677,,NA,NA
401752765,2025,12,regular,2025-11-15T20:30:00.000Z,FALSE,TRUE,FALSE,TRUE,100077,3657,Bryant-Denny Stadium,333,Alabama,fbs,SEC,21,0.22482722997665405,1977,1964,201,Oklahoma,fbs,SEC,23,0.775172770023346,1794,1807,6.7106854101740625,,NA,NA
401761652,2025,12,regular,2025-11-15T20:30:00.000Z,FALSE,TRUE,FALSE,TRUE,25298,3651,Bridgeforth Stadium,256,James Madison,fbs,Sun Belt,58,0.98810577392578125,1802,1882,2026,App State,fbs,Sun Belt,10,0.01189422607421875,1328,1248,3.4345058009638003,,NA,NA
401754592,2025,12,regular,2025-11-15T20:30:00.000Z,FALSE,TRUE,FALSE,TRUE,37879,3615,"Alumni Stadium (Chestnut Hill, MA)",103,Boston College,fbs,ACC,34,0.2614707946777344,1298,1311,59,Georgia Tech,fbs,ACC,36,0.7385292053222656,1612,1599,7.421454423157309,,NA,NA
401752906,2025,12,regular,2025-11-15T20:30:00.000Z,FALSE,TRUE,FALSE,TRUE,56416,3832,"Memorial Stadium (Champaign, IL)",356,Illinois,fbs,Big Ten,24,0.8684515953063965,1603,1630,120,Maryland,fbs,Big Ten,6,0.13154840469360352,1467,1440,4.134975374918965,,NA,NA
401757303,2025,12,regular,2025-11-15T20:30:00.000Z,FALSE,TRUE,FALSE,TRUE,16547,3796,Houchens Industries-L.T. Smith Stadium,98,Western Kentucky,fbs,Conference USA,42,0.909025251865387,1386,1398,2393,Middle Tennessee,fbs,Conference USA,26,0.09097474813461304,1134,1122,8.600669560279652,,NA,NA
401760413,2025,12,regular,2025-11-15T20:30:00.000Z,FALSE,TRUE,FALSE,TRUE,14491,3816,Mackay Stadium,2440,Nevada,fbs,Mountain West,55,0.995261013507843,1105,1288,23,San José State,fbs,Mountain West,10,0.004738986492156982,1391,1208,3.1484315818987154,,NA,NA
401761653,2025,12,regular,2025-11-15T20:30:00.000Z,FALSE,TRUE,FALSE,TRUE,19872,3817,Malone Stadium,2433,UL Monroe,fbs,Sun Belt,14,0.06452474743127823,998,1004,6,South Alabama,fbs,Sun Belt,26,0.9354752525687218,1375,1369,4.425007568004904,,NA,NA
401761654,2025,12,regular,2025-11-15T20:30:00.000Z,FALSE,TRUE,FALSE,TRUE,27223,3815,M. M. Roberts Stadium,2572,Southern Miss,fbs,Sun Belt,14,0.047236330807209015,1362,1303,326,Texas State,fbs,Sun Belt,41,0.952763669192791,1483,1542,3.3067316100380326,,NA,NA
401754593,2025,12,regular,2025-11-15T20:30:00.000Z,FALSE,TRUE,FALSE,TRUE,27215,3982,Wallace Wade Stadium,150,Duke,fbs,ACC,17,0.006992544047534466,1625,1576,258,Virginia,fbs,ACC,34,0.9930074559524655,1555,1604,3.6041656880268382,,NA,NA
401756953,2025,12,regular,2025-11-15T20:30:00.000Z,FALSE,TRUE,FALSE,TRUE,60229,3784,Jones AT&T Stadium,2641,Texas Tech,fbs,Big 12,48,0.9889745712280273,1937,1997,2116,UCF,fbs,Big 12,9,0.011025428771972656,1528,1468,2.6824450368435704,,NA,NA
401752907,2025,12,regular,2025-11-15T20:30:00.000Z,FALSE,TRUE,FALSE,TRUE,65216,477,Los Angeles Memorial Coliseum,30,USC,fbs,Big Ten,26,0.11785394698381424,1911,1916,2294,Iowa,fbs,Big Ten,21,0.8821460530161858,1912,1907,5.5940330305607,,NA,NA
401754595,2025,12,regular,2025-11-15T20:30:00.000Z,FALSE,TRUE,FALSE,TRUE,59157,3948,Hard Rock Stadium,2390,Miami,fbs,ACC,41,0.9875534176826477,1865,1914,152,NC State,fbs,ACC,7,0.012446582317352295,1498,1449,3.570872354314906,,NA,NA
401762509,2025,12,regular,2025-11-15T21:00:00.000Z,FALSE,TRUE,FALSE,TRUE,30000,4729,Yulman Stadium,2655,Tulane,fbs,American Athletic,35,0.9301554560661316,1545,1543,2226,Florida Atlantic,fbs,American Athletic,24,0.06984454393386841,1247,1249,4.833262636519825,,NA,NA
401762508,2025,12,regular,2025-11-15T21:00:00.000Z,FALSE,TRUE,FALSE,TRUE,37348,3699,Dowdy-Ficklen Stadium,151,East Carolina,fbs,American Athletic,31,0.8550935983657837,1599,1604,235,Memphis,fbs,American Athletic,27,0.1449064016342163,1665,1660,8.951178706496506,,NA,NA
401752771,2025,12,regular,2025-11-15T21:15:00.000Z,FALSE,TRUE,FALSE,FALSE,101915,3853,Neyland Stadium,2633,Tennessee,fbs,SEC,42,0.9926851391792297,1814,1834,166,New Mexico State,fbs,Conference USA,9,0.007314860820770264,1201,1181,3.97396494136495,,NA,NA
401754596,2025,12,regular,2025-11-15T21:30:00.000Z,FALSE,TRUE,FALSE,TRUE,32390,3630,Allegacy Federal Credit Union Stadium,154,Wake Forest,fbs,ACC,28,0.937673807144165,1412,1444,153,North Carolina,fbs,ACC,12,0.06232619285583496,1393,1361,3.566914317981715,,NA,NA
401757301,2025,12,regular,2025-11-15T22:00:00.000Z,FALSE,TRUE,FALSE,TRUE,14167,2031,Pitbull Stadium,2229,Florida International,fbs,Conference USA,34,0.9747364521026611,1306,1326,2335,Liberty,fbs,Conference USA,27,0.025263547897338867,1488,1468,9.756861058689491,,NA,NA
401761650,2025,12,regular,2025-11-15T23:00:00.000Z,FALSE,TRUE,FALSE,TRUE,22738,3608,Allen E. Paulson Stadium,290,Georgia Southern,fbs,Sun Belt,45,0.7072704434394836,1314,1319,324,Coastal Carolina,fbs,Sun Belt,40,0.29272955656051636,1318,1313,6.94842202309528,,NA,NA
401757300,2025,12,regular,2025-11-16T00:00:00.000Z,FALSE,TRUE,TRUE,TRUE,3713,3631,BBVA Compass Stadium,2534,Sam Houston,fbs,Conference USA,26,0.2634277045726776,1072,1094,48,Delaware,fbs,Conference USA,23,0.7365722954273224,1386,1364,6.522844953162938,,NA,NA
401760414,2025,12,regular,2025-11-16T00:00:00.000Z,FALSE,TRUE,FALSE,TRUE,31682,6501,Allegiant Stadium,2439,UNLV,fbs,Mountain West,29,0.5962734818458557,1605,1604,328,Utah State,fbs,Mountain West,26,0.4037265181541443,1422,1423,8.954224614353794,,NA,NA
401752769,2025,12,regular,2025-11-16T00:00:00.000Z,FALSE,TRUE,FALSE,TRUE,68138,3974,Vaught-Hemingway Stadium,145,Ole Miss,fbs,SEC,34,0.914693295955658,1969,1959,57,Florida,fbs,SEC,24,0.08530670404434204,1555,1565,7.26444436261108,,NA,NA
401756949,2025,12,regular,2025-11-16T00:00:00.000Z,FALSE,TRUE,FALSE,TRUE,38186,4727,McLane Stadium,239,Baylor,fbs,Big 12,28,0.0010659834370017052,1621,1585,254,Utah,fbs,Big 12,55,0.9989340165629983,1941,1977,4.191336628760744,,NA,NA
401752902,2025,12,regular,2025-11-16T00:00:00.000Z,FALSE,TRUE,FALSE,TRUE,67229,3765,Husky Stadium,264,Washington,fbs,Big Ten,49,0.8856524229049683,1699,1754,2509,Purdue,fbs,Big Ten,13,0.11434757709503174,1331,1276,3.6277786334780107,,NA,NA
401754594,2025,12,regular,2025-11-16T00:30:00.000Z,FALSE,TRUE,FALSE,TRUE,64937,3697,Doak Campbell Stadium,52,Florida State,fbs,ACC,34,0.8882288336753845,1609,1638,259,Virginia Tech,fbs,ACC,14,0.11177116632461548,1431,1402,4.788901362559164,,NA,NA
401752900,2025,12,regular,2025-11-16T00:30:00.000Z,FALSE,TRUE,FALSE,TRUE,104168,3861,Ohio Stadium,194,Ohio State,fbs,Big Ten,48,0.9827536344528198,2125,2145,26,UCLA,fbs,Big Ten,10,0.017246365547180176,1381,1361,2.7737161997960937,,NA,NA
401752766,2025,12,regular,2025-11-16T00:30:00.000Z,FALSE,TRUE,FALSE,TRUE,93033,3917,Sanford Stadium,61,Georgia,fbs,SEC,35,0.9908798336982727,2018,2070,251,Texas,fbs,SEC,10,0.009120166301727295,1924,1872,4.144425955685069,,NA,NA
401752770,2025,12,regular,2025-11-16T00:45:00.000Z,FALSE,TRUE,FALSE,TRUE,57321,3838,Memorial Stadium,142,Missouri,fbs,SEC,49,0.9947172403335571,1734,1765,344,Mississippi State,fbs,SEC,27,0.005282759666442871,1523,1492,5.392068244437288,,NA,NA
401757302,2025,12,regular,2025-11-16T01:00:00.000Z,FALSE,TRUE,FALSE,TRUE,24166,3662,AmFirst Stadium,55,Jacksonville State,fbs,Conference USA,35,0.9312290549278259,1512,1518,338,Kennesaw State,fbs,Conference USA,26,0.06877094507217407,1381,1375,6.976912591837693,,NA,NA
401752953,2025,12,regular,2025-11-16T03:00:00.000Z,FALSE,TRUE,FALSE,FALSE,21186,3820,Gesa Field,265,Washington State,fbs,Pac-12,28,0.9945715665817261,1434,1500,2348,Louisiana Tech,fbs,Conference USA,3,0.005428433418273926,1462,1396,3.0924295766837604,,NA,NA
401756950,2025,12,regular,2025-11-16T03:15:00.000Z,FALSE,TRUE,FALSE,TRUE,64447,3801,LaVell Edwards Stadium,252,BYU,fbs,Big 12,44,0.9406208992004395,1688,1772,2628,TCU,fbs,Big 12,13,0.05937910079956055,1689,1605,4.881351816028414,,NA,NA
401760410,2025,12,regular,2025-11-16T03:30:00.000Z,FALSE,TRUE,FALSE,TRUE,29201,7311,Snapdragon Stadium,21,San Diego State,fbs,Mountain West,17,0.5283172726631165,1480,1507,68,Boise State,fbs,Mountain West,7,0.47168272733688354,1616,1589,4.49702102683922,,NA,NA
401760412,2025,12,regular,2025-11-16T03:30:00.000Z,FALSE,TRUE,FALSE,TRUE,35076,3660,Valley Children's Stadium,278,Fresno State,fbs,Mountain West,24,0.8938388228416443,1468,1510,2751,Wyoming,fbs,Mountain West,3,0.10616117715835571,1390,1348,4.945463204251494,,NA,NA
401762863,2025,13,regular,2025-11-19T00:00:00.000Z,FALSE,TRUE,FALSE,TRUE,12438,3876,Peden Stadium,195,Ohio,fbs,Mid-American,42,0.9950482845306396,1585,1572,113,Massachusetts,fbs,Mid-American,14,0.0049517154693603516,735,748,4.74227531654747,,NA,NA
401762862,2025,13,regular,2025-11-19T00:00:00.000Z,FALSE,TRUE,FALSE,TRUE,9867,3700,Doyt L. Perry Stadium,189,Bowling Green,fbs,Mid-American,16,0.6382849216461182,1244,1230,2006,Akron,fbs,Mid-American,19,0.36171507835388184,1087,1101,7.499807813687292,,NA,NA
401762864,2025,13,regular,2025-11-19T00:00:00.000Z,FALSE,TRUE,FALSE,TRUE,4734,3764,Huskie Stadium,2459,Northern Illinois,fbs,Mid-American,19,0.12934772670269012,1289,1260,2711,Western Michigan,fbs,Mid-American,35,0.8706522732973099,1378,1407,3.4626707730844215,,NA,NA
401762866,2025,13,regular,2025-11-20T00:00:00.000Z,FALSE,TRUE,FALSE,TRUE,8112,3696,Dix Stadium,2309,Kent State,fbs,Mid-American,16,0.04668497294187546,972,974,2117,Central Michigan,fbs,Mid-American,28,0.9533150270581245,1293,1291,4.460429434556407,,NA,NA
401762865,2025,13,regular,2025-11-20T00:00:00.000Z,FALSE,TRUE,FALSE,TRUE,15246,3965,UB Stadium,2084,Buffalo,fbs,Mid-American,20,0.1364663541316986,1318,1288,193,Miami (OH),fbs,Mid-American,37,0.8635336458683014,1421,1451,5.921445750564814,,NA,NA
401761655,2025,13,regular,2025-11-21T00:30:00.000Z,FALSE,TRUE,FALSE,TRUE,13571,3625,Centennial Bank Stadium,2032,Arkansas State,fbs,Sun Belt,30,0.14582644402980804,1306,1302,309,Louisiana,fbs,Sun Belt,34,0.854173555970192,1350,1354,8.711359626652017,,NA,NA
401754598,2025,13,regular,2025-11-22T01:00:00.000Z,FALSE,TRUE,FALSE,TRUE,56919,3670,Carter-Finley Stadium,152,NC State,fbs,ACC,21,0.72925865650177,1449,1481,52,Florida State,fbs,ACC,11,0.27074134349823,1638,1606,4.720332964140075,,NA,NA
401760418,2025,13,regular,2025-11-22T03:30:00.000Z,FALSE,TRUE,FALSE,TRUE,37106,6501,Allegiant Stadium,2439,UNLV,fbs,Mountain West,38,0.9917385578155518,1604,1663,62,Hawai'i,fbs,Mountain West,10,0.008261442184448242,1480,1421,3.609955771696005,,NA,NA
401752912,2025,13,regular,2025-11-22T17:00:00.000Z,FALSE,TRUE,FALSE,TRUE,NA,3861,Ohio Stadium,194,Ohio State,fbs,Big Ten,42,0.9874398112297058,2145,2158,164,Rutgers,fbs,Big Ten,9,0.01256018877029419,1458,1445,3.630035748868403,,NA,NA
401754603,2025,13,regular,2025-11-22T17:00:00.000Z,FALSE,TRUE,FALSE,TRUE,65632,3799,Lane Stadium,259,Virginia Tech,fbs,ACC,17,0.28536638617515564,1402,1409,2390,Miami,fbs,ACC,34,0.7146336138248444,1914,1907,3.9113358309470994,,NA,NA
401754602,2025,13,regular,2025-11-22T17:00:00.000Z,FALSE,TRUE,FALSE,TRUE,32713,3735,Gerald J. Ford Stadium,2567,SMU,fbs,ACC,38,0.9910668134689331,1782,1860,97,Louisville,fbs,ACC,6,0.008933186531066895,1709,1631,3.7331319170940747,,NA,NA
401752909,2025,13,regular,2025-11-22T17:00:00.000Z,FALSE,TRUE,TRUE,TRUE,15323,4250,Wrigley Field,77,Northwestern,fbs,Big Ten,38,0.8243551254272461,1526,1531,135,Minnesota,fbs,Big Ten,35,0.1756448745727539,1496,1491,7.305459827041887,,NA,NA
401752781,2025,13,regular,2025-11-22T17:00:00.000Z,FALSE,TRUE,FALSE,FALSE,104877,3795,Kyle Field,245,Texas A&M,fbs,SEC,48,0.9767223000526428,1896,1896,2535,Samford,fcs,Southern,0,0.023277699947357178,NA,NA,3.0027037724665457,,NA,NA
401752778,2025,13,regular,2025-11-22T17:00:00.000Z,FALSE,TRUE,FALSE,TRUE,83541,3835,"Memorial Stadium (Norman, OK)",201,Oklahoma,fbs,SEC,17,0.5228720903396606,1807,1824,142,Missouri,fbs,SEC,6,0.47712790966033936,1765,1748,3.8866845198095876,,NA,NA
401762512,2025,13,regular,2025-11-22T17:00:00.000Z,FALSE,TRUE,FALSE,TRUE,28705,3841,Michie Stadium,349,Army,fbs,American Athletic,25,0.1432495415210724,1529,1504,202,Tulsa,fbs,American Athletic,26,0.8567504584789276,1094,1119,6.910777336301107,,NA,NA
401756958,2025,13,regular,2025-11-22T17:00:00.000Z,FALSE,TRUE,FALSE,TRUE,58275,3772,Jack Trice Stadium,66,Iowa State,fbs,Big 12,38,0.9919295310974121,1600,1655,2305,Kansas,fbs,Big 12,14,0.00807046890258789,1554,1499,3.2876366410776248,,NA,NA
401754606,2025,13,regular,2025-11-22T17:00:00.000Z,FALSE,TRUE,FALSE,FALSE,26950,3630,Allegacy Federal Credit Union Stadium,154,Wake Forest,fbs,ACC,52,0.9899044036865234,1444,1542,48,Delaware,fbs,Conference USA,14,0.010095596313476562,1364,1266,3.057955735193439,,NA,NA
401752776,2025,13,regular,2025-11-22T17:45:00.000Z,FALSE,TRUE,FALSE,FALSE,93033,3917,Sanford Stadium,61,Georgia,fbs,SEC,35,0.9921115636825562,2070,2048,2429,Charlotte,fbs,American Athletic,3,0.007888436317443848,1013,1035,2.676535798551931,,NA,NA
401752954,2025,13,regular,2025-11-22T18:00:00.000Z,FALSE,TRUE,FALSE,FALSE,25156,3651,Bridgeforth Stadium,256,James Madison,fbs,Sun Belt,24,0.5653398036956787,1882,1874,265,Washington State,fbs,Pac-12,20,0.4346601963043213,1500,1508,6.595652422164998,,NA,NA
401756954,2025,13,regular,2025-11-22T18:00:00.000Z,FALSE,TRUE,FALSE,TRUE,40199,3619,Arizona Stadium,12,Arizona,fbs,Big 12,41,0.9967034459114075,1592,1651,239,Baylor,fbs,Big 12,17,0.0032965540885925293,1585,1526,6.223066337170956,,NA,NA
401761657,2025,13,regular,2025-11-22T18:00:00.000Z,FALSE,TRUE,FALSE,TRUE,19247,3608,Allen E. Paulson Stadium,290,Georgia Southern,fbs,Sun Belt,10,0.0013588489964604378,1319,1250,295,Old Dominion,fbs,Sun Belt,45,0.9986411510035396,1566,1635,3.476384076018411,,NA,NA
401752773,2025,13,regular,2025-11-22T19:00:00.000Z,FALSE,TRUE,FALSE,FALSE,100077,3657,Bryant-Denny Stadium,333,Alabama,fbs,SEC,56,0.9774519801139832,1966,1966,2197,Eastern Illinois,fcs,Big South-OVC,0,0.022548019886016846,NA,NA,2.8102442053527406,,NA,NA
401760419,2025,13,regular,2025-11-22T19:00:00.000Z,FALSE,TRUE,FALSE,TRUE,25650,3984,War Memorial Stadium,2751,Wyoming,fbs,Mountain West,7,0.06490600109100342,1348,1333,2440,Nevada,fbs,Mountain West,13,0.9350939989089966,1288,1303,4.960683280349936,,NA,NA
401762867,2025,13,regular,2025-11-22T19:00:00.000Z,FALSE,TRUE,FALSE,TRUE,15127,3739,Glass Bowl,2649,Toledo,fbs,Mid-American,38,0.9851285219192505,1630,1642,2050,Ball State,fbs,Mid-American,9,0.014871478080749512,1030,1018,3.9451780489615396,,NA,NA
401752774,2025,13,regular,2025-11-22T19:00:00.000Z,FALSE,TRUE,FALSE,FALSE,88043,3785,Jordan-Hare Stadium,2,Auburn,fbs,SEC,62,0.9926486015319824,1660,1660,2382,Mercer,fcs,Southern,17,0.007351398468017578,NA,NA,4.767887295781225,,NA,NA
401757306,2025,13,regular,2025-11-22T19:00:00.000Z,FALSE,TRUE,FALSE,TRUE,11040,4899,Fifth Third Stadium,338,Kennesaw State,fbs,Conference USA,41,0.9273834824562073,1375,1385,2623,Missouri State,fbs,Conference USA,34,0.07261651754379272,1376,1366,8.731697139583876,,NA,NA
401761656,2025,13,regular,2025-11-22T19:30:00.000Z,FALSE,TRUE,FALSE,TRUE,31322,3792,Kidd Brewer Stadium,2026,App State,fbs,Sun Belt,26,0.2184579074382782,1248,1252,276,Marshall,fbs,Sun Belt,24,0.7815420925617218,1499,1495,7.4641602063129895,,NA,NA
401757175,2025,13,regular,2025-11-22T20:00:00.000Z,FALSE,TRUE,FALSE,FALSE,16306,3715,FAU Stadium,2226,Florida Atlantic,fbs,American Athletic,45,0.46710923314094543,1249,1263,41,UConn,fbs,FBS Independents,48,0.5328907668590546,1568,1554,8.729593024822146,,NA,NA
401757307,2025,13,regular,2025-11-22T20:00:00.000Z,FALSE,TRUE,FALSE,TRUE,10107,3776,Joe Aillet Stadium,2348,Louisiana Tech,fbs,Conference USA,34,0.7309790849685669,1396,1407,2335,Liberty,fbs,Conference USA,28,0.2690209150314331,1468,1457,7.27530017878221,,NA,NA
401757308,2025,13,regular,2025-11-22T20:00:00.000Z,FALSE,TRUE,FALSE,TRUE,7605,3725,"Johnny ""Red"" Floyd Stadium",2393,Middle Tennessee,fbs,Conference USA,31,0.9829244017601013,1122,1148,2534,Sam Houston,fbs,Conference USA,17,0.01707559823989868,1094,1068,5.92583521036406,,NA,NA
401762511,2025,13,regular,2025-11-22T20:00:00.000Z,FALSE,TRUE,FALSE,TRUE,16376,7221,Protective Stadium,5,UAB,fbs,American Athletic,18,0.0039056341629475355,1197,1175,58,South Florida,fbs,American Athletic,48,0.9960943658370525,1729,1751,4.383208136782565,,NA,NA
401757309,2025,13,regular,2025-11-22T20:00:00.000Z,FALSE,TRUE,FALSE,TRUE,16677,3946,Sun Bowl,2638,UTEP,fbs,Conference USA,31,0.3657667636871338,1215,1208,166,New Mexico State,fbs,Conference USA,34,0.6342332363128662,1181,1188,7.161423595259868,,NA,NA
401757305,2025,13,regular,2025-11-22T20:30:00.000Z,FALSE,TRUE,FALSE,TRUE,9504,2031,Pitbull Stadium,2229,Florida International,fbs,Conference USA,27,0.3575092554092407,1326,1343,55,Jacksonville State,fbs,Conference USA,21,0.6424907445907593,1518,1501,7.66191105255291,,NA,NA
401762513,2025,13,regular,2025-11-22T20:30:00.000Z,FALSE,TRUE,FALSE,TRUE,18573,3604,Alamodome,2636,UTSA,fbs,American Athletic,58,0.9928389191627502,1472,1585,151,East Carolina,fbs,American Athletic,24,0.007161080837249756,1604,1491,3.4460992661189365,,NA,NA
401754604,2025,13,regular,2025-11-22T20:30:00.000Z,FALSE,TRUE,FALSE,FALSE,77622,3855,Notre Dame Stadium,87,Notre Dame,fbs,FBS Independents,70,0.9941574335098267,2189,2263,183,Syracuse,fbs,ACC,7,0.00584256649017334,1304,1230,3.3386299156731587,,NA,NA
401754600,2025,13,regular,2025-11-22T20:30:00.000Z,FALSE,TRUE,FALSE,TRUE,50500,3787,Kenan Stadium,153,North Carolina,fbs,ACC,25,0.6972442865371704,1361,1364,150,Duke,fbs,ACC,32,0.3027557134628296,1576,1573,6.197711451448148,,NA,NA
401761658,2025,13,regular,2025-11-22T20:30:00.000Z,FALSE,TRUE,FALSE,TRUE,17601,6526,Hancock Whitney Stadium,6,South Alabama,fbs,Sun Belt,42,1,1369,1375,2572,Southern Miss,fbs,Sun Belt,35,0,1303,1297,4.629778731009781,,NA,NA
401752913,2025,13,regular,2025-11-22T20:30:00.000Z,FALSE,TRUE,FALSE,TRUE,69250,3793,Kinnick Stadium,2294,Iowa,fbs,Big Ten,20,0.5728206634521484,1907,1902,127,Michigan State,fbs,Big Ten,17,0.42717933654785156,1377,1382,5.8560481726197,,NA,NA
401752782,2025,13,regular,2025-11-22T20:30:00.000Z,FALSE,TRUE,FALSE,TRUE,35000,3973,FirstBank Stadium,238,Vanderbilt,fbs,SEC,45,0.9704754948616028,1770,1827,96,Kentucky,fbs,SEC,17,0.029524505138397217,1635,1578,3.2319062565762313,,NA,NA
401752780,2025,13,regular,2025-11-22T20:30:00.000Z,FALSE,TRUE,FALSE,TRUE,102361,3910,DKR-Texas Memorial Stadium,251,Texas,fbs,SEC,52,1,1872,1880,8,Arkansas,fbs,SEC,37,0,1596,1588,5.379994843795397,,NA,NA
401752911,2025,13,regular,2025-11-22T20:30:00.000Z,FALSE,TRUE,FALSE,TRUE,59588,3626,Autzen Stadium,2483,Oregon,fbs,Big Ten,42,0.9968926906585693,2068,2086,30,USC,fbs,Big Ten,27,0.003107309341430664,1916,1898,5.135430654086582,,NA,NA
401762515,2025,13,regular,2025-11-22T20:45:00.000Z,FALSE,TRUE,FALSE,TRUE,13366,3806,Lincoln Financial Field,218,Temple,fbs,American Athletic,13,0.013555897399783134,1266,1234,2655,Tulane,fbs,American Athletic,37,0.9864441026002169,1543,1575,3.574444017848902,,NA,NA
401761660,2025,13,regular,2025-11-22T21:00:00.000Z,FALSE,TRUE,FALSE,TRUE,20243,3975,Veterans Memorial Stadium (AL),2653,Troy,fbs,Sun Belt,31,0.9729332327842712,1359,1362,2247,Georgia State,fbs,Sun Belt,19,0.02706676721572876,1107,1104,6.059723295053843,,NA,NA
401756959,2025,13,regular,2025-11-22T21:00:00.000Z,FALSE,TRUE,FALSE,TRUE,41723,3652,FBC Mortgage Stadium,2116,UCF,fbs,Big 12,17,0.9978678822517395,1468,1464,197,Oklahoma State,fbs,Big 12,14,0.002132117748260498,1080,1084,6.068326629734767,,NA,NA
401756957,2025,13,regular,2025-11-22T21:00:00.000Z,FALSE,TRUE,FALSE,TRUE,30852,4728,TDECU Stadium,248,Houston,fbs,Big 12,14,0.5768406391143799,1476,1479,2628,TCU,fbs,Big 12,17,0.4231593608856201,1605,1602,6.5693837600173905,,NA,NA
401752914,2025,13,regular,2025-11-22T21:00:00.000Z,FALSE,TRUE,FALSE,TRUE,46185,3665,SECU Stadium,120,Maryland,fbs,Big Ten,20,0.002435908652842045,1440,1414,130,Michigan,fbs,Big Ten,45,0.997564091347158,1799,1825,3.802841750717656,,NA,NA
401756960,2025,13,regular,2025-11-22T21:00:00.000Z,FALSE,TRUE,FALSE,TRUE,51444,587,Rice-Eccles Stadium,254,Utah,fbs,Big 12,51,0.2940085530281067,1977,1971,2306,Kansas State,fbs,Big 12,47,0.7059914469718933,1674,1680,10.539370561113188,,NA,NA
401752779,2025,13,regular,2025-11-22T21:15:00.000Z,FALSE,TRUE,FALSE,FALSE,78452,3994,Williams-Brice Stadium,2579,South Carolina,fbs,SEC,51,0.9924185276031494,1645,1730,324,Coastal Carolina,fbs,Sun Belt,7,0.007581472396850586,1313,1228,3.502150295620211,,NA,NA
401754605,2025,13,regular,2025-11-22T21:30:00.000Z,FALSE,TRUE,FALSE,FALSE,78403,3836,"Memorial Stadium (Clemson, SC)",228,Clemson,fbs,ACC,45,0.9877793192863464,1727,1727,231,Furman,fcs,Southern,10,0.012220680713653564,NA,NA,3.1907836309783715,,NA,NA
401761659,2025,13,regular,2025-11-22T22:00:00.000Z,FALSE,TRUE,FALSE,TRUE,17078,3644,Bobcat Stadium (TX),326,Texas State,fbs,Sun Belt,31,0.8567688465118408,1542,1533,2433,UL Monroe,fbs,Sun Belt,14,0.14323115348815918,1004,1013,4.779916081017038,,NA,NA
401754601,2025,13,regular,2025-11-23T00:00:00.000Z,FALSE,TRUE,FALSE,TRUE,52413,721,Bobby Dodd Stadium,59,Georgia Tech,fbs,ACC,28,0.16961883008480072,1599,1573,221,Pittsburgh,fbs,ACC,42,0.8303811699151993,1665,1691,4.477657732122358,,NA,NA
401752908,2025,13,regular,2025-11-23T00:00:00.000Z,FALSE,TRUE,FALSE,TRUE,105038,3632,Beaver Stadium,213,Penn State,fbs,Big Ten,37,0.9944369196891785,1938,1975,158,Nebraska,fbs,Big Ten,10,0.005563080310821533,1648,1611,3.2286130019262984,,NA,NA
401760416,2025,13,regular,2025-11-23T00:00:00.000Z,FALSE,TRUE,FALSE,TRUE,32819,3653,Albertsons Stadium,68,Boise State,fbs,Mountain West,49,0.9962014555931091,1589,1621,36,Colorado State,fbs,Mountain West,21,0.003798544406890869,1223,1191,4.346051359634192,,NA,NA
401760415,2025,13,regular,2025-11-23T00:00:00.000Z,FALSE,TRUE,FALSE,TRUE,20218,3713,Falcon Stadium,2005,Air Force,fbs,Mountain West,3,0.014733248390257359,1383,1350,167,New Mexico,fbs,Mountain West,20,0.9852667516097426,1458,1491,2.9671530551482315,,NA,NA
401752775,2025,13,regular,2025-11-23T00:30:00.000Z,FALSE,TRUE,FALSE,TRUE,90465,3634,Ben Hill Griffin Stadium,57,Florida,fbs,SEC,11,0,1565,1543,2633,Tennessee,fbs,SEC,31,1,1834,1856,2.205107309922417,,NA,NA
401752915,2025,13,regular,2025-11-23T00:30:00.000Z,FALSE,TRUE,FALSE,TRUE,NA,347,Camp Randall Stadium,275,Wisconsin,fbs,Big Ten,27,0.9873610138893127,1467,1521,356,Illinois,fbs,Big Ten,10,0.012638986110687256,1630,1576,5.001122438154633,,NA,NA
401762514,2025,13,regular,2025-11-23T00:30:00.000Z,FALSE,TRUE,FALSE,TRUE,24598,3895,Rice Stadium,242,Rice,fbs,American Athletic,24,0.1891024261713028,1169,1144,249,North Texas,fbs,American Athletic,56,0.8108975738286972,1716,1741,3.2991485915013485,,NA,NA
401754599,2025,13,regular,2025-11-23T00:30:00.000Z,FALSE,TRUE,FALSE,TRUE,50039,3940,Stanford Stadium,24,Stanford,fbs,ACC,31,1,1246,1315,25,California,fbs,ACC,10,0,1420,1351,5.2862318349905895,,NA,NA
401752777,2025,13,regular,2025-11-23T00:45:00.000Z,FALSE,TRUE,FALSE,FALSE,100923,3958,Tiger Stadium (LA),99,LSU,fbs,SEC,13,0.6907662153244019,1693,1690,98,Western Kentucky,fbs,Conference USA,10,0.30923378467559814,1398,1401,5.332586354905082,,NA,NA
401756956,2025,13,regular,2025-11-23T01:00:00.000Z,FALSE,TRUE,FALSE,TRUE,43348,3726,Folsom Field,38,Colorado,fbs,Big 12,17,0.009020018391311169,1377,1338,9,Arizona State,fbs,Big 12,42,0.9909799816086888,1614,1653,6.681236701530058,,NA,NA
401756955,2025,13,regular,2025-11-23T01:00:00.000Z,FALSE,TRUE,FALSE,TRUE,38034,3854,Nippert Stadium,2132,Cincinnati,fbs,Big 12,14,0.31679895520210266,1578,1569,252,BYU,fbs,Big 12,26,0.6832010447978973,1772,1781,4.566544103656873,,NA,NA
401760417,2025,13,regular,2025-11-23T03:30:00.000Z,FALSE,TRUE,FALSE,TRUE,37551,3660,Valley Children's Stadium,278,Fresno State,fbs,Mountain West,17,0.21230269968509674,1510,1478,328,Utah State,fbs,Mountain West,28,0.7876973003149033,1423,1455,7.5268344203989095,,NA,NA
401752910,2025,13,regular,2025-11-23T03:30:00.000Z,FALSE,TRUE,FALSE,TRUE,38201,1056,Rose Bowl,26,UCLA,fbs,Big Ten,14,0.0028976621106266975,1361,1313,264,Washington,fbs,Big Ten,48,0.9971023378893733,1754,1802,3.192641077921975,,NA,NA
401760420,2025,13,regular,2025-11-23T03:30:00.000Z,FALSE,TRUE,FALSE,TRUE,22595,7311,Snapdragon Stadium,21,San Diego State,fbs,Mountain West,25,0.9587395191192627,1507,1530,23,San José State,fbs,Mountain West,3,0.041260480880737305,1208,1185,3.342700102602753,,NA,NA
401762868,2025,14,regular,2025-11-25T21:30:00.000Z,FALSE,TRUE,FALSE,TRUE,6043,3985,Warren McGuirk Alumni Stadium,113,Massachusetts,fbs,Mid-American,14,0.006251768674701452,748,718,189,Bowling Green,fbs,Mid-American,45,0.9937482313252985,1230,1260,2.1605811274523727,,NA,NA
401762869,2025,14,regular,2025-11-26T00:30:00.000Z,FALSE,TRUE,FALSE,TRUE,11818,3912,Rynearson Stadium,2199,Eastern Michigan,fbs,Mid-American,21,0,1246,1239,2711,Western Michigan,fbs,Mid-American,31,1,1407,1414,3.7143168825044937,,NA,NA
401762516,2025,14,regular,2025-11-28T00:30:00.000Z,FALSE,TRUE,FALSE,TRUE,27082,3805,Simmons Bank Liberty Stadium,235,Memphis,fbs,American Athletic,17,0,1660,1620,2426,Navy,fbs,American Athletic,28,1,1485,1525,5.624486611217874,,NA,NA
401756964,2025,14,regular,2025-11-28T17:00:00.000Z,FALSE,TRUE,FALSE,TRUE,32811,3833,Memorial Stadium,2305,Kansas,fbs,Big 12,21,0.18204674124717712,1499,1516,254,Utah,fbs,Big 12,31,0.8179532587528229,1971,1954,6.276140375244612,,NA,NA
401762870,2025,14,regular,2025-11-28T17:00:00.000Z,FALSE,TRUE,FALSE,TRUE,11096,3965,UB Stadium,2084,Buffalo,fbs,Mid-American,26,0.5063985586166382,1288,1298,195,Ohio,fbs,Mid-American,31,0.4936014413833618,1572,1562,4.941688531055923,,NA,NA
401762871,2025,14,regular,2025-11-28T17:00:00.000Z,FALSE,TRUE,FALSE,TRUE,3090,3764,Huskie Stadium,2459,Northern Illinois,fbs,Mid-American,31,0.5420212745666504,1260,1233,2309,Kent State,fbs,Mid-American,35,0.4579787254333496,974,1001,7.06656686791855,,NA,NA
401752916,2025,14,regular,2025-11-28T17:00:00.000Z,FALSE,TRUE,FALSE,TRUE,86410,3834,"Memorial Stadium (Lincoln, NE)",158,Nebraska,fbs,Big Ten,16,0.03046702966094017,1611,1580,2294,Iowa,fbs,Big Ten,40,0.9695329703390598,1902,1933,3.966240038437885,,NA,NA
401752788,2025,14,regular,2025-11-28T17:00:00.000Z,FALSE,TRUE,FALSE,TRUE,60417,3693,Davis Wade Stadium,344,Mississippi State,fbs,SEC,19,0.037043988704681396,1492,1491,145,Ole Miss,fbs,SEC,38,0.9629560112953186,1959,1960,4.644830935938228,,NA,NA
401760421,2025,14,regular,2025-11-28T20:00:00.000Z,FALSE,TRUE,FALSE,TRUE,25873,5388,Canvas Stadium,36,Colorado State,fbs,Mountain West,21,0,1191,1155,2005,Air Force,fbs,Mountain West,42,1,1350,1386,3.654887940296669,,NA,NA
401760426,2025,14,regular,2025-11-28T20:30:00.000Z,FALSE,TRUE,FALSE,TRUE,30575,3971,University Stadium (NM),167,New Mexico,fbs,Mountain West,23,0.1694977879524231,1491,1500,21,San Diego State,fbs,Mountain West,17,0.8305022120475769,1530,1521,8.259158428099113,,NA,NA
401752786,2025,14,regular,2025-11-28T20:30:00.000Z,FALSE,TRUE,TRUE,FALSE,73728,5348,Mercedes-Benz Stadium,59,Georgia Tech,fbs,ACC,9,0.5011671185493469,1573,1595,61,Georgia,fbs,SEC,16,0.4988328814506531,2048,2026,3.7309061341517817,,NA,NA
401762442,2025,14,regular,2025-11-28T20:30:00.000Z,FALSE,TRUE,FALSE,TRUE,24492,3825,DATCU Stadium,249,North Texas,fbs,American Athletic,52,0.9109395146369934,1741,1756,218,Temple,fbs,American Athletic,25,0.08906048536300659,1234,1219,3.517130738315427,,NA,NA
401760422,2025,14,regular,2025-11-28T21:00:00.000Z,FALSE,TRUE,FALSE,TRUE,21115,3905,Maverik Stadium,328,Utah State,fbs,Mountain West,24,0.34251150488853455,1455,1462,68,Boise State,fbs,Mountain West,25,0.6574884951114655,1621,1614,6.623730275130599,,NA,NA
401752924,2025,14,regular,2025-11-29T00:30:00.000Z,FALSE,TRUE,FALSE,TRUE,59807,3907,Ross-Ade Stadium,2509,Purdue,fbs,Big Ten,3,0,1276,1227,84,Indiana,fbs,Big Ten,56,1,2142,2191,4.180747607485243,,NA,NA
401752792,2025,14,regular,2025-11-29T00:30:00.000Z,FALSE,TRUE,FALSE,TRUE,103632,3910,DKR-Texas Memorial Stadium,251,Texas,fbs,SEC,27,0.6624485850334167,1880,1898,245,Texas A&M,fbs,SEC,17,0.33755141496658325,1896,1878,6.110871723010601,,NA,NA
401756961,2025,14,regular,2025-11-29T02:00:00.000Z,FALSE,TRUE,FALSE,TRUE,54037,3947,Mountain America Stadium,9,Arizona State,fbs,Big 12,7,0.08919469267129898,1653,1615,12,Arizona,fbs,Big 12,23,0.910805307328701,1651,1689,4.291838806190243,,NA,NA
401756966,2025,14,regular,2025-11-29T17:00:00.000Z,FALSE,TRUE,FALSE,TRUE,35127,3646,Boone Pickens Stadium,197,Oklahoma State,fbs,Big 12,13,0.06585004180669785,1084,1110,66,Iowa State,fbs,Big 12,20,0.9341499581933022,1655,1629,5.347888626270137,,NA,NA
401756965,2025,14,regular,2025-11-29T17:00:00.000Z,FALSE,TRUE,FALSE,TRUE,49549,3636,Bill Snyder Family Stadium,2306,Kansas State,fbs,Big 12,24,0.9838504195213318,1680,1674,38,Colorado,fbs,Big 12,14,0.016149580478668213,1338,1344,5.30959740233998,,NA,NA
401752787,2025,14,regular,2025-11-29T17:00:00.000Z,FALSE,TRUE,FALSE,FALSE,50634,3873,L&N Federal Credit Union Stadium,97,Louisville,fbs,ACC,41,0.9749041199684143,1631,1744,96,Kentucky,fbs,SEC,0,0.025095880031585693,1578,1465,3.079453613424045,,NA,NA
401756962,2025,14,regular,2025-11-29T17:00:00.000Z,FALSE,TRUE,FALSE,TRUE,34720,4727,McLane Stadium,239,Baylor,fbs,Big 12,24,0.4149612486362457,1526,1509,248,Houston,fbs,Big 12,31,0.5850387513637543,1479,1496,5.676516189652465,,NA,NA
401754611,2025,14,regular,2025-11-29T17:00:00.000Z,FALSE,TRUE,FALSE,TRUE,49845,3752,Acrisure Stadium,221,Pittsburgh,fbs,ACC,7,0,1691,1631,2390,Miami,fbs,ACC,38,1,1907,1967,3.695876450099734,,NA,NA
401762875,2025,14,regular,2025-11-29T17:00:00.000Z,FALSE,TRUE,FALSE,TRUE,11137,3996,Yager Stadium,193,Miami (OH),fbs,Mid-American,45,0.9936692118644714,1451,1459,2050,Ball State,fbs,Mid-American,24,0.0063307881355285645,1018,1010,4.145491298442376,,NA,NA
401762519,2025,14,regular,2025-11-29T17:00:00.000Z,FALSE,TRUE,FALSE,TRUE,14712,3715,FAU Stadium,2226,Florida Atlantic,fbs,American Athletic,3,7.016126764938235e-4,1263,1178,151,East Carolina,fbs,American Athletic,42,0.9992983873235062,1491,1576,3.066490242501596,,NA,NA
401752790,2025,14,regular,2025-11-29T17:00:00.000Z,FALSE,TRUE,FALSE,FALSE,79827,3994,Williams-Brice Stadium,2579,South Carolina,fbs,SEC,14,0.009317152202129364,1730,1697,228,Clemson,fbs,ACC,28,0.9906828477978706,1725,1758,6.0292124586193445,,NA,NA
401752921,2025,14,regular,2025-11-29T17:00:00.000Z,FALSE,TRUE,FALSE,TRUE,111373,3558,Michigan Stadium,130,Michigan,fbs,Big Ten,9,0.006825553253293037,1825,1814,194,Ohio State,fbs,Big Ten,27,0.993174446746707,2158,2169,3.9042299668833054,,NA,NA
401756968,2025,14,regular,2025-11-29T17:00:00.000Z,FALSE,TRUE,FALSE,TRUE,44250,3842,Milan Puskar Stadium,277,West Virginia,fbs,Big 12,0,0.008271883241832256,1355,1291,2641,Texas Tech,fbs,Big 12,49,0.9917281167581677,1997,2061,2.852444568793713,,NA,NA
401762872,2025,14,regular,2025-11-29T17:00:00.000Z,FALSE,TRUE,FALSE,TRUE,6673,3786,Kelly/Shorts Stadium,2117,Central Michigan,fbs,Mid-American,3,0.011706745252013206,1291,1282,2649,Toledo,fbs,Mid-American,21,0.9882932547479868,1642,1651,4.719029622814196,,NA,NA
401757310,2025,14,regular,2025-11-29T18:00:00.000Z,FALSE,TRUE,FALSE,TRUE,13560,3695,Delaware Stadium,48,Delaware,fbs,Conference USA,61,0.9987398386001587,1266,1339,2638,UTEP,fbs,Conference USA,31,0.0012601613998413086,1208,1135,4.838235459533286,,NA,NA
401756963,2025,14,regular,2025-11-29T18:00:00.000Z,FALSE,TRUE,FALSE,TRUE,60389,3801,LaVell Edwards Stadium,252,BYU,fbs,Big 12,41,0.9982386231422424,1781,1797,2116,UCF,fbs,Big 12,21,0.0017613768577575684,1464,1448,5.023789960551446,,NA,NA
401757311,2025,14,regular,2025-11-29T18:00:00.000Z,FALSE,TRUE,TRUE,TRUE,4237,3631,BBVA Compass Stadium,2534,Sam Houston,fbs,Conference USA,16,0.010444926097989082,1068,994,2229,Florida International,fbs,Conference USA,56,0.9895550739020109,1343,1417,3.4981768926733956,,NA,NA
401761663,2025,14,regular,2025-11-29T18:30:00.000Z,FALSE,TRUE,FALSE,TRUE,21524,3775,Joan C. Edwards Stadium,276,Marshall,fbs,Sun Belt,19,0.47366154193878174,1495,1468,290,Georgia Southern,fbs,Sun Belt,24,0.5263384580612183,1250,1277,4.427883667668173,,NA,NA
401761664,2025,14,regular,2025-11-29T19:00:00.000Z,FALSE,TRUE,FALSE,TRUE,17126,3918,S.B. Ballard Stadium,295,Old Dominion,fbs,Sun Belt,27,0.8773381114006042,1635,1627,2247,Georgia State,fbs,Sun Belt,10,0.12266188859939575,1104,1112,4.902601426948072,,NA,NA
401757314,2025,14,regular,2025-11-29T19:00:00.000Z,FALSE,TRUE,FALSE,TRUE,7656,3878,Plaster Sports Complex,2623,Missouri State,fbs,Conference USA,30,0.11619581282138824,1366,1344,2348,Louisiana Tech,fbs,Conference USA,42,0.8838041871786118,1407,1429,5.571557280944688,,NA,NA
401757312,2025,14,regular,2025-11-29T19:00:00.000Z,FALSE,TRUE,FALSE,TRUE,16733,3662,AmFirst Stadium,55,Jacksonville State,fbs,Conference USA,37,0.8640779852867126,1501,1501,98,Western Kentucky,fbs,Conference USA,34,0.13592201471328735,1401,1401,7.675753951059409,,NA,NA
401761661,2025,14,regular,2025-11-29T19:30:00.000Z,FALSE,TRUE,FALSE,TRUE,23876,3792,Kidd Brewer Stadium,2026,App State,fbs,Sun Belt,29,0.6557454466819763,1252,1253,2032,Arkansas State,fbs,Sun Belt,30,0.3442545533180237,1302,1301,7.627218506792508,,NA,NA
401757315,2025,14,regular,2025-11-29T20:00:00.000Z,FALSE,TRUE,FALSE,TRUE,7381,3601,Aggie Memorial Stadium,166,New Mexico State,fbs,Conference USA,24,0.045983873307704926,1188,1172,2393,Middle Tennessee,fbs,Conference USA,31,0.9540161266922951,1148,1164,9.08819484044069,,NA,NA
401761665,2025,14,regular,2025-11-29T20:00:00.000Z,FALSE,TRUE,FALSE,TRUE,16270,3666,Cajun Field,309,Louisiana,fbs,Sun Belt,30,0.07988160848617554,1354,1351,2433,UL Monroe,fbs,Sun Belt,27,0.9201183915138245,1013,1016,8.585493350532403,,NA,NA
401761667,2025,14,regular,2025-11-29T20:00:00.000Z,FALSE,TRUE,FALSE,TRUE,16169,3644,Bobcat Stadium (TX),326,Texas State,fbs,Sun Belt,49,0.9943795204162598,1533,1572,6,South Alabama,fbs,Sun Belt,26,0.005620479583740234,1375,1336,4.018895429295734,,NA,NA
401762517,2025,14,regular,2025-11-29T20:00:00.000Z,FALSE,TRUE,FALSE,TRUE,13026,3674,Chapman Stadium,202,Tulsa,fbs,American Athletic,24,0.38257190585136414,1119,1110,5,UAB,fbs,American Athletic,31,0.6174280941486359,1175,1184,6.10812785672287,,NA,NA
401754608,2025,14,regular,2025-11-29T20:00:00.000Z,FALSE,TRUE,FALSE,TRUE,32457,1964,JMA Wireless Dome,183,Syracuse,fbs,ACC,12,2.2920966148376465e-4,1230,1182,103,Boston College,fbs,ACC,34,0.9997707903385162,1311,1359,4.428296929054098,,NA,NA
401752789,2025,14,regular,2025-11-29T20:30:00.000Z,FALSE,TRUE,FALSE,TRUE,83734,3835,"Memorial Stadium (Norman, OK)",201,Oklahoma,fbs,SEC,17,0.7494428753852844,1824,1823,99,LSU,fbs,SEC,13,0.2505571246147156,1690,1691,8.369552819047248,,NA,NA
401752783,2025,14,regular,2025-11-29T20:30:00.000Z,FALSE,TRUE,FALSE,TRUE,61508,3887,Razorback Stadium,8,Arkansas,fbs,SEC,17,0.3151633143424988,1588,1571,142,Missouri,fbs,SEC,31,0.6848366856575012,1748,1765,5.336043578812519,,NA,NA
401752918,2025,14,regular,2025-11-29T20:30:00.000Z,FALSE,TRUE,FALSE,TRUE,46038,3953,Huntington Bank Stadium,135,Minnesota,fbs,Big Ten,17,0.9795013070106506,1491,1510,275,Wisconsin,fbs,Big Ten,7,0.020498692989349365,1521,1502,4.846401502929096,,NA,NA
401762441,2025,14,regular,2025-11-29T20:30:00.000Z,FALSE,TRUE,FALSE,TRUE,22620,3604,Alamodome,2636,UTSA,fbs,American Athletic,24,0.23011034727096558,1585,1575,349,Army,fbs,American Athletic,27,0.7698896527290344,1504,1514,5.737582221587653,,NA,NA
401752920,2025,14,regular,2025-11-29T20:30:00.000Z,FALSE,TRUE,FALSE,TRUE,55212,6577,SHI Stadium,164,Rutgers,fbs,Big Ten,36,0.3370431661605835,1445,1469,213,Penn State,fbs,Big Ten,40,0.6629568338394165,1975,1951,6.920961256797671,,NA,NA
401752917,2025,14,regular,2025-11-29T20:30:00.000Z,FALSE,TRUE,FALSE,TRUE,72376,3765,Husky Stadium,264,Washington,fbs,Big Ten,14,0.0651833564043045,1802,1801,2483,Oregon,fbs,Big Ten,26,0.9348166435956955,2086,2087,4.952081684431378,,NA,NA
401756967,2025,14,regular,2025-11-29T20:30:00.000Z,FALSE,TRUE,FALSE,TRUE,37259,3616,Amon G. Carter Stadium,2628,TCU,fbs,Big 12,45,1,1602,1652,2132,Cincinnati,fbs,Big 12,23,0,1569,1519,3.827532930675581,,NA,NA
401754610,2025,14,regular,2025-11-29T20:30:00.000Z,FALSE,TRUE,FALSE,TRUE,21045,3982,Wallace Wade Stadium,150,Duke,fbs,ACC,49,0.9172453284263611,1573,1607,154,Wake Forest,fbs,ACC,32,0.08275467157363892,1542,1508,5.445564503199554,,NA,NA
401752791,2025,14,regular,2025-11-29T20:30:00.000Z,FALSE,TRUE,FALSE,TRUE,101915,3853,Neyland Stadium,2633,Tennessee,fbs,SEC,24,0,1856,1799,238,Vanderbilt,fbs,SEC,45,1,1827,1884,6.4644006771448,,NA,NA
401761666,2025,14,regular,2025-11-29T20:30:00.000Z,FALSE,TRUE,FALSE,TRUE,25987,3815,M. M. Roberts Stadium,2572,Southern Miss,fbs,Sun Belt,18,0.27414801716804504,1297,1282,2653,Troy,fbs,Sun Belt,28,0.725851982831955,1362,1377,5.637155890398114,,NA,NA
401757313,2025,14,regular,2025-11-29T20:30:00.000Z,FALSE,TRUE,FALSE,TRUE,12695,3992,Williams Stadium (VA),2335,Liberty,fbs,Conference USA,42,0.3788453936576843,1457,1441,338,Kennesaw State,fbs,Conference USA,48,0.6211546063423157,1385,1401,11.482716748256323,,NA,NA
401761662,2025,14,regular,2025-11-29T20:45:00.000Z,FALSE,TRUE,FALSE,TRUE,15137,3654,Brooks Stadium (SC),324,Coastal Carolina,fbs,Sun Belt,10,0,1228,1165,256,James Madison,fbs,Sun Belt,59,1,1874,1937,3.262323910654704,,NA,NA
401752785,2025,14,regular,2025-11-29T21:30:00.000Z,FALSE,TRUE,FALSE,FALSE,90007,3634,Ben Hill Griffin Stadium,57,Florida,fbs,SEC,40,1,1543,1593,52,Florida State,fbs,ACC,21,0,1606,1556,4.469059448621237,,NA,NA
401752946,2025,14,regular,2025-11-29T23:30:00.000Z,FALSE,TRUE,FALSE,TRUE,24806,3820,Gesa Field,265,Washington State,fbs,Pac-12,32,0.9974702596664429,1508,1533,204,Oregon State,fbs,Pac-12,8,0.002529740333557129,1175,1150,3.7653671517568634,,NA,NA
401752923,2025,14,regular,2025-11-30T00:00:00.000Z,FALSE,TRUE,TRUE,TRUE,30317,3727,Ford Field,127,Michigan State,fbs,Big Ten,38,0.6489320397377014,1382,1409,120,Maryland,fbs,Big Ten,28,0.3510679602622986,1414,1387,6.190327597611802,,NA,NA
401762520,2025,14,regular,2025-11-30T00:00:00.000Z,FALSE,TRUE,FALSE,TRUE,28813,3886,Raymond James Stadium,58,South Florida,fbs,American Athletic,52,0.9913873672485352,1751,1817,242,Rice,fbs,American Athletic,3,0.008612632751464844,1144,1078,2.8888965809025615,,NA,NA
401754613,2025,14,regular,2025-11-30T00:00:00.000Z,FALSE,TRUE,FALSE,TRUE,58832,3923,Scott Stadium,258,Virginia,fbs,ACC,27,0.9284532070159912,1604,1631,259,Virginia Tech,fbs,ACC,7,0.07154679298400879,1409,1382,3.413907505600506,,NA,NA
401752922,2025,14,regular,2025-11-30T00:30:00.000Z,FALSE,TRUE,FALSE,TRUE,NA,3832,"Memorial Stadium (Champaign, IL)",356,Illinois,fbs,Big Ten,20,1,1576,1583,77,Northwestern,fbs,Big Ten,13,0,1531,1524,5.589426056465866,,NA,NA
401762518,2025,14,regular,2025-11-30T00:30:00.000Z,FALSE,TRUE,FALSE,TRUE,22245,4729,Yulman Stadium,2655,Tulane,fbs,American Athletic,27,0.976479172706604,1575,1587,2429,Charlotte,fbs,American Athletic,0,0.023520827293395996,1035,1023,2.8879023551198375,,NA,NA
401752919,2025,14,regular,2025-11-30T00:30:00.000Z,FALSE,TRUE,FALSE,TRUE,69614,477,Los Angeles Memorial Coliseum,30,USC,fbs,Big Ten,29,0.9810897707939148,1898,1889,26,UCLA,fbs,Big Ten,10,0.018910229206085205,1313,1322,5.114873290335889,,NA,NA
401752784,2025,14,regular,2025-11-30T00:30:00.000Z,FALSE,TRUE,FALSE,TRUE,88043,3785,Jordan-Hare Stadium,2,Auburn,fbs,SEC,20,0.6541077494621277,1661,1670,333,Alabama,fbs,SEC,27,0.3458922505378723,1964,1955,6.498412085382101,,NA,NA
401754612,2025,14,regular,2025-11-30T00:30:00.000Z,FALSE,TRUE,FALSE,TRUE,56919,3670,Carter-Finley Stadium,152,NC State,fbs,ACC,42,0.9995241761207581,1481,1525,153,North Carolina,fbs,ACC,19,4.7582387924194336e-4,1364,1320,3.756003950760385,,NA,NA
401754609,2025,14,regular,2025-11-30T01:00:00.000Z,FALSE,TRUE,FALSE,TRUE,28956,3831,California Memorial Stadium,25,California,fbs,ACC,38,0.8880766034126282,1351,1360,2567,SMU,fbs,ACC,35,0.11192339658737183,1860,1851,6.145828609445121,,NA,NA
401760425,2025,14,regular,2025-11-30T02:00:00.000Z,FALSE,TRUE,FALSE,TRUE,NA,3816,Mackay Stadium,2440,Nevada,fbs,Mountain West,17,0.007143768481910229,1303,1277,2439,UNLV,fbs,Mountain West,42,0.9928562315180898,1663,1689,2.8375864235482773,,NA,NA
401754614,2025,14,regular,2025-11-30T03:30:00.000Z,FALSE,TRUE,FALSE,FALSE,27456,3940,Stanford Stadium,24,Stanford,fbs,ACC,20,0.009813349694013596,1315,1335,87,Notre Dame,fbs,FBS Independents,49,0.9901866503059864,2263,2243,2.554831192981494,,NA,NA
401760423,2025,14,regular,2025-11-30T03:30:00.000Z,FALSE,TRUE,FALSE,TRUE,14194,3935,CEFCU Stadium,23,San José State,fbs,Mountain West,14,0.029034025967121124,1185,1146,278,Fresno State,fbs,Mountain West,41,0.9709659740328789,1478,1517,4.315561969842375,,NA,NA
401760424,2025,14,regular,2025-11-30T04:00:00.000Z,FALSE,TRUE,FALSE,TRUE,15194,7220,Clarence T.C. Ching Athletics Complex,62,Hawai'i,fbs,Mountain West,27,0.9785661697387695,1421,1459,2751,Wyoming,fbs,Mountain West,7,0.02143383026123047,1333,1295,4.8549964443267974,,NA,NA
401777325,2025,15,regular,2025-12-06T00:00:00.000Z,FALSE,TRUE,FALSE,FALSE,18142,3662,AmFirst Stadium,55,Jacksonville State,fbs,Conference USA,15,0.3228997588157654,1501,1488,338,Kennesaw State,fbs,Conference USA,19,0.6771002411842346,1401,1414,6.1899316067275025,,Conference USA Championship,NA
401777352,2025,15,regular,2025-12-06T00:00:00.000Z,FALSE,TRUE,FALSE,FALSE,19836,3651,Bridgeforth Stadium,256,James Madison,fbs,Sun Belt,31,0.9025601744651794,1937,1927,2653,Troy,fbs,Sun Belt,14,0.09743982553482056,1377,1387,6.535969570648908,,Sun Belt Championship,NA
401777326,2025,15,regular,2025-12-06T01:00:00.000Z,FALSE,TRUE,FALSE,FALSE,27152,3653,Albertsons Stadium,68,Boise State,fbs,Mountain West,38,0.9515297412872314,1614,1659,2439,UNLV,fbs,Mountain West,21,0.048470258712768555,1689,1644,4.510762404061435,,Mountain West Championship,NA
401777324,2025,15,regular,2025-12-06T01:00:00.000Z,FALSE,TRUE,FALSE,FALSE,23986,4729,Yulman Stadium,2655,Tulane,fbs,American Athletic,34,0.9926076531410217,1587,1627,249,North Texas,fbs,American Athletic,21,0.0073923468589782715,1756,1716,4.824688014209357,,American Championship,NA
401777329,2025,15,regular,2025-12-06T17:00:00.000Z,FALSE,TRUE,TRUE,FALSE,19114,3727,Ford Field,2711,Western Michigan,fbs,Mid-American,23,0.9063781499862671,1414,1442,193,Miami (OH),fbs,Mid-American,13,0.09362185001373291,1459,1431,4.19486619977604,,MAC Championship,NA
401777327,2025,15,regular,2025-12-06T17:00:00.000Z,FALSE,TRUE,TRUE,FALSE,85519,3687,AT&T Stadium,2641,Texas Tech,fbs,Big 12,34,0.9256317019462585,2061,2108,252,BYU,fbs,Big 12,7,0.07436829805374146,1797,1750,5.334101709692606,,Big 12 Championship,NA
401777351,2025,15,regular,2025-12-06T21:00:00.000Z,FALSE,TRUE,TRUE,FALSE,77247,5348,Mercedes-Benz Stadium,333,Alabama,fbs,SEC,7,0,1955,1917,61,Georgia,fbs,SEC,28,1,2026,2064,2.4679018249346374,,SEC Championship,NA
401777328,2025,15,regular,2025-12-07T01:00:00.000Z,FALSE,TRUE,TRUE,FALSE,41672,3628,Bank of America Stadium,258,Virginia,fbs,ACC,20,0.024038726463913918,1631,1622,150,Duke,fbs,ACC,27,0.9759612735360861,1607,1616,7.446460983945154,,ACC Championship,NA
401777353,2025,15,regular,2025-12-07T01:00:00.000Z,FALSE,TRUE,TRUE,FALSE,68214,3812,Lucas Oil Stadium,194,Ohio State,fbs,Big Ten,10,0.33121785521507263,2169,2169,84,Indiana,fbs,Big Ten,13,0.6687821447849274,2191,2191,5.124939123123214,,Big Ten Championship,NA
401762521,2025,16,regular,2025-12-13T20:00:00.000Z,FALSE,TRUE,TRUE,TRUE,70936,3814,M&T Bank Stadium,2426,Navy,fbs,American Athletic,17,0.6679408550262451,1525,1527,349,Army,fbs,American Athletic,16,0.3320591449737549,1514,1512,5.784244018596906,,NA,NA
