athlete_id,athlete_display_name,team_short_display_name,games_played,minutes_played,points,field_goals_attempted,free_throws_attempted,true_shooting_percentage
4067423,Isaiah Jones,South Florida,34,536,152,116,35,0.578386605783866
4396634,Antwann Jones,UNC Greensboro,34,NA,NA,NA,NA,NA
4401637,Cooper Smith,E Michigan,31,NA,NA,NA,NA,NA
4431815,Gianni Hunt,E Texas A&M,32,990,346,271,123,0.532111220472441
4431930,Tyler Cochran,Rhode Island,32,990,492,375,159,0.5528586839266452
4431995,Tariq Ingraham,Memphis,32,NA,NA,NA,NA,NA
4432175,Adam Miller,Gonzaga,35,677,254,221,36,0.5362269886843438
4432182,Cam'Ron Fletcher,High Point,36,NA,NA,NA,NA,NA
4432196,Jayden Stone,Missouri,33,NA,NA,NA,NA,NA
4432198,Dominick Harris,Loyola Chicago,33,NA,NA,NA,NA,NA
4432201,Isaiah Cottrell,Southern Utah,32,815,281,235,99,0.5043796668581275
4432204,Noah Collier,La Salle,32,NA,NA,NA,NA,NA
4432243,Tramon Mark,Texas,36,1019,503,388,111,0.5757256661477886
4432321,Cameron Sheffield,Duke,38,NA,NA,NA,NA,NA
4432364,Taj Thweatt,Coppin St,31,NA,NA,NA,NA,NA
4432398,Noah Taitz,Utah Valley,34,NA,NA,NA,NA,NA
4432494,Markhi Strickland,N Dakota St,35,850,406,302,95,0.5904595695171612
4432515,Jacob Crews,Missouri,33,682,276,185,59,0.6541524459613196
4432524,Quaran McPherson,UAB,32,NA,NA,NA,NA,NA
4432586,Nate Bittle,Oregon,32,NA,NA,NA,NA,NA
4432589,Johnathan Lawson,Little Rock,32,NA,NA,NA,NA,NA
4432638,Daeshun Ruffin,Jackson St,33,NA,NA,NA,NA,NA
4432692,Casey Simmons,Yale,31,826,327,225,87,0.6210118505013674
4432737,Jaden Bradley,Arizona,39,1198,518,367,188,0.5759139019834564
4432739,Dylan Anderson,Murray St,33,NA,NA,NA,NA,NA
4432741,Dior Johnson,Tarleton St,32,NA,NA,NA,NA,NA
4432749,Sadraque NgaNga,San José St,33,NA,NA,NA,NA,NA
4432858,Matt Van Komen,Marshall,32,NA,NA,NA,NA,NA
4432897,John Hugley IV,Duquesne,33,NA,NA,NA,NA,NA
4432899,Jordan Brinson,CSU Northridge,34,NA,NA,NA,NA,NA
4432926,Dishon Jackson,Pitt,33,NA,NA,NA,NA,NA
4433001,Alex Hemenway,Evansville,32,829,215,207,33,0.4852834958468761
4433038,Liam McChesney,Creighton,34,NA,NA,NA,NA,NA
4433138,Nimari Burnett,Michigan,40,792,329,247,58,0.6036254219873771
4433146,Terren Frank,Campbell,19,NA,NA,NA,NA,NA
4433185,Antwan Burnett,Missouri St,34,NA,NA,NA,NA,NA
4433208,Saba Gigiberia,San Francisco,33,NA,NA,NA,NA,NA
4433210,Elijah Taylor,Coppin St,31,NA,NA,NA,NA,NA
4433231,Josh Ogundele,Hampton,32,NA,NA,NA,NA,NA
4433257,Quincy Allen,Bryant,31,NA,NA,NA,NA,NA
4433265,Langston Love,Georgetown,34,NA,NA,NA,NA,NA
4433271,Chuks Isitua,Southern Utah,32,NA,NA,NA,NA,NA
4433273,Jerrell Colbert,McNeese,34,674,191,134,75,0.5718562874251497
4433274,Nnanna Njoku,Delaware,31,NA,NA,NA,NA,NA
4433275,Will McClendon,North Texas,33,NA,NA,NA,NA,NA
4433285,Mark Mitchell Jr.,Missouri,33,1117,605,373,266,0.617296547220635
4433286,AJ Casey,Evansville,32,950,431,313,122,0.587705901603578
4433289,Preston Murphy Jr.,Alabama,35,NA,NA,NA,NA,NA
4433340,Myles Stute,South Carolina,32,NA,NA,NA,NA,NA
4433512,Jahari Long,George Mason,33,1117,403,291,109,0.5944654236488082
4433560,Myles Wilmoth,Canisius,31,718,162,164,51,0.4344561252950011
4433577,Zion Bethea,Delaware St,31,NA,NA,NA,NA,NA
4433582,Maxwell Land,South Alabama,32,NA,NA,NA,NA,NA
4433589,TJ Berger,Lafayette,32,NA,NA,NA,NA,NA
4433596,Chance Moore,West Virginia,35,NA,NA,NA,NA,NA
4433600,Wilhelm Breidenbach,Grand Canyon,32,NA,NA,NA,NA,NA
4433606,John Christofilis,Seattle U,35,576,227,189,30,0.5613254203758655
4433611,Randy Brady,South Alabama,33,889,180,118,83,0.582448873932177
4433614,Isa Silva,San Francisco,33,NA,NA,NA,NA,NA
4433615,Chris Hodges,Montana St,32,745,177,130,56,0.572296947749612
4433616,Frankie Collins,Vanderbilt,36,NA,NA,NA,NA,NA
4433625,Jalen Washington,Vanderbilt,36,743,320,199,116,0.639897616381379
4565204,Duncan Powell,Providence,33,NA,NA,NA,NA,NA
4565207,KK Robinson,Little Rock,32,NA,NA,NA,NA,NA
4565698,Bryce Hopkins,St John's,37,1066,504,367,178,0.5658852061438965
4567588,Devan Cambridge,UCF,33,573,178,131,61,0.56386213887481
4575837,J.R. Konieczny,FGCU,34,NA,NA,NA,NA,NA
4576062,Nijel Pack,Oklahoma,37,1129,621,471,63,0.6225938402309913
4585590,Alyn Breed,NC State,34,NA,NA,NA,NA,NA
4585602,D'Avian Houston,Texas A&M-CC,33,NA,NA,NA,NA,NA
4585609,Keith Lamar,Southern,34,NA,NA,NA,NA,NA
4586322,Brycen Long,Portland St,31,NA,NA,NA,NA,NA
4589475,DaJion Humphrey,Samford,32,NA,NA,NA,NA,NA
4589481,Kasean Pryor,Louisville,35,NA,NA,NA,NA,NA
4590359,Matthew Mors,S Dakota St,32,885,269,201,49,0.6043314162473041
4590362,Adetokunbo Bakare,Saint Peter's,29,NA,NA,NA,NA,NA
4591258,Monty Bowser,CA Baptist,34,NA,NA,NA,NA,NA
4592217,Rick Issanza,LMU,32,NA,NA,NA,NA,NA
4592404,Addison Patterson,E Michigan,31,921,425,319,68,0.609022125415568
4592477,Rahmir Moore,Delaware St,31,NA,NA,NA,NA,NA
4592579,Steele Venters,Gonzaga,35,NA,NA,NA,NA,NA
4592677,Rienk Mast,Nebraska,35,NA,NA,NA,NA,NA
4592702,Isaiah Ihnen,Liberty,34,NA,NA,NA,NA,NA
4593474,Curt Lewis,Southern Miss,35,813,189,169,22,0.5288784419073204
4593739,Morgan Safford,Kent State,34,NA,NA,NA,NA,NA
4593815,Rashaun Agee,Texas A&M,34,913,498,339,188,0.5904391539410034
4593883,Hosana Kitenge,Santa Barbara,32,664,241,177,70,0.5798845043310875
4596531,Dante Harris,Tennessee St,33,1066,385,345,113,0.4876874746655857
4596711,JJ Traynor,Murray St,33,NA,NA,NA,NA,NA
4598611,Jalen Celestine,Cincinnati,33,NA,NA,NA,NA,NA
4602029,Keshawn Williams,Iona,32,NA,NA,NA,NA,NA
4609653,Prince Aligbe,S Illinois,32,NA,NA,NA,NA,NA
4610012,Eric Dailey Jr.,UCLA,36,NA,NA,NA,NA,NA
4610138,Denham Wojcik,Michigan St,35,NA,NA,NA,NA,NA
4610140,Kamari Lands,MTSU,32,935,425,352,99,0.5372130650217414
4611412,Daimion Collins,South Florida,34,NA,NA,NA,NA,NA
4611534,Jadon Jones,Oklahoma,37,NA,NA,NA,NA,NA
4611541,Jace Howard,Fordham,32,NA,NA,NA,NA,NA
4612709,Chase Johnston,High Point,36,NA,NA,NA,NA,NA
4682856,Logan Duncomb,Winthrop,34,NA,NA,NA,NA,NA
4683134,Quincy Ballard,Mississippi St,32,647,207,147,48,0.6156316916488223
4683146,Zach Clemence,Texas A&M,34,575,236,179,41,0.5988631749898498
4683147,Jalen Warley,Gonzaga,35,NA,NA,NA,NA,NA
4683629,Donald Hand Jr.,Boston College,31,NA,NA,NA,NA,NA
4683633,Kerr Kriisa,Cincinnati,33,NA,NA,NA,NA,NA
4683672,Lee Dort,California,34,NA,NA,NA,NA,NA
4683675,Barry Dunning Jr.,Pitt,33,1048,414,324,74,0.5805474534440206
4683676,Justice Williams,W Michigan,31,NA,NA,NA,NA,NA
4683680,Chance Westry,UAB,32,976,495,347,192,0.5736071196810976
4683682,Rylan Griffen,Texas A&M,34,NA,NA,NA,NA,NA
4683697,J.J. Starling,Syracuse,32,NA,NA,NA,NA,NA
4683734,Anton Brookshire,Austin Peay,31,769,259,189,65,0.5951286764705882
4683741,Jakai Robinson,Bryant,31,NA,NA,NA,NA,NA
4683748,Ty Harper,Oral Roberts,33,NA,NA,NA,NA,NA
4683755,Mason Miller,Murray St,33,NA,NA,NA,NA,NA
4683756,KeShawn Murphy,Auburn,38,NA,NA,NA,NA,NA
4683757,Kowacie Reeves Jr.,Georgia Tech,31,NA,NA,NA,NA,NA
4683758,Malik Thomas,Virginia,36,816,446,357,114,0.5476962373514097
4683761,Kanaan Carlyle,FAU,33,NA,NA,NA,NA,NA
4683763,Jordan Butler,South Carolina,32,NA,NA,NA,NA,NA
4683765,Rayvon Griffith,Kent State,34,NA,NA,NA,NA,NA
4683767,Mookie Cook,San Francisco,33,NA,NA,NA,NA,NA
4683768,Chris Lockett Jr.,Jacksonville,32,783,297,256,78,0.5115045467070819
4683769,Kwame Evans Jr.,Oregon,32,NA,NA,NA,NA,NA
4683770,Baye Fall,Rutgers,34,NA,NA,NA,NA,NA
4683777,D.J. Wagner,Arkansas,37,NA,NA,NA,NA,NA
4683779,Mackenzie Mgbako,Texas A&M,34,NA,NA,NA,NA,NA
4683781,Sam Walters,SMU,34,NA,NA,NA,NA,NA
4683782,Curtis Williams Jr.,Tulane,33,1060,408,360,63,0.5261528938409161
4683783,Akil Watson,Saint Peter's,29,NA,NA,NA,NA,NA
4683784,Isaiah West,Belmont,32,540,92,80,26,0.5030621172353456
4683785,Simeon Wilcher,Texas,36,670,201,172,48,0.5204018227009113
4683786,Mikey Williams,Sacramento St,31,NA,NA,NA,NA,NA
4683837,Peyton Daniels Sr.,Alabama A&M,33,NA,NA,NA,NA,NA
4683842,LJ Thomas,Old Dominion,33,NA,NA,NA,NA,NA
4683860,Quadir Copeland,NC State,34,983,474,314,182,0.601400730816078
4683861,Malachi Smith,UConn,40,638,144,129,47,0.4810261892036344
4683939,Tyler Simon,Incarnate Word,31,NA,NA,NA,NA,NA
4683941,RJ Keene II,Boise St,32,NA,NA,NA,NA,NA
4683942,Jordan Riley,East Carolina,31,NA,NA,NA,NA,NA
4683944,Tyler Lundblade,Belmont,32,1099,500,349,91,0.6426074439646309
4683946,Isaiah Barnes,Valparaiso,33,NA,NA,NA,NA,NA
4683947,TJ Wainwright,Pacific,33,1054,428,345,75,0.5661375661375662
4683948,Ryan Conway,Towson,34,NA,NA,NA,NA,NA
4684022,Angelo Brizzi,Buffalo,32,954,463,304,145,0.6294181620445894
4684146,Tyler Powell,E Washington,33,546,160,129,22,0.5768676088837611
4684152,Jusaun Holt,Utah Tech,34,NA,NA,NA,NA,NA
4684155,John Camden,California,34,NA,NA,NA,NA,NA
4684156,Shaqir O'Neal,Sacramento St,31,600,163,121,61,0.551271645021645
4684158,Ike Cornish,James Madison,33,NA,NA,NA,NA,NA
4684163,Chris Howell,New Mexico,37,NA,NA,NA,NA,NA
4684164,Mike James,Vanderbilt,36,NA,NA,NA,NA,NA
4684167,Joshua O'Garro,CSU Northridge,34,NA,NA,NA,NA,NA
4684207,Keeyan Itejere,Rhode Island,32,912,243,142,86,0.6756005338078291
4684268,Fred Payne,Boston College,31,1075,490,454,79,0.501268516245192
4684269,Kylan Boswell,Illinois,37,NA,NA,NA,NA,NA
4684270,Jaland Lowe,Kentucky,36,NA,NA,NA,NA,NA
4684276,Aden Holloway,Alabama,35,NA,NA,NA,NA,NA
4684285,Brandon Lieb,Illinois St,36,453,112,90,38,0.5247376311844077
4684289,Tre Carroll,Xavier,33,NA,NA,NA,NA,NA
4684293,Kaleb Washington,Florida A&M,31,NA,NA,NA,NA,NA
4684296,Legend Geeter,Detroit Mercy,32,NA,NA,NA,NA,NA
4684303,Drissa Traore,Rhode Island,32,NA,NA,NA,NA,NA
4684309,Elijah Tucker,Longwood,32,842,400,255,139,0.6325910931174089
4684443,Rafael Castro,G Washington,35,NA,NA,NA,NA,NA
4684448,Malcolm Chimezie,Boston U,34,NA,NA,NA,NA,NA
4684461,Yaya Keita,UAlbany,32,NA,NA,NA,NA,NA
4684596,Will Tschetter,Michigan,40,547,141,109,33,0.5707577720207254
4684620,Adante' Holiman,Arizona St,33,NA,NA,NA,NA,NA
4684622,Jayden Lemond,Binghamton,31,NA,NA,NA,NA,NA
4684627,Chris Bell,California,34,944,482,331,119,0.6286519198664441
4684628,Aidan Mahaney,Santa Barbara,32,1075,478,386,83,0.5656536968664205
4684634,Rodney Rice,USC,32,NA,NA,NA,NA,NA
4684718,Corey Floyd Jr.,Providence,33,NA,NA,NA,NA,NA
4684720,Derrian Ford,Temple,32,NA,NA,NA,NA,NA
4684733,Tyrell Ward,VCU,36,NA,NA,NA,NA,NA
4684734,Travis Roberts,Alcorn St,32,NA,NA,NA,NA,NA
4684735,Christian Watson,Hampton,32,NA,NA,NA,NA,NA
4684745,Chisom Okpara,Stanford,33,NA,NA,NA,NA,NA
4684746,Justin Taylor,James Madison,33,NA,NA,NA,NA,NA
4684795,De'Ante Green,South Florida,34,NA,NA,NA,NA,NA
4684798,Jevon Porter,Missouri,33,NA,NA,NA,NA,NA
4684799,Ven-Allen Lubin,NC State,34,955,464,265,144,0.7065416006821781
4684812,Colin Smith,Santa Barbara,32,NA,NA,NA,NA,NA
4684838,Will Shaver,Samford,32,NA,NA,NA,NA,NA
4684840,DJ Nix,Cornell,28,NA,NA,NA,NA,NA
4684843,TJ Power,Penn,30,1053,492,390,94,0.5702893175074184
4684984,Silas Sunday,Hofstra,35,691,178,118,37,0.6627941614536789
4684986,Favour Aire,Coppin St,31,NA,NA,NA,NA,NA
4684988,Percy Daniels,Tulane,33,NA,NA,NA,NA,NA
4685004,Riley Mulvey,Siena,35,NA,NA,NA,NA,NA
4685013,Koat Keat Tong,Santa Barbara,32,NA,NA,NA,NA,NA
4685646,Taison Chatman,Ohio State,34,NA,NA,NA,NA,NA
4685647,Jaylin Stewart,UConn,40,NA,NA,NA,NA,NA
4685648,Courtney Anderson Jr.,Montana,34,NA,NA,NA,NA,NA
4685650,Christian Jones,G Washington,35,NA,NA,NA,NA,NA
4685653,Austin Herro,St Thomas (MN),34,NA,NA,NA,NA,NA
4685654,Kennard Davis Jr.,BYU,35,NA,NA,NA,NA,NA
4685658,Taylor Bol Bowen,Alabama,35,NA,NA,NA,NA,NA
4685659,Brady Dunlap,Saint Louis,35,NA,NA,NA,NA,NA
4685660,Reid Ducharme,Siena,35,NA,NA,NA,NA,NA
4685662,Dusty Stromer,Grand Canyon,32,722,204,184,45,0.5004906771344455
4685664,Justin McBride,James Madison,33,NA,NA,NA,NA,NA
4685668,Kaleb Glenn,Michigan St,35,NA,NA,NA,NA,NA
4685671,Jayden Hastings,Boston College,31,701,207,131,94,0.6004873520538407
4685673,Amani Hansberry,Virginia Tech,32,NA,NA,NA,NA,NA
4685682,Jazz Gardner,Saint Mary's,33,NA,NA,NA,NA,NA
4685683,Aaron Bradshaw,Memphis,32,NA,NA,NA,NA,NA
4685685,Devin Williams,FAU,33,785,246,198,43,0.5670293195648165
4685686,Gus Yalden,Vermont,34,NA,NA,NA,NA,NA
4685687,Jaylen Carey,Tennessee,37,682,274,226,110,0.4992711370262391
4685688,Gai Chol,Mississippi St,32,NA,NA,NA,NA,NA
4685802,Robert McCray V,Florida St,33,954,539,424,143,0.5534790109258194
4687377,Grant Slatten,Tennessee Tech,31,NA,NA,NA,NA,NA
4690766,Kaleb Brown,Robert Morris,33,NA,NA,NA,NA,NA
4690767,Jalen Smith,Rice,31,1011,388,329,59,0.5465404552625648
4691165,Demari Williams,Hou Christian,32,NA,NA,NA,NA,NA
4693724,Will Felton,NC A&T,30,NA,NA,NA,NA,NA
4693725,Javon Ruffin,Bowling Green,32,NA,NA,NA,NA,NA
4698718,Joshua Beadle,Coastal,32,1031,568,466,172,0.5242947865898685
4698719,Trevon Brazile,Arkansas,37,NA,NA,NA,NA,NA
4699440,Nick Davidson,Clemson,35,766,319,223,92,0.6053590405343858
4699760,Joseph Pinion,South Florida,34,1027,497,430,61,0.5439541196042378
4700527,Tyon Grant-Foster,Gonzaga,35,752,387,297,144,0.5369630369630369
4700530,Davion Bradford,Tulane,33,NA,NA,NA,NA,NA
4700841,Kasen Jennings,App State,32,1045,486,413,130,0.5168013611229264
4700859,Josh Smith,Liberty,34,NA,NA,NA,NA,NA
4700877,Chad Baker-Mazara,USC,29,NA,NA,NA,NA,NA
4700880,Yame Butler,Butler,32,NA,NA,NA,NA,NA
4700968,Derrius Ward,Grambling,33,NA,NA,NA,NA,NA
4700971,Tegra Izay,Southern Miss,35,390,99,53,59,0.6268996960486322
4700973,Isaiah Wilson,Winthrop,34,673,125,129,54,0.40913851793663264
4701030,Jadrian Tracey,VCU,36,788,344,287,67,0.5434782608695652
4701125,Javohn Garcia,McNeese,34,NA,NA,NA,NA,NA
4701156,KJ McClurg,Longwood,31,NA,NA,NA,NA,NA
4701160,Mekhi Gray,Maine,32,NA,NA,NA,NA,NA
4701168,Justin Vander Baan,Lafayette,32,NA,NA,NA,NA,NA
4701187,Trent Hudgens,South Dakota,16,NA,NA,NA,NA,NA
4701189,Anthony Roy,Oklahoma St,35,NA,NA,NA,NA,NA
4701217,Hunter Erickson,Hawai'i,33,1036,278,213,69,0.5711702827087443
4701222,Jeremiah Williams,Georgetown,34,690,201,189,56,0.4704175248080884
4701246,Andre Mulibea,Coastal,32,NA,NA,NA,NA,NA
4701266,Ashton Smith,South Dakota,32,NA,NA,NA,NA,NA
4701543,Marlon Barnes Jr.,Evansville,32,NA,NA,NA,NA,NA
4701841,Will Jeffress,Louisiana Tech,34,NA,NA,NA,NA,NA
4701846,Puff Johnson,Ohio State,16,NA,NA,NA,NA,NA
4702000,PJ Carter,LSU,32,NA,NA,NA,NA,NA
4702026,Ja'Quavian Florence,Tennessee Tech,31,NA,NA,NA,NA,NA
4702042,Te'Jon Sawyer,Montana,34,948,389,275,56,0.6491122680549993
4702046,Kam Woods,USC,20,628,176,162,54,0.4737295434969854
4702049,Duke Miles,Vanderbilt,36,NA,NA,NA,NA,NA
4702097,Connor Serven,Mercer,32,NA,NA,NA,NA,NA
4702120,Carson Towt,Notre Dame,31,805,184,136,56,0.5727091633466136
4702158,Martel Williams,CA Baptist,34,NA,NA,NA,NA,NA
4702212,Keishon Porter,Evansville,32,NA,NA,NA,NA,NA
4702218,Xavier Lipscomb,Mount St Marys,32,NA,NA,NA,NA,NA
4702226,Toneari Lane,San Diego,33,884,373,291,40,0.6043421905379132
4702236,Terrance Williams II,USC,32,NA,NA,NA,NA,NA
4702464,Jefferson Koulibaly,GA Southern,37,NA,NA,NA,NA,NA
4702467,Devin Askew,Villanova,33,762,324,272,47,0.5535055350553505
4702484,Latrell Wrightsell Jr.,Alabama,35,NA,NA,NA,NA,NA
4702497,Deuce Turner,Fairfield,34,680,284,258,70,0.49168975069252074
4702518,Dominic Parolin,Boise St,32,544,176,115,63,0.6165919282511211
4702522,Trae Broadnax,Rice,31,950,483,378,141,0.5488137442050722
4702596,Niko Rocak,UC Davis,33,NA,NA,NA,NA,NA
4702598,Yacine Toumi,Hawai'i,33,NA,NA,NA,NA,NA
4702626,Dawson Baker,BYU,35,NA,NA,NA,NA,NA
4702629,Andre Henry,UC Irvine,35,NA,NA,NA,NA,NA
4702654,Nick Boyd,Wisconsin,35,1119,726,525,194,0.5947309784389541
4702671,Boden Skunberg,Illinois St,36,NA,NA,NA,NA,NA
4702680,Jadin Booth,Samford,32,NA,NA,NA,NA,NA
4702696,Alec Oglesby,MTSU,32,NA,NA,NA,NA,NA
4702739,Aly Khalifa,Louisville,35,415,116,96,8,0.5827974276527331
4702740,Jared Garcia,Nebraska,35,NA,NA,NA,NA,NA
4702741,Keegan Harvey,Bryant,31,820,346,217,101,0.6617197062423501
4702764,Vukasin Masic,San Francisco,33,715,176,170,23,0.4885631801021541
4702765,Justin Amadi,Mount St Marys,32,NA,NA,NA,NA,NA
4702777,Ja'Juan Carr,Elon,32,803,239,200,63,0.5247672580361847
4702784,J'Vonne Hadley,Louisville,35,NA,NA,NA,NA,NA
4702889,Josh Taylor,E Texas A&M,32,538,162,132,38,0.5446476600322754
4702960,Evan Nelson,Arizona,39,NA,NA,NA,NA,NA
4702961,Sam Silverstein,UIC,35,745,99,85,35,0.4930278884462151
4702962,Justice Ajogbor,Saint Joseph's,36,937,233,146,65,0.6672394043528065
4702975,Liam Murphy,Purdue,39,NA,NA,NA,NA,NA
4702976,Josh Odunowo,UMBC,33,NA,NA,NA,NA,NA
4702988,Alex Vargo,North Florida,32,NA,NA,NA,NA,NA
4702993,Alex Huibregtse,Bradley,34,1061,435,335,45,0.613021420518602
4702994,Brandon Noel,Ohio State,34,NA,NA,NA,NA,NA
4703002,Patrick Suemnick,Seton Hall,33,NA,NA,NA,NA,NA
4703009,Ryan Myers,Western KY,32,720,352,271,70,0.583167660702452
4703011,Dwayne Koroma,UConn,40,NA,NA,NA,NA,NA
4703097,John Shanu II,E Michigan,31,NA,NA,NA,NA,NA
4703106,Dailin Smith,Bakersfield,32,NA,NA,NA,NA,NA
4703115,Jaron Pierre Jr.,SMU,34,1128,599,481,99,0.5709547048955316
4703150,George Ivory III,Miss Valley St,33,NA,NA,NA,NA,NA
4703155,Malik Edmead,Merrimack,34,NA,NA,NA,NA,NA
4703169,Joshua Aaron Reaves,Hofstra,35,NA,NA,NA,NA,NA
4703194,Ronell Giles Jr.,Quinnipiac,32,NA,NA,NA,NA,NA
4703196,Jeriah Coleman,Nevada,37,NA,NA,NA,NA,NA
4703205,Kyndall Davis,Texas St,32,NA,NA,NA,NA,NA
4703215,Tai'Reon Joseph,Prairie View,37,NA,NA,NA,NA,NA
4703253,Nolan Dorsey,California,34,NA,NA,NA,NA,NA
4703393,Devin Tillis,Virginia,36,NA,NA,NA,NA,NA
4703396,Graham Ike,Gonzaga,35,NA,NA,NA,NA,NA
4703399,Jeremiah Oden,San Diego St,33,NA,NA,NA,NA,NA
4703411,Trey Fort,Michigan St,35,NA,NA,NA,NA,NA
4703415,Marcus Fitzgerald Jr.,Jax State,32,NA,NA,NA,NA,NA
4703526,Zarique Nutter,Fordham,32,NA,NA,NA,NA,NA
4703531,Sam Towns,Bowling Green,32,1023,381,311,107,0.5320040214477212
4703572,Kaden Metheny,Liberty,34,NA,NA,NA,NA,NA
4703637,Braelon Bush,Chicago St,32,NA,NA,NA,NA,NA
4703644,Jay Rodgers,C Connecticut,30,877,331,270,82,0.5407083115525353
4703670,Pierce Spencer,UTSA,30,NA,NA,NA,NA,NA
4703804,Truth Harris,La Salle,32,NA,NA,NA,NA,NA
4703805,Marcus Niblack,Canisius,31,NA,NA,NA,NA,NA
4703833,Javon Cooley,Pepperdine,32,962,366,299,95,0.5369718309859155
4703837,AJ Staton-McCray,Seton Hall,33,909,391,344,72,0.5203896933560477
4703887,Nick Pringle,Arkansas,37,NA,NA,NA,NA,NA
4703893,Trey Hall,MD Eastern,32,NA,NA,NA,NA,NA
4703899,Howie Fleming Jr.,UNLV,35,NA,NA,NA,NA,NA
4703910,Nick Hittle,W Illinois,31,NA,NA,NA,NA,NA
4703912,Nate Heise,Iowa State,37,922,211,170,42,0.5597410865874364
4703977,Melvyn Ebonkoli,NJIT,33,NA,NA,NA,NA,NA
4703980,Skylar Wicks,Saint Francis,31,NA,NA,NA,NA,NA
4703983,Jacob Ognacevic,Washington,33,NA,NA,NA,NA,NA
4704015,Jalen Speer,Marshall,32,1041,501,434,94,0.5269690339952877
4704078,Themus Fulks,UCF,33,1084,461,381,112,0.5356976852282235
4704086,Dallas James,Morgan St,30,NA,NA,NA,NA,NA
4704090,Milton Matthews III,ETSU,34,NA,NA,NA,NA,NA
4704109,Justin Wright,UNC Asheville,32,1055,546,397,151,0.5890730191610565
4705371,Joey Madimba,Prairie View,37,NA,NA,NA,NA,NA
4705373,Freddy Hicks,Tarleton St,32,NA,NA,NA,NA,NA
4706147,Caleb Kizer,South Dakota,32,NA,NA,NA,NA,NA
4706260,Myles Corey,Rhode Island,32,812,298,214,90,0.5875394321766562
4706262,Jaden Henderson,Fullerton,34,NA,NA,NA,NA,NA
4706561,Milan Mejia,Louisiana,33,NA,NA,NA,NA,NA
4706918,Chase Forte,Boston College,31,723,187,177,79,0.44153758972421614
4707481,Michael Imariagbe,Wright St,35,NA,NA,NA,NA,NA
4707808,Tyler Schmidt,Towson,34,NA,NA,NA,NA,NA
4708176,Ramon Walker Jr.,Houston,37,NA,NA,NA,NA,NA
4708219,Tay Mosher,E Texas A&M,32,NA,NA,NA,NA,NA
4708220,Trey Moss,G Washington,35,NA,NA,NA,NA,NA
4708533,Tyler Robinett,Youngstown St,32,NA,NA,NA,NA,NA
4708534,Johnny Radford,E Washington,33,621,215,180,46,0.5368557730723132
4709133,Myles Rice,Maryland,33,NA,NA,NA,NA,NA
4709140,Hercy Miller,New Orleans,12,NA,NA,NA,NA,NA
4709141,Houston Mallette,Alabama,35,817,230,188,35,0.5653883972468043
4709142,Justin Rochelin,Pacific,33,898,299,222,84,0.5773092369477912
4709150,Kuluel Mading,Charlotte,34,NA,NA,NA,NA,NA
4709151,Jalen Haynes,Cincinnati,33,NA,NA,NA,NA,NA
4709320,Anquan Hill,Sacred Heart,33,NA,NA,NA,NA,NA
4709321,Abdou Samb,Towson,34,NA,NA,NA,NA,NA
4709424,Sean Lang,Mercyhurst,34,NA,NA,NA,NA,NA
4709454,Dallas Howell,North Alabama,30,956,252,252,31,0.47432615569944286
4709991,Aitor Anabitarte,Jax State,32,NA,NA,NA,NA,NA
4710354,Michael Gray Jr.,Wichita St,36,969,295,279,64,0.48020575595780696
4710358,Jason Nelson,Youngstown St,32,NA,NA,NA,NA,NA
4710359,Aidan Noyes,Belmont,32,NA,NA,NA,NA,NA
4710427,P.J. Edwards,Grambling,33,NA,NA,NA,NA,NA
4710770,Meechie Johnson,South Carolina,32,1007,550,384,215,0.5745925616381111
4711255,Jeremy Fears Jr.,Michigan St,35,1135,533,364,208,0.5850456621004566
4711256,Caleb Foster,Duke,38,NA,NA,NA,NA,NA
4711257,Jamyron Keller,Louisiana,33,NA,NA,NA,NA,NA
4711258,Trey Green,Saint Louis,35,NA,NA,NA,NA,NA
4711259,Dra Gibbs-Lawhorn,UNLV,35,1196,724,517,130,0.6304423545802855
4711260,Austin Parks,Toledo,34,856,364,222,122,0.6601857225769008
4711262,Jeremiah Johnson,Campbell,34,1100,517,350,178,0.603520732162869
4711264,Jahnathan Lamothe,UNC Wilmington,34,NA,NA,NA,NA,NA
4711266,Jaydon Young,North Carolina,33,NA,NA,NA,NA,NA
4711267,Jurian Dixon,UC Irvine,35,1065,557,463,112,0.5436480049972672
4711268,Marvel Allen,Utah Tech,34,NA,NA,NA,NA,NA
4711270,Sebastian Mack,Missouri,33,NA,NA,NA,NA,NA
4711271,Carl Cherenfant,McNeese,34,NA,NA,NA,NA,NA
4711273,Gabe Sisk,ETSU,34,NA,NA,NA,NA,NA
4711274,George Washington III,FGCU,34,NA,NA,NA,NA,NA
4711279,Scotty Middleton,Tulane,33,847,229,201,23,0.5423455854490337
4711280,Ashton Hardaway,Memphis,32,NA,NA,NA,NA,NA
4711281,Drew Steffe,S Illinois,32,986,316,280,61,0.5149263459783601
4711295,Assane Diop,San Diego,33,NA,NA,NA,NA,NA
4711296,Brandon Gardner,Sacramento St,31,NA,NA,NA,NA,NA
4711303,Donovan Raymond,Old Dominion,33,NA,NA,NA,NA,NA
4711304,Xavier Booker,UCLA,36,726,264,190,40,0.6358381502890174
4711306,Brandon Garrison,Kentucky,36,582,168,124,44,0.5859374999999999
4711400,Franck Kepnang,Washington,33,NA,NA,NA,NA,NA
4711402,Jordan Ross,Georgia,33,NA,NA,NA,NA,NA
4711691,James Graham III,Alabama A&M,33,NA,NA,NA,NA,NA
4711705,Babacar Diallo,High Point,36,NA,NA,NA,NA,NA
4711838,Ismail Habib,So Indiana,30,NA,NA,NA,NA,NA
4711900,Jalen Ricks,UT Rio Grande,33,NA,NA,NA,NA,NA
4712656,Tre-Vaughn Minott,Portland St,31,886,306,192,88,0.6631414701803051
4712832,Barrington Hargress,Colorado,33,1073,485,331,97,0.6489509740954827
4712834,Dashon Gittens,Sacred Heart,33,NA,NA,NA,NA,NA
4712836,Seth Trimble,North Carolina,33,NA,NA,NA,NA,NA
4712837,Austin Nunez,UTSA,30,NA,NA,NA,NA,NA
4712838,Leland Walker,Wyoming,33,947,444,368,133,0.5204914189252556
4712843,Chandler Jackson,Arkansas St,32,862,340,234,139,0.5759588020056918
4712845,Isaac McKneely,Louisville,35,1014,383,293,50,0.6079365079365079
4712846,Jaden Schutt,Virginia Tech,32,792,246,203,29,0.5700778642936597
4712848,Javion Guy-King,C Arkansas,34,NA,NA,NA,NA,NA
4712862,Malik Dia,Ole Miss,35,851,508,416,161,0.5217319858680469
4712865,Jeremiah Nyarko,Sacramento St,31,NA,NA,NA,NA,NA
4712866,Isaac Traudt,Creighton,34,641,221,182,20,0.5791404612159329
4712893,Isaiah Carr,Drake,34,NA,NA,NA,NA,NA
4712902,Cameron Corhen,Pitt,33,1117,448,323,130,0.5891635981062598
4713885,Trey Patterson,Rice,31,NA,NA,NA,NA,NA
4719433,Julian Mackey,FIU,32,NA,NA,NA,NA,NA
4781728,Cole Middleton,Lipscomb,32,NA,NA,NA,NA,NA
4782965,Broc Bidwell,Campbell,34,NA,NA,NA,NA,NA
4791227,Devin McGlockton,Vanderbilt,36,910,341,245,56,0.6323245809227118
4810230,Oleg Kojenets,Stony Brook,32,331,93,84,46,0.4460859554873369
4812368,Amarr Knox,E Kentucky,18,NA,NA,NA,NA,NA
4816087,Kyle Cuffe Jr.,Mercer,32,NA,NA,NA,NA,NA
4823976,Brian Waddell,Bellarmine,32,997,481,295,104,0.705775325742458
4823977,Noah Shelby,Texas A&M,34,NA,NA,NA,NA,NA
4837238,Tucker DeVries,Indiana,32,1097,437,363,78,0.5499345615624686
4837356,Tre Donaldson,Miami,35,1193,574,458,128,0.5580183543319334
4838703,Tyler Hendricks,Utah Valley,34,NA,NA,NA,NA,NA
4838704,Leon Bond III,Northern Iowa,36,1180,428,347,72,0.5651209464455477
4838705,Chase Cormier,Iona,32,297,65,64,6,0.4876950780312125
4838708,Charles Chukwu,Portland St,31,NA,NA,NA,NA,NA
4838711,Danilo Jovanovich,Milwaukee,32,NA,NA,NA,NA,NA
4838717,Patrick Wessler,UNC Wilmington,34,908,462,309,165,0.6053459119496855
4838718,Ahjany Lee,Hou Christian,32,NA,NA,NA,NA,NA
4838721,Tyler Nickel,Vanderbilt,36,1099,486,366,59,0.6199612205327074
4838723,Josh Reed,Penn State,32,901,367,246,109,0.6242345897401007
4838724,Sage Tolentino,UNC Asheville,32,NA,NA,NA,NA,NA
4838752,Riley Allenspach,George Mason,33,NA,NA,NA,NA,NA
4845358,Layden Blocker,DePaul,32,930,354,303,122,0.49624313109790286
4845361,Jackson Shelstad,Oregon,32,NA,NA,NA,NA,NA
4845362,Chico Johnson,SC Upstate,32,NA,NA,NA,NA,NA
4845365,Sonny Wilson,Toledo,34,1231,577,451,134,0.5657306455408267
4845366,T'Johnn Brown,McNeese,34,NA,NA,NA,NA,NA
4845368,Tru Washington,Miami,35,NA,NA,NA,NA,NA
4845369,Ty-Laur Johnson,San Diego,33,NA,NA,NA,NA,NA
4845370,Tyler Rolison,Nevada,37,NA,NA,NA,NA,NA
4845373,Dai Dai Ames,California,34,1083,576,450,120,0.5727923627684964
4845378,Jacoi Hutchinson,Longwood,32,NA,NA,NA,NA,NA
4845379,Tristan Gross,Mercer,32,NA,NA,NA,NA,NA
4845380,Maki Johnson,ETSU,34,766,193,159,14,0.5842819084524098
4845382,Parker Friedrichsen,Davidson,34,859,367,281,84,0.5771166184425714
4845387,Gabe Cupps,Ohio State,34,NA,NA,NA,NA,NA
4845388,Jaylen Jones,Jacksonville,32,NA,NA,NA,NA,NA
4848619,Finley Bizjack,Butler,32,NA,NA,NA,NA,NA
4848622,DeShawn Harris-Smith,Georgetown,34,NA,NA,NA,NA,NA
4848623,Kris Parker,UCF,33,NA,NA,NA,NA,NA
4848625,Dailyn Swain,Texas,36,1183,623,395,200,0.644927536231884
4848628,MJ Thomas,New Orleans,33,NA,NA,NA,NA,NA
4848629,Jahmere Tripp,Rhode Island,32,NA,NA,NA,NA,NA
4848630,Dennis Parker Jr.,Radford,32,936,584,407,198,0.5909495669068242
4848631,Malik Presley,George Mason,33,530,107,85,36,0.5305434351447837
4848637,Milan Momcilovic,Iowa State,37,1125,624,411,82,0.6978616802361993
4848640,Cade Phillips,Tennessee,37,NA,NA,NA,NA,NA
4848642,Jarred Hall,MTSU,32,NA,NA,NA,NA,NA
4848644,JaQualon Roberts,Davidson,34,NA,NA,NA,NA,NA
4858602,Matt Reed,Iona,32,NA,NA,NA,NA,NA
4858604,Pryce Sandfort,Nebraska,35,1177,634,453,83,0.6475731328648472
4858606,Corey Chest,Ole Miss,35,NA,NA,NA,NA,NA
4858608,Simeon Murchison,Milwaukee,32,NA,NA,NA,NA,NA
4858609,Osiris Grady,UC Riverside,32,990,327,281,99,0.5037589351737737
4858612,Eli DeLaurier,East Carolina,31,NA,NA,NA,NA,NA
4869737,Wesley Yates III,Washington,33,NA,NA,NA,NA,NA
4869739,Sean Stewart,Oregon,32,737,209,165,75,0.5277777777777778
4869741,Yohan Traore,Butler,32,626,264,172,103,0.6073992269464384
4869762,Marcus Allen,Miami,35,NA,NA,NA,NA,NA
4869763,James Brown,North Carolina,33,NA,NA,NA,NA,NA
4869764,Elliot Cadeau,Michigan,40,1091,420,331,117,0.5490483162518301
4869766,Naas Cunningham,UNLV,35,NA,NA,NA,NA,NA
4869767,Isaiah Elohim,FAU,33,NA,NA,NA,NA,NA
4869768,David Castillo,Kansas St,32,900,329,290,50,0.5272435897435898
4869769,Jahki Howard,Utah,24,NA,NA,NA,NA,NA
4869770,Ian Jackson,St John's,37,NA,NA,NA,NA,NA
4869777,Karter Knox,Arkansas,37,NA,NA,NA,NA,NA
4869778,Ahmad Nowell,VCU,36,NA,NA,NA,NA,NA
4869779,Jamari Phillips,Oregon,32,NA,NA,NA,NA,NA
4869781,Dallas Thomas,Clemson,35,NA,NA,NA,NA,NA
4869784,Cam Scott,South Carolina,32,NA,NA,NA,NA,NA
4869785,Jayden Williams,Incarnate Word,31,NA,NA,NA,NA,NA
4870444,Juanse Gorosito,San Diego,33,NA,NA,NA,NA,NA
4870563,Jackson Skipper,Vermont,34,NA,NA,NA,NA,NA
4870564,Joshua Jefferson,Iowa State,37,NA,NA,NA,NA,NA
4870565,Elijah Saunders,Maryland,33,1014,298,236,40,0.5875394321766562
4870569,Duke Brennan,Villanova,33,NA,NA,NA,NA,NA
4872727,Logan Imes,Notre Dame,31,655,146,146,21,0.4702396289616078
4872739,Elmarko Jackson,Kansas,35,NA,NA,NA,NA,NA
4872740,Coen Carr,Michigan St,35,1026,421,299,143,0.5816202475685234
4872743,Aaron McBride,LMU,32,NA,NA,NA,NA,NA
4872744,Dennis Evans,Grand Canyon,32,NA,NA,NA,NA,NA
4873086,Mercy Miller,Houston,37,NA,NA,NA,NA,NA
4873087,Deuce Jones,Saint Joseph's,26,NA,NA,NA,NA,NA
4873089,Tahaad Pettiford,Auburn,38,1226,585,501,143,0.5186905944105548
4873090,Labaron Philon Jr.,Alabama,35,NA,NA,NA,NA,NA
4873091,Aaron Powell,Rice,31,NA,NA,NA,NA,NA
4873093,Dedan Thomas Jr.,LSU,32,NA,NA,NA,NA,NA
4873098,Jahseem Felton,Seton Hall,33,NA,NA,NA,NA,NA
4873100,Travis Perry,Ole Miss,35,576,184,166,25,0.519774011299435
4873101,Jeremiah Jenkins,Brown,27,813,222,204,53,0.48829843392574346
4873105,Ben Hammond,Virginia Tech,32,1007,423,308,126,0.5819392471934844
4873107,Darren Harris,Duke,38,NA,NA,NA,NA,NA
4873111,Kur Teng,Michigan St,35,612,255,240,21,0.5115551275878671
4873112,Dellquan Warren,Mississippi St,32,NA,NA,NA,NA,NA
4873115,TJ Williams,Wichita St,36,NA,NA,NA,NA,NA
4873130,Amier Ali,Mississippi St,32,NA,NA,NA,NA,NA
4873136,Ayden Evans,Ohio,32,NA,NA,NA,NA,NA
4873137,Brayden Crump,ETSU,34,NA,NA,NA,NA,NA
4873141,Tyler Betsey,Syracuse,32,NA,NA,NA,NA,NA
4873143,Del Jones,Radford,32,1017,551,442,173,0.5317301011348722
4873144,Mason Blackwood,Penn State,32,NA,NA,NA,NA,NA
4873145,Donnie Freeman,Syracuse,32,NA,NA,NA,NA,NA
4873146,Jadis Jones,Lindenwood,33,NA,NA,NA,NA,NA
4873147,Taj DeGourville,San Diego St,33,641,181,167,58,0.4700810305422813
4873151,Paul McNeil Jr.,NC State,34,975,470,319,108,0.6411655571319437
4873153,Morez Johnson Jr.,Michigan,40,1005,524,313,156,0.6865108479195053
4873154,Cooper Haynes,Belmont,32,NA,NA,NA,NA,NA
4873160,Qadir Martin,Mercyhurst,34,1066,394,292,86,0.59725927722532135
4873161,Jordan McCullum,ETSU,34,736,281,199,86,0.5932274953555142
4873163,Tyler McKinley,Cincinnati,33,NA,NA,NA,NA,NA
4873179,Doryan Onwuchekwa,Tulsa,38,NA,NA,NA,NA,NA
4873180,Bryson Tucker,Washington,33,NA,NA,NA,NA,NA
4873181,Jarin Stevenson,North Carolina,33,851,266,185,89,0.5933261955745895
4873183,Kam Williams,Kentucky,36,NA,NA,NA,NA,NA
4873184,Aiden Sherrell,Alabama,35,NA,NA,NA,NA,NA
4873186,Malik Rasul,Lafayette,32,NA,NA,NA,NA,NA
4873187,Khani Rooths,Louisville,35,NA,NA,NA,NA,NA
4873191,Zion Walker,Radford,32,NA,NA,NA,NA,NA
4873192,Ben Roseborough,San José St,33,NA,NA,NA,NA,NA
4873194,Caleb Middleton,Elon,32,NA,NA,NA,NA,NA
4873195,Tarik Watson,Marist,31,NA,NA,NA,NA,NA
4873196,Ethan Lathan,Boise St,32,NA,NA,NA,NA,NA
4873199,Maurice Vassel,MD Eastern,32,NA,NA,NA,NA,NA
4873202,Isaac Davis,Utah Valley,34,650,372,236,106,0.6580809510331164
4873203,Cooper Koch,Iowa,37,1052,290,222,36,0.6096535486041036
4873206,Khaman Maker,DePaul,32,NA,NA,NA,NA,NA
4873208,AJ Swinton,Florida St,33,NA,NA,NA,NA,NA
4873209,Patrick Ngongba II,Duke,38,NA,NA,NA,NA,NA
4873219,Jacob Cofie,USC,32,974,318,243,81,0.570628768303187
4873220,Jeremiah Evans,Louisiana,33,NA,NA,NA,NA,NA
4875213,Ndewedo Newbury,San Francisco,33,NA,NA,NA,NA,NA
4879743,Elijah Kennedy,Hampton,32,NA,NA,NA,NA,NA
4884255,Gavin Griffiths,Temple,32,NA,NA,NA,NA,NA
4884257,Isaiah Coleman,Oklahoma St,35,NA,NA,NA,NA,NA
4888717,Oakland Fort,N Arizona,32,NA,NA,NA,NA,NA
4888718,Devin Ceaser,UMBC,33,NA,NA,NA,NA,NA
4888720,Jack Scott,Duke,38,NA,NA,NA,NA,NA
4888733,Chas Kelley III,Georgia Tech,31,NA,NA,NA,NA,NA
4888885,Connor Turnbull,Evansville,32,NA,NA,NA,NA,NA
4894236,Josh Ojianwuna,Ohio State,34,NA,NA,NA,NA,NA
4894445,Braden Huff,Gonzaga,35,NA,NA,NA,NA,NA
4894452,Myles Colvin,Wake Forest,35,951,405,305,115,0.5694600674915635
4894453,Mari Jordan,Radford,32,438,169,121,37,0.615530303030303
4894459,Chase Clemmons,Kennesaw St,35,NA,NA,NA,NA,NA
4894460,Carter Lang,Virginia,36,NA,NA,NA,NA,NA
4894462,Jaylen Crocker-Johnson,Minnesota,32,NA,NA,NA,NA,NA
4894465,Owen Freeman,Creighton,34,NA,NA,NA,NA,NA
4895353,DJ Jefferson,Gardner-Webb,33,NA,NA,NA,NA,NA
4895737,Solo Ball,UConn,40,NA,NA,NA,NA,NA
4895738,Rahmir Barno,FGCU,34,1073,397,328,124,0.5188728565453785
4895740,Josh Hubbard,Mississippi St,32,1069,707,562,184,0.5498009207415702
4895742,Aaron Clark,Pepperdine,32,1035,488,388,130,0.5480682839173405
4895743,Jakai Newton,Georgia St,32,NA,NA,NA,NA,NA
4895745,Tre Norman,Marquette,32,NA,NA,NA,NA,NA
4895746,Jayden Reid,Northwestern,34,878,342,292,100,0.5089285714285714
4895747,Jelani Hamilton,Georgia St,32,NA,NA,NA,NA,NA
4895750,Zaide Lowery,Marquette,18,NA,NA,NA,NA,NA
4895753,Jayden Ross,UConn,40,NA,NA,NA,NA,NA
4895755,Asa Thomas,Furman,35,NA,NA,NA,NA,NA
4895759,Bryson Wilson,Binghamton,31,NA,NA,NA,NA,NA
4895776,Devin Royal,Ohio State,34,NA,NA,NA,NA,NA
4895777,Al Amadou,Saint Joseph's,36,NA,NA,NA,NA,NA
4895779,Austin Ball,E Kentucky,32,NA,NA,NA,NA,NA
4895780,Mouhamed Dioubate,Kentucky,36,NA,NA,NA,NA,NA
4895782,Ronald Jessamy,Bakersfield,32,NA,NA,NA,NA,NA
4895783,Nolan Winter,Wisconsin,35,NA,NA,NA,NA,NA
4895786,Isaiah Manning,Sam Houston,34,NA,NA,NA,NA,NA
4895787,Kachi Nzeh,Little Rock,32,910,374,294,73,0.5734085612657918
4895789,Noah Barnett,Vermont,34,NA,NA,NA,NA,NA
4895790,Noah Amenhauser,Oregon St,33,NA,NA,NA,NA,NA
4895793,Zayden High,North Carolina,33,NA,NA,NA,NA,NA
4895794,Dylan James,Georgia,33,496,150,128,41,0.5135579293344289
4895795,Mike Nwoko,LSU,32,700,428,254,155,0.6641837368094352
4896359,Addison Arnold,Arizona,39,NA,NA,NA,NA,NA
4896363,Zach Keller,Utah State,36,NA,NA,NA,NA,NA
4896367,Xzavier Long,Hampton,32,NA,NA,NA,NA,NA
4896368,Tahj Staveskie,Incarnate Word,31,1093,535,427,114,0.5606086008885908
4896370,TJ Long,Vermont,34,NA,NA,NA,NA,NA
4896371,Makai Willis,Texas St,32,411,193,147,54,0.5651206371515578
4896378,Jao Ituka,N Illinois,30,NA,NA,NA,NA,NA
4896453,Tuongthach Gatkek,Little Rock,32,NA,NA,NA,NA,NA
4896462,Cam McDowell,Tarleton St,32,NA,NA,NA,NA,NA
4896480,Handje Tamba,St John's,37,NA,NA,NA,NA,NA
4896505,Leonardo Bettiol,UMass,33,947,598,357,229,0.6531807060468368
4896534,Abdul Momoh,UIC,35,814,278,187,95,0.6075174825174825
4896557,Tom House,Furman,35,NA,NA,NA,NA,NA
4896620,Justin Neely,UNC Greensboro,34,1098,609,356,264,0.6449085055913251
4896852,Scotty Washington,High Point,36,677,295,198,88,0.6230990199391686
4896862,Ali Dibba,Texas A&M,34,538,195,173,46,0.5045539225833161
4896884,Kobe Knox,South Carolina,32,957,347,234,124,0.6012614360964791
4896885,Isaiah Shaw,N Arizona,32,NA,NA,NA,NA,NA
4896936,Damon Nicholas Jr.,Sam Houston,34,920,293,247,61,0.5349839322231961
4896939,Giovanni Emejuru,East Carolina,31,1015,399,230,205,0.6230480949406622
4896959,Hassan Perkins,Coppin St,31,701,206,157,70,0.5484558040468583
4896969,Jordan Battle,Old Dominion,33,1082,507,327,180,0.6240768094534712
4897000,Babacar Faye,Utah,32,NA,NA,NA,NA,NA
4897008,Wes Peterson Jr.,Binghamton,31,NA,NA,NA,NA,NA
4897010,Ben Johnson,Vermont,34,620,185,144,18,0.6088730911005793
4897018,Camren Hunter,C Arkansas,34,1052,714,508,157,0.61863173216885
4897050,Brett Rumpel,Manhattan,32,NA,NA,NA,NA,NA
4897051,Anouar Mellouk,Morehead St,33,823,263,215,58,0.5467320804922667
4897052,Lassina Traore,Texas,36,NA,NA,NA,NA,NA
4897053,Kacper Klaczek,Elon,32,NA,NA,NA,NA,NA
4897054,CJ Anthony,Iona,32,NA,NA,NA,NA,NA
4897066,Andrés Marrero,Merrimack,34,931,269,224,55,0.5419016921837229
4897069,Brandon Dwyer,FGCU,34,NA,NA,NA,NA,NA
4897072,Samuel Onu,Alabama A&M,33,NA,NA,NA,NA,NA
4897107,Stanley Borden,UTSA,30,NA,NA,NA,NA,NA
4897129,DJ Patrick,UNC Asheville,32,NA,NA,NA,NA,NA
4897148,Kirk Cole,Oklahoma St,35,NA,NA,NA,NA,NA
4897163,Milos Nenadic,Lindenwood,33,906,396,306,133,0.5431800724240097
4897173,Alex Anderson,Texas Southern,30,NA,NA,NA,NA,NA
4897175,Tyler Shirley,Florida A&M,31,944,373,324,83,0.517308332408743
4897192,AJ Lopez,Richmond,32,827,428,280,145,0.6224549156486329
4897200,Isaac Abidde,UAlbany,32,808,300,244,40,0.573394495412844
4897209,Brenton Knapper,Santa Clara,35,NA,NA,NA,NA,NA
4897213,Chris Walker,UIC,35,NA,NA,NA,NA,NA
4897215,DJ Smith,Campbell,34,1169,647,477,214,0.566391203865817
4897222,Amar Augillard,Milwaukee,32,NA,NA,NA,NA,NA
4897245,Ryan Dufault,St Thomas (MN),34,NA,NA,NA,NA,NA
4897258,Sir Issac Herron,Louisiana Tech,34,NA,NA,NA,NA,NA
4897261,Isaiah Walker,Xavier,33,NA,NA,NA,NA,NA
4897301,Terrion Murdix,Western KY,32,NA,NA,NA,NA,NA
4897302,Owen Dease,Valparaiso,33,NA,NA,NA,NA,NA
4897332,Grant Hurst,Tennessee,37,NA,NA,NA,NA,NA
4897337,Trae English,Nicholls,33,NA,NA,NA,NA,NA
4897361,Marcus Banks Jr.,UMass,33,1088,550,444,84,0.5717731204258151
4897364,Brennan Watkins,Chattanooga,32,807,326,212,70,0.671334431630972
4897365,Honor Huff,West Virginia,35,1257,578,426,175,0.5745526838966203
4897366,Lewis Rowe,Incarnate Word,31,NA,NA,NA,NA,NA
4897370,Jalen Breath,Ohio,32,NA,NA,NA,NA,NA
4897383,Alex Williams,Duquesne,33,NA,NA,NA,NA,NA
4897387,Allen Strothers,ETSU,34,738,139,109,37,0.554757343550447
4897412,Zander Yates,Liberty,34,NA,NA,NA,NA,NA
4897421,Carter Kingsbury,The Citadel,33,NA,NA,NA,NA,NA
4897432,Sam Hoiberg,Nebraska,35,1131,325,229,60,0.6362568519968677
4897438,Trey Kaufman-Renn,Purdue,39,NA,NA,NA,NA,NA
4897439,Logan Stephens,Southern Utah,32,NA,NA,NA,NA,NA
4897447,Connor Hickman,Charleston,32,NA,NA,NA,NA,NA
4897451,Conor Enright,Indiana,32,959,147,121,29,0.5494916267942584
4897456,Preston Phillips,Pepperdine,32,NA,NA,NA,NA,NA
4897458,Daylen Berry,Winthrop,34,NA,NA,NA,NA,NA
4897465,Quimari Peterson,Washington,33,1020,302,265,32,0.541063494338541
4897466,Cam Crawford,Duquesne,33,NA,NA,NA,NA,NA
4897467,Micah Thomas,N'Western St,32,967,536,412,150,0.5606694560669456
4897474,Ben Schwieger,Northern Iowa,36,1001,349,269,79,0.5744666842243877
4897478,Landon Wolf,Illinois St,36,836,272,195,44,0.6344467251352864
4897479,Michael Duax,FGCU,34,834,262,200,50,0.5900900900900901
4897480,Chase Courbat,Northern Iowa,36,NA,NA,NA,NA,NA
4897481,Foster Wonders,Cleveland St,33,NA,NA,NA,NA,NA
4897482,Scottie Ebube,NC State,34,NA,NA,NA,NA,NA
4897484,Cameron Palesse,Alabama St,32,887,177,172,50,0.45618556701030927
4897485,Preston Ruedinger,Green Bay,33,1166,384,288,76,0.5973120955699353
4897489,Trey Woodyard,Vermont,34,NA,NA,NA,NA,NA
4897501,Will Allen,Louisiana Tech,34,NA,NA,NA,NA,NA
4897502,Chase McKey,W Carolina,31,NA,NA,NA,NA,NA
4897504,Wyatt Fricks,Marshall,32,932,501,344,103,0.643429569505805
4897515,Robert Vaihola,Minnesota,32,NA,NA,NA,NA,NA
4897519,Bryce Zephir,Syracuse,32,NA,NA,NA,NA,NA
4897522,Chris Morgan,Coppin St,31,NA,NA,NA,NA,NA
4897531,Shay Johnson Jr.,Long Beach St,32,NA,NA,NA,NA,NA
4897534,Myron Amey Jr.,LMU,32,975,472,387,83,0.5572346052134493
4897548,Zee Hamoda,Nicholls,33,NA,NA,NA,NA,NA
4897558,Rashad Bolden,C Arkansas,34,NA,NA,NA,NA,NA
4897571,Bryson Spell,Elon,32,NA,NA,NA,NA,NA
4897572,Joseph Venzant,Abilene Chrstn,33,831,145,85,66,0.6357418449666784
4897575,Kezza Giffa,Ole Miss,35,NA,NA,NA,NA,NA
4897583,Grant Asman,Lipscomb,32,891,456,323,82,0.6349559986632506
4897617,Tasos Cook,Campbell,34,NA,NA,NA,NA,NA
4897620,Alex Crawford,Rhode Island,32,622,159,154,43,0.45975017349063146
4897626,Julien Soumaoro,W Carolina,31,NA,NA,NA,NA,NA
4897651,Martin Kawa,Marist,31,NA,NA,NA,NA,NA
4897668,AJ George,Bakersfield,32,NA,NA,NA,NA,NA
4897671,A.J. Neal Jr.,Long Island,35,NA,NA,NA,NA,NA
4897677,Langston Redfield,UC Irvine,35,NA,NA,NA,NA,NA
4897678,Akiva McBirney-Griffin,UC Irvine,35,NA,NA,NA,NA,NA
4897689,Josh Farmer,Texas Southern,30,NA,NA,NA,NA,NA
4897691,Lamin Sabally,Iona,32,NA,NA,NA,NA,NA
4897700,Griffin Barrouk,Sacred Heart,33,NA,NA,NA,NA,NA
4897701,Amar'e Marshall,St Bonaventure,34,NA,NA,NA,NA,NA
4897704,Jaylen Stinson,Merrimack,34,NA,NA,NA,NA,NA
4897708,Maximus Edwards,Duquesne,33,NA,NA,NA,NA,NA
4897711,Tyler Coleman,Towson,34,NA,NA,NA,NA,NA
4897715,Khamari McGriff,Kansas St,32,NA,NA,NA,NA,NA
4897760,Cole Bott,Texas,36,NA,NA,NA,NA,NA
4897761,Corey Perkins,Delaware St,31,NA,NA,NA,NA,NA
4897768,Bryce Harris,Howard,35,1130,604,401,223,0.6050649142490784
4897769,Miles Stewart,Oregon,32,NA,NA,NA,NA,NA
4897772,Kolby Granger,Texas Southern,30,NA,NA,NA,NA,NA
4897773,Kehlin Farooq,Texas Southern,30,NA,NA,NA,NA,NA
4897775,Ethan Duncan,Lipscomb,32,NA,NA,NA,NA,NA
4897777,James Okonkwo,Utah,32,NA,NA,NA,NA,NA
4897807,J'Quan Ewing,Saint Peter's,29,NA,NA,NA,NA,NA
4897854,Michael Folarin,E Texas A&M,32,NA,NA,NA,NA,NA
4897859,Makai Richards,Chattanooga,32,420,110,74,30,0.6307339449541284
4897872,Juan Reyna,Santa Clara,35,NA,NA,NA,NA,NA
4897873,Jayme Mitchell Jr.,Jackson St,33,NA,NA,NA,NA,NA
4897888,Veljko Ilic,Sam Houston,34,825,386,284,111,0.5798581901213796
4897889,Chris Kuzemka,Vermont,34,NA,NA,NA,NA,NA
4897890,Milos Ilic,California,34,588,124,82,42,0.6170382165605095
4897898,Pablo Tamba,LSU,32,916,254,145,112,0.6536956969322627
4897902,Devin Hines,North Florida,32,NA,NA,NA,NA,NA
4897903,Chris Rubayo,Lafayette,32,NA,NA,NA,NA,NA
4897910,Ian Motta,Denver,32,NA,NA,NA,NA,NA
4897923,Patrick McMahon,Montana St,32,NA,NA,NA,NA,NA
4897936,Jayden Jackson,CA Baptist,34,NA,NA,NA,NA,NA
4897938,Diego Campisano,N Arizona,32,NA,NA,NA,NA,NA
4897944,Zach Bloch,N Colorado,32,1040,369,276,53,0.6163971669116665
4897951,Zaire Williams,Mercer,32,913,418,322,73,0.5901954139839602
4897953,Marcus Greene,Fordham,32,NA,NA,NA,NA,NA
4897957,Theo Seng,Troy,34,NA,NA,NA,NA,NA
4897970,Parsa Fallah,Oklahoma St,35,NA,NA,NA,NA,NA
4897973,Raymond Espinal-Guzman,Stonehill,33,795,207,202,49,0.46296296296296297
4897974,Tanner Thomas,LMU,32,NA,NA,NA,NA,NA
4897976,Dola Adebayo,George Mason,33,NA,NA,NA,NA,NA
4897978,Elijah Elliott,New Mexico St,32,NA,NA,NA,NA,NA
4897982,Chance Trujillo,Utah Tech,34,NA,NA,NA,NA,NA
4897987,Andre Washington,E Illinois,33,NA,NA,NA,NA,NA
4898006,Sam Alamutu,Wright St,35,NA,NA,NA,NA,NA
4898010,Jaylin Sellers,Providence,33,991,605,421,149,0.6217116080236764
4898117,Ethan Butler,Charlotte,34,NA,NA,NA,NA,NA
4898118,Isaac Johnson,Hawai'i,33,698,466,305,139,0.6363338431286869
4898165,Imanuel Zorgvol,Youngstown St,32,470,182,115,46,0.6728778467908902
4898169,Mason Gibson,Texas A&M-CC,33,NA,NA,NA,NA,NA
4898189,Cade Haskins,William & Mary,32,541,203,171,34,0.5458163045816304
4898190,Ryan Cornish,USC,32,NA,NA,NA,NA,NA
4898194,Keaton Norris,Samford,32,NA,NA,NA,NA,NA
4898210,Nana Owusu-Anane,Grand Canyon,32,1040,297,242,62,0.5514705882352942
4898212,Jaden Cooper,MD Eastern,32,833,255,221,43,0.5314271423807936
4898222,Louis Lesmond,Fordham,32,NA,NA,NA,NA,NA
4898223,Gus Larson,Queens,35,412,110,75,47,0.5748327759197324
4898226,Ed Holland III,Howard,35,NA,NA,NA,NA,NA
4898228,Rob Brown III,Stony Brook,32,994,344,297,59,0.5325736933366362
4898230,Garrett Johnson,G Washington,35,NA,NA,NA,NA,NA
4898243,Bernie Blunt III,Mercyhurst,34,1049,598,453,170,0.5665024630541873
4898248,Yassine Gharram,Pepperdine,32,NA,NA,NA,NA,NA
4898256,Brent Bland,Saint Peter's,29,961,402,309,106,0.5651782701608368
4898257,Jerry Ngopot,Coastal,32,NA,NA,NA,NA,NA
4898259,Mouhamed Sow,Rhode Island,32,NA,NA,NA,NA,NA
4898278,Nate Johnson,Kansas St,32,1049,408,309,80,0.5926786751888438
4898280,Terrance Jones,Manhattan,32,903,405,333,95,0.5402881536819637
4898283,Boopie Miller,SMU,34,NA,NA,NA,NA,NA
4898292,Luka Savicevic,Lafayette,32,NA,NA,NA,NA,NA
4898293,Mo Njie,UTSA,30,NA,NA,NA,NA,NA
4898315,Julius Rollins,Denver,32,NA,NA,NA,NA,NA
4898333,Montavious Myrick,E Kentucky,32,NA,NA,NA,NA,NA
4898334,Zion Russell,Saint Francis,31,NA,NA,NA,NA,NA
4898338,IJ Ezuma,Southern Miss,35,NA,NA,NA,NA,NA
4898343,Kooper Jacobi,E Illinois,33,1100,365,355,90,0.4624936644703497
4898348,Gus Etchison,Idaho St,33,NA,NA,NA,NA,NA
4898349,Shemani Fuller,Rider,29,622,193,151,69,0.5320908689898544
4898370,Zaakir Williamson,Saint Peter's,29,NA,NA,NA,NA,NA
4898377,Samuel Ariyibi,Utah Tech,34,NA,NA,NA,NA,NA
4898382,Alden Applewhite,GA Southern,37,NA,NA,NA,NA,NA
4899807,Kadar Waller,Bakersfield,32,656,105,96,42,0.45859538784067083
4900669,Ariel Bland,Bethune,32,639,154,106,33,0.6388981081978096
4901166,Tay Smith,N Dakota St,35,692,268,225,17,0.5763936682725396
4901611,Nazareth Fisher,E Illinois,33,NA,NA,NA,NA,NA
4901653,Aryan Arora,Manhattan,32,NA,NA,NA,NA,NA
4901934,Tae Dozier,N Kentucky,34,984,294,220,57,0.5998041455851151
4901961,Christian Coleman,Oklahoma St,35,NA,NA,NA,NA,NA
4902201,Aidan Sevilla,Idaho,35,NA,NA,NA,NA,NA
4902967,Chandler Pigge,Harvard,29,973,375,310,81,0.5424719361185049
4903216,Don McHenry,Utah,32,986,544,417,115,0.58169375534645
4903264,Jake Heidbreder,Fresno St,32,NA,NA,NA,NA,NA
4904206,Kael Robinson,N Kentucky,34,NA,NA,NA,NA,NA
4904792,Francis Okwuosah,W Illinois,31,681,228,199,24,0.5439969459820576
4904924,Corey Dunning,Prairie View,37,NA,NA,NA,NA,NA
4904926,Tracy Steele Jr.,Little Rock,32,NA,NA,NA,NA,NA
4904928,Cory Wells,Prairie View,37,1228,488,417,163,0.4992633818955639
4904931,Lance Williams,Prairie View,37,1319,373,254,146,0.586035696329814
4905250,Mekhi Mason,Wake Forest,35,NA,NA,NA,NA,NA
4905252,Chris Riddle,Toledo,34,NA,NA,NA,NA,NA
4905284,LJ Brown,UTSA,30,NA,NA,NA,NA,NA
4905542,DaMariee Jones,Southern,34,NA,NA,NA,NA,NA
4905915,Greg Spurgin,Bowling Green,32,NA,NA,NA,NA,NA
4906451,Sam Noland,Portland,13,53,9,4,6,0.677710843373494
4906515,Kody Clouet,Winthrop,34,987,470,314,115,0.6445419637959408
4906817,Andrew Cook,E Washington,33,NA,NA,NA,NA,NA
4908501,Trejon Ware,AR-Pine Bluff,32,NA,NA,NA,NA,NA
4909271,Jalen Cooper,E Kentucky,32,NA,NA,NA,NA,NA
4910887,Landon Seaman,Fullerton,34,704,408,281,117,0.6135707410972088
4912212,James Cooper,Georgia St,32,NA,NA,NA,NA,NA
4912455,Braeden Shrewsberry,Notre Dame,31,1013,370,308,54,0.5576320231492645
4915060,John Bol,UCF,33,618,194,113,52,0.7138651751545482
4917097,Robbie Avila,Saint Louis,35,923,448,286,122,0.659444182760245
4917149,Alex Karaban,UConn,40,1373,527,405,87,0.5944324129218553
4917161,Armani Mighty,Mercer,32,996,423,259,165,0.637816646562123
4917385,Justyn Fernandez,Delaware,31,NA,NA,NA,NA,NA
4920142,Harlan Obioha,West Virginia,35,697,178,120,90,0.5576441102756893
4937074,Darrion Williams,NC State,34,NA,NA,NA,NA,NA
5033017,Miro Little,Santa Barbara,32,NA,NA,NA,NA,NA
5037870,Rodney Brown Jr.,LMU,32,NA,NA,NA,NA,NA
5037872,Curtis Givens III,Memphis,32,NA,NA,NA,NA,NA
5037874,Jalen Shelley,LMU,32,NA,NA,NA,NA,NA
5037875,Tyrone Riley IV,San Francisco,33,NA,NA,NA,NA,NA
5037876,Micah Robinson,TCU,35,940,382,293,141,0.53796755295178
5037877,George Turkson Jr.,Maryland,33,NA,NA,NA,NA,NA
5037878,Ugonna Onyenso,Virginia,36,672,234,169,44,0.6211509874708006
5037880,Carey Booth,Colorado St,34,836,363,221,116,0.6671812968681076
5037881,Trent Pierce,Missouri,33,NA,NA,NA,NA,NA
5041934,Danny Carbuccia,UMass,33,912,226,214,67,0.46410382782980125
5041935,Cameron Boozer,Duke,38,1274,855,522,280,0.6625852448853068
5041937,Cayden Boozer,Duke,38,866,291,210,75,0.5987654320987654
5041938,B.J. Davis-Ray,SMU,34,NA,NA,NA,NA,NA
5041940,Francis Chukwudebelu,Santa Clara,35,NA,NA,NA,NA,NA
5041941,Jeremiah Green,Texas A&M,34,NA,NA,NA,NA,NA
5041942,Isiah Harwell,Houston,37,NA,NA,NA,NA,NA
5041945,Bryce Heard,Dayton,37,NA,NA,NA,NA,NA
5041948,Alex Lloyd,Florida,35,NA,NA,NA,NA,NA
5041949,Jamier Jones,Providence,33,NA,NA,NA,NA,NA
5041951,Meleek Thomas,Arkansas,37,1128,579,467,108,0.5626603436212392
5041953,Koa Peat,Arizona,39,NA,NA,NA,NA,NA
5041954,Trey McKenney,Michigan,40,881,397,273,86,0.6385922017758332
5041955,Darryn Peterson,Kansas,35,NA,NA,NA,NA,NA
5041956,Jovani Ruff,California,34,NA,NA,NA,NA,NA
5041957,Aaron Rowe,Missouri,33,NA,NA,NA,NA,NA
5041958,Bryson Tiller,Kansas,35,908,277,227,85,0.5238275340393344
5044426,Flory Bidunga,Kansas,35,1105,464,308,107,0.6533738875746311
5054083,Silas Demary Jr.,UConn,40,NA,NA,NA,NA,NA
5054085,Anthony Robinson II,Missouri,33,891,294,229,109,0.5307625649913346
5060684,Jordan Burks,UCF,33,929,439,330,101,0.5862087383826514
5060685,Keanu Dawes,Utah,32,983,399,271,98,0.6351076021902458
5060688,Jamie Kaiser Jr.,Butler,31,NA,NA,NA,NA,NA
5060690,Spencer Mahoney,Temple,32,NA,NA,NA,NA,NA
5060696,Arrinten Page,Northwestern,34,NA,NA,NA,NA,NA
5060698,Devin Curtis,So Indiana,30,NA,NA,NA,NA,NA
5060699,Rashaud Marshall,Austin Peay,31,906,504,284,196,0.6806395851339672
5060700,Joseph Tugler,Houston,37,869,312,224,75,0.6070038910505836
5060701,Christian Anderson,Texas Tech,34,NA,NA,NA,NA,NA
5060702,Justin Begg,Sam Houston,34,NA,NA,NA,NA,NA
5060703,Elijah Crawford,UIC,35,NA,NA,NA,NA,NA
5060705,Zoom Diallo,Washington,33,976,519,401,126,0.5685303654368592
5060706,Trent Perry,UCLA,36,NA,NA,NA,NA,NA
5060708,John Mobley Jr.,Ohio State,34,NA,NA,NA,NA,NA
5060709,Robert Wright III,BYU,35,1222,632,488,145,0.5726712577020661
5060710,Jared Harris,Wyoming,33,NA,NA,NA,NA,NA
5060712,Terrence Hill Jr.,VCU,36,903,539,369,135,0.6290849673202614
5060718,Jaye Nash,Jax State,32,824,164,134,104,0.4561637739207833
5060721,Nick Janowski,St Thomas (MN),34,1072,549,416,117,0.5871908958672029
5060723,Moses Hipps,Drexel,33,NA,NA,NA,NA,NA
5060724,AJ Bates,Louisiana Tech,34,1135,410,378,120,0.47585886722376974
5060727,Tyler Thompson,Montana,34,NA,NA,NA,NA,NA
5060728,Brandin Cummings,Pitt,33,NA,NA,NA,NA,NA
5060729,Josiah Cunningham,Columbia,28,NA,NA,NA,NA,NA
5060730,Jaeden Mustaf,Georgia Tech,31,NA,NA,NA,NA,NA
5060731,Jaxon Prunty,Charleston,32,524,123,96,56,0.5097811671087533
5060732,Billy Richmond III,Arkansas,37,1022,413,302,74,0.6172285987565758
5060733,Divine Ugochukwu,Michigan St,35,NA,NA,NA,NA,NA
5061569,Caleb Williams,Georgetown,34,NA,NA,NA,NA,NA
5061572,Robert Hinton,Harvard,29,970,486,381,105,0.5688202247191011
5061574,Jaden Goodall,San José St,33,NA,NA,NA,NA,NA
5061576,Dylan Grant,Rutgers,34,818,324,252,110,0.5392809587217045
5061578,Chris McDermott,Texas A&M,34,NA,NA,NA,NA,NA
5061579,Dylan Warlick,Saint Louis,35,NA,NA,NA,NA,NA
5061581,Luke Bamgboye,Texas Tech,34,NA,NA,NA,NA,NA
5061582,Raleigh Burgess,Purdue,39,NA,NA,NA,NA,NA
5061583,Malick Diallo,TCU,35,NA,NA,NA,NA,NA
5061584,Pharaoh Compton,San Diego St,33,456,247,140,72,0.7193616029822926
5061585,Isaiah Evans,Duke,38,1075,571,430,114,0.5945934688437188
5061587,Miles Goodman,UT Arlington,32,NA,NA,NA,NA,NA
5061591,Jackson McAndrew,Creighton,34,NA,NA,NA,NA,NA
5061592,Peyton Marshall,Georgia Tech,31,NA,NA,NA,NA,NA
5061595,Damarius Owens,Marquette,32,NA,NA,NA,NA,NA
5061596,Robert Miller III,LSU,32,NA,NA,NA,NA,NA
5061597,Jaden Smith,Saint Joseph's,36,328,100,70,49,0.54608999563128
5061598,JT Rock,New Mexico,37,473,231,156,59,0.6347548911848758
5061599,Steven Solano,Saint Joseph's,36,NA,NA,NA,NA,NA
5061602,Kany Tchanda,Boston College,31,NA,NA,NA,NA,NA
5061605,Jaden Steppe,Montana St,32,502,180,135,32,0.6037027099543869
5061606,Sammie Yeanay,California,34,NA,NA,NA,NA,NA
5061607,Jaheem Webber,S Illinois,32,NA,NA,NA,NA,NA
5070505,Kaden Cooper,Louisiana Tech,34,NA,NA,NA,NA,NA
5070506,Kordel Jefferson,Houston,37,NA,NA,NA,NA,NA
5074087,Elijah Moore,Utah,19,NA,NA,NA,NA,NA
5075230,Fedor Zugic,Creighton,34,551,176,147,40,0.534629404617254
5075625,Keyshawn Hall,Auburn,38,NA,NA,NA,NA,NA
5075626,Baba Miller,Cincinnati,33,NA,NA,NA,NA,NA
5077373,Garwey Dual,McNeese,34,903,285,226,72,0.5530114871158025
5079838,Blake Buchanan,Iowa State,37,907,315,217,79,0.6255958055290753
5080489,Thomas Haugh,Florida,35,NA,NA,NA,NA,NA
5080790,Elijah Gertrude,Virginia,36,NA,NA,NA,NA,NA
5081348,Chris Nwuli,Rutgers,34,NA,NA,NA,NA,NA
5081887,Andrew Meadow,Boise St,32,959,386,261,116,0.6185104473785412
5082206,Brayden Burries,Arizona,39,1160,626,428,169,0.623059160761207
5082287,Bryce James,Arizona,39,NA,NA,NA,NA,NA
5082704,Drew Fielder,Boise St,32,757,471,309,121,0.6501214664310954
5086370,Gehrig Normand,Santa Clara,35,NA,NA,NA,NA,NA
5093142,J.P. Estrella,Tennessee,37,NA,NA,NA,NA,NA
5093143,Ace Flagg,Maine,32,775,213,164,66,0.5516991297140489
5093250,Jordan Clayton,Northwestern,34,NA,NA,NA,NA,NA
5093252,Eian Elmer,Miami OH,34,1031,431,285,99,0.6558923788653518
5093253,Kyan Evans,North Carolina,33,580,131,137,13,0.45894058295964124
5093254,Joey Hart,Ball State,31,NA,NA,NA,NA,NA
5093264,Eli Rice,Penn State,32,NA,NA,NA,NA,NA
5093265,Arden Conyers,Charlotte,34,NA,NA,NA,NA,NA
5093266,Josiah Dotzler,South Dakota,32,NA,NA,NA,NA,NA
5093403,Isaiah Abraham,Georgetown,34,NA,NA,NA,NA,NA
5095062,Jacob McFarland,Houston,37,NA,NA,NA,NA,NA
5095063,Paul Djobet,Omaha,33,NA,NA,NA,NA,NA
5095151,Caleb Wilson,North Carolina,33,NA,NA,NA,NA,NA
5095152,Tounde Yessoufou,Baylor,34,1111,605,486,134,0.5550866118614209
5095153,Jasper Johnson,Kentucky,36,NA,NA,NA,NA,NA
5095154,Sebastian Williams-Adams,Auburn,38,1040,267,186,129,0.5499258526940188
5095155,Derrion Reid,Oklahoma,37,1018,433,273,159,0.6312689526475391
5101623,Markus Burton,Notre Dame,31,NA,NA,NA,NA,NA
5101624,Brooklyn Hicks,Montana,34,752,305,236,60,0.5811737804878049
5101648,Bishop Boswell,Tennessee,37,NA,NA,NA,NA,NA
5101649,Redd Thompson Jr.,Longwood,32,706,331,262,83,0.5544017151279647
5101650,K.J. Windham,Northwestern,34,NA,NA,NA,NA,NA
5101651,Daquan Davis,Providence,33,NA,NA,NA,NA,NA
5101653,Luke Skaljac,Miami OH,34,NA,NA,NA,NA,NA
5101654,Jace Posey,TCU,35,NA,NA,NA,NA,NA
5101655,Liam Campbell,Saint Mary's,33,486,162,102,40,0.677257525083612
5101656,Jalil Bethea,Alabama,35,NA,NA,NA,NA,NA
5101657,Cameron Patterson,Texas Southern,30,NA,NA,NA,NA,NA
5101658,Gicarri Harris,Purdue,39,618,178,142,36,0.56386213887481
5101660,Chase McCarty,Houston,37,NA,NA,NA,NA,NA
5101661,Rakease Passmore,Maryland,33,NA,NA,NA,NA,NA
5101664,Nojus Indrusaitis,Pitt,33,779,300,263,52,0.5246956765076256
5101666,Dillon Tingler,Drexel,33,NA,NA,NA,NA,NA
5101667,Ramone Seals,Kennesaw St,35,NA,NA,NA,NA,NA
5101668,Kayvaun Mulready,Georgetown,34,NA,NA,NA,NA,NA
5101669,Jonathan Powell,North Carolina,33,540,158,139,29,0.5205587770163417
5101672,Daniel Freitag,Buffalo,32,NA,NA,NA,NA,NA
5101673,Jovan Milicevic,Xavier,33,862,408,318,81,0.5768578215134035
5101675,Colin White,Ohio State,34,NA,NA,NA,NA,NA
5101676,Royce Parham,Marquette,32,NA,NA,NA,NA,NA
5101681,Malcolm Thomas,Dayton,37,NA,NA,NA,NA,NA
5101686,Godswill Erheriene,Seton Hall,33,NA,NA,NA,NA,NA
5101689,Lathan Sommerville,Washington,33,NA,NA,NA,NA,NA
5101691,Ian Smikle,Tulsa,38,523,117,90,54,0.5142405063291139
5101692,Jamie Vinson,Texas A&M,34,NA,NA,NA,NA,NA
5101761,Mikel Brown Jr.,Louisville,35,NA,NA,NA,NA,NA
5101762,Jerry Easter II,USC,32,NA,NA,NA,NA,NA
5101764,Carlsheon Young,Pacific,33,NA,NA,NA,NA,NA
5101765,Gavin Hightower,South Florida,34,NA,NA,NA,NA,NA
5101766,JJ Mandaquit,Washington,33,NA,NA,NA,NA,NA
5101768,Isaiah Campbell-Finch,Samford,32,NA,NA,NA,NA,NA
5101771,Olin Chamberlain Jr.,Temple,32,NA,NA,NA,NA,NA
5101772,Arness Lawson,Duquesne,33,NA,NA,NA,NA,NA
5101773,Ty Price,UT Martin,33,NA,NA,NA,NA,NA
5101774,Eli Ellis,South Carolina,32,NA,NA,NA,NA,NA
5101776,Jalen Reece,LSU,32,760,185,179,47,0.4632411858974359
5101777,Jaron McKie,Dayton,37,NA,NA,NA,NA,NA
5101782,Melvin Bell Jr.,San José St,33,1103,286,226,133,0.5026008716434698
5101784,Akai Fleming,Georgia Tech,31,NA,NA,NA,NA,NA
5101787,Kayden Edwards,TCU,35,NA,NA,NA,NA,NA
5101788,Hudson Greer,Creighton,34,NA,NA,NA,NA,NA
5101794,Montana Wheeler,Bradley,34,758,289,237,73,0.536935196195006
5101796,Azavier Robinson,Butler,32,NA,NA,NA,NA,NA
5101797,Isaiah Sealy,Arkansas,37,NA,NA,NA,NA,NA
5101798,Cam Ward,Michigan St,35,NA,NA,NA,NA,NA
5101799,Legend Smiley,San Francisco,33,704,266,193,40,0.6315289648622983
5101805,Davion Hannah,Alabama,35,NA,NA,NA,NA,NA
5101806,Salim London,UAB,32,627,156,144,45,0.47619047619047616
5101807,DeMarco Johnson,Elon,32,NA,NA,NA,NA,NA
5101808,Kaden Magwood,Auburn,38,NA,NA,NA,NA,NA
5101809,Shelton Henderson,Miami,35,1094,484,335,158,0.5982398892514585
5101811,Dorian Jones,Rutgers,34,NA,NA,NA,NA,NA
5101818,O'Marion Harvey,Monmouth,34,NA,NA,NA,NA,NA
5101820,Braydon Hawthorne,Kentucky,36,NA,NA,NA,NA,NA
5101821,Treyvon Maddox,Miami,35,NA,NA,NA,NA,NA
5101822,Chuck Love,Loyola Chicago,33,NA,NA,NA,NA,NA
5101824,Cameren Paul,Mississippi St,32,NA,NA,NA,NA,NA
5101825,Terrion Burgess,Little Rock,32,NA,NA,NA,NA,NA
5101826,Kaidon Rayfield,UTSA,30,NA,NA,NA,NA,NA
5101827,Trent Sisley,Indiana,32,NA,NA,NA,NA,NA
5101828,Nigel Walls,SMU,34,NA,NA,NA,NA,NA
5101830,Tee Bartlett,Mississippi St,32,NA,NA,NA,NA,NA
5101831,Sadiq White Jr.,Syracuse,32,NA,NA,NA,NA,NA
5101832,Jaion Pitt,Pacific,33,570,154,93,41,0.6934438040345822
5101833,Amari Allen,Alabama,35,NA,NA,NA,NA,NA
5101834,Dallas Washington,Long Beach St,32,NA,NA,NA,NA,NA
5101835,Jack McCaffery,Butler,32,NA,NA,NA,NA,NA
5101837,Alejandro Aviles,San Diego,33,NA,NA,NA,NA,NA
5101840,Jaden Toombs,SMU,34,NA,NA,NA,NA,NA
5101841,Gevonte Ware,Rutgers,34,NA,NA,NA,NA,NA
5101843,Dwayne Wimbley Jr.,UMass,33,463,76,97,16,0.36524413687043444
5101844,Kai Rogers,Oklahoma,37,NA,NA,NA,NA,NA
5101845,Jayden Quaintance,Kentucky,36,NA,NA,NA,NA,NA
5101846,EJ Walker,South Carolina,32,NA,NA,NA,NA,NA
5101848,Ashton Magee,Southern,34,NA,NA,NA,NA,NA
5101849,Malachi Moreno,Kentucky,36,815,280,165,126,0.6350934494647069
5101850,Christian Gurdak,Virginia Tech,32,NA,NA,NA,NA,NA
5101852,Shon Abaev,Cincinnati,33,NA,NA,NA,NA,NA
5101856,Xzavion Mitchell,Iowa State,37,NA,NA,NA,NA,NA
5101858,Zymicah Wilkins,NC State,34,NA,NA,NA,NA,NA
5101859,Jackson Keith,Butler,32,NA,NA,NA,NA,NA
5101865,Connor Dow,Oral Roberts,33,1051,414,335,65,0.5693069306930693
5102618,Jack Benter,Purdue,39,NA,NA,NA,NA,NA
5102797,Youssouf Singare,High Point,36,NA,NA,NA,NA,NA
5102798,James Scott,Ole Miss,35,625,136,85,24,0.7115948095437421
5102799,Mayar Wol,Bowling Green,32,640,335,247,63,0.609711706464764
5103571,Jamari McDowell,Kansas,35,605,117,100,24,0.5291244573082489
5103584,Kayden Fish,Ball State,31,NA,NA,NA,NA,NA
5103589,Brock Harding,TCU,35,1112,281,277,65,0.4597513089005235
5103590,Brandon Rechsteiner,Colorado St,34,942,408,315,47,0.607721639656816
5103628,Macaleab Rich,UTSA,30,NA,NA,NA,NA,NA
5103630,John Blackwell,Wisconsin,35,NA,NA,NA,NA,NA
5103631,Boden Kapke,Boston College,31,831,330,259,75,0.565068493150685
5103832,Comeh Emuobor,New Hampshire,30,NA,NA,NA,NA,NA
5104196,Karris Bilal,Louisiana,33,NA,NA,NA,NA,NA
5104203,London Johnson,Louisville,23,NA,NA,NA,NA,NA
5105279,Paul Lewis,James Madison,33,NA,NA,NA,NA,NA
5105280,Adrian Samuels,American,32,NA,NA,NA,NA,NA
5105281,Miles Keeffe,Vanderbilt,36,NA,NA,NA,NA,NA
5105282,Grant Darbyshire,Cincinnati,33,NA,NA,NA,NA,NA
5105283,Walker Horn,Kentucky,36,NA,NA,NA,NA,NA
5105337,Maliq Brown,Duke,38,769,188,132,34,0.6396298312465977
5105342,Owen Kmety,Wake Forest,29,NA,NA,NA,NA,NA
5105401,MJ Collins Jr.,Utah State,36,1108,630,435,153,0.6270903010033445
5105402,Darren Buchanan Jr.,Rutgers,34,816,277,224,100,0.5167910447761194
5105410,Guillermo Diaz Graham,San Francisco,33,566,171,127,55,0.5654761904761905
5105411,Jorge Diaz Graham,Oregon St,33,NA,NA,NA,NA,NA
5105412,Federiko Federiko,Texas A&M,34,NA,NA,NA,NA,NA
5105414,Bendji Pierre,Mercer,32,NA,NA,NA,NA,NA
5105415,Neel Beniwal,San Diego,33,NA,NA,NA,NA,NA
5105416,Emmanuel Callas,San Diego,33,NA,NA,NA,NA,NA
5105417,Steven Jamerson II,UCLA,36,NA,NA,NA,NA,NA
5105418,Harry Wessels,Saint Mary's,33,NA,NA,NA,NA,NA
5105419,Cade Bennett,Saint Mary's,33,NA,NA,NA,NA,NA
5105421,Kevin Gad,Saint Mary's,33,NA,NA,NA,NA,NA
5105426,Bol Dengdit,UC San Diego,34,796,365,278,112,0.5576264971889514
5105430,Jordan Snell,NC State,34,NA,NA,NA,NA,NA
5105431,Devin Ree,Jackson St,33,687,179,171,34,0.4812862981286298
5105432,Cyril Martynov,FDU,32,819,259,192,97,0.5518152377705812
5105444,Christian Reeves,Charleston,32,NA,NA,NA,NA,NA
5105445,Dillon Hunter,Clemson,35,1002,264,214,70,0.5392156862745098
5105446,Chauncey Gibson,Chicago St,32,NA,NA,NA,NA,NA
5105448,Chauncey Wiggins,Florida St,33,NA,NA,NA,NA,NA
5105449,RJ Godfrey,Clemson,35,881,421,265,144,0.6410646851017175
5105453,Jalen Pitre,Tennessee St,33,803,210,130,56,0.6789963786859804
5105454,Malik Messina-Moore,Xavier,33,1097,360,304,95,0.5205320994794679
5105455,Cord Stansberry,W Carolina,31,NA,NA,NA,NA,NA
5105456,David Mager,Pepperdine,32,NA,NA,NA,NA,NA
5105457,Maurice Odum,Arizona St,33,1116,541,414,140,0.5687552565180823
5105458,Cam Denson,Ball State,31,NA,NA,NA,NA,NA
5105459,Chance Stephens,Minnesota,32,NA,NA,NA,NA,NA
5105461,Tanner Toolson,TCU,35,733,269,230,95,0.49484915378955113
5105462,Richie Saunders,BYU,35,NA,NA,NA,NA,NA
5105463,Tanner Hayhurst,Southern Utah,32,NA,NA,NA,NA,NA
5105464,Dallin Hall,Virginia,36,1024,214,172,48,0.554059652029826
5105466,Jared McGregor,BYU,35,NA,NA,NA,NA,NA
5105468,Trevan Leonhardt,Utah Valley,34,1173,403,293,86,0.6090557369121025
5105470,Joao Das Chagas,UAB,32,NA,NA,NA,NA,NA
5105471,Ethan Potter,Utah Tech,34,1061,572,378,146,0.6467076700434153
5105472,Isaac Finlinson,Hawai'i,33,748,303,207,102,0.6014768937589329
5105478,Asjon Anderson,Alabama St,32,NA,NA,NA,NA,NA
5105481,Will Johnston,Richmond,32,879,311,259,61,0.544010635320459
5105485,Isaiah Barganier,Texas St,32,NA,NA,NA,NA,NA
5105486,Chendall Weaver,Texas,36,751,210,169,70,0.5255255255255254
5105487,Brandon Walker,Mississippi St,32,NA,NA,NA,NA,NA
5105493,Dario Domingos,Utah Tech,34,NA,NA,NA,NA,NA
5105494,Drake Allen,Utah State,36,NA,NA,NA,NA,NA
5105495,Braden Housley,Utah Valley,34,NA,NA,NA,NA,NA
5105514,Kai Spears,Marshall,32,NA,NA,NA,NA,NA
5105524,Presley Patterson,Rice,31,NA,NA,NA,NA,NA
5105527,Denzel Aberdeen,Kentucky,36,1100,485,374,124,0.5658484226246033
5105528,Aleks Szymczyk,CSU Northridge,34,NA,NA,NA,NA,NA
5105529,Riley Kugel,UCF,33,NA,NA,NA,NA,NA
5105530,Brandon Klatsky,Georgia,33,NA,NA,NA,NA,NA
5105531,KyeRon Lindsay-Martin,UAB,32,NA,NA,NA,NA,NA
5105532,Jaden Newell,Georgia,33,NA,NA,NA,NA,NA
5105533,Corneilous Williams,North Alabama,30,NA,NA,NA,NA,NA
5105534,Jalen Reed,LSU,32,NA,NA,NA,NA,NA
5105536,Austin Montgomery,Georgetown,34,NA,NA,NA,NA,NA
5105537,Shawn Phillips Jr.,Missouri,33,NA,NA,NA,NA,NA
5105538,Kimani Hamilton,UNLV,35,1027,449,325,143,0.5787275726954011
5105539,MJ Russell,UL Monroe,32,1141,491,436,113,0.5054352301737627
5105540,Shawn Jones Jr.,Mississippi St,32,NA,NA,NA,NA,NA
5105542,Jackson Francois,Arizona,39,NA,NA,NA,NA,NA
5105543,Aidan Shaw,Boston College,31,789,140,104,50,0.5555555555555556
5105544,Amaree Abram,Tennessee,37,NA,NA,NA,NA,NA
5105545,TJ Caldwell,Arkansas St,32,647,300,235,87,0.5488875878220141
5105546,Malique Ewin,Arkansas,37,776,364,222,134,0.6477790432801823
5105547,Robert Cowherd,Southern Miss,35,NA,NA,NA,NA,NA
5105548,Zach Davis,Memphis,32,NA,NA,NA,NA,NA
5105549,Eli Sparkman,South Carolina,32,NA,NA,NA,NA,NA
5105551,Daniel Hankins-Sanford,UMass,33,NA,NA,NA,NA,NA
5105552,B.J. Edwards,SMU,34,NA,NA,NA,NA,NA
5105555,Tobe Awaka,Arizona,39,809,362,223,148,0.6282104678606136
5105560,Erik Pratt,Stony Brook,32,NA,NA,NA,NA,NA
5105561,Jordan Williams,Rice,31,NA,NA,NA,NA,NA
5105562,Solomon Washington,Maryland,33,NA,NA,NA,NA,NA
5105563,Jaelyn Lee,Texas St,32,NA,NA,NA,NA,NA
5105566,Apostolos Roumoglou,Richmond,32,NA,NA,NA,NA,NA
5105569,Filip Borovicanin,Xavier,33,1028,358,307,63,0.5347753346080305
5105571,Henri Veesaar,North Carolina,33,NA,NA,NA,NA,NA
5105576,Malcolm Flaggs,Villanova,33,NA,NA,NA,NA,NA
5105577,Jasen Green,Creighton,34,NA,NA,NA,NA,NA
5105578,Ben Shtolzberg,Murray St,33,NA,NA,NA,NA,NA
5105580,Fred King,Murray St,33,NA,NA,NA,NA,NA
5105581,Zion Cruz,Rider,29,NA,NA,NA,NA,NA
5105587,Grant Newell,Western KY,32,829,416,321,134,0.547426044846826
5105588,ND Okafor,Washington St,32,742,352,252,90,0.6035665294924554
5105589,Brendan Hausen,Iowa,37,NA,NA,NA,NA,NA
5105593,Jaquan Sanders,Florida A&M,31,NA,NA,NA,NA,NA
5105594,Tae Davis,Oklahoma,37,1098,482,360,158,0.5610914509219594
5105596,Denver Anglin,Iona,32,NA,NA,NA,NA,NA
5105598,Chase Ross,Marquette,32,1053,456,363,155,0.5287569573283859
5105599,Ben Gold,Marquette,32,NA,NA,NA,NA,NA
5105600,Sean Jones,Marquette,32,NA,NA,NA,NA,NA
5105602,Jonah Lucas,Marquette,32,NA,NA,NA,NA,NA
5105603,AJ Storr,Ole Miss,35,919,543,435,143,0.5452683161953727
5105604,Kolby King,Utah State,36,693,270,176,75,0.645933014354067
5105605,Mohamed Keita,Temple,32,NA,NA,NA,NA,NA
5105606,Desmond Claude,Washington,33,NA,NA,NA,NA,NA
5105607,Kam Craft,Georgia Tech,31,NA,NA,NA,NA,NA
5105608,Michael Wolf,Xavier,33,NA,NA,NA,NA,NA
5105609,Ian Sabourin,Xavier,33,NA,NA,NA,NA,NA
5105612,RJ Smith,DePaul,32,885,212,194,44,0.4968128983877015
5105613,Joe Hurlburt,Davidson,34,NA,NA,NA,NA,NA
5105615,Harrison Carrington,UC Irvine,35,596,296,192,101,0.6259516156318727
5105618,Quante Berry,Memphis,32,NA,NA,NA,NA,NA
5105619,Jayden Pierre,TCU,35,1065,355,309,55,0.5327130852340937
5105622,Brennan Rigsby Jr.,Radford,32,609,148,135,24,0.5083814234679856
5105624,Jordan Pope,Texas,36,1045,472,378,100,0.5592417061611374
5105625,Nick Krass,Nicholls,33,NA,NA,NA,NA,NA
5105626,Tyler Bilodeau,UCLA,36,NA,NA,NA,NA,NA
5105627,Michael Rataj,Baylor,34,787,246,208,82,0.5039331366764995
5105631,KC Ibekwe,Pacific,33,NA,NA,NA,NA,NA
5105632,Ryan Agarwal,Stanford,33,NA,NA,NA,NA,NA
5105633,Benny Gealer,Stanford,33,974,361,257,57,0.6398893930799774
5105634,Jaylen Thompson,Stanford,33,NA,NA,NA,NA,NA
5105636,Dylan Andrews,Boise St,32,936,399,300,141,0.5510440835266821
5105639,Evan Manjikian,UCLA,36,NA,NA,NA,NA,NA
5105640,Jack Seidler,UCLA,36,NA,NA,NA,NA,NA
5105641,Vince Iwuchukwu,Georgetown,34,NA,NA,NA,NA,NA
5105642,Oziyah Sellers,St John's,37,1059,382,319,64,0.550178592003687
5105643,Tre White,Kansas,35,1096,473,327,141,0.6079066419905408
5105645,Iaroslav Niagu,Jax State,32,NA,NA,NA,NA,NA
5105646,Wilguens Jr. Exacte,Drake,34,NA,NA,NA,NA,NA
5105647,Keba Keita,BYU,35,NA,NA,NA,NA,NA
5105648,Luka Tarlac,Cal Poly,33,NA,NA,NA,NA,NA
5105649,Koren Johnson,Ole Miss,35,NA,NA,NA,NA,NA
5105650,Tyler Linhardt,Idaho,36,NA,NA,NA,NA,NA
5105657,AJ Rohosy,Stanford,33,675,252,202,74,0.5371759890859481
5105658,Dylan Darling,St John's,37,NA,NA,NA,NA,NA
5105659,Kymany Houinsou,Loyola Chicago,33,NA,NA,NA,NA,NA
5105660,Geoff Sprouse,American,32,859,294,242,24,0.582039911308204
5105662,Jermaine Ballisager Webb,Portland,34,674,302,197,107,0.6186496230744019
5105665,Ben Roy,Boston U,34,NA,NA,NA,NA,NA
5105666,Otto Landrum,Boston U,34,NA,NA,NA,NA,NA
5105667,Brady Muller,Bucknell,33,NA,NA,NA,NA,NA
5105668,Noah Williamson,Alabama,35,NA,NA,NA,NA,NA
5105669,Josh Fulton,Bucknell,33,NA,NA,NA,NA,NA
5105670,Ruot Bijiek,Bucknell,33,NA,NA,NA,NA,NA
5105671,Brady Cummins,Colgate,33,NA,NA,NA,NA,NA
5105672,Braeden Smith,Gonzaga,35,600,178,137,41,0.574045407636739
5105673,Ben Capron,Holy Cross,33,NA,NA,NA,NA,NA
5105674,Jaden Kirkwood,Holy Cross,33,NA,NA,NA,NA,NA
5105675,William Batchelder,Stonehill,33,NA,NA,NA,NA,NA
5105678,Ryan Pettit,Lafayette,32,NA,NA,NA,NA,NA
5105681,Josh Rivera,Seton Hall,33,NA,NA,NA,NA,NA
5105682,Brendan Reed,Lehigh,35,NA,NA,NA,NA,NA
5105683,Bube Momah,Lehigh,35,NA,NA,NA,NA,NA
5105684,Henri Adiassa,Lehigh,35,NA,NA,NA,NA,NA
5105685,Tommy Conniff,Lehigh,35,NA,NA,NA,NA,NA
5105688,Garrett Brennan,Loyola MD,32,NA,NA,NA,NA,NA
5105689,Tyson Commander,Loyola MD,32,NA,NA,NA,NA,NA
5105691,Austin Benigni,Navy,34,1229,612,443,200,0.576271186440678
5105693,Cam Cormany,Navy,34,NA,NA,NA,NA,NA
5105694,Mike Woods,Navy,34,760,223,185,51,0.5375048206710374
5105695,Sam Krist,Navy,34,NA,NA,NA,NA,NA
5105698,Aidan Kehoe,Navy,34,1142,517,301,164,0.692732340015007
5105717,Khalil Farmer,UMass Lowell,33,467,125,111,47,0.4746354799513973
5105719,German Plotnikov,Hofstra,35,NA,NA,NA,NA,NA
5105758,Jordan Crawford,South Dakota,32,997,461,372,102,0.5529169065438495
5105760,Khalil London,Tennessee St,33,NA,NA,NA,NA,NA
5105765,Spencer Legg,Louisville,35,NA,NA,NA,NA,NA
5105771,Cavan Reilly,Delaware,31,NA,NA,NA,NA,NA
5105772,Houston Emory,Delaware,31,NA,NA,NA,NA,NA
5105778,Shane Blakeney,Drexel,33,1112,467,418,79,0.5157257708278117
5105779,Kobe MaGee,Florida St,33,652,262,218,58,0.5379434954007885
5105780,Justin Moore,Loyola Chicago,33,NA,NA,NA,NA,NA
5105781,Garfield Turner,Drexel,33,NA,NA,NA,NA,NA
5105782,Cole Hargrove,Providence,33,NA,NA,NA,NA,NA
5105783,Max Davis,Drexel,33,NA,NA,NA,NA,NA
5105785,Max Mackinnon,LSU,32,NA,NA,NA,NA,NA
5105787,LA Pratt,Northeastern,31,NA,NA,NA,NA,NA
5105788,Austin Williams,Elon,32,NA,NA,NA,NA,NA
5105790,Sencire Harris,Cincinnati,33,NA,NA,NA,NA,NA
5105791,Jayden Epps,Mississippi St,32,NA,NA,NA,NA,NA
5105792,Ty Rodgers,Illinois,37,NA,NA,NA,NA,NA
5105794,Skyy Clark,UCLA,36,NA,NA,NA,NA,NA
5105795,Kaleb Banks,DePaul,32,NA,NA,NA,NA,NA
5105796,CJ Gunn,DePaul,32,885,420,383,80,0.5021520803443329
5105798,Malik Reneau,Miami,35,1015,662,437,208,0.6262771512903959
5105799,Amarion Nimmers,FIU,32,NA,NA,NA,NA,NA
5105800,Josh Dix,Creighton,34,1120,449,374,60,0.5606893106893107
5105801,Dasonte Bowen,St Bonaventure,34,NA,NA,NA,NA,NA
5105803,Noah Batchelor,Buffalo,32,985,235,158,26,0.6934608120868744
5105804,Caelum Swanton-Rodger,Old Dominion,33,NA,NA,NA,NA,NA
5105805,Dug McDaniel,Memphis,32,1102,446,407,73,0.5078338495172162
5105809,Tarris Reed Jr.,UConn,40,NA,NA,NA,NA,NA
5105811,Dan Skillings Jr.,Baylor,34,NA,NA,NA,NA,NA
5105815,Jaxon Kohler,Michigan St,35,971,439,328,61,0.6185886596776012
5105816,Tre Holloman,NC State,34,NA,NA,NA,NA,NA
5105817,Carson Cooper,Michigan St,35,935,387,231,146,0.6553989974258231
5105818,Nick Sanders,Michigan St,35,NA,NA,NA,NA,NA
5105819,Kadyn Betts,Montana,34,NA,NA,NA,NA,NA
5105820,Braeden Carrington,Wisconsin,35,NA,NA,NA,NA,NA
5105821,Jaden Henley,Grand Canyon,32,1007,566,406,205,0.5703345425231762
5105822,Joshua Ola-Joseph,Loyola Chicago,33,NA,NA,NA,NA,NA
5105823,Pharrel Payne,Maryland,33,NA,NA,NA,NA,NA
5105824,Ramel Lloyd Jr.,AR-Pine Bluff,32,NA,NA,NA,NA,NA
5105825,Jamarques Lawrence,Nebraska,35,978,342,271,78,0.560068125245644
5105826,Blaise Keita,Western KY,32,NA,NA,NA,NA,NA
5105827,Cale Jacobsen,Nebraska,35,690,162,117,42,0.5978742249778566
5105828,Henry Burt,Nebraska,35,NA,NA,NA,NA,NA
5105832,Nick Martinelli,Northwestern,34,NA,NA,NA,NA,NA
5105833,Luke Hunger,G Washington,35,NA,NA,NA,NA,NA
5105834,Blake Smith,Northwestern,34,NA,NA,NA,NA,NA
5105835,Gus Hurlburt,Northwestern,34,NA,NA,NA,NA,NA
5105836,Roddy Gayle Jr.,Michigan,40,NA,NA,NA,NA,NA
5105837,Bruce Thornton,Ohio State,34,1243,677,428,170,0.6732299124900557
5105840,Bowen Hardman,Akron,35,645,267,211,24,0.6025455858458205
5105841,Felix Okpara,Tennessee,37,NA,NA,NA,NA,NA
5105844,Kanye Clary,Oklahoma St,35,NA,NA,NA,NA,NA
5105845,Kebba Njie,Notre Dame,31,NA,NA,NA,NA,NA
5105846,Jameel Brown,Delaware,31,NA,NA,NA,NA,NA
5105847,Evan Mahaffey,Akron,35,999,356,263,66,0.609505547185317
5105848,Demetrius Lilley,Binghamton,31,NA,NA,NA,NA,NA
5105853,Fletcher Loyer,Purdue,39,1141,548,369,119,0.6502752990317069
5105854,Braden Smith,Purdue,39,1344,557,448,120,0.5561102236421726
5105855,Camden Heide,Texas,36,NA,NA,NA,NA,NA
5105856,Sam King,Purdue,39,NA,NA,NA,NA,NA
5105857,Will Berg,Wichita St,36,NA,NA,NA,NA,NA
5105858,Derek Simpson,Saint Joseph's,36,1220,496,404,108,0.5492558469170801
5105859,Antwone Woolfolk,Miami OH,34,NA,NA,NA,NA,NA
5105860,Antonio Chol,New Mexico,37,896,284,266,30,0.5085959885386819
5105861,Connor Essegian,Nebraska,35,NA,NA,NA,NA,NA
5105862,Luke Haertle,S Dakota St,32,NA,NA,NA,NA,NA
5105863,Isaac Gard,Wisconsin,35,NA,NA,NA,NA,NA
5105864,Ross Candelino,Lipscomb,32,NA,NA,NA,NA,NA
5105865,Reed Bailey,Indiana,32,613,267,135,148,0.6670997401559065
5105866,Sean Logan,Davidson,34,NA,NA,NA,NA,NA
5105870,Brock Matheny,Davidson,34,NA,NA,NA,NA,NA
5105875,Mike Sharavjamts,South Carolina,32,950,349,247,89,0.6097987140061504
5105876,Lamar Wilkerson,Indiana,32,1087,669,490,125,0.6137614678899083
5105877,Anthony Wrzeszcz,New Mexico St,32,787,237,205,40,0.532345013477089
5105881,David Dixon,Duquesne,33,740,270,171,85,0.6477927063339731
5105882,Chabi Barre,Akron,35,NA,NA,NA,NA,NA
5105883,Matúš Hronský,Portland,34,NA,NA,NA,NA,NA
5105884,Devin Carney,Denver,32,NA,NA,NA,NA,NA
5105885,Kareem Rozier,Winthrop,34,NA,NA,NA,NA,NA
5105887,Will Richardson,UAlbany,32,NA,NA,NA,NA,NA
5105888,Noah Best,Fairfield,34,NA,NA,NA,NA,NA
5105889,Angel Montas Jr.,UMass Lowell,33,NA,NA,NA,NA,NA
5105890,Romad Dean,Tulsa,38,608,184,132,31,0.631694589398517
5105894,Elijah Gray,Wisconsin,35,NA,NA,NA,NA,NA
5105895,Devin Dinkins,Manhattan,32,1074,388,299,139,0.5386494891159485
5105896,Peter Oduro,Hampton,32,NA,NA,NA,NA,NA
5105901,Ryan Zan,Fairfield,34,NA,NA,NA,NA,NA
5105904,Rokas Jocius,LMU,32,400,103,77,23,0.5911386593204775
5105964,Jayden Dawson,Kansas,35,NA,NA,NA,NA,NA
5105965,Jalen Quinn,Drake,34,1141,669,506,215,0.5569430569430569
5105966,Trey Lewis,W Michigan,31,546,240,194,35,0.5730659025787965
5105967,Caleb Reese,Loyola Chicago,33,NA,NA,NA,NA,NA
5105970,Jeremy Foumena,UCF,33,NA,NA,NA,NA,NA
5105971,Rory Stewart,FGCU,34,NA,NA,NA,NA,NA
5105972,Lou Hutchinson,Alabama A&M,33,545,131,106,31,0.5474757606151789
5105973,Jimmy Ball,Rhode Island,32,NA,NA,NA,NA,NA
5105974,Mike Walz,Richmond,32,679,252,195,45,0.5865921787709497
5105975,Christian Winborne,Nicholls,33,NA,NA,NA,NA,NA
5105976,Quin Berger,Bucknell,33,NA,NA,NA,NA,NA
5105978,Christ Essandoko,South Carolina,32,NA,NA,NA,NA,NA
5105980,Kellen Thames,Saint Louis,35,NA,NA,NA,NA,NA
5105981,Larry Hughes II,CSU Northridge,34,NA,NA,NA,NA,NA
5105982,Daniel Rivera,UAB,32,938,385,285,124,0.5669101189775003
5105984,Sincere Parker,Memphis,32,NA,NA,NA,NA,NA
5105987,Barry Evans,VCU,36,956,259,239,36,0.5081619839899545
5105988,Yann Farell,Sacred Heart,33,NA,NA,NA,NA,NA
5106034,Tafara Gapare,Villanova,33,NA,NA,NA,NA,NA
5106037,Keon Thompson,SF Austin,34,1013,629,461,205,0.5705732946298984
5106039,Alphonzo Billups III,Longwood,32,738,260,215,42,0.5567928730512249
5106040,Tobi Lawal,Virginia Tech,32,NA,NA,NA,NA,NA
5106041,Christian Fermin,VCU,36,NA,NA,NA,NA,NA
5106042,Obinnaya Okafor,VCU,36,NA,NA,NA,NA,NA
5106043,Jonathan Beagle,Richmond,32,NA,NA,NA,NA,NA
5106044,Marcus Jackson,Siena,35,NA,NA,NA,NA,NA
5106051,Ezra Ausar,USC,32,955,473,271,233,0.6331655600771043
5106053,Valentino Pinedo,UNC Greensboro,34,NA,NA,NA,NA,NA
5106054,Colin McKenzie,SC State,32,NA,NA,NA,NA,NA
5106055,Jaxon Ellingsworth,Arkansas St,32,726,309,220,90,0.595146379044684
5106056,Elijah Jones,UTEP,31,871,406,326,65,0.5724760293288211
5106058,Emanuel Sharp,Houston,37,1087,572,426,138,0.5876068376068376
5106059,Terrance Arceneaux,NC State,34,NA,NA,NA,NA,NA
5106205,Kalu Anya,Saint Louis,35,NA,NA,NA,NA,NA
5106206,Landon Lewis,Brown,27,NA,NA,NA,NA,NA
5106207,Drew Kania,Brown,27,NA,NA,NA,NA,NA
5106208,Alexander Lesburt Jr.,Brown,27,NA,NA,NA,NA,NA
5106235,Avery Brown,Columbia,28,NA,NA,NA,NA,NA
5106236,Kenny Noland,Columbia,28,927,480,376,76,0.5861664712778429
5106237,Blair Thompson,Columbia,28,867,320,233,64,0.6126512482769183
5106240,Brandon Mitchell-Day,Dartmouth,27,755,326,242,88,0.5806497577657451
5106241,Jayden Williams,Dartmouth,27,NA,NA,NA,NA,NA
5106242,Jackson Munro,Dartmouth,27,668,210,156,31,0.6189577929733554
5106243,Adam Hinton,Cornell,28,689,351,259,58,0.6168283424715311
5106245,Josh Baldwin,Cornell,28,NA,NA,NA,NA,NA
5106247,Cooper Noard,Cornell,28,770,510,346,93,0.6590509666080844
5106251,Greg Cooper,Harvard,29,NA,NA,NA,NA,NA
5106253,Eli King,North Dakota,35,1111,416,355,104,0.5190138736400839
5106254,Tamin Lipsey,Iowa State,37,NA,NA,NA,NA,NA
5106255,Demarion Watson,North Texas,33,NA,NA,NA,NA,NA
5106260,Wilder Evers,Kansas,35,NA,NA,NA,NA,NA
5106261,Ernest Udeh Jr.,Miami,35,NA,NA,NA,NA,NA
5106262,Zuby Ejiofor,St John's,37,1113,604,373,259,0.6201741416132742
5106265,Dorian Finister,Louisiana,33,NA,NA,NA,NA,NA
5106266,Taj Manning,Kansas St,32,NA,NA,NA,NA,NA
5106269,Luke Northweather,Missouri,33,NA,NA,NA,NA,NA
5106270,Otega Oweh,Kentucky,36,1178,671,503,216,0.56099926426326
5106272,Milos Uzan,Houston,37,1222,411,389,58,0.49575412525330503
5106274,Quion Williams,AR-Pine Bluff,32,1155,565,433,182,0.5505963982224994
5106275,P.J. Haggerty,Kansas St,32,NA,NA,NA,NA,NA
5106277,Trey Stuart,TCU,35,NA,NA,NA,NA,NA
5106279,Arterio Morris,Bethune,32,NA,NA,NA,NA,NA
5106280,Rowan Brumbaugh,Tulane,33,1190,632,416,240,0.6058282208588956
5106283,Dillon Mitchell,St John's,37,1041,308,236,87,0.561470030625638
5106284,Lamar Washington,Georgia Tech,31,NA,NA,NA,NA,NA
5106285,Pop Isaacs,Texas A&M,34,NA,NA,NA,NA,NA
5106286,Robert Jennings II,Oklahoma St,35,NA,NA,NA,NA,NA
5106287,CJ Williams,Auburn,38,NA,NA,NA,NA,NA
5106288,Elijah Fisher,Seton Hall,33,684,219,178,69,0.5255327318103282
5106291,Josiah Davis,CSU Northridge,34,1137,541,425,207,0.5241435436366454
5106292,Josiah Harris,Cleveland St,33,NA,NA,NA,NA,NA
5106293,Mohamed Wague,Oklahoma,37,829,254,140,128,0.6469030154849226
5106309,Derrick Michael Xzavierro,Long Beach St,32,NA,NA,NA,NA,NA
5106313,Tyler Isaak,Montana,34,760,206,148,68,0.578911870503597
5106449,Jackson Fields,West Virginia,35,NA,NA,NA,NA,NA
5106452,Davion Sykes,S Illinois,32,609,228,180,56,0.5570758405003909
5106453,Jordan Mason,Temple,32,1077,377,313,109,0.5222185283687943
5106456,Jamar Franklin,Jax State,32,NA,NA,NA,NA,NA
5106459,Julian Margrave,Omaha,33,NA,NA,NA,NA,NA
5106461,Faizon Fields,Milwaukee,32,NA,NA,NA,NA,NA
5106462,Cooper Jones,Old Dominion,33,NA,NA,NA,NA,NA
5106463,Bryce Baker,Charleston,32,NA,NA,NA,NA,NA
5106588,Jo'el Emanuel,William & Mary,32,NA,NA,NA,NA,NA
5106589,Cameron Tweedy,Saint Francis,31,412,114,89,21,0.5802117263843648
5106590,Trevon Blassingame,Idaho,36,NA,NA,NA,NA,NA
5106594,CJ Delancy,Chicago St,32,NA,NA,NA,NA,NA
5106598,Chevalier Emery,Cleveland St,33,719,419,288,132,0.6053513638465096
5106599,Javon Bennett,Dayton,37,1276,585,471,137,0.5505571450082819
5106600,Jordan Derkack,Dayton,37,NA,NA,NA,NA,NA
5106602,Bryan Etumnu,Wright St,35,NA,NA,NA,NA,NA
5106603,Brandon Legris,Merrimack,34,NA,NA,NA,NA,NA
5106607,Josiah Harris,La Salle,32,NA,NA,NA,NA,NA
5106610,Cam Gregory,Campbell,34,1137,273,221,51,0.5607131120604667
5106611,Miles Webb,Delaware St,31,NA,NA,NA,NA,NA
5106612,Landon Moore,Illinois St,36,499,127,108,34,0.5164281067013663
5106614,Gestin Liberis,Saint Francis,31,742,225,136,116,0.6014756201881951
5106619,Jackson Benigni,Binghamton,31,NA,NA,NA,NA,NA
5106620,Chas Stinson,Stonehill,33,NA,NA,NA,NA,NA
5106628,Ethan Meuser,Stonehill,33,NA,NA,NA,NA,NA
5106632,Lavell Brodnex,UL Monroe,32,NA,NA,NA,NA,NA
5106634,Keyontae Lewis,Norfolk St,32,NA,NA,NA,NA,NA
5106638,Trey Utter,SMU,34,NA,NA,NA,NA,NA
5106640,Jake Shapiro,Tulane,33,NA,NA,NA,NA,NA
5106641,B.B. Knight,Lamar,31,NA,NA,NA,NA,NA
5106643,Bryant Selebangue,Western KY,32,NA,NA,NA,NA,NA
5106645,Poohpha Warakulnukroh,UCF,33,NA,NA,NA,NA,NA
5106647,Thierno Sylla,Memphis,32,NA,NA,NA,NA,NA
5106648,Charlie May,Michigan,40,NA,NA,NA,NA,NA
5106651,Henry Thengvall,Wichita St,36,NA,NA,NA,NA,NA
5106652,Shammah Scott,Akron,35,933,453,354,61,0.5947379476945699
5106660,Simeon Cottle,Kennesaw St,35,NA,NA,NA,NA,NA
5106662,Ahmad Johnson,AR-Pine Bluff,32,NA,NA,NA,NA,NA
5106664,Charles Stone,Kennesaw St,35,NA,NA,NA,NA,NA
5106665,Eric Holland,Kennesaw St,35,NA,NA,NA,NA,NA
5106667,Elijah Perkins,Saint Peter's,29,NA,NA,NA,NA,NA
5106670,Mason Nicholson,Vanderbilt,36,NA,NA,NA,NA,NA
5106673,Kelechi Okworogwo,NC Central,32,820,261,198,68,0.5725693225693226
5106674,Peter Suder,Miami OH,34,NA,NA,NA,NA,NA
5106677,Oumar Koureissi,Texas Southern,30,NA,NA,NA,NA,NA
5106680,Josiah Sabino,Niagara,30,NA,NA,NA,NA,NA
5106682,Josiah Shackleford,North Texas,33,NA,NA,NA,NA,NA
5106684,Carl Daughtery Jr.,UC Davis,33,NA,NA,NA,NA,NA
5106697,Kyrese Mullen,New Mexico St,32,NA,NA,NA,NA,NA
5106699,Trey Thomas,So Indiana,30,NA,NA,NA,NA,NA
5106701,Jaret Valencia,Wichita St,36,NA,NA,NA,NA,NA
5106702,Andrew Ball,Monmouth,34,698,269,212,50,0.5747863247863247
5106703,Jack Collins,Monmouth,34,NA,NA,NA,NA,NA
5106705,Turner Buttry,E Kentucky,32,846,315,222,96,0.5960490463215259
5106706,Tayshawn Comer,Nevada,37,934,408,342,133,0.5093378607809848
5106707,Jackson Holt,E Kentucky,32,634,229,174,20,0.6263676148796499
5106709,David Onanina,Bethune,32,NA,NA,NA,NA,NA
5106711,Love Bettis,Incarnate Word,31,NA,NA,NA,NA,NA
5106714,Masai Troutman,George Mason,33,NA,NA,NA,NA,NA
5106715,Rashad King,LSU,32,598,185,160,42,0.5182653518601524
5106716,Harold Woods,Incarnate Word,31,940,274,211,80,0.5564581640942323
5106717,Jared Turner,Old Dominion,33,690,200,169,14,0.5709065996802923
5106718,Collin Metcalf,Maryland,33,NA,NA,NA,NA,NA
5106719,Toby Onyekonwu,Stony Brook,32,NA,NA,NA,NA,NA
5106722,Jared Frey,UMass Lowell,33,NA,NA,NA,NA,NA
5106723,Leon Nahar,Stony Brook,32,NA,NA,NA,NA,NA
5106727,Dylan Williamson,Towson,34,1221,496,484,51,0.48969275728615436
5106728,Christian May,UNC Wilmington,34,NA,NA,NA,NA,NA
5106731,Nolan Hodge,UNC Wilmington,34,1099,484,368,125,0.5721040189125296
5106732,Noah Ross,UNC Wilmington,34,994,320,287,72,0.502071043052592
5106734,Chase Lowe,William & Mary,32,749,294,182,114,0.633184011026878
5106735,Jack Karasinski,Bellarmine,32,NA,NA,NA,NA,NA
5106737,Miles Hicks,William & Mary,32,NA,NA,NA,NA,NA
5106738,Charlie Williams,Lipscomb,32,680,324,269,48,0.558389631876465
5106739,Jason Drake,Indiana,32,NA,NA,NA,NA,NA
5106742,Dylan Arnett,North Texas,33,873,250,238,62,0.4712002412545236
5106744,Marcus Tankersley,Chicago St,32,NA,NA,NA,NA,NA
5106750,Zae Blake,UT Rio Grande,33,NA,NA,NA,NA,NA
5106752,Amari Jedkins,Montana,34,NA,NA,NA,NA,NA
5106754,Jlynn Counter,Charleston,32,NA,NA,NA,NA,NA
5106755,Vincent Brady II,High Point,36,NA,NA,NA,NA,NA
5106766,Brian Taylor II,ETSU,34,1130,498,392,106,0.567663687762174
5106767,Elijah Jamison,Norfolk St,32,876,467,362,149,0.5461221816821031
5106773,Justin Thomas,Bowling Green,32,NA,NA,NA,NA,NA
5106775,A'lahn Sumler,Charleston So,32,NA,NA,NA,NA,NA
5106776,LJ Wells,N Kentucky,34,NA,NA,NA,NA,NA
5106778,Mitchel Minor,N Kentucky,34,NA,NA,NA,NA,NA
5106779,Cole Sherman,Louisville,35,NA,NA,NA,NA,NA
5106783,Dominic Capriotti,Pacific,33,NA,NA,NA,NA,NA
5106785,Chris Morgan,Purdue FW,32,NA,NA,NA,NA,NA
5106786,Deangelo Elisee,Purdue FW,32,441,123,76,26,0.7033394327538884
5106790,Eric Mulder,Iowa State,37,NA,NA,NA,NA,NA
5106791,Stephaun Walker,Old Dominion,33,NA,NA,NA,NA,NA
5106794,Tanner O'Grady,Robert Morris,33,NA,NA,NA,NA,NA
5106795,Cyril Arvanitis,Robert Morris,33,NA,NA,NA,NA,NA
5106806,Logan Woods,Wright St,35,643,185,151,33,0.5588448525857902
5106807,Alex Garcia,Tennessee St,33,NA,NA,NA,NA,NA
5106810,John Lovelace Jr.,Milwaukee,32,NA,NA,NA,NA,NA
5106839,Fallou Diagne,Southern Miss,35,NA,NA,NA,NA,NA
5106841,Tyrone Marshall Jr.,G Washington,35,NA,NA,NA,NA,NA
5106843,DJ Richards Jr.,McNeese,34,749,283,215,79,0.5665438821268418
5106846,Jamal Sumlin,Kent State,34,NA,NA,NA,NA,NA
5106862,Rich Rolf,Youngstown St,32,NA,NA,NA,NA,NA
5106863,Nik Graves,Creighton,34,909,372,284,135,0.5416423995340711
5106864,Brenen Lorient,West Virginia,35,NA,NA,NA,NA,NA
5106865,Isaiah Gaines,SE Louisiana,31,877,329,216,145,0.5879199428162973
5106867,Leo Beath,UC San Diego,34,1024,414,343,96,0.537327380334337
5106869,Jayden Brewer,W Michigan,31,787,413,320,154,0.5325459046833093
5106877,Dre Bullock,Hawai'i,33,938,454,367,141,0.5290881969047175
5106879,Pierre Geneste Jr.,Bakersfield,32,NA,NA,NA,NA,NA
5106880,Jestin Porter,Clemson,35,947,337,300,63,0.5141584279262785
5106881,Tre Green,MTSU,32,NA,NA,NA,NA,NA
5107069,Zach Cleveland,Liberty,34,NA,NA,NA,NA,NA
5107070,Colin Porter,Liberty,34,NA,NA,NA,NA,NA
5107071,JC Shirer Jr.,Liberty,34,NA,NA,NA,NA,NA
5107076,TJ Johnson,VMI,32,NA,NA,NA,NA,NA
5107077,Bryson Dawkins,Youngstown St,32,856,404,310,83,0.5829389357035669
5107078,Jacari Lane,Texas A&M,34,NA,NA,NA,NA,NA
5107088,Chris Ashby,Queens,35,1074,406,339,49,0.5630130907477258
5107141,Ifeanyi Ufochukwu,Duke,38,NA,NA,NA,NA,NA
5107142,Andrew Akuchie,Rice,31,429,119,77,44,0.6174761311747613
5107143,George Perkins,Rice,31,NA,NA,NA,NA,NA
5107144,Butta Johnson,Clemson,35,739,221,179,47,0.5533854166666666
5107146,Evans Kipruto,Santa Barbara,32,NA,NA,NA,NA,NA
5107147,Matija Belic,Wyoming,33,NA,NA,NA,NA,NA
5107148,Roddie Anderson III,Xavier,33,785,359,322,90,0.49640486725663713
5107149,Cade Pendleton,UC San Diego,34,NA,NA,NA,NA,NA
5107151,Quin Patterson,Idaho St,33,NA,NA,NA,NA,NA
5107152,Nate Pickens,BYU,35,NA,NA,NA,NA,NA
5107153,Kaleb Smith,Grand Canyon,32,NA,NA,NA,NA,NA
5107154,Vlad Salaridze,Youngstown St,32,NA,NA,NA,NA,NA
5107157,Ryan Conwell,Louisville,35,NA,NA,NA,NA,NA
5107158,Dok Muordar,Monmouth,34,NA,NA,NA,NA,NA
5107161,Hayden Welling,Utah Valley,34,562,256,225,73,0.49782202862476665
5107162,Emilis Butkus,Mercyhurst,34,NA,NA,NA,NA,NA
5107163,Elijah Chol,UC Irvine,35,NA,NA,NA,NA,NA
5107164,Cam Thrower,Penn,30,NA,NA,NA,NA,NA
5107165,Chris Ubochi,Penn,30,NA,NA,NA,NA,NA
5107167,Jac Mani,Fresno St,32,NA,NA,NA,NA,NA
5107169,Xaivian Lee,Florida,35,959,406,338,85,0.54075652637187
5107172,Vernon Collins,W Carolina,31,NA,NA,NA,NA,NA
5107174,Nick Townsend,Yale,31,NA,NA,NA,NA,NA
5107175,Devon Arlington,Yale,31,NA,NA,NA,NA,NA
5107176,Tre Dinkins,G Washington,35,740,308,251,45,0.568685376661743
5107177,Devean Williams,Rider,29,NA,NA,NA,NA,NA
5107178,Youri Fritz,Northeastern,31,NA,NA,NA,NA,NA
5107180,Frank Mitchell,St Bonaventure,34,1143,555,426,133,0.5727317757780896
5107183,Michael Rogan,Fairfield,34,NA,NA,NA,NA,NA
5107184,Rex Sunderland,Stonehill,33,887,154,171,37,0.4111490815890645
5107189,Ridvan Tutic,Stonehill,33,NA,NA,NA,NA,NA
5107191,Maddox Monson,E Washington,33,NA,NA,NA,NA,NA
5107196,Shaumba Ngoyi,E Washington,33,NA,NA,NA,NA,NA
5107197,Sadiku Ibine Ayo,St John's,37,NA,NA,NA,NA,NA
5107198,Cruz Davis,Hofstra,35,1327,702,543,171,0.5677406832298136
5107203,Kody Williams,Hampton,32,NA,NA,NA,NA,NA
5107204,Harry Rouhliadeff,Hawai'i,33,NA,NA,NA,NA,NA
5107205,Mor Seck,Towson,34,494,109,88,30,0.5385375494071146
5107209,Jaden Clayton,Pacific,33,1003,261,249,56,0.47690396140915076
5107210,John Shea,Maine,32,NA,NA,NA,NA,NA
5107211,Keelan Steele,Maine,32,NA,NA,NA,NA,NA
5107217,Chancellor White,N Colorado,32,NA,NA,NA,NA,NA
5107218,Kyran Ratliff,Louisiana,33,NA,NA,NA,NA,NA
5107219,Vinny Sigona,E Texas A&M,32,NA,NA,NA,NA,NA
5107220,Ed Nnamoko,Winthrop,34,377,137,87,66,0.5903136849362289
5107221,Jalen Bouknight,Lindenwood,33,NA,NA,NA,NA,NA
5107222,Xavier Brown,South Florida,34,NA,NA,NA,NA,NA
5107223,Brycen Blaine,Charleston So,32,NA,NA,NA,NA,NA
5107225,Jerrell Roberson II,UMass Lowell,33,NA,NA,NA,NA,NA
5107226,Tyren Moore,GA Southern,37,1086,595,456,100,0.595
5107230,Nate Brafford,Charleston So,32,619,167,138,28,0.5554816391697712
5107233,Kylan Blackmon,Charlotte,34,NA,NA,NA,NA,NA
5107237,Joey Kahn,UAB,32,NA,NA,NA,NA,NA
5107238,Regimantas Ciunys,UMBC,33,NA,NA,NA,NA,NA
5107242,Dion Brown,Saint Louis,35,829,397,268,57,0.6772894772758291
5107246,Mak Manciel,E Michigan,31,404,166,130,41,0.560659281275331
5107248,Terrance Ford Jr.,Tulsa,38,NA,NA,NA,NA,NA
5107251,Izaiyah Nelson,South Florida,34,929,540,346,200,0.6221198156682027
5107255,Kalen Garry,S Dakota St,32,929,343,295,57,0.5358035491127219
5107258,William Kyle III,Syracuse,32,899,270,165,106,0.637875637875638
5107259,Luke Jungers,Iona,32,NA,NA,NA,NA,NA
5107260,JJ White,Baylor,34,NA,NA,NA,NA,NA
5107261,Jaeden Marshall,La Salle,32,NA,NA,NA,NA,NA
5107262,Kennedy Brown,FIU,32,NA,NA,NA,NA,NA
5107263,Ja'Sean Glover,Omaha,33,NA,NA,NA,NA,NA
5107264,Marquel Sutton,LSU,32,1004,419,304,131,0.5793053865722818
5107267,Jamal Ambrose,Texas A&M-CC,33,NA,NA,NA,NA,NA
5107268,Tony Osburn,Omaha,33,NA,NA,NA,NA,NA
5107269,Brayden O'Connor,George Mason,33,NA,NA,NA,NA,NA
5107271,Cam Morris III,ETSU,34,NA,NA,NA,NA,NA
5107272,Tajavis Miller,New Mexico,37,NA,NA,NA,NA,NA
5107273,Damari Wheeler-Thomas,N Dakota St,35,NA,NA,NA,NA,NA
5107274,Jacari White,Virginia,36,NA,NA,NA,NA,NA
5107275,Lance Waddles,Omaha,33,971,424,351,51,0.5676949443016281
5107278,Noah Feddersen,N Dakota St,35,739,325,206,120,0.6278979907264296
5107280,Aaron Price Jr.,Cal Poly,33,NA,NA,NA,NA,NA
5107282,Elijah Brooks,Hou Christian,32,NA,NA,NA,NA,NA
5107285,BJ Omot,Minnesota,32,NA,NA,NA,NA,NA
5107287,Treysen Eaglestaff,West Virginia,35,1000,343,312,47,0.5155104003847542
5107289,Justin Mullins,Northwestern,34,NA,NA,NA,NA,NA
5107293,Stephen Giwa,Rice,31,482,106,71,42,0.5923111309789897
5107295,TJ Hurley,Vermont,34,1052,511,357,110,0.6302417365564874
5107296,Perry Smith Jr.,Kennesaw St,35,NA,NA,NA,NA,NA
5107298,Donovan Oday,N Kentucky,34,987,631,416,195,0.6287365484256676
5107299,Rhyjon Blackwell,Marist,31,932,374,316,74,0.5364929997704843
5107301,Dionjahe Thomas,Jackson St,33,NA,NA,NA,NA,NA
5107304,Walker Timme,N Arizona,32,NA,NA,NA,NA,NA
5107307,Drew King,Youngstown St,32,557,89,56,45,0.5870712401055409
5107312,LeJuan Watts,Texas Tech,34,NA,NA,NA,NA,NA
5107317,Jackson Paveletzke,Ohio,32,NA,NA,NA,NA,NA
5107320,Chase Martin,Oral Roberts,33,NA,NA,NA,NA,NA
5107321,Amarri Monroe,Quinnipiac,32,NA,NA,NA,NA,NA
5107325,Anthony Arrington,Mount St Marys,32,NA,NA,NA,NA,NA
5107343,DeJuan Campbell,California,34,NA,NA,NA,NA,NA
5107345,Marcus Kell,W Carolina,31,910,423,336,116,0.5464551467548574
5107346,Rasheed Jones,Coastal,32,1159,474,389,114,0.5396666363056745
5107349,Taeshaud Jackson,FDU,32,946,329,256,105,0.5443414956982131
5107350,Asher Woods,Tulane,33,1019,422,301,173,0.5595036062791684
5107351,Rickey Bradley Jr.,VMI,32,NA,NA,NA,NA,NA
5107353,Tyler Houser,Delaware,31,NA,NA,NA,NA,NA
5107355,Donovan Atwell,Texas Tech,34,1179,459,315,44,0.6863859313314989
5107357,AJ Smith,Temple,32,NA,NA,NA,NA,NA
5107358,Madison Durr,UNC Wilmington,34,734,349,237,195,0.5405824039653035
5107362,Cole Alexander,FDU,32,NA,NA,NA,NA,NA
5107364,Achor Achor,Mississippi St,32,567,197,164,56,0.5221586089906701
5107366,Joshua Hughes,Samford,32,NA,NA,NA,NA,NA
5107368,Davis Molnar,Furman,35,NA,NA,NA,NA,NA
5107369,Ben Vander Wal,Furman,35,NA,NA,NA,NA,NA
5107375,Sam Alexis,Indiana,32,680,280,166,69,0.7129761662253005
5107377,Brody Robinson,Oakland,32,1146,564,344,257,0.6169598319768969
5107381,Zeke Cook,Louisiana,33,NA,NA,NA,NA,NA
5107382,Keiveon Hunt,Jackson St,33,NA,NA,NA,NA,NA
5107408,Jordan Chatman,Florida A&M,31,823,283,208,75,0.5871369294605809
5107410,Hantz Louis-Jeune,South Alabama,33,777,168,158,35,0.4844290657439446
5107438,Duane Posey,Texas Southern,30,NA,NA,NA,NA,NA
5107441,JaSteven Walker,Alabama St,32,NA,NA,NA,NA,NA
5107453,Jayland Randall,New Mexico St,32,637,284,243,82,0.5088146767951842
5107455,Caleb Blackwell,UTEP,31,NA,NA,NA,NA,NA
5107474,Jace Whiting,Weber St,32,NA,NA,NA,NA,NA
5107477,Davion Cunningham,Morehead St,33,NA,NA,NA,NA,NA
5107490,Justin Bailey,Georgia,33,NA,NA,NA,NA,NA
5107507,Justin Archer,La Salle,32,NA,NA,NA,NA,NA
5107508,Kenyon Giles,Wichita St,36,1305,689,610,77,0.5350375846431012
5107514,Ibu Yamazaki,N Colorado,32,867,317,245,55,0.5887815750371471
5107520,Jalen Forrest,SE Louisiana,31,NA,NA,NA,NA,NA
5107524,Jaylen Peterson,Presbyterian,33,990,359,242,113,0.6153160564925271
5107530,Mateo Esmeraldo,Lipscomb,32,964,316,233,82,0.5871859669986621
5107563,Jack Payne,Idaho,36,NA,NA,NA,NA,NA
5107567,Kyle Evans,UC Irvine,35,1002,422,276,99,0.660282888972337
5107607,Jalen Myers,Hawai'i,33,NA,NA,NA,NA,NA
5107626,AJ Smith,Bradley,34,874,286,216,90,0.5594679186228482
5107627,Jack Campion,SIUE,32,881,263,224,92,0.49720205686630364
5107642,David Idada,SE Missouri,33,353,59,31,46,0.5757220921155348
5107652,Damarco Minor,Pitt,33,1058,282,237,60,0.5353075170842825
5107653,Dorion Staples,MD Eastern,32,778,299,246,52,0.5560101160368938
5107655,Arnas Sakenis,SIUE,32,785,283,179,91,0.6460007304601899
5107670,Reis Jones,Charleston So,32,588,212,146,74,0.5936379928315412
5107700,Cam Haffner,Western KY,32,NA,NA,NA,NA,NA
5107701,Sincere Malone,Nicholls,33,NA,NA,NA,NA,NA
5107703,Nick Ellington,George Mason,33,NA,NA,NA,NA,NA
5107704,Kyle Carlesimo,Colgate,33,807,256,237,13,0.5273566249176005
5107708,Kyle Thomas,SIUE,32,NA,NA,NA,NA,NA
5107768,Isaiah Brickner,Idaho,36,NA,NA,NA,NA,NA
5107769,Trace Salton,Marist,31,NA,NA,NA,NA,NA
5107770,Jaden Daughtry,Marist,31,NA,NA,NA,NA,NA
5107781,Braden Appelhans,Drake,34,NA,NA,NA,NA,NA
5107782,Donovan Dent,UCLA,36,NA,NA,NA,NA,NA
5107783,Quinton Webb,CSU Northridge,34,NA,NA,NA,NA,NA
5107789,Shane Lancaster,Alcorn St,32,916,347,262,91,0.5744272281816978
5107792,Braxton Bayless,Little Rock,32,1056,328,299,71,0.49660852713178294
5107797,Paul Otieno,Saint Louis,35,535,187,110,71,0.6619937694704049
5107803,Cam Lawin,San Diego St,32,NA,NA,NA,NA,NA
5107804,Miles Byrd,San Diego St,33,926,344,284,88,0.5329697570649479
5107805,Thomas Tut,Jax State,32,NA,NA,NA,NA,NA
5107807,Michael Eley,Hampton,32,NA,NA,NA,NA,NA
5107810,Killian Gribben,Maine,32,NA,NA,NA,NA,NA
5107811,Brendan Coyle,Siena,35,1069,305,277,56,0.5055695531096672
5107813,Leo Torbor,Texas A&M-CC,33,633,168,152,54,0.47792444242148385
5107814,JT Elder,E Illinois,33,NA,NA,NA,NA,NA
5107819,Dominique Ford,San Diego,33,NA,NA,NA,NA,NA
5107820,Titus Yearout,Idaho,36,NA,NA,NA,NA,NA
5107824,Nigel Burris,Weber St,32,743,331,211,104,0.6445708054214052
5107830,Maleek Arington,Seattle U,35,1035,163,131,90,0.477725674091442
5107841,Isaiah Kerr,Hawai'i,33,NA,NA,NA,NA,NA
5107843,Luca Colceag,UT Martin,33,NA,NA,NA,NA,NA
5107844,Jed Miller,Montana St,32,1105,477,334,100,0.6309523809523809
5107851,Ryan Abelman,N Arizona,32,NA,NA,NA,NA,NA
5107857,Langston Reynolds,Minnesota,33,1097,382,273,130,0.5784373107207753
5107858,Brock Wisne,N Colorado,32,NA,NA,NA,NA,NA
5107860,Caleb Shaw,Grand Canyon,32,NA,NA,NA,NA,NA
5107864,Mason Falslev,Utah State,36,1153,576,407,144,0.6122969640275533
5107866,Caden Powell,Baylor,34,829,236,128,96,0.6931390977443609
5107870,Maximus Nelson,Purdue FW,32,881,252,207,29,0.5733527484528577
5107871,Joe Vick,Valparaiso,33,NA,NA,NA,NA,NA
5107872,Jerome Palm,Kansas City,31,805,241,218,63,0.49039557219599544
5107876,Jalen Jackson,Butler,32,NA,NA,NA,NA,NA
5107877,Steven Clay,So Indiana,30,436,131,116,15,0.534257748776509
5107878,C.J. Jones,Kansas St,32,NA,NA,NA,NA,NA
5107879,Bessanty Saragba,Delaware St,31,NA,NA,NA,NA,NA
5107880,Cameron Fens,South Dakota,32,808,460,311,171,0.5954846727423364
5107885,Cade Hornecker,Abilene Chrstn,33,524,176,149,53,0.510677808727948
5107887,Trey Campbell,Northern Iowa,36,1206,494,402,95,0.5565570076611086
5107889,Hunter Jacobson,Northern Iowa,36,NA,NA,NA,NA,NA
5107890,Jaxon Edwards,IU Indy,32,NA,NA,NA,NA,NA
5107891,Braxton Stacker,SE Missouri,33,930,390,304,117,0.5485540677393946
5107895,Brian Moore Jr.,Grand Canyon,32,NA,NA,NA,NA,NA
5107896,Samuel Murray,Miss Valley St,33,NA,NA,NA,NA,NA
5107899,Damien Mayo Jr.,S Illinois,32,NA,NA,NA,NA,NA
5107900,Jonathan Dunn,NC Central,32,NA,NA,NA,NA,NA
5107903,NJ Benson,DePaul,32,829,374,250,111,0.6257529112568598
5107904,Rob Martin,High Point,36,NA,NA,NA,NA,NA
5107905,Jaden Schertz,Saint Louis,35,NA,NA,NA,NA,NA
5107907,Isaac Holmes,Saint Louis,35,NA,NA,NA,NA,NA
5107963,Andrew Alia,Drake,34,NA,NA,NA,NA,NA
5107966,Goanar Biliew,W Illinois,31,536,126,102,62,0.4873143564356436
5107968,Ja'Kobi Gillespie,Tennessee,37,1286,681,566,140,0.5425430210325047
5107969,Kyler Vanderjagt,Toledo,34,752,287,215,66,0.5880183576462875
5107970,Cade Tyson,Minnesota,33,NA,NA,NA,NA,NA
5107971,Aidan Braccia,San Francisco,33,NA,NA,NA,NA,NA
5107972,Jake Dykstra,Belmont,32,NA,NA,NA,NA,NA
5107973,Keith Robbins,Belmont,32,NA,NA,NA,NA,NA
5107975,George Beale Jr.,UCF,33,NA,NA,NA,NA,NA
5107976,Jack Doumbia Jr.,Towson,34,NA,NA,NA,NA,NA
5107977,Rob Lawson,Morgan St,30,985,383,346,115,0.48285426122037317
5107986,Ose Okojie,Howard,35,906,375,245,142,0.6097957590737608
5107997,JaVaughn Hannah,San José St,33,NA,NA,NA,NA,NA
5107999,Max Burton,W Michigan,31,NA,NA,NA,NA,NA
5108000,Seth Hubbard,Milwaukee,32,NA,NA,NA,NA,NA
5108006,Javan Simmons,Ohio,32,NA,NA,NA,NA,NA
5108009,Ajay Sheldon,Ohio,32,986,241,216,30,0.5257417102966842
5108010,Elmore James IV,Ball State,31,741,241,223,46,0.49539549416214435
5108011,Aidan Hadaway,Ohio,32,1019,460,381,66,0.5609208857672422
5108014,AJ Brown,Florida,35,NA,NA,NA,NA,NA
5108022,Xavier Amos,Loyola Chicago,33,NA,NA,NA,NA,NA
5108023,David Coit,Maryland,33,882,446,362,90,0.5552788844621513
5108028,Billy Smith,Chattanooga,32,736,270,250,26,0.5163708690330477
5108029,Ryan Mabrey,Maine,32,NA,NA,NA,NA,NA
5108030,Jaquel Morris,Norfolk St,32,438,146,80,58,0.6918119787717968
5108031,Eli Yofan,Miami OH,34,NA,NA,NA,NA,NA
5108042,Amani Drummond,Incarnate Word,31,NA,NA,NA,NA,NA
5108043,Ola Ajiboye,So Indiana,30,751,198,140,92,0.5485372340425532
5108045,Markus Harding,Indiana St,32,NA,NA,NA,NA,NA
5108046,Emil Skytta,N Dakota St,35,NA,NA,NA,NA,NA
5108047,Max Majerle,N Dakota St,35,NA,NA,NA,NA,NA
5108048,Ubong-Abasi Etim,SE Louisiana,31,228,36,33,12,0.4702194357366771
5108049,Anthony McComb III,Norfolk St,32,1094,548,393,200,0.5696465696465697
5108050,Jamai Felt,Temple,32,NA,NA,NA,NA,NA
5108059,Tavari Johnson,Akron,35,1115,688,500,123,0.6208041579441276
5108060,Amani Lyles,Akron,35,923,521,339,134,0.654588400844306
5108062,Ryan Prather Jr.,Robert Morris,33,1123,518,411,85,0.5776092774308653
5108069,Jalen Bolden,Texas St,32,522,166,153,22,0.5102040816326531
5108070,Jacob Wilson,Morehead St,33,NA,NA,NA,NA,NA
5108073,Cam Amboree,Southern,34,NA,NA,NA,NA,NA
5108080,Cody Pennebaker,Lamar,31,851,221,204,27,0.511858439874004
5108081,Nate Calmese,Wake Forest,35,NA,NA,NA,NA,NA
5108082,Jakevion Buckley,New Orleans,33,NA,NA,NA,NA,NA
5108084,Terry Anderson,High Point,36,968,575,346,224,0.6467068562173834
5108085,Jason Thirdkill Jr.,Jacksonville,32,724,256,168,88,0.6191950464396285
5108086,Yuto Yamanouchi-Williams,Oral Roberts,33,NA,NA,NA,NA,NA
5108090,Brenden Moss,Kent State,34,NA,NA,NA,NA,NA
5108091,Magnus Entenmann,Kent State,34,NA,NA,NA,NA,NA
5108092,London Maiden,Detroit Mercy,32,NA,NA,NA,NA,NA
5108093,Delrecco Gillespie,Kent State,34,1094,602,413,209,0.5960868187579215
5108098,Johnnie Walter,Penn,30,NA,NA,NA,NA,NA
5108101,Lamine Niang,UT Martin,33,NA,NA,NA,NA,NA
5108105,Victor Panov,Drexel,33,NA,NA,NA,NA,NA
5108113,Isaiah Hicks,Gardner-Webb,33,NA,NA,NA,NA,NA
5108120,Tyeree Bryan,Texas Tech,34,NA,NA,NA,NA,NA
5108121,Kheni Briggs,New Haven,31,NA,NA,NA,NA,NA
5108122,RJ Johnson,Rhode Island,32,NA,NA,NA,NA,NA
5108141,Anthony Dell'Orso,Arizona,39,816,330,278,65,0.5381604696673189
5108143,Chris Dockery,Kansas City,31,NA,NA,NA,NA,NA
5108145,Louie Jordan,Radford,32,NA,NA,NA,NA,NA
5108148,Daniel Rouzan,Bethune,32,754,376,298,95,0.5532666274278988
5108150,Cole Farrell,Long Beach St,32,663,206,197,52,0.4684373294524286
5108705,Macahi Nelson,Coppin St,31,NA,NA,NA,NA,NA
5108706,Braxton Jones,So Indiana,30,NA,NA,NA,NA,NA
5108710,Liam Carney,High Point,36,NA,NA,NA,NA,NA
5108718,Marvin McGhee III,UT Rio Grande,33,977,359,258,54,0.6370670073821693
5108719,Kaseem Watson,UTEP,31,972,388,327,93,0.5272885409871712
5108720,Kareem Watson,Delaware St,31,NA,NA,NA,NA,NA
5108721,Ugnius Jarusevicius,Nebraska,35,NA,NA,NA,NA,NA
5108759,Kanye Jones,SC Upstate,32,NA,NA,NA,NA,NA
5108762,Isaac Jack,Pacific,33,714,299,190,72,0.6743955250811982
5108764,Orlando Lovejoy,Detroit Mercy,32,NA,NA,NA,NA,NA
5108770,Jevin Muniz,Colorado St,34,1036,321,243,77,0.5796735047674083
5108775,Dionte Johnson,NC Central,32,984,275,220,82,0.5369415807560137
5108777,Toby Nnadozie,Jax State,32,NA,NA,NA,NA,NA
5108778,Troy Hupstead,Texas Southern,30,NA,NA,NA,NA,NA
5108786,Chris Moncrief,Saint Francis,31,NA,NA,NA,NA,NA
5108787,Gabe Spinelli,C Connecticut,30,NA,NA,NA,NA,NA
5108789,Logan McIntire,C Michigan,31,NA,NA,NA,NA,NA
5108796,Daniel Egbuniwe,St Bonaventure,34,NA,NA,NA,NA,NA
5108799,Ante Beljan,UIC,35,NA,NA,NA,NA,NA
5108806,Learic Davis,SC Upstate,32,NA,NA,NA,NA,NA
5108809,Coleton Benson,New Orleans,33,1132,534,397,139,0.5827658459926662
5108810,Jorn Everson,Army,32,606,244,232,20,0.5066445182724252
5108811,Ethan Roberts,Penn,30,NA,NA,NA,NA,NA
5108812,Chanse Perkins,Army,32,NA,NA,NA,NA,NA
5108813,Jackson Mayo,Army,32,NA,NA,NA,NA,NA
5108826,Robert Lewis,Lindenwood,33,531,164,119,35,0.6101190476190476
5108848,Simeon Womack,Bethune,32,NA,NA,NA,NA,NA
5108850,Elijah Hulsewe,UCF,33,NA,NA,NA,NA,NA
5108877,Michael Zanoni,Penn,30,865,355,291,50,0.5670926517571885
5108878,TJ Grant,Mercer,32,NA,NA,NA,NA,NA
5108879,Braden Sparks,Fairfield,34,1131,584,483,112,0.5485834523183287
5108891,Stephon Payne,Seton Hall,33,667,195,145,83,0.5371308946672543
5108892,Trey Miller,Alabama St,32,NA,NA,NA,NA,NA
5108908,Reggie Hill,Coastal,32,NA,NA,NA,NA,NA
5108909,Greedy Williams,UNC Wilmington,34,1040,310,217,124,0.5707762557077626
5108913,Hansel Enmanuel,Austin Peay,31,NA,NA,NA,NA,NA
5108915,Sami Pissis,Alabama A&M,33,NA,NA,NA,NA,NA
5108917,Brody Rowbury,Idaho,36,881,277,165,101,0.6612872421695951
5108925,Alonzo Dodd,App State,32,1006,443,337,125,0.5650510204081632
5108930,Jerome Brewer Jr.,La Salle,32,NA,NA,NA,NA,NA
5108969,Lajae Jones,Florida St,33,973,419,321,118,0.5617826879759734
5108973,Garry Clark,Utah State,36,597,250,146,76,0.6966116807846634
5108978,Doctor Bradley,Bethune,32,NA,NA,NA,NA,NA
5108983,Jaden Alexander,Bakersfield,32,NA,NA,NA,NA,NA
5108984,Isaac Shingange,Santa Barbara,32,NA,NA,NA,NA,NA
5108991,Jacob Conner,Dayton,37,NA,NA,NA,NA,NA
5108992,Micah Handlogten,Florida,35,NA,NA,NA,NA,NA
5109018,Kendall Blue,Nebraska,35,NA,NA,NA,NA,NA
5109019,Andrew Rohde,Wisconsin,35,NA,NA,NA,NA,NA
5109020,Carter Bjerke,St Thomas (MN),34,845,319,222,34,0.6731093855503039
5109033,Allen Mukeba,Arizona St,33,541,180,131,62,0.5686125852918877
5109034,Tyler Andrews,Bethune,32,NA,NA,NA,NA,NA
5109770,Deshawn Jean-Charles,Chicago St,32,NA,NA,NA,NA,NA
5109771,Faheim Meran,Long Island,35,NA,NA,NA,NA,NA
5109782,Matt Hayman,Arkansas St,32,NA,NA,NA,NA,NA
5109787,Kosy Akametu,Iona,32,NA,NA,NA,NA,NA
5109788,Malachi Douyon,Santa Clara,35,NA,NA,NA,NA,NA
5109789,Jake Ensminger,Santa Clara,35,NA,NA,NA,NA,NA
5109790,Christoph Tilly,Ohio State,34,NA,NA,NA,NA,NA
5109791,Brendan Yarusso,Santa Clara,35,NA,NA,NA,NA,NA
5110002,Walter Peggs Jr.,Morgan St,30,NA,NA,NA,NA,NA
5110039,Corey Washington,SMU,34,944,386,258,121,0.6201002441845521
5110173,Zytarious Mortle,Texas Southern,30,NA,NA,NA,NA,NA
5110430,Jack Robison,Wisconsin,35,NA,NA,NA,NA,NA
5110433,DaJuan Bates,Chicago St,32,NA,NA,NA,NA,NA
5110696,Toby Harris,Iona,32,837,358,274,31,0.6223056598525936
5111589,Bradley Land,Radford,32,NA,NA,NA,NA,NA
5111629,Jacob Dar,Seton Hall,33,NA,NA,NA,NA,NA
5111680,Rylie Marshall,C Arkansas,34,NA,NA,NA,NA,NA
5111902,Franck Yetna,Texas A&M-CC,33,621,224,176,49,0.5669163798339745
5111919,Jamir Simpson,UTSA,30,1039,485,425,128,0.5038228205767473
5112181,Rickey Ballard,Grambling,33,735,235,170,65,0.5916414904330313
5112187,Jimel Lane,Grambling,33,NA,NA,NA,NA,NA
5112189,Nordin Kapic,South Carolina,32,NA,NA,NA,NA,NA
5112245,Mohamad Diallo,Rider,29,NA,NA,NA,NA,NA
5112334,Ezra McKenna,Buffalo,32,515,160,108,32,0.6553079947575361
5112342,Eric Morgan Jr.,Saint Peter's,29,NA,NA,NA,NA,NA
5112412,Troy Glover II,Bowling Green,32,734,245,161,64,0.6475999154155213
5113141,Bo Barber,Gardner-Webb,22,NA,NA,NA,NA,NA
5113182,David Tubek,UTEP,31,NA,NA,NA,NA,NA
5113287,Zine Eddine Bedri,Columbia,28,NA,NA,NA,NA,NA
5113363,Connor Gal,Temple,32,NA,NA,NA,NA,NA
5113383,Jordan Rayford,Indiana,32,NA,NA,NA,NA,NA
5113385,Kellan Boylan,Lipscomb,32,389,110,82,49,0.5310930861336424
5113386,Corbin Green,Troy,34,NA,NA,NA,NA,NA
5113388,Rytis Petraitis,California,34,NA,NA,NA,NA,NA
5113390,Marcell McCreary,UT Arlington,32,938,402,303,107,0.5741544789762341
5113400,Broek Ostrom,St Bonaventure,34,NA,NA,NA,NA,NA
5113534,Javon Jackson,Murray St,33,846,543,432,138,0.5510228933268387
5113969,Cameron Carr,Baylor,34,1146,642,437,166,0.6293624029487883
5114198,Damarion Bonds,Alabama St,32,NA,NA,NA,NA,NA
5114229,David Gabriel,Seton Hall,33,NA,NA,NA,NA,NA
5114231,Shah Muhammad,Florida St,33,NA,NA,NA,NA,NA
5114350,AK Okereke,Vanderbilt,36,944,347,237,102,0.6155101461614871
5114447,Marshal Destremau,UT Rio Grande,33,NA,NA,NA,NA,NA
5114809,Sola Adebisi,The Citadel,33,NA,NA,NA,NA,NA
5115354,Ian Scott,Indiana St,32,961,433,261,116,0.6938213049609024
5115357,Elijah Malone,Colorado,33,NA,NA,NA,NA,NA
5115446,Nico Ashley,C Connecticut,30,NA,NA,NA,NA,NA
5115454,Josh Hines,Green Bay,33,NA,NA,NA,NA,NA
5115456,Ajay Holubar,IU Indy,32,NA,NA,NA,NA,NA
5115458,Sean Craig,Toledo,34,1075,396,296,92,0.5884450784593438
5115621,Grant Kemp,New Orleans,33,NA,NA,NA,NA,NA
5115866,Malcolm Noel,West Georgia,32,NA,NA,NA,NA,NA
5116128,Melo Sanchez,C Connecticut,30,NA,NA,NA,NA,NA
5116155,Nick Mullen,C Michigan,31,588,170,128,51,0.5650093060356288
5116435,Jikari Johnson,Chattanooga,32,NA,NA,NA,NA,NA
5116468,Andrew Holifield,Lamar,31,886,362,302,96,0.5257959563095514
5116500,Grant Sanders,Nicholls,33,NA,NA,NA,NA,NA
5116517,Daniel Helterhoff,Rider,29,NA,NA,NA,NA,NA
5116699,Elijah Davis,North Carolina,33,NA,NA,NA,NA,NA
5116961,Bryson Monroe,Hou Christian,32,NA,NA,NA,NA,NA
5117296,Ja'Kobe Williams,C Connecticut,30,NA,NA,NA,NA,NA
5117524,Cedric Lath,Houston,37,NA,NA,NA,NA,NA
5117582,Ladji Dembele,UNLV,35,NA,NA,NA,NA,NA
5117583,Jimmy Oladokun Jr.,Rice,31,540,132,121,64,0.4424778761061947
5117584,Jordann Dumont,VCU,36,NA,NA,NA,NA,NA
5117606,Parker Gerrits,Washington St,32,NA,NA,NA,NA,NA
5117627,Pearson Carmichael,Boise St,32,NA,NA,NA,NA,NA
5117648,Kashie Natt,Sam Houston,34,898,368,272,132,0.5574406204556471
5117707,Grady Lewis,CSU Northridge,34,NA,NA,NA,NA,NA
5118036,Blake Lander,Southern Miss,35,NA,NA,NA,NA,NA
5118041,Connor Martin,Coastal,32,NA,NA,NA,NA,NA
5118089,Delkedric Holmes,Miss Valley St,33,NA,NA,NA,NA,NA
5119013,Davis Ambuehl,Sacramento St,23,NA,NA,NA,NA,NA
5119063,Kaleb Lowery,Nevada,37,NA,NA,NA,NA,NA
5119069,Kamrin Oriol,North Florida,32,1141,670,473,133,0.63026791089705
5119094,Kollin Tolbert,E Texas A&M,32,NA,NA,NA,NA,NA
5119095,JJ Harper,Liberty,34,912,366,223,96,0.6899411853415774
5119172,Cam Christy,Winthrop,34,NA,NA,NA,NA,NA
5120280,Kiyan Anthony,Syracuse,32,NA,NA,NA,NA,NA
5121357,Brendan Rigsbee,Wofford,32,NA,NA,NA,NA,NA
5121360,Zyair Greene,Indiana St,32,NA,NA,NA,NA,NA
5121428,Isaiah Miranda,Long Island,35,NA,NA,NA,NA,NA
5121952,AJ Redd,Illinois,37,NA,NA,NA,NA,NA
5122260,Jaylen Jordon,Jacksonville,32,NA,NA,NA,NA,NA
5122836,Jamal Fuller,Long Island,35,NA,NA,NA,NA,NA
5122917,Mady Traore,Washington,33,NA,NA,NA,NA,NA
5122918,Ahmet Jonovic,Bradley,34,841,276,183,108,0.5986465382613222
5123799,Janko Bulajic,Lamar,31,367,46,30,23,0.5732801595214357
5123978,Rory Hawke,Saint Mary's,33,NA,NA,NA,NA,NA
5124659,Ahmed Essahaty,SE Louisiana,31,NA,NA,NA,NA,NA
5125137,Steven Tipton,W Illinois,31,NA,NA,NA,NA,NA
5125176,Emmanuel Okorafor,Wichita St,36,607,225,158,67,0.6000640068273949
5125192,Freddie Dilione V,Penn State,32,879,448,368,71,0.5610660254483518
5126036,Niccolo Moretti,FAU,33,865,185,144,58,0.5456583294006606
5132733,Davin Cosby Jr.,Kennesaw St,35,NA,NA,NA,NA,NA
5137653,Sir Mohammed,Notre Dame,31,507,178,169,44,0.4724994691017201
5141770,Mark Zackery IV,Notre Dame,20,NA,NA,NA,NA,NA
5142324,Rich Barron,Providence,33,NA,NA,NA,NA,NA
5142326,Marcus Adams Jr.,Arizona St,33,NA,NA,NA,NA,NA
5142356,Baye Ndongo,Georgia Tech,31,NA,NA,NA,NA,NA
5142358,Jamichael Davis,Rutgers,34,892,256,214,71,0.521937693687816
5142360,Braden Pierce,Villanova,33,NA,NA,NA,NA,NA
5142584,Adrian Myers,San José St,33,NA,NA,NA,NA,NA
5142608,Jaiden Glover-Toscano,Saint Joseph's,36,NA,NA,NA,NA,NA
5142609,Juke Harris,Wake Forest,35,1231,750,527,249,0.5891039336433329
5142610,Garrett Sundra,Notre Dame,31,554,108,90,19,0.5490036600244002
5142617,Makhan Diouf,Fresno St,32,NA,NA,NA,NA,NA
5142618,Christian Bliss,Delaware,31,1233,518,368,164,0.5884223918575064
5142620,Darius Acuff Jr.,Arkansas,37,NA,NA,NA,NA,NA
5142621,Chris Cenac Jr.,Houston,37,920,352,295,58,0.5491076999875203
5142622,Jake Wilkins,Georgia,33,NA,NA,NA,NA,NA
5142624,Jacob Ross,UConn,40,NA,NA,NA,NA,NA
5142625,Joson Sanon,St John's,37,775,291,266,82,0.4816604872881356
5142707,Colt Langdon,NC State,34,NA,NA,NA,NA,NA
5142708,King Grace,Mississippi St,32,NA,NA,NA,NA,NA
5142709,Dante Allen,Miami,35,NA,NA,NA,NA,NA
5142710,DeWayne Brown II,Tennessee,37,NA,NA,NA,NA,NA
5142718,AJ Dybantsa,BYU,35,1219,894,604,296,0.608792765308346
5143304,Xavion Staton,BYU,35,NA,NA,NA,NA,NA
5143601,Jasai Miles,Indiana,32,NA,NA,NA,NA,NA
5143603,Gabe Warren,Holy Cross,33,1044,413,293,145,0.5787556053811659
5143604,JT Toppin,Texas Tech,34,NA,NA,NA,NA,NA
5143607,Drayton Jones,Butler,32,623,203,116,93,0.6468264083609482
5143921,Anthony Robinson,Xavier,33,NA,NA,NA,NA,NA
5144059,James Nnaji,Baylor,22,NA,NA,NA,NA,NA
5144085,Amere Brown,Arkansas,37,NA,NA,NA,NA,NA
5144086,Nigel James Jr.,Marquette,32,936,526,419,130,0.5522889542209156
5144088,Cam Carroll,Rice,31,728,210,205,51,0.4616602180794935
5144089,Leroy Kelly IV,Tarleton St,32,NA,NA,NA,NA,NA
5144090,Josh Dixon,Milwaukee,32,593,289,264,62,0.496086240043944
5144092,Jordan Lowery,UT Arlington,32,498,146,133,35,0.49191374663072773
5144094,Kellen Robinson,Little Rock,32,NA,NA,NA,NA,NA
5144097,Derek Dixon,North Carolina,33,736,215,189,33,0.5282036163522013
5144098,Bryce Jackson,Houston,37,NA,NA,NA,NA,NA
5144099,Patton Pinkins,Ole Miss,35,875,324,230,78,0.6128934624697336
5144103,Zach Kinziger,Wisconsin,35,NA,NA,NA,NA,NA
5144104,Jaylen Harrell,Providence,33,NA,NA,NA,NA,NA
5144105,Acaden Lewis,Villanova,33,1008,401,344,103,0.5150005137162231
5144106,Mazi Mosley,LSU,32,NA,NA,NA,NA,NA
5144108,Kayden Mingo,Penn State,32,NA,NA,NA,NA,NA
5144109,Brandon Stores Jr.,Georgia Tech,31,NA,NA,NA,NA,NA
5144110,Jordan Watford,Queens,35,729,413,229,167,0.6826897646125363
5144111,Antione West Jr,Purdue,39,NA,NA,NA,NA,NA
5144114,Alec Blair,Oklahoma,37,NA,NA,NA,NA,NA
5144115,Tylis Jordan,Ole Miss,35,NA,NA,NA,NA,NA
5144117,Jasir Rencher,Washington,33,NA,NA,NA,NA,NA
5144119,Jalen Wilson,Northern Iowa,36,NA,NA,NA,NA,NA
5144120,Kameren Wright,Morehead St,33,NA,NA,NA,NA,NA
5144124,Nikolas Khamenia,Duke,38,748,218,169,49,0.5719983207388749
5144128,Abdou Yadd,Sacred Heart,33,NA,NA,NA,NA,NA
5144130,Kellen Hampton,Pacific,33,NA,NA,NA,NA,NA
5144131,Kash Polk,Arizona St,33,NA,NA,NA,NA,NA
5144135,Bryce Cofield,Fullerton,34,724,343,266,153,0.5145205808232329
5144136,Brayden Boe,Utah State,36,NA,NA,NA,NA,NA
5144137,Vincent Chaudhri,G Washington,35,NA,NA,NA,NA,NA
5144139,London Jemison,Alabama,35,NA,NA,NA,NA,NA
5144141,Tyler Kropp,Northwestern,34,NA,NA,NA,NA,NA
5144143,D'Andre Harrison,Kansas City,31,NA,NA,NA,NA,NA
5144145,Jackson McVey,Georgia,33,NA,NA,NA,NA,NA
5144146,Jack Bailey,Boston College,31,NA,NA,NA,NA,NA
5144147,Daniel Jacobsen,Purdue,39,502,214,127,75,0.66875
5144150,Sebastian Wilkins,Duke,38,NA,NA,NA,NA,NA
5144151,Nicholas Randall,Missouri,33,NA,NA,NA,NA,NA
5144153,Kareem Stagg,Georgia,33,424,157,107,45,0.6190851735015773
5144157,Silas Barksdale,Virginia,36,NA,NA,NA,NA,NA
5144158,Luke Bevilacqua,Lafayette,32,NA,NA,NA,NA,NA
5144165,Isaac Asuma,Minnesota,33,1132,359,317,66,0.5187261588255693
5144166,T.O. Barrett,Missouri,33,753,285,226,86,0.5401000606428138
5144371,Ty Bevins,G Washington,35,NA,NA,NA,NA,NA
5144372,Isaiah Brown,Florida,35,NA,NA,NA,NA,NA
5144373,Cole Certa,Notre Dame,31,833,398,302,102,0.5736854243542435
5144375,Larry Johnson,McNeese,34,862,592,431,184,0.5781701695444957
5144378,Andre Mills,Maryland,33,882,404,330,103,0.5382073963551103
5144380,Austin Swartz,Creighton,34,NA,NA,NA,NA,NA
5144381,Darrion Sutton,Missouri St,34,465,158,125,34,0.5644469848528151
5144382,Zion Wilburn,Samford,32,NA,NA,NA,NA,NA
5144387,Bryce Dortch,Rutgers,34,NA,NA,NA,NA,NA
5144388,Kuol Atak,Oklahoma,37,NA,NA,NA,NA,NA
5144391,Chance Puryear,SMU,34,NA,NA,NA,NA,NA
5144392,Sebastian Rancik,Colorado,33,NA,NA,NA,NA,NA
5144495,Alijah Arenas,USC,32,NA,NA,NA,NA,NA
5145712,Lefteris Liotopoulos,St John's,37,NA,NA,NA,NA,NA
5147322,Tyler Ode,Toledo,34,NA,NA,NA,NA,NA
5147928,Thierry Darlan,Santa Clara,35,625,213,173,44,0.5536494073611977
5149077,Kingston Flemings,Houston,37,1171,594,466,129,0.5681383426428954
5149078,Moustapha Thiam,Cincinnati,33,NA,NA,NA,NA,NA
5149079,John Clark,Texas,36,NA,NA,NA,NA,NA
5149083,Nic Codie,Texas,36,NA,NA,NA,NA,NA
5149115,Allen Graves,Santa Clara,35,790,412,283,112,0.619959070663296
5149116,Ty Davis,Creighton,34,NA,NA,NA,NA,NA
5149117,Jahvin Carter,MTSU,32,857,346,311,63,0.5107463391591874
5149633,Eric Freeny,UCLA,36,NA,NA,NA,NA,NA
5150404,Chance Mallory,Virginia,36,866,335,232,129,0.5800664912037679
5151855,Luka Toews,Boston College,31,NA,NA,NA,NA,NA
5152623,Connor Amundsen,Dartmouth,27,NA,NA,NA,NA,NA
5152656,Josiah Moseley,Texas Tech,34,NA,NA,NA,NA,NA
5152658,Pape N'Diaye,Xavier,33,NA,NA,NA,NA,NA
5152726,Tallis Toure,Stanford,33,NA,NA,NA,NA,NA
5152729,Jalin Holland,Colorado,33,NA,NA,NA,NA,NA
5152730,Owen Verna,Saint Joseph's,36,NA,NA,NA,NA,NA
5152734,Kingston Tosi,Utah State,36,NA,NA,NA,NA,NA
5152761,Devon Pryor,Oregon,32,NA,NA,NA,NA,NA
5152763,Eric Reibe,UConn,40,551,237,158,48,0.6615676641357748
5156117,Ryan Mela,Providence,33,856,326,241,82,0.588277753717338
5164367,Malachi Brown,Georgia St,32,993,392,336,82,0.5267684368952914
5164368,David Punch,TCU,35,NA,NA,NA,NA,NA
5164369,Emmanuel Stephen,UNLV,35,NA,NA,NA,NA,NA
5164370,Evan Stinson,Stanford,33,NA,NA,NA,NA,NA
5164558,Oswin Erhunmwunse,Providence,33,824,229,147,59,0.6620027752081405
5164559,Nate Ament,Tennessee,37,NA,NA,NA,NA,NA
5164560,Semetri Carr,California,34,NA,NA,NA,NA,NA
5165275,Tyler Johnson,Virginia Tech,32,NA,NA,NA,NA,NA
5165276,Jeremiah Wilkinson,Georgia,33,NA,NA,NA,NA,NA
5169569,Trent Burns,Missouri,33,NA,NA,NA,NA,NA
5170078,Saša Ciani,Penn State,32,NA,NA,NA,NA,NA
5171688,Isaiah Johnson-Arigu,St Thomas (MN),34,NA,NA,NA,NA,NA
5171788,Eduardo Klafke,Ole Miss,35,NA,NA,NA,NA,NA
5172339,DaJohn Craig,Coastal,32,404,145,128,9,0.5494089117914519
5172343,Cole Kirouac,Georgia Tech,31,NA,NA,NA,NA,NA
5173445,Dominick Stewart,Penn State,32,719,211,172,43,0.5525874711921223
5173589,Hayden Assemian,South Carolina,32,NA,NA,NA,NA,NA
5173645,Jason Jakstys,Illinois,37,NA,NA,NA,NA,NA
5174287,Coleson Messer,Vanderbilt,36,NA,NA,NA,NA,NA
5174288,Jason Rivera-Torres,Monmouth,34,1198,538,435,168,0.5285703057455002
5174289,William Patterson,New Orleans,33,NA,NA,NA,NA,NA
5174291,Bryce Lindsay,Villanova,33,942,406,345,83,0.5320821975256868
5174292,Rob Dockery,La Salle,32,872,399,265,162,0.593255620316403
5174293,Tyler Ringgold,Tulane,33,NA,NA,NA,NA,NA
5174294,Morris Ugusuk,West Virginia,35,NA,NA,NA,NA,NA
5174297,Cameron Barnes,Illinois St,36,NA,NA,NA,NA,NA
5174298,Danny Stephens,W Illinois,31,NA,NA,NA,NA,NA
5174316,Harrison Alexander,SIUE,32,NA,NA,NA,NA,NA
5174317,Jaquan Scott,AR-Pine Bluff,32,NA,NA,NA,NA,NA
5174319,Mike Williams,Seton Hall,33,689,232,213,54,0.48994762628822436
5174452,Jayce Nathaniel,UIC,35,693,217,191,65,0.49408014571949
5174555,Elijah Strong,South Carolina,32,548,319,279,58,0.5237751215026928
5174557,Naithan George,Syracuse,32,1029,348,274,108,0.5411793978601642
5174559,Ibrahim Souare,Syracuse,32,NA,NA,NA,NA,NA
5174561,Koron Davis,Alabama A&M,33,969,492,349,178,0.5756809884863803
5174565,Papa Amadou Kante,Pitt,33,NA,NA,NA,NA,NA
5174566,Benjamin Mayhew,Pitt,33,NA,NA,NA,NA,NA
5174567,Jajuan Nelson,Pitt,33,NA,NA,NA,NA,NA
5174568,Bobby Durkin,Minnesota,33,1081,337,257,40,0.6136198106336489
5174569,Mike Loughnane,Northeastern,31,959,316,261,52,0.5565731999436382
5174570,Hunter Adam,Davidson,34,NA,NA,NA,NA,NA
5174571,Rikus Schulte,Fordham,32,961,341,254,79,0.590455741792492
5174572,Desmond Roberts,Virginia,36,NA,NA,NA,NA,NA
5174574,Jaiun Simon,Dayton,37,NA,NA,NA,NA,NA
5174575,Evan Dickey,Dayton,37,NA,NA,NA,NA,NA
5174576,Petras Padegimas,Mercer,32,NA,NA,NA,NA,NA
5174577,Will Maxwell,Dayton,37,NA,NA,NA,NA,NA
5174578,Makai Grant,Dayton,37,NA,NA,NA,NA,NA
5174579,Marqus Marion,Wake Forest,35,NA,NA,NA,NA,NA
5174580,Vincent Ricchiuti,Wake Forest,35,NA,NA,NA,NA,NA
5174581,Will Underwood,Wake Forest,35,NA,NA,NA,NA,NA
5174582,Jakub Necas,Duquesne,33,NA,NA,NA,NA,NA
5174583,Ethan Anish,Duquesne,33,NA,NA,NA,NA,NA
5174585,Seamus McDermott,Duquesne,33,NA,NA,NA,NA,NA
5174586,Jake DiMichele,Duquesne,33,NA,NA,NA,NA,NA
5174589,Jameson O'Toole,Fordham,32,NA,NA,NA,NA,NA
5174594,Baraka Okojie,Mercer,32,NA,NA,NA,NA,NA
5174599,Trey Autry,G Washington,35,NA,NA,NA,NA,NA
5174600,Amir Arrington,G Washington,35,NA,NA,NA,NA,NA
5174601,Zamoku Weluche-Ume,NC A&T,30,NA,NA,NA,NA,NA
5174602,Luke Cronin,Tulane,33,NA,NA,NA,NA,NA
5174608,Tunde Vahlberg Fasasi,William & Mary,32,859,380,282,89,0.5916054303151077
5174609,Miles Rubin,Loyola Chicago,33,979,372,275,92,0.5895777862305058
5174611,Jaylen Curry,Oklahoma St,35,NA,NA,NA,NA,NA
5174612,Robert Davis Jr.,Old Dominion,33,NA,NA,NA,NA,NA
5174613,Marqui Worthy Jr.,UC Riverside,32,1120,524,379,191,0.5658258465791292
5174614,Jayden Ndjigue,UMass,33,886,216,146,88,0.5846686877436119
5174615,Tarique Foster,UAlbany,32,NA,NA,NA,NA,NA
5174617,Mathok Majok,New Orleans,33,NA,NA,NA,NA,NA
5174618,Rollie Castineyra,UMass,33,NA,NA,NA,NA,NA
5174619,Cam Estevez,Fairfield,34,NA,NA,NA,NA,NA
5174620,Always Wright,UT Rio Grande,33,502,97,95,23,0.4613774733637747
5174621,Tyson Brown,Radford,32,882,207,138,100,0.5686813186813187
5174622,Connor Dubsky,UNC Asheville,32,NA,NA,NA,NA,NA
5174623,David Green,Tulsa,38,NA,NA,NA,NA,NA
5174624,David Fuchs,San Francisco,33,NA,NA,NA,NA,NA
5174628,Collin Tanner,Richmond,32,NA,NA,NA,NA,NA
5174629,Mikkel Tyne,Richmond,32,NA,NA,NA,NA,NA
5174630,Jack Graham,New Hampshire,30,839,336,290,63,0.5287674682110034
5174631,Ryan Soulis,Columbia,28,NA,NA,NA,NA,NA
5174632,Shawn Simmons II,UMass Lowell,33,NA,NA,NA,NA,NA
5174633,Xzayvier Brown,Oklahoma,37,1196,570,443,119,0.5753391472868217
5174634,Anthony Finkley,Saint Joseph's,36,NA,NA,NA,NA,NA
5174635,Will Lange,Saint Joseph's,36,NA,NA,NA,NA,NA
5174636,Dasear Haskins,Saint Joseph's,36,998,400,325,74,0.5593466830741693
5174637,Cian Medley,Kent State,34,NA,NA,NA,NA,NA
5174638,Djordje Curcic,Charleston,32,NA,NA,NA,NA,NA
5174639,Abou Magassa,Wyoming,33,NA,NA,NA,NA,NA
5174642,Tsvet Sotirov,GA Southern,37,NA,NA,NA,NA,NA
5174643,Stef van Bussel,Duquesne,33,NA,NA,NA,NA,NA
5174652,Blake Muschalek,Auburn,38,NA,NA,NA,NA,NA
5174653,Reed Trapp,Auburn,38,NA,NA,NA,NA,NA
5174654,Addarin Scott,Kansas City,31,NA,NA,NA,NA,NA
5174657,Alex Condon,Florida,35,NA,NA,NA,NA,NA
5174659,Kajus Kublickas,Pacific,33,665,184,171,56,0.4702514823144551
5174660,Cooper Josefsberg,Florida,35,NA,NA,NA,NA,NA
5174661,Blue Cain,Georgia,33,916,431,329,86,0.5874495692945153
5174664,Markel Jennings,Georgia,33,NA,NA,NA,NA,NA
5174665,Zvonimir Ivisic,Illinois,37,637,238,171,52,0.6137817206519497
5174668,Jack DeRose,St Bonaventure,34,NA,NA,NA,NA,NA
5174669,Miles Rose,UAlbany,32,NA,NA,NA,NA,NA
5174671,Waka Mbatch,Montana St,32,NA,NA,NA,NA,NA
5174672,Michael Belle,VCU,36,807,262,194,64,0.5896651062297443
5174781,James Goodis,Baylor,34,NA,NA,NA,NA,NA
5174783,Ian Stephens,Indiana,32,NA,NA,NA,NA,NA
5174787,Harrison Hochberg,Michigan,40,NA,NA,NA,NA,NA
5174791,Malik Abdullahi,Princeton,29,NA,NA,NA,NA,NA
5174796,Kris Keinys,Pacific,33,NA,NA,NA,NA,NA
5174799,Matar Diop,Stetson,33,NA,NA,NA,NA,NA
5174800,Blake Barkley,ETSU,34,NA,NA,NA,NA,NA
5174801,Parker Strauss,UC Riverside,32,NA,NA,NA,NA,NA
5174804,Jace Rayl,Purdue,39,NA,NA,NA,NA,NA
5174805,Emmanuel Ogbole,Rutgers,34,645,159,112,46,0.6011796733212341
5174806,Dan Vessey,Columbia,28,NA,NA,NA,NA,NA
5174807,Jack Janicki,Wisconsin,35,NA,NA,NA,NA,NA
5174808,Winters Grady,Michigan,40,NA,NA,NA,NA,NA
5174812,Evan Ashe,Binghamton,31,NA,NA,NA,NA,NA
5174813,Max Sims,Kansas City,31,NA,NA,NA,NA,NA
5174814,Stephan Snagg,Binghamton,31,NA,NA,NA,NA,NA
5174815,Gavin Walsh,UNC Wilmington,34,NA,NA,NA,NA,NA
5174850,Aaron Davis III,Bryant,31,NA,NA,NA,NA,NA
5174851,Keyshawn Mitchell,VCU,36,NA,NA,NA,NA,NA
5174853,Seth Joba,Idaho,36,618,186,149,32,0.5702722590139808
5174858,Franck Emmou,Texas St,32,NA,NA,NA,NA,NA
5174860,Ace Valentine,UMBC,33,NA,NA,NA,NA,NA
5174932,KiJan Robinson,New Hampshire,30,NA,NA,NA,NA,NA
5174934,Eric Parnell,FDU,32,822,341,315,33,0.517419276523428
5174935,Nick Dorn,Indiana,32,NA,NA,NA,NA,NA
5174936,Grant Gondrezick II,Long Beach St,32,NA,NA,NA,NA,NA
5174937,Takai Simpkins,Oregon,32,NA,NA,NA,NA,NA
5174938,Isaac Harrell,Elon,32,824,237,183,43,0.5868660855784469
5174939,Savion Taylor,Elon,32,NA,NA,NA,NA,NA
5174940,Ned Hull,Elon,32,572,145,124,15,0.5551301684532925
5174941,Horace Simmons Jr.,Drexel,33,NA,NA,NA,NA,NA
5174946,Kobe Rodgers,Louisville,35,NA,NA,NA,NA,NA
5174947,Colby Duggan,Charleston,32,NA,NA,NA,NA,NA
5174952,KJ Lewis,Georgetown,34,NA,NA,NA,NA,NA
5174953,Will Kuykendall,Baylor,34,NA,NA,NA,NA,NA
5174954,Motiejus Krivas,Arizona,39,984,407,239,168,0.6503259619071967
5174955,Paulius Murauskas,Saint Mary's,33,1064,606,417,200,0.6
5174956,Jackson Cook,Arizona,39,NA,NA,NA,NA,NA
5174957,Conrad Martinez,High Point,36,785,317,223,90,0.6035795887281036
5174958,Jerry Deng,NC State,34,NA,NA,NA,NA,NA
5174959,Abdi Bashir Jr.,Kansas St,32,NA,NA,NA,NA,NA
5174960,Corey Miller,Monmouth,34,NA,NA,NA,NA,NA
5174961,Jack Leahy,Monmouth,34,NA,NA,NA,NA,NA
5174962,Cornelius Robinson III,Monmouth,34,NA,NA,NA,NA,NA
5174963,Quinn Peters,Monmouth,34,NA,NA,NA,NA,NA
5174970,Isaiah Watts,Maryland,33,NA,NA,NA,NA,NA
5174971,Rueben Chinyelu,Florida,35,856,382,257,118,0.6182830506279943
5174972,AJ LaBeau,Cornell,28,NA,NA,NA,NA,NA
5174973,Oscar Cluff,Purdue,39,964,414,240,123,0.7037943696450428
5174974,Isaiah Sherrard,Georgia St,32,NA,NA,NA,NA,NA
5174976,Jayden Teat,Sacramento St,31,NA,NA,NA,NA,NA
5174977,Jake Wahlin,Clemson,35,716,184,159,32,0.5315461058470071
5174978,Ayomide Bamisile,UL Monroe,22,304,61,53,14,0.5155510480054091
5174979,Jerry Huang,Utah,32,NA,NA,NA,NA,NA
5174981,Brandon Williams,UCLA,36,NA,NA,NA,NA,NA
5174982,Berke Buyuktuncel,Nebraska,35,NA,NA,NA,NA,NA
5174983,Aday Mara,Michigan,40,935,484,301,140,0.6674020959735245
5174984,Jan Vide,LMU,32,NA,NA,NA,NA,NA
5174995,Camian Shell,Delaware St,31,NA,NA,NA,NA,NA
5174998,Uchenna Kellman-Nicholes,NC A&T,30,NA,NA,NA,NA,NA
5175000,Jalal McKie,NC A&T,30,NA,NA,NA,NA,NA
5175001,Nikolaos Chitikoudis,Robert Morris,33,NA,NA,NA,NA,NA
5175007,Andrej Stojakovic,Illinois,37,NA,NA,NA,NA,NA
5175008,Cameron Grant,Stanford,33,NA,NA,NA,NA,NA
5175009,Aidan Cammann,Stanford,33,717,213,139,105,0.5750539956803457
5175011,Josiah Lake II,Oregon St,33,1127,431,275,170,0.6160663236134934
5175012,Gavin Marrs,Oregon St,33,NA,NA,NA,NA,NA
5175014,Thomas Ndong,CA Baptist,34,NA,NA,NA,NA,NA
5175016,William Kermoury,Northeastern,31,NA,NA,NA,NA,NA
5175017,JB Frankel,Northeastern,31,NA,NA,NA,NA,NA
5175021,Bangot Dak,Colorado,33,NA,NA,NA,NA,NA
5175023,Grady Whitt,UNC Wilmington,34,NA,NA,NA,NA,NA
5175024,Vladimir Pavlovic,Mercyhurst,34,NA,NA,NA,NA,NA
5175026,Omar Adegbola,N'Western St,32,NA,NA,NA,NA,NA
5175027,Yanis Ndjonga,McNeese,34,NA,NA,NA,NA,NA
5175028,Braelon Green,E Michigan,31,NA,NA,NA,NA,NA
5175029,Malachi Davis,Long Island,35,1081,491,449,124,0.4875287949797442
5175032,Day Day Thomas,Cincinnati,33,1004,381,322,78,0.5346317916479569
5175033,Jizzle James,Cincinnati,23,689,251,218,22,0.5512122276879832
5175036,Cade Kelderman,Iowa State,37,NA,NA,NA,NA,NA
5175037,Omaha Biliew,Wake Forest,35,706,220,150,63,0.6189511591267162
5175042,RJ Jones,TCU,35,NA,NA,NA,NA,NA
5175048,Andrew Bailey,Charlotte,34,NA,NA,NA,NA,NA
5175049,Sterling Young,Indiana St,32,NA,NA,NA,NA,NA
5175050,Nick Richart,Charlotte,34,NA,NA,NA,NA,NA
5175054,Cyr Malonga,New Mexico St,32,NA,NA,NA,NA,NA
5175055,Grant Smith,East Carolina,31,NA,NA,NA,NA,NA
5175056,Callum Richard,Wofford,32,NA,NA,NA,NA,NA
5175057,Jakel Powell,UNC Asheville,32,NA,NA,NA,NA,NA
5175058,Devin Vanterpool,FAU,33,NA,NA,NA,NA,NA
5175059,Reid Lovelace,Oklahoma,37,NA,NA,NA,NA,NA
5175063,JJ Taylor,N Illinois,30,NA,NA,NA,NA,NA
5175064,Jason Edwards,Providence,33,NA,NA,NA,NA,NA
5175065,Alex Cotton,Howard,35,NA,NA,NA,NA,NA
5175066,Terrance Dixon Jr.,Southern,34,698,306,166,122,0.6964675892206846
5175067,Zion Stanford,Villanova,33,NA,NA,NA,NA,NA
5175069,Chris Johnson,UCF,33,NA,NA,NA,NA,NA
5175077,Jack Francis,Texas Tech,34,NA,NA,NA,NA,NA
5175078,Eemeli Yalaho,Washington St,32,907,324,236,64,0.6132646880678376
5175080,Nils Machowski,Wofford,32,1078,551,418,124,0.5829947519891654
5175145,Jaiden Cole,Towson,34,NA,NA,NA,NA,NA
5175146,Mekhi Lowery,UIC,35,915,284,223,89,0.5416539517851693
5175148,Tyler Tejada,Towson,34,NA,NA,NA,NA,NA
5175170,Joel Armotrading,Nevada,37,NA,NA,NA,NA,NA
5175171,Quentin Jones,Saint Louis,35,926,318,243,80,0.5715312724658519
5175173,Jackson Mosley,Cal Poly,33,NA,NA,NA,NA,NA
5175174,Justin Page,Niagara,30,NA,NA,NA,NA,NA
5175352,Ofri Naveh,Oral Roberts,33,NA,NA,NA,NA,NA
5175354,Augusto Cassiá,Ole Miss,35,NA,NA,NA,NA,NA
5175355,Ethan McComb,Butler,32,NA,NA,NA,NA,NA
5175357,Brock Vice,Murray St,33,NA,NA,NA,NA,NA
5175358,Shane Thomas,Creighton,34,NA,NA,NA,NA,NA
5175359,Josh Townley-Thomas,Creighton,34,NA,NA,NA,NA,NA
5175360,Churchill Abass,New Orleans,33,662,277,176,97,0.6333455277117249
5175361,Dramane Camara,Norfolk St,32,NA,NA,NA,NA,NA
5175362,Hashem Asadallah,Georgetown,34,NA,NA,NA,NA,NA
5175364,Caedin Hamilton,Marquette,32,415,93,78,40,0.4864016736401674
5175365,Casey O'Malley,Marquette,32,NA,NA,NA,NA,NA
5175368,Lazar Djokovic,VCU,36,NA,NA,NA,NA,NA
5175369,Gytis Nemeiksa,Hawai'i,33,785,302,236,95,0.5435565154787617
5175370,Mason Williams,Iowa State,37,NA,NA,NA,NA,NA
5175371,Nic McClain,Belmont,32,NA,NA,NA,NA,NA
5175372,Sebastian Hartmann,Chattanooga,32,NA,NA,NA,NA,NA
5175374,Emmett Marquardt,E Washington,33,NA,NA,NA,NA,NA
5175375,Vice Zanki,Niagara,30,NA,NA,NA,NA,NA
5175379,Calum Rutherfurd,Montana St,32,NA,NA,NA,NA,NA
5175391,Arman Madi,Sacramento St,31,NA,NA,NA,NA,NA
5175392,Tichyque Musaka,SF Austin,34,NA,NA,NA,NA,NA
5175397,Viljami Vartiainen,Weber St,32,NA,NA,NA,NA,NA
5175404,Bailey Nunn,Fullerton,34,NA,NA,NA,NA,NA
5175405,Alex Kovatchev,Florida,35,NA,NA,NA,NA,NA
5175408,Bowyn Beatty,La Salle,32,NA,NA,NA,NA,NA
5175409,Chudi Dioramma,Arkansas St,32,NA,NA,NA,NA,NA
5175414,Mekhi Cameron,Tennessee Tech,31,828,347,263,121,0.54863394889957
5175415,Dejour Reaves,Fordham,32,NA,NA,NA,NA,NA
5175417,Egan Shields,N Colorado,32,NA,NA,NA,NA,NA
5175588,Matt Hodge,Villanova,33,NA,NA,NA,NA,NA
5175589,Jase Butler,Colorado St,34,882,317,196,114,0.6438901527461813
5175591,C.J. Cox,Purdue,39,952,330,258,38,0.6006115317414094
5175592,Trent Noah,Kentucky,36,NA,NA,NA,NA,NA
5175654,Quentin Bolton,N'Western St,32,NA,NA,NA,NA,NA
5175655,Lase Olalere,Charleston So,32,499,146,89,63,0.6254283755997259
5175657,Darryl Simmons II,St Bonaventure,34,1206,556,453,69,0.5751406818934127
5175658,Paul Lindberg,Gardner-Webb,33,NA,NA,NA,NA,NA
5175660,Titas Sargiunas,Lipscomb,32,758,311,247,75,0.5553571428571429
5175662,Juslin Bodo Bodo,Baylor,34,NA,NA,NA,NA,NA
5175663,Denzel Hines,UC Riverside,32,NA,NA,NA,NA,NA
5175665,Emanuel Richards,Longwood,32,833,311,247,98,0.5359851096098166
5175666,Johan Nziemi,Longwood,32,NA,NA,NA,NA,NA
5175669,Jaylen Benard,Longwood,32,634,235,204,32,0.5387931034482758
5175671,Kory Mincy,George Mason,33,1123,472,361,97,0.5846214823622672
5175672,Carl Parrish,Presbyterian,33,1105,476,384,97,0.5577950689040967
5175673,Jonah Pierce,Presbyterian,33,1077,528,386,178,0.5685733976567884
5175675,Trenton Walters,Niagara,30,NA,NA,NA,NA,NA
5175676,Trevor Roe,Le Moyne,32,NA,NA,NA,NA,NA
5175677,Kelcy Phipps,Portland St,31,547,146,105,44,0.5870054679961403
5175690,Logan Carey,Maine,32,813,309,223,105,0.573922734026746
5175691,Isaac Bonilla,Maine,32,NA,NA,NA,NA,NA
5175704,Ahmad Robinson,UAB,32,NA,NA,NA,NA,NA
5175705,Davide Poser,New Hampshire,30,855,209,209,15,0.48469387755102045
5175711,Mier Panoam,Xavier,33,NA,NA,NA,NA,NA
5175712,Spencer Elliott,Charlotte,34,586,140,117,48,0.5068056762235736
5175726,Tyshawn Archie,McNeese,34,871,486,413,70,0.5475439387111312
5175727,Carlous Williams,Tennessee St,33,NA,NA,NA,NA,NA
5175737,Yaxel Lendeborg,Michigan,40,1210,603,388,165,0.6545809813287017
5175741,Chandler Cuthrell,Elon,32,901,632,425,262,0.5848819130821056
5175742,Nazar Mahmoud,Grambling,33,NA,NA,NA,NA,NA
5175745,Yanis Bamba,Maine,32,NA,NA,NA,NA,NA
5175746,Joy Ighovodja,Wichita St,36,NA,NA,NA,NA,NA
5175758,Tom Mark,Bakersfield,32,NA,NA,NA,NA,NA
5175759,Corey Stephenson,FIU,32,NA,NA,NA,NA,NA
5175763,Kendrick De Luna,Fullerton,34,596,161,112,69,0.5654678280415847
5175785,Keonte Jones,Dayton,37,1118,286,205,103,0.5712687759667625
5175787,Mahmoud Fofana,CSU Northridge,34,1003,373,238,119,0.6423061027689764
5175788,Bryan Ndjonga,Canisius,31,1013,431,359,126,0.5199787665283274
5175795,Bautista Giralt,UAlbany,32,NA,NA,NA,NA,NA
5175796,Muneer Newton,Campbell,34,664,228,140,62,0.6814921090387375
5175797,Zacharie Matulu,UAlbany,32,NA,NA,NA,NA,NA
5175802,Sebastian Robinson,NJIT,33,NA,NA,NA,NA,NA
5175806,Cameron Piggee,NJIT,33,NA,NA,NA,NA,NA
5175807,Jeffrey Akintolu,NJIT,33,NA,NA,NA,NA,NA
5175808,JJ Chaikovsky,Long Beach St,32,NA,NA,NA,NA,NA
5175809,Tariq Francis,Rutgers,34,946,578,432,180,0.5653364632237872
5175814,Keenan Bey,UMass Lowell,33,NA,NA,NA,NA,NA
5175820,Cole Andrews-Heitz,Rice,31,NA,NA,NA,NA,NA
5175821,Camp Wagner,Indiana St,32,922,380,341,47,0.5253262552532626
5175833,Daniel Tobiloba,UC Riverside,32,NA,NA,NA,NA,NA
5175842,Dez White,Oregon St,33,NA,NA,NA,NA,NA
5175850,Kenyon Goodin,Bellarmine,32,NA,NA,NA,NA,NA
5175851,Grant Whitaker,Bellarmine,32,NA,NA,NA,NA,NA
5175852,Luke Anderson,Bellarmine,32,NA,NA,NA,NA,NA
5175853,Malcolm Wrisby-Jefferson,Brown,27,599,114,117,23,0.44839521711768404
5175854,Luke Paragon,Brown,27,NA,NA,NA,NA,NA
5175855,Adrian Uchidiuno,Brown,27,684,246,261,32,0.44714264941108045
5175857,N'famara Dabo,Brown,27,630,194,121,71,0.6371518654755649
5175860,Tucker Anderson,Utah State,36,NA,NA,NA,NA,NA
5175886,Nicolo Romanelli,Columbia,28,NA,NA,NA,NA,NA
5175887,Richard Nweke,Columbia,28,NA,NA,NA,NA,NA
5175888,Arop Arop,Memphis,32,NA,NA,NA,NA,NA
5175889,Justin Cross,Kansas,35,NA,NA,NA,NA,NA
5175897,Ian Imegwu,Cornell,28,NA,NA,NA,NA,NA
5175898,Jacob Beccles,Cornell,28,654,215,170,52,0.5573413521360432
5175900,Jake Fiegen,Cornell,28,NA,NA,NA,NA,NA
5175919,Ben Brown,Dartmouth,27,NA,NA,NA,NA,NA
5175920,Patrick Tivnan Jr.,Dartmouth,27,NA,NA,NA,NA,NA
5175921,Nikola Abusara,Dartmouth,27,NA,NA,NA,NA,NA
5175939,Caleb Johnson,Long Island,35,NA,NA,NA,NA,NA
5175943,Andres Burney,GA Southern,37,NA,NA,NA,NA,NA
5175952,Malik Mack,Georgetown,34,1096,463,404,121,0.5062986615344239
5175953,Xavier Nesbitt,Harvard,29,NA,NA,NA,NA,NA
5175954,Thomas Batties III,Harvard,29,958,357,274,47,0.6057418216370299
5175955,Luca Ace-Nasteski,Harvard,29,NA,NA,NA,NA,NA
5175956,Payton Pitts,Harvard,29,NA,NA,NA,NA,NA
5175971,Kai Yu,Bradley,34,NA,NA,NA,NA,NA
5175973,Sean Newman Jr.,San Diego St,33,510,108,94,36,0.4916241806263656
5175974,Jaylin Henderson,Portland St,31,1155,563,452,188,0.5264437462597247
5175976,Terri Miller Jr.,Portland St,31,NA,NA,NA,NA,NA
5176026,Gibraltar Coleman,American,32,NA,NA,NA,NA,NA
5176027,Noah Jones,American,32,NA,NA,NA,NA,NA
5176028,Greg Jones,American,32,969,399,306,150,0.5362903225806451
5176029,Matt Mayock,American,32,NA,NA,NA,NA,NA
5176030,Ryan Curry,Army,32,NA,NA,NA,NA,NA
5176031,Josh Scovens,Davidson,34,NA,NA,NA,NA,NA
5176034,Tate Laczkowski,Army,32,688,167,134,32,0.5638843868179362
5176035,Matai Baptiste,Boston U,34,NA,NA,NA,NA,NA
5176036,Ethan Okwuosa,Boston U,34,NA,NA,NA,NA,NA
5176037,Kyrone Alexander,Boston U,34,NA,NA,NA,NA,NA
5176039,Michael McNair,Boston U,34,1228,576,407,103,0.636717368234878
5176040,Spencer Joyner,Boston U,34,NA,NA,NA,NA,NA
5176042,Patrick O'Brien,Bucknell,33,NA,NA,NA,NA,NA
5176043,Brandon McCreesh,Bucknell,33,NA,NA,NA,NA,NA
5176046,Jalen Cox,Colgate,33,NA,NA,NA,NA,NA
5176047,Cooper Wright,Colgate,33,NA,NA,NA,NA,NA
5176048,Parker Jones,Colgate,33,NA,NA,NA,NA,NA
5176049,Sam Wright,Colgate,33,845,406,316,88,0.5722823635543527
5176058,DeAndre Williams,Holy Cross,33,841,262,237,42,0.5127602943478942
5176059,Kahlil Singleton,Canisius,31,NA,NA,NA,NA,NA
5176061,A.J. Wills,Hofstra,35,NA,NA,NA,NA,NA
5176062,Joe Nugent,Holy Cross,33,NA,NA,NA,NA,NA
5176063,Declan Ryan,Holy Cross,33,NA,NA,NA,NA,NA
5176064,Luke Rasmussen,Tulane,33,NA,NA,NA,NA,NA
5176065,Mark Butler,Lafayette,32,1086,343,287,121,0.5040559604984717
5176066,Misha Bednostin,Lafayette,32,NA,NA,NA,NA,NA
5176067,Andrew Phillips,Lafayette,32,1069,444,392,94,0.5122761676204541
5176068,Joshua Wyche,Lafayette,32,NA,NA,NA,NA,NA
5176075,Cam Gillus,Howard,35,1144,378,260,131,0.5950132225160559
5176076,Nasir Whitlock,Lehigh,35,1224,718,511,208,0.5958308437894178
5176077,Joshua Ingram,Lehigh,35,1221,366,272,69,0.6052387881994973
5176078,Jake Pike,Lehigh,35,NA,NA,NA,NA,NA
5176081,Troy Cicero Jr.,Loyola MD,32,446,187,162,22,0.5446178937558248
5176082,Jordan Stiemke,Loyola MD,32,879,316,281,53,0.5191903259726603
5176084,Cam Cole,Navy,34,651,209,148,58,0.6022360534808667
5176085,Reiss Whitaker,Navy,34,NA,NA,NA,NA,NA
5176086,Jinwoo Kim,Navy,34,1037,335,274,73,0.5471710440350189
5176087,Donovan Draper,Navy,34,NA,NA,NA,NA,NA
5176091,Jordan Pennick,Navy,34,838,246,218,59,0.5041810132808657
5176093,Julian Gabbidon,Navy,34,NA,NA,NA,NA,NA
5176094,Nyles Howard,Navy,34,NA,NA,NA,NA,NA
5176109,Noah Melson,FDU,32,NA,NA,NA,NA,NA
5176110,Sean Cusano,Chattanooga,32,NA,NA,NA,NA,NA
5176111,Collin Mulholland,Chattanooga,32,NA,NA,NA,NA,NA
5176112,Myles Che,UNLV,35,NA,NA,NA,NA,NA
5176133,Eddrin Bronson,Furman,35,NA,NA,NA,NA,NA
5176134,Tommy Humphries Jr.,St Thomas (MN),34,NA,NA,NA,NA,NA
5176136,Cooper Bowser,Furman,35,NA,NA,NA,NA,NA
5176137,Darrion Baker,SIUE,32,653,233,171,51,0.602253928866832
5176138,Zach Halligan,Akron,35,NA,NA,NA,NA,NA
5176139,Marvin Musiime-Kamali,Akron,35,309,71,40,23,0.7083000798084598
5176140,Karon Boyd,Wichita St,36,1218,391,329,105,0.5210554371002132
5176146,Anthony Benard,Canisius,31,NA,NA,NA,NA,NA
5176149,David Thomas,Richmond,32,NA,NA,NA,NA,NA
5176150,Jake Davis,Illinois,37,725,198,147,24,0.6283320639756284
5176153,Marcus Hill,Texas A&M,34,774,350,261,116,0.5608255351877964
5176159,Lukas Walls,Radford,32,765,252,148,69,0.706436420722135
5176160,Josh Holloway,Texas A&M,34,455,156,107,52,0.600554357868802
5176164,Davion Bailey,Incarnate Word,31,NA,NA,NA,NA,NA
5176166,Trent Middleton Jr.,NC A&T,30,NA,NA,NA,NA,NA
5176167,Mason Jones,Ball State,31,958,129,125,22,0.4789129789129789
5176168,Zane Doughty,Ball State,31,NA,NA,NA,NA,NA
5176169,Marcus Pigram,W Illinois,31,NA,NA,NA,NA,NA
5176171,Christian Moore,The Citadel,33,NA,NA,NA,NA,NA
5176173,Keynan Davis,The Citadel,33,NA,NA,NA,NA,NA
5176174,Rowan Irelan,The Citadel,33,NA,NA,NA,NA,NA
5176175,Quinn Nielsen,Boston U,34,NA,NA,NA,NA,NA
5176176,Bryce Eaton,Saint Peter's,29,789,321,296,74,0.48849525200876553
5176177,Cayden Vasko,Wofford,32,1021,334,286,65,0.5308328035600762
5176179,Shaedon Simpson,Saint Peter's,29,NA,NA,NA,NA,NA
5176181,Hunter Harding,Indiana St,32,NA,NA,NA,NA,NA
5176182,Aidan Rubio,E Michigan,31,307,89,88,13,0.47481860862142555
5176183,Drew Barbee,Incarnate Word,31,NA,NA,NA,NA,NA
5176186,RJ Johnson,Kennesaw St,35,NA,NA,NA,NA,NA
5176187,Frankquon Sherman,Kennesaw St,35,881,364,248,146,0.5828849602869587
5176188,Marcus Whitlock Jr.,MTSU,32,NA,NA,NA,NA,NA
5176190,Arne Osojnik,N Arizona,32,NA,NA,NA,NA,NA
5176191,Logan Suber,Lipscomb,32,NA,NA,NA,NA,NA
5176192,Cody Head,Akron,35,NA,NA,NA,NA,NA
5176193,Dylan Faulkner,Samford,32,NA,NA,NA,NA,NA
5176194,Zach Lamey,Samford,32,NA,NA,NA,NA,NA
5176196,Rashaan Mbemba,Colorado St,34,NA,NA,NA,NA,NA
5176200,Canin Jefferson,North Alabama,30,NA,NA,NA,NA,NA
5176204,Jamal Albritton,North Alabama,30,NA,NA,NA,NA,NA
5176205,Thomas Tillman,Furman,35,NA,NA,NA,NA,NA
5176206,LA Hayes,UTEP,31,NA,NA,NA,NA,NA
5176207,Donovan Hunter,Bellarmine,32,NA,NA,NA,NA,NA
5176208,Mason Lee,North Florida,32,835,257,171,52,0.6627811017123995
5176209,Jaylen Smith,ETSU,34,839,310,269,55,0.5286493860845839
5176210,Ametri Moss,Le Moyne,32,NA,NA,NA,NA,NA
5176212,Evan Ipsaro,Miami OH,34,NA,NA,NA,NA,NA
5176213,Mekhi Cooper,Lindenwood,33,986,212,211,52,0.4532238754917052
5176215,Jackson Kotecki,Miami OH,34,NA,NA,NA,NA,NA
5176216,Blake Anderson,Miami OH,34,NA,NA,NA,NA,NA
5176217,Reece Potter,Kentucky,36,NA,NA,NA,NA,NA
5176218,Isaac Taveras,Southern Miss,35,NA,NA,NA,NA,NA
5176220,Mason So,Mount St Marys,32,NA,NA,NA,NA,NA
5176222,Domas Kauzonas,UNC Greensboro,34,NA,NA,NA,NA,NA
5176224,Nas Muhammad,UAlbany,32,NA,NA,NA,NA,NA
5176225,Leo Amari IV,Evansville,32,NA,NA,NA,NA,NA
5176227,Amire Robinson,Nevada,37,NA,NA,NA,NA,NA
5176231,Bryce Ford,Arizona St,33,NA,NA,NA,NA,NA
5176232,Sam Lewis,Virginia,36,920,383,297,68,0.585770219013826
5176233,Grgur Brcic,Bucknell,33,NA,NA,NA,NA,NA
5176237,Deyton Albury,New Mexico,37,NA,NA,NA,NA,NA
5176239,Jaxon Pollard,Samford,32,NA,NA,NA,NA,NA
5176240,Magoon Gwath,San Diego St,33,NA,NA,NA,NA,NA
5176241,BJ Davis,San Diego St,33,735,358,256,116,0.5829859301719645
5176243,Miles Heide,San Diego St,33,NA,NA,NA,NA,NA
5176245,Brandon Muntu,Tennessee Tech,31,770,281,239,29,0.5580711789005403
5176246,Jefferson De La Cruz Monegro,Fullerton,34,NA,NA,NA,NA,NA
5176248,Michael Sulaka,W Michigan,31,NA,NA,NA,NA,NA
5176249,Rickey Mitchell Jr.,Bethune,32,NA,NA,NA,NA,NA
5176251,Latrell Davis,San Diego St,33,NA,NA,NA,NA,NA
5176252,Pasha Goodarzi,San José St,33,NA,NA,NA,NA,NA
5176254,Christian Wise,San José St,33,NA,NA,NA,NA,NA
5176255,William Humer,N Colorado,32,NA,NA,NA,NA,NA
5176259,Joaquim ArauzMoore,Gonzaga,35,NA,NA,NA,NA,NA
5176260,Pavle Stošic,Pepperdine,32,NA,NA,NA,NA,NA
5176261,Junseok Yeo,Seattle U,35,NA,NA,NA,NA,NA
5176262,Rob Whaley Jr.,Kent State,34,NA,NA,NA,NA,NA
5176263,Jacob Bannarbie,UNLV,35,NA,NA,NA,NA,NA
5176265,Khali Horton,Coppin St,31,614,229,200,59,0.5067268543104975
5176266,Ryan Archey,NC Central,32,NA,NA,NA,NA,NA
5176268,Preist Ryan,Cleveland St,33,NA,NA,NA,NA,NA
5176269,Camaren Sparrow,Coppin St,31,NA,NA,NA,NA,NA
5176272,Dallin Grant,Utah Tech,34,NA,NA,NA,NA,NA
5176273,Karson Templin,Utah State,36,686,317,221,113,0.5854757683215129
5176274,Kalifa Sakho,Houston,37,NA,NA,NA,NA,NA
5176275,Deywilk Tavarez,Loyola Chicago,33,755,295,277,44,0.49770549331893643
5176278,Dean Shepherd,Delaware St,31,NA,NA,NA,NA,NA
5176280,Kael Combs,Iowa,37,963,227,171,49,0.5894266722060656
5176283,Cam Manyawu,Iowa,37,709,244,160,73,0.6350197793046013
5176285,Jonas Sirtautas,Loyola MD,32,NA,NA,NA,NA,NA
5176286,Jacob Theodosiou,Loyola MD,32,NA,NA,NA,NA,NA
5176290,Daniel Akitoby,UTSA,30,NA,NA,NA,NA,NA
5176291,Trent Edwards,Morgan St,30,NA,NA,NA,NA,NA
5176294,Christian Oliver,Morgan St,30,NA,NA,NA,NA,NA
5176296,Allen Udemadu,Jacksonville,32,NA,NA,NA,NA,NA
5176298,Julius Mims,New Mexico St,32,NA,NA,NA,NA,NA
5176299,Tyler Mrus,BYU,35,NA,NA,NA,NA,NA
5176300,Quinn Denker,N Colorado,32,NA,NA,NA,NA,NA
5176301,EJ Neal Jr.,USC,32,NA,NA,NA,NA,NA
5176303,Kristian Gonzalez,Idaho,36,NA,NA,NA,NA,NA
5176305,Miles Klapper,Idaho,36,NA,NA,NA,NA,NA
5176308,Win Miller,Belmont,32,NA,NA,NA,NA,NA
5176309,Drew Scharnowski,Belmont,32,NA,NA,NA,NA,NA
5176310,Sam Orme,Belmont,32,NA,NA,NA,NA,NA
5176311,Brigham Rogers,Belmont,32,583,226,142,40,0.7080200501253133
5176312,Demarion Burch,Bradley,34,NA,NA,NA,NA,NA
5176313,Almar Atlason,Miami OH,34,639,337,237,78,0.6210378888397464
5176314,Kevin Overton,Auburn,38,1206,535,377,121,0.6217460022313127
5176315,Colby Garland,San José St,33,NA,NA,NA,NA,NA
5176317,Elijah Price,Nevada,37,1110,475,282,292,0.5785909179497174
5176318,Kolton Mitchell,Idaho,36,NA,NA,NA,NA,NA
5176319,Jaedyn Brown,Idaho St,33,NA,NA,NA,NA,NA
5176321,Kiree Huie,E Washington,33,834,423,310,143,0.5671457685294433
5176322,Isaiah Griffin,W Illinois,31,879,330,280,132,0.48805016564126835
5176324,Evan Otten,Idaho St,33,487,156,113,61,0.5577803203661327
5176325,Trent Johnson,Hou Christian,32,984,261,178,60,0.6384540117416829
5176331,Tyran Cook,W Illinois,31,NA,NA,NA,NA,NA
5176333,Koree Cotton,UT Rio Grande,33,894,460,323,128,0.6063482020457661
5176334,AJ Clark,VMI,32,NA,NA,NA,NA,NA
5176335,Stephen Olowoniyi,Oregon St,33,NA,NA,NA,NA,NA
5176337,Walker Andrews,VMI,32,NA,NA,NA,NA,NA
5176339,Robert Peters,VMI,32,NA,NA,NA,NA,NA
5176342,Eddie Placer,Wagner,31,NA,NA,NA,NA,NA
5176345,CJ Rich,SC Upstate,32,NA,NA,NA,NA,NA
5176346,Augustinas Kiudulas,Colorado St,34,495,200,118,87,0.6398771435884311
5176347,Eli Shetlar,Drake,34,946,310,239,41,0.6030189853719266
5176348,Cooper Bean,Indiana St,32,NA,NA,NA,NA,NA
5176349,Jaden Daughtry,Richmond,32,NA,NA,NA,NA,NA
5176350,Derek Vorst,Indiana St,32,NA,NA,NA,NA,NA
5176351,Ty Pence,Illinois St,36,847,340,244,73,0.6156743444879038
5176352,Johnny Kinziger,Illinois St,36,1161,415,360,84,0.5227226924627166
5176353,Ty Blake,Illinois St,36,NA,NA,NA,NA,NA
5176354,Chase Walker,Illinois St,36,NA,NA,NA,NA,NA
5176355,Toyaz Solomon,UNC Asheville,32,1068,542,425,171,0.5417399648168879
5176356,Javoy Thompson,MD Eastern,32,NA,NA,NA,NA,NA
5176357,Corey Jones,UNC Asheville,32,NA,NA,NA,NA,NA
5176358,Rasheed Baldwin,UNC Asheville,32,NA,NA,NA,NA,NA
5176359,Christian Hammond,Santa Clara,35,NA,NA,NA,NA,NA
5176361,Bukky Oboye,Santa Clara,35,NA,NA,NA,NA,NA
5176362,Luke McEldon,Mount St Marys,32,NA,NA,NA,NA,NA
5176370,Davion Hill,Ball State,31,835,434,344,105,0.5561250640697079
5176372,Tom Beattie,UC San Diego,34,1062,359,292,80,0.5485941320293398
5176374,Akira Jacobs,Fordham,32,911,229,196,33,0.5438913167395022
5176378,Kamari Jones,Cleveland St,33,NA,NA,NA,NA,NA
5176382,Malek Abdelgowad,Southern,34,NA,NA,NA,NA,NA
5176384,RJ Taylor,Northern Iowa,36,NA,NA,NA,NA,NA
5176385,Kyle Pock,Northern Iowa,36,NA,NA,NA,NA,NA
5176386,Connor Sevilla,UC Davis,33,NA,NA,NA,NA,NA
5176387,Drew Carter,Oregon,32,NA,NA,NA,NA,NA
5176388,Sheridan Sharp,So Indiana,30,512,131,132,74,0.398031113271755
5176390,Ethan Pickett,SE Louisiana,31,545,157,133,57,0.49658400809716596
5176395,Derin Saran,UC Irvine,35,1039,401,390,89,0.46719172336657655
5176396,Ben Egbo,UC Irvine,35,NA,NA,NA,NA,NA
5176397,Carter Welling,Clemson,35,NA,NA,NA,NA,NA
5176399,Sherman Weatherspoon IV,Utah Valley,34,NA,NA,NA,NA,NA
5176400,Jahari Williamson,Kent State,34,855,350,237,69,0.6545481747456613
5176401,Lucas Scroggins,Saint Peter's,29,NA,NA,NA,NA,NA
5176402,Cooper Schwieger,Wake Forest,35,NA,NA,NA,NA,NA
5176403,Isaiah Stafford,S Illinois,32,NA,NA,NA,NA,NA
5176404,Kaspar Sepp,Cornell,28,525,134,98,53,0.5522584899439499
5176412,Isaiah Moses,E Washington,33,1101,587,420,151,0.603363210262314
5176415,Chip Brunt,N'Western St,32,NA,NA,NA,NA,NA
5176417,Belal El Shakery,New Hampshire,30,NA,NA,NA,NA,NA
5176418,Jeremy Lorenz,DePaul,32,NA,NA,NA,NA,NA
5176421,Jasen Brooks,UC San Diego,34,NA,NA,NA,NA,NA
5176423,Aidan Burke,UC San Diego,34,738,212,170,36,0.5703831252690487
5176424,Yaqub Mir,UC San Diego,34,NA,NA,NA,NA,NA
5176425,Ryan Beasley,San Francisco,33,NA,NA,NA,NA,NA
5176426,Junjie Wang,San Francisco,33,668,280,209,85,0.5681818181818181
5176443,Kevin Patton Jr.,New Mexico,37,NA,NA,NA,NA,NA
5176444,Santiago Trouet,Arizona St,33,NA,NA,NA,NA,NA
5176445,Dragos Lungu,UT Martin,33,NA,NA,NA,NA,NA
5176447,David Simon,Vermont,34,NA,NA,NA,NA,NA
5176448,Josh Hecht,San Diego,33,NA,NA,NA,NA,NA
5176449,Joey Chammaa,Arkansas St,32,NA,NA,NA,NA,NA
5176451,Keyon Kensie Jr.,Portland St,31,NA,NA,NA,NA,NA
5176464,Jason Fontenet II,Santa Barbara,32,NA,NA,NA,NA,NA
5176465,Kilian Brockhoff,William & Mary,32,695,343,256,88,0.5819082519001085
5176481,Andrew McKeever,Saint Mary's,33,763,269,210,94,0.53508911521324
5176494,Vincent Delano,N Colorado,32,642,196,168,46,0.5206119847003825
5176495,Kelson Gebbers,Portland,34,NA,NA,NA,NA,NA
5176497,Tyler Harris,Vanderbilt,36,NA,NA,NA,NA,NA
5176517,Michael Ajayi,Butler,32,1076,526,415,199,0.5233205985354983
5176518,Nils Cooper,UC Davis,33,NA,NA,NA,NA,NA
5176520,John Squire,New Hampshire,30,802,182,120,61,0.6197221465540724
5176529,Villiam Garcia Adsten,Drexel,33,NA,NA,NA,NA,NA
5176530,Tan Yildizoglu,VMI,32,NA,NA,NA,NA,NA
5176553,London Fields,E Texas A&M,32,NA,NA,NA,NA,NA
5176556,Brandon Hardy,Southern,34,NA,NA,NA,NA,NA
5176557,Christian Landry,Louisiana,33,NA,NA,NA,NA,NA
5176567,Kevin Carney,LMU,32,NA,NA,NA,NA,NA
5176569,Vasean Allette,UTSA,30,NA,NA,NA,NA,NA
5176571,Dani Pounds,Tennessee Tech,31,NA,NA,NA,NA,NA
5176572,Leeroy Odiahi,Western KY,32,NA,NA,NA,NA,NA
5176577,Josiah Hammons,UIC,35,NA,NA,NA,NA,NA
5176580,Marcus Glover,Incarnate Word,31,NA,NA,NA,NA,NA
5176581,Josh Akpovwa,Texas Southern,30,NA,NA,NA,NA,NA
5176632,Jackson Holcombe,Utah Valley,34,1024,543,379,198,0.5824680339826654
5176636,Jayden Barrs,Lamar,31,NA,NA,NA,NA,NA
5176637,Errol White,Lamar,31,692,155,133,51,0.49858466289243436
5176643,Nasir Mann,Queens,35,1063,467,337,127,0.5943290572184892
5176646,Jaylen Searles,Nicholls,33,NA,NA,NA,NA,NA
5176648,Hamed Olayinka,FIU,32,757,321,242,101,0.5603267700041894
5176649,Tennessee Rainwater,Le Moyne,32,784,315,176,134,0.6703268641470889
5176654,Carlos Hart,E Michigan,31,NA,NA,NA,NA,NA
5176658,CJ Booker,SE Louisiana,31,NA,NA,NA,NA,NA
5176660,Hasan Abdul Hakim,Memphis,32,NA,NA,NA,NA,NA
5176661,Saliou Seye,Grambling,33,NA,NA,NA,NA,NA
5176662,Makaih Williams,Grand Canyon,32,867,447,335,131,0.5692237163814181
5176664,Kade Douglas,Tarleton St,32,489,170,148,34,0.5216003927344133
5176665,Jamal West Jr.,UTEP,31,963,448,291,181,0.604360025901144
5176669,Cliff Davis,James Madison,33,1034,514,393,93,0.5922750737463126
5176670,Jae Slack,NC Central,26,622,267,187,112,0.5650076180802438
5176672,Chris Mubiru,N'Western St,32,857,219,172,53,0.5606184722506656
5176673,J.C. Riley Jr.,N'Western St,32,NA,NA,NA,NA,NA
5176674,Kam Burton,SF Austin,34,634,267,206,27,0.612722599596108
5176681,Marcus Millender,Georgia,33,865,395,294,81,0.5991384540711079
5176682,John Broom,South Alabama,33,NA,NA,NA,NA,NA
5176683,Ethan Kizer,South Dakota,32,486,127,109,30,0.5196399345335515
5176685,Kwo Agwa,UT Rio Grande,33,NA,NA,NA,NA,NA
5176686,KC Ugwuakazi,Merrimack,34,NA,NA,NA,NA,NA
5176687,Brandon Taylor,Texas,36,NA,NA,NA,NA,NA
5176688,Evan Phelps,E Texas A&M,32,NA,NA,NA,NA,NA
5176708,Dian Wright-Forde,Norfolk St,32,NA,NA,NA,NA,NA
5176709,Christian Villegas,New Mexico St,32,NA,NA,NA,NA,NA
5176710,Kam Parker,Texas A&M-CC,33,NA,NA,NA,NA,NA
5176712,Teddy Washington Jr.,Chattanooga,32,NA,NA,NA,NA,NA
5176713,Shilo Jackson,Le Moyne,32,NA,NA,NA,NA,NA
5176727,Dontae Horne,Prairie View,37,1194,744,561,248,0.555124455321435
5176728,Kaden Gumbs,Texas St,32,907,278,210,69,0.5782992178399068
5176729,Ryan Bolton Jr.,Prairie View,37,NA,NA,NA,NA,NA
5176731,Kerrington Kiel,Troy,34,549,132,112,51,0.49092531984528415
5176732,Thomas Dowd,Troy,34,1226,491,379,115,0.571461824953445
5176733,Marcus Rigsby Jr.,UT Arlington,32,NA,NA,NA,NA,NA
5176734,Myles Rigsby,Tulsa,38,NA,NA,NA,NA,NA
5176735,Jerrell Bellamy,Troy,34,566,270,174,65,0.6663376110562685
5176736,Victor Valdes,Troy,34,NA,NA,NA,NA,NA
5176737,Tayton Conerway,Indiana,32,NA,NA,NA,NA,NA
5176738,Kameryn Mitchell,Troy,34,NA,NA,NA,NA,NA
5176741,Randarius Jones,Grambling,33,NA,NA,NA,NA,NA
5176747,Tyreese Watson,UTEP,31,NA,NA,NA,NA,NA
5176750,Ajay Tew,UL Monroe,32,NA,NA,NA,NA,NA
5176751,Jordan Leaks,Norfolk St,32,752,173,179,47,0.433193108974359
5176752,Chris Fields Jr.,Campbell,34,NA,NA,NA,NA,NA
5176753,Tai Hamilton,Winthrop,34,NA,NA,NA,NA,NA
5176754,Luke Wilson,App State,32,903,341,173,210,0.6424265259984929
5176755,Jordan Marsh,USC,32,NA,NA,NA,NA,NA
5176756,Etienne Strothers,Hampton,32,602,198,169,63,0.5032533550223668
5176757,Josh Hayes,Utah,32,426,91,58,28,0.6470420932878271
5176758,Tre'Von Spillers,Wake Forest,35,1019,393,284,75,0.6198738170347003
5176759,Luke Ledford,App State,32,NA,NA,NA,NA,NA
5176763,Torey Alston,MTSU,32,937,420,263,198,0.5997943562207243
5176765,Chris Loofe,MTSU,32,796,234,162,90,0.5803571428571429
5176766,Obadiah Curtis,Hou Christian,32,NA,NA,NA,NA,NA
5176770,Jaden Harris,Kennesaw St,35,NA,NA,NA,NA,NA
5176771,Yaak Yaak,Oregon St,33,NA,NA,NA,NA,NA
5176773,CJ Beaumont,Sam Houston,34,NA,NA,NA,NA,NA
5176778,Jack Edelen,Western KY,32,NA,NA,NA,NA,NA
5176779,Enoch Kalambay,Campbell,34,NA,NA,NA,NA,NA
5176780,Teagan Moore,Western KY,32,NA,NA,NA,NA,NA
5176781,Izzy Miles,N'Western St,32,780,337,235,143,0.5655880773361976
5176783,Traivar Jackson,N Arizona,32,705,232,161,71,0.6034124011652101
5176784,Quinton Perkins II,Mercer,32,NA,NA,NA,NA,NA
5176786,Joseph Martinez,Tarleton St,32,NA,NA,NA,NA,NA
5176787,Emmanuel Innocenti,Gonzaga,35,854,209,177,33,0.5456349206349206
5176788,Bubu Benjamin,G Washington,35,NA,NA,NA,NA,NA
5176789,Devon Barnes,Ball State,31,648,283,233,81,0.5267272185824896
5176792,Braeden MacVicar,Coastal,32,NA,NA,NA,NA,NA
5176794,Jon Sanders II,E Michigan,31,NA,NA,NA,NA,NA
5176795,Jacob Meyer,UAB,32,NA,NA,NA,NA,NA
5176798,Eren Banks,App State,32,NA,NA,NA,NA,NA
5176799,Collin Kuhl,Stetson,33,NA,NA,NA,NA,NA
5176801,Avantae Parker,Queens,35,772,389,225,133,0.6860186230248307
5176803,Malik Ferguson,Tennessee Tech,31,NA,NA,NA,NA,NA
5176804,Dhiaukuei Manyiel Dut,California,34,NA,NA,NA,NA,NA
5176811,Elijah Jones,Longwood,32,NA,NA,NA,NA,NA
5176812,Mac Wrecke,Green Bay,33,NA,NA,NA,NA,NA
5176814,Marcus Hall,Green Bay,33,NA,NA,NA,NA,NA
5176815,David Douglas Jr.,Fresno St,32,NA,NA,NA,NA,NA
5176835,Aaron Franklin,Milwaukee,32,806,216,155,72,0.5785301049925005
5176836,Darius Duffy,Purdue FW,32,691,161,105,49,0.6360619469026548
5176937,DeAndre Craig Jr.,Purdue FW,32,920,448,339,126,0.5678937227461718
5176939,Josh Lee,Denver,32,NA,NA,NA,NA,NA
5176946,Zach Kraft,North Dakota,35,NA,NA,NA,NA,NA
5176947,Amar Kuljuhovic,Missouri St,34,NA,NA,NA,NA,NA
5176948,Deng Mayar,Omaha,33,NA,NA,NA,NA,NA
5176949,Ryan Erikson,North Dakota,35,NA,NA,NA,NA,NA
5176950,Mambourou Mara,Hou Christian,32,NA,NA,NA,NA,NA
5176951,Matthew Bothun,North Dakota,35,NA,NA,NA,NA,NA
5176952,Anthony Doppler,North Dakota,35,NA,NA,NA,NA,NA
5176954,Jeremiah Burke,Denver,32,1025,467,385,62,0.566362666149219
5177015,Grant Stubblefield,Omaha,33,NA,NA,NA,NA,NA
5177019,Marcel Bryant,Prairie View,37,NA,NA,NA,NA,NA
5177021,Biko Johnson,Idaho,36,996,441,375,138,0.5060589369319747
5177038,Josh Jones,North Dakota,35,NA,NA,NA,NA,NA
5177040,Jailen Bedford,Virginia Tech,32,NA,NA,NA,NA,NA
5177041,Shey Eberwein,South Dakota,32,NA,NA,NA,NA,NA
5177042,Isaac Bruns,South Dakota,32,NA,NA,NA,NA,NA
5177043,Jake Brack,South Dakota,32,NA,NA,NA,NA,NA
5177045,Jalen Hayes,South Dakota,32,NA,NA,NA,NA,NA
5177047,William Whorton,Memphis,32,NA,NA,NA,NA,NA
5177048,Joe Sayler,S Dakota St,32,1040,463,373,88,0.5622753327504129
5177049,Bubz Alvarez,S Dakota St,32,NA,NA,NA,NA,NA
5177051,Damon Wilkinson,S Dakota St,32,768,444,285,150,0.6324786324786325
5177052,Hayden Tibbits,St Thomas (MN),34,NA,NA,NA,NA,NA
5177053,Adam Tauer,St Thomas (MN),34,NA,NA,NA,NA,NA
5177054,Ben Oosterbaan,St Thomas (MN),34,816,257,201,26,0.604876671060064
5177093,Nicco DiGiulio,Canisius,31,NA,NA,NA,NA,NA
5177095,Isaac Brice,Portland St,31,NA,NA,NA,NA,NA
5177096,Greg Gordon,Long Island,35,1194,490,388,113,0.5597185415334003
5177097,Jeremiah Quigley,Binghamton,31,NA,NA,NA,NA,NA
5177098,Jean Aranguren,G Washington,35,845,288,208,84,0.5878510777269759
5177099,Sully Adewale,UAlbany,32,NA,NA,NA,NA,NA
5177101,Dylan Saunders,New Hampshire,30,NA,NA,NA,NA,NA
5177104,Jasper Floyd,West Virginia,35,992,245,192,60,0.5608974358974359
5177105,Matt Curtis,Fairfield,34,NA,NA,NA,NA,NA
5177108,Luke Davidson,Fairfield,34,NA,NA,NA,NA,NA
5177110,Joe Ganton,Fairfield,34,NA,NA,NA,NA,NA
5177111,Peyton Smith,Fairfield,34,NA,NA,NA,NA,NA
5177114,Seydou Traore,Utah,32,NA,NA,NA,NA,NA
5177115,Shaquil Bender,Long Beach St,32,NA,NA,NA,NA,NA
5177116,Jaden Winston,Manhattan,32,1129,489,350,158,0.5828089244851259
5177120,Jason Schofield,Marist,31,NA,NA,NA,NA,NA
5177121,Josh Pascarelli,Colorado St,34,NA,NA,NA,NA,NA
5177122,De'Shayne Montgomery,Dayton,37,NA,NA,NA,NA,NA
5177124,Patrick Haigh,Mount St Marys,32,NA,NA,NA,NA,NA
5177125,Dallas Hobbs,Rice,31,NA,NA,NA,NA,NA
5177126,Ahmad Henderson II,UIC,35,745,420,336,132,0.5328867235079172
5177137,Khaden Bennett,Wyoming,33,933,338,253,106,0.5640101455079429
5177138,Doug Young,Prairie View,37,NA,NA,NA,NA,NA
5177139,Rihards Vavers,Washington St,32,NA,NA,NA,NA,NA
5177140,Daemar Kelly,N Illinois,30,NA,NA,NA,NA,NA
5177145,Ife West-Ingram,UAlbany,32,NA,NA,NA,NA,NA
5177148,Armoni Zeigler,Ball State,31,1005,386,323,122,0.5123712434958054
5177149,Michael Houge,Oakland,32,NA,NA,NA,NA,NA
5177164,Mosi Clayton,Siena,35,NA,NA,NA,NA,NA
5177167,Mike Evbagharu,Canisius,31,NA,NA,NA,NA,NA
5177169,Max Frazier,C Connecticut,30,845,359,234,85,0.6613854089904201
5177173,Jacob Huggins,Princeton,29,615,140,113,84,0.466791144305148
5177174,Jackson Hicke,Princeton,29,985,446,329,107,0.5929589449053393
5177175,Dalen Davis,Princeton,29,NA,NA,NA,NA,NA
5177185,Trevor Mullin,Yale,31,841,357,277,75,0.5758064516129032
5177186,Jeannot Basima,Yale,31,NA,NA,NA,NA,NA
5177187,Samson Aletan,Yale,31,NA,NA,NA,NA,NA
5177188,Ryan Sabol,Buffalo,32,1159,603,467,92,0.5941120832348072
5177189,Anquan Boldin Jr,Florida A&M,31,NA,NA,NA,NA,NA
5177192,Bryce Darbyshire,N Kentucky,34,NA,NA,NA,NA,NA
5177193,Randall Pettus II,Elon,32,875,351,311,63,0.5181270666036845
5177207,Tuburu Naivalurua,Oakland,32,1021,456,338,123,0.5814546567377333
5177211,Alvaro Folgueiras,Iowa,37,764,312,210,86,0.6294383473208521
5177212,Vasilije Serafimoski,Robert Morris,33,NA,NA,NA,NA,NA
5177215,Solomon Callaghan,Wright St,35,NA,NA,NA,NA,NA
5177217,Carson Schwieger,Queens,35,NA,NA,NA,NA,NA
5177218,Dayjaun Anderson,UAB,32,NA,NA,NA,NA,NA
5177219,Kaden Brown,So Indiana,30,NA,NA,NA,NA,NA
5177227,Gabe Dynes,USC,32,NA,NA,NA,NA,NA
5177229,Darin Smith Jr.,C Connecticut,30,980,621,445,177,0.5938264993880049
5177232,Jameel Morris,Alcorn St,32,NA,NA,NA,NA,NA
5177233,Terrence Brown,Utah,32,1007,636,492,204,0.5466171617161716
5177247,AJ Dancler,Coastal,32,1062,499,418,111,0.5344443492417101
5177248,Deng Garang,Le Moyne,32,963,345,277,70,0.560428849902534
5177250,Trent Mosquera,Le Moyne,32,1019,433,361,87,0.5422260068122621
5177251,Kaelin Thomas,Le Moyne,32,NA,NA,NA,NA,NA
5177252,Ocypher Owens,Tarleton St,32,NA,NA,NA,NA,NA
5177253,Nate Fouts,Le Moyne,32,NA,NA,NA,NA,NA
5177260,Eric Acker,La Salle,32,NA,NA,NA,NA,NA
5177262,Tre'shawn Sheppard,Long Island,35,NA,NA,NA,NA,NA
5177264,Nikola Djapa,Colorado St,34,NA,NA,NA,NA,NA
5177275,Adam Clark,Seton Hall,33,1012,418,357,130,0.5045871559633027
5177281,Lucius Gibson-Savadel,Sacred Heart,33,NA,NA,NA,NA,NA
5177284,Ace Talbert,Gardner-Webb,33,NA,NA,NA,NA,NA
5177285,Carlos Lopez,Hofstra,35,NA,NA,NA,NA,NA
5177286,Eli Wilborn,James Madison,33,NA,NA,NA,NA,NA
5177290,Ryen Gresko,Saint Francis,31,NA,NA,NA,NA,NA
5177291,KJ Swain Jr.,Saint Francis,31,NA,NA,NA,NA,NA
5177297,Louie Semona,Western KY,32,NA,NA,NA,NA,NA
5177298,Todd Brogna,Merrimack,34,994,207,184,24,0.531969572368421
5177301,Melvin Council Jr.,Kansas,35,1217,445,441,80,0.4672406551868963
5177341,Nakyel Shelton,LMU,32,NA,NA,NA,NA,NA
5177346,Jaylon McDaniel,Lindenwood,33,NA,NA,NA,NA,NA
5177349,Isaac Ondekane,Omaha,33,NA,NA,NA,NA,NA
5177350,Jeremiah Talton,Lindenwood,33,NA,NA,NA,NA,NA
5177351,Christian Hughes,Little Rock,32,NA,NA,NA,NA,NA
5177352,Bradley Douglas,James Madison,33,NA,NA,NA,NA,NA
5177355,Cougar Downing,UMBC,33,NA,NA,NA,NA,NA
5177358,Jerone Morton,Washington St,32,798,249,192,61,0.568908791811369
5177359,Eddie Ricks III,James Madison,33,NA,NA,NA,NA,NA
5177360,George Marshall,Morehead St,33,1003,456,314,157,0.5951759423619087
5177364,Jordan Pickett,SIUE,32,NA,NA,NA,NA,NA
5177367,BJ Ward,SE Missouri,33,996,359,332,63,0.49899922161681304
5177368,TJ Biel,Maine,32,NA,NA,NA,NA,NA
5177370,Marqueas Bell,SE Missouri,33,730,301,202,115,0.5958036421219319
5177516,Chrishawn Christmas,SF Austin,34,989,213,174,58,0.5337810745789896
5177520,Bilal Abdur-Rahman,Alabama A&M,33,NA,NA,NA,NA,NA
5177521,AC Bryant,Jax State,32,NA,NA,NA,NA,NA
5177526,Chad Moodie,App State,32,404,85,58,41,0.558916359810626
5177528,CJ Hines,Temple,32,NA,NA,NA,NA,NA
5177530,Micah Octave,Florida A&M,31,NA,NA,NA,NA,NA
5177532,Ubong Okon,Robert Morris,33,NA,NA,NA,NA,NA
5177533,Sean Smith,MTSU,32,741,297,249,54,0.5444346678398593
5177534,Stephen Byard,Chicago St,32,NA,NA,NA,NA,NA
5177536,Alex Tsynkevich,Hofstra,35,NA,NA,NA,NA,NA
5177538,Jalyke Gaines-Wyatt,Hampton,32,NA,NA,NA,NA,NA
5177539,Djahi Binet,Southern Miss,35,924,397,241,128,0.6676308354634737
5177542,Lataevyon Taylor,N Illinois,30,NA,NA,NA,NA,NA
5177557,Roderick Coffee III,Grambling,33,NA,NA,NA,NA,NA
5177558,K'Jei Parker,UMass,33,686,352,263,60,0.6081548030407741
5177572,Kintavious Dozier,Alabama A&M,33,1066,485,369,144,0.5608751965954297
5177573,Mikale Stevenson,Purdue FW,32,954,444,375,93,0.5337564916330063
5177575,Cbo Newton,Abilene Chrstn,33,NA,NA,NA,NA,NA
5177579,Delyle Williams,Jackson St,33,NA,NA,NA,NA,NA
5177597,Andre Nunley,Southern,34,NA,NA,NA,NA,NA
5177603,Brentay Noel,UL Monroe,32,NA,NA,NA,NA,NA
5177605,Jordan Johnson,Bethune,32,513,158,156,23,0.47555983626294246
5177606,Tidjiane Dioumassi,W Carolina,31,NA,NA,NA,NA,NA
5177608,Jaylen Wysinger,Texas Southern,30,NA,NA,NA,NA,NA
5177610,Kyle Layton,E Illinois,33,NA,NA,NA,NA,NA
5177611,Rodney Johnson Jr.,C Michigan,31,NA,NA,NA,NA,NA
5177651,James Dent Jr.,MTSU,32,NA,NA,NA,NA,NA
5177655,Tay Knox,Texas St,32,451,88,59,41,0.5711318795430945
5177676,Isaac Jones,Stetson,33,NA,NA,NA,NA,NA
5177677,Alex Doyle,Stetson,33,542,163,137,7,0.5818103940605368
5177678,Finley Sheridan,Stetson,33,NA,NA,NA,NA,NA
5177682,Henry Harrison,Winthrop,34,NA,NA,NA,NA,NA
5177685,Okechukwu Okeke,UAlbany,32,953,344,223,62,0.6872303020616909
5177686,Jaidon Lipscomb,Cleveland St,33,904,425,294,76,0.6489738578060102
5177687,Travis Gray,Wagner,26,NA,NA,NA,NA,NA
5177688,Renato Ruiz,FIU,32,NA,NA,NA,NA,NA
5177690,Corey Camper Jr.,Nevada,37,NA,NA,NA,NA,NA
5177691,David Terrell Jr.,North Texas,33,1083,446,342,199,0.519135859949716
5177692,Trey Horton III,UTEP,31,NA,NA,NA,NA,NA
5177694,Money Williams,Montana,34,1060,699,456,234,0.6252683555173894
5177695,Chase Henderson,Montana,34,NA,NA,NA,NA,NA
5177696,Zack Davidson,N Arizona,32,NA,NA,NA,NA,NA
5177698,Connor Dick,Montana,34,NA,NA,NA,NA,NA
5177699,Jalin Rice,Nicholls,33,NA,NA,NA,NA,NA
5177701,KJ Debrick,NC A&T,30,NA,NA,NA,NA,NA
5177702,Yaniel Rivera,Abilene Chrstn,33,NA,NA,NA,NA,NA
5177703,Kavion McClain,Monmouth,34,NA,NA,NA,NA,NA
5177705,Ma'Shy Hill,Abilene Chrstn,33,334,89,63,28,0.5908125331917154
5177707,Corey Hadnot II,Purdue FW,32,1063,654,471,155,0.6064540059347181
5177708,Jermaine Coleman,St Thomas (MN),34,471,150,127,17,0.5577037477691851
5177716,Will Heimbrodt,Seattle U,35,NA,NA,NA,NA,NA
5177717,Malek Gomma,Weber St,32,803,255,192,100,0.5402542372881356
5177719,Harrison Reede,Incarnate Word,31,NA,NA,NA,NA,NA
5177722,Prophet Johnson,Sacramento St,31,NA,NA,NA,NA,NA
5177724,Nestor Dyachok,North Florida,32,485,138,105,50,0.5433070866141733
5177725,Brock Felder,Seattle U,35,NA,NA,NA,NA,NA
5177728,Greg Spate,Chicago St,32,NA,NA,NA,NA,NA
5177731,Tanner Cuff,Hawai'i,33,NA,NA,NA,NA,NA
5177732,Chuck Bailey III,Nevada,37,NA,NA,NA,NA,NA
5177734,Joshua Hughes,Evansville,32,882,297,219,56,0.6095058282712199
5177736,Ben Humrichous,Illinois,37,833,216,183,24,0.5579665220086795
5177738,Dakota Candler,Evansville,32,NA,NA,NA,NA,NA
5177740,Weston Aigner,Evansville,32,NA,NA,NA,NA,NA
5177741,Jayson Petty,Kansas City,31,965,345,291,72,0.5345853477129044
5177742,Malik Olafioye,E Illinois,33,NA,NA,NA,NA,NA
5177743,Jamar Brown,UCLA,36,563,137,112,16,0.5754368279569892
5177744,Cameron Faas,Fresno St,32,610,168,147,10,0.5548216644649934
5178038,Andrew Crawford,Colorado,33,NA,NA,NA,NA,NA
5178199,Jakobi Heady,Bethune,32,NA,NA,NA,NA,NA
5178200,Seneca Willoughby,Bethune,32,NA,NA,NA,NA,NA
5178203,Reggie Ward Jr.,Bethune,32,NA,NA,NA,NA,NA
5178207,Dominique Daniels Jr.,CA Baptist,34,NA,NA,NA,NA,NA
5178209,Tasman Goodrick,Siena,35,NA,NA,NA,NA,NA
5178210,Tylen Riley,Tulsa,38,1053,569,377,233,0.5933016349683017
5178211,Jonathan Griman,CA Baptist,34,NA,NA,NA,NA,NA
5178891,Devon Ellis,Norfolk St,32,875,356,243,101,0.6192596715836348
5178892,Tyler Mack,Alabama St,32,NA,NA,NA,NA,NA
5178893,Antwan Wilson,Rider,29,NA,NA,NA,NA,NA
5178894,Israel Yaw,Campbell,34,NA,NA,NA,NA,NA
5179085,Ace Buckner,Clemson,35,681,292,231,80,0.5484598046581518
5179086,Ashton Simmons,TCU,35,NA,NA,NA,NA,NA
5179092,Wilson Dubinsky,Marshall,32,600,159,136,31,0.5312750601443464
5179093,Caleb McCarty,Bakersfield,32,NA,NA,NA,NA,NA
5179094,James Morrow,SC State,32,NA,NA,NA,NA,NA
5179095,Mitchell Taylor,UNC Asheville,32,NA,NA,NA,NA,NA
5179096,Michael Teal,MD Eastern,32,837,187,152,71,0.5102597686094739
5179284,Tito Deng,Jacksonville,32,NA,NA,NA,NA,NA
5179285,Zach Bell,Southern Utah,32,NA,NA,NA,NA,NA
5179286,Jalen Griffith,W Michigan,31,NA,NA,NA,NA,NA
5179287,Donovan Rivers,Jacksonville,32,639,276,182,118,0.5899452804377564
5179289,Kye Dickson,UT Rio Grande,33,NA,NA,NA,NA,NA
5179290,Caleb Ellison,NC Central,32,NA,NA,NA,NA,NA
5179291,Josh Smith,West Georgia,32,NA,NA,NA,NA,NA
5179293,Gbenga Olubi,NC Central,32,NA,NA,NA,NA,NA
5179294,Po'Boigh King,Sam Houston,34,NA,NA,NA,NA,NA
5180677,Anthony Enoh,Georgia St,32,NA,NA,NA,NA,NA
5180701,Kaleb Lofton,Charleston So,31,NA,NA,NA,NA,NA
5180714,Jailen Daniel-Dalton,UC Riverside,32,NA,NA,NA,NA,NA
5180726,Mason Matthews,Memphis,32,NA,NA,NA,NA,NA
5180743,Chris Terrell,New Mexico St,32,NA,NA,NA,NA,NA
5180772,Joseph Owens,Chicago St,32,NA,NA,NA,NA,NA
5180818,Dylan Brumfield,Southern Miss,35,1091,295,221,135,0.526034236804565
5180837,Joshua Ward,Fullerton,34,1050,493,364,169,0.5623232046719591
5180868,Shon Tupuola,Valparaiso,33,813,212,150,58,0.6039197812215131
5180944,NaVuan Peterson,Gardner-Webb,33,NA,NA,NA,NA,NA
5180962,Mikhail Pocknett,Buffalo,32,NA,NA,NA,NA,NA
5181250,Dillon Battie,Wichita St,36,NA,NA,NA,NA,NA
5181259,Lukas Sotell,Maryland,33,NA,NA,NA,NA,NA
5181503,Andrew Henderson,UC Riverside,32,1066,579,495,112,0.531895347982656
5181545,Brandon Baffone,Delaware,31,NA,NA,NA,NA,NA
5181765,Ryan Lopez,Chattanooga,32,NA,NA,NA,NA,NA
5181767,Michael Lawlor,Manhattan,32,NA,NA,NA,NA,NA
5181768,Xinyi Li,Long Island,35,NA,NA,NA,NA,NA
5181934,Matt Compas,IU Indy,32,NA,NA,NA,NA,NA
5182077,Wesley Celichowski,Air Force,32,661,152,147,45,0.45563549160671457
5182078,Josh Gatete,Air Force,32,NA,NA,NA,NA,NA
5182079,Kolby Gilles,Air Force,32,409,103,84,42,0.5025370804059328
5182081,Luke Kearney,Utah State,36,NA,NA,NA,NA,NA
5182084,Caleb Walker,Air Force,32,NA,NA,NA,NA,NA
5182412,Tyler Perkins,Villanova,33,984,452,359,94,0.5644919572384853
5182413,Sam Brown,Davidson,34,NA,NA,NA,NA,NA
5182415,Augustus Gerhart,Penn,30,595,164,109,44,0.6388282954191337
5182416,Niklas Polonowski,Penn,30,NA,NA,NA,NA,NA
5182458,Mustafo Vanjov,UT Rio Grande,33,NA,NA,NA,NA,NA
5182573,Aaron Nkrumah,Tennessee St,33,1034,584,443,182,0.5582320103999387
5182581,Jose Roberto Tanchyn,UMBC,33,NA,NA,NA,NA,NA
5182601,Tre Beard,Cleveland St,33,NA,NA,NA,NA,NA
5182713,Jo Valrie,SIUE,32,756,203,174,45,0.5237358101135191
5182714,Charlie Diamantis,Stonehill,33,NA,NA,NA,NA,NA
5182715,Rob Matos,Omaha,33,NA,NA,NA,NA,NA
5183069,Jack DiDonna,Boston College,31,NA,NA,NA,NA,NA
5183116,CJ Hall,SIUE,32,NA,NA,NA,NA,NA
5183131,Dontrell Hewlett,Green Bay,33,NA,NA,NA,NA,NA
5183293,Cash Chavis,UT Arlington,32,868,337,291,126,0.48637570719316475
5183294,Carmelo Adkins,SC Upstate,32,956,432,356,119,0.5289450484866294
5183379,Bryce Roberts,Texas Southern,30,NA,NA,NA,NA,NA
5183809,Ishan Sharma,Saint Louis,35,778,319,224,50,0.6483739837398373
5183810,Chris Tadjo,Santa Clara,35,NA,NA,NA,NA,NA
5183838,Cam Campbell,UL Monroe,32,NA,NA,NA,NA,NA
5183875,Joshua Dent,Saint Mary's,33,1196,434,304,97,0.6259374639436944
5183923,Anthony Batson Jr.,Stanford,33,NA,NA,NA,NA,NA
5183925,CJ Brown,South Florida,34,906,370,307,165,0.48735511064278186
5183926,Cameron Simpson,Texas St,32,NA,NA,NA,NA,NA
5183975,Abdullah Ahmed,BYU,24,NA,NA,NA,NA,NA
5184110,Miftah Ibiyemi,Rhode Island,14,NA,NA,NA,NA,NA
5184642,Nate Jones,West Georgia,32,NA,NA,NA,NA,NA
5184709,Nadjrick Peat,Coastal,32,738,136,70,63,0.6958657388456816
5184753,Olivier Rioux,Florida,35,NA,NA,NA,NA,NA
5184755,Thokbor Majak,San Diego St,33,NA,NA,NA,NA,NA
5184903,Evan Haywood,Butler,32,NA,NA,NA,NA,NA
5185184,Jackson Delaney,Manhattan,32,NA,NA,NA,NA,NA
5185239,Jabri Fitzpatrick,New Haven,31,1070,464,356,145,0.5526441162458313
5185444,Spencer Ahrens,Boise St,32,417,157,127,32,0.5564218882903317
5185563,Adrian McIntyre,San Diego,33,NA,NA,NA,NA,NA
5185598,Trevon Payton,AR-Pine Bluff,32,1083,319,216,38,0.6853729804056377
5185673,Zaire Hayes,Texas Southern,30,NA,NA,NA,NA,NA
5186456,Dwayne Aristode,Arizona,39,NA,NA,NA,NA,NA
5186554,JJ Rembert,McNeese,34,NA,NA,NA,NA,NA
5186601,Okku Federiko,Drake,34,791,293,207,99,0.5846902937420179
5187519,Adam Harakow,Wyoming,33,624,202,147,50,0.5976331360946746
5187600,Tyler Tanner,Vanderbilt,36,1205,702,470,218,0.6202290076335878
5188026,Luke Haupt,New Mexico,37,1041,289,216,102,0.5538945108862312
5188809,Samuel Stewart IV,Portland St,31,NA,NA,NA,NA,NA
5189001,Chaze Harris,South Alabama,33,1051,633,446,255,0.5670010748835542
5189033,Mekhi Reid,Norfolk St,32,NA,NA,NA,NA,NA
5189243,Travis Pourciau,AR-Pine Bluff,31,NA,NA,NA,NA,NA
5189254,Mussa Mzein,Miss Valley St,33,576,109,103,27,0.47440807799442897
5189257,Anthony Johnson,Arizona St,33,819,437,302,180,0.573189926547744
5189814,Jeremy Dent-Smith,Stanford,33,663,270,241,41,0.5211550339715874
5190869,Domanic Betancourt,Nicholls,33,NA,NA,NA,NA,NA
5190922,Hassane Diallo,Prairie View,37,NA,NA,NA,NA,NA
5190926,Kobi Williams,Missouri St,34,NA,NA,NA,NA,NA
5190937,Xavier Hall,Indiana St,32,886,243,209,56,0.5200308166409862
5191013,Rayzhon Bergersen,Boise St,32,NA,NA,NA,NA,NA
5191345,Jared Lary,Detroit Mercy,32,NA,NA,NA,NA,NA
5191584,Lamont Sams,Miss Valley St,33,NA,NA,NA,NA,NA
5191591,Corey Sands,Chicago St,32,NA,NA,NA,NA,NA
5191718,Anthon McDermott,Texas,36,NA,NA,NA,NA,NA
5192142,Cedric Taylor III,Howard,35,NA,NA,NA,NA,NA
5193275,Michael Oaks,Texas A&M-CC,33,NA,NA,NA,NA,NA
5193438,Sam Yurasek,Loyola Chicago,33,NA,NA,NA,NA,NA
5193634,Kyle Frazier,William & Mary,32,NA,NA,NA,NA,NA
5194058,JaVar Daniel,West Georgia,32,NA,NA,NA,NA,NA
5195079,Adlan Elamin,Utah State,36,NA,NA,NA,NA,NA
5195304,Emmanuel Ugbo,Washington St,32,NA,NA,NA,NA,NA
5196348,Bencao Vungo,Jax State,32,NA,NA,NA,NA,NA
5196370,Justin Pippen,California,34,NA,NA,NA,NA,NA
5196671,Corbin Zentner,Cornell,28,NA,NA,NA,NA,NA
5196866,Caden Diggs,UMBC,33,NA,NA,NA,NA,NA
5196867,Josh Hill,Robert Morris,33,NA,NA,NA,NA,NA
5196876,Keyshuan Tillery,Cincinnati,33,NA,NA,NA,NA,NA
5196877,Matt Able,NC State,34,737,300,250,54,0.5479251899473992
5196879,KJ Cochran,Santa Clara,35,NA,NA,NA,NA,NA
5196882,Macari Moore,Pitt,33,NA,NA,NA,NA,NA
5196911,Jaylen Cross,Wake Forest,35,NA,NA,NA,NA,NA
5196913,Davis Fogle,Gonzaga,35,NA,NA,NA,NA,NA
5196914,Amari Evans,Tennessee,37,NA,NA,NA,NA,NA
5196916,Braylon Mullins,UConn,40,NA,NA,NA,NA,NA
5196919,Caleb Steger,Boston College,31,350,101,93,24,0.4876400154499807
5196920,Adrien Stevens,Marquette,32,834,254,205,31,0.5808635199414564
5196921,Gavin Sykes,Long Beach St,32,NA,NA,NA,NA,NA
5196931,Jordan Scott,Michigan St,35,729,204,163,47,0.5553135888501742
5196932,Isaiah Henry,Queens,35,NA,NA,NA,NA,NA
5196935,Amari Reed,UT Arlington,32,NA,NA,NA,NA,NA
5196939,Niko Bundalo,Ole Miss,35,NA,NA,NA,NA,NA
5196940,Andre Iguodala II,Baylor,34,NA,NA,NA,NA,NA
5196941,Damon Friery,Dayton,37,NA,NA,NA,NA,NA
5196942,Clarence Massamba,Tennessee,37,NA,NA,NA,NA,NA
5196943,Cade Bennerman,Northwestern,34,NA,NA,NA,NA,NA
5196946,Amare Bynum,Ohio State,34,970,331,255,62,0.5862972934674792
5196954,Emmanuel Kanga,George Mason,33,NA,NA,NA,NA,NA
5196957,Onyx Nnani,South Florida,34,NA,NA,NA,NA,NA
5196959,Trent Steinour,Clemson,35,NA,NA,NA,NA,NA
5196960,Mekhi Ragland,Oklahoma St,35,NA,NA,NA,NA,NA
5196962,Chase Thompson,Clemson,35,313,79,53,19,0.64374185136897
5197113,Drew McKenna,Old Dominion,33,NA,NA,NA,NA,NA
5197991,George Tupy,LMU,32,NA,NA,NA,NA,NA
5198203,Braylan Ritvo,Quinnipiac,32,NA,NA,NA,NA,NA
5198359,Peter Sposito,Loyola MD,32,NA,NA,NA,NA,NA
5201356,Eric Brown,Cal Poly,33,NA,NA,NA,NA,NA
5205881,Babacar Mbengue,Kansas City,31,NA,NA,NA,NA,NA
5210830,Akbar Waheed III,Boston College,31,NA,NA,NA,NA,NA
5210965,Benjamin Ahmed,Oklahoma St,35,NA,NA,NA,NA,NA
5214525,Jordyn Kee,Miami,35,NA,NA,NA,NA,NA
5214641,L.J. Cason,Michigan,40,NA,NA,NA,NA,NA
5214642,Tomislav Ivisic,Illinois,37,NA,NA,NA,NA,NA
5214643,Felix Kossaras,Colorado,33,NA,NA,NA,NA,NA
5214644,Donavin Young,Stanford,33,NA,NA,NA,NA,NA
5215268,Ryan Crotty,Oklahoma St,35,NA,NA,NA,NA,NA
5215269,Lance Stone,Detroit Mercy,32,664,218,199,63,0.4807692307692308
5215270,Will Garlock,Wisconsin,35,NA,NA,NA,NA,NA
5215271,CJ Shaw,Santa Barbara,32,929,391,242,121,0.6621731472700176
5215425,Sash Gavalyugov,Santa Clara,35,701,315,288,25,0.5267558528428093
5217184,CJ Ingram,Florida,35,NA,NA,NA,NA,NA
5217193,Isaiah Denis,North Carolina,33,NA,NA,NA,NA,NA
5217196,Jamarion Batemon,Iowa State,37,577,246,214,33,0.5382461053737091
5217197,Justin Houser,Penn State,32,NA,NA,NA,NA,NA
5220874,Jamarion Davis-Fleming,Mississippi St,32,648,119,74,56,0.6032035685320357
5220980,Aydan Clinton,FIU,24,NA,NA,NA,NA,NA
5221320,Courtland Muldrew,Washington,33,NA,NA,NA,NA,NA
5221321,Jaylen Petty,Texas Tech,34,NA,NA,NA,NA,NA
5221322,Jake West,Northwestern,34,NA,NA,NA,NA,NA
5221325,Dorian Hayes,UTSA,30,NA,NA,NA,NA,NA
5221327,Jaylon Dean-Vines,Vanderbilt,36,NA,NA,NA,NA,NA
5221328,Landon Clark,Princeton,29,835,174,149,26,0.5422587883320867
5221332,Chris Jeffrey,Villanova,33,NA,NA,NA,NA,NA
5223184,Simon Walker,Auburn,38,NA,NA,NA,NA,NA
5225519,Drew Hollifield,W Carolina,31,NA,NA,NA,NA,NA
5226071,Tre Singleton,Northwestern,34,850,257,195,84,0.5539748232453872
5226072,Kelvin Odih,St John's,37,NA,NA,NA,NA,NA
5234300,Oleksandr Kobzystyi,Oregon,32,NA,NA,NA,NA,NA
5234749,Lino Mark,Rutgers,34,NA,NA,NA,NA,NA
5236221,Jordan Ellerbee,FGCU,34,918,446,345,94,0.5771819028884978
5236222,Preston Edmead,Hofstra,35,1188,563,414,162,0.5800774810418727
5236223,Tyrin Jones,UNLV,35,NA,NA,NA,NA,NA
5236224,Jacob Hammond,Princeton,29,NA,NA,NA,NA,NA
5236225,Jax Kerr,Saint Louis,35,NA,NA,NA,NA,NA
5236226,Trace Sadler,SE Missouri,33,NA,NA,NA,NA,NA
5236228,Kamran Prince,American,32,NA,NA,NA,NA,NA
5236333,Austin Williford,Saint Joseph's,36,942,281,257,53,0.501212899543379
5237299,Zac Foster,Clemson,35,NA,NA,NA,NA,NA
5237300,Omari Witherspoon,Pitt,33,918,249,242,62,0.46234402852049916
5237344,Andreas Holst,Oklahoma,37,NA,NA,NA,NA,NA
5237433,Jayden Forsythe,West Virginia,35,NA,NA,NA,NA,NA
5237434,Ian Inman,Colorado,33,NA,NA,NA,NA,NA
5237435,Isaac Carr,Wake Forest,35,NA,NA,NA,NA,NA
5237444,Josiah Sanders,Colorado,33,593,146,125,52,0.4936434947254531
5237588,Jackson Rasmussen,Idaho,36,NA,NA,NA,NA,NA
5238155,Nick Petronio,Boston College,31,NA,NA,NA,NA,NA
5238156,Will Eggemeier,Boston College,31,NA,NA,NA,NA,NA
5238159,Stephon Marbury II,California,34,NA,NA,NA,NA,NA
5238163,Anastasios Rozakeas,Mount St Marys,32,NA,NA,NA,NA,NA
5238164,Christian Nitu,Washington,33,NA,NA,NA,NA,NA
5238165,Jalen Crawford,Florida St,33,NA,NA,NA,NA,NA
5238166,Alier Maluk,Florida St,33,NA,NA,NA,NA,NA
5238167,Dyllan Thompson,Georgia Tech,31,NA,NA,NA,NA,NA
5238169,Xander Alarie,Northeastern,31,NA,NA,NA,NA,NA
5238170,Trey Parker,Seton Hall,33,NA,NA,NA,NA,NA
5238171,Ismael Diouf,Northern Iowa,36,NA,NA,NA,NA,NA
5238173,John Holbrook,North Carolina,33,NA,NA,NA,NA,NA
5238175,Brady Stevens,Notre Dame,31,NA,NA,NA,NA,NA
5238179,Amdy Ndiaye,Pitt,33,NA,NA,NA,NA,NA
5238181,Amsal Delalic,DePaul,32,NA,NA,NA,NA,NA
5238182,Mitchell Holmes,SMU,34,NA,NA,NA,NA,NA
5238183,Niccolo Kalischer-Stork,SMU,34,NA,NA,NA,NA,NA
5238184,Samet Yigitoglu,SMU,34,981,363,247,107,0.6171789989118608
5238186,Ethan Kitch,Stanford,33,NA,NA,NA,NA,NA
5238187,Petar Majstorovic,Long Beach St,32,996,460,330,111,0.6071164607749973
5238188,Noah Lobdell,Syracuse,32,NA,NA,NA,NA,NA
5238191,Peter Carr,Boston U,34,NA,NA,NA,NA,NA
5238192,Ryan Jones Jr.,Liberty,34,NA,NA,NA,NA,NA
5238193,Mason Hagedorn,VMI,32,NA,NA,NA,NA,NA
5238194,Jaden Karuletwa,Arkansas,37,NA,NA,NA,NA,NA
5238195,Boogie Fland,Florida,35,1049,406,329,113,0.5360160540768906
5238196,Ayden Kelley,Arkansas,37,NA,NA,NA,NA,NA
5238197,Joah Shay,Auburn,38,NA,NA,NA,NA,NA
5238198,Drake Cardwell,Auburn,38,NA,NA,NA,NA,NA
5238199,Kevin Pazmino,Nicholls,33,NA,NA,NA,NA,NA
5238200,Urban Klavzar,Florida,35,724,335,234,62,0.6410747091243112
5238201,Viktor Mikic,Florida,35,NA,NA,NA,NA,NA
5238203,Somtochukwu Cyril,Georgia,33,696,307,158,116,0.7343092231151933
5238204,Justin Abson,Georgia,33,NA,NA,NA,NA,NA
5238207,Collin Chandler,Kentucky,36,976,349,260,60,0.6092877094972068
5238208,Vyctorius Miller,Oklahoma St,35,NA,NA,NA,NA,NA
5238209,Noah Boyde,Western KY,32,NA,NA,NA,NA,NA
5238213,EJ Paymon,Southern Miss,35,NA,NA,NA,NA,NA
5238218,Annor Boateng,Missouri,33,NA,NA,NA,NA,NA
5238220,Jeff Nwankwo,Oklahoma,37,NA,NA,NA,NA,NA
5238221,Dayton Forsythe,Oklahoma,37,NA,NA,NA,NA,NA
5238222,Jacolb Fredson-Cole,McNeese,34,636,186,144,84,0.5139257294429708
5238223,Max Smith,Ole Miss,35,NA,NA,NA,NA,NA
5238224,Zach Day,Ole Miss,35,NA,NA,NA,NA,NA
5238226,Lance Piper,Delaware,31,NA,NA,NA,NA,NA
5238228,Gavin Paull,Tennessee,37,NA,NA,NA,NA,NA
5238229,Campbell Duncan,Tennessee,37,NA,NA,NA,NA,NA
5238231,Janusz Ratowski,Stetson,33,NA,NA,NA,NA,NA
5239111,Mason Abittan,UNLV,35,NA,NA,NA,NA,NA
5239196,Aaron Womack,Syracuse,32,NA,NA,NA,NA,NA
5239487,Sven Djopmo,Arizona,39,NA,NA,NA,NA,NA
5239488,Quentin McCoy,Arizona St,33,NA,NA,NA,NA,NA
5239489,Jason Asemota,Boston College,31,NA,NA,NA,NA,NA
5239492,Marino Dubravcic,Northern Iowa,36,NA,NA,NA,NA,NA
5239503,Aaron Fine,Purdue,39,NA,NA,NA,NA,NA
5239504,Jack Lusk,Purdue,39,NA,NA,NA,NA,NA
5239519,Manie Joses,Davidson,34,NA,NA,NA,NA,NA
5239520,Nick Coval,Davidson,34,NA,NA,NA,NA,NA
5239521,Phillip Kavu,Davidson,34,NA,NA,NA,NA,NA
5239523,Roberts Blums,Davidson,34,NA,NA,NA,NA,NA
5239525,Hamad Mousa,Cal Poly,33,NA,NA,NA,NA,NA
5239526,Amaël L'Etang,Dayton,37,NA,NA,NA,NA,NA
5239527,Lucas Prolla,Duquesne,33,NA,NA,NA,NA,NA
5239529,Brandon Hall,Duquesne,33,NA,NA,NA,NA,NA
5239544,Ryan Pettis,Fordham,32,NA,NA,NA,NA,NA
5239545,Kingston Price,Fordham,32,NA,NA,NA,NA,NA
5239546,Aleksander Pachucki,Bucknell,33,684,194,165,23,0.553905893101873
5239547,Aidan Crotty,Fordham,32,NA,NA,NA,NA,NA
5239548,Max Miller,Fordham,32,NA,NA,NA,NA,NA
5239549,Jaden Bobbett,LSU,32,NA,NA,NA,NA,NA
5239550,Trey Buchanan,S Dakota St,32,NA,NA,NA,NA,NA
5239551,Jacob Koch,Iowa,37,NA,NA,NA,NA,NA
5239554,Malachi Palmer,Villanova,33,604,152,116,21,0.6068348770360907
5239559,Howard Eisley Jr.,Michigan,40,NA,NA,NA,NA,NA
5239560,Phat Phat Brooks,C Michigan,31,870,341,271,146,0.508590860279203
5239562,Jesse McCulloch,Michigan St,35,NA,NA,NA,NA,NA
5239563,Brennan Walton,Michigan St,35,NA,NA,NA,NA,NA
5239564,Colin Walton,Michigan St,35,NA,NA,NA,NA,NA
5239570,Grayson Grove,Minnesota,33,NA,NA,NA,NA,NA
5239571,Braden Frager,Nebraska,35,NA,NA,NA,NA,NA
5239573,Justin Bolis,Nebraska,35,NA,NA,NA,NA,NA
5239575,Angelo Ciaravino,Northwestern,34,NA,NA,NA,NA,NA
5239578,Dior Conners,Ohio,32,NA,NA,NA,NA,NA
5239579,Jason Clarke Jr.,App State,32,NA,NA,NA,NA,NA
5239580,Ben Ezeagu,So Indiana,30,NA,NA,NA,NA,NA
5239582,Jamil Muttilib,Grambling,33,888,400,308,91,0.5746465923457074
5239584,Cameron O'Kelley,App State,32,NA,NA,NA,NA,NA
5239586,Andrin Njock,App State,32,NA,NA,NA,NA,NA
5239587,Michael Marcus Jr.,App State,32,768,249,189,58,0.5803654670893157
5239588,Justin Johnson,W Carolina,31,NA,NA,NA,NA,NA
5239594,Bryson Cokley,Elon,32,864,394,300,75,0.5915915915915916
5239595,Stas Sivka,George Mason,33,NA,NA,NA,NA,NA
5239596,Ben Woodward,George Mason,33,NA,NA,NA,NA,NA
5239597,T.J. Prosise,George Mason,33,NA,NA,NA,NA,NA
5239598,Braylen Nash,Ohio State,34,NA,NA,NA,NA,NA
5239599,Ivan Njegovan,Ohio State,34,NA,NA,NA,NA,NA
5239600,Dezdrick Lindsay,Oregon,32,655,171,154,48,0.4882366377341252
5239603,Hudson Ward,W Michigan,31,NA,NA,NA,NA,NA
5239604,Dayan Nessah,Cleveland St,33,NA,NA,NA,NA,NA
5239605,Mohamed Binzagr,G Washington,35,NA,NA,NA,NA,NA
5239609,Max Fradkin,Rutgers,34,NA,NA,NA,NA,NA
5239614,Joey Scarpitti,Charleston,32,NA,NA,NA,NA,NA
5239617,Izaiah Pasha,Virginia Tech,32,NA,NA,NA,NA,NA
5239618,Macon Emory,Delaware,31,1150,350,302,65,0.529340592861464
5239620,Alex McFadden,Delaware,31,NA,NA,NA,NA,NA
5239622,Christian Horry,UCLA,36,NA,NA,NA,NA,NA
5239623,Josh Reed,Drexel,33,625,262,243,78,0.4723784797346026
5239624,Kevon Vanderhorst,Drexel,33,988,307,253,71,0.5400365887981987
5239625,Clem Edomwonyin,Drexel,33,NA,NA,NA,NA,NA
5239626,Ralph Akuta,Drexel,33,NA,NA,NA,NA,NA
5239627,Daniil Glazkov,Loyola Chicago,33,NA,NA,NA,NA,NA
5239628,Seifeldin Hendawy,Winthrop,34,560,195,168,79,0.48086407575458673
5239629,Jack Turner,Oral Roberts,33,NA,NA,NA,NA,NA
5239630,Brayden Young,Loyola Chicago,33,NA,NA,NA,NA,NA
5239631,Zachary Royster,Loyola Chicago,33,NA,NA,NA,NA,NA
5239632,Joshua DeCady,Hofstra,35,NA,NA,NA,NA,NA
5239633,Amir Williams,Hofstra,35,NA,NA,NA,NA,NA
5239634,Kallai Patton,New Mexico,37,NA,NA,NA,NA,NA
5239636,Jonah Goorin,USC,32,NA,NA,NA,NA,NA
5239637,Tajuan Simpkins,Seton Hall,33,829,319,243,111,0.5465323464912281
5239638,Trey O'Neil,Elon,32,NA,NA,NA,NA,NA
5239643,Richard Goods,Stony Brook,32,799,247,211,76,0.5052364588447062
5239644,Daniel Johnson,Hampton,32,804,321,301,63,0.48825748357264537
5239645,Eunique Rink,Hampton,32,NA,NA,NA,NA,NA
5239646,Kellan Lewis,Hampton,32,NA,NA,NA,NA,NA
5239647,Hamza Asadallah,Hampton,32,NA,NA,NA,NA,NA
5239648,Nate Guerengomba,Quinnipiac,32,NA,NA,NA,NA,NA
5239649,Lewis Walker,NC A&T,30,NA,NA,NA,NA,NA
5239650,Josh Engel,UMass,33,NA,NA,NA,NA,NA
5239651,Luka Damjanac,UMass,33,NA,NA,NA,NA,NA
5239652,Amadou Doumbia,NC A&T,30,NA,NA,NA,NA,NA
5239655,Riccardo Greppi,Wisconsin,35,NA,NA,NA,NA,NA
5239656,Moek Icke,Rhode Island,32,NA,NA,NA,NA,NA
5239657,Damone King,Rhode Island,32,NA,NA,NA,NA,NA
5239658,Jaymien Aponte,Rhode Island,32,NA,NA,NA,NA,NA
5239660,Tyonne Farrell,Morehead St,33,NA,NA,NA,NA,NA
5239672,Kirby Mooney,Richmond,32,NA,NA,NA,NA,NA
5239673,Jaylen Robinson,Richmond,32,NA,NA,NA,NA,NA
5239674,Bryson McGlothin,Richmond,32,NA,NA,NA,NA,NA
5239675,Kevin Kearney,Saint Joseph's,36,NA,NA,NA,NA,NA
5239676,Khaafiq Myers,Saint Joseph's,36,NA,NA,NA,NA,NA
5239677,Billy Rayer,Saint Joseph's,36,NA,NA,NA,NA,NA
5239678,Mekai Johnson,Saint Joseph's,36,NA,NA,NA,NA,NA
5239707,Amari McCottry,Saint Louis,35,NA,NA,NA,NA,NA
5239709,Max Pikaar,S Illinois,32,NA,NA,NA,NA,NA
5239710,Ebrahim Kaba,Purdue FW,32,NA,NA,NA,NA,NA
5239711,Jonah Hinton,Rhode Island,32,NA,NA,NA,NA,NA
5239712,Xander Wedlow,St Bonaventure,34,NA,NA,NA,NA,NA
5239713,Brandon Jennings,VCU,36,895,307,216,110,0.5805597579425114
5239714,Martin Carrere,Virginia,36,NA,NA,NA,NA,NA
5239715,Khalil Williams,Bryant,31,NA,NA,NA,NA,NA
5239716,Frankie Vassalluzzo,Bryant,31,NA,NA,NA,NA,NA
5239719,Langston Bailey,Bryant,31,NA,NA,NA,NA,NA
5239721,Jason Sepe,Bryant,31,NA,NA,NA,NA,NA
5239745,Caleb Crawford,Maine,32,638,140,132,44,0.4624735729386892
5239746,Darius Lopes,Maine,32,NA,NA,NA,NA,NA
5239747,Amare Allen,Maine,32,NA,NA,NA,NA,NA
5239748,Tate McCubbin,Austin Peay,31,914,300,259,53,0.5313119863984131
5239749,Tekao Carpenter,NC Central,32,NA,NA,NA,NA,NA
5239750,Terrell Gaines,Austin Peay,31,NA,NA,NA,NA,NA
5239753,Quan Lax,Austin Peay,31,NA,NA,NA,NA,NA
5239756,Stefan Jimenez-Vojnic,NJIT,33,NA,NA,NA,NA,NA
5239757,Quentin Duncan,NJIT,33,450,145,130,25,0.5141843971631206
5239758,Ari Fulton,NJIT,33,935,359,278,123,0.540467300975551
5239759,John Kelly,NJIT,33,514,143,105,64,0.5369480324421748
5239760,Tim Moore Jr.,San Diego,33,NA,NA,NA,NA,NA
5239761,Malachi Arrington,NJIT,33,NA,NA,NA,NA,NA
5239762,Jordan Rogers,NJIT,33,877,190,150,39,0.5683177793730557
5239763,Tyler Doyle,Bellarmine,32,NA,NA,NA,NA,NA
5239765,Myles Watkins,Bellarmine,32,NA,NA,NA,NA,NA
5239766,Grant Neal,Bellarmine,32,NA,NA,NA,NA,NA
5239768,Khalil Badru,Iona,32,NA,NA,NA,NA,NA
5239769,Nick Sanford,New Hampshire,30,NA,NA,NA,NA,NA
5239771,Antoni Siewruk,New Hampshire,30,NA,NA,NA,NA,NA
5239772,Jon O'Neill,New Hampshire,30,NA,NA,NA,NA,NA
5239775,Brayden Fagbemi,UC Davis,33,NA,NA,NA,NA,NA
5239776,Nehemiah Turner,Minnesota,32,NA,NA,NA,NA,NA
5239777,Tyler Lee,C Arkansas,34,319,86,67,20,0.5672823218997362
5239778,Owen Derhmann,C Arkansas,34,NA,NA,NA,NA,NA
5239780,Ty Robinson,C Arkansas,34,939,483,358,90,0.607394366197183
5239781,Ethan Thomas,C Arkansas,34,NA,NA,NA,NA,NA
5239782,Cole McCormick,C Arkansas,34,NA,NA,NA,NA,NA
5239783,Layne Taylor,Murray St,33,NA,NA,NA,NA,NA
5239784,George Kimble III,Vanderbilt,36,NA,NA,NA,NA,NA
5239785,Micah Davis,IU Indy,32,814,302,276,40,0.5143051771117165
5239786,Jayden Harris,E Kentucky,32,NA,NA,NA,NA,NA
5239788,Yvens Paul,E Kentucky,32,550,141,102,40,0.5894648829431438
5239790,Jack Reddick,FGCU,34,NA,NA,NA,NA,NA
5239791,Darren Williams,FGCU,34,633,210,192,16,0.527532154340836
5239792,BB Washington,FGCU,34,NA,NA,NA,NA,NA
5239793,Tristen Guillouette,FGCU,34,NA,NA,NA,NA,NA
5239794,Miles White,Lipscomb,32,NA,NA,NA,NA,NA
5239795,Luke Carter,Lipscomb,32,NA,NA,NA,NA,NA
5239797,Donte Bacchus,North Alabama,30,1002,442,327,172,0.5488228866593822
5239798,Kevin de Kovachich,North Alabama,30,935,355,286,106,0.5336099086099086
5239800,King Walker,North Alabama,30,NA,NA,NA,NA,NA
5239801,Israel Jenrette,North Alabama,30,NA,NA,NA,NA,NA
5239802,Mitchell Chaffee,North Alabama,30,NA,NA,NA,NA,NA
5239803,DarKaun King,North Alabama,30,NA,NA,NA,NA,NA
5239811,Damon Strand,La Salle,32,NA,NA,NA,NA,NA
5239812,Amir Lindsey,UAlbany,32,NA,NA,NA,NA,NA
5239814,Ma'Kye Taylor,UAlbany,32,NA,NA,NA,NA,NA
5239815,Chaydon Stone,Nicholls,33,NA,NA,NA,NA,NA
5239816,Daylon Dickerson,UMBC,33,NA,NA,NA,NA,NA
5239817,Tim Eze,UMBC,33,NA,NA,NA,NA,NA
5239818,Jake Stout,UMBC,33,NA,NA,NA,NA,NA
5239820,Kris Johnson,UMass Lowell,33,NA,NA,NA,NA,NA
5239821,Martin Somerville,Florida St,33,858,265,226,67,0.5186315954282136
5239822,Isaiah Walter,UMass Lowell,33,NA,NA,NA,NA,NA
5239824,Ben Wesson,Vermont,34,NA,NA,NA,NA,NA
5239825,Sean Blake,Vermont,34,974,337,265,101,0.5445320579110652
5239826,Drew Bessette,Vermont,34,NA,NA,NA,NA,NA
5239827,Sincere Clemons,Vermont,34,NA,NA,NA,NA,NA
5239828,Ben Bradford,Charlotte,34,959,459,334,159,0.5681255569858402
5239829,Jaehshon Thomas,Drake,34,NA,NA,NA,NA,NA
5239830,Jayshayne Woodard,East Carolina,31,NA,NA,NA,NA,NA
5239832,Ladontae Felton,East Carolina,31,NA,NA,NA,NA,NA
5239833,Tybo Bailey,East Carolina,31,NA,NA,NA,NA,NA
5239834,Reid Cason,East Carolina,31,471,120,82,40,0.6024096385542169
5239835,Trevion LaBeaux,East Carolina,31,NA,NA,NA,NA,NA
5239836,Amar Amkou,FAU,33,NA,NA,NA,NA,NA
5239837,Liam Dayco-Green,FAU,33,NA,NA,NA,NA,NA
5239838,Matas Vokietaitis,Texas,36,936,560,299,284,0.6604396641192566
5239839,Max Langenfeld,FAU,33,NA,NA,NA,NA,NA
5239840,Mantas Kocanas,California,34,NA,NA,NA,NA,NA
5239866,Josh Meo,Winthrop,34,621,188,165,69,0.4811629811629811
5239867,Jackson Keil,Coastal,32,NA,NA,NA,NA,NA
5239868,Charles Dunlap,Coastal,32,NA,NA,NA,NA,NA
5239884,Braylhan Thomas,Winthrop,34,NA,NA,NA,NA,NA
5239885,Nakavieon White,GA Southern,37,742,358,288,155,0.5025266704098821
5239886,Micah Smith,West Georgia,32,NA,NA,NA,NA,NA
5239900,Emmanuel Koveos,Georgia St,32,NA,NA,NA,NA,NA
5239901,Clash Peters,Georgia St,32,NA,NA,NA,NA,NA
5239902,Trey Scott III,Georgia St,32,NA,NA,NA,NA,NA
5239903,Kwame Tanic,Georgia St,32,NA,NA,NA,NA,NA
5239994,Taylor Thompson,North Florida,32,NA,NA,NA,NA,NA
5239995,Dante Oliver,North Florida,32,NA,NA,NA,NA,NA
5239996,Josh Harris,Indiana,32,NA,NA,NA,NA,NA
5239997,Arden Begaj,North Florida,32,NA,NA,NA,NA,NA
5240005,Maban Jabriel,Queens,35,692,268,198,31,0.6331506331506332
5240006,Yoav Berman,Queens,35,1023,432,325,150,0.5524296675191815
5240007,Jacob Brandly,Queens,35,NA,NA,NA,NA,NA
5240008,Colby Christiansen,Queens,35,NA,NA,NA,NA,NA
5240016,Jamie Phillips Jr.,Stetson,33,NA,NA,NA,NA,NA
5240017,Mehki Ellison,E Michigan,31,NA,NA,NA,NA,NA
5240018,Daniel Macgregor,Stetson,33,NA,NA,NA,NA,NA
5240019,Blaize Sagna,SE Missouri,33,NA,NA,NA,NA,NA
5240020,Ben Gladieux,Stetson,33,NA,NA,NA,NA,NA
5240023,Kyric Davis,NC Central,32,NA,NA,NA,NA,NA
5240024,Brady Hardewig,West Georgia,32,NA,NA,NA,NA,NA
5240026,Xavier Shegog,West Georgia,32,NA,NA,NA,NA,NA
5240027,Shelton Williams-Dryden,West Georgia,32,1126,661,515,177,0.557448387532047
5240029,Kolten Griffin,West Georgia,32,1067,247,217,39,0.5274171506662112
5240030,Eric Baldassarre,West Georgia,32,NA,NA,NA,NA,NA
5240032,Max Young,West Georgia,32,NA,NA,NA,NA,NA
5240033,Kenneth Chime,West Georgia,32,651,161,121,48,0.566422741345342
5240034,Tamaury Releford,Morehead St,33,461,190,131,38,0.6431085838072028
5240035,Cameron Merritt,West Georgia,32,NA,NA,NA,NA,NA
5240082,Mostapha El Moutaouakkil,Jax State,32,958,625,448,277,0.5483610584684495
5240083,Michael Mouton,Louisiana,33,NA,NA,NA,NA,NA
5240256,Halvine Dzellat,Cincinnati,33,NA,NA,NA,NA,NA
5240258,Nick Randall,Colorado,33,NA,NA,NA,NA,NA
5240262,Will Thengvall,Kansas,35,NA,NA,NA,NA,NA
5240263,Mobi Ikegwuruka,Kansas St,32,NA,NA,NA,NA,NA
5240264,Andrija Vukovic,Oklahoma St,35,NA,NA,NA,NA,NA
5240265,Michael Kelvin II,FIU,32,NA,NA,NA,NA,NA
5240267,C.J. Smith,UTEP,31,NA,NA,NA,NA,NA
5240268,Adam Stewart,TCU,35,NA,NA,NA,NA,NA
5240269,Drew McElroy,TCU,35,NA,NA,NA,NA,NA
5240270,Jazz Henderson,Texas Tech,34,NA,NA,NA,NA,NA
5240271,Leon Horner,Texas Tech,34,NA,NA,NA,NA,NA
5240272,Augustine Ekwe,New Mexico St,32,NA,NA,NA,NA,NA
5240279,Damarien Yates,Alabama St,32,547,219,169,54,0.5680639136750364
5240281,Bouna Kebe,Delaware,31,NA,NA,NA,NA,NA
5240285,Tyran Mason,UT Arlington,32,542,207,170,54,0.5341659785301404
5240286,Baron Smith Jr.,Oral Roberts,33,NA,NA,NA,NA,NA
5240353,Jimmie Williams,Duquesne,33,980,497,382,107,0.5791460799850844
5240355,Jaylen Wharton,N Illinois,30,NA,NA,NA,NA,NA
5240356,Taj Glover,Sacramento St,31,NA,NA,NA,NA,NA
5240368,Babatunde Durodola,Temple,32,614,155,109,62,0.5686821250366891
5240369,Aiden Tobiason,Temple,32,1132,491,333,155,0.611914257228315
5240370,Holden Pierre-Louis,Cleveland St,33,NA,NA,NA,NA,NA
5240378,KJ Greene,Tulane,33,NA,NA,NA,NA,NA
5240379,Joseph Teich,Tulane,33,NA,NA,NA,NA,NA
5240380,Stefan Cicic,Pepperdine,32,398,143,109,43,0.5589430894308943
5240386,Cal Conroy,Tulsa,38,NA,NA,NA,NA,NA
5240387,Tyler Behrend,Tulsa,38,824,247,163,92,0.606939256929428
5240392,Ja'Borri McGhee,Mississippi St,32,707,268,223,62,0.535400351606201
5240393,Makhi Myles,SE Louisiana,31,652,240,185,64,0.562957402889848
5240394,R.J. Kennedy,New Hampshire,30,589,159,148,34,0.4878497790868925
5240406,David Hermes,UNC Asheville,32,NA,NA,NA,NA,NA
5240407,Baboucarr Njie,UTSA,30,NA,NA,NA,NA,NA
5240408,Jackson Fazande,UTSA,30,NA,NA,NA,NA,NA
5240411,Anthony Gause,Charleston So,31,NA,NA,NA,NA,NA
5240416,Pharrell Boyogueno,Winthrop,34,NA,NA,NA,NA,NA
5240417,Jacob Hudson,Gardner-Webb,33,NA,NA,NA,NA,NA
5240418,Cameron Gales,Gardner-Webb,33,NA,NA,NA,NA,NA
5240419,Colin Hawkins,Gardner-Webb,33,NA,NA,NA,NA,NA
5240506,Joul Karram,Utah Valley,34,NA,NA,NA,NA,NA
5240507,Brady Smith,Weber St,32,NA,NA,NA,NA,NA
5240509,Ibrahima Traore,Utah,32,NA,NA,NA,NA,NA
5240511,KJ Tenner,Murray St,33,546,197,146,58,0.574277052238806
5240513,Abraham Oyeadier,West Virginia,35,NA,NA,NA,NA,NA
5240514,Haris Elezovic,Northeastern,31,NA,NA,NA,NA,NA
5240518,Nate Kasher,DePaul,32,NA,NA,NA,NA,NA
5240519,Sekou Konneh,Milwaukee,32,NA,NA,NA,NA,NA
5240520,Théo Pierre-Justin,DePaul,32,NA,NA,NA,NA,NA
5240521,Jayden Fort,Georgetown,34,461,112,84,45,0.5394990366088632
5240523,Mason Moses,Georgetown,34,NA,NA,NA,NA,NA
5240524,Julius Halaifonua,Georgetown,34,NA,NA,NA,NA,NA
5240525,Michael Van Raaphorst,Georgetown,34,NA,NA,NA,NA,NA
5240526,Seal Diouf,Georgetown,34,NA,NA,NA,NA,NA
5240527,Joshua Clark,Marquette,32,NA,NA,NA,NA,NA
5240529,Anton Bonke,Charlotte,34,871,359,245,98,0.6230043037623213
5240530,Nilavan Daniels,Providence,33,NA,NA,NA,NA,NA
5240537,Assane Mbaye,Seton Hall,33,NA,NA,NA,NA,NA
5240539,Ruben Prey,St John's,37,397,158,101,61,0.6179599499374218
5240540,Wade Chiddick,Villanova,33,NA,NA,NA,NA,NA
5240541,Henry Thole,Xavier,33,NA,NA,NA,NA,NA
5240545,Dezayne Mingo,Charlotte,34,NA,NA,NA,NA,NA
5240546,Kaiden White,Marshall,32,NA,NA,NA,NA,NA
5240547,Erich Harding,Marshall,32,458,123,78,53,0.6069877615475721
5240548,Will Moore,Marshall,32,NA,NA,NA,NA,NA
5240549,Grant Moore,Marshall,32,NA,NA,NA,NA,NA
5240584,Cade Orness,Gonzaga,35,NA,NA,NA,NA,NA
5240585,Graydon Lemke,Belmont,32,NA,NA,NA,NA,NA
5240587,Ismaila Diagne,Gonzaga,35,NA,NA,NA,NA,NA
5240588,Noah Haaland,Gonzaga,35,NA,NA,NA,NA,NA
5240614,Marley Zeller,LMU,32,NA,NA,NA,NA,NA
5240615,Scottie Hubbard,Old Dominion,33,NA,NA,NA,NA,NA
5240616,Jaden Johnson,La Salle,32,NA,NA,NA,NA,NA
5240617,CJ Parker,Old Dominion,33,NA,NA,NA,NA,NA
5240619,Jael Martin,LMU,32,NA,NA,NA,NA,NA
5240620,Ben Nacey,Old Dominion,33,NA,NA,NA,NA,NA
5240641,Jayden Cooper,South Alabama,33,991,374,330,71,0.5176613885505481
5240643,JJ Wheat,South Alabama,33,441,118,92,52,0.5135793871866295
5240664,Alfred Worrell Jr.,Morgan St,30,856,523,381,165,0.5764991181657848
5240665,Brewer Carruth,App State,16,NA,NA,NA,NA,NA
5240665,Brewer Carruth,Southern Miss,35,NA,NA,NA,NA,NA
5240666,Jett Montgomery,Southern Miss,35,NA,NA,NA,NA,NA
5240668,Dalyn Brandon,App State,16,NA,NA,NA,NA,NA
5240668,Dalyn Brandon,Southern Miss,35,NA,NA,NA,NA,NA
5240685,Mark Drone,Texas St,32,NA,NA,NA,NA,NA
5240686,Austin Green,UMass Lowell,33,NA,NA,NA,NA,NA
5240688,Nate Deer,Oakland,32,NA,NA,NA,NA,NA
5240745,Cooper Campbell,Troy,34,1149,425,333,83,0.5750703615501191
5240746,Cobi Campbell,Troy,34,NA,NA,NA,NA,NA
5240748,Evan Griffin,Troy,34,NA,NA,NA,NA,NA
5240749,Austin Cross,Troy,34,546,124,123,23,0.4657451923076923
5240756,Ta'Zir Smith,Robert Morris,33,NA,NA,NA,NA,NA
5240757,Micah Caster,UL Monroe,32,NA,NA,NA,NA,NA
5240758,Renars Sondors,UL Monroe,32,NA,NA,NA,NA,NA
5240880,Ja'Quavis Williford,Oregon St,33,NA,NA,NA,NA,NA
5240881,Kaan Yarkut,Oregon St,33,NA,NA,NA,NA,NA
5240882,Nate Kingz,Syracuse,32,1002,390,290,63,0.613747954173486
5240883,Isaiah Sy,Oregon St,33,924,331,273,93,0.5272043832823649
5240884,Johan Munch,Oregon St,33,NA,NA,NA,NA,NA
5240885,Maxim Logue,FAU,33,NA,NA,NA,NA,NA
5240903,Elias Ralph,Pacific,33,1141,551,413,127,0.5875703804811465
5240906,Seth Jones,SE Louisiana,31,NA,NA,NA,NA,NA
5240908,Noah Budu,Pacific,33,NA,NA,NA,NA,NA
5240910,Carter Benton,Tulsa,38,NA,NA,NA,NA,NA
5240934,Jaxon Olvera,Louisiana,33,962,452,427,82,0.4880366243413665
5240935,Dovydas Butka,Campbell,34,NA,NA,NA,NA,NA
5240937,Danilo Dožic,Pepperdine,32,NA,NA,NA,NA,NA
5240966,Jinup Dobuol,Monmouth,34,NA,NA,NA,NA,NA
5240967,Preston Lee,Portland,34,NA,NA,NA,NA,NA
5240968,Carlin Briggs,Portland,34,NA,NA,NA,NA,NA
5240970,NaVaughn Long,Portland,34,NA,NA,NA,NA,NA
5240971,Austin Rapp,Wisconsin,35,NA,NA,NA,NA,NA
5240972,Todd Jones Jr.,Louisiana,33,544,101,70,34,0.59439736346516
5240973,Mikah Ballew,Portland,34,NA,NA,NA,NA,NA
5240980,Mikey Lewis,Saint Mary's,33,883,460,389,93,0.5349832526981764
5240981,Oliver Faubert,Saint Mary's,33,NA,NA,NA,NA,NA
5240999,Kjay Bradley Jr.,San Diego,33,NA,NA,NA,NA,NA
5241000,Chas Lewless,West Georgia,32,NA,NA,NA,NA,NA
5241001,Tony Duckett,Saint Mary's,33,NA,NA,NA,NA,NA
5241002,Gavin Ripp,San Diego,33,NA,NA,NA,NA,NA
5241003,Kean Webb,Portland St,31,NA,NA,NA,NA,NA
5241005,Nick Del Bosque,San Diego,33,NA,NA,NA,NA,NA
5241061,James O'Donnell,Portland,34,765,341,209,114,0.6578947368421052
5241062,Veniamin Abosi,San Francisco,33,NA,NA,NA,NA,NA
5241069,Elijah Mahi,Santa Clara,35,1063,493,409,101,0.5436220889202541
5241070,Marcus Wilson,UC Davis,33,872,411,321,130,0.5433632998413538
5241071,Tomas Thrastarson,Washington St,32,NA,NA,NA,NA,NA
5241073,Dimitrije Vukicevic,UC San Diego,34,NA,NA,NA,NA,NA
5241074,Kase Wynott,Washington St,32,NA,NA,NA,NA,NA
5241162,Angelo Winkel,E Washington,33,NA,NA,NA,NA,NA
5241164,Elijah Thomas,E Washington,33,NA,NA,NA,NA,NA
5241229,Julian Bowie,Boise St,31,NA,NA,NA,NA,NA
5241230,Javan Buchanan,Boise St,32,NA,NA,NA,NA,NA
5241231,Darnez Slater,Colorado St,34,NA,NA,NA,NA,NA
5241232,Jon Mekonnen,Colorado St,34,NA,NA,NA,NA,NA
5241233,Charlie Dortch,Colorado St,34,NA,NA,NA,NA,NA
5241234,Kyle Jorgensen,Colorado St,34,NA,NA,NA,NA,NA
5241236,Troy Jenkins,Fresno St,32,NA,NA,NA,NA,NA
5241238,Pasha Shemirani,Pepperdine,32,NA,NA,NA,NA,NA
5241239,Zaon Collins,Fresno St,32,NA,NA,NA,NA,NA
5241241,Brian Amuneke,Wichita St,36,283,85,88,16,0.4471801346801347
5241246,Kayde Dotson,Loyola Chicago,33,NA,NA,NA,NA,NA
5241247,Daniel Thomas,UNC Asheville,32,NA,NA,NA,NA,NA
5241251,Jermaine Washington,San José St,33,NA,NA,NA,NA,NA
5241257,James Evans Jr.,CSU Northridge,34,516,203,194,51,0.46895213454075035
5241258,Luke Naser,Xavier,33,NA,NA,NA,NA,NA
5241260,Jeremiah Cherry,Sacramento St,31,NA,NA,NA,NA,NA
5241264,Jordy Barnes,Utah State,36,NA,NA,NA,NA,NA
5241269,Jojo Anderson,E Washington,33,715,244,181,84,0.559735731326849
5241270,Ewan Steele,Idaho,36,NA,NA,NA,NA,NA
5241273,Obi Agbim,Baylor,34,NA,NA,NA,NA,NA
5241274,Garrett Spielman,Wyoming,33,NA,NA,NA,NA,NA
5241282,Cheikh Sow,Idaho St,33,NA,NA,NA,NA,NA
5241283,Connor Hollenbeck,Idaho St,33,986,435,303,148,0.5908399434966859
5241286,Blake Daberkow,Idaho St,33,NA,NA,NA,NA,NA
5241290,Jeremiah Davis,Montana St,32,NA,NA,NA,NA,NA
5241291,BJ Kolly,UC Riverside,32,NA,NA,NA,NA,NA
5241292,Trap Johnson,UC San Diego,34,NA,NA,NA,NA,NA
5241294,Grayson Gaddis,Montana St,32,NA,NA,NA,NA,NA
5241298,Walker Asp,N Colorado,32,NA,NA,NA,NA,NA
5241299,Ariik Mawien,N Colorado,32,NA,NA,NA,NA,NA
5241300,Hunter Caldwell,N Colorado,32,NA,NA,NA,NA,NA
5241303,Sebastian Tidor,Portland St,31,NA,NA,NA,NA,NA
5241305,Alex Dupre,Portland St,31,NA,NA,NA,NA,NA
5241308,Lachlan Brewer,Idaho St,33,974,269,218,42,0.5687584573748309
5241310,Rich Smith,Abilene Chrstn,33,NA,NA,NA,NA,NA
5241311,Dontrez Williams,Lindenwood,33,NA,NA,NA,NA,NA
5241312,Christian Alston,Abilene Chrstn,33,NA,NA,NA,NA,NA
5241313,Jack Sawyer,Grand Canyon,32,NA,NA,NA,NA,NA
5241314,Bradyn Hubbard,Abilene Chrstn,33,NA,NA,NA,NA,NA
5241316,Trevor Hennig,Weber St,32,NA,NA,NA,NA,NA
5241318,Declan Cutler,Weber St,32,NA,NA,NA,NA,NA
5241319,David Hansen,Weber St,32,NA,NA,NA,NA,NA
5241321,Niyol Hauet,West Virginia,35,NA,NA,NA,NA,NA
5241322,Jalen Dollar,CA Baptist,34,NA,NA,NA,NA,NA
5241323,Devon Malcolm,CA Baptist,34,NA,NA,NA,NA,NA
5241324,Mouhamadou Dioum,CA Baptist,34,NA,NA,NA,NA,NA
5241326,Bradey Henige,CA Baptist,34,NA,NA,NA,NA,NA
5241333,Eoin Dillon,Belmont,32,524,243,167,34,0.6677291712464277
5241334,Jabez Jenkins,Belmont,32,774,288,205,99,0.5793369810106211
5241336,Styles Phipps,Pepperdine,32,1088,428,337,158,0.5264193643609171
5241337,Braylon Johnson,Grand Canyon,32,NA,NA,NA,NA,NA
5241338,Austin Maurer,Seattle U,35,625,253,180,76,0.5926724137931034
5241342,Brayden Maldonado,Seattle U,35,NA,NA,NA,NA,NA
5241344,Houran Dan,Seattle U,35,524,200,136,62,0.6124448799608035
5241346,Ray Adams,Seattle U,35,NA,NA,NA,NA,NA
5241348,Eric Zheng,Seattle U,35,NA,NA,NA,NA,NA
5241349,Yuto Kawashima,Seattle U,35,NA,NA,NA,NA,NA
5241350,Lorenzo Abellar,Southern Utah,32,NA,NA,NA,NA,NA
5241351,Langston Binns,Southern Utah,32,NA,NA,NA,NA,NA
5241352,Kai Burdick,Southern Utah,32,437,128,90,20,0.6477732793522267
5241358,Corey Thomas,Bradley,34,627,182,133,40,0.6042496679946879
5241359,Timoty van der Knaap,Bradley,34,777,220,189,66,0.5044945881489635
5241360,Jaquan Johnson,Bradley,34,1032,573,411,218,0.5651779373471159
5241361,Gus Rugaard,Bradley,34,NA,NA,NA,NA,NA
5241363,Tavion Banks,Iowa,37,862,378,246,130,0.6233509234828496
5241364,Bennett Stirtz,Iowa,37,1397,734,526,165,0.6130972268626795
5241366,Isaia Howard,Iowa,37,674,187,160,36,0.5317333939945404
5241367,Joey Matteoni,Iowa,37,NA,NA,NA,NA,NA
5241369,Gabriel Pozzato,Xavier,33,NA,NA,NA,NA,NA
5241370,Kaia Berridge,Evansville,32,NA,NA,NA,NA,NA
5241371,Ramondo Battle II,NC Central,32,NA,NA,NA,NA,NA
5241372,Trent Hundley,Evansville,32,562,168,131,28,0.5861010326542004
5241373,Jack Daugherty,Illinois St,36,NA,NA,NA,NA,NA
5241374,Cade Norris,Samford,32,983,286,203,76,0.6048046015902555
5241376,Kylin Green,Hou Christian,32,996,330,283,137,0.4806571894663249
5241377,Tyler Medaris,Utah Valley,34,NA,NA,NA,NA,NA
5241380,Dominick Nelson,Iowa State,37,NA,NA,NA,NA,NA
5241382,Tyler Weaver,Utah Valley,34,NA,NA,NA,NA,NA
5241383,Josiah LeGree,Morehead St,33,580,247,196,54,0.5619767018565708
5241384,Jahni Summers,Sacramento St,31,800,308,234,52,0.5995017128620368
5241385,Jayan Walker,Indiana St,32,NA,NA,NA,NA,NA
5241386,Caden Huttenlocker,Indiana St,32,NA,NA,NA,NA,NA
5241387,Bruno Alocen,Indiana St,32,680,203,168,50,0.5342105263157895
5241388,Merritt Alderink,E Michigan,31,NA,NA,NA,NA,NA
5241389,Mozae Downing-Rivers,Portland St,31,NA,NA,NA,NA,NA
5241390,Makhai Valentine,N Illinois,30,NA,NA,NA,NA,NA
5241391,Logan Epes,Missouri St,34,NA,NA,NA,NA,NA
5241394,Jalen Hampton,Arkansas St,32,NA,NA,NA,NA,NA
5241395,Zaxton King,Missouri St,34,918,246,195,62,0.5533561274068742
5241397,Michael Osei-Bonsu,Missouri St,34,NA,NA,NA,NA,NA
5241398,Hunter Schenck,Utah Tech,34,NA,NA,NA,NA,NA
5241399,Madiba Owona,Utah Tech,34,NA,NA,NA,NA,NA
5241401,Preston Vandermyde,Utah Tech,34,NA,NA,NA,NA,NA
5241402,Britton Berrett,Utah Tech,34,783,180,130,26,0.6363122171945701
5241407,Redek Born,Northern Iowa,36,NA,NA,NA,NA,NA
5241408,Max Weisbrod,Northern Iowa,36,NA,NA,NA,NA,NA
5241409,Will Hornseth,Northern Iowa,36,NA,NA,NA,NA,NA
5241410,Cade Courbat,Northern Iowa,36,NA,NA,NA,NA,NA
5241411,Miles Barnstable,Tulsa,38,1150,553,365,124,0.6590237391553055
5241412,Kyle Counts,St Thomas (MN),34,NA,NA,NA,NA,NA
5241413,Tim Franks,St Thomas (MN),34,NA,NA,NA,NA,NA
5241414,Ryan Lafferty,St Thomas (MN),34,NA,NA,NA,NA,NA
5241415,Nolan Minessale,St Thomas (MN),34,1055,674,451,232,0.6093151081217907
5241417,Rolyns Aligbe,S Illinois,32,782,303,244,77,0.545199366633079
5241419,Jorge Moreno,S Illinois,32,NA,NA,NA,NA,NA
5241420,Antwaun Massey,W Illinois,31,NA,NA,NA,NA,NA
5241421,Carlos Harris III,UIC,35,NA,NA,NA,NA,NA
5241422,Iker Garmendia,Elon,32,NA,NA,NA,NA,NA
5241424,Raysean Seamster,UT Arlington,32,951,390,320,104,0.5331364829396326
5241426,Tuscan Onuoha,Florida A&M,26,NA,NA,NA,NA,NA
5241428,Cameron Jackson,UT Arlington,32,NA,NA,NA,NA,NA
5241429,Justus McNair,Valparaiso,33,NA,NA,NA,NA,NA
5241430,All Wright,Xavier,33,734,247,186,44,0.6013829372808726
5241432,Jayden Watson,Valparaiso,33,NA,NA,NA,NA,NA
5241433,Nick Lombardi,Valparaiso,33,NA,NA,NA,NA,NA
5241435,Ronnie Harrison,E Texas A&M,32,NA,NA,NA,NA,NA
5241436,Jordan Mizell,Tarleton St,32,883,169,150,57,0.48263650902444594
5241437,Malek Archie,Tarleton St,32,NA,NA,NA,NA,NA
5241440,Keitenn Bristow,Alabama,35,NA,NA,NA,NA,NA
5241442,Chris Mpaka,Tarleton St,32,NA,NA,NA,NA,NA
5241443,Roy Marom,Tarleton St,32,NA,NA,NA,NA,NA
5241444,Andy Sigiscar,Tarleton St,32,NA,NA,NA,NA,NA
5241452,Owen Larson,Drake,34,NA,NA,NA,NA,NA
5241453,Stoney Hadnot,UT Arlington,32,NA,NA,NA,NA,NA
5241454,Jaden Jackson,S Dakota St,32,1026,392,357,69,0.5059892606361007
5241455,Andrell Burton Jr.,S Dakota St,32,NA,NA,NA,NA,NA
5241456,Jadyn Cascio Jensen,S Dakota St,32,NA,NA,NA,NA,NA
5241457,Alec Squires,S Dakota St,32,477,147,88,67,0.6256384065372829
5241460,Dylan Godfrey,UC Riverside,32,NA,NA,NA,NA,NA
5241462,Evan van der Plas,Canisius,31,NA,NA,NA,NA,NA
5241469,Rich Brisco,Akron,35,NA,NA,NA,NA,NA
5241470,Sharron Young,Akron,35,NA,NA,NA,NA,NA
5241471,Eric Mahaffey,Akron,35,NA,NA,NA,NA,NA
5241472,Conner Groce,Akron,35,NA,NA,NA,NA,NA
5241480,Fatt Hill,George Mason,33,NA,NA,NA,NA,NA
5241481,Jai Anthoni Bearden,Ball State,31,NA,NA,NA,NA,NA
5241482,Kody Clancy,Ball State,31,NA,NA,NA,NA,NA
5241483,TJ Burch,Wright St,35,NA,NA,NA,NA,NA
5241485,Aidan May,Fairfield,34,NA,NA,NA,NA,NA
5241486,Isaac Munkadi,Fairfield,34,318,93,62,43,0.5746416213544241
5241487,Tanner Ostop,Fairfield,34,NA,NA,NA,NA,NA
5241488,Kernan Bundy,Kansas City,31,NA,NA,NA,NA,NA
5241489,Jacob Hogarth,Gardner-Webb,33,824,354,251,119,0.5834651898734177
5241490,Connor Horan,Iona,32,NA,NA,NA,NA,NA
5241491,Justin Menard,Marist,31,908,400,315,68,0.5798446016467587
5241493,Yaphet Moundi,San José St,33,NA,NA,NA,NA,NA
5241494,Adam Njie,Dayton,31,NA,NA,NA,NA,NA
5241495,Biggie Patterson,Hofstra,35,NA,NA,NA,NA,NA
5241534,Louis Fairtlough,Manhattan,32,NA,NA,NA,NA,NA
5241535,Will Sydnor,Manhattan,32,NA,NA,NA,NA,NA
5241536,Masiah Gilyard,Temple,32,NA,NA,NA,NA,NA
5241537,Fraser Roxburgh,Manhattan,32,979,353,313,40,0.5338777979431336
5241591,David Fonville,High Point,36,NA,NA,NA,NA,NA
5241592,Braden Hausen,High Point,36,730,240,204,24,0.5592841163310962
5241593,Simon Hildebrandt,Washington St,32,463,145,108,32,0.593872870249017
5241594,Josh Ibukunoluwa,High Point,36,NA,NA,NA,NA,NA
5241595,Birgir Irving,High Point,36,NA,NA,NA,NA,NA
5241596,Ivan Matlekovic,North Carolina,33,NA,NA,NA,NA,NA
5241597,Mavrick Miller,High Point,36,NA,NA,NA,NA,NA
5241602,Iverson King,Presbyterian,33,NA,NA,NA,NA,NA
5241603,Luke Allison,Presbyterian,33,NA,NA,NA,NA,NA
5241604,Khalon Hudson,Presbyterian,33,NA,NA,NA,NA,NA
5241605,Chidi Chiakwelu,Presbyterian,33,366,111,66,48,0.6370523415977961
5241606,Triston Wilson,Presbyterian,33,1013,377,280,142,0.5503971034804952
5241607,Tyler Spratt,Detroit Mercy,32,792,316,248,73,0.5640439811509353
5241608,Je'Shawn Stevenson,North Texas,33,1062,572,469,165,0.5280649926144756
5241610,Reece Robinson,North Texas,33,743,249,189,58,0.5803654670893157
5241611,Cole Franklin,North Texas,33,829,205,180,62,0.49450019297568504
5241614,Nate Johnson,Detroit Mercy,32,NA,NA,NA,NA,NA
5241617,Ryan Kalambay,Detroit Mercy,32,640,130,87,42,0.6162305650360258
5241618,TJ Nadeau,Detroit Mercy,32,NA,NA,NA,NA,NA
5241619,Porter Ihnen,South Dakota,32,NA,NA,NA,NA,NA
5241620,Evan Anderson,South Dakota,32,NA,NA,NA,NA,NA
5241622,Josiah Moore,Tulane,33,NA,NA,NA,NA,NA
5241623,Darius Robinson Jr.,SIUE,32,NA,NA,NA,NA,NA
5241624,Luke Gray,Oral Roberts,33,569,276,206,80,0.5721393034825871
5241626,Nevin Ibroci,Binghamton,31,NA,NA,NA,NA,NA
5241627,Aidan Skradis,Omaha,33,NA,NA,NA,NA,NA
5241628,Valentino Simon,Omaha,33,NA,NA,NA,NA,NA
5241629,Kamryn Thomas,Omaha,33,NA,NA,NA,NA,NA
5241630,Khamani Cooper,Omaha,33,NA,NA,NA,NA,NA
5241633,Ben Tweedy,Colgate,33,971,310,220,91,0.5960621442854945
5241635,C.J. O'Hara,Green Bay,33,1075,464,279,175,0.651685393258427
5241636,Brady Fitzgerald,Green Bay,33,NA,NA,NA,NA,NA
5241637,Caden Wilkins,Green Bay,33,711,228,177,41,0.5844954881050042
5241640,Andy Stefonowicz,N Dakota St,35,1136,319,250,62,0.5752308136180035
5241641,Carson Smith,N Dakota St,35,NA,NA,NA,NA,NA
5241642,Treyson Anderson,N Dakota St,35,639,365,254,111,0.6026284506670189
5241645,Dariyus Woodson,Louisiana,33,622,191,143,45,0.5866093366093366
5241646,Reggie Thomas,North Dakota,35,NA,NA,NA,NA,NA
5241647,George Natsvlishvili,North Dakota,35,NA,NA,NA,NA,NA
5241648,Greyson Uelmen,North Dakota,35,972,587,376,216,0.6230893342391304
5241652,Kasheem Grady II,Kansas City,31,NA,NA,NA,NA,NA
5241653,Ring Nyeri,N Colorado,32,827,273,211,37,0.6005807814149947
5241655,Teysean Eaglestaff,New Mexico St,32,NA,NA,NA,NA,NA
5241657,Alec Millender,UConn,40,NA,NA,NA,NA,NA
5241658,DeSean Goode,Robert Morris,33,1022,503,302,114,0.7141640163562016
5241663,Keenan Garner,C Michigan,31,751,234,157,98,0.5846492104737158
5241667,Jamichael Stillwell,UCF,33,NA,NA,NA,NA,NA
5241668,Esyah Pippa-White,Milwaukee,32,591,140,146,65,0.4009163802978236
5241671,Austin Villarreal,Milwaukee,32,NA,NA,NA,NA,NA
5241674,Dan Gherezgher,N Kentucky,34,1002,539,440,94,0.559872029250457
5241676,Donovan Rakotonanahary,N Kentucky,34,NA,NA,NA,NA,NA
5241679,Nassim Mashhour,Oakland,32,NA,NA,NA,NA,NA
5241683,Malcolm Christie,Oregon St,33,NA,NA,NA,NA,NA
5241684,Warren Marshall IV,Oakland,32,NA,NA,NA,NA,NA
5241686,De'Vion Lavergne,Louisiana,33,1000,326,329,62,0.4575053328842484
5241687,Mason Shrout,Purdue FW,32,NA,NA,NA,NA,NA
5241689,Amarion Dickerson,USC,32,NA,NA,NA,NA,NA
5241690,Josh Omojafo,South Florida,34,925,385,233,193,0.6054982385505787
5241693,Maurio Hanson Jr.,MD Eastern,32,NA,NA,NA,NA,NA
5241694,Devin Haid,South Florida,34,NA,NA,NA,NA,NA
5241695,Adam Fox,C Connecticut,30,NA,NA,NA,NA,NA
5241697,Roddy Jones,C Connecticut,30,NA,NA,NA,NA,NA
5241698,James Jones,C Connecticut,30,NA,NA,NA,NA,NA
5241699,Alex Bruskotter,Wright St,35,NA,NA,NA,NA,NA
5241700,Andrea Holden,Wright St,35,499,215,143,75,0.6107954545454546
5241701,Ayden Davis,Wright St,35,NA,NA,NA,NA,NA
5241703,Shaheed Solebo,Youngstown St,32,NA,NA,NA,NA,NA
5241705,Juwan Maxey,Ball State,31,NA,NA,NA,NA,NA
5241706,Cris Carroll,Youngstown St,32,970,557,382,132,0.6328394837302309
5241708,Dailliss Cox,Chicago St,32,486,100,94,13,0.5014039310068191
5241709,Wyatt DeGraaf,Brown,27,NA,NA,NA,NA,NA
5241710,Jerrell Barron Jr.,Brown,27,NA,NA,NA,NA,NA
5241711,David Rochester,Brown,27,NA,NA,NA,NA,NA
5241712,Gerard O'Keefe,Columbia,28,NA,NA,NA,NA,NA
5241713,Nigel Clarkson,Columbia,28,NA,NA,NA,NA,NA
5241714,Gianni Cobb,N Illinois,30,870,293,248,107,0.49647553205910266
5241715,Mason Ritter,Columbia,28,682,203,148,59,0.5834674637847781
5241716,Gioacchino Panzini,Cornell,28,NA,NA,NA,NA,NA
5241717,Mateen Rafiq,Cornell,28,NA,NA,NA,NA,NA
5241718,Anthony Nimani,Cornell,28,NA,NA,NA,NA,NA
5241719,Ty Iwanonkiw,Cornell,28,NA,NA,NA,NA,NA
5241720,AJ Rodriguez,Cornell,28,NA,NA,NA,NA,NA
5241721,Kareem Thomas,Dartmouth,27,NA,NA,NA,NA,NA
5241722,Cameron McNamee,Dartmouth,27,548,163,119,53,0.5726531759415402
5241723,Shanon Simango,Dartmouth,27,NA,NA,NA,NA,NA
5241724,Jacobe Coleman,Sam Houston,34,NA,NA,NA,NA,NA
5241725,Ben Eisendrath,Harvard,29,NA,NA,NA,NA,NA
5241726,Kenan Parrish,Harvard,29,NA,NA,NA,NA,NA
5241727,Austin Hunt,Harvard,29,NA,NA,NA,NA,NA
5241728,Tey Barbour,Harvard,29,974,393,265,87,0.6479161171194936
5241729,Dutch Dowdell,Harvard,29,NA,NA,NA,NA,NA
5241732,AJ Levine,Penn,30,729,247,211,82,0.49983810911445686
5241733,Alex Massung,Penn,30,NA,NA,NA,NA,NA
5241734,Dylan Williams,Penn,30,NA,NA,NA,NA,NA
5241735,Bradyn Foster,Penn,30,NA,NA,NA,NA,NA
5241736,Michelangelo Oberti,Penn,30,NA,NA,NA,NA,NA
5241737,Brandon Maclin,DePaul,32,NA,NA,NA,NA,NA
5241740,Peyton Seals,Princeton,29,NA,NA,NA,NA,NA
5241741,CJ Happy,Princeton,29,NA,NA,NA,NA,NA
5241742,Zio Kim,Princeton,29,NA,NA,NA,NA,NA
5241743,Jack Stanton,Princeton,29,NA,NA,NA,NA,NA
5241744,Isaiah Skinner,SC Upstate,32,641,163,140,21,0.5461002412221924
5241745,Brit Harris,FIU,32,599,179,158,34,0.5174606845513413
5241746,Mister Dean,Charleston,32,NA,NA,NA,NA,NA
5241747,Nic Book,SC Upstate,32,NA,NA,NA,NA,NA
5241748,Karmani Gregory,SC Upstate,32,NA,NA,NA,NA,NA
5241749,Breylin Garcia,SC Upstate,32,NA,NA,NA,NA,NA
5241753,Jordan Brathwaite,Yale,31,588,205,168,16,0.5855804387568556
5241754,Isaac Celiscar,Yale,31,965,409,253,119,0.6697013361278491
5241755,Riley Fox,Yale,31,557,310,250,46,0.5735642391947898
5241756,Kameron Taylor,UNC Asheville,32,1110,606,453,224,0.5493509319022409
5241757,Julian Clarke,UNC Asheville,32,NA,NA,NA,NA,NA
5241759,Paul Jones III,James Madison,33,NA,NA,NA,NA,NA
5241760,Tommy Kamarad,Winthrop,34,NA,NA,NA,NA,NA
5241772,Raysean Johnson,FDU,32,NA,NA,NA,NA,NA
5241773,Chid Ekwommadu,FDU,32,NA,NA,NA,NA,NA
5241776,Josiah Francis,FDU,32,NA,NA,NA,NA,NA
5241777,Dylan Jones,Southern Utah,32,NA,NA,NA,NA,NA
5241778,Andrew Canda,FDU,32,NA,NA,NA,NA,NA
5241779,Jakob Blakley,Le Moyne,32,515,134,123,24,0.5016471997604073
5241781,Isaac Nyakundi,Le Moyne,32,NA,NA,NA,NA,NA
5241782,Sam Donnelly,Le Moyne,32,NA,NA,NA,NA,NA
5241841,CJ Hardy,Bakersfield,32,NA,NA,NA,NA,NA
5241842,Mike Price,Bakersfield,32,NA,NA,NA,NA,NA
5241843,Marvin McGhee IV,Santa Barbara,32,NA,NA,NA,NA,NA
5241844,Bentley Waller,Bakersfield,32,NA,NA,NA,NA,NA
5241845,Colin Darby,Bakersfield,32,NA,NA,NA,NA,NA
5241846,Jemel Jones,New Mexico St,32,910,570,447,164,0.548963710609446
5241847,Cameron Clark,SC State,32,NA,NA,NA,NA,NA
5241869,Davis Bynum,Rider,29,NA,NA,NA,NA,NA
5241870,Kidus Tilahun,Fullerton,34,NA,NA,NA,NA,NA
5241876,Joseph Barrio,CSU Northridge,34,NA,NA,NA,NA,NA
5241877,Jalen Barbee,CSU Northridge,34,NA,NA,NA,NA,NA
5241880,Robert Thibiant,CSU Northridge,34,NA,NA,NA,NA,NA
5241881,Greg Gazarian,CSU Northridge,34,NA,NA,NA,NA,NA
5241895,AJ Economou,Hawai'i,33,NA,NA,NA,NA,NA
5241898,Aaron Hunkin-Claytor,Hawai'i,33,NA,NA,NA,NA,NA
5241906,Kam Martin,Samford,32,531,181,141,47,0.559747649678377
5241909,Christian Richardson,Omaha,33,NA,NA,NA,NA,NA
5241911,Cory Curtis Jr.,Kansas City,31,NA,NA,NA,NA,NA
5241913,Sebastian Akins,Wake Forest,35,530,184,156,63,0.5007620291748313
5241914,Nick Shogbonyo,Texas A&M-CC,33,NA,NA,NA,NA,NA
5241915,Josh Pickett,Presbyterian,33,890,193,170,45,0.5084299262381454
5241916,Abdulai Fanta Kabba,W Carolina,31,NA,NA,NA,NA,NA
5241918,Loch Cunningham,Denver,32,NA,NA,NA,NA,NA
5241919,Jon Mani,Colorado,33,NA,NA,NA,NA,NA
5241920,Isaiah Chappell,UC Davis,33,796,279,241,45,0.5348926380368098
5241929,Torian Lee,UC Irvine,35,NA,NA,NA,NA,NA
5241931,Jovan Jester Jr.,UC Irvine,35,562,226,170,77,0.554247596625466
5241932,Tishan Ahir,UC Irvine,35,NA,NA,NA,NA,NA
5241955,Tyler Jones,UC Riverside,32,NA,NA,NA,NA,NA
5241956,Abass Bodija,Fordham,32,NA,NA,NA,NA,NA
5241957,Jack Whitbourn,Fordham,32,NA,NA,NA,NA,NA
5241959,Ryder Elisaldez,UC San Diego,34,NA,NA,NA,NA,NA
5241960,Christopher Cox,UC San Diego,34,NA,NA,NA,NA,NA
5241961,Milos Vicentic,New Mexico,37,NA,NA,NA,NA,NA
5242115,Asim Jones,Quinnipiac,32,920,400,336,78,0.5400734499891986
5242116,Ashton Williamson,FIU,32,NA,NA,NA,NA,NA
5242117,Vianney Salatchoum,TCU,35,NA,NA,NA,NA,NA
5242119,Ibrahim Olajuwon,FIU,32,454,129,95,44,0.5640083945435467
5242121,Quel'Ron House,S Illinois,32,NA,NA,NA,NA,NA
5242122,Aidan Driggers,Jax State,32,NA,NA,NA,NA,NA
5242123,Mekhi Turner,Tennessee Tech,31,NA,NA,NA,NA,NA
5242124,Ricky McKenzie,Marist,31,NA,NA,NA,NA,NA
5242125,Jamil Miller,Kennesaw St,35,NA,NA,NA,NA,NA
5242126,Braedan Lue,Kennesaw St,35,931,383,325,95,0.5220828789531079
5242127,Adrian Wooley,Louisville,35,786,303,229,72,0.5811723185514808
5242128,Dozie Onyirimba,Kennesaw St,35,NA,NA,NA,NA,NA
5242130,Brett Decker Jr.,Liberty,34,1141,575,395,79,0.6689780342516753
5242131,Owen Aquino,High Point,36,954,333,221,118,0.6100688846548439
5242133,Al Green,UNLV,35,NA,NA,NA,NA,NA
5242134,Landren Blocker,SE Missouri,33,586,171,132,56,0.5458375893769153
5242135,Sean Elkinton,Louisiana,33,NA,NA,NA,NA,NA
5242262,Zion Sensley,Santa Barbara,32,807,349,285,51,0.5675904241478013
5242263,Bryce Bedgood,Santa Barbara,32,NA,NA,NA,NA,NA
5242264,Zachiah Clark,Santa Barbara,32,NA,NA,NA,NA,NA
5242266,Kieran Elliott,Cal Poly,33,NA,NA,NA,NA,NA
5242267,Guzman Vasilic,Cal Poly,33,NA,NA,NA,NA,NA
5242268,Peter Bandelj,Cal Poly,33,NA,NA,NA,NA,NA
5242269,Cayden Ward,Cal Poly,33,970,480,343,150,0.58679706601467
5242272,Bryson Ogletree,NC A&T,30,NA,NA,NA,NA,NA
5242273,Chanler Montgomery,NC A&T,30,NA,NA,NA,NA,NA
5242274,Efstratios Kalliontzis,NC A&T,30,NA,NA,NA,NA,NA
5242276,Ryan Williams,Northeastern,31,NA,NA,NA,NA,NA
5242277,Luca Soroa Schaller,Northeastern,31,NA,NA,NA,NA,NA
5242278,CJ Luster II,UNC Wilmington,34,NA,NA,NA,NA,NA
5242279,Nick Woodard,Alcorn St,32,917,275,256,60,0.48689801699716717
5242281,Collin O'Connor,Stony Brook,32,NA,NA,NA,NA,NA
5242282,Quin Gorman,Stony Brook,32,NA,NA,NA,NA,NA
5242400,Juan Cranford Jr.,E Kentucky,32,829,386,322,54,0.5581906524757058
5242401,Jeremy Clayville,NJIT,33,NA,NA,NA,NA,NA
5242402,Riley Parker,Portland,34,NA,NA,NA,NA,NA
5242403,Victor Payne,Saint Francis,31,740,212,162,38,0.5931065353625783
5242404,Carson Rhodes,Saint Francis,31,NA,NA,NA,NA,NA
5242405,Trey Weiand,Saint Francis,31,NA,NA,NA,NA,NA
5242407,Hermann Koffi,Stonehill,33,NA,NA,NA,NA,NA
5242408,Eino Montin,Stonehill,33,NA,NA,NA,NA,NA
5242410,Pearse McGuinn,Stonehill,33,NA,NA,NA,NA,NA
5242414,Zavier Fitch,Wagner,31,NA,NA,NA,NA,NA
5242415,Makhai Anderson,Wagner,31,NA,NA,NA,NA,NA
5242420,Zion Fruster,E Illinois,33,NA,NA,NA,NA,NA
5242423,Terry McMorris,E Illinois,33,862,250,180,111,0.5462331760181787
5242437,Anias Futrell,Lindenwood,33,NA,NA,NA,NA,NA
5242438,Aly Tounkara,Arkansas St,32,582,136,97,38,0.5979599015124868
5242439,Clayton Jackson,Lindenwood,33,826,235,208,81,0.4822689213593827
5242545,Joseph Thomas,Little Rock,32,NA,NA,NA,NA,NA
5242546,Isaiah Lewis,Long Beach St,32,707,191,179,52,0.4730532989894987
5242547,Travonne Jackson,Little Rock,32,NA,NA,NA,NA,NA
5242548,Caleb Pennyfeather,Little Rock,32,NA,NA,NA,NA,NA
5242551,Khouri Carvey,NC Central,32,NA,NA,NA,NA,NA
5242552,Jace Winkleman,Morehead St,33,NA,NA,NA,NA,NA
5242553,Jayden Williams,Bucknell,33,1077,249,249,64,0.4491990186174051
5242554,Matt Lange,Bucknell,33,NA,NA,NA,NA,NA
5242555,Achile Spadone,Bucknell,33,1150,409,352,96,0.5187195616883117
5242556,D'Aundre Samuels,Hou Christian,32,716,276,252,45,0.5077262693156732
5242559,Jaxon Pardon,Bowling Green,32,NA,NA,NA,NA,NA
5242560,Javontae Campbell,Bowling Green,32,1091,598,414,215,0.5878883208808494
5242561,Marcus Johnson,Kansas St,32,NA,NA,NA,NA,NA
5242563,Mohamed Maxamud,Bowling Green,32,NA,NA,NA,NA,NA
5242564,Preston Squire,Bowling Green,32,NA,NA,NA,NA,NA
5242565,Alijah Adem,Bowling Green,32,NA,NA,NA,NA,NA
5242568,Jordan Pyke,Incarnate Word,31,NA,NA,NA,NA,NA
5242569,Isaiah Kortas,Incarnate Word,31,NA,NA,NA,NA,NA
5242571,Alexis Marmolejos,Pacific,32,NA,NA,NA,NA,NA
5242573,Braden East,Lamar,31,NA,NA,NA,NA,NA
5242574,Jayden Gambrell,Lamar,31,NA,NA,NA,NA,NA
5242577,Erik Villarreal,McNeese,34,NA,NA,NA,NA,NA
5242583,Chike Ndefo,Towson,34,NA,NA,NA,NA,NA
5242586,Ryan Skerry,Towson,34,NA,NA,NA,NA,NA
5242587,Caleb Embeya,Towson,34,703,121,82,66,0.5448487031700289
5242588,Makel Smith,UNC Wilmington,34,NA,NA,NA,NA,NA
5242590,Makoi Mabor Makoi,UNC Wilmington,34,NA,NA,NA,NA,NA
5242591,JoJo Fullwood,UNC Wilmington,34,NA,NA,NA,NA,NA
5242592,Isaiah Mbeng,East Carolina,31,715,140,146,26,0.4446138211382114
5242593,Colin Ndaw,William & Mary,32,NA,NA,NA,NA,NA
5242594,Kyle Pulliam,William & Mary,32,NA,NA,NA,NA,NA
5242596,Ryan Jackson Jr.,William & Mary,32,NA,NA,NA,NA,NA
5242597,Finn Lally,William & Mary,32,NA,NA,NA,NA,NA
5242598,Justin Ray,Monmouth,34,966,384,289,72,0.5987277036297867
5242599,Lucas Orchard,Monmouth,34,NA,NA,NA,NA,NA
5242601,Gabe Pickens,New Mexico St,32,NA,NA,NA,NA,NA
5242602,Zawdie Jackson,FIU,32,NA,NA,NA,NA,NA
5242603,Jae'Coby Osborne,New Mexico St,32,746,193,144,54,0.5752265140677159
5242606,Jaxson Ford,Sam Houston,34,NA,NA,NA,NA,NA
5242608,Erik Taylor,Presbyterian,33,NA,NA,NA,NA,NA
5242609,Jackson Rogers,Sam Houston,34,NA,NA,NA,NA,NA
5242610,Cheikh Ndiaye,Sam Houston,34,NA,NA,NA,NA,NA
5242612,KJ Thomas,UTEP,31,884,181,138,78,0.5251857010213556
5242613,Jordan Hernandez,UTEP,31,NA,NA,NA,NA,NA
5242615,Kade Unseld,Western KY,32,NA,NA,NA,NA,NA
5242616,Cade Stinnett,Western KY,32,NA,NA,NA,NA,NA
5242617,Julius Thedford,Memphis,32,NA,NA,NA,NA,NA
5242619,Jadin Collins-Roberts,Marist,31,940,223,197,46,0.5132572270300129
5242621,Elijah Lewis,Marist,31,NA,NA,NA,NA,NA
5242622,Parby Kabamba,Marist,31,522,168,159,17,0.5045651129264777
5242623,Antoni Vlogianitis,Marist,31,NA,NA,NA,NA,NA
5242624,Jagger Bascombe,New Haven,31,NA,NA,NA,NA,NA
5242629,Tye Dorset,Merrimack,34,1235,399,346,75,0.5263852242744064
5242631,Brendan Johnson,Merrimack,34,NA,NA,NA,NA,NA
5242634,Carmelo Pacheco,UCF,33,NA,NA,NA,NA,NA
5242635,Arlandus Keyes,Mount St Marys,32,NA,NA,NA,NA,NA
5242636,Jaxon Hartman,Mount St Marys,32,NA,NA,NA,NA,NA
5242637,Elijah Espinosa,Mount St Marys,32,NA,NA,NA,NA,NA
5242638,Abdou Khadre Kébé,Mount St Marys,32,NA,NA,NA,NA,NA
5242642,Landon Williams,Niagara,30,NA,NA,NA,NA,NA
5242643,Will Shortt,Niagara,30,584,195,147,39,0.5939327485380117
5242644,AJ McBride,Niagara,30,NA,NA,NA,NA,NA
5242758,Wyatt Nausadis,American,32,729,249,203,54,0.5490386311518787
5242759,Shane O'Reilly,American,32,NA,NA,NA,NA,NA
5242760,Eric Michaels,American,32,NA,NA,NA,NA,NA
5242761,Julen Iturbe,American,32,827,335,262,58,0.5825681691708403
5242764,Azmar Abdullah,Boston U,34,1008,281,230,40,0.5674474959612278
5242765,Ben Defty,Boston U,34,NA,NA,NA,NA,NA
5242775,Josh Ahayere,Colgate,33,NA,NA,NA,NA,NA
5242776,Stevie Clark,Colgate,33,NA,NA,NA,NA,NA
5242777,Cameron Brennan,Colgate,33,NA,NA,NA,NA,NA
5242778,Blake Forrest,Colgate,33,NA,NA,NA,NA,NA
5242807,Micah Simpson,Alabama St,32,1045,445,419,102,0.47964990945934294
5242808,Mario Andrews,Alabama St,32,NA,NA,NA,NA,NA
5242810,Jordon Marshall,Alabama St,32,NA,NA,NA,NA,NA
5242811,Kevin Alabi,Alabama St,32,NA,NA,NA,NA,NA
5242812,Jerquarius Stanback,Alabama St,32,788,280,207,90,0.5677210056772101
5242905,Grant Randall,Quinnipiac,32,1013,365,276,99,0.5710977594192014
5242906,Samson Reilly,Quinnipiac,32,NA,NA,NA,NA,NA
5242907,Spence Wewe,Quinnipiac,32,528,83,72,21,0.5108321024126047
5242908,Jaden Zimmerman,Quinnipiac,32,NA,NA,NA,NA,NA
5242909,Akintola Akinniyi,Quinnipiac,32,NA,NA,NA,NA,NA
5242911,Flash Burton,Rider,29,931,438,391,116,0.49543027780291377
5242912,Maurizio D'Alessandro,Rider,29,NA,NA,NA,NA,NA
5242913,Cole McCabe,Rider,29,NA,NA,NA,NA,NA
5242916,Jakai Sanders,Le Moyne,32,NA,NA,NA,NA,NA
5242922,Justice Shoats,Siena,35,1246,457,406,99,0.5082747575407065
5242923,Chris Torres,Siena,35,NA,NA,NA,NA,NA
5242924,Major Freeman,Charlotte,34,NA,NA,NA,NA,NA
5242925,Tajae Jones,Siena,35,NA,NA,NA,NA,NA
5242926,Gavin Doty,Siena,35,1286,629,465,183,0.5765141516351371
5242928,Devin Brafford,Charleston So,32,NA,NA,NA,NA,NA
5242929,Cooper Nadler,Siena,35,NA,NA,NA,NA,NA
5242934,Mbaye N'Diaye,E Michigan,31,NA,NA,NA,NA,NA
5242935,Godslove Nwabude,E Michigan,31,NA,NA,NA,NA,NA
5242936,Christian Henry,Fordham,32,NA,NA,NA,NA,NA
5242937,Mohammad Habhab,E Michigan,31,NA,NA,NA,NA,NA
5242938,Quentin Heady,Bethune,32,820,331,236,124,0.5695897577092511
5242942,Tyler Boston,Holy Cross,33,NA,NA,NA,NA,NA
5242943,Max Green,Northwestern,34,NA,NA,NA,NA,NA
5242944,Chuck Hare,Holy Cross,33,NA,NA,NA,NA,NA
5242945,Aidan Richard,Holy Cross,33,NA,NA,NA,NA,NA
5242946,Jaiden Feroah,Southern Utah,32,956,432,285,89,0.6663376110562684
5242947,Deandre Jones,Kent State,34,NA,NA,NA,NA,NA
5242949,Drew Huffman,Kent State,34,NA,NA,NA,NA,NA
5242956,Julien King,Navy,34,NA,NA,NA,NA,NA
5242957,Davyn de Jongh,Navy,34,NA,NA,NA,NA,NA
5242959,David Burnett,Navy,34,NA,NA,NA,NA,NA
5242960,Tobi Raji,Navy,34,NA,NA,NA,NA,NA
5242961,Cooper Jackson,Navy,34,NA,NA,NA,NA,NA
5242962,Owen Gray,Navy,34,NA,NA,NA,NA,NA
5242964,Braeden Speed,Loyola MD,32,1047,491,346,157,0.5914522501686422
5242965,Goap Kodi,Loyola MD,32,NA,NA,NA,NA,NA
5242966,Ben Menker,Loyola MD,32,NA,NA,NA,NA,NA
5242967,Ring Malith,SIUE,32,NA,NA,NA,NA,NA
5242969,Jordan Hamilton,Texas Southern,30,NA,NA,NA,NA,NA
5242970,Myles Thompson,SIUE,32,NA,NA,NA,NA,NA
5242973,Troy Cole Jr.,SE Missouri,33,447,140,114,60,0.49857549857549854
5242974,Brendan Terry,SE Missouri,33,827,372,266,122,0.5818318318318318
5242975,Saxton Hoepker,SE Missouri,33,NA,NA,NA,NA,NA
5242976,Jay Reynolds,SE Missouri,33,NA,NA,NA,NA,NA
5242977,Elliot Lowndes,SE Missouri,33,NA,NA,NA,NA,NA
5242980,Damoni Harrison,Charlotte,34,NA,NA,NA,NA,NA
5242982,Josiah Dunham,So Indiana,30,NA,NA,NA,NA,NA
5242983,Cayden Gehlhausen,So Indiana,30,NA,NA,NA,NA,NA
5242985,Travis Harper II,Tennessee St,33,1034,565,393,133,0.6256644223954643
5242986,JC Brooks,Tennessee St,33,NA,NA,NA,NA,NA
5242987,Maddux Bodenhamer,Tennessee St,33,NA,NA,NA,NA,NA
5242989,Antoine Lorick III,Tennessee St,33,708,323,236,99,0.5776935183860352
5242991,Kavien Jones,Tennessee St,33,NA,NA,NA,NA,NA
5242992,Jaylon Johnson,Radford,32,NA,NA,NA,NA,NA
5242993,Ray Glasgow,Alcorn St,32,NA,NA,NA,NA,NA
5242994,JaJuan Nicholls,Tennessee Tech,31,554,347,217,111,0.6526482094492927
5242997,Colin Ayers,Tennessee Tech,31,NA,NA,NA,NA,NA
5242999,Andrija Bukumirovic,UT Martin,33,NA,NA,NA,NA,NA
5243000,Tarence Guinyard,Duquesne,33,NA,NA,NA,NA,NA
5243002,Afan Trnka,UT Martin,33,NA,NA,NA,NA,NA
5243003,Matija Žužic,West Georgia,32,NA,NA,NA,NA,NA
5243004,Pedro Santos,UT Martin,33,NA,NA,NA,NA,NA
5243005,Josue Grullon,La Salle,32,NA,NA,NA,NA,NA
5243006,AJ Hopkins,UT Martin,33,NA,NA,NA,NA,NA
5243008,Lucas Williams,UT Martin,33,NA,NA,NA,NA,NA
5243011,Stefano Faloppa,New Haven,31,809,193,144,37,0.6020713750935862
5243012,Filip Radakovic,UT Martin,33,NA,NA,NA,NA,NA
5243013,Trey Deveaux,Mount St Marys,32,NA,NA,NA,NA,NA
5243015,Ifiok Peter,W Illinois,31,NA,NA,NA,NA,NA
5243016,AJ Dixon,Utah Valley,34,NA,NA,NA,NA,NA
5243018,Nyle Ralph-Beyer,Sacred Heart,33,NA,NA,NA,NA,NA
5243019,Mekhi Conner,Sacred Heart,33,NA,NA,NA,NA,NA
5243020,Jaden Slaughter,Sacred Heart,33,NA,NA,NA,NA,NA
5243021,Taj Bryant,Sacred Heart,33,NA,NA,NA,NA,NA
5243022,Malik Sheppard,Sacred Heart,33,NA,NA,NA,NA,NA
5243023,Fallou Gueye,Sacred Heart,33,NA,NA,NA,NA,NA
5243024,Alex Woodring,Sacred Heart,33,NA,NA,NA,NA,NA
5243025,Omar Migues-Hibeljic,Buffalo,32,NA,NA,NA,NA,NA
5243026,Tyson Dunn,UC San Diego,34,NA,NA,NA,NA,NA
5243027,Brayden Jackson,St Bonaventure,34,NA,NA,NA,NA,NA
5243028,Ben Michaels,Vermont,34,NA,NA,NA,NA,NA
5243032,Daniel Shao,Buffalo,32,NA,NA,NA,NA,NA
5243033,Kavon Bradford,N Arizona,32,NA,NA,NA,NA,NA
5243034,Tim Oboh,Buffalo,32,673,272,175,118,0.5993301604089547
5243035,Caleb Williams,Lafayette,32,1013,499,404,124,0.5440945568736916
5243037,Folabomi Fayemi,Lafayette,32,NA,NA,NA,NA,NA
5243038,Alex Chaikin,UC San Diego,34,849,331,256,66,0.5806202638226213
5243039,Edouard Benoit,Lehigh,35,NA,NA,NA,NA,NA
5243040,Alfredo Addesa,Lehigh,35,NA,NA,NA,NA,NA
5243041,Peter Kramer,Lehigh,35,699,141,119,19,0.5535489949748744
5243042,Hank Alvey,Lehigh,35,1080,533,335,167,0.652418723070897
5243043,Jacen Holloway,Army,32,NA,NA,NA,NA,NA
5243044,Joshua Eli,Army,32,NA,NA,NA,NA,NA
5243045,Kevin McCarthy,Army,32,NA,NA,NA,NA,NA
5243046,Brendon O'Keefe,Army,32,NA,NA,NA,NA,NA
5243047,Alex Engro,Army,32,NA,NA,NA,NA,NA
5243048,Dayon Polk,Army,32,NA,NA,NA,NA,NA
5243049,Jaxson Bell,Army,32,NA,NA,NA,NA,NA
5243050,Dylan Murans,Army,32,NA,NA,NA,NA,NA
5243051,Nnaemeka Ikechi,Army,32,NA,NA,NA,NA,NA
5243053,Brant Byers,Miami OH,34,1048,483,299,163,0.6514350453172205
5243054,Ethan Wright,Miami OH,34,NA,NA,NA,NA,NA
5243056,Jayden Mott,C Connecticut,30,NA,NA,NA,NA,NA
5243061,Leland Coleman,Columbia,28,NA,NA,NA,NA,NA
5243062,Luke Davis,East Carolina,31,NA,NA,NA,NA,NA
5243080,Elijah Elliott,Ohio,32,NA,NA,NA,NA,NA
5243081,Kiir Kuany,Ohio,32,NA,NA,NA,NA,NA
5243082,Chase Boals,Ohio,32,NA,NA,NA,NA,NA
5243083,Jesse Burris,Ohio,32,NA,NA,NA,NA,NA
5243086,Jaylan Ouwinga,Toledo,34,632,213,181,33,0.5447013093289689
5243088,Jerald Colonel,SF Austin,34,854,169,137,55,0.5241935483870969
5243089,Landyn Jumawan,N'Western St,32,NA,NA,NA,NA,NA
5243093,Justin Redmond,N'Western St,32,NA,NA,NA,NA,NA
5243094,Willie Williams,N'Western St,32,NA,NA,NA,NA,NA
5243095,Chansey Willis Jr.,Minnesota,33,NA,NA,NA,NA,NA
5243096,EJ Ryans,W Michigan,31,845,234,206,46,0.5171499292786421
5243098,Seryee Lewis,Prairie View,37,NA,NA,NA,NA,NA
5243099,Junior Sileu,W Michigan,31,NA,NA,NA,NA,NA
5243100,Isaiah Brown,Howard,35,NA,NA,NA,NA,NA
5243101,Blake Harper,Creighton,34,627,262,179,98,0.589771294795606
5243102,Jeremy Elyzee,SE Louisiana,31,913,344,279,101,0.5317833292109819
5243104,Kyle Edison,SE Louisiana,31,NA,NA,NA,NA,NA
5243105,Jaiden Lawrence,SE Louisiana,31,630,158,146,36,0.4881364310430054
5243109,Dominic Pangonis,Wright St,35,NA,NA,NA,NA,NA
5243110,Matar Wade,Morgan St,30,NA,NA,NA,NA,NA
5243111,Marland Harris,Morgan St,30,NA,NA,NA,NA,NA
5243114,Jayden Socka,Morgan St,30,NA,NA,NA,NA,NA
5243118,Scooter Williams,Louisiana Tech,34,NA,NA,NA,NA,NA
5243119,Mykol Sanchez-Vega,E Texas A&M,32,NA,NA,NA,NA,NA
5243120,Chris Adlam,E Texas A&M,32,NA,NA,NA,NA,NA
5243123,Demarco Bethea,Hou Christian,32,824,319,225,106,0.587174201148579
5243127,Damarion Dennis,Wyoming,33,NA,NA,NA,NA,NA
5243128,Sheldon Williams,Texas A&M-CC,33,839,389,279,115,0.5901092233009708
5243129,Kayden Crosby,Texas A&M-CC,33,NA,NA,NA,NA,NA
5243130,Isaac Williams IV,Baylor,34,849,355,234,98,0.6405167436489607
5243136,Jaylen Washington,UT Rio Grande,33,885,336,241,78,0.6101990411157926
5243157,Angok Anyang,Alabama A&M,33,NA,NA,NA,NA,NA
5243188,Davian Williams,Alcorn St,32,845,249,243,50,0.469811320754717
5243189,Tycen McDaniels,Alcorn St,32,872,383,267,134,0.5874953982083692
5243190,Omari Hamilton,Alcorn St,32,685,250,201,79,0.53020020359687825
5243191,Dakari Thomas,Chicago St,32,NA,NA,NA,NA,NA
5243193,Anthony Sellars,AR-Pine Bluff,32,NA,NA,NA,NA,NA
5243198,Dennis Asoro,AR-Pine Bluff,32,NA,NA,NA,NA,NA
5243199,Kyle Brown,AR-Pine Bluff,32,NA,NA,NA,NA,NA
5243201,William Gonzalez,Bethune,32,NA,NA,NA,NA,NA
5243204,Chris Arias,Jacksonville,32,NA,NA,NA,NA,NA
5243205,Anakin Brown,Jacksonville,32,NA,NA,NA,NA,NA
5243206,Lamont Jackson,Jacksonville,32,NA,NA,NA,NA,NA
5243207,Simon Wheeler,Jacksonville,32,NA,NA,NA,NA,NA
5243208,Kent Jackson,North Florida,32,1020,473,414,53,0.540793926644105
5243210,Enrico Borio,Jacksonville,32,NA,NA,NA,NA,NA
5243211,Mihailo Boškovic,BYU,35,NA,NA,NA,NA,NA
5243212,Kanon Catchings,Georgia,33,NA,NA,NA,NA,NA
5243214,Brody Kozlowski,BYU,35,NA,NA,NA,NA,NA
5243217,Houston Holland,Chattanooga,32,NA,NA,NA,NA,NA
5243218,Liam Vitters,Chattanooga,32,NA,NA,NA,NA,NA
5243219,Latif Diouf,Chattanooga,32,NA,NA,NA,NA,NA
5243222,Parker Robison,Chattanooga,32,NA,NA,NA,NA,NA
5243230,Charles Johnston,Furman,35,990,344,263,74,0.5819461361483286
5243231,Mason Smith,Furman,35,NA,NA,NA,NA,NA
5243235,Alex Koch,Mercer,32,NA,NA,NA,NA,NA
5243236,Brady Shoulders,Mercer,32,NA,NA,NA,NA,NA
5243237,Braeden Carlsen,Mercer,32,NA,NA,NA,NA,NA
5243238,Marcus Overstreet,San José St,33,NA,NA,NA,NA,NA
5243239,Corey Brown,Samford,32,NA,NA,NA,NA,NA
5243240,Caleb Harrison,Samford,32,NA,NA,NA,NA,NA
5243241,Jaden Brownell,USC,32,NA,NA,NA,NA,NA
5243243,Eze Wali,The Citadel,33,834,189,177,59,0.4656089869925108
5243245,Dante Kearse,The Citadel,33,359,119,89,25,0.595
5243246,Jack Walter,The Citadel,33,NA,NA,NA,NA,NA
5243247,Aidan Alexander,The Citadel,33,NA,NA,NA,NA,NA
5243252,Clinton Efinda,UNC Greensboro,34,NA,NA,NA,NA,NA
5243253,Clyde Bailey II,UNC Greensboro,34,NA,NA,NA,NA,NA
5243254,Isaiah Washington,N Illinois,30,NA,NA,NA,NA,NA
5243262,Cal Liston,VMI,32,736,171,152,25,0.5245398773006135
5243263,Linus Holmstrom,VMI,32,NA,NA,NA,NA,NA
5243264,Kaden Stuckey,VMI,32,NA,NA,NA,NA,NA
5243265,Jaylen Pazon,VMI,32,NA,NA,NA,NA,NA
5243266,CJ Hyland,W Carolina,31,NA,NA,NA,NA,NA
5243267,Brandon Morgan,Hofstra,35,NA,NA,NA,NA,NA
5243269,Max Williams,W Carolina,31,NA,NA,NA,NA,NA
5243270,Fischer Brown,W Carolina,31,NA,NA,NA,NA,NA
5243271,Jalen Lee,Southern Utah,32,NA,NA,NA,NA,NA
5243273,Shadrak Lasu,Long Island,35,NA,NA,NA,NA,NA
5243274,Eddie Munyak,Long Island,35,NA,NA,NA,NA,NA
5243275,Gavin Pendergast,Long Island,35,NA,NA,NA,NA,NA
5243276,Luke Flynn,Wofford,32,NA,NA,NA,NA,NA
5243277,Cannon Richards,Wofford,32,NA,NA,NA,NA,NA
5243278,Kahmare Holmes,Wofford,32,NA,NA,NA,NA,NA
5243336,Malcolm Stute,Florida A&M,31,NA,NA,NA,NA,NA
5243337,Lenard Taylor Jr.,Florida A&M,31,NA,NA,NA,NA,NA
5243339,PJ Eason,Alabama A&M,33,NA,NA,NA,NA,NA
5243342,James Flippin,Alabama A&M,33,NA,NA,NA,NA,NA
5243343,Tamarion Hoover,Jackson St,33,NA,NA,NA,NA,NA
5243344,Dorian McMillian,Jackson St,33,NA,NA,NA,NA,NA
5243345,Jalen Tatum,Jackson St,33,NA,NA,NA,NA,NA
5243346,Ebo Wilson,Jackson St,33,NA,NA,NA,NA,NA
5243350,Antonio Sisk,Miss Valley St,33,NA,NA,NA,NA,NA
5243355,Jonathan Pace,Miss Valley St,33,NA,NA,NA,NA,NA
5243361,Isaiah Foster,Prairie View,37,NA,NA,NA,NA,NA
5243364,Nick Anderson,Rice,31,904,481,345,117,0.6065879741727199
5243366,Michael Jacobs,Southern,34,NA,NA,NA,NA,NA
5243367,Jayce Depron,Southern,34,NA,NA,NA,NA,NA
5243368,Joe Manning,Southern,34,NA,NA,NA,NA,NA
5243369,AJ Barnes,Southern,34,NA,NA,NA,NA,NA
5243370,Lionel Bell,Southern,34,NA,NA,NA,NA,NA
5243371,Puoch Dobuol,Southern,34,NA,NA,NA,NA,NA
5243378,Deshaun Jackson Jr.,Mercyhurst,34,763,203,186,44,0.4942539929879236
5243379,Mykolas Ivanauskas,Mercyhurst,34,NA,NA,NA,NA,NA
5243380,Christian Gamble,Mercyhurst,34,719,134,129,26,0.4770720592423811
5243381,Jake Lemelman,Mercyhurst,34,1020,474,415,66,0.5337356994865328
5243382,Jesse Hafemeister,Charleston So,32,840,405,310,63,0.5996091436693118
5243383,Max Jusianiec,Canisius,31,NA,NA,NA,NA,NA
5243386,James Thomas,Mercyhurst,34,NA,NA,NA,NA,NA
5243387,KC Shaw,Old Dominion,33,NA,NA,NA,NA,NA
5243388,Ralph Martino Jr.,Saint Francis,31,NA,NA,NA,NA,NA
5243390,Cardell Bailey,So Indiana,30,NA,NA,NA,NA,NA
5243393,Christopher Flippin,MD Eastern,32,NA,NA,NA,NA,NA
5243394,My'kel Jenkins,Norfolk St,32,NA,NA,NA,NA,NA
5243395,Melo Baines,Norfolk St,32,NA,NA,NA,NA,NA
5243397,John Clemmons,Delaware St,31,NA,NA,NA,NA,NA
5243398,Theodore Pendergrass III,Delaware St,31,NA,NA,NA,NA,NA
5243399,Ponce James,Delaware St,31,NA,NA,NA,NA,NA
5243400,Camren Daniels,NC Central,32,NA,NA,NA,NA,NA
5243402,Anthony Peoples Jr.,UCLA,36,NA,NA,NA,NA,NA
5243404,Florian Tenebay,SC State,32,NA,NA,NA,NA,NA
5243405,Jayden Johnson,SC State,32,877,429,331,146,0.5427082279121547
5243407,Jamal Miles,SC State,32,NA,NA,NA,NA,NA
5243409,D'Shay Knights Wright,SC State,32,NA,NA,NA,NA,NA
5243652,Kellen Welch,Bucknell,33,NA,NA,NA,NA,NA
5244505,Oscar Goodman,Michigan,40,NA,NA,NA,NA,NA
5245385,BJ Fisher,California,34,NA,NA,NA,NA,NA
5245624,Liutauras Lelevicius,TCU,35,NA,NA,NA,NA,NA
5245765,Noah Bolanga,Utah Tech,34,1111,403,353,77,0.5208333333333334
5246065,Evan Barlow,FGCU,34,NA,NA,NA,NA,NA
5246872,Rieco Hellams,Old Dominion,33,NA,NA,NA,NA,NA
5246878,Marko Ljubicic,Manhattan,32,639,186,169,32,0.5079746558881363
5247156,Lureon Walker,NC A&T,30,NA,NA,NA,NA,NA
5247158,Chase Dawson,Morehead St,33,848,273,223,79,0.529562383612663
5247200,Ahmad Harrison,Saint Francis,31,784,255,260,43,0.45712032123906493
5247441,Manok Lual,Morgan St,30,NA,NA,NA,NA,NA
5247448,Jaden Baker,Wagner,31,NA,NA,NA,NA,NA
5247621,Keeshawn Mason,Prairie View,37,NA,NA,NA,NA,NA
5247624,Cooper Mueller,Princeton,29,NA,NA,NA,NA,NA
5247636,Christian Green,SF Austin,34,NA,NA,NA,NA,NA
5247705,Doyel Cockrill III,Chicago St,32,NA,NA,NA,NA,NA
5247744,Silas Bennion,South Dakota,16,462,77,74,20,0.46497584541062803
5247860,A.J. Patterson,Air Force,32,NA,NA,NA,NA,NA
5247862,Sam Springer,Loyola MD,32,538,156,128,41,0.5341002465078061
5247864,Eli Robinson,Air Force,32,NA,NA,NA,NA,NA
5247865,Kyle Marshall,Air Force,32,NA,NA,NA,NA,NA
5247933,Judson Bjornstad,Samford,32,NA,NA,NA,NA,NA
5247935,Parker Applegate,C Arkansas,34,NA,NA,NA,NA,NA
5248172,Will Cooper,Nebraska,35,NA,NA,NA,NA,NA
5248174,Elliott Taite,Air Force,32,NA,NA,NA,NA,NA
5248277,Karl Poom,N Arizona,32,627,286,212,103,0.5557282760764807
5248294,Jacob Furphy,UConn,40,NA,NA,NA,NA,NA
5248295,Douglas Langford,San José St,33,NA,NA,NA,NA,NA
5248296,Alex Touomou,Harvard,29,NA,NA,NA,NA,NA
5248297,Ian Miletic,Marquette,32,NA,NA,NA,NA,NA
5248298,Eric Chatfield Jr.,Georgia Tech,31,NA,NA,NA,NA,NA
5248299,Lance Carr,UAB,32,NA,NA,NA,NA,NA
5248300,Michael Phillips II,Marquette,32,NA,NA,NA,NA,NA
5248301,Kaden Powers,Rutgers,34,NA,NA,NA,NA,NA
5248302,Killyan Toure,Iowa State,37,940,318,261,72,0.5432554325543255
5250204,Matyas Vrabel,Tarleton St,32,NA,NA,NA,NA,NA
5250600,Calvin Robins Jr.,Howard,35,NA,NA,NA,NA,NA
5250755,Damian Garcia,E Texas A&M,32,833,337,294,77,0.5139075271440771
5252053,Demitri Gardner,East Carolina,18,502,200,158,37,0.5737893045673629
5252053,Demitri Gardner,Fordham,13,NA,NA,NA,NA,NA
5252055,John St. Germain III,Holy Cross,33,NA,NA,NA,NA,NA
5252076,Kaden Fuhrmann,Mercyhurst,34,NA,NA,NA,NA,NA
5252116,Tyrique Brooks,Missouri St,34,NA,NA,NA,NA,NA
5252266,Zach Tow,Kentucky,36,NA,NA,NA,NA,NA
5252289,Kose Egbule,James Madison,33,NA,NA,NA,NA,NA
5252323,Demariontay Hall,Coppin St,31,NA,NA,NA,NA,NA
5252351,Luke Johnson,Oregon,32,NA,NA,NA,NA,NA
5252372,Alex Bossinakis,UT Arlington,32,NA,NA,NA,NA,NA
5252503,Maison Adeleye,New Haven,31,493,140,119,38,0.5157677571470675
5252505,DJ Armstrong Jr.,UMBC,33,1069,440,304,74,0.6536724506774424
5252550,Brennan Ramirez,Boise St,32,NA,NA,NA,NA,NA
5252599,Samis Calderon,Kansas,35,NA,NA,NA,NA,NA
5252600,Hayden Jones,Wisconsin,35,NA,NA,NA,NA,NA
5252606,Nic Anderson,Loyola Chicago,33,NA,NA,NA,NA,NA
5253392,Immanuel Lewis,Long Beach St,32,NA,NA,NA,NA,NA
5254158,Phoenix Gill,Northwestern,34,NA,NA,NA,NA,NA
5254159,Isaiah Johnson,Colorado,33,NA,NA,NA,NA,NA
5254161,Kruz McClure,DePaul,32,NA,NA,NA,NA,NA
5254162,Quentin Rhymes,Nebraska,35,NA,NA,NA,NA,NA
5254163,Isaiah Medina,DePaul,32,NA,NA,NA,NA,NA
5254164,Kai Shinholster,Minnesota,33,NA,NA,NA,NA,NA
5254165,Keaton Wagler,Illinois,37,1257,663,454,216,0.6037811452717471
5254169,Jayden Leverett,Vanderbilt,36,NA,NA,NA,NA,NA
5254171,Jaylen Lawal,Tulsa,38,508,279,204,79,0.5842687217289328
5254172,Evan Cochran,Rice,31,NA,NA,NA,NA,NA
5254173,Bodey Howell,Rice,31,NA,NA,NA,NA,NA
5254174,KJ Martin Jr.,Tulsa,38,330,71,56,21,0.5441446965052116
5254175,Jalen Rougier-Roane,G Washington,35,NA,NA,NA,NA,NA
5254177,Tyrus Rathan-Mayes,Wichita St,36,NA,NA,NA,NA,NA
5254178,Grant Polk,South Carolina,32,NA,NA,NA,NA,NA
5254179,Daithi Quinn,East Carolina,31,NA,NA,NA,NA,NA
5254181,Cam Wallace,Temple,32,NA,NA,NA,NA,NA
5254207,Michael Wilson Jr.,Bellarmine,32,NA,NA,NA,NA,NA
5254316,Aiden Argabright,Richmond,32,NA,NA,NA,NA,NA
5254317,Devin Booker,George Mason,33,NA,NA,NA,NA,NA
5254318,Hunter Carter,Hawai'i,33,NA,NA,NA,NA,NA
5254319,Donovan Richardson,Richmond,32,NA,NA,NA,NA,NA
5254321,Will Harper III,Richmond,32,NA,NA,NA,NA,NA
5254322,Michael Simcoe,Santa Barbara,32,NA,NA,NA,NA,NA
5254323,Cam Hutson,Saint Louis,35,NA,NA,NA,NA,NA
5254324,Luke Laczkowski,Saint Louis,35,NA,NA,NA,NA,NA
5254325,Barrett Loer,Rhode Island,32,NA,NA,NA,NA,NA
5254329,Nes Emeneke,UC Irvine,35,285,44,39,28,0.4286827747466874
5254330,Bryce Goldman,UC Irvine,35,NA,NA,NA,NA,NA
5254331,TJ Drain,Liberty,34,NA,NA,NA,NA,NA
5254332,Zander Carter,Liberty,34,445,111,82,41,0.5547780887644942
5254333,Jaylen Fenner,Louisiana Tech,34,NA,NA,NA,NA,NA
5254335,Drew Grimes,Liberty,34,NA,NA,NA,NA,NA
5254337,Bobby Montgomery Jr.,UTEP,31,NA,NA,NA,NA,NA
5254338,Jake Hall,New Mexico,37,1148,605,422,105,0.6460914139256728
5254339,Jalen Stokes,UC Davis,33,NA,NA,NA,NA,NA
5254340,Uriah Tenette,New Mexico,37,NA,NA,NA,NA,NA
5254840,Raevon Thomas,Jackson St,33,NA,NA,NA,NA,NA
5254917,Brit Burden,USC,32,NA,NA,NA,NA,NA
5254986,Trent Coleman,Charleston So,32,NA,NA,NA,NA,NA
5255091,Anton Strelnikov,Dartmouth,27,NA,NA,NA,NA,NA
5255092,Jack Smiley,Belmont,32,NA,NA,NA,NA,NA
5255259,David Iweze,Utah State,36,NA,NA,NA,NA,NA
5255260,Elijah Perryman,Utah State,36,500,160,132,35,0.5427408412483039
5255709,Richard Amaefule,Grambling,33,NA,NA,NA,NA,NA
5256466,William Henderson,Alcorn St,32,NA,NA,NA,NA,NA
5256521,Ogien Ayo,Tennessee St,33,NA,NA,NA,NA,NA
5257084,Donovan Brown,UMass,33,NA,NA,NA,NA,NA
5257916,Dalton Gayman,North Florida,32,754,331,234,113,0.5833215846609333
5257917,Will Ashford,C Michigan,31,NA,NA,NA,NA,NA
5257959,Eddie Cooke III,Robert Morris,33,NA,NA,NA,NA,NA
5258414,King Ijeoma,Canisius,31,NA,NA,NA,NA,NA
5258459,Ebuka Okorie,Stanford,33,NA,NA,NA,NA,NA
5258494,Mouhamed Sylla,Georgia Tech,31,NA,NA,NA,NA,NA
5258495,Paulo Semedo,Arkansas,37,NA,NA,NA,NA,NA
5258958,Justin Edwards,NC Central,32,NA,NA,NA,NA,NA
5259006,Hobert Grayson IV,Ole Miss,35,NA,NA,NA,NA,NA
5259011,Devyn Franklin,Grambling,33,632,159,137,64,0.4813514168079438
5259802,Alex Mirhosseini,AR-Pine Bluff,32,NA,NA,NA,NA,NA
5260535,Zy Wright,Abilene Chrstn,33,573,207,151,60,0.5834272829763246
5261271,Lav Cvetkovic,IU Indy,32,NA,NA,NA,NA,NA
5261771,D'Mari Wiltz,Southern,19,NA,NA,NA,NA,NA
5261965,Manny Hill,Cleveland St,33,NA,NA,NA,NA,NA
5262128,Sayerr Senghore,Binghamton,31,NA,NA,NA,NA,NA
5262456,Yonatan Levy,Pepperdine,32,655,167,132,42,0.5548910154173312
5262601,Khadim Mboup,BYU,35,NA,NA,NA,NA,NA
5262996,Dominique Diomande,BYU,35,NA,NA,NA,NA,NA
5263625,Trevor Best,Arizona St,33,NA,NA,NA,NA,NA
5263670,Leo Curtis,Nebraska,35,NA,NA,NA,NA,NA
5263812,Ethan Brown,Colgate,33,NA,NA,NA,NA,NA
5263816,Elijah Davis,Morgan St,30,NA,NA,NA,NA,NA
5263909,Lachlan Thompson,Louisiana Tech,34,NA,NA,NA,NA,NA
5264646,Nicholas Errica,W Michigan,31,NA,NA,NA,NA,NA
5264730,Harun Zrno,Rutgers,34,647,220,194,38,0.5220197418375095
5265246,Trayvon Barbary,Bethune,32,NA,NA,NA,NA,NA
5265865,Trevor Augustine,Canisius,31,NA,NA,NA,NA,NA
5279252,Myles Parker,Marist,31,450,158,115,28,0.6204838202953189
5280896,Billy White III,SMU,34,NA,NA,NA,NA,NA
5280899,Sheek Pearson,Marquette,32,NA,NA,NA,NA,NA
5281347,Andrija Jelavic,Kentucky,36,NA,NA,NA,NA,NA
5281348,Karim Rtail,Arkansas,37,NA,NA,NA,NA,NA
5281366,Timotej Malovec,Miami,35,NA,NA,NA,NA,NA
5281369,Dominykas Pleta,Iowa State,37,NA,NA,NA,NA,NA
5281370,Hannes Steinbach,Washington,33,NA,NA,NA,NA,NA
5281371,Jake Hansen,Oklahoma,37,NA,NA,NA,NA,NA
5281374,Nico Onyekwere,Villanova,33,NA,NA,NA,NA,NA
5281379,Paul Mbiya,Kansas,35,NA,NA,NA,NA,NA
5287474,Dame Sarr,Duke,38,892,244,208,62,0.518531111866712
5290626,Myles Herro,Ohio State,34,NA,NA,NA,NA,NA
5290629,Mathieu Grujicic,Ohio State,34,NA,NA,NA,NA,NA
5291864,Kohl Rosario,Kansas,35,NA,NA,NA,NA,NA
5292602,Najai Hines,Seton Hall,33,NA,NA,NA,NA,NA
5293246,Amir Jenkins,West Virginia,35,NA,NA,NA,NA,NA
5306623,Jacobi Hall,Florida A&M,21,NA,NA,NA,NA,NA
5307570,Uroš Paunovic,UConn,40,NA,NA,NA,NA,NA
5309819,Marko Radunovic,Boston College,31,NA,NA,NA,NA,NA
5311499,Collins Onyejiaka,Alabama,35,NA,NA,NA,NA,NA
5311500,Elmir Džafic,Arkansas,37,NA,NA,NA,NA,NA
5311501,Abdul Bashir,Auburn,38,NA,NA,NA,NA,NA
5311502,Elyjah Freeman,Auburn,38,1022,350,266,113,0.554288610160902
5311503,Emeka Opurum,Auburn,38,NA,NA,NA,NA,NA
5311504,Jeremiah Bowman,Auburn,38,NA,NA,NA,NA,NA
5311505,Bradley Pearson,Auburn,38,NA,NA,NA,NA,NA
5311506,Filip Jovic,Auburn,38,NA,NA,NA,NA,NA
5311511,Matt Gilhool,LSU,32,NA,NA,NA,NA,NA
5311512,Ron Zipper,LSU,32,NA,NA,NA,NA,NA
5311518,Finley Keeffe,Oklahoma,37,NA,NA,NA,NA,NA
5311523,Ilias Kamardine,Ole Miss,35,1089,394,354,72,0.5107861439535366
5311524,Abu Yarmah,South Carolina,32,NA,NA,NA,NA,NA
5311526,Troy Henderson,Tennessee,36,NA,NA,NA,NA,NA
5311527,Ethan Burg,Tennessee,37,NA,NA,NA,NA,NA
5311528,Declan Duru Jr.,Texas,36,NA,NA,NA,NA,NA
5311529,Lewis Obiorah,Texas,36,NA,NA,NA,NA,NA
5311530,Rubén Dominguez,Texas A&M,34,795,346,253,62,0.6172399029541887
5311532,Jorell Clark,California,34,NA,NA,NA,NA,NA
5311533,Luke Butler,California,34,NA,NA,NA,NA,NA
5311534,Blake Davidson,Clemson,35,NA,NA,NA,NA,NA
5311579,Markus Blackwell,E Illinois,33,NA,NA,NA,NA,NA
5311580,Meechie White,E Illinois,33,1003,345,268,91,0.5599922088040514
5311581,Prince Johnson,E Illinois,33,NA,NA,NA,NA,NA
5311582,Preston Turner,E Illinois,33,NA,NA,NA,NA,NA
5311583,Andrew Austin,E Illinois,33,NA,NA,NA,NA,NA
5311584,Shane Sims,E Illinois,33,NA,NA,NA,NA,NA
5311606,Jayden Reid,Quinnipiac,32,NA,NA,NA,NA,NA
5311607,Tai Turnage,Quinnipiac,32,NA,NA,NA,NA,NA
5311608,Christopher Skenderi,Quinnipiac,32,NA,NA,NA,NA,NA
5311609,Keith McKnight,Quinnipiac,32,793,351,249,120,0.5815109343936381
5311610,Sam Nosakhare,Quinnipiac,32,NA,NA,NA,NA,NA
5311725,Chris Kumu,Canisius,31,NA,NA,NA,NA,NA
5311726,Javante Edwards,Canisius,31,NA,NA,NA,NA,NA
5311727,Zach Christian,Canisius,31,NA,NA,NA,NA,NA
5311728,Brendan Oliver,Canisius,31,NA,NA,NA,NA,NA
5311729,Andreo Ash,Canisius,31,NA,NA,NA,NA,NA
5311730,Eric Mejia,Fairfield,34,641,168,146,75,0.4692737430167598
5311731,Nasir Rodriguez,Fairfield,34,NA,NA,NA,NA,NA
5311732,Tony Williams,Fairfield,34,NA,NA,NA,NA,NA
5311733,Halon Rawlins,Fairfield,34,NA,NA,NA,NA,NA
5311734,Brandon Benjamin,Fairfield,34,NA,NA,NA,NA,NA
5311735,Declan Wucherpfennig,Fairfield,34,1076,411,307,105,0.5818233295583239
5311740,Sergej Macura,Mississippi St,32,NA,NA,NA,NA,NA
5311748,Deondrea Lindsey,Iona,32,NA,NA,NA,NA,NA
5311749,Oscar Hourruitiner Jr.,Iona,32,NA,NA,NA,NA,NA
5311750,Marko Pandiloski,Iona,32,NA,NA,NA,NA,NA
5311751,Ore Odutayo,Iona,32,NA,NA,NA,NA,NA
5311752,Alliou Fall,Iona,32,NA,NA,NA,NA,NA
5311759,Chandler Bing,Vanderbilt,36,536,130,90,52,0.5758327427356486
5311760,Anthony Isaac,Manhattan,32,763,305,217,129,0.5570572764465225
5311761,Erik Oliver-Bush,Manhattan,32,NA,NA,NA,NA,NA
5311762,Jaeden Robley,Manhattan,32,NA,NA,NA,NA,NA
5311763,Quron Elliott,Manhattan,32,NA,NA,NA,NA,NA
5311764,Jameson Borodawka,Manhattan,32,NA,NA,NA,NA,NA
5311765,Omari Moore,Manhattan,32,NA,NA,NA,NA,NA
5311766,Nick Lukmann,Manhattan,32,NA,NA,NA,NA,NA
5311767,Asier Miguel,Manhattan,32,NA,NA,NA,NA,NA
5311826,Sin'Cere Jones,Virginia Tech,32,NA,NA,NA,NA,NA
5311827,Brett Freeman,Virginia Tech,32,NA,NA,NA,NA,NA
5311828,Shamarius Peterkin,Virginia Tech,32,NA,NA,NA,NA,NA
5311829,Neoklis Avdalas,Virginia Tech,32,NA,NA,NA,NA,NA
5311830,Solomon Davis,Virginia Tech,32,NA,NA,NA,NA,NA
5311831,Antonio Dorn,Virginia Tech,32,NA,NA,NA,NA,NA
5311832,David Mirkovic,Illinois,37,1090,493,364,111,0.5970836159286891
5311833,Brandon Lee,Illinois,37,NA,NA,NA,NA,NA
5311834,Blake Fagbemi,Illinois,37,NA,NA,NA,NA,NA
5311835,Mihailo Petrovic,Illinois,37,NA,NA,NA,NA,NA
5311836,Aleksa Ristic,Indiana,32,NA,NA,NA,NA,NA
5311837,Andrej Acimovic,Indiana,32,NA,NA,NA,NA,NA
5311838,Tryce Grensing,Indiana,32,NA,NA,NA,NA,NA
5311839,Drew Snively,Indiana,32,NA,NA,NA,NA,NA
5311840,Peyton McCollum,Iowa,37,NA,NA,NA,NA,NA
5311841,Trey Thompson,Iowa,37,NA,NA,NA,NA,NA
5311842,Tate Sage,Iowa,37,599,226,146,76,0.6297369594293357
5311843,Trevin Jirak,Iowa,37,NA,NA,NA,NA,NA
5311844,Johann Grunloh,Virginia,36,757,256,184,70,0.5959031657355679
5311845,Owen Odom,Virginia,36,NA,NA,NA,NA,NA
5311846,Thijs De Ridder,Virginia,36,997,560,392,172,0.5986999657885734
5311847,Luke Fennell,Syracuse,32,NA,NA,NA,NA,NA
5311848,Tiefing Diawara,Syracuse,32,NA,NA,NA,NA,NA
5311849,Devin Brown,Davidson,34,794,216,179,68,0.5169442848937392
5311850,RJ Greer,Davidson,34,NA,NA,NA,NA,NA
5311851,Ian Platteeuw,Davidson,34,NA,NA,NA,NA,NA
5311852,John Nowland,Davidson,34,NA,NA,NA,NA,NA
5311857,Dom Aekins,Duquesne,33,NA,NA,NA,NA,NA
5311859,Frederik Jellum,Duquesne,33,NA,NA,NA,NA,NA
5311860,Lazar Milosevic,Duquesne,33,NA,NA,NA,NA,NA
5311861,Roor Akhuar,Fordham,32,NA,NA,NA,NA,NA
5311862,Ashton Walker,La Salle,32,882,261,239,75,0.4797794117647059
5311863,Nas Hart,La Salle,32,NA,NA,NA,NA,NA
5311864,Max Lipacis,La Salle,32,NA,NA,NA,NA,NA
5311865,Edwin Daniel,La Salle,32,NA,NA,NA,NA,NA
5311866,Arlan Masharaliyev,La Salle,32,NA,NA,NA,NA,NA
5311867,Alexander Richardson,Loyola Chicago,33,NA,NA,NA,NA,NA
5311868,Jalen Harper,Rhode Island,32,NA,NA,NA,NA,NA
5311869,Javon Perry,Rhode Island,32,NA,NA,NA,NA,NA
5311870,Dylan Homenick,Richmond,32,NA,NA,NA,NA,NA
5311879,Badara Diakite,Saint Louis,35,NA,NA,NA,NA,NA
5311884,Ilia Ermakov,St Bonaventure,34,NA,NA,NA,NA,NA
5311885,John Ikpotokin,St Bonaventure,34,NA,NA,NA,NA,NA
5311886,Achille Lonati,St Bonaventure,34,NA,NA,NA,NA,NA
5311887,Cayden Charles,St Bonaventure,34,1131,438,312,170,0.5661840744570837
5311888,Joe Grahovac,St Bonaventure,34,622,154,123,16,0.5921254998462012
5311889,Andrew Osasuyi,St Bonaventure,34,NA,NA,NA,NA,NA
5311890,Nyk Lewis,VCU,36,NA,NA,NA,NA,NA
5311892,Jordan Tillery,VCU,36,NA,NA,NA,NA,NA
5311896,Ivan Kharchenkov,Arizona,39,1107,406,305,101,0.5809294871794872
5311897,Sidi Gueye,Arizona,39,NA,NA,NA,NA,NA
5311898,Mabil Mawut,Arizona,39,NA,NA,NA,NA,NA
5311899,Vijay Wallace,Arizona St,33,NA,NA,NA,NA,NA
5311900,Andrija Grbovic,Arizona St,33,657,225,188,38,0.5495310668229777
5311901,Noah Meeusen,Arizona St,33,NA,NA,NA,NA,NA
5311902,Dame Salane,Arizona St,33,NA,NA,NA,NA,NA
5311903,Massamba Diop,Arizona St,33,979,449,297,144,0.622988122988123
5311904,Jovan Icitovic,Arizona St,33,NA,NA,NA,NA,NA
5311905,Drew Perry,Baylor,34,NA,NA,NA,NA,NA
5311906,Mayo Soyoye,Baylor,34,NA,NA,NA,NA,NA
5311907,Maikcol Perez,Baylor,34,NA,NA,NA,NA,NA
5311908,Aleksej Kostic,BYU,35,NA,NA,NA,NA,NA
5311909,Bryson Buckingham,Cincinnati,33,NA,NA,NA,NA,NA
5311910,Lucas Atauri,Cincinnati,33,NA,NA,NA,NA,NA
5311911,Jordi Rodriguez,Cincinnati,33,NA,NA,NA,NA,NA
5311912,Alon Michaeli,Colorado,33,NA,NA,NA,NA,NA
5311913,Fawaz Ifaola,Colorado,33,NA,NA,NA,NA,NA
5311914,Leonardo Van Elswyk,Colorado,33,NA,NA,NA,NA,NA
5311915,Anthony Rise,Iowa State,37,NA,NA,NA,NA,NA
5311916,Nginyu Ngala,Kansas,35,NA,NA,NA,NA,NA
5311917,Corbin Allen,Kansas,35,NA,NA,NA,NA,NA
5311919,Elias Rapieque,Kansas St,32,NA,NA,NA,NA,NA
5311920,Exavier Wilson,Kansas St,32,NA,NA,NA,NA,NA
5311921,Dorin Buca,Kansas St,32,NA,NA,NA,NA,NA
5311922,Stephen Osei,Kansas St,32,NA,NA,NA,NA,NA
5311923,Andrej Kostic,Kansas St,32,NA,NA,NA,NA,NA
5311925,Daniel Guetta,Oklahoma St,35,NA,NA,NA,NA,NA
5311926,Lefteris Mantzoukas,Oklahoma St,35,NA,NA,NA,NA,NA
5311928,Xavier Edmonds,TCU,35,802,445,277,163,0.6380477173663683
5311929,Nolan Groves,Texas Tech,34,NA,NA,NA,NA,NA
5311930,Marial Akuentok,Texas Tech,34,NA,NA,NA,NA,NA
5311931,LaTrell Hoover,Texas Tech,34,NA,NA,NA,NA,NA
5311932,Zach Johnson,UCF,33,NA,NA,NA,NA,NA
5311933,Tanner Jones,UCF,33,NA,NA,NA,NA,NA
5311934,Jacob Patrick,Utah,32,NA,NA,NA,NA,NA
5311935,Kendyl Sanders,Utah,32,642,165,138,31,0.544051701398048
5311936,Alvin Jackson III,Utah,32,NA,NA,NA,NA,NA
5311937,Obomate Abbey,Utah,32,NA,NA,NA,NA,NA
5311938,DJ Thomas,West Virginia,35,587,230,186,40,0.5648330058939096
5311939,Evans Barning Jr.,West Virginia,35,NA,NA,NA,NA,NA
5311940,MJ Feenane,West Virginia,35,NA,NA,NA,NA,NA
5311946,Efeosa Oliogu-Elabor,Butler,32,NA,NA,NA,NA,NA
5311947,Bryson Cardinal,Butler,32,NA,NA,NA,NA,NA
5311948,Kevin Ndzie,Butler,32,NA,NA,NA,NA,NA
5311955,Kerem Konan,Creighton,34,NA,NA,NA,NA,NA
5311956,Aleksa Dimitrijevic,Creighton,34,NA,NA,NA,NA,NA
5311960,Davi Remagen,Georgia Tech,31,NA,NA,NA,NA,NA
5311966,Mouhamed Camara,Louisville,35,NA,NA,NA,NA,NA
5311967,Sananda Fru,Louisville,35,770,315,170,90,0.7514312977099237
5311968,Will Hanke,Louisville,35,NA,NA,NA,NA,NA
5311969,Vangelis Zougris,Louisville,35,NA,NA,NA,NA,NA
5311972,Darius Adams,Maryland,33,846,355,314,140,0.47257720979765705
5311973,Jaziah Harper,Maryland,33,NA,NA,NA,NA,NA
5311974,Guillermo Del Pino,Maryland,33,NA,NA,NA,NA,NA
5311975,Aleks Alston,Maryland,33,NA,NA,NA,NA,NA
5311976,Nick Blake,Maryland,33,NA,NA,NA,NA,NA
5311977,Braeden Brenn,Marquette,32,NA,NA,NA,NA,NA
5311984,Salih Altuntas,Miami,35,NA,NA,NA,NA,NA
5311985,John Laboy II,Miami,35,NA,NA,NA,NA,NA
5311986,Noam Dovrat,Miami,35,NA,NA,NA,NA,NA
5311987,Ricky Liburd,Michigan,40,NA,NA,NA,NA,NA
5311988,Malick Kordel,Michigan,40,NA,NA,NA,NA,NA
5311991,Stefan Vaaks,Providence,33,NA,NA,NA,NA,NA
5311992,Jack Williams,Providence,33,NA,NA,NA,NA,NA
5311993,Peteris Pinnis,Providence,33,NA,NA,NA,NA,NA
5311994,Jayme Kontuniemi,NC State,34,NA,NA,NA,NA,NA
5311995,Musa Sagnia,NC State,34,422,79,57,22,0.5923815236952609
5311996,Max Lorenson,Minnesota,33,NA,NA,NA,NA,NA
5311997,Maximus Gizzi,Minnesota,33,NA,NA,NA,NA,NA
5311998,RJ Spencer,Minnesota,33,NA,NA,NA,NA,NA
5312006,Jason Scott,Cal Poly,33,NA,NA,NA,NA,NA
5312007,Jess Esso Essis,Cal Poly,33,NA,NA,NA,NA,NA
5312008,Braden Freeman,Cal Poly,33,NA,NA,NA,NA,NA
5312009,Jake Davis,Cal Poly,33,NA,NA,NA,NA,NA
5312010,Ali Assran,Cal Poly,33,NA,NA,NA,NA,NA
5312011,Austin Goode,Cal Poly,33,NA,NA,NA,NA,NA
5312012,Troy Plumtree,Cal Poly,33,NA,NA,NA,NA,NA
5312013,Evan Smith,North Carolina,33,NA,NA,NA,NA,NA
5312014,Luka Bogavac,North Carolina,33,804,323,271,72,0.5335668032245275
5312015,Efe Vatan,Oregon,32,NA,NA,NA,NA,NA
5312016,JJ Frakes,Oregon,32,NA,NA,NA,NA,NA
5312017,Rian Gonzales,Oregon,32,NA,NA,NA,NA,NA
5312018,Ege Demir,Oregon,32,NA,NA,NA,NA,NA
5312019,Wei Lin,Oregon,32,NA,NA,NA,NA,NA
5312025,Ivan Juric,Penn State,32,NA,NA,NA,NA,NA
5312026,Melih Tunca,Penn State,32,NA,NA,NA,NA,NA
5312027,Reggie Grodin,Penn State,32,NA,NA,NA,NA,NA
5312028,Tibor Mirtic,Penn State,32,NA,NA,NA,NA,NA
5312029,Chris Lotito,Penn State,32,NA,NA,NA,NA,NA
5312035,Omer Mayer,Purdue,39,559,214,194,23,0.5242014501273761
5312036,Rrezon Elezaj,UConn,40,NA,NA,NA,NA,NA
5312037,Denis Badalau,Rutgers,34,NA,NA,NA,NA,NA
5312038,Markell Alston,UCLA,36,NA,NA,NA,NA,NA
5312039,Frank Oguche,Charlotte,34,NA,NA,NA,NA,NA
5312040,David Gomez,Charlotte,34,NA,NA,NA,NA,NA
5312041,Jarne Elouna Eyenga,Charlotte,34,NA,NA,NA,NA,NA
5312042,Raul Villar,Charlotte,34,NA,NA,NA,NA,NA
5312043,Patrick O'Brien,USC,32,NA,NA,NA,NA,NA
5312047,BJ Roy,Washington,33,NA,NA,NA,NA,NA
5312048,Aleksas Bieliauskas,Wisconsin,35,704,171,144,30,0.5438931297709924
5312049,Jake Baker,East Carolina,31,NA,NA,NA,NA,NA
5312050,Corey Caulker,East Carolina,31,953,244,259,40,0.4410701373825018
5312051,Paddy D'Arcy,East Carolina,31,NA,NA,NA,NA,NA
5312052,Vito Perkovic,East Carolina,31,NA,NA,NA,NA,NA
5312057,Yohann Sissoko,FAU,33,NA,NA,NA,NA,NA
5312058,Zion Sampaio,FAU,33,NA,NA,NA,NA,NA
5312059,Vincent Neugebauer,FAU,33,NA,NA,NA,NA,NA
5312060,Josiah Parker,FAU,33,NA,NA,NA,NA,NA
5312061,Xander Pintelon,FAU,33,599,206,166,41,0.5596609432732015
5312062,Lachlan Smith,FAU,33,NA,NA,NA,NA,NA
5312069,Eternity Eguagie,Rice,31,538,186,141,80,0.5278093076049943
5312078,Ari Gooch,UAB,32,NA,NA,NA,NA,NA
5312079,Evan Chatman,UAB,32,924,280,217,102,0.5345959981670995
5312080,Jorden Pittman,UAB,32,NA,NA,NA,NA,NA
5312081,Justin Holloway,UAB,32,NA,NA,NA,NA,NA
5312135,Mooda Gittens,Sacred Heart,33,NA,NA,NA,NA,NA
5312136,Jeremiah Jacobs,Sacred Heart,33,NA,NA,NA,NA,NA
5312137,Kevin Pikiell,Sacred Heart,33,NA,NA,NA,NA,NA
5312138,Klairus Amir,Campbell,34,NA,NA,NA,NA,NA
5312139,Daniel Marcellinus,Campbell,34,NA,NA,NA,NA,NA
5312144,Eli Beard,Drexel,33,873,296,226,54,0.5925688661114671
5312145,Martin de LaPorterie,Drexel,33,428,100,84,20,0.5387931034482759
5312146,Ignacio Campoy Galvez,Drexel,33,NA,NA,NA,NA,NA
5312150,Alex Brabec,Elon,32,NA,NA,NA,NA,NA
5312151,Alex Olander,Elon,32,NA,NA,NA,NA,NA
5312155,Aidan Haskins,Hampton,32,NA,NA,NA,NA,NA
5312156,Quintin Cooper,Hampton,32,NA,NA,NA,NA,NA
5312162,Trey Boyd III,Hofstra,35,NA,NA,NA,NA,NA
5312163,Victory Onuetu,Hofstra,35,628,163,122,51,0.5642481307117142
5312164,Jaeden Roberts,Hofstra,35,NA,NA,NA,NA,NA
5312165,Zubayr Griffin,Monmouth,34,NA,NA,NA,NA,NA
5312166,Anthony Martinez,Monmouth,34,NA,NA,NA,NA,NA
5312171,Mujahiid Burton,NC A&T,30,NA,NA,NA,NA,NA
5312172,Brooklyn Vick,NC A&T,30,NA,NA,NA,NA,NA
5312173,Yancarlos Cueto,NC A&T,30,NA,NA,NA,NA,NA
5312174,Dwayne Pierce,NC A&T,30,NA,NA,NA,NA,NA
5312176,Xavier Abreu,Northeastern,31,NA,NA,NA,NA,NA
5312177,Ty Francis,Northeastern,31,NA,NA,NA,NA,NA
5312178,Miles Newton,Northeastern,31,NA,NA,NA,NA,NA
5312179,Liam Koelsch,Northeastern,31,NA,NA,NA,NA,NA
5312180,Petar Pinter,Northeastern,31,NA,NA,NA,NA,NA
5312182,Jonah Butler,Stony Brook,32,NA,NA,NA,NA,NA
5312183,Liam Dagostino,Stony Brook,32,NA,NA,NA,NA,NA
5312184,Ethan Simmon,Stony Brook,32,NA,NA,NA,NA,NA
5312185,Andrew Okafor,Stony Brook,32,NA,NA,NA,NA,NA
5312186,Jake Harbatkin,Stony Brook,32,NA,NA,NA,NA,NA
5312187,Tomas Valentiny,Stony Brook,32,611,154,140,33,0.49831736991975145
5312188,Andrej Shoshkikj,Stony Brook,32,831,341,243,55,0.6380988023952097
5312256,Brady Koehler,Notre Dame,31,NA,NA,NA,NA,NA
5312257,Ryder Frost,Notre Dame,31,NA,NA,NA,NA,NA
5312258,Jalen Haralson,Notre Dame,31,NA,NA,NA,NA,NA
5312259,Tommy Ahneman,Notre Dame,31,NA,NA,NA,NA,NA
5312260,Luke Devine,Notre Dame,31,NA,NA,NA,NA,NA
5312261,Matthew MacLellan,Notre Dame,31,NA,NA,NA,NA,NA
5312284,Isaiah Skinn,George Mason,33,NA,NA,NA,NA,NA
5312285,Ryan-Preston Mendy,George Mason,33,NA,NA,NA,NA,NA
5312286,Henry Lau,Pitt,33,NA,NA,NA,NA,NA
5312287,Kieran Mullen,Pitt,33,NA,NA,NA,NA,NA
5312288,Roman Siulepa,Pitt,33,880,330,269,106,0.5227474337853251
5312289,Jermaine O'Neal Jr.,SMU,34,510,152,138,12,0.5304299274148521
5312291,Myles Jones,Stanford,33,NA,NA,NA,NA,NA
5312292,Kristers Skrinda,Stanford,33,NA,NA,NA,NA,NA
5312293,Oskar Giltay,Stanford,33,NA,NA,NA,NA,NA
5312296,Anson Beard Jr.,Wake Forest,35,NA,NA,NA,NA,NA
5312297,Dimitrije Kovacevic,Wake Forest,35,NA,NA,NA,NA,NA
5312298,Jonas Johnson,DePaul,32,NA,NA,NA,NA,NA
5312299,Ilija Milijaševic,DePaul,32,NA,NA,NA,NA,NA
5312300,Fabián Flores,DePaul,32,NA,NA,NA,NA,NA
5312301,Casper Pohto,St John's,37,NA,NA,NA,NA,NA
5312302,Fotis Konstantinidis,St John's,37,NA,NA,NA,NA,NA
5312303,Imran Suljanovic,St John's,37,NA,NA,NA,NA,NA
5312304,Dylan Purnell,Bakersfield,32,NA,NA,NA,NA,NA
5312305,TJ James Jr.,Bakersfield,32,NA,NA,NA,NA,NA
5312311,Davis White,Fullerton,34,NA,NA,NA,NA,NA
5312312,KJ Garris,Fullerton,34,NA,NA,NA,NA,NA
5312314,Yesan Warren,Fullerton,34,NA,NA,NA,NA,NA
5312315,Christian Williams,Fullerton,34,886,312,261,36,0.5635023840485479
5312316,Karan Kolappa,Fullerton,34,NA,NA,NA,NA,NA
5312317,Cam Smith,Fullerton,34,NA,NA,NA,NA,NA
5312318,Nicholas Khatchikian,Fullerton,34,NA,NA,NA,NA,NA
5312319,Matthew Quinlan,Fullerton,34,NA,NA,NA,NA,NA
5312320,Ben Winker,Fullerton,34,NA,NA,NA,NA,NA
5312321,Jon Barton,Towson,34,NA,NA,NA,NA,NA
5312322,Jaquan Womack,Towson,34,NA,NA,NA,NA,NA
5312323,Brandon Holmes,Towson,34,NA,NA,NA,NA,NA
5312324,Matija Prodanovic,UNC Wilmington,34,NA,NA,NA,NA,NA
5312325,Adam Tokpah,UNC Wilmington,34,NA,NA,NA,NA,NA
5312326,Reese Miller,William & Mary,32,NA,NA,NA,NA,NA
5312327,Ethan Connery,William & Mary,32,NA,NA,NA,NA,NA
5312328,Jhei-R Jones,William & Mary,32,NA,NA,NA,NA,NA
5312330,Kaleb Spencer,William & Mary,32,NA,NA,NA,NA,NA
5312331,Mason Ellison,Delaware,31,NA,NA,NA,NA,NA
5312332,Jayden Taylor,Delaware,31,475,95,60,34,0.6336712913553895
5312333,Alex Kazanecki,Delaware,31,890,159,127,18,0.5892380670026683
5312336,Thiago Sucatzky,FIU,32,437,116,105,23,0.5038220986796386
5312337,Gvidas Gicevicius,FIU,32,NA,NA,NA,NA,NA
5312338,Eric Dibami,FIU,32,NA,NA,NA,NA,NA
5312340,Jacoby Hill,Jax State,32,975,321,220,103,0.6049298959746721
5312341,Jordan Vick,Jax State,32,NA,NA,NA,NA,NA
5312342,Emondrek Erkins-Ford,Jax State,32,688,266,187,93,0.5835380835380835
5312343,Connor Loy,Jax State,32,NA,NA,NA,NA,NA
5312344,Darius Washington III,Kennesaw St,35,NA,NA,NA,NA,NA
5312345,Kaden Rickard,Kennesaw St,35,695,204,166,91,0.49504950495049505
5312346,Nigel Thomas,Kennesaw St,35,NA,NA,NA,NA,NA
5312348,Amir Taylor,Kennesaw St,35,NA,NA,NA,NA,NA
5312349,Brendan Tousignaut,Kennesaw St,35,NA,NA,NA,NA,NA
5312350,Trey Simpson,Kennesaw St,35,896,315,247,67,0.5696614583333333
5312351,KJ Vasser,App State,32,NA,NA,NA,NA,NA
5312352,Jacari Brim,App State,32,NA,NA,NA,NA,NA
5312353,Ted Neal,App State,32,NA,NA,NA,NA,NA
5312354,Tre McKinnon,App State,32,NA,NA,NA,NA,NA
5312355,Jalen Tot,App State,32,NA,NA,NA,NA,NA
5312356,Grant Clayton,App State,32,NA,NA,NA,NA,NA
5312385,Grayson Bennett,Arkansas St,32,NA,NA,NA,NA,NA
5312386,CJ Geathers,Arkansas St,32,NA,NA,NA,NA,NA
5312387,Christian Harmon,Arkansas St,32,881,408,322,88,0.5655355954757152
5312388,Weston Honeycutt,Arkansas St,32,NA,NA,NA,NA,NA
5312389,Tim Matthews,Arkansas St,32,NA,NA,NA,NA,NA
5312390,Royal Blue Smith,Arkansas St,32,NA,NA,NA,NA,NA
5312391,Fredy-Salam Sylla,Arkansas St,32,NA,NA,NA,NA,NA
5312425,Tristan Thompson,Coastal,32,624,129,117,43,0.4745438493231312
5312426,Devin Brown,Coastal,32,NA,NA,NA,NA,NA
5312427,Derrick Green,Coastal,32,NA,NA,NA,NA,NA
5312429,Davius Loury,CSU Northridge,34,NA,NA,NA,NA,NA
5312431,Max Rehl,CSU Northridge,34,NA,NA,NA,NA,NA
5312432,Omer Dahan,CSU Northridge,34,NA,NA,NA,NA,NA
5312433,Jai Chisolm,CSU Northridge,34,NA,NA,NA,NA,NA
5312444,Jayden Kelsey,Binghamton,31,NA,NA,NA,NA,NA
5312445,Ryan Richardson,Binghamton,31,NA,NA,NA,NA,NA
5312446,Zyier Beverly,Binghamton,31,NA,NA,NA,NA,NA
5312447,Jake Blackburn,Binghamton,31,NA,NA,NA,NA,NA
5312448,Jayden Williams,GA Southern,37,NA,NA,NA,NA,NA
5312449,Dwayne Williams Jr,GA Southern,37,NA,NA,NA,NA,NA
5312450,Dallas Gardner,GA Southern,37,NA,NA,NA,NA,NA
5312451,Khayri Dunn,GA Southern,37,NA,NA,NA,NA,NA
5312452,Cade Lomas,GA Southern,37,NA,NA,NA,NA,NA
5312453,Amare Neal,GA Southern,37,NA,NA,NA,NA,NA
5312454,Cullen Schreiner,GA Southern,37,NA,NA,NA,NA,NA
5312455,Sean Van Dorn Jr,GA Southern,37,NA,NA,NA,NA,NA
5312456,Shainen Carter,GA Southern,37,NA,NA,NA,NA,NA
5312457,Spudd Webb,GA Southern,37,1197,575,365,198,0.6358931257188357
5312458,Pavle Ridesic,GA Southern,37,NA,NA,NA,NA,NA
5312599,Isaiah Langham,Brown,27,571,228,205,57,0.4954798331015299
5312600,Jonah Drezner,Brown,27,NA,NA,NA,NA,NA
5312601,Brady Loughlin,Brown,27,NA,NA,NA,NA,NA
5312602,Charlie O'Sullivan,Brown,27,NA,NA,NA,NA,NA
5312653,Corsley Edwards Jr.,C Connecticut,30,NA,NA,NA,NA,NA
5312654,Daniel James,C Connecticut,30,NA,NA,NA,NA,NA
5312655,Elijah Parker,C Connecticut,30,NA,NA,NA,NA,NA
5312656,Ashton Reynolds,C Connecticut,30,NA,NA,NA,NA,NA
5312657,Rashawn Tibby,C Connecticut,30,NA,NA,NA,NA,NA
5312885,Zyree Collins,Austin Peay,31,907,418,325,143,0.5387708805939369
5312886,Tyler Wagner,Austin Peay,31,NA,NA,NA,NA,NA
5312887,Matt Enright,Austin Peay,31,NA,NA,NA,NA,NA
5312888,Creighton Morisch,Austin Peay,31,277,40,39,11,0.45620437956204374
5312889,Travis Torain,Austin Peay,31,NA,NA,NA,NA,NA
5312890,Ja'Corey Robinson,Austin Peay,31,NA,NA,NA,NA,NA
5312891,Collin Parker,Austin Peay,31,948,545,407,124,0.5903891151746252
5312898,Tommy Clark,Bellarmine,32,NA,NA,NA,NA,NA
5312899,Ant McAfee,Bellarmine,32,NA,NA,NA,NA,NA
5312900,Dominique Murphy,Bellarmine,32,NA,NA,NA,NA,NA
5312901,Darrius Bolden,Bellarmine,32,NA,NA,NA,NA,NA
5312902,Sam Donald,Bellarmine,32,NA,NA,NA,NA,NA
5312903,Jacob Wassler,Bellarmine,32,NA,NA,NA,NA,NA
5312912,Easton Foster,Ball State,31,NA,NA,NA,NA,NA
5312913,Preston Copeland,Ball State,31,NA,NA,NA,NA,NA
5312914,Alex Farley,Ball State,31,NA,NA,NA,NA,NA
5312919,Truman Byrne,C Arkansas,34,557,137,113,18,0.5664902414819716
5312920,J.C. Shulman,C Arkansas,34,NA,NA,NA,NA,NA
5312921,R.J. Newton,C Arkansas,34,NA,NA,NA,NA,NA
5312922,Harry Beauchamp,C Arkansas,34,523,152,116,14,0.6221349050425672
5312924,Chris Mason,C Arkansas,34,NA,NA,NA,NA,NA
5312925,Malchiah Marable,C Arkansas,34,NA,NA,NA,NA,NA
5312926,Luke Moore,C Arkansas,34,1009,320,285,92,0.4915816640039326
5312967,Jason Kimbrough Jr.,Bowling Green,32,NA,NA,NA,NA,NA
5312968,Makhi Leach,Bowling Green,32,NA,NA,NA,NA,NA
5312969,Josiah Shackelford,Bowling Green,32,731,362,280,95,0.562461155997514
5312970,Christian Dedivanaj,Bowling Green,32,NA,NA,NA,NA,NA
5312971,Camden Karel,Bowling Green,32,NA,NA,NA,NA,NA
5312972,Aiden Goins,Bowling Green,32,NA,NA,NA,NA,NA
5312976,Rob Diaz III,Long Beach St,32,702,259,213,57,0.543934811827957
5312977,Leopold Levillain,Long Beach St,32,NA,NA,NA,NA,NA
5312978,Jayden Alexander,Long Beach St,32,NA,NA,NA,NA,NA
5312979,Christian Jones,Long Beach St,32,NA,NA,NA,NA,NA
5312995,Matas Buteliauskas,Buffalo,32,NA,NA,NA,NA,NA
5312996,Derrick Talton Jr.,Buffalo,32,833,169,157,41,0.48274680073126147
5312997,Kyle Jones,Buffalo,32,NA,NA,NA,NA,NA
5312998,Aleksa Vlajic,Buffalo,32,NA,NA,NA,NA,NA
5312999,Evan Romano,Buffalo,32,NA,NA,NA,NA,NA
5313000,Chase Rawlins,UC Davis,33,NA,NA,NA,NA,NA
5313001,Cyril Franklin Jr.,UC Davis,33,NA,NA,NA,NA,NA
5313002,Ylan Esso-Essis,UC Davis,33,NA,NA,NA,NA,NA
5313003,Jonathan Noudjihidi,UC Davis,33,NA,NA,NA,NA,NA
5313004,Abdullah Amzil,UC Davis,33,NA,NA,NA,NA,NA
5313005,Omer Suljanovic,UC Davis,33,NA,NA,NA,NA,NA
5313007,Tama Isaac,UC Irvine,35,939,222,179,95,0.5027173913043478
5313008,Joshua Palmer,UC Irvine,35,NA,NA,NA,NA,NA
5313009,Luke Isaak,UC Irvine,35,NA,NA,NA,NA,NA
5313010,Mason Hodges,UC Irvine,35,NA,NA,NA,NA,NA
5313011,Alonzo Metz,Gonzaga,35,NA,NA,NA,NA,NA
5313012,Mario Saint-Supery,Gonzaga,35,807,301,229,74,0.5753937910995565
5313013,Parker Jefferson,Gonzaga,35,NA,NA,NA,NA,NA
5313030,Mantas Juzenas,Saint Mary's,33,NA,NA,NA,NA,NA
5313031,Dillan Shaw,Saint Mary's,33,908,249,203,33,0.5723611621919823
5313032,Trent MacLean,Saint Mary's,33,NA,NA,NA,NA,NA
5313033,De'Undrae Perteete Jr.,UC Riverside,32,NA,NA,NA,NA,NA
5313034,EJ Spillman,UC Riverside,32,NA,NA,NA,NA,NA
5313035,Ben Waller,UC Riverside,32,NA,NA,NA,NA,NA
5313036,Amaury McKinney,UC Riverside,32,NA,NA,NA,NA,NA
5313037,Gavin Haase,UC Riverside,32,NA,NA,NA,NA,NA
5313048,Hudson Mayes,UC San Diego,34,NA,NA,NA,NA,NA
5313049,Emanuel Prospere II,UC San Diego,34,NA,NA,NA,NA,NA
5313050,Jaden Vance,UC San Diego,34,NA,NA,NA,NA,NA
5313051,Brunel Madzou,Washington St,32,NA,NA,NA,NA,NA
5313052,Dio Blakely,Washington St,32,NA,NA,NA,NA,NA
5313053,Adria Rodriguez,Washington St,32,651,110,104,59,0.42320714065866416
5313054,Ace Glass,Washington St,32,926,525,400,102,0.5900467541809027
5313055,Dominik Robinson,Washington St,32,NA,NA,NA,NA,NA
5313068,Micah Tucker,Georgia St,32,NA,NA,NA,NA,NA
5313069,Joah Chappelle,Georgia St,32,NA,NA,NA,NA,NA
5313070,Ayouba Berthe,Georgia St,32,542,141,149,33,0.43113992172211346
5313071,Christian Beam,Georgia St,32,NA,NA,NA,NA,NA
5313072,Chris Jones,Georgia St,32,NA,NA,NA,NA,NA
5313073,Luke Zuffelato,Santa Barbara,32,NA,NA,NA,NA,NA
5313074,John Simcoe,Santa Barbara,32,NA,NA,NA,NA,NA
5313075,Ashley Sims II,Bryant,31,973,224,199,47,0.5098324836125273
5313076,Ty Tabales,Bryant,31,NA,NA,NA,NA,NA
5313077,Jaheim Nyam,Bryant,31,NA,NA,NA,NA,NA
5313078,Joe Green,Bryant,31,NA,NA,NA,NA,NA
5313079,Lennart Weber,Bryant,31,NA,NA,NA,NA,NA
5313080,Gio Sanford,Bryant,31,NA,NA,NA,NA,NA
5313081,Daniel Akoue,Bryant,31,NA,NA,NA,NA,NA
5313082,Ethane Bourgade,Bryant,31,NA,NA,NA,NA,NA
5313083,Reed Woerner,Bryant,31,NA,NA,NA,NA,NA
5313084,Michael DeOrsey,Bryant,31,NA,NA,NA,NA,NA
5313085,Timofei Rudovskii,Bryant,31,978,401,307,98,0.5726608020107392
5313086,Keziah Ekissi,Oregon St,33,NA,NA,NA,NA,NA
5313087,Matija Samar,Oregon St,33,NA,NA,NA,NA,NA
5313088,Olavi Suutela,Oregon St,33,579,181,116,55,0.645506419400856
5313093,Christian Brown,James Madison,33,438,98,64,44,0.5878119001919386
5313094,Chance Lundy,James Madison,33,NA,NA,NA,NA,NA
5313096,Preston Fowler,James Madison,33,761,206,175,47,0.526369582992641
5313097,Josh Stephen,James Madison,33,NA,NA,NA,NA,NA
5313098,Gabe Newhof,James Madison,33,623,268,181,86,0.6123195028331201
5313100,Brad Longcor III,Santa Clara,35,NA,NA,NA,NA,NA
5313101,Noah Badibanga,Santa Clara,35,NA,NA,NA,NA,NA
5313107,Emmitt Byther,Maine,32,NA,NA,NA,NA,NA
5313108,Joshua Ojuri,Maine,32,NA,NA,NA,NA,NA
5313109,Bashir N'Galang,Maine,32,NA,NA,NA,NA,NA
5313110,Cole Scherer,E Washington,33,NA,NA,NA,NA,NA
5313111,Straton Rogers,E Washington,33,725,190,132,43,0.6294725682480784
5313112,Alton Hamilton IV,E Washington,33,928,444,283,137,0.6467024003728735
5313113,Alan Gballou,E Washington,33,NA,NA,NA,NA,NA
5313119,Tyler Bike,New Hampshire,30,713,224,188,48,0.5355776587605202
5313120,Myles Blackley,New Hampshire,30,NA,NA,NA,NA,NA
5313121,Giannos Xanthopoulos,New Hampshire,30,NA,NA,NA,NA,NA
5313124,Sean Blakely Drummond,San Francisco,33,NA,NA,NA,NA,NA
5313125,Weilun Zhao,San Francisco,33,NA,NA,NA,NA,NA
5313126,Joshua Lewis,Louisiana,33,NA,NA,NA,NA,NA
5313127,Mike Collins,Louisiana,33,NA,NA,NA,NA,NA
5313129,Logan Myers,Louisiana,33,NA,NA,NA,NA,NA
5313130,Rahman Olajuwon,Louisiana,33,NA,NA,NA,NA,NA
5313131,David Bolden,NJIT,33,984,391,356,116,0.4802967767295597
5313132,AJ Altobelli,NJIT,33,NA,NA,NA,NA,NA
5313133,Zack Scherler,NJIT,33,NA,NA,NA,NA,NA
5313134,Rocco Awad,NJIT,33,421,101,116,13,0.41488662504107787
5313138,Miles Amos,Seattle U,35,NA,NA,NA,NA,NA
5313139,Jojo Murphy,Seattle U,35,542,205,178,39,0.5252100840336135
5313140,Jeremiah Harshman,Seattle U,35,NA,NA,NA,NA,NA
5313141,Stratos Papastavrou,Seattle U,35,NA,NA,NA,NA,NA
5313142,JT White,Seattle U,35,NA,NA,NA,NA,NA
5313143,Wilkin Paulino,UAlbany,32,NA,NA,NA,NA,NA
5313144,Jaden Kempson,UAlbany,32,NA,NA,NA,NA,NA
5313145,Abdoulaye Fall,UAlbany,32,NA,NA,NA,NA,NA
5313146,Drew Fuquay,Marshall,32,NA,NA,NA,NA,NA
5313147,Noah Otshudi,Marshall,32,NA,NA,NA,NA,NA
5313148,Landen Joseph,Marshall,32,NA,NA,NA,NA,NA
5313149,Bryce Slay,Marshall,32,NA,NA,NA,NA,NA
5313150,Shamarrie Hugie,Marshall,32,NA,NA,NA,NA,NA
5313151,Darrel Yepdo,UMass Lowell,33,1037,340,301,68,0.5137193279342439
5313152,Xavier Spencer,UMass Lowell,33,1119,393,322,75,0.5535211267605634
5313153,Victor Okojie,UMass Lowell,33,NA,NA,NA,NA,NA
5313154,JJ Massaquoi,UMass Lowell,33,NA,NA,NA,NA,NA
5313155,D'Arrae Goodwin,San Diego,33,NA,NA,NA,NA,NA
5313156,Boden Grant,San Diego,33,NA,NA,NA,NA,NA
5313157,Caleb Versher,San Diego,33,NA,NA,NA,NA,NA
5313158,Brandon Benjamin,San Diego,33,NA,NA,NA,NA,NA
5313159,Vuk Boskovic,San Diego,33,669,201,157,43,0.5712824010914052
5313160,Piotr Winkowski,San Diego,33,NA,NA,NA,NA,NA
5313161,Talon Jenkins,Idaho,35,NA,NA,NA,NA,NA
5313162,Will Jenson,Idaho,36,NA,NA,NA,NA,NA
5313163,LJ Hackman,Western KY,32,692,273,206,116,0.5310457516339869
5313164,Armelo Boone,Western KY,32,NA,NA,NA,NA,NA
5313165,Lawson Rice,Western KY,32,NA,NA,NA,NA,NA
5313166,Jamison Guerra,Idaho St,33,847,291,222,88,0.5580699601104633
5313167,Landen Birley,Idaho St,33,NA,NA,NA,NA,NA
5313168,Trey Arland,Idaho St,33,NA,NA,NA,NA,NA
5313169,Caleb Hollenbeck,Marshall,32,554,181,151,12,0.5790888149475301
5313170,Martin Kheil,Idaho St,33,NA,NA,NA,NA,NA
5313171,Louis Bond,Idaho St,33,NA,NA,NA,NA,NA
5313172,Kasen Carpenter,Idaho St,33,NA,NA,NA,NA,NA
5313173,Caleb Van De Griend,Idaho St,33,601,389,270,114,0.6075087456271864
5313174,David Giddens,Cleveland St,33,NA,NA,NA,NA,NA
5313175,Waqo Tessema,Cleveland St,33,NA,NA,NA,NA,NA
5313176,Lucas Burton,Cleveland St,33,NA,NA,NA,NA,NA
5313177,Ivan Spirov,Cleveland St,33,NA,NA,NA,NA,NA
5313178,Kevo St. Hilaire,Cleveland St,33,NA,NA,NA,NA,NA
5313179,Zacch Wiggins,Old Dominion,33,615,200,149,52,0.5818012566907145
5313180,Elijah Flowers,Old Dominion,33,NA,NA,NA,NA,NA
5313181,Je'kel Cotton,Detroit Mercy,32,NA,NA,NA,NA,NA
5313182,Keshawn Fisher,Detroit Mercy,32,NA,NA,NA,NA,NA
5313183,Xavier Istomin-Monroe,Detroit Mercy,32,NA,NA,NA,NA,NA
5313184,Ayden Carter,Detroit Mercy,32,NA,NA,NA,NA,NA
5313185,Zak Abdalla,Detroit Mercy,32,NA,NA,NA,NA,NA
5313186,Jah'Likai King,UMBC,33,NA,NA,NA,NA,NA
5313187,Paul Greene,UMBC,33,NA,NA,NA,NA,NA
5313189,Riley Jacobs,UMBC,33,NA,NA,NA,NA,NA
5313190,Saahil Thakkar,UMBC,33,NA,NA,NA,NA,NA
5313191,Momo Nkugwa,Vermont,34,NA,NA,NA,NA,NA
5313192,Lucas Mari,Vermont,34,NA,NA,NA,NA,NA
5313193,Ramel Bethea,Green Bay,33,NA,NA,NA,NA,NA
5313194,Keegan Van Kauwenberg,Green Bay,33,NA,NA,NA,NA,NA
5313195,Vukasin Todorovic,Green Bay,33,NA,NA,NA,NA,NA
5313196,Justin Allen,Green Bay,33,NA,NA,NA,NA,NA
5313197,Trey Schachter,Green Bay,33,NA,NA,NA,NA,NA
5313198,Rob Stroud,Green Bay,33,NA,NA,NA,NA,NA
5313199,Maruan Cicic,Green Bay,33,NA,NA,NA,NA,NA
5313200,LeBron Thomas,Green Bay,33,NA,NA,NA,NA,NA
5313201,Samuel Shoptaw,South Alabama,32,NA,NA,NA,NA,NA
5313202,Stephen Williams,South Alabama,33,522,210,134,52,0.6693013768485466
5313203,Brian Hawthorne,South Alabama,33,NA,NA,NA,NA,NA
5313204,Desmond Williams,South Alabama,32,NA,NA,NA,NA,NA
5313205,Peyton Law,South Alabama,33,NA,NA,NA,NA,NA
5313206,Adam Olsen,South Alabama,33,NA,NA,NA,NA,NA
5313207,Reece Hagy,IU Indy,32,NA,NA,NA,NA,NA
5313208,Corey Boston,IU Indy,32,NA,NA,NA,NA,NA
5313209,JP Dragas,IU Indy,32,NA,NA,NA,NA,NA
5313210,Finley Woodward,IU Indy,32,985,283,241,51,0.53712420285454
5313211,Garrett Sever,IU Indy,32,NA,NA,NA,NA,NA
5313212,Kyler D'Augustino,IU Indy,32,NA,NA,NA,NA,NA
5313213,Maguire Mitchell,IU Indy,32,842,378,320,37,0.5620316402997503
5313214,Kameron Tinsley,IU Indy,32,NA,NA,NA,NA,NA
5313215,Aiden Miller,IU Indy,32,NA,NA,NA,NA,NA
5313216,Gabe Stewart,IU Indy,32,NA,NA,NA,NA,NA
5313221,Davian Brown,Montana St,32,NA,NA,NA,NA,NA
5313222,Howie Keene,Montana St,32,NA,NA,NA,NA,NA
5313223,CJ Purdie,Montana St,32,NA,NA,NA,NA,NA
5313224,Cavin Holden,Montana St,32,NA,NA,NA,NA,NA
5313225,Christian King,Montana St,32,NA,NA,NA,NA,NA
5313226,Seth Amunrud,Montana St,32,NA,NA,NA,NA,NA
5313227,James Steward,Montana St,32,NA,NA,NA,NA,NA
5313238,JT Amundsen,N Arizona,32,NA,NA,NA,NA,NA
5313239,Chris Komin,N Arizona,32,NA,NA,NA,NA,NA
5313240,Brennan Peterson,N Arizona,32,621,154,123,21,0.5822746521476103
5313241,Erez Poran,N Arizona,32,NA,NA,NA,NA,NA
5313242,Isaiah Dorceus,Milwaukee,32,NA,NA,NA,NA,NA
5313243,Stevie Elam,Milwaukee,32,NA,NA,NA,NA,NA
5313244,Ned Renfree,Milwaukee,32,NA,NA,NA,NA,NA
5313245,Chandler Jackson,Milwaukee,32,NA,NA,NA,NA,NA
5313246,Tate Mackenzie,Milwaukee,32,NA,NA,NA,NA,NA
5313251,Kaden Ericksen,N Colorado,32,NA,NA,NA,NA,NA
5313252,Steven Ramirez Jr.,N Colorado,32,NA,NA,NA,NA,NA
5313253,Tanner Braketa,N Colorado,32,NA,NA,NA,NA,NA
5313254,Will Dixion III,N Colorado,32,NA,NA,NA,NA,NA
5313255,Uchenna Amene,C Michigan,30,NA,NA,NA,NA,NA
5313256,Nsikan Usen,C Michigan,30,NA,NA,NA,NA,NA
5313257,Jalen Kampen,C Michigan,30,NA,NA,NA,NA,NA
5313258,Jaxson Whitaker,C Michigan,31,564,168,151,12,0.5374968006142821
5313259,Kareem Aburashed,C Michigan,30,NA,NA,NA,NA,NA
5313260,Tamario Adley,C Michigan,31,900,398,304,108,0.5661128812016386
5313261,Kayden Nation,C Michigan,30,NA,NA,NA,NA,NA
5313262,Jorden Brooks,C Michigan,31,NA,NA,NA,NA,NA
5313263,Nathan Claerbaut,C Michigan,31,903,381,284,78,0.598454385524001
5313264,Colt Ness,Portland St,31,NA,NA,NA,NA,NA
5313265,Isaiah Williams,Portland St,31,NA,NA,NA,NA,NA
5313266,Brayden Barron,Portland St,31,NA,NA,NA,NA,NA
5313267,Matt Beatty,Portland St,31,NA,NA,NA,NA,NA
5313268,Israel Hart,Southern Miss,35,NA,NA,NA,NA,NA
5313269,Chiante' Tramble,Southern Miss,35,NA,NA,NA,NA,NA
5313270,Tylik Weeks,Southern Miss,35,NA,NA,NA,NA,NA
5313271,Chandler Watts,Southern Miss,35,NA,NA,NA,NA,NA
5313272,Felipe Patino,Southern Miss,35,NA,NA,NA,NA,NA
5313274,Romari Robinson,Sacramento St,31,NA,NA,NA,NA,NA
5313275,Zach Anderson,Sacramento St,31,NA,NA,NA,NA,NA
5313276,Isaiah Bronson,Sacramento St,31,NA,NA,NA,NA,NA
5313277,Mark Lavrenov,Sacramento St,31,805,308,209,136,0.5728314238952537
5313279,Ryan Tolliver,N Kentucky,34,NA,NA,NA,NA,NA
5313280,Shawn Nelson,N Kentucky,34,NA,NA,NA,NA,NA
5313281,Ethan Elliott,N Kentucky,34,NA,NA,NA,NA,NA
5313282,Addison Archer,N Kentucky,34,NA,NA,NA,NA,NA
5313283,Juanma Ruiz,N Kentucky,34,NA,NA,NA,NA,NA
5313284,JJ Apathjang,N Kentucky,34,NA,NA,NA,NA,NA
5313291,Edwin Suarez Jr.,Weber St,32,NA,NA,NA,NA,NA
5313292,Tijan Saine Jr.,Weber St,32,1043,561,372,193,0.6138930228486387
5313293,Anthony Moore,Weber St,32,NA,NA,NA,NA,NA
5313294,Duce Paschal,Weber St,32,NA,NA,NA,NA,NA
5313295,ArDarius Grayson,Weber St,32,NA,NA,NA,NA,NA
5313296,Bourgeois Tshilobo,Weber St,32,NA,NA,NA,NA,NA
5313297,Tyler Christensen,Weber St,32,NA,NA,NA,NA,NA
5313308,Gregory Lawson II,E Michigan,31,NA,NA,NA,NA,NA
5313324,Quinn Woidke,Kent State,34,661,307,213,70,0.6296144380639869
5313325,Landon Vanderwarker,Kent State,34,NA,NA,NA,NA,NA
5313326,Dezmon Briscoe,Kent State,34,NA,NA,NA,NA,NA
5313327,Jaymen Townsend,Kent State,34,NA,NA,NA,NA,NA
5313328,Omer Hamama,Kent State,34,NA,NA,NA,NA,NA
5313353,Isaiah Placide,UMass,33,NA,NA,NA,NA,NA
5313354,Bilal Osman,UMass,33,NA,NA,NA,NA,NA
5313355,Charles Outlaw,UMass,33,NA,NA,NA,NA,NA
5313356,Dimitri Clerc,UMass,33,NA,NA,NA,NA,NA
5313358,DJ Hall,Texas St,32,959,500,349,147,0.6043318507058596
5313359,Ky Pernell,Texas St,32,NA,NA,NA,NA,NA
5313360,Robert Fields,Texas St,32,NA,NA,NA,NA,NA
5313361,Dimp Pernell,Texas St,32,NA,NA,NA,NA,NA
5313362,Deke Thompson,Texas St,32,NA,NA,NA,NA,NA
5313364,Emmanuel Clarton,Troy,34,NA,NA,NA,NA,NA
5313365,Javen Colbert,Troy,34,NA,NA,NA,NA,NA
5313366,Javier Gilgeous-Glasgow,Troy,34,NA,NA,NA,NA,NA
5313367,Hikaru Awata,Troy,34,NA,NA,NA,NA,NA
5313368,Trey Perry,Miami OH,34,NA,NA,NA,NA,NA
5313369,Brady Ganley,Miami OH,34,NA,NA,NA,NA,NA
5313370,Justin Kirby,Miami OH,34,NA,NA,NA,NA,NA
5313371,Tyler Robbins,Miami OH,34,NA,NA,NA,NA,NA
5313372,Leshawn Stowers,Miami OH,34,NA,NA,NA,NA,NA
5313373,Kyle Waltz,Miami OH,34,NA,NA,NA,NA,NA
5313374,Simon Majok,Memphis,32,NA,NA,NA,NA,NA
5313375,Cahmai Crosby,North Texas,33,309,88,85,8,0.49706281066425667
5313376,EJ Horton,North Texas,33,NA,NA,NA,NA,NA
5313377,Curtis Stinson Jr.,North Texas,33,NA,NA,NA,NA,NA
5313378,Buddy Hammer Jr.,North Texas,33,NA,NA,NA,NA,NA
5313379,Dylan Diaz,UL Monroe,32,NA,NA,NA,NA,NA
5313380,Przemek Hartman,UL Monroe,32,NA,NA,NA,NA,NA
5313381,Krystian Lewis,UL Monroe,32,1159,589,459,232,0.5248805874385114
5313382,Alex Molofeev,UL Monroe,32,NA,NA,NA,NA,NA
5313383,Wiggy Ball,UL Monroe,32,316,15,12,10,0.4573170731707317
5313384,Alex Huguet Carrasco,UL Monroe,32,NA,NA,NA,NA,NA
5313385,Courtney Wallace,Yale,31,NA,NA,NA,NA,NA
5313386,Jacob Tsai,Yale,31,NA,NA,NA,NA,NA
5313387,Alvin Loving,Yale,31,NA,NA,NA,NA,NA
5313388,Jack Sullivan,Yale,31,NA,NA,NA,NA,NA
5313389,Daniel Ogunyemi,Yale,31,NA,NA,NA,NA,NA
5313394,Gabe Kincy,Alabama A&M,33,NA,NA,NA,NA,NA
5313395,Jalen Carruth,Alabama A&M,33,NA,NA,NA,NA,NA
5313396,Jayden Jackson,Alabama A&M,33,NA,NA,NA,NA,NA
5313397,Tajden Davis,Alabama A&M,33,NA,NA,NA,NA,NA
5313398,Isaiah Ramey,Alabama A&M,33,NA,NA,NA,NA,NA
5313399,Tyler Byrd,Alabama St,32,NA,NA,NA,NA,NA
5313400,Damion Cox Jr.,Alabama St,32,NA,NA,NA,NA,NA
5313401,Tyler Mason,Alabama St,32,NA,NA,NA,NA,NA
5313402,R'Chaun King,Alabama St,32,NA,NA,NA,NA,NA
5313432,Jeremy Ellis,Alcorn St,32,NA,NA,NA,NA,NA
5313433,Bryson Calamese,Alcorn St,32,NA,NA,NA,NA,NA
5313434,Alex Hawkins,Alcorn St,32,NA,NA,NA,NA,NA
5313435,Mike Jones,Alcorn St,32,NA,NA,NA,NA,NA
5313436,Jai'chaunn Hayes,AR-Pine Bluff,32,NA,NA,NA,NA,NA
5313437,Jahmari Hamilton-Brown,AR-Pine Bluff,32,NA,NA,NA,NA,NA
5313438,Harrison Pickett,AR-Pine Bluff,32,NA,NA,NA,NA,NA
5313440,Milhan Charles,AR-Pine Bluff,32,NA,NA,NA,NA,NA
5313441,Dailon Minor,Bethune,32,NA,NA,NA,NA,NA
5313444,Anthony Knowles,Florida A&M,31,NA,NA,NA,NA,NA
5313445,Devere Palmer Jr,Florida A&M,31,NA,NA,NA,NA,NA
5313446,Miles Ndalama,Florida A&M,31,NA,NA,NA,NA,NA
5313447,Armari Carraway,Charleston So,31,NA,NA,NA,NA,NA
5313448,Jaquias Franklin,Charleston So,31,NA,NA,NA,NA,NA
5313449,Jacob Taylor,Charleston So,32,NA,NA,NA,NA,NA
5313450,Luke Williams,Charleston So,31,NA,NA,NA,NA,NA
5313451,AJ Gladieux,Charleston So,31,NA,NA,NA,NA,NA
5313452,Easton Hupp,Charleston So,31,NA,NA,NA,NA,NA
5313453,Jamias Ferere,Gardner-Webb,33,NA,NA,NA,NA,NA
5313454,Spence Sims,Gardner-Webb,33,NA,NA,NA,NA,NA
5313455,Julius Clark,Gardner-Webb,33,NA,NA,NA,NA,NA
5313456,Riek Riek,Gardner-Webb,33,NA,NA,NA,NA,NA
5313457,Ashton King,Gardner-Webb,33,NA,NA,NA,NA,NA
5313458,Curtis Williams III,Gardner-Webb,33,NA,NA,NA,NA,NA
5313459,Ahmadou Ndiaye,Gardner-Webb,33,NA,NA,NA,NA,NA
5313492,Kamren Robinson,E Texas A&M,32,NA,NA,NA,NA,NA
5313493,Noah Pagotto,E Texas A&M,32,834,332,227,82,0.630986772084537
5313494,Parker Whisenhunt,E Texas A&M,32,NA,NA,NA,NA,NA
5313495,Alex McCray,E Texas A&M,32,NA,NA,NA,NA,NA
5313498,Ryan Bartley,Hou Christian,32,940,292,258,45,0.5255579553635709
5313499,Will Wilson,Hou Christian,32,NA,NA,NA,NA,NA
5313500,Nehikhare Igiehon,Hou Christian,32,NA,NA,NA,NA,NA
5313501,Caleb Gaston,Hou Christian,32,NA,NA,NA,NA,NA
5313502,Brennen Byrd,Hou Christian,32,NA,NA,NA,NA,NA
5313503,Caden Miller,High Point,36,NA,NA,NA,NA,NA
5313504,Dorian Grosber,High Point,36,NA,NA,NA,NA,NA
5313505,Kasen Krueger,High Point,36,NA,NA,NA,NA,NA
5313506,Esteban Mann,Incarnate Word,31,NA,NA,NA,NA,NA
5313507,Mihael Tomic,Incarnate Word,31,NA,NA,NA,NA,NA
5313508,Elijah Kelly,Longwood,32,NA,NA,NA,NA,NA
5313509,Isaiah Kalala,Longwood,32,NA,NA,NA,NA,NA
5313510,Gerald Burr III,Longwood,31,NA,NA,NA,NA,NA
5313511,Jaylin Payne,Longwood,31,NA,NA,NA,NA,NA
5313512,Jerome Williams,Longwood,31,NA,NA,NA,NA,NA
5313513,Quadri Bashiru,Longwood,31,NA,NA,NA,NA,NA
5313514,JD Bowden,Presbyterian,33,NA,NA,NA,NA,NA
5313515,Amare Anderson,Presbyterian,33,NA,NA,NA,NA,NA
5313516,Augustine Ayelyine,Presbyterian,33,NA,NA,NA,NA,NA
5313521,Frederik Erichsen,Radford,32,423,179,116,70,0.6096730245231607
5313522,Gabriel Ferreira,Radford,32,NA,NA,NA,NA,NA
5313523,Warren Keel Jr.,Radford,32,NA,NA,NA,NA,NA
5313524,Diogo Alves,Radford,32,NA,NA,NA,NA,NA
5313527,Tyler Smith,SC Upstate,32,NA,NA,NA,NA,NA
5313528,TJ Lewis,SC Upstate,32,NA,NA,NA,NA,NA
5313529,Coen Collier,SC Upstate,32,NA,NA,NA,NA,NA
5313530,Mason Bendinger,SC Upstate,32,942,461,416,130,0.48710904480135253
5313531,Jafeth Martinez,SC Upstate,32,NA,NA,NA,NA,NA
5313542,Myles Mayfield,UNC Asheville,32,734,144,96,57,0.5946481665014867
5313543,Hugo Maton,UNC Asheville,32,NA,NA,NA,NA,NA
5313544,Brayden Rivers,UNC Asheville,32,NA,NA,NA,NA,NA
5313545,Kaleb Evans,Winthrop,34,NA,NA,NA,NA,NA
5313546,Chadlyn Traylor,Charleston,32,554,122,105,36,0.5047997351870241
5313547,Martin Kalu,Charleston,32,854,283,232,88,0.5226802600472813
5313548,Chris Davis Jr.,Charleston,32,NA,NA,NA,NA,NA
5313549,AJ Fowler,Charleston,32,NA,NA,NA,NA,NA
5313550,Chol Machot,Charleston,32,631,286,184,91,0.6382788787716479
5313551,Will Mortimore,Charleston,32,NA,NA,NA,NA,NA
5313552,Kendall Taylor,Charleston,32,NA,NA,NA,NA,NA
5313553,Quinton Sanders,Lamar,31,NA,NA,NA,NA,NA
5313554,King-Njhsanni Wilhite,Lamar,31,NA,NA,NA,NA,NA
5313555,Eian Lowe,Lamar,31,NA,NA,NA,NA,NA
5313556,Christian Thomas,Lamar,31,NA,NA,NA,NA,NA
5313557,Spencer Ezewiro,Lamar,31,NA,NA,NA,NA,NA
5313558,Rob Lee Jr.,Lamar,31,874,497,392,95,0.5728446288612263
5313559,Izuchukwu Emelife,Lamar,31,NA,NA,NA,NA,NA
5313560,Wes Enis,South Florida,34,NA,NA,NA,NA,NA
5313561,Caleb Sanders,South Florida,34,NA,NA,NA,NA,NA
5313562,Tristan Beckford,South Florida,34,NA,NA,NA,NA,NA
5313563,Adriel Nyorha,South Florida,34,NA,NA,NA,NA,NA
5313565,Ayuba Bryant Jr.,Temple,32,NA,NA,NA,NA,NA
5313566,Ade Popoola,Tulsa,38,1092,411,326,54,0.5875457456541628
5313567,Leon Sifferlin,Tulsa,38,NA,NA,NA,NA,NA
5313568,Kaleb Brewer,McNeese,34,NA,NA,NA,NA,NA
5313569,Peitok Machar,McNeese,34,424,120,64,52,0.6906077348066298
5313570,Abdou Akim Mazou Tahirou,McNeese,34,NA,NA,NA,NA,NA
5313574,Irish Coquia,New Orleans,33,NA,NA,NA,NA,NA
5313575,TJ Cope,New Orleans,33,NA,NA,NA,NA,NA
5313576,Eze Nwakamma,New Orleans,33,NA,NA,NA,NA,NA
5313577,Vieux Sanneh,New Orleans,33,NA,NA,NA,NA,NA
5313578,Jamal Chretien II,New Orleans,33,NA,NA,NA,NA,NA
5313579,Kedrick Osby,New Orleans,33,NA,NA,NA,NA,NA
5313580,Enzo Boudouma,New Orleans,33,NA,NA,NA,NA,NA
5313581,Panagiotis Pagonis,New Orleans,33,NA,NA,NA,NA,NA
5313590,Jordan Matthews,Nicholls,33,NA,NA,NA,NA,NA
5313591,Zaiden Cross,Nicholls,33,NA,NA,NA,NA,NA
5313592,Jalik Dunkley,Nicholls,33,NA,NA,NA,NA,NA
5313633,Tyler Jackson,E Kentucky,32,NA,NA,NA,NA,NA
5313634,MJ Williams,E Kentucky,32,757,320,274,69,0.5256932579839664
5313635,Trey Coles,E Kentucky,32,NA,NA,NA,NA,NA
5313636,Rydge Beverly,E Kentucky,18,NA,NA,NA,NA,NA
5313637,Mason Miles,E Kentucky,32,NA,NA,NA,NA,NA
5313638,Asa White,E Kentucky,32,NA,NA,NA,NA,NA
5313654,Brent Moss,UTSA,30,NA,NA,NA,NA,NA
5313655,Matheo Coffi,UTSA,30,571,114,94,12,0.5741337630942788
5313656,Dre Kindell,Wichita St,36,622,212,154,75,0.5668449197860963
5313657,Pierre Couisnard,Wichita St,36,NA,NA,NA,NA,NA
5313658,Noah Hill,Wichita St,36,NA,NA,NA,NA,NA
5313659,Gabe Tanner,FGCU,34,NA,NA,NA,NA,NA
5313660,Matt McCarthy,FGCU,34,NA,NA,NA,NA,NA
5313661,Chase Konieczny,FGCU,34,NA,NA,NA,NA,NA
5313662,Isaiah Malone,FGCU,34,762,358,211,124,0.6740472962795602
5313663,Torr Sorensen,Liberty,34,NA,NA,NA,NA,NA
5313665,Brady Kester,Liberty,34,NA,NA,NA,NA,NA
5313667,DJ Dudley,Louisiana Tech,34,1034,468,401,92,0.5300353356890459
5313668,Jermaurhiyun Anderson,Louisiana Tech,34,NA,NA,NA,NA,NA
5313669,Avery Thomas II,Louisiana Tech,34,NA,NA,NA,NA,NA
5313670,Keegan Rowell,Louisiana Tech,34,NA,NA,NA,NA,NA
5313671,Kylan Howze,Louisiana Tech,34,NA,NA,NA,NA,NA
5313672,Melian Martinez,Louisiana Tech,34,NA,NA,NA,NA,NA
5313673,A'Meir Williams,Louisiana Tech,34,NA,NA,NA,NA,NA
5313674,Hayden Wood,Jacksonville,32,863,378,282,88,0.5892990770765777
5313675,Michael Harper Jr.,Jacksonville,32,NA,NA,NA,NA,NA
5313676,Roman Loux,Jacksonville,32,NA,NA,NA,NA,NA
5313677,Charles Caporaso,Jacksonville,32,NA,NA,NA,NA,NA
5313678,Evan Sterck,Jacksonville,32,789,206,189,33,0.5060927672955975
5313679,Luka Jovanovic,MTSU,32,NA,NA,NA,NA,NA
5313680,Charvez Ambrose,MTSU,32,NA,NA,NA,NA,NA
5313681,Jax Howard,MTSU,32,NA,NA,NA,NA,NA
5313682,Brandon Oloumou,MTSU,32,NA,NA,NA,NA,NA
5313683,Savon Wykle,MTSU,32,NA,NA,NA,NA,NA
5313684,Edwin Bai,Columbia,28,NA,NA,NA,NA,NA
5313685,Hampton Sanders,Columbia,28,428,117,92,35,0.5446927374301676
5313686,Connor Igoe,Columbia,28,553,233,172,76,0.5670755451713396
5313687,Miles Franklin,Columbia,28,NA,NA,NA,NA,NA
5313688,DaMaryon Fishburn,Cornell,28,NA,NA,NA,NA,NA
5313689,Elijah Griffin,Cornell,28,NA,NA,NA,NA,NA
5313690,Jax Abalos,Cornell,28,NA,NA,NA,NA,NA
5313691,Ryan Burbach,Cornell,28,NA,NA,NA,NA,NA
5313692,Blake Lecklitner,Cornell,28,NA,NA,NA,NA,NA
5313693,Trey Williams Jr.,Missouri St,34,1042,321,268,70,0.5371485943775101
5313694,Collin Clark,Missouri St,34,NA,NA,NA,NA,NA
5313695,Melakih Cunningham,Missouri St,34,NA,NA,NA,NA,NA
5313696,Keith Palek III,Missouri St,34,1113,587,460,230,0.5229864575908767
5313697,Cameron Boone,Missouri St,34,NA,NA,NA,NA,NA
5313698,Ryder Cheesman,Missouri St,34,NA,NA,NA,NA,NA
5313700,Cam Hiatt,Dartmouth,27,NA,NA,NA,NA,NA
5313701,Tyler Garrett,Dartmouth,27,NA,NA,NA,NA,NA
5313703,Luke Jack,Lipscomb,32,NA,NA,NA,NA,NA
5313704,Devyn Martin,Lipscomb,32,NA,NA,NA,NA,NA
5313705,Kennedy Okpara,Lipscomb,32,NA,NA,NA,NA,NA
5313706,Or Ashkenazi,Lipscomb,32,NA,NA,NA,NA,NA
5313707,Josh Scott,Lipscomb,32,NA,NA,NA,NA,NA
5313708,Hamoudy Mashhour,Oakland,32,NA,NA,NA,NA,NA
5313709,Donny Yeager,Oakland,32,NA,NA,NA,NA,NA
5313710,William Kassi,Oakland,32,NA,NA,NA,NA,NA
5313711,MJ Yeager,Oakland,32,NA,NA,NA,NA,NA
5313712,Brett White II,Oakland,32,769,291,235,42,0.5740097838093735
5313713,Khoi Thurmon,Oakland,32,378,81,88,28,0.4037081339712919
5313714,Isaac Garrett,Oakland,32,NA,NA,NA,NA,NA
5313716,Frankie Mannino,Harvard,29,NA,NA,NA,NA,NA
5313717,Joseph Quartey,Harvard,29,NA,NA,NA,NA,NA
5313718,Ryan Sullivan,Harvard,29,NA,NA,NA,NA,NA
5313719,Avner Dror,Harvard,29,NA,NA,NA,NA,NA
5313720,Ja'Corey Lipkins,Purdue FW,32,NA,NA,NA,NA,NA
5313721,EJ Mosley,Purdue FW,32,419,102,85,27,0.5264244426094137
5313722,Yuval Levin,Purdue FW,32,307,102,89,25,0.51
5313723,Danny Kelly,Purdue FW,32,NA,NA,NA,NA,NA
5313724,Solomon Richard,Purdue FW,32,NA,NA,NA,NA,NA
5313725,Quentin Morgan,Purdue FW,32,NA,NA,NA,NA,NA
5313726,Stefanos Spartalis,Monmouth,34,NA,NA,NA,NA,NA
5313730,Cam Wilds,Robert Morris,33,NA,NA,NA,NA,NA
5313731,Darius Livingston,Robert Morris,33,NA,NA,NA,NA,NA
5313732,Samuel Obenjo,Robert Morris,33,NA,NA,NA,NA,NA
5313733,Albert Vargas,Robert Morris,33,NA,NA,NA,NA,NA
5313734,Jeremiah Littlejohn,Robert Morris,33,NA,NA,NA,NA,NA
5313751,Uriyah Rojas,Wyoming,33,547,203,184,38,0.5056795536070148
5313752,Nasir Meyer,Wyoming,33,NA,NA,NA,NA,NA
5313753,Kiani Saxon,Wyoming,33,493,67,56,28,0.4903395784543326
5313754,Gavin Gores,Wyoming,33,NA,NA,NA,NA,NA
5313755,Talan Taylor,Wyoming,33,NA,NA,NA,NA,NA
5313756,Simm-Marten Saadi,Wyoming,33,NA,NA,NA,NA,NA
5313757,Neil Summers,Wyoming,33,NA,NA,NA,NA,NA
5313820,Dietrich Richardson,Bradley,34,NA,NA,NA,NA,NA
5313821,Matthew Zobrist,Bradley,34,NA,NA,NA,NA,NA
5313822,Jackson Seastrunk,Bradley,34,NA,NA,NA,NA,NA
5313823,Handy Toussaint III,Bradley,34,NA,NA,NA,NA,NA
5313825,Gustavo Guimares,Bradley,34,NA,NA,NA,NA,NA
5313836,Griffen Goodbary,Drake,34,NA,NA,NA,NA,NA
5313837,LJ Rush,Drake,34,NA,NA,NA,NA,NA
5313838,Bryson Bahl,Drake,34,NA,NA,NA,NA,NA
5313839,Heri Bukinga,Drake,34,NA,NA,NA,NA,NA
5313845,Bryce Quinet,Evansville,32,862,277,237,84,0.5055482552197401
5313846,James Dyson-Merwe,Evansville,32,NA,NA,NA,NA,NA
5313847,Leif Moeller,Evansville,32,1040,346,289,83,0.531457360530843
5313848,Aaron Gutman,Evansville,32,NA,NA,NA,NA,NA
5313851,Isaac Ericksen,Illinois St,36,NA,NA,NA,NA,NA
5313852,Mason Klabo,Illinois St,36,NA,NA,NA,NA,NA
5313853,Ty'Reek Coleman,Illinois St,36,NA,NA,NA,NA,NA
5313854,Nick Allen,Illinois St,36,NA,NA,NA,NA,NA
5313859,Jo Van Buggenhout,Indiana St,32,NA,NA,NA,NA,NA
5313860,Sivert Waerstad Nordheim,Indiana St,32,NA,NA,NA,NA,NA
5313861,Enel St. Bernard,Indiana St,32,NA,NA,NA,NA,NA
5313862,Martin Kaupanger,Indiana St,32,NA,NA,NA,NA,NA
5313868,Mathis Courbon,Murray St,33,NA,NA,NA,NA,NA
5313869,Tristian Ford,Murray St,33,NA,NA,NA,NA,NA
5313870,Lachlan Crate,Murray St,33,NA,NA,NA,NA,NA
5313871,Dillon Butler,Murray St,33,NA,NA,NA,NA,NA
5313872,Brayden Shorter,Murray St,33,483,189,174,30,0.5048076923076923
5313873,Roman Domon,Murray St,33,834,469,271,220,0.6375747688961392
5313874,Caden Hawkins,S Illinois,32,NA,NA,NA,NA,NA
5313875,Jalen Haynes,S Illinois,32,665,254,201,87,0.5307589434971581
5313876,Daniel Pauliukonis,S Illinois,32,NA,NA,NA,NA,NA
5313877,Luke Walsh,S Illinois,32,NA,NA,NA,NA,NA
5313878,Nano Barrantes,UIC,35,NA,NA,NA,NA,NA
5313879,Rashund Washington Jr.,UIC,35,805,303,216,65,0.6193785772690107
5313880,Andy Johnson,UIC,35,1003,392,306,124,0.5435988462391835
5313881,AJ Morgan,UIC,35,NA,NA,NA,NA,NA
5313882,Tai Walters-Whitaker,UIC,35,NA,NA,NA,NA,NA
5313883,Rakim Chaney,Valparaiso,33,930,341,294,69,0.5256505117770378
5313884,Brody Whitaker,Valparaiso,33,NA,NA,NA,NA,NA
5313885,Camden Webster,Valparaiso,33,NA,NA,NA,NA,NA
5313886,JT Pettigrew,Valparaiso,33,915,413,327,187,0.5045445660672401
5313887,Mark Brown Jr.,Valparaiso,33,NA,NA,NA,NA,NA
5313888,Carter Hopoi,Valparaiso,33,491,125,101,62,0.487215466167758
5313889,Kobe Walker,Valparaiso,33,NA,NA,NA,NA,NA
5313890,Kyonte Thomas,Valparaiso,33,NA,NA,NA,NA,NA
5313891,Tucker Tornatta,Valparaiso,33,NA,NA,NA,NA,NA
5313892,Sader Servilus,Valparaiso,33,NA,NA,NA,NA,NA
5313893,Kam Sanders,Air Force,32,958,400,319,152,0.518295843267337
5313894,Riley Dering,Air Force,32,NA,NA,NA,NA,NA
5313895,Keaton Frisch,Air Force,32,NA,NA,NA,NA,NA
5313896,Brendan Martin,Air Force,32,NA,NA,NA,NA,NA
5313897,Justin Hinds,Air Force,32,NA,NA,NA,NA,NA
5313898,Ethan Greenberg,Air Force,32,862,211,199,23,0.5044950267788829
5313899,Lucas Hobin,Air Force,32,929,366,301,96,0.533154643980888
5313900,Chris Catchings,Air Force,32,NA,NA,NA,NA,NA
5313901,Sam Imade,Air Force,32,NA,NA,NA,NA,NA
5313902,Aginaldo Neto,Boise St,32,629,138,112,57,0.5033557046979865
5313903,Bhan Buom,Boise St,32,NA,NA,NA,NA,NA
5313904,Noah Bendinger,Boise St,32,NA,NA,NA,NA,NA
5313905,Jojo McIver,Colorado St,34,NA,NA,NA,NA,NA
5313906,Docker Tedeschi,Colorado St,34,NA,NA,NA,NA,NA
5313908,Luke Shaw,Grand Canyon,32,NA,NA,NA,NA,NA
5313910,Evan Boisdur,Grand Canyon,32,NA,NA,NA,NA,NA
5313911,Efe Demirel,Grand Canyon,32,719,273,162,92,0.6741406558672461
5313912,Cole Pepe,Grand Canyon,32,NA,NA,NA,NA,NA
5313913,Myles Walker,Nevada,37,NA,NA,NA,NA,NA
5313914,Vaughn Weems,Nevada,37,NA,NA,NA,NA,NA
5313915,Peyton White,Nevada,37,NA,NA,NA,NA,NA
5313916,Christopher Baudreau,Nevada,37,NA,NA,NA,NA,NA
5313917,Ethan Croley,Nevada,37,NA,NA,NA,NA,NA
5313918,Daniel Zatsepin,Chicago St,32,NA,NA,NA,NA,NA
5313920,Malek Robinson,Chicago St,32,493,95,78,54,0.4667845911949685
5313921,Lionel Larvadain III,Chicago St,32,NA,NA,NA,NA,NA
5313922,CJ Ray,Chicago St,32,995,433,381,81,0.5196332565284179
5313924,Elzie Harrington,San Diego St,33,NA,NA,NA,NA,NA
5313925,Tae Simmons,San Diego St,33,NA,NA,NA,NA,NA
5313926,Raymar Gonzales,San Diego St,33,NA,NA,NA,NA,NA
5313927,Reese Dixon-Waters,San Diego St,33,NA,NA,NA,NA,NA
5313929,Damase Coly,San José St,33,NA,NA,NA,NA,NA
5313930,Eren Karakaya,San José St,33,NA,NA,NA,NA,NA
5313931,Japhet Moupadele,San José St,33,NA,NA,NA,NA,NA
5313932,Joey Niesman,FDU,32,1085,394,329,85,0.5376637554585153
5313933,Kody Frey,FDU,32,NA,NA,NA,NA,NA
5313934,Sebastian Haubro,FDU,32,NA,NA,NA,NA,NA
5313935,Tyler McQuaid,FDU,32,NA,NA,NA,NA,NA
5313936,Ras Elijah Godbolt,FDU,32,NA,NA,NA,NA,NA
5313937,David Jevtic,FDU,32,NA,NA,NA,NA,NA
5313938,Arthur Cox,FDU,32,NA,NA,NA,NA,NA
5313939,Issac Williamson,UNLV,35,NA,NA,NA,NA,NA
5313940,Jalen Cunningham,UNLV,35,NA,NA,NA,NA,NA
5313941,Walter Brown,UNLV,35,NA,NA,NA,NA,NA
5313942,Xavier Brumfield,UNLV,35,NA,NA,NA,NA,NA
5313944,Baasil Saunders,Coppin St,31,NA,NA,NA,NA,NA
5313945,Josiah Brown,Coppin St,31,NA,NA,NA,NA,NA
5313946,Hussain Williams,Coppin St,31,613,227,215,60,0.47017398508699254
5313947,Torrin Andrews,Coppin St,31,592,164,133,41,0.5429025423728814
5313948,Jamari Piercy,Coppin St,31,568,211,192,57,0.4859959461949511
5313949,Nelson Lamizana,Coppin St,31,NA,NA,NA,NA,NA
5313950,Daveyon Lydner,Coppin St,31,NA,NA,NA,NA,NA
5313951,Tyler Koenig,Coppin St,31,NA,NA,NA,NA,NA
5313953,Eli Greenberg,Le Moyne,32,NA,NA,NA,NA,NA
5313954,Josiah Lee,Le Moyne,32,NA,NA,NA,NA,NA
5313955,Samuel Hincapie,Le Moyne,32,NA,NA,NA,NA,NA
5314163,Jomo Goings,Long Island,35,1079,343,283,95,0.5280172413793103
5314164,Max Ndlovu-Fraser,Long Island,35,NA,NA,NA,NA,NA
5314165,Mason Porter-Brown,Long Island,35,701,273,189,80,0.6088314005352364
5314168,TJ Robinson,Saint Peter's,29,NA,NA,NA,NA,NA
5314169,Jahki Gupton,Saint Peter's,29,710,225,197,62,0.5016051364365971
5314170,Bol Agu,Saint Peter's,29,NA,NA,NA,NA,NA
5314171,Zion Obanla,MD Eastern,32,706,344,217,115,0.6427503736920777
5314172,Jaden Johnson,MD Eastern,32,NA,NA,NA,NA,NA
5314173,Trey Brown,MD Eastern,32,NA,NA,NA,NA,NA
5314174,Devin Thomas,MD Eastern,32,NA,NA,NA,NA,NA
5314175,Justin Monden,MD Eastern,32,665,192,182,36,0.4852405984634048
5314176,Joseph Locandro,MD Eastern,32,617,299,238,39,0.5859068819564195
5314177,Levi Beckwith,MD Eastern,32,NA,NA,NA,NA,NA
5314179,Christian Meeks,Morgan St,30,858,177,114,79,0.5949179887066416
5314180,David Bumpass,Morgan St,30,NA,NA,NA,NA,NA
5314181,Breon Barnett,Morgan St,30,NA,NA,NA,NA,NA
5314182,Eugene Alvin,Morgan St,30,NA,NA,NA,NA,NA
5314183,Adrean Newton,Norfolk St,32,NA,NA,NA,NA,NA
5314184,Ahmad Torrence,Norfolk St,32,NA,NA,NA,NA,NA
5314185,Yel Deeng,Norfolk St,32,NA,NA,NA,NA,NA
5314186,Ryan Williams,Norfolk St,32,NA,NA,NA,NA,NA
5314188,Khalil Arnold,NC Central,32,NA,NA,NA,NA,NA
5314190,Gage Lattimore,NC Central,32,NA,NA,NA,NA,NA
5314191,Isaiah Henderson,Siena,35,NA,NA,NA,NA,NA
5314192,Antonio Chandler,Siena,35,NA,NA,NA,NA,NA
5314193,Christian Jones,Siena,35,596,146,146,23,0.4675890340763515
5314194,Owen Schlager,Siena,35,NA,NA,NA,NA,NA
5314195,Francis Folefac,Siena,35,982,396,274,146,0.5853831598864712
5314196,Danny Murray,Siena,35,NA,NA,NA,NA,NA
5314202,Carlos Coronado,N Illinois,30,NA,NA,NA,NA,NA
5314203,Taj Walters,N Illinois,30,NA,NA,NA,NA,NA
5314204,Hassan Washington,N Illinois,30,NA,NA,NA,NA,NA
5314205,Ladji Kante,N Illinois,30,NA,NA,NA,NA,NA
5314206,Isaiah Stewart,N Illinois,30,NA,NA,NA,NA,NA
5314207,Max Laskey,N Illinois,30,NA,NA,NA,NA,NA
5314208,Dylan Ducommun,N Illinois,30,NA,NA,NA,NA,NA
5314209,Gustav Winther,N Illinois,30,635,243,148,95,0.6401475237091675
5314210,JJ Kelly,Ohio,32,NA,NA,NA,NA,NA
5314211,Zay Mosley,Ohio,32,NA,NA,NA,NA,NA
5314212,Carter Reese,Ohio,32,NA,NA,NA,NA,NA
5314213,Jordan Fisher,Ohio,32,NA,NA,NA,NA,NA
5314224,Toby Nwokolo,Toledo,34,NA,NA,NA,NA,NA
5314225,Leroy Blyden Jr.,Toledo,34,1137,558,414,117,0.5993812838360402
5314226,Mynor Strong,Toledo,34,NA,NA,NA,NA,NA
5314227,Will James Jr.,Toledo,34,321,104,82,17,0.581135449262405
5314228,London Praytor,Toledo,34,NA,NA,NA,NA,NA
5314229,Phoenix Glassnor,Toledo,34,NA,NA,NA,NA,NA
5314279,Tai Perkins,Akron,35,NA,NA,NA,NA,NA
5314280,Josh Henderson,Akron,35,NA,NA,NA,NA,NA
5314282,Ognjen Stankovic,Akron,35,NA,NA,NA,NA,NA
5314283,Sharod Barnes,W Michigan,31,NA,NA,NA,NA,NA
5314284,Brady Swartz,W Michigan,31,NA,NA,NA,NA,NA
5314285,Carson Vis,W Michigan,31,460,180,147,61,0.5177174413253567
5314286,Declan Peterson,W Michigan,31,NA,NA,NA,NA,NA
5314287,Camden Thompson,W Michigan,31,NA,NA,NA,NA,NA
5314288,Tidiane d'Almeida,Lindenwood,33,NA,NA,NA,NA,NA
5314289,William Campbell,Lindenwood,33,NA,NA,NA,NA,NA
5314290,Daniel Kwon,Lindenwood,33,NA,NA,NA,NA,NA
5314291,Kevin Anthony,Lindenwood,33,NA,NA,NA,NA,NA
5314292,Todd Bieg,Lindenwood,33,NA,NA,NA,NA,NA
5314295,Dylan Veillette,Merrimack,34,NA,NA,NA,NA,NA
5314296,Aliou Cisse,Merrimack,34,NA,NA,NA,NA,NA
5314297,Ernest Shelton,Merrimack,34,1253,542,389,164,0.5876485384682106
5314298,Kevair Kennedy,Merrimack,34,1251,627,432,277,0.5660070773452733
5314299,Jacob Moore,Merrimack,34,NA,NA,NA,NA,NA
5314300,Quinn Kwasniak,Merrimack,34,NA,NA,NA,NA,NA
5314301,David Munro,Merrimack,34,NA,NA,NA,NA,NA
5314307,Khasen Robinson,Little Rock,32,NA,NA,NA,NA,NA
5314308,Truman Claytor IV,Little Rock,32,NA,NA,NA,NA,NA
5314309,Cameron Wallace,Little Rock,32,914,405,342,122,0.5117771936918722
5314310,Aidan Losiewicz,New Haven,31,NA,NA,NA,NA,NA
5314311,Dominick LaDuca,New Haven,31,NA,NA,NA,NA,NA
5314312,Justice Hanna,New Haven,31,NA,NA,NA,NA,NA
5314313,Dior Kennedy,New Haven,31,NA,NA,NA,NA,NA
5314314,Owen Hotaling,New Haven,31,NA,NA,NA,NA,NA
5314315,Vere Anthony,New Haven,31,NA,NA,NA,NA,NA
5314316,Nathan Narcisse,New Haven,31,NA,NA,NA,NA,NA
5314317,Timothy Coleman,New Haven,31,NA,NA,NA,NA,NA
5314318,John Oladipo,New Haven,31,NA,NA,NA,NA,NA
5314319,Teshaun Steele,New Haven,31,472,121,93,46,0.5342635111268104
5314320,Andre Pasha,New Haven,31,984,331,293,35,0.5366407263294424
5314321,Tristan Burth,New Haven,31,NA,NA,NA,NA,NA
5314322,Zoumana Traore,New Haven,31,NA,NA,NA,NA,NA
5314323,Najimi George,New Haven,31,NA,NA,NA,NA,NA
5314324,Kyle Kearson,New Haven,31,NA,NA,NA,NA,NA
5314325,Matiss Ogle,New Haven,31,NA,NA,NA,NA,NA
5314326,Jon Carroll,Morehead St,33,812,369,233,133,0.6328896816684962
5314327,Vince Dawson III,Morehead St,33,537,120,106,8,0.547845142439737
5314328,Jarvis Wright,Morehead St,33,NA,NA,NA,NA,NA
5314329,Jaden Priester,Morehead St,33,NA,NA,NA,NA,NA
5314330,Clayton Parker,Morehead St,33,NA,NA,NA,NA,NA
5314331,Tyler King,SIUE,32,NA,NA,NA,NA,NA
5314332,Dehrio McCaskill,SIUE,32,NA,NA,NA,NA,NA
5314333,Corentin Efono,SIUE,32,NA,NA,NA,NA,NA
5314334,Iwo Baganc,SIUE,32,NA,NA,NA,NA,NA
5314335,John Miller IV,Mount St Marys,32,NA,NA,NA,NA,NA
5314336,Justin May,Mount St Marys,32,NA,NA,NA,NA,NA
5314337,Yakhya Diop,Mount St Marys,32,NA,NA,NA,NA,NA
5314338,PJ Farmer,SE Missouri,33,NA,NA,NA,NA,NA
5314339,Luke Almodovar,SE Missouri,33,891,464,361,121,0.5600617999227501
5314340,Tolu Samuels,So Indiana,30,NA,NA,NA,NA,NA
5314341,Alem Fejzic,So Indiana,30,NA,NA,NA,NA,NA
5314342,Amaree Brown,So Indiana,30,NA,NA,NA,NA,NA
5314344,Robert Moore,Tulane,33,NA,NA,NA,NA,NA
5314345,Vasilije Kuridza,Tulane,33,NA,NA,NA,NA,NA
5314348,Tank Washington,North Alabama,30,NA,NA,NA,NA,NA
5314349,Braylon Patton,North Alabama,30,NA,NA,NA,NA,NA
5314350,Kedar Bodie,North Alabama,30,NA,NA,NA,NA,NA
5314351,Cortez Graham-Howard,North Alabama,30,NA,NA,NA,NA,NA
5314352,Damon Howard Jr.,Tennessee St,33,NA,NA,NA,NA,NA
5314353,Jabrion Spikes,Tennessee St,33,NA,NA,NA,NA,NA
5314354,Jayden Jones,Tennessee St,33,NA,NA,NA,NA,NA
5314355,Jean Yvens Lafleur,Tennessee St,33,NA,NA,NA,NA,NA
5314356,Justin Hawkins,Niagara,30,786,248,204,78,0.5203088284659282
5314357,Reggie Prudhomme,Niagara,30,792,183,170,21,0.5104887301941531
5314358,Kabeya Tshibangu,Niagara,30,NA,NA,NA,NA,NA
5314359,Gael Dalmau,Niagara,30,NA,NA,NA,NA,NA
5314360,Brian Griffith,Niagara,30,NA,NA,NA,NA,NA
5314361,Drew Larson,Niagara,30,NA,NA,NA,NA,NA
5314362,Jacobe Whitted,Tennessee Tech,31,NA,NA,NA,NA,NA
5314363,Jah'Kim Payne,Tennessee Tech,31,NA,NA,NA,NA,NA
5314364,Ty Owens,Tennessee Tech,31,845,212,186,55,0.5042816365366318
5314365,Hagan Preston,Tennessee Tech,31,NA,NA,NA,NA,NA
5314366,C.J. McPherson,Tennessee Tech,31,NA,NA,NA,NA,NA
5314367,Owen Varnado,Tennessee Tech,31,NA,NA,NA,NA,NA
5314368,Maguire Evans,Tennessee Tech,31,NA,NA,NA,NA,NA
5314369,Will Hopkins,UT Martin,33,NA,NA,NA,NA,NA
5314370,Enrique Moya,UT Martin,33,NA,NA,NA,NA,NA
5314371,James Bass,UT Martin,33,NA,NA,NA,NA,NA
5314372,Damien King,UT Martin,33,NA,NA,NA,NA,NA
5314373,Charlie King,UT Martin,33,NA,NA,NA,NA,NA
5314374,Ama Sow,UT Martin,33,NA,NA,NA,NA,NA
5314375,Vladimir Khryapa,UT Martin,33,NA,NA,NA,NA,NA
5314376,Filip Petkovski,UT Martin,33,NA,NA,NA,NA,NA
5314377,Matas Deniusas,UT Martin,33,855,412,320,125,0.5493333333333333
5314439,Jack Riley,W Illinois,31,NA,NA,NA,NA,NA
5314440,Lucas Lorenzen,W Illinois,31,1019,456,374,121,0.5336578972006366
5314441,Karyiek Dixon,W Illinois,31,NA,NA,NA,NA,NA
5314442,Jake Edwards,W Illinois,31,NA,NA,NA,NA,NA
5314443,Makai Kvamme,W Illinois,31,785,155,177,50,0.38944723618090454
5314444,Madden Collins,American,32,697,429,325,111,0.573774876952707
5314445,Dean Hogans,American,32,NA,NA,NA,NA,NA
5314446,Kade Sebastian,American,32,693,182,127,46,0.6180385764737842
5314447,Jack Anderson,American,32,NA,NA,NA,NA,NA
5314448,Matthew Casey,American,32,NA,NA,NA,NA,NA
5314449,Carson McDonald,American,32,NA,NA,NA,NA,NA
5314450,Luke Brown,American,32,NA,NA,NA,NA,NA
5314451,Chris Eagan,American,32,359,126,115,29,0.49311208515967436
5314452,Mason Watkins,North Florida,32,NA,NA,NA,NA,NA
5314453,BJ Plummer,North Florida,32,861,245,217,32,0.5301194391552708
5314454,Trey Cady,North Florida,32,NA,NA,NA,NA,NA
5314455,Gabe Jacobs,North Florida,32,NA,NA,NA,NA,NA
5314456,Jackson Furman,Army,32,751,285,260,45,0.5092923516797713
5314457,Dillon Watt,Army,32,NA,NA,NA,NA,NA
5314458,Dylan Benner,Army,32,NA,NA,NA,NA,NA
5314459,Jahaan Green,Army,32,NA,NA,NA,NA,NA
5314460,Chance Gladden,Boston U,34,NA,NA,NA,NA,NA
5314461,Sam Hughes,Boston U,34,1025,307,263,36,0.5504949074738201
5314462,Andrew Bhesania,Boston U,34,NA,NA,NA,NA,NA
5314463,Donte Tisinger Jr.,Boston U,34,NA,NA,NA,NA,NA
5314464,Caleb Smith,Rider,29,863,208,171,103,0.4807692307692308
5314465,Jamir McNeil,Rider,29,279,37,38,16,0.4107460035523979
5314466,AB Coulibaly,Rider,29,350,89,92,20,0.44146825396825395
5314467,Xaviel Rodriguez,Rider,29,NA,NA,NA,NA,NA
5314468,Kristupas Kepežinskas,Rider,29,NA,NA,NA,NA,NA
5314470,Tate Darner,Chattanooga,32,NA,NA,NA,NA,NA
5314471,Zach Bleshoy,Chattanooga,32,NA,NA,NA,NA,NA
5314472,Jordan Frison,Chattanooga,32,958,525,352,100,0.6628787878787878
5314474,Josh Bowman,Chattanooga,32,NA,NA,NA,NA,NA
5314475,Jacob Meachem,Bucknell,33,NA,NA,NA,NA,NA
5314476,Pat Curtin,Bucknell,33,NA,NA,NA,NA,NA
5314477,Amon Dörries,Bucknell,33,1073,534,372,132,0.6208147321428572
5314478,Charlie Pugh,Colgate,33,NA,NA,NA,NA,NA
5314479,Jonathan Niv,Colgate,33,NA,NA,NA,NA,NA
5314480,Ayomi Odetoyinbo,Colgate,33,361,68,54,11,0.5778382053025153
5314481,Andrew Alekseyenko,Colgate,33,981,488,373,96,0.5876119834312686
5314482,Will Aljancic,Holy Cross,33,NA,NA,NA,NA,NA
5314483,Jude Haigh,Holy Cross,33,NA,NA,NA,NA,NA
5314484,Aiden Disu,Holy Cross,33,NA,NA,NA,NA,NA
5314485,Tim Finau,Holy Cross,33,NA,NA,NA,NA,NA
5314486,Ethan Clark,Holy Cross,33,NA,NA,NA,NA,NA
5314487,Austin Mejia,Holy Cross,33,NA,NA,NA,NA,NA
5314489,Danzelle Bullock Coles,Queens,35,NA,NA,NA,NA,NA
5314490,Reid Celestin,Queens,35,NA,NA,NA,NA,NA
5314491,Kam Clark,Queens,35,NA,NA,NA,NA,NA
5314492,Jimma James,Queens,35,NA,NA,NA,NA,NA
5314493,Tyler Crider,Queens,35,NA,NA,NA,NA,NA
5314494,Saif-Allah Zatari,Queens,35,NA,NA,NA,NA,NA
5314495,Seamus Wilson,Queens,35,NA,NA,NA,NA,NA
5314496,Matthew Walter,Queens,35,NA,NA,NA,NA,NA
5314497,Maddox Huff,ETSU,34,NA,NA,NA,NA,NA
5314498,Frederico Whitaker Jr.,ETSU,34,NA,NA,NA,NA,NA
5314499,Isaiah Sutherland,ETSU,34,NA,NA,NA,NA,NA
5314500,Henry Sisemore,ETSU,34,NA,NA,NA,NA,NA
5314503,Andrew Urosevic,Lehigh,35,NA,NA,NA,NA,NA
5314504,Caesar Burrows,Lehigh,35,NA,NA,NA,NA,NA
5314505,Caleb Thomas,Lehigh,35,NA,NA,NA,NA,NA
5314506,Jalen Vazquez,Lehigh,35,NA,NA,NA,NA,NA
5314508,Abijah Franklin,Furman,35,NA,NA,NA,NA,NA
5314509,Cole Bowser,Furman,35,NA,NA,NA,NA,NA
5314510,Collin O'Neal,Furman,35,NA,NA,NA,NA,NA
5314511,Alex Wilkins,Furman,35,1040,622,478,142,0.5754144464179988
5314512,Gunnar Lewis,Furman,35,NA,NA,NA,NA,NA
5314513,Carter Berg-McLean,Loyola MD,32,NA,NA,NA,NA,NA
5314514,Owen Ritger,Furman,35,NA,NA,NA,NA,NA
5314515,Everett Barnes,Loyola MD,32,NA,NA,NA,NA,NA
5314516,Emmett Adair,Loyola MD,32,NA,NA,NA,NA,NA
5314517,Sebastien Emenalo,Loyola MD,32,NA,NA,NA,NA,NA
5314518,Matt Gaffney,Navy,34,NA,NA,NA,NA,NA
5314519,Colin Pollock,Navy,34,NA,NA,NA,NA,NA
5314520,Steven McLeod,Navy,34,NA,NA,NA,NA,NA
5314521,Jerry Ashley Jr.,Navy,34,NA,NA,NA,NA,NA
5314522,Jordan McConnell,Navy,34,NA,NA,NA,NA,NA
5314523,Luke Morgan,Navy,34,NA,NA,NA,NA,NA
5314524,C.J. Kearns,Navy,34,NA,NA,NA,NA,NA
5314526,Omarr Smith,New Mexico St,32,NA,NA,NA,NA,NA
5314527,Amarco Doyle,New Mexico St,32,NA,NA,NA,NA,NA
5314528,NJ Nganga,Mercer,32,NA,NA,NA,NA,NA
5314529,Pero Zubac,Mercer,32,NA,NA,NA,NA,NA
5314530,Jaydon Cole,Mercer,32,NA,NA,NA,NA,NA
5314532,Noah Benny,Sam Houston,34,NA,NA,NA,NA,NA
5314533,Nathan Nguyen,Sam Houston,34,NA,NA,NA,NA,NA
5314534,Matt Dann,Sam Houston,34,NA,NA,NA,NA,NA
5314535,Jacob Walker,Sam Houston,34,877,392,268,159,0.579950289975145
5314536,CJ Larry,N'Western St,32,NA,NA,NA,NA,NA
5314537,Moustapha Loum,N'Western St,32,NA,NA,NA,NA,NA
5314538,Kordrick Turner,N'Western St,32,437,135,86,72,0.5735893949694085
5314539,Seth Ned,N'Western St,32,NA,NA,NA,NA,NA
5314540,Cassius Brooks,UTEP,31,NA,NA,NA,NA,NA
5314541,Mouhamed Mbaye,UTEP,31,NA,NA,NA,NA,NA
5314543,JD Gossett,Samford,32,NA,NA,NA,NA,NA
5314544,Cooper Davenport,Samford,32,NA,NA,NA,NA,NA
5314546,Maddox Fowles,West Georgia,32,NA,NA,NA,NA,NA
5314549,Jameson Heck,The Citadel,33,NA,NA,NA,NA,NA
5314550,Marcos Gonzales,The Citadel,33,NA,NA,NA,NA,NA
5314551,Logan Applegate,The Citadel,33,517,213,185,36,0.5302728540131448
5314552,Gabe Hernandez,The Citadel,33,NA,NA,NA,NA,NA
5314553,Braxton Williams,The Citadel,33,967,482,413,94,0.5304164098952372
5314554,Chase Williams,The Citadel,33,NA,NA,NA,NA,NA
5314555,Simeon German,The Citadel,33,NA,NA,NA,NA,NA
5314556,Cassius Bonjasky,The Citadel,33,NA,NA,NA,NA,NA
5314557,Logan Menefee,The Citadel,33,NA,NA,NA,NA,NA
5314558,Ethan Copeland,Stetson,33,1059,495,381,63,0.6055490311215501
5314559,Calvin Sirmans III,Stetson,33,NA,NA,NA,NA,NA
5314560,Miller McGowan,Stetson,33,NA,NA,NA,NA,NA
5314561,J.R. Leonard,Stetson,33,NA,NA,NA,NA,NA
5314562,Jake Johnson,Stetson,33,NA,NA,NA,NA,NA
5314563,Sean Morgan,Stetson,33,NA,NA,NA,NA,NA
5314564,Peter Hemschemeier,SE Louisiana,31,NA,NA,NA,NA,NA
5314565,Cody Al-Naziat,SE Louisiana,31,NA,NA,NA,NA,NA
5314566,Amir Chaney,SE Louisiana,31,NA,NA,NA,NA,NA
5314567,Garrett Shoemaker,SE Louisiana,31,NA,NA,NA,NA,NA
5314568,Jordan Brown,UNC Greensboro,34,NA,NA,NA,NA,NA
5314569,Assane Mandian,UNC Greensboro,34,NA,NA,NA,NA,NA
5314570,Noah Norgaard,UNC Greensboro,34,855,261,221,50,0.5370370370370371
5314571,Chane Bynum,UNC Greensboro,34,NA,NA,NA,NA,NA
5314572,Braylen Bowman,UNC Greensboro,34,NA,NA,NA,NA,NA
5314573,Donald Whitehead Jr.,UNC Greensboro,34,890,343,294,107,0.5028145889527383
5314574,KJ Younger,UNC Greensboro,34,969,515,380,159,0.5722730909414171
5314575,Landon King,UNC Greensboro,34,NA,NA,NA,NA,NA
5314576,Lilian Marville,UNC Greensboro,34,NA,NA,NA,NA,NA
5314580,Mario Tatum Jr.,VMI,32,NA,NA,NA,NA,NA
5314582,Alexander Daushvili,VMI,32,NA,NA,NA,NA,NA
5314583,Branford Edmonds III,VMI,32,NA,NA,NA,NA,NA
5314584,Mason Lawson,VMI,32,NA,NA,NA,NA,NA
5314586,Marcus Scurry,SF Austin,34,NA,NA,NA,NA,NA
5314587,Narit Chotikavanic,SF Austin,34,764,325,266,37,0.5756695479665581
5314588,Bryceson Melvin,SF Austin,34,NA,NA,NA,NA,NA
5314589,Harris Dar,SF Austin,34,NA,NA,NA,NA,NA
5314590,Yohan Gutierrez,SF Austin,34,NA,NA,NA,NA,NA
5314591,Lateef Patrick,SF Austin,34,970,516,442,123,0.5200354752882367
5314592,Eltramon Smith Jr.,SF Austin,34,NA,NA,NA,NA,NA
5314593,Gediminas Alisas,SF Austin,34,475,167,114,34,0.6474875930521091
5314594,Ahamed Mohammed,SF Austin,34,537,149,133,48,0.4833895665715027
5314611,Brian Sumpter,Wofford,32,NA,NA,NA,NA,NA
5314612,Chace Watley,Wofford,32,794,309,251,103,0.521395788336933
5314613,Jayden Tyler,Wofford,32,NA,NA,NA,NA,NA
5314614,Alessandro Perotti,Wofford,32,NA,NA,NA,NA,NA
5314615,Maximo Ortega,Wofford,32,NA,NA,NA,NA,NA
5314616,Grayson Collins,Wofford,32,NA,NA,NA,NA,NA
5314617,Davis Miller,Wofford,32,NA,NA,NA,NA,NA
5314618,Rex Stirling,Wofford,32,NA,NA,NA,NA,NA
5314620,Cam Polak,Youngstown St,32,NA,NA,NA,NA,NA
5314621,Derrick Anderson,Youngstown St,32,NA,NA,NA,NA,NA
5314622,Jaiden Haynes,Youngstown St,32,NA,NA,NA,NA,NA
5314623,Markus Navarra,Youngstown St,32,NA,NA,NA,NA,NA
5314624,Connor Swider,Youngstown St,32,NA,NA,NA,NA,NA
5314625,Tae Blackshear,Youngstown St,32,NA,NA,NA,NA,NA
5314627,Kellen Pickett,Wright St,35,803,299,198,89,0.6303761173891044
5314628,PJ Douglas,Wright St,35,NA,NA,NA,NA,NA
5314629,Isaiah Williams,Wright St,35,NA,NA,NA,NA,NA
5314630,Michael Cooper,Wright St,35,NA,NA,NA,NA,NA
5314634,Shaun Wysocki,Denver,32,NA,NA,NA,NA,NA
5314635,Corleone Dandridge,Denver,32,NA,NA,NA,NA,NA
5314636,Logan Kinsey,Denver,32,936,364,246,97,0.6304558680892337
5314637,Trajan Thompson,Denver,32,NA,NA,NA,NA,NA
5314638,Zane Nelson,Denver,32,NA,NA,NA,NA,NA
5314639,Kaden Holdbrook,Denver,32,NA,NA,NA,NA,NA
5314641,Carson Johnson,Denver,32,1138,642,458,153,0.6110561181755881
5314642,Didier Maleng,Denver,32,NA,NA,NA,NA,NA
5314643,Gabe Oldham,Denver,32,819,178,111,46,0.6781469064309661
5314644,Jay Jones,Penn,30,NA,NA,NA,NA,NA
5314645,Ryan Altman,Penn,30,NA,NA,NA,NA,NA
5314646,Dalton Scantlebury,Penn,30,NA,NA,NA,NA,NA
5314647,Payton Kamin,Penn,30,NA,NA,NA,NA,NA
5314648,Lucas Lueth,Penn,30,NA,NA,NA,NA,NA
5314649,William Kruse,Penn,30,NA,NA,NA,NA,NA
5314672,Luka Momcilovic,St Thomas (MN),34,NA,NA,NA,NA,NA
5314673,Jack Tauer,St Thomas (MN),34,NA,NA,NA,NA,NA
5314674,Karmello Branch,Kansas City,31,NA,NA,NA,NA,NA
5314675,CJ Evans,Kansas City,31,NA,NA,NA,NA,NA
5314676,Jamaria Clark,Kansas City,31,NA,NA,NA,NA,NA
5314677,Trey Booker-Lowery,Kansas City,31,NA,NA,NA,NA,NA
5314678,Jason Hilliard,Kansas City,31,NA,NA,NA,NA,NA
5314679,Ryan Mandes,Princeton,29,NA,NA,NA,NA,NA
5314680,Jake Sussberg,Princeton,29,NA,NA,NA,NA,NA
5314681,Cash McSweeney,Princeton,29,NA,NA,NA,NA,NA
5314682,Sebastian Whitfield,Princeton,29,363,98,100,20,0.45036764705882354
5314703,Kobi Pearson,Texas A&M-CC,33,NA,NA,NA,NA,NA
5314704,Bryson Wheatfall,Texas A&M-CC,33,NA,NA,NA,NA,NA
5314705,Daniel Michelini-Jackson,Texas A&M-CC,33,NA,NA,NA,NA,NA
5314706,Jaden Haire,Texas A&M-CC,33,NA,NA,NA,NA,NA
5314707,Trenton Pane,Texas A&M-CC,33,NA,NA,NA,NA,NA
5314708,Cedric Horton,Texas A&M-CC,33,NA,NA,NA,NA,NA
5314709,Cenker Evran,Texas A&M-CC,33,NA,NA,NA,NA,NA
5314717,Timo George,Portland,34,NA,NA,NA,NA,NA
5314718,Dante Censori-Hercules,Portland,34,NA,NA,NA,NA,NA
5314720,Garrett Nuckolls,Portland,34,880,229,230,46,0.4575607416879795
5314721,Marchelo Moreira,Portland,34,NA,NA,NA,NA,NA
5314722,Joel Foxwell,Portland,34,1213,529,463,119,0.513233467867122
5314723,Cameron Williams,Portland,34,NA,NA,NA,NA,NA
5314724,Caleb Delzell,S Dakota St,32,NA,NA,NA,NA,NA
5314725,Jaden Rogers,S Dakota St,32,NA,NA,NA,NA,NA
5314726,Davis Kern,S Dakota St,32,NA,NA,NA,NA,NA
5314732,Demarris Winters,UT Rio Grande,33,NA,NA,NA,NA,NA
5314733,Dane Christensen,UT Rio Grande,33,NA,NA,NA,NA,NA
5314734,Julien Gomez,UT Rio Grande,33,741,249,172,55,0.6345565749235474
5314735,Luis Ramirez,UT Rio Grande,33,NA,NA,NA,NA,NA
5314736,Filip Brankovic,UT Rio Grande,33,NA,NA,NA,NA,NA
5314738,Vladimir Sudar,Pepperdine,32,NA,NA,NA,NA,NA
5314739,Ty Virgil,Pepperdine,32,NA,NA,NA,NA,NA
5314740,Anto Balian,Pepperdine,32,NA,NA,NA,NA,NA
5314741,Nikola Radovanovic,Pepperdine,32,NA,NA,NA,NA,NA
5314742,Luka Vudragovic,Pepperdine,32,NA,NA,NA,NA,NA
5314746,Antonio Munoz,Grambling,33,NA,NA,NA,NA,NA
5314747,Chancellor Perkins,Grambling,33,NA,NA,NA,NA,NA
5314748,Mekhi Fitts,Grambling,33,NA,NA,NA,NA,NA
5314750,Uzziah Buntyn,South Dakota,32,NA,NA,NA,NA,NA
5314751,Vince Buzelis,South Dakota,32,NA,NA,NA,NA,NA
5314752,Luke Bruns,South Dakota,32,NA,NA,NA,NA,NA
5314753,Jesse McIntosh,South Dakota,32,NA,NA,NA,NA,NA
5314754,Jonah Funk,South Dakota,32,NA,NA,NA,NA,NA
5314755,Marley Curtis,North Dakota,35,NA,NA,NA,NA,NA
5314756,Karson Ouse,North Dakota,35,NA,NA,NA,NA,NA
5314757,Anthony Smith III,North Dakota,35,NA,NA,NA,NA,NA
5314758,Micah Curtis,North Dakota,35,NA,NA,NA,NA,NA
5314760,Garrett Anderson,North Dakota,35,NA,NA,NA,NA,NA
5314761,Wylee Delorme,North Dakota,35,NA,NA,NA,NA,NA
5314762,Kedrick Simmons,Jackson St,33,NA,NA,NA,NA,NA
5314763,Deyan Kolev,Jackson St,33,NA,NA,NA,NA,NA
5314764,Mike Williams,Jackson St,33,NA,NA,NA,NA,NA
5314765,Cael Jones,Jackson St,33,NA,NA,NA,NA,NA
5314766,Kobe Butler,Jackson St,33,NA,NA,NA,NA,NA
5314767,Augustas Brazdeikis,Pacific,33,NA,NA,NA,NA,NA
5314768,Emmanuel Manyuon,Pacific,33,NA,NA,NA,NA,NA
5314769,Eyal Harel,Pacific,33,NA,NA,NA,NA,NA
5314770,Clayton Mpiana,Pacific,33,NA,NA,NA,NA,NA
5314771,Patrick Punch,Miss Valley St,33,NA,NA,NA,NA,NA
5314772,Chance Sutton,Miss Valley St,33,NA,NA,NA,NA,NA
5314773,Michael James,Miss Valley St,33,NA,NA,NA,NA,NA
5314774,Tyrone Iroghama,Miss Valley St,33,NA,NA,NA,NA,NA
5314775,Daniel Mayfield,Miss Valley St,33,NA,NA,NA,NA,NA
5314776,Derrick Singleton,Miss Valley St,33,NA,NA,NA,NA,NA
5314777,X'Zaevion Barnett,Miss Valley St,33,NA,NA,NA,NA,NA
5314778,Trevian Carson,N Dakota St,35,1106,418,329,71,0.580168776371308
5314779,Riley Massey,N Dakota St,35,NA,NA,NA,NA,NA
5314780,Riley Saunders,N Dakota St,35,NA,NA,NA,NA,NA
5314781,Dom Clay,N Dakota St,35,NA,NA,NA,NA,NA
5314782,Caleb Schoenrock,N Dakota St,35,NA,NA,NA,NA,NA
5314795,AJ Thomas,LMU,32,432,167,113,100,0.5318471337579618
5314796,Josh Dalton,LMU,32,NA,NA,NA,NA,NA
5314797,Laymen McGrady,Oral Roberts,33,NA,NA,NA,NA,NA
5314798,Cal Furnish,Oral Roberts,33,677,132,95,37,0.5930984902947519
5314799,Martins Kilups,Oral Roberts,33,NA,NA,NA,NA,NA
5314800,Alex Couto,Oral Roberts,33,NA,NA,NA,NA,NA
5314801,Aaron Jacob,Oral Roberts,33,NA,NA,NA,NA,NA
5314802,Cooper Smith,LMU,32,NA,NA,NA,NA,NA
5314803,Lane Sparks,Oral Roberts,33,NA,NA,NA,NA,NA
5314804,Jannoy Thomas,Prairie View,37,NA,NA,NA,NA,NA
5314805,Elijah Mitchell,Prairie View,37,NA,NA,NA,NA,NA
5314811,Jaxson Roberts,Utah Valley,34,NA,NA,NA,NA,NA
5314812,AJ Riggs,Utah Valley,34,NA,NA,NA,NA,NA
5314813,Isaac Hawkins,Utah Valley,34,477,246,145,67,0.7049518569463549
5314814,Benji Nelson,Omaha,33,NA,NA,NA,NA,NA
5314815,Brock Scholl,Omaha,33,477,135,115,45,0.5007418397626112
5314817,Tylan Lewis,Abilene Chrstn,33,NA,NA,NA,NA,NA
5314818,Joseph Scott,Abilene Chrstn,33,NA,NA,NA,NA,NA
5314819,Isaiah Carrillo,Abilene Chrstn,33,NA,NA,NA,NA,NA
5314820,Isaac Dye,Abilene Chrstn,33,NA,NA,NA,NA,NA
5314821,Boston Harker,Utah Tech,34,NA,NA,NA,NA,NA
5314822,Tanner Davis,Utah Tech,34,NA,NA,NA,NA,NA
5314829,Chase Mayo Harmon,CA Baptist,34,NA,NA,NA,NA,NA
5314830,Miles Daniels,CA Baptist,34,NA,NA,NA,NA,NA
5314831,Rene D'Amelio,CA Baptist,34,NA,NA,NA,NA,NA
5314832,Jordan Muller,CA Baptist,34,702,149,141,41,0.4684356136820926
5314833,OJ Blankson,CA Baptist,34,NA,NA,NA,NA,NA
5314834,Nate Garcia,CA Baptist,34,NA,NA,NA,NA,NA
5314835,Rondae Hill,Southern,34,NA,NA,NA,NA,NA
5314836,Trey Shephard,Southern,34,NA,NA,NA,NA,NA
5314837,Femi Olaniyan,Southern,34,NA,NA,NA,NA,NA
5314838,Fazl Oshodi,Southern,34,689,302,258,31,0.5558827860403476
5314849,Elijah Duval,Southern Utah,32,NA,NA,NA,NA,NA
5314850,Zeplin Kidd,Southern Utah,32,NA,NA,NA,NA,NA
5314851,Juok Riak,Southern Utah,32,NA,NA,NA,NA,NA
5314852,Brayden Johnson,Southern Utah,32,NA,NA,NA,NA,NA
5314853,Cale Barclay,Southern Utah,32,NA,NA,NA,NA,NA
5314854,Jordan Gabriel,Marist,31,NA,NA,NA,NA,NA
5314856,AJ Dent Jr.,Tarleton St,32,NA,NA,NA,NA,NA
5314857,Cameron Thomas,Tarleton St,32,NA,NA,NA,NA,NA
5314858,DJ Dormu,Tarleton St,32,NA,NA,NA,NA,NA
5314859,Kaia Isaac,Tarleton St,32,809,180,160,27,0.523621131021643
5314860,Damion Porter Jr.,Tarleton St,32,NA,NA,NA,NA,NA
5314861,Jaden Jinks,Tarleton St,32,NA,NA,NA,NA,NA
5314870,Bahsil Laster,UT Arlington,32,617,234,142,155,0.5566127497621314
5314871,Jayden Smoot,UT Arlington,31,NA,NA,NA,NA,NA
5314872,Augustine Youssef,UT Arlington,32,NA,NA,NA,NA,NA
5315032,Kason Westphal,Xavier,33,NA,NA,NA,NA,NA
5315062,Brandon Russell,Saint Francis,31,NA,NA,NA,NA,NA
5315063,Paris Papadatos,Saint Francis,31,NA,NA,NA,NA,NA
5315064,Melvin Weaver III,Saint Francis,31,NA,NA,NA,NA,NA
5315065,Kam Wylie,Saint Francis,31,NA,NA,NA,NA,NA
5315066,Kofi Asare,Saint Francis,31,NA,NA,NA,NA,NA
5315067,Brandon Rabish,Saint Francis,31,NA,NA,NA,NA,NA
5315083,Trenton Ruth,Stonehill,33,NA,NA,NA,NA,NA
5315084,Davante Hackett,Stonehill,33,915,449,361,110,0.5483634587200782
5315085,Norbu Jenpa,Stonehill,33,NA,NA,NA,NA,NA
5315086,Cory Lovell,Stonehill,33,NA,NA,NA,NA,NA
5315087,Colin Byrne,Stonehill,33,NA,NA,NA,NA,NA
5315088,Anthony Holden,Stonehill,33,NA,NA,NA,NA,NA
5315124,Ziare Wells,Oakland,32,856,316,259,55,0.557909604519774
5315165,Dylan Lakatos,Kent State,34,NA,NA,NA,NA,NA
5315244,Titian DeRosa,W Carolina,31,NA,NA,NA,NA,NA
5315245,Tahlan Pettway,W Carolina,31,NA,NA,NA,NA,NA
5315246,Samuel Dada,W Carolina,31,628,204,126,38,0.7146860986547086
5315247,Tayeshaun Smith,W Carolina,31,NA,NA,NA,NA,NA
5315573,DJ Stickman,Fresno St,32,NA,NA,NA,NA,NA
5315574,Aram Soqui Urbano,Fresno St,32,NA,NA,NA,NA,NA
5315575,Gasper Kocevar,Fresno St,32,NA,NA,NA,NA,NA
5315576,Wilson Jacques,Fresno St,32,878,283,225,82,0.5419794698942854
5315577,Matteo Porto,Fresno St,32,NA,NA,NA,NA,NA
5315578,Bastien Rieber,Fresno St,32,524,129,91,55,0.5598958333333334
5315579,DeShawn Gory,Fresno St,32,939,439,366,85,0.5441249380267724
5315580,Nathan Zulemie,Fresno St,32,NA,NA,NA,NA,NA
5315584,Sir Marius Jones,New Mexico,37,NA,NA,NA,NA,NA
5315585,Tomislav Buljan,New Mexico,37,NA,NA,NA,NA,NA
5315586,Timéo Pons,New Mexico,37,NA,NA,NA,NA,NA
5315591,Brady Conner,Mercyhurst,34,NA,NA,NA,NA,NA
5315592,Cameron Johnson,Mercyhurst,34,NA,NA,NA,NA,NA
5315593,Chris Leman,Mercyhurst,34,NA,NA,NA,NA,NA
5315594,Or Faran,Mercyhurst,34,NA,NA,NA,NA,NA
5315595,Trae Taylor,Montana,34,NA,NA,NA,NA,NA
5315596,Grant Kepley,Montana,34,NA,NA,NA,NA,NA
5315597,Luke Moxon,Montana,34,NA,NA,NA,NA,NA
5315598,Kenyon Aguino,Montana,34,803,287,195,85,0.6174698795180723
5315804,Geon Hutchins,Northern Iowa,36,NA,NA,NA,NA,NA
5315805,Levi Valdo,Northern Iowa,36,NA,NA,NA,NA,NA
5315806,Tristan Smith,Northern Iowa,36,NA,NA,NA,NA,NA
5316045,Maximo Garcia-Plata,Florida St,33,NA,NA,NA,NA,NA
5316046,Cam Miles,Florida St,33,NA,NA,NA,NA,NA
5316047,Thomas Bassong,Florida St,33,637,194,148,68,0.5451888489208633
5316048,Xavier Osceola,Florida St,33,NA,NA,NA,NA,NA
5316049,Alex Steen,Florida St,33,NA,NA,NA,NA,NA
5316213,Stefan Isailovic,Howard,35,NA,NA,NA,NA,NA
5316214,BJ Powell,Howard,35,NA,NA,NA,NA,NA
5316215,Shane Frazier,Howard,35,NA,NA,NA,NA,NA
5316216,Julian Johnson,Howard,35,NA,NA,NA,NA,NA
5316217,River Smith,Howard,35,NA,NA,NA,NA,NA
5316218,Jeremiah Johnson,Howard,35,NA,NA,NA,NA,NA
5316219,Danas Kazakevicius,Howard,35,NA,NA,NA,NA,NA
5316220,Travelle Bryson,Howard,35,NA,NA,NA,NA,NA
5317273,Jalen St Clair,Delaware St,31,NA,NA,NA,NA,NA
5317274,Cyril Obasogie,Delaware St,31,NA,NA,NA,NA,NA
5317275,Muazibini Adamu,Delaware St,31,NA,NA,NA,NA,NA
5317276,Ademar Santos,Delaware St,31,NA,NA,NA,NA,NA
5317314,Nick Jones,Wagner,31,NA,NA,NA,NA,NA
5317315,Elijah Brown,Wagner,31,NA,NA,NA,NA,NA
5317316,John Awoke,Wagner,31,NA,NA,NA,NA,NA
5317317,Michael Cooper,Wagner,31,415,149,110,51,0.5625188764723649
5317318,Bryan Akanmu,Wagner,31,629,191,170,41,0.5078706658157839
5317319,Huascar Cuevas,Wagner,31,NA,NA,NA,NA,NA
5317320,Binael Basil,Wagner,31,NA,NA,NA,NA,NA
5317321,Sam Smith,Wagner,31,NA,NA,NA,NA,NA
5317332,Noah Treadwell,SC State,32,NA,NA,NA,NA,NA
5317333,Derwin Hodge Jr.,SC State,32,NA,NA,NA,NA,NA
5317334,Tim Okojie,SC State,32,348,37,33,27,0.4122103386809269
5317336,Teon Tindal,SC State,32,NA,NA,NA,NA,NA
5317337,Chris Parker,SC State,32,NA,NA,NA,NA,NA
5323975,Jorge Santos,FIU,32,NA,NA,NA,NA,NA
5323976,Luke Azzinaro,Lafayette,32,NA,NA,NA,NA,NA
5323977,Ashton Wallace,Lafayette,32,NA,NA,NA,NA,NA
5323978,KaiMani Murdock,Lafayette,32,NA,NA,NA,NA,NA
5323979,Christian Humphrey-Rembert,Lafayette,32,964,247,206,47,0.5448208928886535
5323980,Beckett Currie,Lafayette,32,NA,NA,NA,NA,NA
5323981,Shareef Jackson,Lafayette,32,NA,NA,NA,NA,NA
5323982,Dominykas Butka,Campbell,34,NA,NA,NA,NA,NA
5323983,Amir Rahman,Florida A&M,31,NA,NA,NA,NA,NA
5323985,Brady Craig,UL Monroe,32,NA,NA,NA,NA,NA
5323987,Owen Bronston Jr.,SC State,32,NA,NA,NA,NA,NA
5323988,Rayniel Wright,SC State,32,523,107,105,46,0.42717981475566913
5323989,Jordan Gorecki,Texas Southern,30,NA,NA,NA,NA,NA
5323990,Ahmed Nedal Abdelrahman,Texas Southern,30,NA,NA,NA,NA,NA
5323991,Anthony Andrews,Texas Southern,30,NA,NA,NA,NA,NA
5324103,Noah Rogers,Mount St Marys,32,NA,NA,NA,NA,NA
5324104,Kyle Haughy,Santa Barbara,32,NA,NA,NA,NA,NA
5324105,Khai Lockwood,Dartmouth,27,NA,NA,NA,NA,NA
5325011,Jacob Martin,Alabama,35,NA,NA,NA,NA,NA
5325013,Klark James,Alabama,35,NA,NA,NA,NA,NA
5325014,Jack Fagan,Alabama,35,NA,NA,NA,NA,NA
5325440,Joseph Carter,ETSU,34,NA,NA,NA,NA,NA
5325879,Antonio Baker Jr.,Florida A&M,30,NA,NA,NA,NA,NA
5325986,Gabriel Landeira,Georgetown,21,NA,NA,NA,NA,NA
5325995,Will Kutzler,Princeton,28,NA,NA,NA,NA,NA
5326288,Nash Walker,Marquette,19,NA,NA,NA,NA,NA
5326468,Omar Stephen,Delaware St,27,NA,NA,NA,NA,NA
5328456,Nikola Dzepina,Washington,24,NA,NA,NA,NA,NA
5328797,Sean Pouedet,Dayton,25,NA,NA,NA,NA,NA
5329424,KJ Perry,BYU,24,NA,NA,NA,NA,NA
5329573,Rob Wilmote,Saint Peter's,20,NA,NA,NA,NA,NA
5329888,Kirill Elatontsev,Oklahoma,25,NA,NA,NA,NA,NA
5331175,Colin McHaney,Utah,18,NA,NA,NA,NA,NA
5331274,Rho Omed,Arkansas St,16,NA,NA,NA,NA,NA
5331713,Lucas Langarita,Utah,17,NA,NA,NA,NA,NA
5331717,Marcus Vaughn,LSU,16,NA,NA,NA,NA,NA
5331892,Calvin Russell III,Syracuse,16,NA,NA,NA,NA,NA
5332074,Jasen Lopez,Florida St,16,NA,NA,NA,NA,NA
5332491,Xzayvion Childress,Miss Valley St,15,NA,NA,NA,NA,NA
