date,contest_id,status,neutral_site,team1,team1_rank,team1_record,team2,team2_rank,team2_record,team1_sets_won,team2_sets_won,s1_t1,s1_t2,s2_t1,s2_t2,s3_t1,s3_t2,s4_t1,s4_t2,s5_t1,s5_t2
2025-08-22,6406273,final,TRUE,Stanford,,1-0,Florida,,0-1,3,1,22,25,25,19,25,22,25,22,,
2025-08-22,6414554,final,TRUE,Pittsburgh,,0-1,Nebraska,,1-0,1,3,22,25,11,25,25,20,23,25,,
2025-08-23,6391383,final,TRUE,Kansas,,1-0,Vanderbilt,,0-1,3,2,19,25,25,18,24,26,25,20,15,4
2025-08-23,6407931,final,TRUE,Penn St.,,1-0,Creighton,,0-1,3,0,25,18,25,22,27,25,,,,
2025-08-24,6406302,final,TRUE,Florida,,1-1,Pittsburgh,,0-2,3,2,19,25,25,15,15,25,26,24,15,13
2025-08-24,6414289,final,TRUE,Stanford,,1-1,Nebraska,,2-0,0,3,13,25,19,25,14,25,,,,
2025-08-25,6391577,final,TRUE,Penn St.,,2-0,Kansas,,1-1,3,2,25,22,24,26,16,25,30,28,15,12
2025-08-25,6425287,final,TRUE,Texas A&M,,1-0,Minnesota,,0-1,3,1,25,23,21,25,25,21,25,21,,
2025-08-29,6386684,final,TRUE,Tulane,,0-1,McNeese,,1-0,2,3,23,25,24,26,25,22,25,18,11,15
2025-08-29,6386692,final,FALSE,Texas Southern,,0-1,Louisiana,,1-0,0,3,18,25,18,25,18,25,,,,
2025-08-29,6386828,final,TRUE,FIU,,0-1,Houston,,1-0,0,3,18,25,23,25,24,26,,,,
2025-08-29,6386832,final,FALSE,Stonehill,,0-1,Iona,,1-0,1,3,17,25,21,25,25,23,23,25,,
2025-08-29,6387144,final,FALSE,Georgia,,1-0,Samford,,0-1,3,0,25,18,25,19,25,20,,,,
2025-08-29,6387289,final,TRUE,South Dakota St.,,1-0,Illinois,,0-1,3,1,25,23,25,22,23,25,25,20,,
2025-08-29,6387294,final,FALSE,Indiana,,1-0,Miami (FL),,0-1,3,2,18,25,17,25,25,19,25,20,15,11
2025-08-29,6387337,final,TRUE,Ohio St.,,0-1,VCU,,1-0,0,3,24,26,20,25,17,25,,,,
2025-08-29,6387427,final,FALSE,UT Arlington,,2-0,Bradley,,0-1,3,2,19,25,25,19,25,22,23,25,15,12
2025-08-29,6387517,final,TRUE,West Ga.,,0-1,Furman,,1-0,0,3,20,25,16,25,21,25,,,,
2025-08-29,6387525,final,TRUE,Furman,,2-0,Presbyterian,,0-2,3,1,26,24,21,25,25,18,25,18,,
2025-08-29,6387720,final,FALSE,Denver,,0-1,Southern California,,1-0,0,3,26,28,16,25,20,25,,,,
2025-08-29,6387822,final,TRUE,Pepperdine,,1-0,UC Davis,,0-1,3,1,26,24,22,25,25,19,25,21,,
2025-08-29,6387877,final,TRUE,The Citadel,,0-1,IU Indy,,1-0,0,3,16,25,23,25,13,25,,,,
2025-08-29,6387880,final,FALSE,IU Indy,,2-0,Charleston So.,,1-1,3,0,25,20,25,22,25,20,,,,
2025-08-29,6388295,final,FALSE,Alabama St.,,0-1,Arizona,,1-0,0,3,16,25,15,25,20,25,,,,
2025-08-29,6388651,final,FALSE,Liberty,,2-0,Buffalo,,0-1,3,0,25,23,25,20,25,22,,,,
2025-08-29,6388889,final,FALSE,Mercyhurst,,0-1,Youngstown St.,,1-0,0,3,12,25,24,26,18,25,,,,
2025-08-29,6388895,final,FALSE,Duquesne,,2-0,Youngstown St.,,1-1,3,0,36,34,25,20,25,23,,,,
2025-08-29,6389232,final,FALSE,Coppin St.,,1-0,Elon,,0-1,3,1,10,25,25,16,25,20,25,20,,
2025-08-29,6389324,final,FALSE,Loyola Chicago,,1-1,Western Ky.,,2-0,0,3,23,25,18,25,15,25,,,,
2025-08-29,6389326,final,FALSE,Wright St.,,0-1,Western Ky.,,1-0,0,3,20,25,18,25,13,25,,,,
2025-08-29,6389650,final,FALSE,Santa Clara,,0-1,Notre Dame,,1-0,2,3,23,25,25,17,18,25,27,25,15,17
2025-08-29,6389865,final,FALSE,USC Upstate,,0-1,Memphis,,1-0,2,3,25,22,25,23,18,25,23,25,14,16
2025-08-29,6389868,final,TRUE,Tennessee St.,,0-2,USC Upstate,,1-1,0,3,11,25,18,25,23,25,,,,
2025-08-29,6389870,final,FALSE,Queens (NC),,0-1,UNC Greensboro,,1-0,1,3,25,22,22,25,17,25,15,25,,
2025-08-29,6389882,final,FALSE,Sacred Heart,,0-2,UNC Greensboro,,2-0,0,3,10,25,20,25,20,25,,,,
2025-08-29,6390061,final,FALSE,Arizona St.,,1-0,UNI,,0-1,3,0,25,23,25,16,25,15,,,,
2025-08-29,6390147,final,FALSE,Wake Forest,,0-1,Cincinnati,,1-0,1,3,17,25,23,25,25,20,16,25,,
2025-08-29,6390298,final,TRUE,Tennessee St.,,0-1,Northwestern St.,,1-0,2,3,25,12,18,25,22,25,25,19,10,15
2025-08-29,6390299,final,FALSE,Northwestern St.,,1-1,Memphis,,2-0,0,3,13,25,15,25,19,25,,,,
2025-08-29,6390309,final,FALSE,Nevada,,0-1,Weber St.,,1-0,0,3,13,25,12,25,23,25,,,,
2025-08-29,6390310,final,FALSE,UC Irvine,,1-1,Weber St.,,2-0,1,3,20,25,17,25,25,20,22,25,,
2025-08-29,6390378,final,FALSE,Ga. Southern,,1-0,North Florida,,0-1,3,1,17,25,25,22,25,17,25,23,,
2025-08-29,6390419,final,FALSE,McNeese,,1-1,Sam Houston,,1-1,0,3,20,25,12,25,17,25,,,,
2025-08-29,6390469,final,FALSE,Louisiana Tech,,1-1,Southeastern La.,,2-0,0,3,20,25,19,25,13,25,,,,
2025-08-29,6390470,final,TRUE,Louisiana Tech,,1-0,Jackson St.,,0-1,3,2,25,22,24,26,22,25,25,17,15,11
2025-08-29,6390545,final,TRUE,The Citadel,,0-2,Loyola Maryland,,1-1,0,3,20,25,17,25,22,25,,,,
2025-08-29,6390700,final,TRUE,Iowa St.,,1-0,Bucknell,,0-1,3,0,25,21,25,9,25,20,,,,
2025-08-29,6390805,final,FALSE,Fairfield,,1-0,Old Dominion,,0-1,3,1,21,25,25,23,25,18,25,14,,
2025-08-29,6390815,final,FALSE,West Virginia,,2-0,Old Dominion,,0-2,3,1,22,25,25,15,25,23,25,18,,
2025-08-29,6390923,final,FALSE,SMU,,1-0,LSU,,0-1,3,2,25,20,20,25,23,25,25,16,15,12
2025-08-29,6390997,final,FALSE,Tulsa,,0-1,Wyoming,,1-0,1,3,22,25,25,21,17,25,26,28,,
2025-08-29,6391206,final,FALSE,Chattanooga,,1-1,UCF,,1-0,1,3,18,25,15,25,25,19,11,25,,
2025-08-29,6391452,final,FALSE,Wofford,,0-1,Georgia Tech,,1-0,0,3,22,25,24,26,18,25,,,,
2025-08-29,6391576,final,TRUE,Campbell,,0-1,Clemson,,1-0,0,3,19,25,15,25,23,25,,,,
2025-08-29,6391585,final,FALSE,Kansas,,1-2,Wisconsin,,1-0,2,3,16,25,25,18,18,25,28,26,10,15
2025-08-29,6391694,final,FALSE,Milwaukee,,0-1,Omaha,,1-0,0,3,16,25,20,25,18,25,,,,
2025-08-29,6391719,final,TRUE,Temple,,0-1,Bowling Green,,1-0,1,3,25,22,24,26,23,25,18,25,,
2025-08-29,6391725,final,FALSE,Bowling Green,,1-1,North Dakota St.,,1-0,0,3,18,25,20,25,24,26,,,,
2025-08-29,6391960,final,TRUE,Arkansas St.,,0-1,Ole Miss,,1-0,2,3,23,25,25,18,25,12,20,25,10,15
2025-08-29,6392074,final,FALSE,Valparaiso,,1-0,Southern Ind.,,0-1,3,0,25,21,25,21,25,19,,,,
2025-08-29,6392081,final,TRUE,Valparaiso,,1-1,Northern Ky.,,1-1,2,3,25,19,23,25,18,25,25,21,5,15
2025-08-29,6392407,final,TRUE,Navy,,0-1,Boise St.,,1-0,2,3,27,25,21,25,26,24,12,25,12,15
2025-08-29,6392408,final,TRUE,Montana,,0-2,Boise St.,,2-0,0,3,21,25,19,25,20,25,,,,
2025-08-29,6392850,final,TRUE,Towson,,0-1,West Virginia,,1-0,1,3,25,16,11,25,15,25,15,25,,
2025-08-29,6392910,final,TRUE,Mercyhurst,,0-2,Canisius,,1-1,2,3,25,19,22,25,20,25,25,11,12,15
2025-08-29,6392975,final,FALSE,UMBC,,0-1,Kansas St.,,1-0,0,3,20,25,16,25,15,25,,,,
2025-08-29,6393046,final,TRUE,Texas Tech,,0-1,Western Caro.,,1-0,2,3,22,25,25,22,25,19,17,25,9,15
2025-08-29,6393062,final,TRUE,Western Caro.,,2-0,Kent St.,,0-2,3,1,25,22,25,19,25,27,25,23,,
2025-08-29,6393173,final,TRUE,Rhode Island,,1-0,Siena,,0-1,3,0,25,20,25,23,25,21,,,,
2025-08-29,6393234,final,FALSE,Oakland,,0-1,Western Mich.,,1-0,1,3,26,24,22,25,16,25,20,25,,
2025-08-29,6393274,final,FALSE,Montana,,0-1,Utah Valley,,1-0,2,3,25,18,25,23,22,25,13,25,9,15
2025-08-29,6393293,final,FALSE,Navy,,1-1,Utah Valley,,1-1,3,1,15,25,28,26,25,16,39,37,,
2025-08-29,6393638,final,TRUE,Portland St.,,0-1,Jacksonville St.,,1-0,2,3,22,25,25,13,25,20,20,25,15,17
2025-08-29,6393694,final,FALSE,Jacksonville St.,,1-1,Air Force,,1-0,1,3,11,25,26,24,17,25,17,25,,
2025-08-29,6394161,final,TRUE,Little Rock,,0-1,North Texas,,1-0,1,3,23,25,24,26,25,19,15,25,,
2025-08-29,6394165,final,FALSE,Little Rock,,1-1,East Texas A&M,,0-2,3,1,25,17,20,25,25,18,25,23,,
2025-08-29,6394278,final,FALSE,Eastern Ky.,,2-0,Col. of Charleston,,0-1,3,1,25,16,20,25,25,21,25,12,,
2025-08-29,6394674,final,FALSE,George Washington,,0-1,Howard,,1-0,2,3,25,23,19,25,20,25,25,20,13,15
2025-08-29,6394773,final,FALSE,Providence,,1-0,East Texas A&M,,0-1,3,0,27,25,25,14,25,19,,,,
2025-08-29,6395359,final,FALSE,American,,1-0,George Mason,,0-1,3,2,25,21,24,26,25,27,25,20,15,2
2025-08-29,6395418,final,FALSE,Eastern Mich.,,1-0,Radford,,0-1,3,1,22,25,25,17,25,21,25,21,,
2025-08-29,6395425,final,FALSE,Kansas City,,0-2,Radford,,1-1,0,3,14,25,19,25,21,25,,,,
2025-08-29,6395677,final,TRUE,UConn,,1-0,Lehigh,,0-1,3,0,26,24,25,21,25,13,,,,
2025-08-29,6396905,final,TRUE,South Fla.,,0-1,Purdue,,1-0,2,3,25,23,17,25,17,25,25,21,10,15
2025-08-29,6397063,final,FALSE,South Fla.,,0-2,Tennessee,,1-0,0,3,13,25,17,25,14,25,,,,
2025-08-29,6397482,final,TRUE,South Dakota,,0-1,Oregon,,1-0,1,3,21,25,25,22,23,25,17,25,,
2025-08-29,6397489,final,FALSE,Marquette,,1-0,Hawaii,,0-1,3,2,25,27,17,25,34,32,25,18,15,9
2025-08-29,6397495,final,TRUE,Middle Tenn.,,1-0,Purdue Fort Wayne,,0-1,3,1,25,17,27,25,22,25,25,21,,
2025-08-29,6397546,final,FALSE,Saint Louis,,2-0,Southern Ind.,,0-2,3,0,25,22,25,19,25,23,,,,
2025-08-29,6397564,final,TRUE,Norfolk St.,,0-1,Chattanooga,,1-0,2,3,18,25,25,22,25,19,18,25,8,15
2025-08-29,6397582,final,TRUE,Ball St.,,1-0,St. Thomas (MN),,0-1,3,2,25,21,20,25,15,25,25,18,15,8
2025-08-29,6397632,final,TRUE,Drake,,0-1,Loyola Chicago,,1-0,2,3,25,15,26,28,25,18,19,25,14,16
2025-08-29,6397660,final,TRUE,Wright St.,,1-1,Drake,,0-2,3,2,22,25,17,25,25,20,25,18,15,13
2025-08-29,6398025,final,FALSE,SFA,,1-0,UTSA,,0-1,3,0,25,17,25,12,25,16,,,,
2025-08-29,6398064,final,FALSE,Loyola Maryland,,0-1,Charleston So.,,1-0,0,3,12,25,17,25,13,25,,,,
2025-08-29,6398668,final,TRUE,Kansas City,,0-1,Marshall,,1-0,0,3,16,25,15,25,23,25,,,,
2025-08-29,6398752,final,TRUE,Saint Peter's,,0-1,Northeastern,,1-0,1,3,25,23,21,25,16,25,19,25,,
2025-08-29,6399064,final,FALSE,Belmont,,0-1,Vanderbilt,,1-1,1,3,17,25,15,25,25,18,21,25,,
2025-08-29,6400056,final,TRUE,Utah Tech,,1-0,CSU Bakersfield,,0-1,3,0,25,18,25,21,25,19,,,,
2025-08-29,6400070,final,TRUE,Southern Miss.,,1-0,Lamar University,,0-2,3,0,27,25,25,23,25,16,,,,
2025-08-29,6400087,final,FALSE,Stanford,,2-1,Long Beach St.,,0-1,3,1,18,25,25,19,25,16,25,20,,
2025-08-29,6400605,final,FALSE,UC Santa Barbara,,1-0,San Jose St.,,0-1,3,1,23,25,25,18,25,11,26,24,,
2025-08-29,6401115,final,FALSE,San Diego St.,,0-1,California,,1-0,1,3,21,25,28,26,12,25,22,25,,
2025-08-29,6401130,final,TRUE,UAB,,0-1,Jacksonville,,1-0,2,3,21,25,14,25,25,23,25,23,14,16
2025-08-29,6401147,final,FALSE,Jacksonville,,1-1,Alabama,,2-0,1,3,21,25,25,21,20,25,19,25,,
2025-08-29,6401194,final,FALSE,Bethune-Cookman,,0-1,N.C. A&T,,1-0,1,3,25,12,19,25,21,25,11,25,,
2025-08-29,6401409,final,TRUE,Texas,,1-0,Creighton,,0-2,3,0,25,21,25,19,26,24,,,,
2025-08-29,6401644,final,TRUE,Pacific,,1-0,California Baptist,,0-1,3,1,22,25,30,28,25,12,25,20,,
2025-08-29,6402138,final,FALSE,Fordham,,1-0,Binghamton,,0-1,3,2,25,14,23,25,25,22,25,27,15,10
2025-08-29,6402237,final,FALSE,Cal Poly,,0-1,Minnesota,,1-1,1,3,25,17,12,25,21,25,18,25,,
2025-08-29,6402444,final,FALSE,Nebraska,,3-0,Lipscomb,,0-1,3,0,25,13,25,21,25,15,,,,
2025-08-29,6402604,final,TRUE,Colorado,,1-0,Cleveland St.,,0-1,3,0,25,15,25,17,25,19,,,,
2025-08-29,6402880,final,TRUE,Central Mich.,,1-0,High Point,,0-1,3,1,25,14,25,14,20,25,26,24,,
2025-08-29,6403025,final,FALSE,Central Mich.,,1-1,BYU,,2-0,1,3,18,25,25,22,15,25,21,25,,
2025-08-29,6403183,final,FALSE,Idaho St.,,0-1,CSUN,,1-0,2,3,25,18,25,21,29,31,23,25,12,15
2025-08-29,6403191,final,FALSE,FDU,,0-1,BYU,,1-0,0,3,16,25,12,25,15,25,,,,
2025-08-29,6403737,final,FALSE,Army West Point,,0-1,NC State,,2-0,0,3,15,25,16,25,18,25,,,,
2025-08-29,6403853,final,FALSE,Lindenwood,,1-0,UNCW,,0-1,3,1,23,25,25,22,25,22,25,13,,
2025-08-29,6403877,final,TRUE,N.C. Central,,0-2,Lindenwood,,2-0,0,3,21,25,20,25,18,25,,,,
2025-08-29,6403980,final,TRUE,UIC,,0-1,Florida St.,,1-0,0,3,19,25,19,25,11,25,,,,
2025-08-29,6404455,final,TRUE,UMES,,0-1,East Carolina,,2-0,0,3,15,25,14,25,16,25,,,,
2025-08-29,6405021,final,TRUE,St. John's (NY),,0-1,Morehead St.,,1-0,0,3,21,25,19,25,23,25,,,,
2025-08-29,6405190,final,TRUE,Saint Louis,,1-0,Northern Ky.,,0-1,3,0,25,23,25,19,25,15,,,,
2025-08-29,6405417,final,FALSE,Dayton,,1-1,Utah,,1-0,1,3,14,25,20,25,25,23,15,25,,
2025-08-29,6405434,final,TRUE,Lafayette,,0-1,Dayton,,1-0,1,3,18,25,18,25,26,24,16,25,,
2025-08-29,6405950,final,FALSE,Colgate,,0-1,Colorado St.,,1-0,0,3,18,25,14,25,10,25,,,,
2025-08-29,6406120,final,TRUE,William & Mary,,1-0,Charlotte,,0-1,3,0,25,21,25,22,25,18,,,,
2025-08-29,6406518,final,TRUE,Western Ill.,,0-1,Quinnipiac,,1-1,0,3,23,25,25,27,24,26,,,,
2025-08-29,6407303,final,TRUE,Marshall,,2-0,Eastern Mich.,,1-1,3,1,25,21,25,20,13,25,25,22,,
2025-08-29,6407315,final,TRUE,Portland,,1-0,Cal St. Fullerton,,0-1,3,0,25,21,25,19,25,23,,,,
2025-08-29,6407324,final,FALSE,South Carolina St.,,0-1,Alabama A&M,,1-0,1,3,29,27,21,25,10,25,10,25,,
2025-08-29,6407326,final,FALSE,Cal St. Fullerton,,1-1,Idaho,,1-1,3,2,22,25,25,17,19,25,25,19,15,8
2025-08-29,6407333,final,FALSE,Morgan St.,,1-1,Alabama A&M,,2-0,0,3,23,25,11,25,22,25,,,,
2025-08-29,6407387,final,TRUE,UTRGV,,0-1,Gonzaga,,1-0,1,3,23,25,22,25,25,18,22,25,,
2025-08-29,6407690,final,FALSE,Central Conn. St.,,0-1,Stony Brook,,1-0,0,3,12,25,14,25,16,25,,,,
2025-08-29,6408315,final,TRUE,Virginia Tech,,1-0,N.C. Central,,0-1,3,0,25,18,32,30,28,26,,,,
2025-08-29,6408338,final,FALSE,Virginia Tech,,2-0,UNCW,,0-2,3,0,25,18,26,24,25,20,,,,
2025-08-29,6408646,final,FALSE,Washington,,0-1,Northern Colo.,,1-0,2,3,25,22,25,23,16,25,23,25,14,16
2025-08-29,6408778,final,FALSE,Eastern Wash.,,0-2,UC San Diego,,1-0,0,3,12,25,11,25,13,25,,,,
2025-08-29,6408908,final,TRUE,Providence,,1-1,North Texas,,2-0,1,3,16,25,23,25,25,21,13,25,,
2025-08-29,6408923,final,FALSE,UAlbany,,1-1,Toledo,,1-0,0,3,18,25,13,25,20,25,,,,
2025-08-29,6408929,final,TRUE,Mercer,,0-1,Eastern Ky.,,1-0,0,3,19,25,16,25,17,25,,,,
2025-08-29,6409049,final,FALSE,ULM,,0-1,Southeastern La.,,1-0,0,3,9,25,18,25,16,25,,,,
2025-08-29,6409139,final,FALSE,Bucknell,,0-2,Ohio,,1-0,1,3,23,25,21,25,25,21,21,25,,
2025-08-29,6409519,final,TRUE,Xavier,,1-0,Tennessee Tech,,0-1,3,0,25,19,25,18,25,16,,,,
2025-08-29,6409541,final,FALSE,Xavier,,2-0,Austin Peay,,0-2,3,1,25,19,11,25,25,21,25,20,,
2025-08-29,6409667,final,FALSE,West Ga.,,0-2,Georgia St.,,2-0,0,3,15,25,16,25,19,25,,,,
2025-08-29,6409772,final,TRUE,High Point,,1-1,FDU,,0-2,3,1,25,23,19,25,25,18,25,20,,
2025-08-29,6409925,final,TRUE,Green Bay,,0-1,Akron,,1-1,2,3,18,25,23,25,25,20,25,22,9,15
2025-08-29,6410016,final,TRUE,James Madison,,0-1,Missouri,,1-0,0,3,19,25,15,25,20,25,,,,
2025-08-29,6410064,final,TRUE,Southern U.,,1-1,South Carolina St.,,0-2,3,1,25,27,25,20,25,19,25,16,,
2025-08-29,6410243,final,TRUE,UC Riverside,,1-0,Norfolk St.,,0-2,3,0,26,24,25,18,25,23,,,,
2025-08-29,6410297,final,FALSE,UTEP,,1-0,Sacramento St.,,0-1,3,0,25,17,25,16,25,17,,,,
2025-08-29,6410370,final,FALSE,Southern Ill.,,1-0,Sam Houston,,0-1,3,2,17,25,25,23,22,25,25,23,16,14
2025-08-29,6410935,final,TRUE,Seattle U,,1-0,Portland St.,,0-2,3,0,25,21,25,22,25,19,,,,
2025-08-29,6411922,final,FALSE,ETSU,,0-1,South Carolina,,1-0,0,3,18,25,18,25,22,25,,,,
2025-08-29,6412093,final,TRUE,Oklahoma,,1-0,Missouri St.,,0-1,3,1,25,27,25,20,25,19,25,18,,
2025-08-29,6412099,final,FALSE,Missouri St.,,0-2,Abilene Christian,,1-0,1,3,15,25,28,26,19,25,22,25,,
2025-08-29,6412391,final,TRUE,Sacred Heart,,0-1,Gardner-Webb,,1-0,2,3,27,29,25,19,18,25,25,22,12,15
2025-08-29,6412396,final,TRUE,Queens (NC),,1-1,Gardner-Webb,,1-1,3,1,25,20,25,18,22,25,25,11,,
2025-08-29,6412815,final,FALSE,Niagara,,0-1,Syracuse,,1-0,0,3,19,25,19,25,22,25,,,,
2025-08-29,6413970,final,TRUE,Nevada,,1-1,Southern Utah,,0-2,3,2,24,26,20,25,25,21,25,8,15,8
2025-08-29,6414151,final,TRUE,NIU,,1-0,Lamar University,,0-1,3,2,25,18,23,25,19,25,28,26,15,6
2025-08-29,6414276,final,FALSE,Nicholls,,1-0,Mississippi Val.,,0-1,3,1,25,15,25,11,18,25,25,18,,
2025-08-29,6414426,final,FALSE,Akron,,0-1,NC State,,1-0,2,3,13,25,25,23,25,20,18,25,12,15
2025-08-29,6414436,final,TRUE,Fairfield,,2-0,Towson,,0-2,3,2,25,22,20,25,20,25,25,22,15,13
2025-08-29,6414752,final,TRUE,Canisius,,0-1,Duquesne,,1-0,0,3,17,25,21,25,21,25,,,,
2025-08-29,6414791,final,FALSE,Auburn,,0-1,Louisville,,1-0,0,3,21,25,21,25,21,25,,,,
2025-08-29,6415305,final,FALSE,Saint Mary's (CA),,1-0,North Dakota,,0-1,3,2,25,16,17,25,22,25,25,17,15,6
2025-08-29,6416301,final,FALSE,NIU,,1-1,Stetson,,1-0,2,3,24,26,25,21,20,25,26,24,9,15
2025-08-29,6416879,final,FALSE,Virginia,,1-0,Georgetown,,0-1,3,0,25,17,29,27,25,17,,,,
2025-08-29,6416972,final,TRUE,Illinois St.,,1-0,DePaul,,0-1,3,0,25,19,25,23,25,15,,,,
2025-08-29,6417029,final,TRUE,Tennessee Tech,,1-1,Murray St.,,1-1,3,0,25,22,25,20,25,20,,,,
2025-08-29,6418121,final,TRUE,New Orleans,,0-1,Tarleton St.,,1-0,0,3,19,25,17,25,14,25,,,,
2025-08-29,6418255,final,FALSE,LIU,,0-1,Grand Canyon,,1-0,0,3,13,25,24,26,13,25,,,,
2025-08-29,6418449,final,TRUE,Lafayette,,0-2,Washington St.,,1-0,0,3,16,25,18,25,16,25,,,,
2025-08-29,6419837,final,TRUE,SIUE,,0-1,Miami (OH),,1-0,0,3,12,25,19,25,23,25,,,,
2025-08-29,6419868,final,FALSE,Miami (OH),,2-0,Bellarmine,,1-1,3,0,25,19,25,21,25,22,,,,
2025-08-29,6420065,final,TRUE,Quinnipiac,,0-1,UT Arlington,,1-0,1,3,23,25,26,28,25,12,23,25,,
2025-08-29,6420451,final,FALSE,Purdue Fort Wayne,,0-2,Butler,,2-0,2,3,22,25,25,17,23,25,26,24,12,15
2025-08-29,6420469,final,TRUE,UIW,,0-1,Oklahoma,,2-0,0,3,25,27,22,25,23,25,,,,
2025-08-29,6421063,final,TRUE,Fresno St.,,1-0,A&M-Corpus Christi,,0-1,3,2,18,25,22,25,25,19,25,20,15,11
2025-08-29,6421130,final,TRUE,Southern Ill.,,2-0,Tulane,,0-2,3,2,25,23,25,27,20,25,25,16,15,13
2025-08-29,6421214,final,FALSE,Maryland,,0-1,Coastal Carolina,,1-0,2,3,25,21,15,25,27,25,23,25,9,15
2025-08-29,6421241,final,TRUE,Jackson St.,,0-2,ULM,,1-1,0,3,20,25,21,25,21,25,,,,
2025-08-29,6421418,final,FALSE,Indiana St.,,0-1,Bellarmine,,1-0,0,3,20,25,25,27,23,25,,,,
2025-08-29,6421422,final,TRUE,SIUE,,0-2,Indiana St.,,1-1,2,3,17,25,25,27,25,22,27,25,11,15
2025-08-29,6421680,final,TRUE,NJIT,,0-1,Boston College,,1-0,0,3,18,25,16,25,16,25,,,,
2025-08-29,6421928,final,FALSE,Kennesaw St.,,1-0,Wichita St.,,0-1,3,0,27,25,25,23,25,21,,,,
2025-08-29,6422061,final,FALSE,Iowa,,1-0,UNLV,,0-1,3,0,25,22,25,21,25,21,,,,
2025-08-29,6422216,final,FALSE,Rider,,1-0,Le Moyne,,0-1,3,1,25,20,24,26,25,22,25,11,,
2025-08-29,6422349,final,FALSE,Evansville,,0-1,Butler,,1-0,1,3,23,25,18,25,25,21,23,25,,
2025-08-29,6422395,final,TRUE,UNC Asheville,,0-2,UAB,,1-1,0,3,20,25,17,25,27,29,,,,
2025-08-29,6423094,final,FALSE,Davidson,,0-1,Winthrop,,1-0,2,3,25,22,23,25,25,20,19,25,8,15
2025-08-29,6423412,final,FALSE,Texas A&M,,2-0,Rice,,0-1,3,0,25,13,25,16,25,18,,,,
2025-08-29,6423417,final,FALSE,Presbyterian,,0-1,Georgia St.,,1-0,0,3,15,25,23,25,14,25,,,,
2025-08-29,6423459,final,TRUE,Northwestern,,1-0,New Mexico St.,,1-1,3,1,25,13,22,25,25,22,25,12,,
2025-08-29,6423602,final,TRUE,Morgan St.,,1-0,Ark.-Pine Bluff,,0-1,3,0,25,11,25,13,25,14,,,,
2025-08-29,6423603,final,TRUE,Southern U.,,0-1,Delaware St.,,1-0,0,3,19,25,16,25,17,25,,,,
2025-08-29,6423686,final,TRUE,Portland,,2-0,Oral Roberts,,0-2,3,0,25,19,25,20,25,14,,,,
2025-08-29,6423856,final,TRUE,New Mexico St.,,1-0,Eastern Wash.,,0-1,3,1,19,25,25,18,25,10,25,12,,
2025-08-29,6424140,final,FALSE,Texas Tech,,1-1,Fla. Atlantic,,1-1,3,0,25,21,27,25,25,23,,,,
2025-08-29,6424573,final,FALSE,Kent St.,,0-1,Fla. Atlantic,,1-0,0,3,24,26,17,25,20,25,,,,
2025-08-29,6424775,final,FALSE,Holy Cross,,0-1,New Hampshire,,1-0,0,3,14,25,20,25,13,25,,,,
2025-08-29,6424803,final,TRUE,Houston Christian,,0-1,Northern Ariz.,,1-0,0,3,16,25,15,25,14,25,,,,
2025-08-29,6424877,final,TRUE,Houston Christian,,0-2,Manhattan,,1-1,0,3,22,25,27,29,19,25,,,,
2025-08-29,6424953,final,TRUE,East Carolina,,1-0,Florida A&M,,0-1,3,0,25,19,25,18,25,23,,,,
2025-08-29,6425875,final,TRUE,Stonehill,,0-2,Boston College,,2-0,0,3,16,25,19,25,19,25,,,,
2025-08-29,6425937,final,FALSE,Prairie View,,0-1,Montana St.,,1-0,0,3,16,25,23,25,19,25,,,,
2025-08-29,6426343,final,TRUE,Delaware St.,,2-0,Ark.-Pine Bluff,,0-2,3,0,25,15,25,7,25,21,,,,
2025-08-29,6426770,final,TRUE,Mercer,,0-2,App State,,1-0,0,3,17,25,16,25,15,25,,,,
2025-08-29,6426846,final,TRUE,South Alabama,,0-1,Baylor,,1-0,1,3,25,23,18,25,28,30,17,25,,
2025-08-29,6426923,final,FALSE,Bryant,,0-1,Duke,,1-0,1,3,20,25,23,25,35,33,18,25,,
2025-08-29,6426992,final,TRUE,Rutgers,,1-0,Marist,,0-2,3,1,22,25,25,16,25,9,25,14,,
2025-08-29,6427040,final,FALSE,Murray St.,,1-0,Austin Peay,,0-1,3,1,25,21,25,18,25,27,25,18,,
2025-08-29,6427070,final,TRUE,Utah St.,,0-1,San Diego,,1-0,2,3,25,16,17,25,15,25,25,19,12,15
2025-08-29,6427263,final,FALSE,Oral Roberts,,0-1,Idaho,,1-0,0,3,20,25,23,25,24,26,,,,
2025-08-29,6427270,final,FALSE,Northern Ariz.,,1-1,New Mexico,,2-0,2,3,25,17,19,25,16,25,28,26,13,15
2025-08-29,6427292,final,FALSE,Southeast Mo. St.,,1-1,Mississippi St.,,1-0,0,3,16,25,18,25,17,25,,,,
2025-08-29,6427709,final,TRUE,Southeast Mo. St.,,1-0,Grambling,,0-1,3,0,25,14,25,16,25,11,,,,
2025-08-29,6427942,final,FALSE,UNC Asheville,,0-1,Alabama,,1-0,0,3,20,25,24,26,20,25,,,,
2025-08-29,6428333,final,TRUE,Saint Francis,,0-1,UAlbany,,1-0,0,3,21,25,18,25,26,28,,,,
2025-08-29,6428577,final,TRUE,Marist,,0-1,Liberty,,1-0,0,3,17,25,18,25,13,25,,,,
2025-08-29,6429201,final,FALSE,Manhattan,,0-1,New Mexico,,1-0,0,3,10,25,21,25,16,25,,,,
2025-08-29,6429739,final,FALSE,Florida A&M,,1-1,Hampton,,0-1,3,0,25,20,25,18,25,13,,,,
2025-08-29,6429752,final,TRUE,Southern Utah,,0-1,UC Irvine,,1-0,0,3,15,25,22,25,13,25,,,,
2025-08-30,6386696,final,FALSE,Tarleton St.,,1-1,Louisiana,,2-0,1,3,26,28,25,14,15,25,16,25,,
2025-08-30,6386834,final,FALSE,NJIT,,0-2,Iona,,2-0,1,3,21,25,26,24,22,25,19,25,,
2025-08-30,6386836,final,FALSE,Boston College,,3-0,Iona,,2-1,3,0,25,14,25,19,25,16,,,,
2025-08-30,6387148,final,TRUE,Troy,,0-1,Georgia,,2-0,0,3,16,25,20,25,19,25,,,,
2025-08-30,6387298,final,TRUE,Indiana,,2-0,VCU,,1-1,3,0,25,20,25,20,25,21,,,,
2025-08-30,6387429,final,FALSE,Quinnipiac,,1-2,Bradley,,1-1,1,3,25,17,23,25,21,25,23,25,,
2025-08-30,6387432,final,FALSE,Western Ill.,,0-3,Bradley,,2-1,0,3,20,25,23,25,21,25,,,,
2025-08-30,6387529,final,FALSE,Furman,,2-1,Georgia St.,,3-0,1,3,19,25,30,28,21,25,22,25,,
2025-08-30,6387851,final,FALSE,UC Davis,,1-1,Sacramento St.,,0-2,3,0,25,21,25,21,25,9,,,,
2025-08-30,6387882,final,TRUE,Loyola Maryland,,1-2,IU Indy,,3-0,0,3,19,25,24,26,16,25,,,,
2025-08-30,6388300,final,TRUE,Alabama St.,,0-2,Fresno St.,,2-0,0,3,18,25,22,25,22,25,,,,
2025-08-30,6388653,final,FALSE,Marist,,0-3,Buffalo,,1-1,1,3,19,25,25,22,22,25,19,25,,
2025-08-30,6388886,final,FALSE,Houston,,2-0,Duke,,1-1,3,0,25,19,25,13,26,24,,,,
2025-08-30,6388898,final,FALSE,Canisius,,1-2,Youngstown St.,,2-1,0,3,14,25,18,25,21,25,,,,
2025-08-30,6389241,final,TRUE,Coppin St.,,1-1,Bethune-Cookman,,1-1,0,3,22,25,19,25,17,25,,,,
2025-08-30,6389247,final,FALSE,Coppin St.,,1-2,N.C. A&T,,2-0,2,3,20,25,25,20,23,25,25,17,12,15
2025-08-30,6389328,final,FALSE,Drake,,1-2,Western Ky.,,2-1,3,2,11,25,26,24,18,25,25,21,15,10
2025-08-30,6389654,final,TRUE,Santa Clara,,0-2,Villanova,,1-0,0,3,19,25,24,26,16,25,,,,
2025-08-30,6389873,final,TRUE,USC Upstate,,2-1,Northwestern St.,,1-2,3,0,25,15,25,20,25,23,,,,
2025-08-30,6389891,final,FALSE,Gardner-Webb,,1-2,UNC Greensboro,,3-0,1,3,27,25,12,25,12,25,22,25,,
2025-08-30,6390064,final,FALSE,South Dakota St.,,1-1,UNI,,1-1,1,3,25,23,16,25,18,25,18,25,,
2025-08-30,6390150,final,TRUE,Wake Forest,,0-2,Michigan,,1-0,1,3,25,19,27,29,22,25,20,25,,
2025-08-30,6390311,final,FALSE,Southern Utah,,0-3,Weber St.,,3-0,0,3,8,25,16,25,14,25,,,,
2025-08-30,6390370,final,TRUE,Southern Ill.,,2-1,McNeese,,2-1,2,3,16,25,19,25,25,11,25,12,9,15
2025-08-30,6390381,final,TRUE,UIC,,0-2,Ga. Southern,,2-0,2,3,15,25,25,19,25,23,20,25,8,15
2025-08-30,6390471,final,TRUE,ULM,,2-1,Louisiana Tech,,1-2,3,2,18,25,25,27,25,22,25,20,15,12
2025-08-30,6390559,final,FALSE,The Citadel,,0-3,Charleston So.,,2-1,1,3,22,25,25,23,20,25,23,25,,
2025-08-30,6390726,final,FALSE,Iowa St.,,2-0,Ohio,,1-1,3,0,25,18,25,23,25,13,,,,
2025-08-30,6390839,final,FALSE,Towson,,1-2,Old Dominion,,0-3,3,0,25,16,25,22,25,13,,,,
2025-08-30,6390909,final,TRUE,Baylor,,1-1,SMU,,2-0,2,3,24,26,28,26,25,22,21,25,13,15
2025-08-30,6391003,final,TRUE,Tulsa,,0-2,Colorado,,2-0,0,3,21,25,16,25,23,25,,,,
2025-08-30,6391211,final,FALSE,Norfolk St.,,0-3,UCF,,2-0,0,3,15,25,19,25,17,25,,,,
2025-08-30,6391393,final,TRUE,Oregon St.,,0-1,Stanford,,3-1,0,3,14,25,16,25,21,25,,,,
2025-08-30,6391461,final,TRUE,Wofford,,0-2,Arkansas St.,,1-1,0,3,23,25,12,25,15,25,,,,
2025-08-30,6391578,final,TRUE,Clemson,,2-0,ETSU,,0-3,3,0,25,13,25,23,25,20,,,,
2025-08-30,6391699,final,FALSE,Milwaukee,,0-2,Omaha,,2-0,0,3,13,25,22,25,21,25,,,,
2025-08-30,6391731,final,TRUE,Saint Mary's (CA),,1-1,Bowling Green,,2-1,1,3,16,25,21,25,25,22,25,27,,
2025-08-30,6392086,final,TRUE,Valparaiso,,2-1,Saint Louis,,2-1,3,0,25,18,25,21,25,14,,,,
2025-08-30,6392409,final,FALSE,Boise St.,,3-0,Utah Valley,,1-2,3,2,20,25,25,18,25,14,22,25,15,13
2025-08-30,6392838,final,TRUE,West Virginia,,3-0,Fairfield,,2-1,3,2,25,27,22,25,28,26,28,26,15,13
2025-08-30,6392911,final,TRUE,Duquesne,,3-0,Mercyhurst,,0-3,3,0,25,16,25,17,25,21,,,,
2025-08-30,6392980,final,TRUE,Delaware,,0-1,UMBC,,1-1,1,3,21,25,25,21,19,25,16,25,,
2025-08-30,6393073,final,FALSE,Western Caro.,,2-1,Fla. Atlantic,,2-1,0,3,27,29,18,25,21,25,,,,
2025-08-30,6393179,final,TRUE,Central Conn. St.,,0-2,Rhode Island,,2-0,0,3,22,25,23,25,21,25,,,,
2025-08-30,6393247,final,TRUE,Oakland,,0-2,DePaul,,1-1,2,3,25,20,25,17,22,25,16,25,11,15
2025-08-30,6393651,final,FALSE,Nicholls,,2-0,Alcorn,,0-1,3,0,25,14,25,18,25,19,,,,
2025-08-30,6393698,final,TRUE,Seattle U,,2-0,Jacksonville St.,,1-2,3,0,25,17,26,24,25,23,,,,
2025-08-30,6393716,final,FALSE,Tennessee St.,,0-3,Memphis,,3-0,0,3,15,25,14,25,18,25,,,,
2025-08-30,6393795,final,TRUE,North Ala.,,1-0,Grambling,,0-2,3,0,25,6,25,15,25,19,,,,
2025-08-30,6393809,final,TRUE,Southeast Mo. St.,,1-2,North Ala.,,2-0,1,3,24,26,25,23,22,25,18,25,,
2025-08-30,6394111,final,TRUE,Pepperdine,,1-1,UTEP,,2-0,0,3,21,25,24,26,23,25,,,,
2025-08-30,6394167,final,TRUE,Little Rock,,2-1,Providence,,1-2,3,2,25,23,15,25,25,16,24,26,16,14
2025-08-30,6394280,final,FALSE,App State,,2-0,Col. of Charleston,,0-2,3,2,18,25,22,25,25,23,25,21,15,7
2025-08-30,6394281,final,FALSE,Mercer,,0-3,Col. of Charleston,,1-2,1,3,16,25,25,20,21,25,16,25,,
2025-08-30,6394608,final,FALSE,Ohio St.,,0-2,Miami (FL),,1-1,0,3,18,25,16,25,21,25,,,,
2025-08-30,6394675,final,FALSE,Howard,,1-1,George Mason,,1-1,1,3,26,28,25,12,15,25,14,25,,
2025-08-30,6394774,final,FALSE,North Texas,,3-0,East Texas A&M,,0-3,3,0,25,13,25,19,25,13,,,,
2025-08-30,6395001,final,TRUE,San Francisco,,0-1,San Diego St.,,1-1,0,3,16,25,19,25,20,25,,,,
2025-08-30,6395394,final,FALSE,Georgetown,,0-2,American,,2-0,0,3,18,25,19,25,15,25,,,,
2025-08-30,6395438,final,FALSE,Marshall,,3-0,Radford,,1-2,3,1,25,13,25,20,16,25,25,15,,
2025-08-30,6395733,final,FALSE,UConn,,2-0,Binghamton,,0-2,3,2,23,25,25,18,25,11,23,25,15,9
2025-08-30,6395781,final,TRUE,UConn,,3-0,Fordham,,1-2,3,0,25,17,25,15,25,18,,,,
2025-08-30,6395817,final,FALSE,Kentucky,,1-0,Lipscomb,,0-2,3,0,25,12,25,20,25,23,,,,
2025-08-30,6396099,final,TRUE,Navy,,2-1,Montana,,0-3,3,1,25,19,25,23,19,25,25,18,,
2025-08-30,6396845,final,TRUE,SFA,,2-0,Texas St.,,0-1,3,1,21,25,25,16,25,17,25,14,,
2025-08-30,6396859,final,FALSE,Texas St.,,1-1,UTSA,,0-2,3,1,25,17,34,32,23,25,25,23,,
2025-08-30,6397514,final,TRUE,Marquette,,1-1,San Diego,,2-0,2,3,21,25,25,23,25,15,20,25,13,15
2025-08-30,6397516,final,FALSE,South Dakota,,1-1,Montana St.,,1-1,3,2,24,26,25,13,25,18,22,25,15,12
2025-08-30,6397556,final,FALSE,Northern Ky.,,1-2,Southern Ind.,,1-2,0,3,22,25,17,25,16,25,,,,
2025-08-30,6397562,final,TRUE,Evansville,,0-2,Middle Tenn.,,2-0,2,3,25,23,20,25,24,26,25,19,7,15
2025-08-30,6397595,final,TRUE,Chattanooga,,2-1,UC Riverside,,1-1,3,0,27,25,25,22,25,15,,,,
2025-08-30,6397605,final,TRUE,St. Thomas (MN),,0-2,Cal Poly,,1-1,0,3,17,25,22,25,21,25,,,,
2025-08-30,6397773,final,TRUE,UT Martin,,0-1,Seton Hall,,1-0,0,3,14,25,21,25,22,25,,,,
2025-08-30,6398423,final,TRUE,North Carolina,,1-0,Maryland,,0-2,3,1,21,25,25,17,25,17,25,17,,
2025-08-30,6398742,final,TRUE,Kansas City,,0-3,Eastern Mich.,,2-1,2,3,25,19,25,23,16,25,18,25,7,15
2025-08-30,6398791,final,TRUE,Northeastern,,2-0,Holy Cross,,0-2,3,0,25,17,25,17,25,22,,,,
2025-08-30,6398817,final,TRUE,Northeastern,,2-1,New Hampshire,,3-0,2,3,11,25,25,17,25,19,22,25,10,15
2025-08-30,6400095,final,TRUE,Southern Miss.,,1-1,NIU,,2-1,1,3,25,23,20,25,28,30,23,25,,
2025-08-30,6400141,final,FALSE,Southern Miss.,,2-1,Stetson,,1-2,3,0,25,15,25,17,25,17,,,,
2025-08-30,6400156,final,TRUE,Iowa,,2-0,Utah Tech,,1-1,3,2,25,18,14,25,25,15,22,25,15,11
2025-08-30,6400300,final,FALSE,Middle Tenn.,,2-1,Butler,,3-0,0,3,24,26,8,25,22,25,,,,
2025-08-30,6400356,final,FALSE,A&M-Corpus Christi,,0-2,Arizona,,2-0,0,3,18,25,19,25,13,25,,,,
2025-08-30,6400627,final,FALSE,UC Santa Barbara,,2-0,San Jose St.,,0-2,3,0,25,17,25,19,30,28,,,,
2025-08-30,6401168,final,TRUE,UNC Asheville,,0-3,Jacksonville,,2-1,0,3,17,25,20,25,21,25,,,,
2025-08-30,6401214,final,FALSE,Bethune-Cookman,,2-1,Elon,,0-2,3,2,25,23,25,21,22,25,13,25,15,10
2025-08-30,6401676,final,TRUE,California Baptist,,1-1,Idaho St.,,0-2,3,2,25,20,17,25,25,17,7,25,15,12
2025-08-30,6401727,final,FALSE,Pacific,,1-1,CSUN,,2-0,1,3,25,18,16,25,23,25,22,25,,
2025-08-30,6402153,final,FALSE,Lehigh,,2-1,Binghamton,,0-3,3,0,25,22,25,17,26,24,,,,
2025-08-30,6402285,final,TRUE,Eastern Ill.,,1-0,Bucknell,,0-3,3,2,19,25,25,18,23,25,25,20,15,7
2025-08-30,6402918,final,TRUE,FDU,,1-2,Central Mich.,,1-2,3,1,21,25,25,16,25,17,25,19,,
2025-08-30,6403204,final,FALSE,High Point,,1-2,BYU,,3-0,0,3,17,25,13,25,25,27,,,,
2025-08-30,6403719,final,FALSE,Seton Hall,,1-1,Belmont,,1-1,1,3,25,18,22,25,21,25,24,26,,
2025-08-30,6403756,final,TRUE,Akron,,1-2,Army West Point,,1-1,0,3,20,25,28,30,22,25,,,,
2025-08-30,6403891,final,TRUE,Virginia Tech,,2-1,Lindenwood,,3-0,2,3,25,17,25,18,19,25,31,33,7,15
2025-08-30,6404456,final,TRUE,Florida A&M,,1-2,UMES,,1-1,2,3,19,25,22,25,25,15,25,18,12,15
2025-08-30,6404457,final,FALSE,UMES,,2-1,Hampton,,0-3,3,1,25,22,24,26,25,16,25,17,,
2025-08-30,6405402,final,TRUE,Washington St.,,1-1,Dayton,,2-1,1,3,25,23,24,26,17,25,16,25,,
2025-08-30,6405436,final,FALSE,Temple,,0-2,North Dakota St.,,2-0,0,3,20,25,21,25,17,25,,,,
2025-08-30,6405912,final,FALSE,Merrimack,,1-1,Michigan St.,,1-0,0,3,20,25,12,25,16,25,,,,
2025-08-30,6406083,final,FALSE,Colgate,,1-1,Northern Colo.,,1-1,3,0,25,17,25,19,25,17,,,,
2025-08-30,6406151,final,FALSE,Charlotte,,0-2,Winthrop,,2-0,2,3,21,25,25,19,24,26,25,22,10,15
2025-08-30,6406171,final,TRUE,Chicago St.,,0-1,Merrimack,,1-0,0,3,18,25,14,25,22,25,,,,
2025-08-30,6406539,final,TRUE,Western Ill.,,0-2,UT Arlington,,3-0,2,3,17,25,15,25,25,23,25,23,11,15
2025-08-30,6407334,final,TRUE,Oral Roberts,,0-3,Cal St. Fullerton,,2-1,1,3,20,25,25,20,21,25,20,25,,
2025-08-30,6407336,final,FALSE,Delaware St.,,3-0,Alabama A&M,,2-1,3,0,26,24,25,16,25,19,,,,
2025-08-30,6407497,final,TRUE,LIU,,0-2,Gonzaga,,2-0,0,3,19,25,22,25,10,25,,,,
2025-08-30,6407696,final,FALSE,Siena,,0-2,Stony Brook,,2-0,2,3,14,25,27,25,14,25,25,13,10,15
2025-08-30,6408779,final,FALSE,New Mexico St.,,2-1,UC San Diego,,1-1,3,1,25,21,25,16,15,25,25,15,,
2025-08-30,6408924,final,FALSE,Saint Francis,,1-2,Toledo,,2-0,1,3,17,25,25,21,19,25,13,25,,
2025-08-30,6408930,final,TRUE,App State,,3-0,Eastern Ky.,,2-1,3,2,19,25,25,21,15,25,25,18,16,14
2025-08-30,6409056,final,FALSE,Jackson St.,,0-3,Southeastern La.,,3-0,2,3,19,25,25,22,25,17,26,28,12,15
2025-08-30,6409558,final,TRUE,Xavier,,3-0,Murray St.,,1-2,3,1,25,17,28,30,25,11,25,10,,
2025-08-30,6409672,final,TRUE,Presbyterian,,1-2,West Ga.,,0-3,3,1,25,18,20,25,25,12,25,22,,
2025-08-30,6409928,final,FALSE,Green Bay,,0-2,NC State,,3-0,2,3,25,19,23,25,25,20,15,25,13,15
2025-08-30,6410019,final,FALSE,James Madison,,0-2,FGCU,,1-1,1,3,19,25,11,25,25,16,20,25,,
2025-08-30,6410070,final,TRUE,Southern U.,,2-1,Morgan St.,,1-2,3,2,16,25,18,25,25,21,25,21,15,13
2025-08-30,6410373,final,FALSE,Tulane,,1-2,Sam Houston,,1-2,3,2,25,19,25,17,22,25,21,25,17,15
2025-08-30,6410439,final,FALSE,Florida St.,,2-0,North Florida,,0-2,3,0,25,23,25,22,25,17,,,,
2025-08-30,6410940,final,FALSE,Portland St.,,0-3,Air Force,,2-0,1,3,14,25,25,23,23,25,23,25,,
2025-08-30,6411153,final,TRUE,Bryant,,0-2,FIU,,1-1,0,3,13,25,19,25,14,25,,,,
2025-08-30,6411209,final,FALSE,Cleveland St.,,0-2,Wyoming,,2-0,0,3,20,25,17,25,12,25,,,,
2025-08-30,6411923,final,FALSE,Campbell,,1-2,South Carolina,,2-0,0,3,22,25,20,25,16,25,,,,
2025-08-30,6412064,final,TRUE,William & Mary,,1-1,Davidson,,1-1,1,3,22,25,25,17,18,25,20,25,,
2025-08-30,6412108,final,TRUE,UIW,,2-1,Missouri St.,,0-3,3,1,21,25,25,19,25,18,26,24,,
2025-08-30,6412306,final,TRUE,Kennesaw St.,,1-1,Arkansas,,1-0,1,3,19,25,17,25,25,23,19,25,,
2025-08-30,6412821,final,FALSE,Rider,,1-1,Syracuse,,2-0,1,3,22,25,23,25,25,23,21,25,,
2025-08-30,6413651,final,FALSE,Illinois St.,,2-0,Western Mich.,,1-1,3,0,26,24,25,19,26,24,,,,
2025-08-30,6413976,final,TRUE,Nevada,,1-2,UC Irvine,,2-1,2,3,8,25,25,11,25,20,18,25,7,15
2025-08-30,6414157,final,FALSE,Lamar University,,1-2,Stetson,,1-1,3,2,25,18,18,25,12,25,25,21,15,7
2025-08-30,6414277,final,FALSE,Mississippi Val.,,1-1,Tougaloo,,,3,0,25,19,25,23,25,13,,,,
2025-08-30,6414717,final,TRUE,ETSU,,0-2,Campbell,,1-1,0,3,17,25,19,25,11,25,,,,
2025-08-30,6414796,final,TRUE,Morehead St.,,1-1,Auburn,,1-1,0,3,21,25,18,25,17,25,,,,
2025-08-30,6415247,final,FALSE,Utah St.,,1-1,Hawaii,,0-2,3,0,25,19,25,19,25,23,,,,
2025-08-30,6415324,final,FALSE,South Alabama,,0-2,LSU,,1-1,0,3,21,25,21,25,15,25,,,,
2025-08-30,6417043,final,FALSE,Tennessee Tech,,2-1,Austin Peay,,0-3,3,2,23,25,25,21,22,25,25,16,15,12
2025-08-30,6417245,final,FALSE,N.C. Central,,1-2,UNCW,,0-3,3,1,21,25,25,19,25,18,25,17,,
2025-08-30,6417667,final,TRUE,Virginia,,2-0,George Washington,,0-2,3,1,18,25,25,21,25,23,25,21,,
2025-08-30,6417870,final,TRUE,Robert Morris,,0-1,Saint Francis,,1-1,1,3,25,22,19,25,17,25,19,25,,
2025-08-30,6417871,final,TRUE,UAlbany,,2-1,Robert Morris,,0-2,3,0,25,14,25,22,25,17,,,,
2025-08-30,6418101,final,FALSE,Saint Peter's,,0-2,New Hampshire,,2-0,2,3,10,25,25,23,25,21,15,25,9,15
2025-08-30,6418132,final,TRUE,Texas Southern,,0-2,New Orleans,,1-1,0,3,19,25,30,32,12,25,,,,
2025-08-30,6418149,final,TRUE,Saint Peter's,,1-2,Holy Cross,,0-3,3,2,25,18,20,25,25,22,22,25,17,15
2025-08-30,6418261,final,FALSE,UTRGV,,0-2,Grand Canyon,,2-0,0,3,21,25,15,25,15,25,,,,
2025-08-30,6418448,final,FALSE,Washington,,1-1,Colorado St.,,1-1,3,2,20,25,25,23,26,24,14,25,15,11
2025-08-30,6419919,final,TRUE,Miami (OH),,3-0,Indiana St.,,1-2,3,0,25,21,25,15,25,16,,,,
2025-08-30,6420454,final,TRUE,Purdue Fort Wayne,,0-3,Evansville,,1-2,2,3,22,25,28,30,25,23,25,19,7,15
2025-08-30,6420487,final,FALSE,Oklahoma,,3-0,Abilene Christian,,1-2,3,0,25,15,25,16,25,20,,,,
2025-08-30,6421685,final,TRUE,Stonehill,,0-3,NJIT,,1-2,1,3,21,25,19,25,25,23,21,25,,
2025-08-30,6422066,final,FALSE,CSU Bakersfield,,0-2,UNLV,,1-1,0,3,16,25,20,25,19,25,,,,
2025-08-30,6422390,final,FALSE,Ole Miss,,1-1,Georgia Tech,,2-0,1,3,27,25,19,25,17,25,26,28,,
2025-08-30,6422502,final,FALSE,UAB,,1-2,Alabama,,3-0,0,3,12,25,13,25,20,25,,,,
2025-08-30,6423531,final,TRUE,Eastern Wash.,,0-3,Northwestern,,2-0,0,3,11,25,13,25,18,25,,,,
2025-08-30,6423604,final,TRUE,South Carolina St.,,1-2,Ark.-Pine Bluff,,0-3,3,1,25,17,21,25,25,15,25,15,,
2025-08-30,6423689,final,FALSE,Portland,,3-0,Idaho,,1-2,3,0,25,18,25,22,25,22,,,,
2025-08-30,6423927,final,FALSE,Ball St.,,1-1,Minnesota,,2-1,0,3,16,25,18,25,15,25,,,,
2025-08-30,6424092,final,FALSE,Lafayette,,0-3,Utah,,2-0,0,3,17,25,16,25,14,25,,,,
2025-08-30,6424138,final,TRUE,Kent St.,,0-3,Texas Tech,,2-1,1,3,23,25,22,25,25,23,22,25,,
2025-08-30,6424882,final,FALSE,Houston Christian,,0-3,New Mexico,,3-0,0,3,18,25,24,26,18,25,,,,
2025-08-30,6424972,final,FALSE,East Carolina,,3-0,Hampton,,0-2,3,0,25,19,25,12,25,8,,,,
2025-08-30,6425130,final,TRUE,Lehigh,,1-1,Fordham,,1-1,3,0,27,25,25,20,25,10,,,,
2025-08-30,6426144,final,TRUE,Oregon,,2-0,Prairie View,,0-2,3,1,25,14,25,18,20,25,25,16,,
2025-08-30,6426857,final,FALSE,SIUE,,0-3,Bellarmine,,2-1,1,3,21,25,15,25,25,21,25,27,,
2025-08-30,6426971,final,FALSE,Niagara,,0-2,Le Moyne,,1-1,2,3,25,21,26,24,17,25,19,25,11,15
2025-08-30,6426984,final,TRUE,Rutgers,,1-1,Liberty,,3-0,2,3,30,28,25,15,18,25,16,25,12,15
2025-08-30,6427094,final,FALSE,Denver,,1-1,LMU (CA),,0-1,3,2,21,25,13,25,28,26,25,23,15,11
2025-08-30,6427100,final,TRUE,Texas A&M,,3-0,Central Ark.,,0-1,3,2,25,13,21,25,22,25,25,16,15,7
2025-08-30,6427180,final,FALSE,UIW,,1-1,Abilene Christian,,1-1,3,2,27,25,22,25,19,25,25,18,15,12
2025-08-30,6427271,final,TRUE,Manhattan,,1-2,Northern Ariz.,,2-1,0,3,13,25,8,25,18,25,,,,
2025-08-30,6427294,final,FALSE,Grambling,,0-3,Mississippi St.,,2-0,0,3,15,25,14,25,19,25,,,,
2025-08-30,6427694,final,TRUE,Sacred Heart,,0-3,Queens (NC),,2-1,0,3,21,25,20,25,22,25,,,,
2025-08-30,6427987,final,FALSE,Missouri,,2-0,FGCU,,0-1,3,0,25,19,25,17,25,15,,,,
2025-08-30,6429679,final,TRUE,Loyola Chicago,,1-2,Wright St.,,2-1,2,3,20,25,25,10,25,22,22,25,21,23
2025-08-31,6386702,final,FALSE,New Orleans,,1-2,Louisiana,,3-0,2,3,19,25,26,24,21,25,25,19,12,15
2025-08-31,6387416,final,TRUE,Illinois,,1-1,Vanderbilt,,1-2,3,1,20,25,25,17,25,23,25,15,,
2025-08-31,6387852,final,TRUE,UC Davis,,1-2,UTEP,,3-0,1,3,25,23,18,25,22,25,24,26,,
2025-08-31,6388310,final,TRUE,A&M-Corpus Christi,,1-2,Alabama St.,,0-3,3,0,25,9,25,20,25,19,,,,
2025-08-31,6388657,final,FALSE,Rutgers,,1-2,Buffalo,,2-1,2,3,18,25,20,25,25,20,25,20,14,16
2025-08-31,6388888,final,TRUE,Houston,,3-0,Bryant,,0-3,3,0,25,12,25,21,25,18,,,,
2025-08-31,6391007,final,TRUE,Tulsa,,1-2,Cleveland St.,,0-3,3,0,25,14,25,12,25,14,,,,
2025-08-31,6391214,final,FALSE,UC Riverside,,1-2,UCF,,3-0,0,3,17,25,17,25,19,25,,,,
2025-08-31,6391398,final,FALSE,Oregon St.,,0-2,Long Beach St.,,1-1,0,3,17,25,22,25,16,25,,,,
2025-08-31,6391469,final,TRUE,Wofford,,0-3,Ole Miss,,2-1,0,3,21,25,14,25,17,25,,,,
2025-08-31,6391580,final,FALSE,Clemson,,3-0,South Carolina,,2-1,3,2,14,25,25,22,25,17,23,25,15,11
2025-08-31,6391593,final,TRUE,Kansas,,1-3,Creighton,,1-2,2,3,17,25,21,25,25,21,27,25,12,15
2025-08-31,6391962,final,FALSE,Arkansas St.,,1-2,Georgia Tech,,3-0,1,3,27,25,22,25,21,25,22,25,,
2025-08-31,6392906,final,TRUE,TCU,,0-1,Pittsburgh,,1-2,1,3,23,25,25,22,15,25,21,25,,
2025-08-31,6393183,final,FALSE,Rhode Island,,2-1,Stony Brook,,3-0,1,3,25,23,18,25,17,25,17,25,,
2025-08-31,6393255,final,TRUE,Oakland,,0-3,Illinois St.,,3-0,0,3,19,25,20,25,24,26,,,,
2025-08-31,6393821,final,FALSE,North Ala.,,2-1,Mississippi St.,,3-0,0,3,23,25,12,25,16,25,,,,
2025-08-31,6394133,final,FALSE,Pepperdine,,2-1,Sacramento St.,,0-3,3,2,21,25,16,25,25,12,25,14,15,12
2025-08-31,6394676,final,FALSE,Virginia,,3-0,Howard,,1-2,3,0,25,18,25,17,26,24,,,,
2025-08-31,6395002,final,FALSE,San Francisco,,0-2,California,,2-0,0,3,27,29,16,25,16,25,,,,
2025-08-31,6395402,final,FALSE,George Washington,,0-3,American,,3-0,1,3,27,29,25,22,14,25,22,25,,
2025-08-31,6395874,final,TRUE,Nebraska,,4-0,Kentucky,,1-1,3,2,24,26,20,25,25,19,25,23,15,8
2025-08-31,6397532,final,TRUE,Utah St.,,1-2,Marquette,,2-1,2,3,14,25,25,23,23,25,25,23,18,20
2025-08-31,6397621,final,FALSE,St. Thomas (MN),,0-3,Minnesota,,3-1,1,3,22,25,20,25,25,23,18,25,,
2025-08-31,6397639,final,TRUE,Prairie View,,0-3,South Dakota,,2-1,0,3,23,25,19,25,19,25,,,,
2025-08-31,6397864,final,FALSE,UT Martin,,0-2,Belmont,,2-1,0,3,16,25,17,25,15,25,,,,
2025-08-31,6398498,final,FALSE,North Carolina,,2-0,Coastal Carolina,,1-1,3,1,23,25,25,18,25,16,25,17,,
2025-08-31,6399837,final,FALSE,Villanova,,2-0,Notre Dame,,1-1,3,2,25,27,25,16,20,25,26,24,15,10
2025-08-31,6400169,final,FALSE,Utah Tech,,2-1,UNLV,,1-2,3,0,25,23,27,25,25,14,,,,
2025-08-31,6400367,final,FALSE,Fresno St.,,2-1,Arizona,,3-0,0,3,20,25,16,25,20,25,,,,
2025-08-31,6401451,final,FALSE,Texas,,2-0,Wisconsin,,1-1,3,0,29,27,25,20,25,14,,,,
2025-08-31,6401693,final,FALSE,California Baptist,,1-2,CSUN,,3-0,1,3,15,25,25,18,20,25,16,25,,
2025-08-31,6401741,final,TRUE,Pacific,,2-1,Idaho St.,,0-3,3,2,27,25,25,21,23,25,18,25,15,9
2025-08-31,6402246,final,TRUE,Cal Poly,,2-1,Ball St.,,1-2,3,2,26,28,23,25,27,25,26,24,15,11
2025-08-31,6402272,final,FALSE,Eastern Ill.,,2-0,Ohio,,1-2,3,0,25,21,25,20,25,22,,,,
2025-08-31,6402452,final,FALSE,Seton Hall,,1-2,Lipscomb,,1-2,1,3,25,20,21,25,26,28,19,25,,
2025-08-31,6402617,final,FALSE,Colorado,,3-0,Wyoming,,2-1,3,0,25,20,25,13,25,22,,,,
2025-08-31,6402973,final,TRUE,Arizona St.,,2-0,Penn St.,,2-1,3,1,21,25,25,23,25,20,31,29,,
2025-08-31,6403050,final,FALSE,Delaware,,0-2,Kansas St.,,2-0,0,3,13,25,17,25,20,25,,,,
2025-08-31,6403765,final,TRUE,Army West Point,,2-1,Green Bay,,0-3,3,2,25,18,25,20,24,26,22,25,15,12
2025-08-31,6403982,final,FALSE,UIC,,0-3,North Florida,,1-2,2,3,25,10,21,25,25,20,23,25,17,19
2025-08-31,6405163,final,TRUE,Auburn,,2-1,St. John's (NY),,0-2,3,1,21,25,25,17,25,13,25,21,,
2025-08-31,6405445,final,FALSE,Temple,,1-2,North Dakota,,0-2,3,0,25,13,25,21,25,21,,,,
2025-08-31,6405563,final,FALSE,Michigan,,2-0,Cincinnati,,1-1,3,1,25,27,25,17,25,17,25,20,,
2025-08-31,6406093,final,TRUE,Washington,,1-2,Colgate,,2-1,2,3,22,25,15,25,25,19,25,17,10,15
2025-08-31,6406310,final,FALSE,Norfolk St.,,0-4,Florida,,2-1,0,3,18,25,13,25,12,25,,,,
2025-08-31,6407537,final,FALSE,Gonzaga,,2-1,Grand Canyon,,3-0,0,3,21,25,15,25,24,26,,,,
2025-08-31,6408780,final,FALSE,Northwestern,,3-0,UC San Diego,,1-2,3,1,25,21,25,21,22,25,25,15,,
2025-08-31,6408925,final,FALSE,Robert Morris,,0-3,Toledo,,3-0,0,3,17,25,18,25,19,25,,,,
2025-08-31,6410028,final,FALSE,James Madison,,0-3,FGCU,,2-1,2,3,17,25,27,25,23,25,26,24,11,15
2025-08-31,6410859,final,FALSE,Davidson,,2-1,Charlotte,,0-3,3,0,25,23,30,28,25,22,,,,
2025-08-31,6410967,final,FALSE,Hofstra,,1-0,Binghamton,,0-4,3,0,25,15,25,13,25,16,,,,
2025-08-31,6411169,final,FALSE,FIU,,2-1,Duke,,1-2,3,1,25,22,25,16,20,25,25,20,,
2025-08-31,6412311,final,FALSE,Arkansas,,1-1,Wichita St.,,1-1,2,3,18,25,25,13,19,25,25,21,6,15
2025-08-31,6412826,final,FALSE,Le Moyne,,1-2,Syracuse,,3-0,0,3,9,25,18,25,8,25,,,,
2025-08-31,6413675,final,FALSE,DePaul,,2-1,Western Mich.,,1-2,3,1,25,17,20,25,25,22,25,20,,
2025-08-31,6415256,final,FALSE,San Diego,,3-0,Hawaii,,0-3,3,0,25,21,25,17,25,16,,,,
2025-08-31,6415307,final,FALSE,Saint Mary's (CA),,1-2,North Dakota St.,,3-0,2,3,19,25,26,24,18,25,25,17,12,15
2025-08-31,6415325,final,FALSE,Baylor,,2-1,LSU,,1-2,3,1,25,20,23,25,25,20,25,23,,
2025-08-31,6416882,final,FALSE,Georgetown,,0-3,George Mason,,2-1,1,3,25,22,21,25,21,25,26,28,,
2025-08-31,6417118,final,FALSE,Seattle U,,2-1,Air Force,,3-0,0,3,12,25,17,25,11,25,,,,
2025-08-31,6418042,final,TRUE,Siena,,1-2,Central Conn. St.,,0-3,3,0,25,16,25,13,25,23,,,,
2025-08-31,6418457,final,FALSE,Washington St.,,1-2,Utah,,3-0,0,3,22,25,23,25,22,25,,,,
2025-08-31,6422618,final,FALSE,Chicago St.,,0-2,Michigan St.,,2-0,0,3,11,25,16,25,18,25,,,,
2025-08-31,6423182,final,TRUE,Tennessee,,1-1,Purdue,,2-0,1,3,17,25,19,25,25,21,20,25,,
2025-08-31,6423414,final,FALSE,Central Ark.,,0-2,Rice,,1-1,0,3,25,27,20,25,14,25,,,,
2025-08-31,6425641,final,FALSE,Morehead St.,,1-2,Louisville,,2-0,0,3,13,25,13,25,17,25,,,,
2025-08-31,6425944,final,FALSE,Oregon,,3-0,Montana St.,,1-2,3,0,25,23,25,14,25,23,,,,
2025-08-31,6426430,final,FALSE,Southern California,,2-0,LMU (CA),,0-2,3,1,23,25,25,14,25,13,25,18,,
2025-08-31,6427008,final,TRUE,UTRGV,,1-2,LIU,,0-3,3,2,25,15,25,21,23,25,22,25,15,7
2025-08-31,6428033,final,TRUE,Tarleton St.,,2-1,Texas Southern,,0-3,3,2,22,25,22,25,25,16,25,19,15,6
2025-08-31,6428877,final,TRUE,CSU Bakersfield,,0-3,Iowa,,3-0,0,3,12,25,20,25,20,25,,,,
2025-08-31,6438016,final,FALSE,Troy,,0-2,Samford,,1-1,2,3,22,25,25,20,25,21,23,25,9,15
2025-09-01,6392916,final,TRUE,TCU,,1-1,Penn St.,,2-2,3,2,25,19,25,15,20,25,19,25,15,12
2025-09-01,6402981,final,TRUE,Arizona St.,,2-1,Pittsburgh,,2-2,0,3,21,25,18,25,16,25,,,,
2025-09-01,6405170,final,FALSE,St. John's (NY),,0-3,Louisville,,3-0,0,3,13,25,15,25,19,25,,,,
2025-09-01,6411406,final,FALSE,UCLA,,1-0,Long Beach St.,,1-2,3,2,18,25,25,18,25,24,21,25,15,8
2025-09-02,6390390,final,FALSE,The Citadel,,0-4,Ga. Southern,,3-0,0,3,11,25,11,25,16,25,,,,
2025-09-02,6390472,final,FALSE,Louisiana Tech,,2-2,Alcorn,,0-2,3,0,25,10,25,16,25,16,,,,
2025-09-02,6393829,final,FALSE,North Ala.,,2-2,Alabama A&M,,3-1,1,3,18,25,25,18,15,25,23,25,,
2025-09-02,6394112,final,FALSE,UCLA,,1-1,Pepperdine,,3-1,1,3,23,25,25,14,17,25,21,25,,
2025-09-02,6395584,final,FALSE,UMES,,2-2,American,,4-0,0,3,15,25,17,25,23,25,,,,
2025-09-02,6397097,final,FALSE,Florida,,3-1,South Fla.,,0-3,3,1,25,18,17,25,25,20,26,24,,
2025-09-02,6407331,final,FALSE,Eastern Mich.,,2-2,Michigan,,3-0,0,3,12,25,19,25,20,25,,,,
2025-09-02,6408208,final,FALSE,Elon,,0-3,App State,,4-0,0,3,22,25,23,25,20,25,,,,
2025-09-02,6408649,final,FALSE,Colorado St.,,1-2,Northern Colo.,,2-1,2,3,25,23,19,25,20,25,25,21,12,15
2025-09-02,6410446,final,FALSE,North Florida,,1-3,Fla. Atlantic,,3-1,0,3,24,26,18,25,13,25,,,,
2025-09-02,6414161,final,FALSE,Prairie View,,0-4,Lamar University,,2-2,0,3,16,25,18,25,21,25,,,,
2025-09-02,6416362,final,FALSE,Gardner-Webb,,1-3,N.C. Central,,2-2,0,3,23,25,25,27,17,25,,,,
2025-09-02,6418155,final,FALSE,Saint Peter's,,2-2,NJIT,,1-3,3,1,25,20,30,32,25,13,25,19,,
2025-09-02,6423828,final,FALSE,Manhattan,,1-3,Seattle Pacific,,0-0,0,3,20,25,22,25,21,25,,,,
2025-09-02,6427410,final,FALSE,Kennesaw St.,,2-1,Mercer,,0-4,3,1,25,15,25,18,19,25,25,16,,
2025-09-02,6428573,final,FALSE,Nicholls,,3-0,Grambling,,0-4,3,0,25,21,25,15,25,23,,,,
2025-09-03,6389893,final,FALSE,Queens (NC),,3-1,USC Upstate,,2-2,3,1,19,25,26,24,34,32,25,18,,
2025-09-03,6390300,final,FALSE,Northwestern St.,,1-3,Abilene Christian,,2-2,0,3,9,25,20,25,15,25,,,,
2025-09-03,6391596,final,TRUE,Kansas,,2-3,Bowling Green,,2-2,3,1,25,18,25,20,25,27,25,14,,
2025-09-03,6392678,final,FALSE,New Haven,,0-1,New Hampshire,,4-0,1,3,25,23,17,25,23,25,17,25,,
2025-09-03,6393310,final,TRUE,San Jose St.,,0-3,Utah Valley,,2-2,0,3,23,25,23,25,19,25,,,,
2025-09-03,6396592,final,FALSE,Ohio St.,,1-2,Miami (OH),,3-1,3,2,15,25,27,25,25,27,27,25,15,3
2025-09-03,6399853,scheduled,FALSE,Villanova,,2-0,Binghamton,,0-4,,,,,,,,,,,,
2025-09-03,6401581,final,FALSE,Texas,,3-0,Rice,,1-2,3,1,23,25,25,14,25,14,25,16,,
2025-09-03,6403348,final,FALSE,NC State,,3-1,Kansas St.,,3-0,0,3,19,25,18,25,21,25,,,,
2025-09-03,6411924,final,FALSE,South Carolina,,3-1,Coastal Carolina,,1-2,3,2,25,17,22,25,25,13,20,25,18,16
2025-09-03,6414428,final,FALSE,Akron,,2-2,Cleveland St.,,0-4,3,1,25,20,25,17,23,25,25,17,,
2025-09-03,6414799,final,FALSE,Troy,,0-3,Auburn,,3-1,0,3,12,25,19,25,17,25,,,,
2025-09-03,6422351,final,FALSE,Michigan St.,,3-0,Evansville,,1-3,3,1,26,24,25,16,23,25,25,16,,
2025-09-03,6422391,final,FALSE,Georgia Tech,,4-0,Purdue,,2-1,3,1,25,21,25,22,20,25,25,17,,
2025-09-03,6423696,final,FALSE,Portland,,3-1,Oregon,,4-0,0,3,21,25,20,25,23,25,,,,
2025-09-03,6424142,final,TRUE,Texas Tech,,3-1,Duke,,1-3,3,1,14,25,25,10,25,17,28,26,,
2025-09-04,6386709,final,FALSE,Louisiana,,3-1,SFA,,3-0,1,3,25,23,19,25,17,25,22,25,,
2025-09-04,6387153,final,FALSE,Alabama St.,,0-4,Georgia,,3-0,0,3,13,25,17,25,17,25,,,,
2025-09-04,6387157,final,FALSE,Texas Tech,,3-2,Georgia,,4-0,1,3,26,28,17,25,25,22,19,25,,
2025-09-04,6387300,final,FALSE,Southeast Mo. St.,,1-3,Indiana,,3-0,0,3,19,25,18,25,18,25,,,,
2025-09-04,6387728,final,FALSE,Memphis,,3-1,Denver,,2-1,2,3,13,25,17,25,25,22,25,18,7,15
2025-09-04,6387853,final,FALSE,UC Davis,,1-3,Wisconsin,,2-1,0,3,23,25,24,26,15,25,,,,
2025-09-04,6387884,final,FALSE,IU Indy,,3-1,Xavier,,4-0,1,3,26,24,21,25,18,25,17,25,,
2025-09-04,6388316,final,TRUE,Duke,,2-3,Alabama St.,,0-5,3,1,23,25,26,24,25,21,25,20,,
2025-09-04,6388559,final,FALSE,Butler,,3-1,Iowa,,4-0,0,3,17,25,14,25,21,25,,,,
2025-09-04,6388893,final,FALSE,San Diego St.,,1-2,Houston,,4-0,2,3,25,21,15,25,25,21,20,25,11,15
2025-09-04,6389274,final,TRUE,Liberty,,4-0,Coppin St.,,1-3,3,2,25,22,22,25,25,22,22,25,15,13
2025-09-04,6389658,final,FALSE,California Baptist,,1-3,Santa Clara,,1-2,1,3,23,25,25,15,24,26,13,25,,
2025-09-04,6390086,final,TRUE,UNI,,2-1,Stony Brook,,3-1,3,0,25,14,25,18,25,12,,,,
2025-09-04,6390924,final,FALSE,Washington,,1-3,SMU,,3-0,1,3,25,23,22,25,22,25,19,25,,
2025-09-04,6391012,final,TRUE,Cal Poly,,2-2,Tulsa,,2-2,0,3,15,25,20,25,21,25,,,,
2025-09-04,6391422,final,TRUE,Arizona,,4-0,Oregon St.,,0-3,3,1,23,25,25,23,25,20,27,25,,
2025-09-04,6391442,final,FALSE,N.C. A&T,,2-1,Clemson,,4-0,0,3,22,25,19,25,22,25,,,,
2025-09-04,6391475,final,FALSE,Wofford,,0-4,Tennessee,,2-1,1,3,25,22,13,25,16,25,11,25,,
2025-09-04,6391598,final,TRUE,Kansas,,3-3,Georgia Tech,,4-1,3,1,25,17,25,18,22,25,25,14,,
2025-09-04,6391734,final,FALSE,Bowling Green,,2-3,Purdue,,3-1,2,3,21,25,25,22,16,25,28,26,9,15
2025-09-04,6391978,final,FALSE,Missouri,,2-1,Arkansas St.,,2-2,2,3,26,24,16,25,25,19,22,25,11,15
2025-09-04,6392090,final,TRUE,Valparaiso,,3-1,Purdue Fort Wayne,,0-4,3,0,25,20,25,18,25,16,,,,
2025-09-04,6392411,final,FALSE,UC San Diego,,1-3,Boise St.,,4-0,0,3,18,25,34,36,14,25,,,,
2025-09-04,6392866,final,FALSE,North Dakota,,0-3,West Virginia,,4-0,2,3,25,21,24,26,18,25,25,22,9,15
2025-09-04,6393319,final,TRUE,Utah Valley,,3-2,St. John's (NY),,0-4,3,0,25,23,25,14,29,27,,,,
2025-09-04,6393707,final,FALSE,Alcorn,,0-3,McNeese,,3-1,0,3,9,25,20,25,19,25,,,,
2025-09-04,6394206,final,FALSE,Weber St.,,3-1,Utah Tech,,3-1,0,3,16,25,20,25,15,25,,,,
2025-09-04,6394609,final,FALSE,Drake,,1-3,Miami (FL),,2-1,0,3,23,25,15,25,17,25,,,,
2025-09-04,6396437,final,FALSE,South Dakota,,2-2,UConn,,4-0,1,3,24,26,21,25,27,25,23,25,,
2025-09-04,6397573,final,FALSE,Michigan St.,,4-0,Southern Ind.,,1-3,3,0,25,16,25,18,25,13,,,,
2025-09-04,6400137,final,TRUE,Long Beach St.,,1-3,Portland St.,,1-3,0,3,23,25,24,26,20,25,,,,
2025-09-04,6402464,final,FALSE,Vanderbilt,,2-2,Lipscomb,,1-3,3,1,25,17,25,21,21,25,26,24,,
2025-09-04,6402634,final,TRUE,Colorado,,4-0,Fresno St.,,2-2,3,0,25,23,25,18,25,13,,,,
2025-09-04,6403203,final,TRUE,Idaho St.,,1-3,Texas Southern,,0-4,3,1,25,10,25,17,25,27,25,17,,
2025-09-04,6403209,final,FALSE,Northern Colo.,,2-2,BYU,,4-0,2,3,16,25,25,22,17,25,25,23,8,15
2025-09-04,6403896,final,FALSE,Lindenwood,,3-1,Missouri St.,,1-3,1,3,16,25,16,25,26,24,22,25,,
2025-09-04,6404458,final,TRUE,UMES,,2-3,Montana St.,,2-2,2,3,23,25,19,25,25,23,25,16,14,16
2025-09-04,6405587,final,TRUE,Ohio,,1-3,Cincinnati,,2-1,1,3,25,23,10,25,14,25,24,26,,
2025-09-04,6407341,final,FALSE,Purdue Fort Wayne,,0-5,Eastern Mich.,,3-2,0,3,12,25,20,25,14,25,,,,
2025-09-04,6407351,final,FALSE,Cal St. Fullerton,,2-2,Seattle U,,3-1,2,3,14,25,26,24,19,25,25,23,5,15
2025-09-04,6407564,final,FALSE,CSU Bakersfield,,0-4,Gonzaga,,3-1,1,3,22,25,25,23,24,26,22,25,,
2025-09-04,6409082,final,FALSE,Texas St.,,2-1,UTRGV,,1-3,3,1,20,25,25,20,25,17,25,20,,
2025-09-04,6409933,final,TRUE,Chicago St.,,0-3,Green Bay,,1-3,0,3,14,25,9,25,10,25,,,,
2025-09-04,6410251,final,FALSE,UC Riverside,,2-2,Southern Utah,,0-4,3,2,25,23,21,25,25,21,15,25,15,10
2025-09-04,6412829,final,FALSE,Syracuse,,4-0,UAlbany,,2-2,3,0,25,17,25,12,27,25,,,,
2025-09-04,6413793,final,TRUE,Northern Ky.,,2-2,Western Mich.,,1-3,3,1,19,25,25,22,25,21,25,16,,
2025-09-04,6413997,final,TRUE,Nevada,,1-3,NC State,,4-1,0,3,18,25,21,25,16,25,,,,
2025-09-04,6415257,final,FALSE,San Jose St.,,1-3,Hawaii,,0-4,3,2,25,23,26,24,19,25,13,25,15,13
2025-09-04,6415326,final,TRUE,Omaha,,2-1,LSU,,2-2,0,3,25,27,23,25,17,25,,,,
2025-09-04,6416667,final,TRUE,A&M-Corpus Christi,,1-3,UTEP,,4-0,0,3,18,25,20,25,19,25,,,,
2025-09-04,6417715,final,FALSE,VCU,,1-2,Virginia,,4-0,1,3,20,25,13,25,25,16,23,25,,
2025-09-04,6418447,final,TRUE,Eastern Wash.,,0-5,Colorado St.,,2-2,0,3,16,25,12,25,23,25,,,,
2025-09-04,6423099,final,TRUE,Winthrop,,2-1,Samford,,2-1,2,3,25,18,25,21,23,25,23,25,13,15
2025-09-04,6423860,final,TRUE,CSUN,,4-0,Eastern Wash.,,0-4,3,1,25,14,25,23,34,36,25,11,,
2025-09-04,6424096,final,FALSE,Texas A&M,,4-0,Utah,,3-1,3,0,25,19,25,23,25,18,,,,
2025-09-04,6427025,final,TRUE,ULM,,2-2,UT Arlington,,4-0,1,3,21,25,13,25,25,23,21,25,,
2025-09-04,6427171,final,TRUE,Manhattan,,1-4,Idaho,,2-2,1,3,25,22,23,25,18,25,18,25,,
2025-09-04,6427197,final,FALSE,Northwestern,,3-1,Baylor,,3-1,2,3,18,25,25,23,25,19,18,25,12,15
2025-09-04,6427720,final,TRUE,Loyola Chicago,,2-2,Illinois St.,,3-1,3,2,20,25,22,25,28,26,25,22,15,9
2025-09-04,6428034,final,FALSE,New Mexico,,4-0,Tarleton St.,,2-2,3,2,25,21,25,17,13,25,18,25,15,12
2025-09-05,6386715,final,TRUE,Louisiana,,4-1,Sam Houston,,2-3,3,1,25,12,25,15,25,27,25,21,,
2025-09-05,6386841,final,TRUE,NJIT,,1-4,Iona,,3-1,2,3,24,26,30,28,23,25,25,21,8,15
2025-09-05,6386843,final,FALSE,Iona,,3-2,Seton Hall,,2-2,0,3,23,25,16,25,22,25,,,,
2025-09-05,6387161,final,FALSE,Duke,,2-4,Georgia,,5-0,0,3,28,30,21,25,23,25,,,,
2025-09-05,6387295,final,FALSE,Illinois,,2-1,Notre Dame,,1-2,3,2,22,25,25,22,23,25,25,18,15,11
2025-09-05,6387303,final,FALSE,Northern Ky.,,2-3,Indiana,,4-0,0,3,14,25,20,25,16,25,,,,
2025-09-05,6387305,final,FALSE,Western Mich.,,1-5,Indiana,,5-0,0,3,14,25,14,25,17,25,,,,
2025-09-05,6387436,final,TRUE,Col. of Charleston,,1-3,Bradley,,3-1,2,3,25,23,23,25,22,25,25,21,5,15
2025-09-05,6387441,final,TRUE,Bradley,,3-2,Charlotte,,1-3,1,3,25,19,18,25,18,25,13,25,,
2025-09-05,6387540,final,TRUE,Furman,,2-2,East Carolina,,4-0,1,3,22,25,27,25,19,25,17,25,,
2025-09-05,6387547,final,TRUE,West Ga.,,0-5,Furman,,3-2,0,3,16,25,20,25,22,25,,,,
2025-09-05,6387725,final,FALSE,Texas Southern,,0-5,Denver,,3-1,0,3,10,25,14,25,13,25,,,,
2025-09-05,6387854,final,TRUE,UC Davis,,2-3,Green Bay,,1-4,3,1,25,20,25,23,11,25,25,15,,
2025-09-05,6387886,final,TRUE,Eastern Ky.,,3-1,IU Indy,,3-2,3,0,25,20,25,14,25,12,,,,
2025-09-05,6388323,final,TRUE,Alabama St.,,0-6,Texas Tech,,4-2,1,3,25,23,14,25,22,25,17,25,,
2025-09-05,6388564,final,FALSE,Illinois St.,,3-2,Iowa,,5-0,0,3,19,25,17,25,25,27,,,,
2025-09-05,6388662,final,TRUE,Dayton,,3-2,Buffalo,,2-2,3,0,25,16,25,16,25,19,,,,
2025-09-05,6388901,final,FALSE,Omaha,,2-2,Houston,,5-0,0,3,25,27,22,25,20,25,,,,
2025-09-05,6388911,final,TRUE,Youngstown St.,,2-2,Lafayette,,1-3,2,3,21,25,20,25,25,20,25,20,9,15
2025-09-05,6389279,final,TRUE,Coppin St.,,2-3,North Dakota,,0-4,3,0,25,17,25,17,25,16,,,,
2025-09-05,6389351,final,TRUE,Western Ky.,,3-1,Dayton,,2-2,3,0,25,16,25,23,25,22,,,,
2025-09-05,6389352,final,FALSE,Western Ky.,,3-2,Marquette,,3-1,0,3,22,25,18,25,19,25,,,,
2025-09-05,6389661,final,FALSE,Long Beach St.,,2-3,Santa Clara,,1-3,3,1,22,25,25,19,25,18,25,22,,
2025-09-05,6389897,final,TRUE,UNC Greensboro,,4-0,Norfolk St.,,0-5,3,0,25,11,25,11,25,22,,,,
2025-09-05,6389913,final,FALSE,USC Upstate,,2-3,UAB,,2-2,0,3,12,25,18,25,14,25,,,,
2025-09-05,6389927,final,TRUE,USC Upstate,,3-3,North Ala.,,3-3,3,1,18,25,25,20,25,23,25,23,,
2025-09-05,6390089,final,FALSE,UNI,,2-2,SMU,,4-0,0,3,19,25,16,25,13,25,,,,
2025-09-05,6390154,final,TRUE,Wake Forest,,1-2,George Mason,,2-2,3,1,20,25,25,23,25,18,25,22,,
2025-09-05,6390392,final,FALSE,UNCW,,0-4,Ga. Southern,,4-0,0,3,17,25,13,25,16,25,,,,
2025-09-05,6390473,final,TRUE,Southern U.,,2-2,Louisiana Tech,,3-2,0,3,22,25,19,25,17,25,,,,
2025-09-05,6390479,final,TRUE,Princeton,,1-0,Lehigh,,2-2,3,2,25,23,21,25,19,25,25,12,15,13
2025-09-05,6390730,final,TRUE,Iowa St.,,3-0,Central Mich.,,1-3,3,0,25,11,25,18,25,14,,,,
2025-09-05,6390734,final,FALSE,Iowa St.,,4-0,Milwaukee,,0-3,3,0,25,18,25,14,25,20,,,,
2025-09-05,6390746,final,TRUE,Northwestern St.,,1-4,New Mexico,,5-0,0,3,20,25,13,25,15,25,,,,
2025-09-05,6390751,final,TRUE,Prairie View,,1-4,Northwestern St.,,1-5,3,1,29,27,25,18,24,26,25,17,,
2025-09-05,6390758,final,TRUE,Bryant,,0-4,Brown,,1-0,0,3,12,25,27,29,21,25,,,,
2025-09-05,6390984,final,TRUE,William & Mary,,2-1,Old Dominion,,0-4,3,1,25,15,14,25,25,20,25,19,,
2025-09-05,6390995,final,TRUE,Old Dominion,,0-5,Maryland,,1-2,0,3,23,25,16,25,23,25,,,,
2025-09-05,6391028,final,TRUE,Tulsa,,3-2,Oklahoma,,3-1,3,1,15,25,25,20,25,16,25,23,,
2025-09-05,6391231,final,TRUE,UCF,,4-0,Stetson,,1-3,3,0,25,9,25,15,25,11,,,,
2025-09-05,6391428,final,TRUE,UC San Diego,,1-4,Oregon St.,,1-3,0,3,11,25,17,25,22,25,,,,
2025-09-05,6391446,final,FALSE,N.C. A&T,,2-2,Clemson,,5-0,1,3,16,25,13,25,26,24,18,25,,
2025-09-05,6391484,final,TRUE,Winthrop,,2-2,Wofford,,1-4,0,3,20,25,17,25,18,25,,,,
2025-09-05,6391601,final,FALSE,Kansas,,3-4,Purdue,,4-1,2,3,16,25,25,19,18,25,25,21,11,15
2025-09-05,6391739,final,TRUE,Georgia Tech,,5-1,Bowling Green,,2-4,3,2,19,25,22,25,25,22,25,17,15,9
2025-09-05,6391986,final,FALSE,Missouri,,3-1,Arkansas St.,,2-3,3,2,25,19,21,25,25,18,21,25,15,12
2025-09-05,6392094,final,TRUE,Valparaiso,,4-1,Niagara,,0-3,3,1,26,24,25,21,20,25,25,15,,
2025-09-05,6392096,final,FALSE,Valparaiso,,4-2,Eastern Mich.,,4-2,1,3,21,25,25,22,23,25,20,25,,
2025-09-05,6392413,final,FALSE,Arizona,,5-0,Boise St.,,4-1,3,2,21,25,22,25,25,13,25,19,21,19
2025-09-05,6392868,final,FALSE,Liberty,,4-1,West Virginia,,5-0,1,3,23,25,25,18,23,25,21,25,,
2025-09-05,6392913,final,FALSE,Jacksonville,,3-1,Mercyhurst,,0-4,3,0,25,11,25,17,25,20,,,,
2025-09-05,6392914,final,FALSE,Holy Cross,,0-4,Mercyhurst,,1-4,0,3,14,25,23,25,15,25,,,,
2025-09-05,6392921,final,FALSE,UCLA,,1-2,TCU,,2-1,0,3,21,25,22,25,23,25,,,,
2025-09-05,6392977,final,FALSE,William & Mary,,3-1,UMBC,,1-2,3,1,21,25,25,23,25,23,25,19,,
2025-09-05,6393081,final,TRUE,Col. of Charleston,,2-3,Western Caro.,,2-2,3,0,25,12,25,22,25,23,,,,
2025-09-05,6393188,final,FALSE,Rhode Island,,2-2,Providence,,2-2,0,3,11,25,19,25,19,25,,,,
2025-09-05,6393258,final,FALSE,Oakland,,0-4,Montana,,1-3,0,3,18,25,17,25,17,25,,,,
2025-09-05,6393276,final,TRUE,Oakland,,0-5,North Dakota St.,,4-0,1,3,23,25,25,15,15,25,19,25,,
2025-09-05,6393338,final,FALSE,Utah Valley,,3-3,Hawaii,,1-4,0,3,25,27,20,25,17,25,,,,
2025-09-05,6393709,final,TRUE,Jacksonville St.,,1-3,Cincinnati,,3-1,1,3,22,25,18,25,25,23,13,25,,
2025-09-05,6393722,final,TRUE,Memphis,,3-2,Idaho St.,,2-3,0,3,18,25,19,25,20,25,,,,
2025-09-05,6393723,final,TRUE,Alcorn,,0-4,ULM,,3-2,0,3,25,27,20,25,15,25,,,,
2025-09-05,6393834,final,TRUE,Tennessee Tech,,2-2,North Ala.,,3-2,1,3,20,25,18,25,25,18,22,25,,
2025-09-05,6394113,final,FALSE,Pepperdine,,3-2,Pittsburgh,,3-2,0,3,17,25,15,25,18,25,,,,
2025-09-05,6394169,final,TRUE,Southeastern La.,,4-0,Little Rock,,2-2,3,1,25,21,25,21,25,27,25,15,,
2025-09-05,6394171,final,FALSE,Little Rock,,2-3,Central Ark.,,1-2,2,3,15,25,25,23,15,25,25,23,11,15
2025-09-05,6394207,final,TRUE,Weber St.,,4-1,Charleston So.,,2-2,3,2,25,21,22,25,25,15,25,27,15,12
2025-09-05,6394610,final,FALSE,North Texas,,3-2,Miami (FL),,3-1,0,3,18,25,14,25,18,25,,,,
2025-09-05,6394677,final,TRUE,Howard,,2-2,Harvard,,0-1,3,0,25,18,25,20,25,22,,,,
2025-09-05,6394775,final,FALSE,East Texas A&M,,0-4,Grand Canyon,,4-0,0,3,11,25,13,25,19,25,,,,
2025-09-05,6395003,final,FALSE,Portland St.,,1-4,San Francisco,,1-2,2,3,29,31,32,30,19,25,25,23,12,15
2025-09-05,6395476,final,TRUE,UIC,,1-3,Radford,,1-3,3,0,25,19,25,22,25,23,,,,
2025-09-05,6395496,final,TRUE,Radford,,1-4,Toledo,,5-0,0,3,16,25,16,25,14,25,,,,
2025-09-05,6395631,final,TRUE,ETSU,,1-3,American,,4-1,3,0,25,15,25,19,25,23,,,,
2025-09-05,6395649,final,FALSE,American,,5-1,Cleveland St.,,0-5,3,0,25,11,27,25,25,18,,,,
2025-09-05,6395911,final,FALSE,Kentucky,,2-1,Penn St.,,2-3,3,0,25,21,25,16,25,23,,,,
2025-09-05,6396248,final,FALSE,Air Force,,4-0,Navy,,2-2,3,1,28,26,23,25,25,22,25,17,,
2025-09-05,6396598,final,FALSE,Ball St.,,2-3,UConn,,5-0,1,3,19,25,24,26,25,22,20,25,,
2025-09-05,6397628,final,FALSE,Ohio,,2-3,Chattanooga,,2-2,3,1,25,21,21,25,25,22,25,14,,
2025-09-05,6397643,final,FALSE,Alabama,,4-0,Chattanooga,,2-3,3,0,25,19,25,17,25,11,,,,
2025-09-05,6397655,final,FALSE,St. Thomas (MN),,1-3,Houston Christian,,0-4,3,0,25,18,25,20,25,13,,,,
2025-09-05,6397669,final,TRUE,South Dakota,,3-2,Colgate,,2-3,3,1,25,20,25,27,25,16,25,21,,
2025-09-05,6397687,final,TRUE,North Texas,,3-1,Drake,,2-3,0,3,18,25,22,25,19,25,,,,
2025-09-05,6397753,final,TRUE,Bethune-Cookman,,2-3,St. Thomas (MN),,2-3,1,3,25,27,25,19,10,25,22,25,,
2025-09-05,6397806,final,TRUE,Eastern Ill.,,3-0,Kansas City,,0-4,3,0,25,15,25,17,25,20,,,,
2025-09-05,6397824,final,FALSE,Kansas City,,0-5,Southern Ill.,,3-2,0,3,14,25,22,25,19,25,,,,
2025-09-05,6397931,final,TRUE,Mississippi St.,,4-0,UT Martin,,0-3,3,0,25,15,25,11,25,15,,,,
2025-09-05,6398059,final,FALSE,Abilene Christian,,2-4,SFA,,4-0,2,3,26,24,13,25,25,21,18,25,12,15
2025-09-05,6398146,final,FALSE,Charleston So.,,2-3,Utah Tech,,4-1,0,3,21,25,17,25,21,25,,,,
2025-09-05,6398179,final,FALSE,Florida St.,,2-1,South Fla.,,1-3,2,3,22,25,17,25,25,20,27,25,12,15
2025-09-05,6398534,final,FALSE,Bucknell,,0-4,North Carolina,,3-0,1,3,11,25,25,15,20,25,15,25,,
2025-09-05,6398839,final,TRUE,Northeastern,,2-2,Fordham,,2-2,1,3,19,25,24,26,25,21,24,26,,
2025-09-05,6398872,final,TRUE,Northeastern,,3-2,Columbia,,0-2,3,1,25,20,18,25,29,27,25,14,,
2025-09-05,6399082,final,FALSE,Minnesota,,4-1,Vanderbilt,,2-3,3,0,25,23,25,20,25,21,,,,
2025-09-05,6399862,final,FALSE,Yale,,0-1,Villanova,,3-0,2,3,26,28,22,25,25,20,25,17,9,15
2025-09-05,6400301,final,TRUE,Southern Miss.,,3-1,Bethune-Cookman,,2-2,3,1,25,20,17,25,25,17,25,16,,
2025-09-05,6400313,final,FALSE,Southern Miss.,,4-1,Houston Christian,,0-5,3,0,25,18,25,14,25,18,,,,
2025-09-05,6400437,final,FALSE,Marist,,0-4,Middle Tenn.,,3-1,0,3,18,25,18,25,15,25,,,,
2025-09-05,6400721,final,FALSE,UC Santa Barbara,,2-1,Southern California,,3-0,2,3,21,25,25,21,25,20,19,25,13,15
2025-09-05,6400767,final,FALSE,New Haven,,1-1,Columbia,,0-1,3,1,27,25,25,16,17,25,25,15,,
2025-09-05,6401722,final,TRUE,UNLV,,2-2,California Baptist,,1-4,3,0,25,15,25,13,25,23,,,,
2025-09-05,6401765,final,TRUE,Mercer,,0-5,Pacific,,3-1,2,3,25,19,25,21,21,25,21,25,12,15
2025-09-05,6402173,final,TRUE,Rider,,1-2,Binghamton,,1-4,0,3,23,25,16,25,17,25,,,,
2025-09-05,6402245,final,TRUE,New Mexico St.,,3-2,Eastern Ill.,,4-0,0,3,23,25,23,25,20,25,,,,
2025-09-05,6402250,final,FALSE,Cal Poly,,3-2,Arkansas,,1-2,3,0,25,14,25,19,25,21,,,,
2025-09-05,6402707,final,TRUE,Penn,,0-1,Colorado,,5-0,0,3,15,25,14,25,17,25,,,,
2025-09-05,6403001,final,FALSE,FGCU,,2-2,Arizona St.,,3-1,1,3,23,25,25,21,23,25,13,25,,
2025-09-05,6403059,final,TRUE,Central Mich.,,1-4,South Alabama,,1-2,1,3,16,25,25,14,18,25,22,25,,
2025-09-05,6403088,final,FALSE,Nevada,,1-4,Kansas St.,,4-0,0,3,19,25,15,25,13,25,,,,
2025-09-05,6403217,final,FALSE,Wichita St.,,2-2,BYU,,5-0,1,3,19,25,17,25,25,21,11,25,,
2025-09-05,6403533,final,FALSE,Loyola Maryland,,1-3,Duquesne,,4-0,1,3,27,25,22,25,16,25,17,25,,
2025-09-05,6403542,final,FALSE,Loyola Maryland,,2-3,Robert Morris,,1-4,3,2,17,25,15,25,25,11,25,19,16,14
2025-09-05,6403771,final,FALSE,Hofstra,,2-0,Army West Point,,2-2,3,2,25,23,18,25,19,25,25,19,15,5
2025-09-05,6403914,final,TRUE,DePaul,,2-3,Lindenwood,,4-1,2,3,19,25,25,18,23,25,25,23,14,16
2025-09-05,6404459,final,FALSE,UMES,,2-4,Gonzaga,,4-1,0,3,18,25,14,25,13,25,,,,
2025-09-05,6405099,final,FALSE,Austin Peay,,0-4,Saint Louis,,3-1,0,3,23,25,17,25,21,25,,,,
2025-09-05,6405193,final,FALSE,Murray St.,,2-3,Saint Louis,,4-1,0,3,19,25,16,25,12,25,,,,
2025-09-05,6405194,final,TRUE,St. John's (NY),,0-5,San Jose St.,,2-3,2,3,25,22,25,11,21,25,15,25,4,15
2025-09-05,6405474,final,FALSE,Temple,,2-2,George Washington,,1-4,3,1,21,25,25,19,25,22,25,16,,
2025-09-05,6406044,final,TRUE,UTSA,,1-2,DePaul,,2-2,3,2,23,25,22,25,25,19,25,21,23,21
2025-09-05,6406053,final,FALSE,UTSA,,1-3,Missouri St.,,2-3,1,3,26,28,25,17,18,25,13,25,,
2025-09-05,6406105,final,TRUE,Colgate,,2-2,Ball St.,,2-2,2,3,25,19,25,15,16,25,19,25,5,15
2025-09-05,6406180,final,FALSE,Merrimack,,1-2,NIU,,3-1,0,3,17,25,16,25,22,25,,,,
2025-09-05,6406607,final,TRUE,Western Ill.,,0-4,Murray St.,,2-2,2,3,25,20,20,25,25,19,24,26,12,15
2025-09-05,6406619,final,FALSE,Cornell,,0-1,UAlbany,,3-2,1,3,21,25,25,19,20,25,23,25,,
2025-09-05,6406641,final,TRUE,Austin Peay,,0-5,Western Ill.,,1-4,0,3,22,25,15,25,20,25,,,,
2025-09-05,6407377,final,TRUE,Manhattan,,1-5,Cal St. Fullerton,,3-2,0,3,11,25,17,25,15,25,,,,
2025-09-05,6407705,final,TRUE,Stony Brook,,3-2,Washington,,2-3,0,3,12,25,6,25,17,25,,,,
2025-09-05,6407923,final,TRUE,Creighton,,2-2,San Diego,,3-1,3,1,25,15,25,18,21,25,25,15,,
2025-09-05,6408211,final,FALSE,Elon,,0-4,Davidson,,3-1,0,3,22,25,22,25,13,25,,,,
2025-09-05,6408350,final,TRUE,Virginia Tech,,3-1,Hampton,,0-4,3,0,25,12,25,10,25,7,,,,
2025-09-05,6408358,final,FALSE,Virginia Tech,,4-1,Delaware,,0-3,3,0,25,22,25,9,25,23,,,,
2025-09-05,6408447,final,FALSE,UIC,,1-4,Morehead St.,,2-3,2,3,15,25,19,25,25,14,26,24,10,15
2025-09-05,6408652,final,TRUE,Northern Colo.,,2-3,UIW,,3-2,2,3,21,25,25,27,25,13,25,18,11,15
2025-09-05,6408926,final,FALSE,Toledo,,4-0,Morehead St.,,1-3,3,0,25,22,25,14,25,23,,,,
2025-09-05,6409080,final,TRUE,Texas St.,,3-1,A&M-Corpus Christi,,1-4,3,0,25,18,25,19,25,23,,,,
2025-09-05,6409568,final,FALSE,Miami (OH),,3-2,Xavier,,5-0,2,3,19,25,26,24,25,19,22,25,11,15
2025-09-05,6409675,final,FALSE,West Ga.,,0-4,UNC Asheville,,1-3,0,3,14,25,21,25,24,26,,,,
2025-09-05,6409785,final,TRUE,High Point,,1-3,Fairfield,,3-1,2,3,25,19,23,25,25,21,25,27,13,15
2025-09-05,6410035,final,FALSE,Bellarmine,,2-2,James Madison,,1-3,0,3,25,27,18,25,20,25,,,,
2025-09-05,6410257,final,TRUE,UC Riverside,,2-3,Sacramento St.,,1-3,2,3,25,21,11,25,25,19,21,25,6,15
2025-09-05,6410305,final,FALSE,Sacramento St.,,2-3,Southern Utah,,0-5,3,0,25,17,25,17,25,20,,,,
2025-09-05,6410380,final,TRUE,Sam Houston,,2-2,Abilene Christian,,2-3,3,2,25,21,23,25,25,27,25,22,15,9
2025-09-05,6410447,final,FALSE,Presbyterian,,1-3,North Florida,,2-3,1,3,17,25,25,20,23,25,16,25,,
2025-09-05,6411174,final,FALSE,Stetson,,1-4,FIU,,3-1,1,3,23,25,23,25,25,17,19,25,,
2025-09-05,6412832,final,TRUE,Canisius,,1-3,Syracuse,,5-0,0,3,22,25,21,25,7,25,,,,
2025-09-05,6413811,final,TRUE,Western Mich.,,1-4,Southeast Mo. St.,,2-3,2,3,17,25,18,25,25,23,25,16,13,15
2025-09-05,6414166,final,FALSE,Lamar University,,2-3,Tulane,,2-2,2,3,16,25,25,23,25,22,15,25,9,15
2025-09-05,6414278,final,FALSE,Mississippi Val.,,1-2,Dillard,,,0,3,22,25,14,25,15,25,,,,
2025-09-05,6414431,final,FALSE,ETSU,,1-4,Akron,,3-2,1,3,20,25,18,25,25,23,19,25,,
2025-09-05,6414802,final,FALSE,Jackson St.,,0-4,Auburn,,4-1,0,3,18,25,21,25,14,25,,,,
2025-09-05,6415308,final,TRUE,Saint Mary's (CA),,1-3,Northwestern,,4-1,0,3,21,25,14,25,14,25,,,,
2025-09-05,6415309,final,FALSE,Saint Mary's (CA),,1-4,Baylor,,4-1,0,3,10,25,11,25,17,25,,,,
2025-09-05,6415327,final,TRUE,San Diego St.,,1-3,LSU,,3-2,2,3,19,25,25,22,25,20,23,25,12,15
2025-09-05,6416167,final,TRUE,Fordham,,3-2,New Haven,,1-2,3,0,25,11,25,20,25,19,,,,
2025-09-05,6416344,final,FALSE,UTEP,,5-0,UTRGV,,1-4,3,0,25,15,25,22,25,12,,,,
2025-09-05,6416368,final,FALSE,Gardner-Webb,,1-4,Campbell,,2-2,2,3,34,32,14,25,25,27,25,22,13,15
2025-09-05,6416890,final,FALSE,N.C. Central,,2-4,Georgetown,,1-3,2,3,23,25,25,23,7,25,25,19,9,15
2025-09-05,6417061,final,TRUE,Marshall,,3-1,Fla. Atlantic,,4-1,0,3,24,26,15,25,20,25,,,,
2025-09-05,6417094,final,FALSE,Tennessee Tech,,2-3,UAB,,3-2,0,3,19,25,20,25,20,25,,,,
2025-09-05,6417113,final,FALSE,UT Arlington,,5-0,McNeese,,3-2,3,2,25,23,25,13,19,25,20,25,15,6
2025-09-05,6417437,final,TRUE,Southeast Mo. St.,,3-3,Northern Ky.,,2-4,3,2,21,25,25,21,20,25,25,21,19,17
2025-09-05,6417528,final,FALSE,Fla. Atlantic,,4-2,Michigan,,4-0,0,3,22,25,23,25,20,25,,,,
2025-09-05,6417887,final,FALSE,FDU,,1-3,Robert Morris,,1-3,2,3,15,25,25,15,26,24,20,25,7,15
2025-09-05,6418059,final,FALSE,Siena,,1-3,Saint Francis,,2-2,2,3,25,18,23,25,16,25,25,22,7,15
2025-09-05,6418146,final,TRUE,New Orleans,,1-3,Kent St.,,1-3,1,3,24,18,22,25,16,25,20,25,,
2025-09-05,6418389,final,FALSE,N.C. Central,,2-3,George Washington,,1-3,0,3,22,25,17,25,14,25,,,,
2025-09-05,6418451,final,TRUE,Colorado St.,,3-2,CSUN,,4-1,3,2,25,13,25,21,23,25,22,25,15,8
2025-09-05,6418469,final,TRUE,Washington St.,,2-2,Northern Ariz.,,2-2,3,1,25,18,28,26,22,25,29,27,,
2025-09-05,6420076,final,FALSE,Quinnipiac,,1-3,Morgan St.,,2-2,1,3,25,21,15,25,21,25,21,25,,
2025-09-05,6420083,final,FALSE,Quinnipiac,,1-4,Towson,,3-2,1,3,18,25,21,25,25,14,15,25,,
2025-09-05,6420464,final,TRUE,Purdue Fort Wayne,,1-5,Niagara,,0-4,3,1,25,19,20,25,25,21,25,16,,
2025-09-05,6420644,final,TRUE,VCU,,1-3,App State,,5-0,2,3,25,27,25,21,25,23,23,25,6,15
2025-09-05,6420871,final,FALSE,Idaho,,2-3,Seattle U,,4-1,2,3,24,26,25,18,25,21,23,25,13,15
2025-09-05,6421136,final,FALSE,New Mexico St.,,3-1,Southern Ill.,,2-2,3,2,25,23,18,25,25,23,21,25,15,11
2025-09-05,6421215,final,TRUE,Coastal Carolina,,2-2,Delaware St.,,3-1,3,0,25,18,25,15,25,14,,,,
2025-09-05,6421424,final,FALSE,Indiana St.,,1-4,NIU,,4-1,2,3,15,25,25,23,18,25,25,14,11,15
2025-09-05,6421432,final,TRUE,SIUE,,1-3,Indiana St.,,1-3,3,1,25,17,23,25,25,21,25,20,,
2025-09-05,6421683,final,TRUE,Central Conn. St.,,0-4,NJIT,,2-4,2,3,26,24,25,27,17,25,25,23,11,15
2025-09-05,6422016,final,TRUE,UIW,,2-2,Wichita St.,,2-1,1,3,27,25,14,25,19,25,20,25,,
2025-09-05,6422169,final,FALSE,FDU,,1-4,Duquesne,,5-0,1,3,16,25,19,25,25,22,13,25,,
2025-09-05,6422360,final,TRUE,Evansville,,2-3,Florida A&M,,1-3,3,2,25,21,20,25,23,25,25,23,15,13
2025-09-05,6422367,final,TRUE,Queens (NC),,4-2,Evansville,,3-3,1,3,25,18,21,25,21,25,20,25,,
2025-09-05,6422622,final,FALSE,Chicago St.,,0-4,Wisconsin,,3-1,0,3,8,25,13,25,11,25,,,,
2025-09-05,6422649,final,FALSE,Ole Miss,,2-2,South Dakota St.,,2-1,0,3,20,25,18,25,20,25,,,,
2025-09-05,6422735,final,FALSE,Ark.-Pine Bluff,,0-4,Belmont,,3-1,0,3,12,25,15,25,12,25,,,,
2025-09-05,6422739,final,FALSE,Nicholls,,4-1,Belmont,,4-1,0,3,12,25,13,25,10,25,,,,
2025-09-05,6422925,final,FALSE,Fresno St.,,2-3,UC Irvine,,3-1,0,3,22,25,24,26,15,25,,,,
2025-09-05,6423005,final,TRUE,Nicholls,,4-0,Tennessee St.,,0-4,3,0,29,27,25,11,25,16,,,,
2025-09-05,6423115,final,FALSE,Winthrop,,2-3,Tennessee,,4-1,0,3,19,25,21,25,13,25,,,,
2025-09-05,6423605,final,TRUE,Ark.-Pine Bluff,,0-5,Tennessee St.,,1-4,1,3,15,25,17,25,26,24,16,25,,
2025-09-05,6423624,final,TRUE,Dartmouth,,0-1,Rutgers,,2-2,0,3,10,25,12,25,15,25,,,,
2025-09-05,6423705,final,FALSE,Eastern Wash.,,0-6,Portland,,4-1,0,3,15,25,21,25,23,25,,,,
2025-09-05,6424937,final,FALSE,East Carolina,,5-0,UNC Asheville,,1-4,3,1,25,22,22,25,25,16,25,19,,
2025-09-05,6425991,final,TRUE,Montana St.,,3-2,CSU Bakersfield,,0-5,3,2,22,25,24,26,25,23,25,20,15,8
2025-09-05,6427131,final,FALSE,Texas A&M,,5-0,Utah St.,,1-3,3,1,23,25,25,21,25,14,25,19,,
2025-09-05,6427705,final,FALSE,LIU,,0-4,Sacred Heart,,1-3,2,3,15,25,16,25,25,16,25,17,10,15
2025-09-05,6428019,final,FALSE,Stonehill,,0-5,Morgan St.,,3-2,1,3,23,25,19,25,25,23,21,25,,
2025-09-05,6428035,final,FALSE,Prairie View,,2-4,Tarleton St.,,2-3,3,2,22,25,25,18,17,25,25,23,15,10
2025-09-05,6428233,final,FALSE,Samford,,2-2,Tennessee,,3-1,0,3,13,25,14,25,13,25,,,,
2025-09-05,6429543,final,FALSE,Wright St.,,2-2,Nebraska,,5-0,0,3,16,25,16,25,20,25,,,,
2025-09-05,6429680,final,TRUE,Butler,,4-1,Loyola Chicago,,2-3,3,0,26,24,25,22,25,16,,,,
2025-09-05,6429737,final,FALSE,Stonehill,,0-4,Towson,,2-2,0,3,14,25,17,25,11,25,,,,
2025-09-05,6429740,final,FALSE,Florida A&M,,1-4,Georgia St.,,4-1,0,3,18,25,16,25,16,25,,,,
2025-09-05,6438991,final,FALSE,Queens (NC),,4-1,Georgia St.,,3-1,3,1,25,18,18,25,25,23,25,14,,
2025-09-06,6386722,final,TRUE,Abilene Christian,,2-5,Louisiana,,5-1,1,3,19,25,22,25,25,19,15,25,,
2025-09-06,6386845,final,TRUE,Iona,,4-2,Central Conn. St.,,0-5,3,0,25,23,25,17,25,14,,,,
2025-09-06,6387438,final,TRUE,Bradley,,3-3,Western Caro.,,3-2,2,3,25,16,25,20,23,25,25,27,11,15
2025-09-06,6387552,final,FALSE,Furman,,4-2,UNC Asheville,,1-5,3,1,25,15,25,20,19,25,25,18,,
2025-09-06,6387731,final,FALSE,Idaho St.,,2-4,Denver,,4-1,0,3,16,25,17,25,19,25,,,,
2025-09-06,6387887,final,TRUE,IU Indy,,4-2,Miami (OH),,3-4,3,2,26,28,25,20,25,17,16,25,15,13
2025-09-06,6388567,final,FALSE,Loyola Chicago,,2-4,Iowa,,6-0,0,3,23,25,23,25,18,25,,,,
2025-09-06,6388667,scheduled,TRUE,Western Ky.,,3-2,Buffalo,,2-2,,,,,,,,,,,,
2025-09-06,6388912,final,FALSE,LSU,,4-2,Houston,,5-1,3,0,25,18,25,23,26,24,,,,
2025-09-06,6388917,final,FALSE,Youngstown St.,,3-2,Saint Francis,,2-3,3,0,25,20,25,22,25,22,,,,
2025-09-06,6388928,final,TRUE,Youngstown St.,,4-2,Siena,,2-4,3,2,25,19,24,26,20,25,25,10,15,9
2025-09-06,6389281,final,FALSE,Coppin St.,,2-4,West Virginia,,6-0,0,3,15,25,14,25,14,25,,,,
2025-09-06,6389663,final,FALSE,UNLV,,3-2,Santa Clara,,1-4,3,2,25,20,21,25,25,15,21,25,15,9
2025-09-06,6389902,final,TRUE,Gardner-Webb,,2-4,UNC Greensboro,,4-1,3,0,26,24,25,21,25,21,,,,
2025-09-06,6389909,final,FALSE,UNC Greensboro,,4-2,Campbell,,4-2,1,3,22,25,25,20,24,26,23,25,,
2025-09-06,6389938,final,TRUE,USC Upstate,,4-3,Tennessee Tech,,2-4,3,1,22,25,25,15,28,26,25,18,,
2025-09-06,6390093,final,TRUE,Washington,,3-3,UNI,,2-3,3,0,25,21,26,24,25,22,,,,
2025-09-06,6390157,final,TRUE,Air Force,,5-0,Wake Forest,,1-3,3,0,25,18,25,21,25,20,,,,
2025-09-06,6390395,final,FALSE,Pacific,,3-2,Ga. Southern,,5-0,0,3,21,25,24,26,22,25,,,,
2025-09-06,6390474,final,FALSE,Louisiana Tech,,3-3,Tulane,,3-2,0,3,19,25,19,25,19,25,,,,
2025-09-06,6390482,final,TRUE,Bellarmine,,2-3,Princeton,,2-0,2,3,25,22,25,15,15,25,18,25,23,25
2025-09-06,6390486,final,FALSE,Princeton,,2-1,James Madison,,2-3,1,3,24,26,17,25,25,21,17,25,,
2025-09-06,6390741,final,TRUE,South Alabama,,1-3,Iowa St.,,5-0,0,3,16,25,19,25,15,25,,,,
2025-09-06,6390752,final,FALSE,Northwestern St.,,1-6,Tarleton St.,,3-3,0,3,17,25,16,25,15,25,,,,
2025-09-06,6390761,final,FALSE,Brown,,1-1,Providence,,3-2,0,3,14,25,21,25,12,25,,,,
2025-09-06,6390764,final,TRUE,Rhode Island,,2-4,Brown,,2-1,0,3,19,25,19,25,24,26,,,,
2025-09-06,6390927,final,FALSE,Stony Brook,,3-3,SMU,,5-0,1,3,19,25,14,25,27,25,11,25,,
2025-09-06,6391001,final,FALSE,Old Dominion,,1-5,UMBC,,1-3,3,2,29,27,24,26,14,25,25,17,15,13
2025-09-06,6391031,final,FALSE,Tulsa,,4-2,Arkansas,,1-3,3,1,21,25,25,19,25,19,25,23,,
2025-09-06,6391238,final,TRUE,UCF,,4-1,Miami (FL),,4-1,0,3,24,26,23,25,25,27,,,,
2025-09-06,6391432,final,FALSE,Oregon St.,,2-3,Boise St.,,4-2,3,0,27,25,25,23,25,20,,,,
2025-09-06,6391702,final,FALSE,Central Mich.,,2-4,Milwaukee,,0-4,3,0,25,19,25,19,28,26,,,,
2025-09-06,6392917,final,FALSE,Saint Peter's,,3-2,Mercyhurst,,1-5,3,1,23,25,25,21,26,24,25,21,,
2025-09-06,6392919,final,FALSE,Holy Cross,,2-4,Mercyhurst,,1-6,3,2,22,25,25,17,25,21,18,25,15,12
2025-09-06,6392950,final,FALSE,UCLA,,1-3,TCU,,3-1,1,3,21,25,19,25,25,21,14,25,,
2025-09-06,6393157,final,TRUE,Charlotte,,3-3,Western Caro.,,3-3,3,0,26,24,27,25,25,21,,,,
2025-09-06,6393196,final,TRUE,Rhode Island,,2-3,Bryant,,1-4,1,3,12,25,13,25,25,22,13,25,,
2025-09-06,6393282,final,FALSE,Oakland,,0-6,Montana,,3-3,1,3,12,25,20,25,25,21,26,28,,
2025-09-06,6393711,final,TRUE,Ohio,,2-4,Jacksonville St.,,2-3,2,3,19,25,25,23,17,25,25,23,10,15
2025-09-06,6393712,final,TRUE,UT Arlington,,6-0,Alcorn,,0-5,3,0,25,16,25,20,25,13,,,,
2025-09-06,6393713,final,FALSE,Jacksonville St.,,3-3,Chattanooga,,2-4,3,0,25,19,24,17,25,22,,,,
2025-09-06,6393725,final,TRUE,Memphis,,4-2,Texas Southern,,0-6,3,0,25,19,25,13,25,15,,,,
2025-09-06,6393840,final,FALSE,North Ala.,,3-4,UAB,,4-2,2,3,22,25,23,25,25,20,25,23,12,15
2025-09-06,6394114,final,TRUE,Pepperdine,,3-3,Jacksonville,,4-1,0,3,22,25,26,28,21,25,,,,
2025-09-06,6394173,final,TRUE,Little Rock,,2-4,Boston College,,4-0,0,3,18,25,23,25,15,25,,,,
2025-09-06,6394208,final,TRUE,Weber St.,,5-1,UC Riverside,,2-4,3,1,25,8,25,20,20,25,25,10,,
2025-09-06,6394283,final,TRUE,Col. of Charleston,,2-4,Charlotte,,2-3,1,3,17,25,21,25,25,23,22,25,,
2025-09-06,6394678,final,TRUE,Howard,,3-2,Presbyterian,,1-4,3,1,26,24,25,19,24,26,25,15,,
2025-09-06,6394776,final,TRUE,East Texas A&M,,0-5,Northern Ariz.,,3-2,0,3,15,25,18,25,28,30,,,,
2025-09-06,6395004,final,FALSE,Long Beach St.,,3-3,San Francisco,,1-3,3,0,25,23,25,20,25,16,,,,
2025-09-06,6395515,final,FALSE,Radford,,1-5,Morehead St.,,3-3,1,3,19,25,25,23,13,25,16,25,,
2025-09-06,6395671,final,FALSE,American,,5-2,Akron,,4-2,2,3,25,14,25,22,18,25,23,25,13,15
2025-09-06,6395932,final,TRUE,New Hampshire,,4-1,Kentucky,,3-1,0,3,14,25,12,25,5,25,,,,
2025-09-06,6396274,final,FALSE,George Mason,,3-2,Navy,,2-3,3,2,15,25,25,18,25,13,23,25,15,13
2025-09-06,6396519,final,FALSE,Colgate,,2-4,UConn,,6-0,1,3,22,25,25,15,15,25,23,25,,
2025-09-06,6397558,scheduled,FALSE,Dayton,,3-2,Marquette,,3-1,,,,,,,,,,,,
2025-09-06,6397651,final,TRUE,Southern Ind.,,1-4,Fla. Atlantic,,5-2,0,3,20,25,21,25,21,25,,,,
2025-09-06,6397692,final,TRUE,South Dakota,,4-2,Ball St.,,2-4,3,0,25,20,25,23,25,12,,,,
2025-09-06,6397715,final,TRUE,Marshall,,4-1,Southern Ind.,,1-5,3,1,25,20,25,16,22,25,25,13,,
2025-09-06,6397717,final,FALSE,Drake,,3-3,FIU,,3-2,3,2,25,20,22,25,24,26,25,20,15,9
2025-09-06,6397766,final,TRUE,St. Thomas (MN),,3-3,Southern Miss.,,4-2,3,0,25,18,26,24,26,24,,,,
2025-09-06,6397853,final,TRUE,Kansas City,,0-6,New Mexico St.,,4-2,0,3,21,25,18,25,20,25,,,,
2025-09-06,6397966,final,TRUE,UT Martin,,0-4,Marist,,1-4,0,3,23,25,22,25,15,25,,,,
2025-09-06,6398094,final,FALSE,Sam Houston,,3-3,SFA,,4-1,3,1,26,28,26,24,31,29,27,25,,
2025-09-06,6398304,final,FALSE,Charleston So.,,3-3,Southern Utah,,0-6,3,2,26,24,20,25,21,25,25,20,15,7
2025-09-06,6398902,final,TRUE,New Haven,,1-3,Northeastern,,4-2,2,3,17,25,18,25,25,23,25,23,9,15
2025-09-06,6399520,final,FALSE,Sacramento St.,,2-4,Utah Tech,,5-1,2,3,25,19,23,25,25,15,23,25,14,16
2025-09-06,6399872,final,FALSE,Fairfield,,3-2,Villanova,,4-0,1,3,15,25,25,20,10,25,15,25,,
2025-09-06,6400408,final,TRUE,UC San Diego,,1-5,Arizona,,6-0,0,3,16,25,16,25,22,25,,,,
2025-09-06,6400480,final,FALSE,Mississippi St.,,5-0,Middle Tenn.,,3-2,3,0,25,23,25,18,25,13,,,,
2025-09-06,6400764,final,TRUE,UC Santa Barbara,,2-2,Creighton,,3-2,2,3,25,19,17,25,25,23,18,25,10,15
2025-09-06,6401136,final,TRUE,California,,2-1,Wright St.,,3-2,2,3,25,16,28,26,18,25,18,25,8,15
2025-09-06,6401334,final,FALSE,Bethune-Cookman,,2-4,Houston Christian,,1-5,0,3,19,25,17,25,18,25,,,,
2025-09-06,6401736,final,TRUE,Portland St.,,1-5,California Baptist,,2-4,0,3,15,25,23,25,23,25,,,,
2025-09-06,6402183,final,TRUE,Hofstra,,4-0,Binghamton,,1-5,3,1,25,23,25,22,22,25,25,19,,
2025-09-06,6402231,final,FALSE,Eastern Ill.,,5-0,Southern Ill.,,3-3,3,2,19,25,25,15,20,25,25,21,15,9
2025-09-06,6402470,final,FALSE,Minnesota,,5-1,Lipscomb,,1-4,3,0,25,18,25,15,25,19,,,,
2025-09-06,6402729,final,FALSE,Colorado,,6-0,UC Irvine,,3-2,3,2,25,15,19,25,16,25,25,13,15,9
2025-09-06,6402877,final,TRUE,Oklahoma,,4-1,Cal Poly,,3-3,3,1,25,19,25,22,23,25,25,20,,
2025-09-06,6403233,final,FALSE,UIW,,3-3,BYU,,6-0,0,3,23,25,15,25,23,25,,,,
2025-09-06,6403546,final,TRUE,Loyola Maryland,,2-4,FDU,,2-4,1,3,25,27,25,21,21,25,19,25,,
2025-09-06,6403743,final,FALSE,NJIT,,3-4,Seton Hall,,2-3,3,1,25,22,24,26,26,24,25,23,,
2025-09-06,6403777,final,FALSE,Rider,,1-4,Army West Point,,3-2,1,3,17,25,27,25,14,25,24,26,,
2025-09-06,6403924,final,TRUE,Lindenwood,,4-2,UTSA,,2-3,0,3,13,25,23,25,17,25,,,,
2025-09-06,6404460,final,TRUE,UMES,,2-5,CSU Bakersfield,,1-5,1,3,25,15,24,26,20,25,10,25,,
2025-09-06,6404477,final,FALSE,Montana St.,,4-2,Gonzaga,,4-2,3,0,27,25,25,23,25,21,,,,
2025-09-06,6405196,final,FALSE,Western Ill.,,1-5,Saint Louis,,5-1,1,3,23,25,22,25,26,24,17,25,,
2025-09-06,6405601,final,TRUE,Alabama,,4-1,Cincinnati,,4-1,0,3,23,25,21,25,28,30,,,,
2025-09-06,6406189,final,TRUE,SIUE,,2-3,Merrimack,,1-3,3,2,19,25,25,17,13,25,25,15,15,10
2025-09-06,6406196,final,TRUE,Merrimack,,1-4,Indiana St.,,2-4,0,3,6,25,21,25,10,25,,,,
2025-09-06,6406634,final,TRUE,Cornell,,1-2,Canisius,,1-4,3,1,25,12,25,27,25,19,25,14,,
2025-09-06,6406647,final,TRUE,Syracuse,,6-0,Cornell,,0-2,3,2,18,25,25,27,25,15,25,17,15,11
2025-09-06,6407362,final,FALSE,Niagara,,0-5,Eastern Mich.,,5-2,0,3,18,25,22,25,15,25,,,,
2025-09-06,6407370,final,TRUE,Temple,,3-2,N.C. Central,,2-5,3,0,25,18,25,18,25,18,,,,
2025-09-06,6407386,final,TRUE,Cal St. Fullerton,,4-2,Idaho,,2-4,3,2,25,23,16,25,21,25,25,16,15,12
2025-09-06,6407617,final,FALSE,Miles,,1-1,Alabama A&M,,4-1,0,3,20,25,9,25,22,25,,,,
2025-09-06,6408215,final,TRUE,Elon,,0-5,Coastal Carolina,,3-2,0,3,14,25,17,25,25,27,,,,
2025-09-06,6408222,final,TRUE,Delaware St.,,3-3,Elon,,1-5,1,3,25,21,21,25,28,30,23,25,,
2025-09-06,6408368,final,TRUE,Virginia Tech,,5-1,Le Moyne,,1-4,3,0,25,19,25,18,25,17,,,,
2025-09-06,6408458,final,TRUE,UIC,,2-4,Toledo,,5-1,3,2,21,25,26,24,22,25,25,20,15,10
2025-09-06,6408657,final,TRUE,Wichita St.,,3-2,Northern Colo.,,2-4,3,2,25,19,23,25,25,14,22,25,15,7
2025-09-06,6408909,final,TRUE,Stetson,,1-5,North Texas,,4-2,1,3,26,28,21,25,25,23,18,25,,
2025-09-06,6408933,final,TRUE,Miami (OH),,3-3,Eastern Ky.,,4-1,1,3,21,25,10,25,25,19,20,25,,
2025-09-06,6409062,final,FALSE,Southeastern La.,,5-0,Central Ark.,,1-3,3,1,25,23,27,25,22,25,26,24,,
2025-09-06,6409083,final,TRUE,UTEP,,6-0,Texas St.,,3-2,3,1,25,16,20,25,25,23,25,13,,
2025-09-06,6409577,final,FALSE,Eastern Ky.,,4-2,Xavier,,6-0,1,3,25,18,22,25,21,25,22,25,,
2025-09-06,6409690,final,TRUE,West Ga.,,0-6,East Carolina,,6-0,0,3,22,25,17,25,18,25,,,,
2025-09-06,6409793,final,TRUE,Yale,,0-2,High Point,,2-3,2,3,25,19,20,25,25,17,23,25,9,15
2025-09-06,6410083,final,TRUE,Lamar University,,3-3,Southern U.,,2-3,3,0,25,21,25,12,25,23,,,,
2025-09-06,6410450,final,FALSE,Harvard,,0-2,North Florida,,3-3,1,3,22,25,25,19,17,25,16,25,,
2025-09-06,6410973,final,TRUE,Rider,,1-3,Hofstra,,3-0,1,3,27,25,14,25,13,25,11,25,,
2025-09-06,6411212,final,TRUE,Wyoming,,2-2,Ole Miss,,3-2,1,3,25,21,16,25,22,25,12,25,,
2025-09-06,6411928,final,TRUE,South Carolina,,3-2,Florida St.,,3-1,0,3,24,26,15,25,16,25,,,,
2025-09-06,6412079,final,TRUE,William & Mary,,3-2,Maryland,,2-2,1,3,20,25,26,24,25,27,24,26,,
2025-09-06,6412115,final,FALSE,DePaul,,3-3,Missouri St.,,2-4,3,0,25,19,25,21,25,14,,,,
2025-09-06,6413547,final,FALSE,Hampton,,1-5,Delaware,,1-3,0,3,11,25,12,25,19,25,,,,
2025-09-06,6414279,final,FALSE,Mississippi Val.,,2-2,Southern-N.O.,,,3,2,25,22,23,25,26,28,25,20,15,11
2025-09-06,6414280,final,TRUE,Rust,,,Mississippi Val.,,3-2,0,3,14,25,10,25,22,25,,,,
2025-09-06,6414722,final,FALSE,ETSU,,2-4,Cleveland St.,,0-6,3,0,25,22,25,14,25,23,,,,
2025-09-06,6414756,final,FALSE,Canisius,,1-5,UAlbany,,4-2,2,3,25,21,29,27,18,25,23,25,11,15
2025-09-06,6415310,final,TRUE,Saint Mary's (CA),,1-5,Rice,,2-2,0,3,18,25,11,25,20,25,,,,
2025-09-06,6416373,final,TRUE,Norfolk St.,,0-7,Gardner-Webb,,3-4,1,3,15,25,19,25,25,19,21,25,,
2025-09-06,6416896,final,FALSE,Georgetown,,1-4,George Washington,,2-4,1,3,14,25,19,25,25,15,21,25,,
2025-09-06,6417070,final,FALSE,Marshall,,4-2,Michigan,,5-0,0,3,19,25,21,25,17,25,,,,
2025-09-06,6417126,final,FALSE,ULM,,4-2,McNeese,,3-3,3,1,25,21,25,22,22,25,25,14,,
2025-09-06,6417257,final,TRUE,UNCW,,0-5,Mercer,,1-5,0,3,27,29,18,25,26,28,,,,
2025-09-06,6417707,final,FALSE,App State,,6-0,Virginia,,4-1,3,2,25,14,25,23,23,25,24,26,16,14
2025-09-06,6417890,final,FALSE,Duquesne,,6-0,Robert Morris,,1-5,3,2,25,22,25,13,23,25,15,25,15,10
2025-09-06,6417952,final,FALSE,North Dakota St.,,4-1,Montana,,2-3,0,3,23,25,18,25,23,25,,,,
2025-09-06,6418070,final,TRUE,Siena,,2-3,Lafayette,,1-4,3,1,25,23,22,25,25,22,25,17,,
2025-09-06,6418152,final,FALSE,New Orleans,,1-4,Towson,,4-2,1,3,12,25,25,22,17,25,22,25,,
2025-09-06,6418159,final,TRUE,Stonehill,,0-7,New Orleans,,2-4,0,3,22,25,22,25,22,25,,,,
2025-09-06,6418168,final,TRUE,Saint Peter's,,3-3,Holy Cross,,1-4,2,3,23,25,25,14,23,25,25,22,15,17
2025-09-06,6418273,final,FALSE,Washington St.,,2-3,Grand Canyon,,5-0,2,3,27,29,21,25,25,17,25,21,12,15
2025-09-06,6418452,final,FALSE,Colorado St.,,3-3,Oregon,,5-0,2,3,20,25,18,25,25,17,25,19,9,15
2025-09-06,6420092,final,TRUE,Stonehill,,0-6,Quinnipiac,,2-4,1,3,18,25,27,25,25,27,22,25,,
2025-09-06,6420217,final,FALSE,Norfolk St.,,0-6,Campbell,,3-2,0,3,17,25,19,25,22,25,,,,
2025-09-06,6420874,final,FALSE,Manhattan,,1-6,Seattle U,,5-1,1,3,16,25,22,25,27,25,19,25,,
2025-09-06,6421216,final,FALSE,Coastal Carolina,,4-2,Davidson,,4-2,3,0,25,22,25,22,25,23,,,,
2025-09-06,6421242,final,FALSE,Jackson St.,,0-5,Troy,,1-3,0,3,15,25,23,25,16,25,,,,
2025-09-06,6422370,final,FALSE,Evansville,,3-4,Georgia St.,,5-1,1,3,21,25,23,25,25,20,22,25,,
2025-09-06,6422743,final,FALSE,Tennessee St.,,1-5,Belmont,,5-1,0,3,9,25,16,25,16,25,,,,
2025-09-06,6422926,final,TRUE,Penn,,1-1,Fresno St.,,2-4,3,0,25,21,27,25,25,20,,,,
2025-09-06,6423006,final,TRUE,Ark.-Pine Bluff,,0-6,Nicholls,,5-1,0,3,17,25,22,25,11,25,,,,
2025-09-06,6423627,final,TRUE,LIU,,0-5,Dartmouth,,1-1,1,3,25,22,21,25,17,25,22,25,,
2025-09-06,6423708,final,FALSE,CSUN,,4-2,Portland,,5-1,2,3,19,25,25,15,25,17,25,27,18,20
2025-09-06,6424097,final,FALSE,Utah,,4-1,Utah St.,,1-4,3,0,25,22,25,19,25,16,,,,
2025-09-06,6425078,final,FALSE,SIUE,,2-4,NIU,,5-1,0,3,22,25,25,27,25,27,,,,
2025-09-06,6425140,final,TRUE,Lehigh,,3-2,Bellarmine,,2-4,3,0,25,20,25,23,25,23,,,,
2025-09-06,6426345,final,TRUE,Delaware St.,,3-2,Davidson,,4-1,0,3,16,25,22,25,23,25,,,,
2025-09-06,6426433,final,FALSE,San Diego,,3-2,Southern California,,4-0,2,3,25,15,21,25,18,25,25,22,14,16
2025-09-06,6426921,final,TRUE,San Diego St.,,2-3,Omaha,,2-3,3,1,26,24,21,25,25,16,25,22,,
2025-09-06,6426975,final,TRUE,Bucknell,,1-4,Oral Roberts,,0-4,3,1,25,17,23,25,25,13,25,19,,
2025-09-06,6426994,final,FALSE,Rutgers,,3-2,Sacred Heart,,1-4,3,0,25,18,25,17,25,16,,,,
2025-09-06,6427048,final,TRUE,Murray St.,,2-4,Austin Peay,,1-5,2,3,25,17,25,19,14,25,23,25,10,15
2025-09-06,6427097,final,TRUE,LMU (CA),,0-3,FGCU,,3-2,1,3,21,25,25,13,14,25,23,25,,
2025-09-06,6427723,final,TRUE,Butler,,4-2,Illinois St.,,4-2,2,3,17,25,32,34,25,20,25,23,12,15
2025-09-06,6427747,final,FALSE,Bryant,,2-4,Providence,,3-3,3,2,25,20,26,24,20,25,18,25,15,10
2025-09-06,6427846,final,TRUE,North Dakota,,0-5,Liberty,,5-1,0,3,10,25,20,25,23,25,,,,
2025-09-06,6428020,final,FALSE,Kent St.,,2-3,Morgan St.,,3-3,3,1,23,25,25,23,25,18,25,22,,
2025-09-06,6429127,final,TRUE,Le Moyne,,1-3,Hampton,,1-4,2,3,25,14,7,25,25,23,22,25,15,17
2025-09-06,6429202,final,TRUE,Prairie View,,2-5,New Mexico,,6-0,1,3,11,25,27,25,13,25,15,25,,
2025-09-06,6429738,final,FALSE,Kent St.,,2-4,Towson,,5-2,1,3,11,25,26,24,15,25,15,25,,
2025-09-06,6429742,final,TRUE,Florida A&M,,1-5,Queens (NC),,5-2,1,3,25,21,14,25,19,25,20,25,,
2025-09-06,6429756,final,FALSE,Fordham,,4-2,Columbia,,0-3,3,2,22,25,25,11,19,25,25,19,15,10
2025-09-06,6437823,final,FALSE,Lafayette,,1-5,Saint Francis,,3-3,2,3,24,26,25,21,25,13,20,25,12,15
2025-09-06,6438782,final,FALSE,South Carolina St.,,1-3,Kennesaw St.,,3-1,0,3,12,25,19,25,13,25,,,,
2025-09-07,6387296,final,FALSE,Illinois,,2-2,Louisville,,4-0,1,3,19,25,22,25,25,20,18,25,,
2025-09-07,6388670,scheduled,FALSE,Buffalo,,2-2,Marquette,,3-1,,,,,,,,,,,,
2025-09-07,6390152,final,FALSE,Wake Forest,,2-3,Navy,,2-4,3,0,25,17,25,21,25,11,,,,
2025-09-07,6390398,final,FALSE,Mercer,,1-6,Ga. Southern,,6-0,0,3,21,25,16,25,13,25,,,,
2025-09-07,6390475,final,TRUE,Louisiana Tech,,3-4,Lamar University,,4-3,1,3,11,25,25,14,12,25,22,25,,
2025-09-07,6391672,final,FALSE,UCF,,5-1,FIU,,3-3,3,1,25,15,25,19,17,25,25,16,,
2025-09-07,6391705,final,FALSE,South Alabama,,2-3,Milwaukee,,0-5,3,1,21,25,25,20,25,23,25,22,,
2025-09-07,6392982,final,FALSE,Maryland,,3-2,UMBC,,1-4,3,1,24,26,25,23,25,22,28,26,,
2025-09-07,6394679,final,FALSE,Howard,,4-2,North Florida,,3-4,3,0,25,12,25,19,25,18,,,,
2025-09-07,6394777,final,TRUE,Washington St.,,3-3,East Texas A&M,,0-6,3,1,25,27,25,23,25,17,25,22,,
2025-09-07,6396610,final,FALSE,Florida,,4-1,Ohio St.,,1-3,3,0,25,23,25,20,25,14,,,,
2025-09-07,6397744,final,FALSE,Southern Ind.,,1-6,Michigan,,6-0,1,3,11,25,16,25,25,21,14,25,,
2025-09-07,6398002,final,FALSE,UT Martin,,0-5,Middle Tenn.,,4-2,0,3,19,25,21,25,16,25,,,,
2025-09-07,6398204,final,FALSE,South Carolina,,3-3,South Fla.,,2-3,1,3,25,20,23,25,16,25,25,27,,
2025-09-07,6398583,final,FALSE,Oral Roberts,,0-5,North Carolina,,4-0,0,3,13,25,15,25,19,25,,,,
2025-09-07,6399886,final,FALSE,High Point,,2-4,Villanova,,5-0,1,3,15,25,25,27,25,19,14,25,,
2025-09-07,6400786,final,TRUE,San Diego,,3-3,UC Santa Barbara,,3-2,1,3,25,19,23,25,18,25,18,25,,
2025-09-07,6401142,final,FALSE,California,,2-2,Nebraska,,6-0,0,3,15,25,18,25,12,25,,,,
2025-09-07,6401241,final,FALSE,Jacksonville,,4-2,Pittsburgh,,4-2,1,3,26,24,17,25,12,25,9,25,,
2025-09-07,6401782,final,TRUE,Pacific,,4-2,UNCW,,0-6,3,0,25,19,25,15,25,12,,,,
2025-09-07,6402192,final,FALSE,Binghamton,,1-6,Army West Point,,4-2,1,3,23,25,27,25,23,25,21,25,,
2025-09-07,6402694,final,FALSE,Stanford,,3-2,Texas,,4-0,2,3,15,25,23,25,25,21,25,13,16,18
2025-09-07,6403010,final,FALSE,LMU (CA),,0-4,Arizona St.,,4-1,0,3,22,25,21,25,20,25,,,,
2025-09-07,6403758,final,FALSE,Central Conn. St.,,0-6,Seton Hall,,3-3,0,3,19,25,20,25,21,25,,,,
2025-09-07,6405199,final,FALSE,St. John's (NY),,0-6,Hawaii,,2-4,0,3,20,25,9,25,13,25,,,,
2025-09-07,6405561,final,FALSE,Temple,,4-2,Georgetown,,1-5,3,0,28,26,25,18,25,20,,,,
2025-09-07,6408057,final,FALSE,Creighton,,3-3,Southern California,,5-0,0,3,23,25,22,25,16,25,,,,
2025-09-07,6410039,final,FALSE,Lehigh,,4-2,James Madison,,2-4,3,1,26,28,25,16,30,28,25,21,,
2025-09-07,6410097,final,FALSE,Southern U.,,2-4,Tulane,,4-2,0,3,17,25,22,25,19,25,,,,
2025-09-07,6411216,final,FALSE,Wyoming,,2-3,South Dakota St.,,3-1,1,3,25,20,26,28,21,25,24,26,,
2025-09-07,6413552,final,FALSE,Le Moyne,,1-5,Delaware,,2-3,0,3,17,25,12,25,18,25,,,,
2025-09-07,6417151,final,TRUE,George Mason,,3-3,Air Force,,6-0,2,3,14,25,25,21,25,19,16,25,12,15
2025-09-07,6418277,final,FALSE,Northern Ariz.,,4-2,Grand Canyon,,5-1,3,1,25,21,25,23,19,25,25,11,,
2025-09-07,6423402,final,TRUE,Presbyterian,,2-4,Harvard,,0-3,3,1,25,17,19,25,25,16,28,26,,
2025-09-07,6423419,final,FALSE,Rice,,2-3,Baylor,,5-1,0,3,17,25,15,25,23,25,,,,
2025-09-07,6423632,final,FALSE,Dartmouth,,2-1,Sacred Heart,,1-5,3,1,25,15,19,25,26,24,25,21,,
2025-09-07,6425889,final,TRUE,Boston College,,5-0,Central Ark.,,1-4,3,0,25,13,29,27,25,23,,,,
2025-09-07,6426500,final,FALSE,Penn,,2-1,UC Irvine,,3-3,3,0,25,11,25,11,25,13,,,,
2025-09-07,6426996,final,TRUE,Rutgers,,4-2,LIU,,0-6,3,1,24,26,25,13,25,10,25,21,,
2025-09-07,6427299,final,TRUE,Marist,,1-5,Mississippi St.,,6-0,0,3,16,25,16,25,12,25,,,,
2025-09-07,6428704,final,FALSE,New Hampshire,,4-2,Penn St.,,3-3,0,3,11,25,15,25,20,25,,,,
2025-09-07,6438786,final,FALSE,South Carolina St.,,1-4,Kennesaw St.,,4-1,0,3,13,25,13,25,12,25,,,,
2025-09-08,6390564,final,FALSE,The Citadel,,0-5,Col. of Charleston,,3-4,1,3,14,25,16,25,25,22,21,25,,
2025-09-08,6413816,final,FALSE,Michigan St.,,5-0,Western Mich.,,1-6,3,1,22,25,25,13,25,18,25,20,,
2025-09-09,6387178,final,FALSE,Georgia,,5-1,Clemson,,6-0,1,3,21,25,25,22,25,27,23,25,,
2025-09-09,6389665,final,FALSE,Santa Clara,,2-4,CSU Bakersfield,,1-6,3,0,25,15,25,18,25,14,,,,
2025-09-09,6389949,final,FALSE,N.C. Central,,2-6,USC Upstate,,5-3,0,3,23,25,23,25,19,25,,,,
2025-09-09,6390099,final,FALSE,Iowa St.,,5-1,UNI,,3-3,1,3,20,25,28,26,19,25,19,25,,
2025-09-09,6390756,final,FALSE,ULM,,5-2,Northwestern St.,,1-7,3,0,25,17,25,23,25,15,,,,
2025-09-09,6390929,final,FALSE,Texas A&M,,5-1,SMU,,6-0,0,3,20,25,14,25,19,25,,,,
2025-09-09,6391772,final,FALSE,Milwaukee,,0-6,Wisconsin,,4-1,0,3,7,25,15,25,11,25,,,,
2025-09-09,6392097,final,FALSE,Valparaiso,,4-3,Northwestern,,5-1,2,3,25,21,25,23,24,26,23,25,13,15
2025-09-09,6392682,final,FALSE,New Haven,,1-4,Providence,,4-3,0,3,22,25,18,25,16,25,,,,
2025-09-09,6393162,final,FALSE,UNC Asheville,,1-6,Western Caro.,,4-3,2,3,20,25,28,26,25,18,14,25,8,15
2025-09-09,6393350,final,FALSE,Utah Valley,,3-4,Utah,,5-1,1,3,26,24,22,25,22,25,15,25,,
2025-09-09,6393842,final,FALSE,Samford,,2-3,North Ala.,,4-4,0,3,19,25,22,25,24,26,,,,
2025-09-09,6398604,final,FALSE,Florida,,4-2,North Carolina,,5-0,0,3,23,25,18,25,21,25,,,,
2025-09-09,6402482,final,FALSE,Tennessee St.,,1-6,Lipscomb,,2-4,0,3,11,25,18,25,16,25,,,,
2025-09-09,6405607,final,FALSE,Xavier,,6-1,Cincinnati,,5-1,0,3,20,25,18,25,21,25,,,,
2025-09-09,6406111,final,FALSE,Colgate,,2-5,Cornell,,2-2,1,3,23,25,17,25,25,18,19,25,,
2025-09-09,6407624,final,FALSE,West Ga.,,0-7,Alabama A&M,,5-1,1,3,16,25,25,22,17,25,23,25,,
2025-09-09,6410386,final,FALSE,Lamar University,,4-4,Sam Houston,,4-3,1,3,15,25,26,24,16,25,16,25,,
2025-09-09,6412258,final,FALSE,LSU,,5-2,Notre Dame,,1-3,3,0,25,20,25,22,25,22,,,,
2025-09-09,6412318,final,FALSE,Boston College,,6-0,Arkansas,,1-4,3,2,25,23,15,25,23,25,25,15,15,12
2025-09-09,6414291,final,FALSE,Stanford,,4-2,Missouri,,3-2,3,1,25,23,33,31,22,25,25,21,,
2025-09-09,6414804,final,FALSE,Virginia,,4-2,Auburn,,5-1,0,3,17,25,16,25,21,25,,,,
2025-09-09,6417084,final,FALSE,Eastern Ky.,,5-2,Marshall,,4-3,3,2,25,19,25,22,18,25,24,26,15,13
2025-09-09,6422381,final,FALSE,Georgia Tech,,5-2,Tennessee,,5-1,1,3,23,25,23,25,25,23,13,25,,
2025-09-09,6423184,final,FALSE,Purdue,,5-1,Butler,,4-3,3,0,25,23,25,22,28,26,,,,
2025-09-09,6424891,final,FALSE,Houston Christian,,2-5,Texas Southern,,0-7,3,0,25,9,25,16,25,18,,,,
2025-09-09,6426977,final,FALSE,Bucknell,,1-5,Penn St.,,4-3,0,3,19,25,10,25,20,25,,,,
2025-09-10,6389284,final,FALSE,Georgetown,,2-5,Coppin St.,,2-5,3,1,25,14,25,15,25,27,25,21,,
2025-09-10,6390159,final,FALSE,Wake Forest,,2-4,Alabama,,5-1,2,3,20,25,18,25,25,23,28,26,12,15
2025-09-10,6392955,final,FALSE,Texas A&M,,5-2,TCU,,4-1,2,3,26,24,22,25,25,19,21,25,12,15
2025-09-10,6394611,final,FALSE,Ole Miss,,3-3,Miami (FL),,5-1,2,3,18,25,20,25,25,20,25,22,13,15
2025-09-10,6395687,final,FALSE,American,,6-2,Hampton,,1-6,3,0,25,8,25,12,25,13,,,,
2025-09-10,6395955,final,TRUE,Pittsburgh,,5-2,Kentucky,,3-2,3,0,25,19,25,22,25,23,,,,
2025-09-10,6399899,final,FALSE,Villanova,,6-0,Temple,,4-3,3,0,25,13,28,26,25,15,,,,
2025-09-10,6401184,final,FALSE,Vanderbilt,,2-4,California,,3-2,2,3,25,21,25,21,25,27,16,25,22,24
2025-09-10,6401718,final,TRUE,Louisville,,4-1,Texas,,5-0,2,3,25,23,16,25,25,21,22,25,14,16
2025-09-10,6403766,final,FALSE,Seton Hall,,4-3,Saint Peter's,,3-4,3,1,22,25,28,26,25,22,25,16,,
2025-09-10,6411930,final,FALSE,South Carolina,,3-4,NC State,,5-1,1,3,25,18,23,25,17,25,17,25,,
2025-09-10,6413947,final,FALSE,Yale,,0-3,Fairfield,,4-2,0,3,26,28,18,25,20,25,,,,
2025-09-10,6420491,final,FALSE,Florida St.,,3-2,Oklahoma,,5-1,2,3,16,25,23,25,25,15,25,8,13,15
2025-09-10,6422044,final,FALSE,Mercer,,1-7,Troy,,2-3,0,3,16,25,19,25,22,25,,,,
2025-09-10,6422220,final,FALSE,Rider,,1-5,Rutgers,,5-2,0,3,10,25,18,25,14,25,,,,
2025-09-10,6424975,final,FALSE,Holy Cross,,2-5,Bryant,,3-4,1,3,20,25,25,23,22,25,15,25,,
2025-09-10,6426348,final,FALSE,Delaware St.,,3-4,Maryland,,4-2,0,3,11,25,14,25,19,25,,,,
2025-09-10,6426945,final,FALSE,Duke,,2-5,Mississippi St.,,7-0,2,3,16,25,25,20,17,25,25,17,10,15
2025-09-11,6386725,final,FALSE,Louisiana,,6-1,Alcorn,,0-6,3,0,25,20,25,9,25,13,,,,
2025-09-11,6387307,final,TRUE,Indiana,,6-0,Bowling Green,,2-5,3,0,25,21,25,19,25,19,,,,
2025-09-11,6387557,final,FALSE,Alabama St.,,0-7,Furman,,5-2,0,3,15,25,16,25,21,25,,,,
2025-09-11,6387888,final,FALSE,Bellarmine,,3-4,IU Indy,,4-3,3,1,25,20,25,20,19,25,26,24,,
2025-09-11,6389675,final,TRUE,Santa Clara,,2-5,CSUN,,5-2,1,3,20,25,12,25,25,20,24,26,,
2025-09-11,6390476,final,FALSE,Jackson St.,,0-6,Louisiana Tech,,4-4,2,3,23,25,23,25,25,16,25,13,13,15
2025-09-11,6391450,final,FALSE,Elon,,1-6,Clemson,,7-0,0,3,13,25,14,25,10,25,,,,
2025-09-11,6391455,final,FALSE,Montana St.,,4-3,Oregon St.,,3-3,0,3,14,25,12,25,21,25,,,,
2025-09-11,6391606,final,TRUE,FGCU,,3-3,Kansas,,4-4,0,3,24,26,16,25,20,25,,,,
2025-09-11,6392963,final,FALSE,Wyoming,,2-5,TCU,,5-1,0,3,13,25,21,25,19,25,,,,
2025-09-11,6393203,final,TRUE,Missouri,,5-2,Rhode Island,,2-5,3,0,25,14,25,17,25,20,,,,
2025-09-11,6393376,final,FALSE,Utah Tech,,5-2,Boise St.,,5-2,0,3,22,25,19,25,20,25,,,,
2025-09-11,6393726,final,FALSE,Chattanooga,,2-5,Memphis,,5-2,1,3,26,24,28,30,25,27,25,27,,
2025-09-11,6394778,final,FALSE,East Texas A&M,,0-7,Colorado St.,,4-3,1,3,16,25,20,25,25,18,10,25,,
2025-09-11,6395005,final,TRUE,San Francisco,,2-3,Idaho St.,,2-5,3,0,25,23,25,19,25,21,,,,
2025-09-11,6395560,final,TRUE,Radford,,1-6,Wichita St.,,4-2,0,3,17,25,11,25,12,25,,,,
2025-09-11,6396888,final,FALSE,Arizona St.,,5-1,Texas St.,,3-3,3,2,24,26,30,28,20,25,25,19,15,9
2025-09-11,6397758,final,FALSE,Green Bay,,1-5,South Dakota,,5-2,0,3,19,25,17,25,16,25,,,,
2025-09-11,6398210,final,FALSE,SFA,,4-2,Loyola Chicago,,3-4,2,3,18,25,25,22,25,22,27,29,13,15
2025-09-11,6400803,final,FALSE,Kansas St.,,4-1,UC Santa Barbara,,4-2,0,3,16,25,23,25,16,25,,,,
2025-09-11,6401746,final,FALSE,Cal St. Fullerton,,4-3,California Baptist,,3-4,1,3,20,25,26,24,16,25,24,26,,
2025-09-11,6402895,final,FALSE,Northern Colo.,,2-5,Cal Poly,,4-3,0,3,22,25,23,25,18,25,,,,
2025-09-11,6403270,final,TRUE,Southern California,,5-1,BYU,,7-0,0,3,19,25,23,25,23,25,,,,
2025-09-11,6406066,final,TRUE,UTSA,,2-4,Kent St.,,3-4,2,3,25,18,17,25,25,20,20,25,12,15
2025-09-11,6406074,final,FALSE,UTSA,,3-4,North Dakota,,0-6,3,0,25,14,25,18,25,13,,,,
2025-09-11,6407634,final,FALSE,Alabama A&M,,5-2,Nicholls,,6-1,0,3,23,25,20,25,27,29,,,,
2025-09-11,6408374,final,FALSE,Marshall,,4-4,Virginia Tech,,6-1,1,3,28,26,15,25,11,25,21,25,,
2025-09-11,6408781,final,FALSE,UC San Diego,,1-6,Northern Ariz.,,5-2,0,3,26,28,21,25,15,25,,,,
2025-09-11,6409070,final,FALSE,Southeastern La.,,5-1,South Alabama,,3-3,0,3,22,25,20,25,18,25,,,,
2025-09-11,6410314,final,TRUE,Sacramento St.,,3-4,Dartmouth,,2-2,3,0,25,20,25,12,27,25,,,,
2025-09-11,6410460,final,TRUE,Winthrop,,3-3,North Florida,,3-5,3,0,25,19,25,23,25,14,,,,
2025-09-11,6410969,final,TRUE,New Mexico,,6-1,Portland St.,,2-5,1,3,25,20,22,25,23,25,22,25,,
2025-09-11,6411224,final,TRUE,Missouri,,4-2,Wyoming,,2-4,3,1,25,14,20,25,25,18,30,28,,
2025-09-11,6411411,final,FALSE,UCLA,,2-3,UTEP,,6-1,3,0,25,18,25,20,25,20,,,,
2025-09-11,6412124,final,FALSE,Purdue Fort Wayne,,1-6,Missouri St.,,3-4,0,3,21,25,12,25,19,25,,,,
2025-09-11,6413827,final,FALSE,Western Mich.,,1-7,LMU (CA),,1-4,1,3,25,18,14,25,19,25,18,25,,
2025-09-11,6414124,final,FALSE,Eastern Wash.,,0-7,Nevada,,2-4,1,3,23,25,27,25,23,25,16,25,,
2025-09-11,6415258,final,FALSE,Portland,,5-2,Hawaii,,3-4,2,3,24,26,25,21,10,25,27,25,11,15
2025-09-11,6417114,final,FALSE,Wichita St.,,5-2,Tennessee Tech,,2-5,3,0,25,4,25,10,25,17,,,,
2025-09-11,6417150,final,FALSE,McNeese,,3-4,Florida A&M,,2-5,2,3,22,25,25,11,21,25,25,21,9,15
2025-09-11,6417184,final,TRUE,Seattle U,,5-2,Air Force,,7-0,1,3,25,23,14,25,23,25,20,25,,
2025-09-11,6417954,final,FALSE,Idaho,,2-5,North Dakota St.,,5-1,1,3,22,25,25,20,24,26,14,25,,
2025-09-11,6418203,final,FALSE,Ark.-Pine Bluff,,0-7,New Orleans,,3-4,0,3,10,25,23,25,14,25,,,,
2025-09-11,6421065,final,FALSE,Tarleton St.,,3-4,A&M-Corpus Christi,,2-4,0,3,15,25,24,26,18,25,,,,
2025-09-11,6422078,final,TRUE,UC Irvine,,3-4,UNLV,,4-2,0,3,13,25,22,25,15,25,,,,
2025-09-11,6423372,final,FALSE,Michigan St.,,6-0,Kennesaw St.,,4-2,3,1,28,26,16,25,25,21,25,16,,
2025-09-11,6426152,final,TRUE,San Diego St.,,3-3,Oregon,,5-1,3,2,25,14,24,26,24,26,25,23,15,12
2025-09-11,6426998,final,FALSE,Saint Francis,,3-4,Rutgers,,6-2,0,3,15,25,21,25,18,25,,,,
2025-09-11,6427713,final,FALSE,Iowa,,6-1,Southeast Mo. St.,,4-3,2,3,25,21,23,25,25,19,22,25,7,15
2025-09-11,6438787,final,FALSE,FDU,,2-5,Fordham,,5-2,0,3,20,25,18,25,13,25,,,,
2025-09-11,6456146,final,TRUE,Oral Roberts,,0-6,Texas Southern,,1-7,0,3,20,25,22,25,21,25,,,,
2025-09-12,6386729,final,FALSE,Louisiana,,6-2,Ole Miss,,4-3,0,3,20,25,22,25,19,25,,,,
2025-09-12,6386846,final,FALSE,Iona,,4-3,Towson,,6-2,2,3,15,25,25,22,30,28,17,25,11,15
2025-09-12,6386848,final,TRUE,Lafayette,,2-6,Iona,,4-4,3,0,25,22,25,17,25,16,,,,
2025-09-12,6387183,final,FALSE,Presbyterian,,2-5,Georgia,,6-1,0,3,22,25,19,25,15,25,,,,
2025-09-12,6387301,final,TRUE,Illinois,,3-2,Cincinnati,,5-2,3,0,25,21,25,23,25,22,,,,
2025-09-12,6387308,final,FALSE,Indiana,,7-0,Loyola Chicago,,3-5,3,1,25,15,25,19,19,25,25,16,,
2025-09-12,6387447,final,FALSE,Jacksonville St.,,4-3,Bradley,,3-4,3,0,25,19,25,21,25,22,,,,
2025-09-12,6387450,final,FALSE,Central Mich.,,3-5,Bradley,,4-4,0,3,16,25,18,25,21,25,,,,
2025-09-12,6387576,final,FALSE,North Florida,,3-6,Furman,,6-2,2,3,20,25,25,12,25,17,10,25,10,15
2025-09-12,6387736,final,TRUE,Toledo,,6-1,Denver,,4-2,3,2,25,23,19,25,25,21,25,27,15,11
2025-09-12,6387890,final,FALSE,Gonzaga,,5-3,IU Indy,,4-4,3,0,25,16,28,26,25,17,,,,
2025-09-12,6388330,final,TRUE,Winthrop,,4-3,Alabama St.,,0-8,3,1,25,23,25,16,20,25,27,25,,
2025-09-12,6388675,final,FALSE,Northwestern,,6-1,Buffalo,,2-3,3,2,28,26,14,25,25,11,20,25,15,13
2025-09-12,6388944,final,FALSE,Youngstown St.,,4-3,Col. of Charleston,,4-4,1,3,17,25,25,21,12,25,23,25,,
2025-09-12,6389289,final,FALSE,Lafayette,,1-6,Coppin St.,,3-5,1,3,23,25,25,19,18,25,17,25,,
2025-09-12,6389290,final,FALSE,Penn,,2-2,Coppin St.,,4-5,2,3,22,25,19,25,29,27,25,17,10,15
2025-09-12,6389455,final,TRUE,Western Ky.,,4-2,High Point,,2-5,3,0,25,21,25,17,25,19,,,,
2025-09-12,6389461,final,FALSE,Western Ky.,,5-2,ETSU,,3-5,3,0,25,21,25,20,25,14,,,,
2025-09-12,6389914,final,TRUE,UNC Greensboro,,4-3,Charlotte,,4-3,2,3,19,25,23,25,25,23,25,20,7,15
2025-09-12,6389923,final,FALSE,UNC Greensboro,,5-3,UNCW,,1-7,3,2,22,25,25,14,20,25,33,31,15,2
2025-09-12,6389954,final,FALSE,USC Upstate,,5-4,Clemson,,8-0,1,3,11,25,26,24,18,25,23,25,,
2025-09-12,6390101,final,TRUE,Rice,,2-4,UNI,,4-3,0,3,13,25,24,26,20,25,,,,
2025-09-12,6390118,final,FALSE,Santa Clara,,3-5,Fresno St.,,2-5,3,0,25,18,25,23,25,14,,,,
2025-09-12,6390161,final,FALSE,Davidson,,4-3,Wake Forest,,3-4,0,3,20,25,14,25,19,25,,,,
2025-09-12,6390404,final,TRUE,Ga. Southern,,7-0,FIU,,3-4,3,0,25,19,26,24,25,20,,,,
2025-09-12,6390477,final,FALSE,ULM,,5-4,Louisiana Tech,,5-4,1,3,18,25,20,25,25,21,14,25,,
2025-09-12,6390488,final,FALSE,Princeton,,2-2,Towson,,7-2,1,3,23,25,25,19,21,25,23,25,,
2025-09-12,6390574,final,FALSE,The Citadel,,0-6,Queens (NC),,6-2,0,3,18,25,14,25,16,25,,,,
2025-09-12,6390580,final,TRUE,UNC Asheville,,2-7,The Citadel,,0-7,3,0,25,23,25,16,25,12,,,,
2025-09-12,6390744,final,FALSE,Saint Louis,,5-2,Iowa St.,,6-1,0,3,14,25,20,25,18,25,,,,
2025-09-12,6390759,final,TRUE,Northwestern St.,,1-8,Little Rock,,3-4,0,3,24,26,15,25,13,25,,,,
2025-09-12,6390763,final,TRUE,UT Arlington,,7-0,Northwestern St.,,1-9,3,2,25,15,19,25,25,17,21,25,15,13
2025-09-12,6390777,final,TRUE,Brown,,2-2,Fla. Atlantic,,6-3,2,3,17,25,25,20,20,25,25,23,10,15
2025-09-12,6391010,final,FALSE,Delaware,,2-4,Old Dominion,,2-5,0,3,19,25,14,25,22,25,,,,
2025-09-12,6391037,final,FALSE,Tulsa,,5-2,Texas St.,,3-4,3,0,25,23,25,18,25,19,,,,
2025-09-12,6391243,final,FALSE,Arkansas St.,,3-4,UCF,,6-1,0,3,16,25,23,25,18,25,,,,
2025-09-12,6391492,final,FALSE,Elon,,1-7,Wofford,,2-4,0,3,14,25,17,25,17,25,,,,
2025-09-12,6391499,final,FALSE,UC Irvine,,3-5,Oregon St.,,4-3,0,3,13,25,13,25,21,25,,,,
2025-09-12,6391609,final,TRUE,Kansas,,5-4,Green Bay,,1-6,3,0,25,21,25,16,25,14,,,,
2025-09-12,6391744,final,TRUE,Bowling Green,,3-5,SFA,,4-3,3,1,24,26,25,23,26,24,25,23,,
2025-09-12,6391768,final,TRUE,Milwaukee,,0-7,James Madison,,3-4,1,3,25,23,22,25,14,25,15,25,,
2025-09-12,6392003,final,TRUE,Arkansas St.,,3-3,Fla. Atlantic,,5-3,3,0,25,13,25,10,25,17,,,,
2025-09-12,6392100,final,TRUE,Valparaiso,,5-3,NJIT,,3-5,3,0,25,21,25,22,25,14,,,,
2025-09-12,6392683,final,FALSE,New Haven,,1-5,New Mexico St.,,5-2,0,3,22,25,15,25,23,25,,,,
2025-09-12,6392872,final,FALSE,West Virginia,,7-0,St. John's (NY),,1-7,3,0,25,20,25,16,25,19,,,,
2025-09-12,6392923,final,TRUE,Bucknell,,3-5,Mercyhurst,,1-8,3,0,25,10,30,28,25,17,,,,
2025-09-12,6392958,final,FALSE,Rhode Island,,2-6,TCU,,6-1,0,3,19,25,12,25,17,25,,,,
2025-09-12,6392965,final,FALSE,Missouri,,5-3,TCU,,7-1,1,3,30,32,32,30,21,25,21,25,,
2025-09-12,6392984,final,FALSE,UMBC,,1-5,George Washington,,3-4,1,3,21,25,25,22,18,25,19,25,,
2025-09-12,6393164,final,FALSE,Western Caro.,,4-4,North Ala.,,5-4,0,3,18,25,16,25,20,25,,,,
2025-09-12,6393206,final,TRUE,Rhode Island,,2-7,Wyoming,,3-5,0,3,17,25,17,25,16,25,,,,
2025-09-12,6393287,final,FALSE,Southern Ill.,,4-3,Oakland,,0-7,3,1,23,25,25,21,25,23,25,10,,
2025-09-12,6393292,final,FALSE,Xavier,,8-1,Oakland,,0-8,3,1,25,20,25,19,19,25,25,19,,
2025-09-12,6393354,final,FALSE,Utah Valley,,3-5,Duke,,3-5,1,3,8,25,25,17,17,25,14,25,,
2025-09-12,6393382,final,FALSE,San Francisco,,2-4,Boise St.,,6-2,0,3,20,25,19,25,23,25,,,,
2025-09-12,6393721,final,TRUE,Kansas City,,1-7,Jacksonville St.,,4-4,3,1,24,26,25,21,25,15,25,21,,
2025-09-12,6393728,final,FALSE,Lamar University,,4-6,Memphis,,6-2,1,3,25,22,18,25,23,25,14,25,,
2025-09-12,6394115,final,FALSE,Lipscomb,,2-5,Pepperdine,,4-3,0,3,15,25,13,25,23,25,,,,
2025-09-12,6394175,final,FALSE,Little Rock,,3-5,North Texas,,5-2,0,3,18,25,14,25,17,25,,,,
2025-09-12,6394612,final,FALSE,Miami (FL),,6-1,Illinois St.,,4-3,3,1,25,22,20,25,25,21,25,13,,
2025-09-12,6394680,final,FALSE,N.C. A&T,,3-2,Howard,,4-3,3,2,28,30,25,21,25,23,26,28,15,10
2025-09-12,6395571,final,FALSE,Radford,,2-6,Tennessee Tech,,2-6,3,0,25,18,25,20,25,12,,,,
2025-09-12,6395593,final,TRUE,Samford,,3-4,Radford,,2-7,3,0,25,17,25,18,25,15,,,,
2025-09-12,6396327,final,FALSE,Gardner-Webb,,5-4,Navy,,2-5,3,1,25,21,25,18,23,25,28,26,,
2025-09-12,6396637,final,TRUE,Ohio,,2-5,Ohio St.,,2-3,0,3,16,25,19,25,24,26,,,,
2025-09-12,6396701,final,FALSE,UConn,,6-1,Yale,,1-3,2,3,25,18,25,27,25,21,23,25,7,15
2025-09-12,6397575,final,FALSE,Ball St.,,3-4,Marquette,,3-2,3,2,20,25,25,22,18,25,25,20,15,11
2025-09-12,6397681,final,TRUE,Chattanooga,,3-5,Lamar University,,4-5,3,0,25,20,25,16,25,20,,,,
2025-09-12,6397705,final,TRUE,UT Martin,,0-6,Chattanooga,,4-5,1,3,25,21,24,26,14,25,23,25,,
2025-09-12,6397759,final,TRUE,Grand Canyon,,6-1,Drake,,3-4,3,2,25,23,25,16,23,25,25,27,15,9
2025-09-12,6397771,final,FALSE,FGCU,,3-4,South Dakota,,6-2,2,3,25,23,27,25,20,25,21,25,13,15
2025-09-12,6397774,final,TRUE,Southern Ind.,,1-7,Duquesne,,7-0,1,3,23,25,25,20,24,26,19,25,,
2025-09-12,6397793,final,TRUE,St. Thomas (MN),,4-3,Army West Point,,4-3,3,1,21,25,25,15,25,22,26,24,,
2025-09-12,6397794,final,FALSE,Southern Ind.,,2-7,Miami (OH),,4-5,3,1,25,16,25,22,23,25,25,22,,
2025-09-12,6397823,final,FALSE,St. Thomas (MN),,5-3,Bryant,,3-5,3,0,25,21,25,16,25,23,,,,
2025-09-12,6398245,final,FALSE,South Fla.,,2-4,Minnesota,,6-1,0,3,13,25,13,25,19,25,,,,
2025-09-12,6398649,final,FALSE,North Carolina,,5-1,South Carolina,,4-4,2,3,25,23,16,25,21,25,25,20,13,15
2025-09-12,6398945,final,FALSE,Northeastern,,4-3,Fairfield,,5-2,1,3,20,25,20,25,28,26,22,25,,
2025-09-12,6399423,final,TRUE,Idaho St.,,2-6,Utah Tech,,6-2,0,3,15,25,23,25,21,25,,,,
2025-09-12,6400193,final,FALSE,Oregon,,6-1,Long Beach St.,,3-4,3,0,25,16,25,17,25,15,,,,
2025-09-12,6400340,final,FALSE,Mercer,,1-8,Southern Miss.,,5-2,0,3,21,25,21,25,17,25,,,,
2025-09-12,6400434,final,FALSE,Arizona,,6-1,Washington,,4-3,0,3,23,25,23,25,22,25,,,,
2025-09-12,6400457,final,TRUE,Jacksonville,,5-2,Charleston So.,,3-4,3,1,25,12,21,25,25,23,25,16,,
2025-09-12,6400482,final,FALSE,Charleston So.,,4-4,Bethune-Cookman,,3-5,3,2,21,25,25,19,25,21,23,25,18,16
2025-09-12,6400624,final,FALSE,Middle Tenn.,,4-3,Miami (OH),,4-4,1,3,19,25,25,21,17,25,14,25,,
2025-09-12,6400640,final,TRUE,Middle Tenn.,,5-3,Duquesne,,7-1,3,1,23,25,25,23,25,22,25,22,,
2025-09-12,6400814,final,FALSE,Vanderbilt,,2-5,UC Santa Barbara,,5-2,1,3,17,25,16,25,25,20,21,25,,
2025-09-12,6401203,final,FALSE,California,,3-3,Cal Poly,,5-3,0,3,21,25,22,25,17,25,,,,
2025-09-12,6401278,final,TRUE,South Carolina St.,,1-6,Jacksonville,,6-2,0,3,20,25,15,25,13,25,,,,
2025-09-12,6401396,final,FALSE,South Carolina St.,,1-5,Bethune-Cookman,,3-4,0,3,24,26,12,25,16,25,,,,
2025-09-12,6401754,final,FALSE,Portland St.,,3-5,California Baptist,,3-5,3,2,15,25,25,17,25,18,20,25,17,15
2025-09-12,6401797,final,FALSE,Pacific,,4-3,Nevada,,3-4,1,3,25,27,25,23,26,28,24,26,,
2025-09-12,6402193,final,FALSE,Eastern Ill.,,5-1,Indiana St.,,3-5,1,3,18,25,25,21,22,25,12,25,,
2025-09-12,6402200,final,FALSE,Mercyhurst,,1-7,Binghamton,,2-6,0,3,19,25,25,27,19,25,,,,
2025-09-12,6402204,final,FALSE,Canisius,,1-7,Binghamton,,3-6,0,3,16,25,9,25,19,25,,,,
2025-09-12,6402760,final,FALSE,Arkansas,,1-5,Colorado,,7-0,1,3,25,22,16,25,15,25,22,25,,
2025-09-12,6403029,final,TRUE,Arizona St.,,6-1,UIW,,3-4,3,0,25,11,25,21,25,14,,,,
2025-09-12,6403099,final,TRUE,Central Mich.,,3-4,Kansas City,,0-7,3,0,25,23,25,23,25,21,,,,
2025-09-12,6403116,final,TRUE,Northern Colo.,,2-6,Kansas St.,,5-1,0,3,21,25,20,25,21,25,,,,
2025-09-12,6403285,final,FALSE,BYU,,8-0,LMU (CA),,1-5,3,0,25,16,25,23,25,13,,,,
2025-09-12,6403550,final,FALSE,Georgetown,,3-5,Loyola Maryland,,2-5,3,2,17,25,25,21,25,22,23,25,15,12
2025-09-12,6403790,final,TRUE,Stony Brook,,3-4,Army West Point,,5-3,1,3,21,25,28,30,25,16,24,26,,
2025-09-12,6404462,final,FALSE,UMES,,2-6,Virginia Tech,,7-1,1,3,11,25,25,18,25,27,18,25,,
2025-09-12,6404463,final,TRUE,UMES,,2-7,Marshall,,6-4,1,3,19,25,21,25,25,21,23,25,,
2025-09-12,6405206,final,FALSE,Marist,,1-6,St. John's (NY),,1-6,0,3,11,25,22,25,19,25,,,,
2025-09-12,6405468,final,TRUE,Dayton,,3-3,South Dakota St.,,4-1,0,3,22,25,23,25,17,25,,,,
2025-09-12,6405573,final,TRUE,Temple,,5-3,FDU,,2-6,3,1,20,25,25,17,25,17,25,12,,
2025-09-12,6406084,final,TRUE,UTSA,,4-4,Idaho,,2-6,3,1,25,19,25,18,23,25,25,21,,
2025-09-12,6406115,final,FALSE,Syracuse,,6-1,Colgate,,3-5,1,3,25,22,25,27,20,25,23,25,,
2025-09-12,6406207,final,TRUE,Merrimack,,1-5,Holy Cross,,3-5,2,3,25,20,15,25,25,20,16,25,8,15
2025-09-12,6406661,final,TRUE,Niagara,,0-6,Cornell,,3-2,1,3,10,25,17,25,25,22,15,25,,
2025-09-12,6406668,final,TRUE,Western Ill.,,1-6,Morehead St.,,4-3,1,3,15,25,25,17,20,25,19,25,,
2025-09-12,6406677,final,FALSE,Western Ill.,,1-7,Evansville,,4-5,2,3,27,25,21,25,17,25,25,19,10,15
2025-09-12,6407380,final,TRUE,Xavier,,7-1,Eastern Mich.,,5-3,3,1,25,12,22,25,25,18,25,15,,
2025-09-12,6407403,final,TRUE,Cal St. Fullerton,,4-4,New Mexico,,7-1,1,3,25,27,22,25,25,22,23,25,,
2025-09-12,6407422,final,TRUE,Southern Ill.,,4-4,Eastern Mich.,,6-3,1,3,27,25,23,25,19,25,29,31,,
2025-09-12,6407611,final,TRUE,NIU,,6-1,Gonzaga,,4-3,3,1,11,25,25,19,25,18,27,25,,
2025-09-12,6407645,final,TRUE,Alabama A&M,,6-2,Abilene Christian,,2-6,3,1,23,25,25,23,25,17,25,16,,
2025-09-12,6408083,final,FALSE,Louisville,,5-1,Creighton,,3-4,3,1,19,25,31,29,25,22,25,19,,
2025-09-12,6408381,final,FALSE,Robert Morris,,1-7,Virginia Tech,,8-1,0,3,22,25,18,25,21,25,,,,
2025-09-12,6408464,final,FALSE,Central Ark.,,2-5,UIC,,3-4,0,3,17,25,26,28,19,25,,,,
2025-09-12,6408782,final,TRUE,Southern Utah,,1-7,UC San Diego,,1-7,3,1,21,25,25,20,25,21,27,25,,
2025-09-12,6408937,final,FALSE,Akron,,5-2,Eastern Ky.,,5-3,3,1,17,25,26,24,25,21,25,22,,
2025-09-12,6408939,final,FALSE,UTRGV,,2-5,Eastern Ky.,,6-3,0,3,23,25,27,29,16,25,,,,
2025-09-12,6409075,final,TRUE,Tulane,,5-2,Southeastern La.,,5-2,3,1,25,19,25,15,22,25,25,14,,
2025-09-12,6409696,final,FALSE,West Ga.,,0-8,UNCW,,1-6,0,3,20,25,17,25,11,25,,,,
2025-09-12,6409701,final,TRUE,West Ga.,,0-9,Charlotte,,5-3,0,3,18,25,16,25,17,25,,,,
2025-09-12,6410268,final,TRUE,UC Riverside,,2-5,San Diego St.,,4-3,0,3,19,25,18,25,12,25,,,,
2025-09-12,6410320,final,FALSE,Sacramento St.,,3-5,Boston College,,7-0,0,3,22,25,21,25,16,25,,,,
2025-09-12,6410411,final,TRUE,Sam Houston,,4-4,Tarleton St.,,4-4,2,3,19,25,25,22,25,12,23,25,11,15
2025-09-12,6410978,final,FALSE,Hofstra,,5-0,Fordham,,5-3,3,1,25,21,16,25,25,22,25,18,,
2025-09-12,6411419,final,TRUE,UCLA,,3-3,Oral Roberts,,0-7,3,0,25,16,25,17,25,22,,,,
2025-09-12,6412083,final,FALSE,East Carolina,,7-0,William & Mary,,3-3,3,1,22,25,26,24,25,20,25,12,,
2025-09-12,6412129,final,FALSE,Purdue Fort Wayne,,1-7,Missouri St.,,4-4,1,3,24,26,25,18,16,25,12,25,,
2025-09-12,6413837,final,TRUE,Southern California,,6-1,Western Mich.,,1-8,3,0,25,18,25,22,25,16,,,,
2025-09-12,6414292,final,FALSE,Utah St.,,1-5,Stanford,,5-2,0,3,13,25,19,25,16,25,,,,
2025-09-12,6414727,final,FALSE,VCU,,1-4,ETSU,,3-4,1,3,25,22,18,25,26,28,26,28,,
2025-09-12,6414757,final,TRUE,Canisius,,1-6,Bucknell,,2-5,1,3,14,25,22,25,25,20,15,25,,
2025-09-12,6414807,final,FALSE,Florida St.,,3-3,Auburn,,6-1,0,3,21,25,23,25,20,25,,,,
2025-09-12,6415260,final,FALSE,Portland,,5-3,Hawaii,,4-4,1,3,25,18,27,29,19,25,18,25,,
2025-09-12,6415311,final,FALSE,Saint Mary's (CA),,1-6,Oklahoma,,6-1,1,3,21,25,25,20,23,25,23,25,,
2025-09-12,6416326,final,TRUE,Stetson,,2-5,Quinnipiac,,2-5,3,1,21,25,25,12,25,14,25,19,,
2025-09-12,6416382,final,TRUE,Gardner-Webb,,4-4,Le Moyne,,1-6,3,0,25,16,25,22,25,11,,,,
2025-09-12,6416741,final,FALSE,Texas Southern,,1-8,UTEP,,7-1,0,3,17,25,13,25,16,25,,,,
2025-09-12,6417093,final,TRUE,Robert Morris,,1-6,Marshall,,5-4,0,3,16,25,20,25,16,25,,,,
2025-09-12,6417181,final,TRUE,McNeese,,3-5,Georgia St.,,6-1,0,3,12,25,32,34,12,25,,,,
2025-09-12,6417186,final,FALSE,Air Force,,7-1,SIUE,,4-4,2,3,19,25,23,25,25,20,25,22,12,15
2025-09-12,6417258,final,TRUE,Weber St.,,6-1,Murray St.,,2-5,3,0,27,25,25,23,25,13,,,,
2025-09-12,6417259,final,FALSE,Weber St.,,7-1,Southeast Mo. St.,,4-4,3,0,27,25,25,19,26,24,,,,
2025-09-12,6417440,final,TRUE,Northern Ky.,,2-5,UTRGV,,2-4,0,3,21,25,22,25,15,25,,,,
2025-09-12,6417545,final,FALSE,Michigan,,6-1,Virginia,,5-2,2,3,25,19,22,25,25,23,21,25,11,15
2025-09-12,6418075,final,FALSE,Belmont,,6-1,Siena,,2-5,3,2,20,25,25,21,25,23,23,25,15,12
2025-09-12,6418081,final,FALSE,Stonehill,,1-8,Siena,,3-5,0,3,13,25,23,25,19,25,,,,
2025-09-12,6418208,final,FALSE,Southern U.,,2-5,New Orleans,,4-4,0,3,14,25,22,25,11,25,,,,
2025-09-12,6418454,final,FALSE,Notre Dame,,2-3,Colorado St.,,4-4,3,0,25,12,25,19,27,25,,,,
2025-09-12,6418473,final,FALSE,Washington St.,,4-3,Harvard,,0-4,3,0,26,24,31,29,25,22,,,,
2025-09-12,6419032,final,FALSE,Pittsburgh,,6-2,Wright St.,,3-3,3,1,25,27,25,18,25,22,25,11,,
2025-09-12,6420228,final,TRUE,Norfolk St.,,0-8,Liberty,,6-1,0,3,23,25,19,25,16,25,,,,
2025-09-12,6420433,final,TRUE,UNC Asheville,,1-7,Campbell,,5-2,1,3,16,25,15,25,25,21,22,25,,
2025-09-12,6420949,final,TRUE,Austin Peay,,1-7,Seattle U,,6-2,2,3,20,25,25,17,11,25,25,21,15,17
2025-09-12,6421066,final,FALSE,Prairie View,,2-6,A&M-Corpus Christi,,3-4,2,3,9,25,16,25,25,21,27,25,5,15
2025-09-12,6421217,final,TRUE,Cleveland St.,,0-7,Coastal Carolina,,5-2,1,3,15,25,25,19,19,25,17,25,,
2025-09-12,6421243,final,TRUE,Houston Christian,,4-5,Jackson St.,,0-7,3,1,23,25,25,23,25,13,25,21,,
2025-09-12,6421434,final,FALSE,Montana,,4-3,Indiana St.,,2-5,3,0,25,23,25,23,25,19,,,,
2025-09-12,6421687,final,FALSE,NJIT,,3-6,Lehigh,,6-2,0,3,14,25,13,25,18,25,,,,
2025-09-12,6421810,final,TRUE,Stonehill,,1-7,Columbia,,0-4,3,2,23,25,19,25,25,22,25,21,15,12
2025-09-12,6422009,final,TRUE,Wichita St.,,6-2,Samford,,2-4,3,0,25,15,25,20,25,12,,,,
2025-09-12,6422087,final,TRUE,UNLV,,5-2,Montana St.,,4-4,3,0,25,21,25,23,25,18,,,,
2025-09-12,6422374,final,FALSE,UAB,,5-2,Evansville,,3-5,3,2,25,11,25,17,23,25,22,25,15,11
2025-09-12,6422385,final,FALSE,Wisconsin,,5-1,Georgia Tech,,5-3,3,0,25,22,25,17,25,19,,,,
2025-09-12,6422515,final,TRUE,UAB,,5-3,Morehead St.,,5-3,0,3,22,25,27,29,22,25,,,,
2025-09-12,6422573,final,TRUE,Butler,,4-4,Montana,,5-3,0,3,19,25,17,25,12,25,,,,
2025-09-12,6422624,final,TRUE,Central Ark.,,2-4,Chicago St.,,0-5,3,0,25,15,25,9,25,23,,,,
2025-09-12,6423007,final,FALSE,Ark.-Pine Bluff,,0-8,Nicholls,,7-1,1,3,25,23,19,25,14,25,19,25,,
2025-09-12,6423252,final,FALSE,Morgan St.,,3-4,George Mason,,4-3,0,3,12,25,18,25,16,25,,,,
2025-09-12,6423375,final,TRUE,App State,,6-1,Michigan St.,,7-0,2,3,24,26,25,21,25,23,21,25,10,15
2025-09-12,6423635,final,TRUE,Dartmouth,,2-3,UAlbany,,5-2,0,3,20,25,15,25,20,25,,,,
2025-09-12,6423863,final,TRUE,Eastern Wash.,,0-8,CSU Bakersfield,,2-6,1,3,25,23,21,25,24,26,24,26,,
2025-09-12,6424098,final,FALSE,Utah,,5-2,Nebraska,,7-0,1,3,25,21,8,25,18,25,13,25,,
2025-09-12,6424145,final,TRUE,Southern Utah,,0-7,Texas Tech,,5-2,2,3,22,25,18,25,25,22,25,19,11,15
2025-09-12,6424147,final,FALSE,Texas Tech,,5-3,Northern Ariz.,,6-2,0,3,21,25,16,25,26,28,,,,
2025-09-12,6424897,final,TRUE,ULM,,5-3,Houston Christian,,3-5,0,3,19,25,29,31,23,25,,,,
2025-09-12,6425090,final,TRUE,Bellarmine,,4-4,NIU,,6-2,3,2,25,16,25,19,18,25,22,25,15,9
2025-09-12,6425156,final,FALSE,Sacred Heart,,1-6,Lehigh,,5-2,1,3,23,25,18,25,25,17,16,25,,
2025-09-12,6426282,final,FALSE,Central Conn. St.,,0-7,Providence,,5-3,1,3,21,25,25,23,23,25,11,25,,
2025-09-12,6426861,final,FALSE,Austin Peay,,1-6,SIUE,,3-4,2,3,12,25,25,20,25,15,18,25,11,15
2025-09-12,6427004,final,FALSE,New Hampshire,,5-3,Rutgers,,7-2,0,3,23,25,30,32,21,25,,,,
2025-09-12,6427054,final,TRUE,Murray St.,,2-6,Iowa,,7-1,0,3,11,25,15,25,23,25,,,,
2025-09-12,6427167,final,TRUE,Grambling,,0-5,Abilene Christian,,3-6,0,3,17,25,17,25,18,25,,,,
2025-09-12,6427847,final,FALSE,Kent St.,,4-4,North Dakota,,0-7,3,0,25,16,25,23,25,20,,,,
2025-09-12,6428705,final,TRUE,Saint Francis,,3-5,New Hampshire,,5-2,1,3,28,26,18,25,23,25,20,25,,
2025-09-12,6429744,final,TRUE,Marist,,1-7,Delaware St.,,4-4,0,3,16,25,17,25,23,25,,,,
2025-09-12,6439777,final,FALSE,Campbell,,6-2,Queens (NC),,6-3,3,2,25,22,24,26,19,25,25,18,16,14
2025-09-13,6386851,final,FALSE,Iona,,4-5,Coppin St.,,5-5,0,3,15,25,25,27,19,25,,,,
2025-09-13,6386854,final,TRUE,Iona,,4-6,Princeton,,3-2,0,3,15,25,18,25,13,25,,,,
2025-09-13,6387186,final,FALSE,Ga. Southern,,7-1,Georgia,,7-1,2,3,25,23,27,25,22,25,19,25,10,15
2025-09-13,6387304,final,TRUE,Miami (FL),,7-1,Illinois,,3-3,3,1,25,21,23,25,25,15,25,17,,
2025-09-13,6387310,final,TRUE,SFA,,4-4,Indiana,,8-0,0,3,15,25,14,25,16,25,,,,
2025-09-13,6387453,final,FALSE,Kansas City,,1-8,Bradley,,5-4,0,3,17,25,18,25,17,25,,,,
2025-09-13,6387579,final,FALSE,Winthrop,,4-4,Furman,,7-2,1,3,21,25,20,25,25,17,24,26,,
2025-09-13,6387740,final,TRUE,Denver,,5-2,Arkansas,,1-6,3,2,21,25,25,17,25,23,20,25,15,10
2025-09-13,6387856,final,TRUE,Utah St.,,1-6,UC Davis,,3-3,0,3,19,25,12,25,23,25,,,,
2025-09-13,6387891,final,FALSE,NIU,,7-2,IU Indy,,4-5,3,2,25,23,25,21,20,25,21,25,15,11
2025-09-13,6388334,final,TRUE,North Florida,,4-6,Alabama St.,,0-9,3,1,25,20,25,21,20,25,27,25,,
2025-09-13,6388678,final,FALSE,Niagara,,0-8,Buffalo,,3-3,0,3,18,25,23,25,21,25,,,,
2025-09-13,6388921,final,TRUE,Purdue,,6-1,Houston,,5-2,3,0,25,17,25,23,25,18,,,,
2025-09-13,6388964,final,TRUE,Youngstown St.,,4-4,Stetson,,3-5,2,3,25,23,25,11,23,25,23,25,11,15
2025-09-13,6389295,final,FALSE,Princeton,,4-2,Coppin St.,,5-6,3,0,25,11,25,19,25,21,,,,
2025-09-13,6389471,final,TRUE,Western Ky.,,6-2,VCU,,1-5,3,0,25,20,26,24,25,15,,,,
2025-09-13,6389922,final,TRUE,West Ga.,,1-9,UNC Greensboro,,5-4,3,2,26,28,25,22,20,25,25,19,15,12
2025-09-13,6389977,final,FALSE,Elon,,1-8,USC Upstate,,6-4,1,3,14,25,27,25,17,25,17,25,,
2025-09-13,6390105,final,TRUE,UNI,,4-4,Louisville,,6-1,1,3,18,25,23,25,25,21,17,25,,
2025-09-13,6390478,final,FALSE,Houston Christian,,5-5,Louisiana Tech,,5-5,3,1,28,26,22,25,26,24,25,23,,
2025-09-13,6390765,final,TRUE,Northwestern St.,,1-10,North Texas,,6-2,1,3,18,25,25,23,19,25,13,25,,
2025-09-13,6390782,final,TRUE,Brown,,2-3,Arkansas St.,,4-4,0,3,8,25,15,25,21,25,,,,
2025-09-13,6390810,final,TRUE,The Citadel,,0-8,Campbell,,7-2,0,3,14,25,12,25,16,25,,,,
2025-09-13,6390930,final,FALSE,SMU,,6-1,Kentucky,,4-2,1,3,28,26,22,25,18,25,23,25,,
2025-09-13,6391050,final,TRUE,UIW,,3-5,Tulsa,,6-2,2,3,14,25,25,17,25,21,18,25,10,15
2025-09-13,6391251,final,FALSE,Fla. Atlantic,,6-4,UCF,,7-1,1,3,23,25,11,25,28,26,16,25,,
2025-09-13,6391457,final,FALSE,Wofford,,2-5,Clemson,,9-0,2,3,15,25,13,25,25,20,26,24,14,16
2025-09-13,6391530,final,FALSE,UNLV,,5-3,Oregon St.,,5-3,1,3,25,18,20,25,18,25,24,26,,
2025-09-13,6391618,final,FALSE,Kansas,,6-4,South Dakota,,6-3,3,0,25,16,25,16,25,14,,,,
2025-09-13,6391750,final,FALSE,Bowling Green,,4-5,Loyola Chicago,,3-6,3,1,25,22,25,21,19,25,25,20,,
2025-09-13,6391762,final,TRUE,Ball St.,,4-4,Milwaukee,,0-8,3,0,25,17,25,11,25,15,,,,
2025-09-13,6392103,final,TRUE,Valparaiso,,6-3,Sacred Heart,,1-7,3,0,25,20,25,14,25,17,,,,
2025-09-13,6392106,final,FALSE,Valparaiso,,7-3,Lehigh,,6-3,3,1,22,25,25,15,25,15,25,20,,
2025-09-13,6392685,final,FALSE,New Haven,,1-6,New Mexico St.,,6-2,0,3,16,25,15,25,22,25,,,,
2025-09-13,6392879,final,TRUE,West Virginia,,8-0,Marist,,1-8,3,0,25,14,25,16,25,12,,,,
2025-09-13,6392925,final,TRUE,Mercyhurst,,2-8,Canisius,,1-8,3,2,25,19,25,23,18,25,19,25,16,14
2025-09-13,6392990,final,FALSE,UMBC,,1-6,George Mason,,5-3,1,3,18,25,25,21,19,25,20,25,,
2025-09-13,6393168,final,TRUE,Western Caro.,,4-5,Alabama,,6-1,0,3,18,25,17,25,19,25,,,,
2025-09-13,6393298,final,FALSE,Eastern Mich.,,7-3,Oakland,,0-9,3,1,22,25,25,15,25,20,25,23,,
2025-09-13,6393359,final,TRUE,Utah Valley,,3-6,Coastal Carolina,,6-2,1,3,22,25,27,25,21,25,24,26,,
2025-09-13,6393388,final,FALSE,Idaho St.,,2-7,Boise St.,,7-2,1,3,15,25,27,25,17,25,19,25,,
2025-09-13,6393718,final,TRUE,Jacksonville St.,,5-4,Central Mich.,,3-6,3,1,25,19,18,25,25,10,25,22,,
2025-09-13,6393731,final,FALSE,UT Martin,,1-7,Memphis,,7-2,1,3,25,15,12,25,18,25,18,25,,
2025-09-13,6394177,final,FALSE,Little Rock,,3-6,UT Arlington,,8-0,1,3,26,24,19,25,16,25,22,25,,
2025-09-13,6394284,final,FALSE,Quinnipiac,,2-6,Col. of Charleston,,5-4,0,3,20,25,16,25,18,25,,,,
2025-09-13,6394779,final,TRUE,East Texas A&M,,0-8,Notre Dame,,3-3,0,3,22,25,20,25,19,25,,,,
2025-09-13,6395006,final,TRUE,San Francisco,,2-5,Utah Tech,,7-2,0,3,22,25,19,25,19,25,,,,
2025-09-13,6395716,final,FALSE,N.C. A&T,,3-3,American,,7-2,0,3,15,25,21,25,16,25,,,,
2025-09-13,6396348,final,FALSE,Le Moyne,,1-7,Navy,,3-5,0,3,17,25,26,28,17,25,,,,
2025-09-13,6396364,final,FALSE,Hampton,,1-8,Navy,,4-5,0,3,15,25,17,25,18,25,,,,
2025-09-13,6396671,final,FALSE,Ohio St.,,2-4,Wright St.,,4-3,2,3,22,25,27,25,31,33,25,21,11,15
2025-09-13,6396724,final,FALSE,UConn,,7-1,Fairfield,,5-3,3,2,25,19,25,23,16,25,21,25,15,9
2025-09-13,6396919,final,FALSE,UIW,,3-6,Texas St.,,4-4,0,3,24,26,23,25,21,25,,,,
2025-09-13,6397590,final,FALSE,James Madison,,3-5,Marquette,,4-2,0,3,21,25,16,25,22,25,,,,
2025-09-13,6397812,final,TRUE,Middle Tenn.,,6-3,Southern Ind.,,2-8,3,1,32,30,18,25,25,17,25,22,,
2025-09-13,6397826,final,TRUE,Utah,,6-2,Drake,,3-5,3,0,25,11,28,26,25,19,,,,
2025-09-13,6397837,final,TRUE,Stony Brook,,3-5,St. Thomas (MN),,6-3,1,3,19,25,25,21,15,25,12,25,,
2025-09-13,6398081,final,TRUE,Lamar University,,4-7,UT Martin,,1-6,2,3,18,25,25,19,22,25,27,25,14,16
2025-09-13,6398333,final,TRUE,South Dakota St.,,5-1,South Fla.,,2-5,3,0,25,22,25,22,25,23,,,,
2025-09-13,6398958,final,FALSE,Northeastern,,4-4,Yale,,2-3,0,3,16,25,17,25,12,25,,,,
2025-09-13,6400023,final,TRUE,Villanova,,7-0,Delaware,,2-5,3,0,25,23,25,12,25,23,,,,
2025-09-13,6400236,final,FALSE,San Diego St.,,4-4,Long Beach St.,,4-4,1,3,25,19,23,25,11,25,21,25,,
2025-09-13,6400473,final,TRUE,San Diego,,4-3,Arizona,,6-2,3,2,31,29,25,19,20,25,20,25,16,14
2025-09-13,6400507,final,TRUE,South Carolina St.,,1-7,Charleston So.,,5-4,0,3,21,25,16,25,19,25,,,,
2025-09-13,6400827,final,FALSE,Northern Colo.,,2-7,UC Santa Barbara,,6-2,1,3,22,25,17,25,25,23,23,25,,
2025-09-13,6401215,final,TRUE,California,,3-4,San Jose St.,,3-3,0,3,17,25,15,25,20,25,,,,
2025-09-13,6401292,final,FALSE,Jacksonville,,7-2,Bethune-Cookman,,3-6,3,0,25,23,25,14,25,21,,,,
2025-09-13,6401768,final,FALSE,New Mexico,,7-2,California Baptist,,4-5,1,3,22,25,20,25,25,18,16,25,,
2025-09-13,6401808,final,TRUE,Pacific,,4-4,Eastern Wash.,,1-8,2,3,25,14,13,25,23,25,25,18,8,15
2025-09-13,6402163,final,TRUE,Butler,,4-5,Eastern Ill.,,6-2,1,3,21,25,25,22,21,25,20,25,,
2025-09-13,6402174,final,TRUE,Eastern Ill.,,5-2,Montana,,6-3,1,3,22,25,29,27,20,25,26,28,,
2025-09-13,6402209,final,FALSE,Bucknell,,3-6,Binghamton,,4-6,2,3,27,25,19,25,25,18,20,25,12,15
2025-09-13,6402524,final,FALSE,Lipscomb,,3-5,CSUN,,5-3,3,1,25,21,19,25,25,22,25,23,,
2025-09-13,6402787,final,FALSE,Toledo,,6-2,Colorado,,8-0,0,3,22,25,15,25,15,25,,,,
2025-09-13,6403294,final,TRUE,Western Mich.,,1-9,BYU,,9-0,0,3,17,25,18,25,17,25,,,,
2025-09-13,6403555,final,FALSE,Loyola Maryland,,2-6,George Washington,,4-4,0,3,11,25,18,25,19,25,,,,
2025-09-13,6403780,final,TRUE,Seton Hall,,4-4,Washington St.,,5-3,1,3,25,23,18,25,21,25,15,25,,
2025-09-13,6403795,final,FALSE,Army West Point,,6-3,Bryant,,3-6,3,1,18,25,25,17,25,21,25,20,,
2025-09-13,6404464,final,TRUE,UMES,,2-8,Robert Morris,,2-7,0,3,17,25,21,25,23,25,,,,
2025-09-13,6405201,final,TRUE,Omaha,,3-3,Saint Louis,,5-3,3,1,25,17,23,25,25,17,25,21,,
2025-09-13,6405232,final,FALSE,Delaware St.,,4-6,St. John's (NY),,2-7,1,3,22,25,22,25,25,21,19,25,,
2025-09-13,6405481,final,FALSE,Dayton,,3-4,Minnesota,,7-1,0,3,22,25,21,25,22,25,,,,
2025-09-13,6406119,final,FALSE,Colgate,,4-5,Syracuse,,6-2,3,1,25,22,25,21,17,25,27,25,,
2025-09-13,6406215,final,FALSE,Merrimack,,1-6,Providence,,6-3,0,3,8,25,13,25,15,25,,,,
2025-09-13,6406675,final,TRUE,Northwestern,,8-1,Cornell,,3-3,3,1,25,22,22,25,25,16,25,17,,
2025-09-13,6406693,final,TRUE,Western Ill.,,1-8,UAB,,6-3,1,3,25,18,22,25,14,25,18,25,,
2025-09-13,6407381,final,FALSE,Temple,,6-3,Fordham,,5-4,3,1,25,18,22,25,25,23,25,20,,
2025-09-13,6407415,final,TRUE,Portland St.,,4-5,Cal St. Fullerton,,4-5,3,0,25,22,25,18,25,23,,,,
2025-09-13,6407650,final,FALSE,Alabama A&M,,7-2,New Orleans,,4-5,3,1,25,17,22,25,25,18,25,18,,
2025-09-13,6407680,final,TRUE,Gonzaga,,6-3,Bellarmine,,4-5,3,1,22,25,25,10,25,17,25,20,,
2025-09-13,6408068,final,FALSE,Rice,,2-5,Creighton,,4-4,0,3,16,25,19,25,18,25,,,,
2025-09-13,6408493,final,FALSE,Chicago St.,,0-6,UIC,,4-4,0,3,14,25,9,25,22,25,,,,
2025-09-13,6408783,final,TRUE,UC San Diego,,1-8,Texas Tech,,6-3,2,3,16,25,25,23,20,25,25,21,7,15
2025-09-13,6408941,final,FALSE,Northern Ky.,,3-6,Eastern Ky.,,7-3,2,3,26,28,25,23,20,25,25,14,11,15
2025-09-13,6409154,final,TRUE,Ohio,,2-6,Pittsburgh,,7-2,0,3,16,25,15,25,12,25,,,,
2025-09-13,6409597,final,TRUE,Xavier,,9-1,Southern Ill.,,4-5,3,0,27,25,25,23,25,16,,,,
2025-09-13,6409801,final,FALSE,High Point,,2-6,ETSU,,4-5,2,3,25,16,18,25,25,23,20,25,11,15
2025-09-13,6409936,final,TRUE,Green Bay,,1-7,FGCU,,4-4,1,3,25,23,27,29,20,25,19,25,,
2025-09-13,6410122,final,FALSE,Southern U.,,2-6,Nicholls,,9-1,0,3,20,25,16,25,21,25,,,,
2025-09-13,6410265,final,TRUE,Oregon,,7-1,UC Riverside,,2-6,3,1,25,21,16,25,25,22,25,12,,
2025-09-13,6410326,final,TRUE,UAlbany,,5-3,Sacramento St.,,4-5,0,3,21,25,18,25,20,25,,,,
2025-09-13,6410395,final,FALSE,Sam Houston,,6-4,A&M-Corpus Christi,,3-5,3,2,13,25,18,25,25,22,26,24,15,11
2025-09-13,6410408,final,TRUE,Prairie View,,2-7,Sam Houston,,5-4,1,3,25,23,12,25,31,33,21,25,,
2025-09-13,6410861,final,FALSE,Charlotte,,6-3,UNCW,,1-8,3,0,25,18,25,18,25,13,,,,
2025-09-13,6411184,final,TRUE,FIU,,4-4,Presbyterian,,2-6,3,0,25,22,25,21,25,14,,,,
2025-09-13,6411424,final,TRUE,Texas Southern,,1-9,UCLA,,4-3,0,3,4,25,13,25,12,25,,,,
2025-09-13,6412088,final,FALSE,Liberty,,8-1,William & Mary,,4-4,3,1,25,21,17,25,25,19,25,9,,
2025-09-13,6412213,final,FALSE,Norfolk St.,,0-9,William & Mary,,4-3,0,3,24,26,19,25,22,25,,,,
2025-09-13,6413632,final,TRUE,Hofstra,,6-0,FDU,,2-7,3,0,25,16,25,19,25,13,,,,
2025-09-13,6414130,final,FALSE,CSU Bakersfield,,3-6,Nevada,,3-5,3,0,27,25,25,23,25,14,,,,
2025-09-13,6414303,final,FALSE,Mississippi Val.,,3-3,Fisk,,,0,3,16,25,18,25,15,25,,,,
2025-09-13,6414307,final,TRUE,Mississippi Val.,,3-4,Lindsey Wilson,,,1,3,15,25,15,25,26,24,16,25,,
2025-09-13,6414433,final,TRUE,Akron,,5-3,Northern Ky.,,3-5,0,3,21,25,19,25,19,25,,,,
2025-09-13,6414435,final,TRUE,UTRGV,,3-5,Akron,,5-4,3,0,25,14,26,24,25,14,,,,
2025-09-13,6415312,final,FALSE,Saint Mary's (CA),,1-7,Oklahoma,,7-1,0,3,19,25,20,25,21,25,,,,
2025-09-13,6416390,final,TRUE,Hampton,,1-7,Gardner-Webb,,6-4,1,3,25,19,17,25,18,25,21,25,,
2025-09-13,6416745,final,FALSE,Oral Roberts,,0-8,UTEP,,8-1,0,3,12,25,17,25,16,25,,,,
2025-09-13,6416935,final,FALSE,Georgetown,,4-5,Morgan St.,,3-5,3,0,25,11,25,23,25,23,,,,
2025-09-13,6416997,final,FALSE,Central Ark.,,2-6,DePaul,,4-3,0,3,19,25,16,25,18,25,,,,
2025-09-13,6417135,final,FALSE,Samford,,4-4,Tennessee Tech,,2-7,3,2,20,25,18,25,25,19,25,21,15,11
2025-09-13,6417190,final,TRUE,Air Force,,8-1,Austin Peay,,1-8,3,0,25,22,25,21,25,18,,,,
2025-09-13,6417261,final,TRUE,Weber St.,,8-1,Iowa,,7-2,3,2,25,23,21,25,25,16,22,25,15,9
2025-09-13,6417550,final,FALSE,Michigan,,7-1,Virginia,,5-3,3,0,25,20,25,19,26,24,,,,
2025-09-13,6417958,final,FALSE,Kent St.,,4-5,North Dakota St.,,6-1,0,3,20,25,19,25,21,25,,,,
2025-09-13,6418083,final,FALSE,Columbia,,1-5,Siena,,3-6,3,1,25,22,23,25,25,15,25,19,,
2025-09-13,6418281,final,FALSE,Grand Canyon,,6-2,Nebraska,,8-0,0,3,12,25,23,25,18,25,,,,
2025-09-13,6420564,final,FALSE,Duquesne,,7-2,Miami (OH),,5-5,2,3,22,25,23,25,25,20,25,20,8,15
2025-09-13,6420951,final,FALSE,Seattle U,,6-3,SIUE,,5-4,2,3,25,20,13,25,18,25,25,22,13,15
2025-09-13,6421244,final,FALSE,Jackson St.,,0-8,ULM,,6-4,1,3,26,28,17,25,25,15,23,25,,
2025-09-13,6421437,final,FALSE,Butler,,5-5,Indiana St.,,3-6,3,0,25,23,26,24,25,23,,,,
2025-09-13,6421690,final,TRUE,Sacred Heart,,2-7,NJIT,,3-7,3,1,26,28,25,18,25,20,25,14,,
2025-09-13,6421814,final,TRUE,Columbia,,0-5,Belmont,,7-1,2,3,25,23,19,25,25,18,21,25,16,18
2025-09-13,6422224,final,FALSE,New Hampshire,,5-4,Rider,,2-5,2,3,12,25,27,25,25,20,17,25,13,15
2025-09-13,6422228,final,FALSE,Saint Francis,,4-5,Rider,,2-6,3,0,25,19,25,18,25,21,,,,
2025-09-13,6422376,final,FALSE,Morehead St.,,6-3,Evansville,,4-6,3,0,25,17,26,24,25,17,,,,
2025-09-13,6422757,final,TRUE,Stonehill,,1-9,Belmont,,8-1,0,3,13,25,22,25,17,25,,,,
2025-09-13,6423008,final,FALSE,Grambling,,0-6,Nicholls,,8-1,0,3,19,25,21,25,17,25,,,,
2025-09-13,6423611,final,TRUE,Abilene Christian,,4-6,Ark.-Pine Bluff,,0-9,3,0,25,13,25,17,25,12,,,,
2025-09-13,6423640,final,FALSE,Dartmouth,,2-4,Boston College,,8-0,1,3,16,25,25,19,17,25,12,25,,
2025-09-13,6424979,final,TRUE,Holy Cross,,3-6,Central Conn. St.,,1-7,0,3,15,25,16,25,22,25,,,,
2025-09-13,6424984,final,FALSE,Holy Cross,,3-7,Providence,,7-3,0,3,19,25,17,25,22,25,,,,
2025-09-13,6424991,final,TRUE,Liberty,,7-1,East Carolina,,7-1,3,2,25,11,33,35,25,23,22,25,16,14
2025-09-13,6426018,final,TRUE,Montana St.,,4-5,UC Irvine,,4-5,1,3,25,21,13,25,19,25,15,25,,
2025-09-13,6426350,final,TRUE,Tennessee,,6-1,Delaware St.,,4-5,3,0,25,19,25,10,25,17,,,,
2025-09-13,6426501,final,TRUE,Penn,,3-2,Lafayette,,2-8,3,0,25,16,25,20,25,20,,,,
2025-09-13,6426502,final,FALSE,Penn,,3-3,Towson,,9-2,1,3,21,25,17,25,25,18,25,27,,
2025-09-13,6426853,final,FALSE,Tulane,,5-3,South Alabama,,4-3,1,3,26,28,17,25,25,21,22,25,,
2025-09-13,6426972,final,TRUE,Northwestern,,7-1,Niagara,,0-7,3,0,25,12,25,23,25,19,,,,
2025-09-13,6427061,final,FALSE,Murray St.,,2-7,Southeast Mo. St.,,5-4,0,3,19,25,13,25,15,25,,,,
2025-09-13,6427076,final,FALSE,App State,,7-1,Kennesaw St.,,4-3,3,2,20,25,25,23,25,18,23,25,15,11
2025-09-13,6427301,final,TRUE,Mississippi St.,,8-0,Mercer,,1-9,3,0,26,24,25,9,25,22,,,,
2025-09-13,6427724,final,FALSE,Cincinnati,,6-2,Illinois St.,,4-4,3,1,25,14,21,25,25,19,25,15,,
2025-09-13,6427848,final,FALSE,Idaho,,2-7,North Dakota,,1-7,0,3,19,25,23,25,27,29,,,,
2025-09-13,6427944,final,FALSE,UNC Asheville,,2-8,Queens (NC),,7-3,1,3,25,17,24,26,19,25,20,25,,
2025-09-13,6429741,final,FALSE,Lafayette,,2-7,Towson,,8-2,1,3,27,25,20,25,27,29,20,25,,
2025-09-13,6429743,final,FALSE,Georgia St.,,7-1,Florida A&M,,2-6,3,1,25,19,19,25,25,10,25,14,,
2025-09-13,6429754,final,FALSE,Southern Utah,,1-8,Northern Ariz.,,7-2,0,3,15,25,20,25,19,25,,,,
2025-09-13,6439046,final,FALSE,Cleveland St.,,0-8,NC State,,6-1,0,3,18,25,21,25,19,25,,,,
2025-09-13,6455848,final,TRUE,Maryland,,5-2,Davidson,,4-4,3,2,25,20,22,25,19,25,25,21,15,12
2025-09-13,6457240,final,FALSE,Paul Quinn,,,Alcorn,,0-7,3,1,15,25,25,21,25,18,25,20,,
2025-09-14,6387187,final,FALSE,FIU,,5-4,Georgia,,7-2,3,0,25,23,25,22,25,20,,,,
2025-09-14,6387306,final,FALSE,Illinois,,4-3,Illinois St.,,4-5,3,0,25,17,25,18,26,24,,,,
2025-09-14,6387858,final,FALSE,UC Davis,,3-4,Stanford,,6-2,0,3,10,25,16,25,18,25,,,,
2025-09-14,6388681,final,FALSE,Cornell,,4-3,Buffalo,,3-4,3,1,25,22,25,23,21,25,25,13,,
2025-09-14,6388927,final,FALSE,Houston,,5-3,Kentucky,,5-2,0,3,16,25,23,25,13,25,,,,
2025-09-14,6388980,final,TRUE,Quinnipiac,,2-7,Youngstown St.,,5-4,2,3,20,25,25,21,25,20,17,25,12,15
2025-09-14,6390106,final,FALSE,UNI,,4-5,Creighton,,5-4,0,3,13,25,20,25,17,25,,,,
2025-09-14,6390163,final,FALSE,Maryland,,5-3,Wake Forest,,4-4,1,3,25,21,23,25,22,25,22,25,,
2025-09-14,6390409,final,TRUE,Presbyterian,,2-7,Ga. Southern,,8-1,1,3,16,25,16,25,25,21,20,25,,
2025-09-14,6390748,final,FALSE,Omaha,,3-4,Iowa St.,,7-1,1,3,14,25,22,25,25,19,21,25,,
2025-09-14,6390784,final,FALSE,Brown,,3-3,UCF,,7-2,3,1,25,20,32,30,17,25,25,16,,
2025-09-14,6390932,final,TRUE,Purdue,,7-1,SMU,,6-2,3,1,23,25,25,22,27,25,25,18,,
2025-09-14,6391014,final,FALSE,Villanova,,8-0,Old Dominion,,2-6,3,1,25,19,25,21,22,25,25,14,,
2025-09-14,6391759,final,FALSE,Milwaukee,,0-9,Marquette,,5-2,0,3,17,25,20,25,19,25,,,,
2025-09-14,6392882,final,TRUE,West Virginia,,9-0,Delaware St.,,4-7,3,0,25,14,25,17,25,14,,,,
2025-09-14,6392994,final,FALSE,UMBC,,1-7,Georgetown,,5-5,2,3,25,23,25,21,15,25,21,25,17,19
2025-09-14,6393845,final,FALSE,Alabama,,7-1,North Ala.,,5-5,3,1,17,25,25,22,25,20,25,19,,
2025-09-14,6394286,final,FALSE,Stetson,,3-6,Col. of Charleston,,6-4,0,3,21,25,17,25,18,25,,,,
2025-09-14,6394682,final,FALSE,American,,7-3,Howard,,5-3,0,3,20,25,20,25,27,29,,,,
2025-09-14,6396768,final,FALSE,Northeastern,,4-5,UConn,,8-1,0,3,21,25,22,25,21,25,,,,
2025-09-14,6398387,final,TRUE,South Fla.,,3-5,Dayton,,3-5,3,2,29,27,19,25,16,25,25,18,27,25
2025-09-14,6400353,final,FALSE,Mississippi St.,,9-0,Southern Miss.,,5-3,3,1,25,22,25,19,23,25,25,22,,
2025-09-14,6401775,final,FALSE,Arizona St.,,6-2,Texas,,6-0,0,3,18,25,28,30,15,25,,,,
2025-09-14,6402874,final,FALSE,Denver,,5-3,Colorado,,9-0,0,3,20,25,23,25,15,25,,,,
2025-09-14,6402941,final,FALSE,San Jose St.,,3-4,Cal Poly,,6-3,0,3,20,25,14,25,20,25,,,,
2025-09-14,6403553,final,FALSE,Loyola Maryland,,2-7,George Mason,,6-3,1,3,17,25,24,26,25,23,17,25,,
2025-09-14,6403789,final,FALSE,Seton Hall,,5-4,Harvard,,0-5,3,2,25,23,25,18,15,25,23,25,15,7
2025-09-14,6405234,final,FALSE,Tennessee,,7-1,St. John's (NY),,2-8,3,0,25,11,25,12,25,16,,,,
2025-09-14,6406160,final,FALSE,Temple,,6-4,Hofstra,,7-0,1,3,28,26,15,25,25,27,20,25,,
2025-09-14,6406223,final,TRUE,Merrimack,,2-6,Central Conn. St.,,1-8,3,2,21,25,25,19,22,25,27,25,15,13
2025-09-14,6406322,final,FALSE,Baylor,,5-2,Florida,,5-2,2,3,20,25,25,22,25,27,25,22,9,15
2025-09-14,6407716,final,FALSE,Stony Brook,,4-5,Bryant,,3-7,3,0,25,21,25,23,25,15,,,,
2025-09-14,6408910,final,FALSE,North Texas,,7-2,UT Arlington,,8-1,3,2,23,25,25,18,23,25,27,25,15,7
2025-09-14,6408927,final,TRUE,Arkansas,,2-6,Toledo,,6-3,3,2,25,17,21,25,26,24,24,26,15,8
2025-09-14,6409077,final,FALSE,Southeastern La.,,5-3,LSU,,6-2,0,3,18,25,17,25,24,26,,,,
2025-09-14,6409160,final,FALSE,Ohio,,2-7,Wright St.,,5-3,0,3,13,25,16,25,17,25,,,,
2025-09-14,6410050,final,TRUE,James Madison,,4-5,Ball St.,,4-5,3,2,21,25,19,25,27,25,25,14,15,9
2025-09-14,6414810,final,FALSE,Auburn,,6-2,Florida St.,,4-3,1,3,25,21,18,25,22,25,14,25,,
2025-09-14,6417006,final,FALSE,Chicago St.,,0-7,DePaul,,5-3,0,3,19,25,17,25,13,25,,,,
2025-09-14,6418213,final,FALSE,Grambling,,0-7,New Orleans,,5-5,0,3,21,25,18,25,13,25,,,,
2025-09-14,6421067,final,FALSE,Prairie View,,2-8,A&M-Corpus Christi,,4-5,0,3,17,25,17,25,19,25,,,,
2025-09-14,6421218,final,FALSE,Coastal Carolina,,7-2,NC State,,6-2,3,1,25,22,15,25,25,18,30,28,,
2025-09-14,6422829,final,FALSE,San Diego,,5-3,Washington,,4-4,3,2,23,25,25,20,19,25,25,21,15,12
2025-09-14,6422927,final,FALSE,CSUN,,5-4,Fresno St.,,3-5,2,3,25,20,20,25,25,22,23,25,14,16
2025-09-14,6423443,final,TRUE,Louisville,,7-1,Rice,,2-6,3,1,22,25,28,26,25,14,25,15,,
2025-09-14,6423800,final,FALSE,South Dakota St.,,5-2,Minnesota,,8-1,1,3,23,25,28,26,18,25,20,25,,
2025-09-14,6425107,final,FALSE,Morgan St.,,3-6,George Washington,,5-4,0,3,18,25,20,25,14,25,,,,
2025-09-14,6425895,final,FALSE,UAlbany,,5-4,Boston College,,9-0,2,3,25,17,23,25,18,25,25,19,14,16
2025-09-14,6426950,final,TRUE,Duke,,3-6,Cleveland St.,,1-8,1,3,25,21,21,25,22,25,17,25,,
2025-09-14,6438017,final,FALSE,Troy,,2-4,Kennesaw St.,,5-3,0,3,22,25,23,25,24,26,,,,
2025-09-15,6391053,final,FALSE,Tulsa,,7-2,Abilene Christian,,4-7,3,0,31,29,25,21,25,19,,,,
2025-09-15,6391502,final,FALSE,Wofford,,2-6,South Carolina,,5-4,1,3,23,25,21,25,25,23,16,25,,
2025-09-15,6393209,final,FALSE,Northwestern,,9-1,Rhode Island,,2-8,3,0,25,15,25,16,25,20,,,,
2025-09-15,6395606,final,FALSE,Radford,,2-8,Liberty,,9-1,2,3,16,25,25,18,25,21,21,25,13,15
2025-09-15,6423690,final,FALSE,Georgia St.,,7-2,Florida St.,,5-3,1,3,14,25,25,21,18,25,16,25,,
2025-09-15,6427608,final,FALSE,South Carolina St.,,2-7,Claflin,,0-5,3,0,25,23,25,23,25,17,,,,
2025-09-16,6389298,final,FALSE,Maryland,,6-3,Coppin St.,,5-7,3,2,21,25,25,18,25,21,20,25,15,10
2025-09-16,6389475,final,FALSE,Vanderbilt,,3-5,Western Ky.,,6-3,3,0,25,22,25,21,25,23,,,,
2025-09-16,6389679,final,FALSE,Santa Clara,,4-5,San Jose St.,,3-5,3,2,21,25,18,25,26,24,25,16,17,15
2025-09-16,6390165,final,FALSE,Wake Forest,,4-5,East Carolina,,8-1,2,3,20,25,25,11,25,19,18,25,17,19
2025-09-16,6391259,final,FALSE,Baylor,,6-2,UCF,,7-3,3,0,25,16,25,17,25,23,,,,
2025-09-16,6391628,final,FALSE,Kansas,,7-4,Wichita St.,,6-3,3,0,28,26,25,14,25,16,,,,
2025-09-16,6393360,final,FALSE,Utah St.,,2-6,Utah Valley,,3-7,3,2,21,25,25,20,18,25,25,22,15,12
2025-09-16,6393734,final,FALSE,Memphis,,7-3,Ole Miss,,5-3,0,3,23,25,22,25,19,25,,,,
2025-09-16,6393737,final,FALSE,Alcorn,,0-8,ULM,,7-4,0,3,17,25,10,25,10,25,,,,
2025-09-16,6394116,final,FALSE,Pepperdine,,5-3,UC Santa Barbara,,6-3,3,2,23,25,21,25,25,22,25,19,15,12
2025-09-16,6394203,final,FALSE,Weber St.,,8-2,BYU,,10-0,0,3,15,25,25,27,19,25,,,,
2025-09-16,6397909,final,FALSE,Western Ill.,,2-8,Kansas City,,1-9,3,0,25,22,25,20,27,25,,,,
2025-09-16,6398234,final,FALSE,Tarleton St.,,4-5,SFA,,5-4,0,3,16,25,22,25,24,26,,,,
2025-09-16,6398684,final,FALSE,App State,,7-2,North Carolina,,6-1,1,3,17,25,25,20,15,25,18,25,,
2025-09-16,6400488,final,FALSE,UTEP,,9-1,Arizona,,6-3,3,1,25,19,21,25,25,17,25,18,,
2025-09-16,6406232,final,FALSE,Merrimack,,2-7,New Hampshire,,6-4,0,3,18,25,20,25,20,25,,,,
2025-09-16,6408089,final,FALSE,Nebraska,,9-0,Creighton,,5-5,3,2,25,17,21,25,25,18,24,26,15,9
2025-09-16,6410127,final,FALSE,Southern U.,,2-7,McNeese,,4-5,1,3,22,25,25,15,16,25,21,25,,
2025-09-16,6414172,final,FALSE,Lamar University,,4-8,ULM,,8-4,2,3,25,18,27,25,21,25,16,25,13,15
2025-09-16,6418392,final,FALSE,N.C. Central,,2-7,UNC Asheville,,3-8,1,3,21,25,25,21,18,25,21,25,,
2025-09-16,6426856,final,FALSE,South Alabama,,4-4,Mississippi St.,,10-0,1,3,16,25,29,27,21,25,22,25,,
2025-09-16,6428012,final,FALSE,New Mexico St.,,6-3,New Mexico,,8-2,2,3,21,25,25,22,25,19,19,25,11,15
2025-09-17,6386856,final,FALSE,Columbia,,2-5,Iona,,4-7,3,1,25,22,25,15,27,29,25,14,,
2025-09-17,6387860,final,FALSE,UC Davis,,4-4,California,,3-5,3,2,20,25,25,19,25,22,19,25,15,11
2025-09-17,6388570,final,FALSE,Iowa St.,,8-1,Iowa,,7-3,3,2,25,23,25,13,21,25,21,25,15,12
2025-09-17,6391715,final,FALSE,Oakland,,0-10,Bowling Green,,5-5,0,3,17,25,14,25,18,25,,,,
2025-09-17,6391755,final,FALSE,DePaul,,6-3,Milwaukee,,0-10,3,2,32,34,20,25,25,16,25,19,18,16
2025-09-17,6392970,final,FALSE,TCU,,7-2,Texas,,7-0,0,3,12,25,17,25,18,25,,,,
2025-09-17,6393748,final,FALSE,Alcorn,,0-9,Nicholls,,10-1,0,3,25,27,14,25,14,25,,,,
2025-09-17,6395007,final,FALSE,San Jose St.,,4-5,San Francisco,,2-6,3,2,23,25,22,25,25,23,25,21,15,7
2025-09-17,6397616,final,FALSE,Wisconsin,,6-1,Marquette,,5-3,3,0,25,15,25,14,25,18,,,,
2025-09-17,6403110,final,FALSE,Central Mich.,,3-7,Michigan,,8-1,0,3,17,25,22,25,16,25,,,,
2025-09-17,6407655,final,FALSE,Alabama A&M,,8-2,Tennessee St.,,1-7,3,0,25,10,25,19,25,22,,,,
2025-09-17,6414447,final,FALSE,Fairfield,,5-4,Bryant,,4-7,1,3,22,25,25,23,16,25,23,25,,
2025-09-17,6414758,final,FALSE,Canisius,,2-8,Le Moyne,,1-8,3,0,25,18,25,23,25,21,,,,
2025-09-17,6418477,final,FALSE,Washington,,5-4,Washington St.,,5-4,3,1,23,25,25,22,26,24,25,19,,
2025-09-17,6419039,final,FALSE,Pittsburgh,,8-2,Penn St.,,4-4,3,1,25,23,25,17,23,25,25,17,,
2025-09-17,6421704,final,FALSE,NJIT,,3-8,Penn,,4-3,0,3,14,25,18,25,17,25,,,,
2025-09-17,6424986,final,FALSE,Stonehill,,1-10,Holy Cross,,4-7,0,3,20,25,23,25,12,25,,,,
2025-09-17,6426286,final,FALSE,Sacred Heart,,3-7,Central Conn. St.,,1-9,3,2,16,25,14,25,25,22,25,16,15,9
2025-09-17,6428013,final,FALSE,New Mexico,,8-3,New Mexico St.,,7-3,2,3,18,25,25,23,25,18,23,25,7,15
2025-09-18,6387584,final,FALSE,Charlotte,,7-3,Furman,,7-3,3,1,25,22,21,25,25,17,29,27,,
2025-09-18,6387749,final,FALSE,Denver,,6-3,Air Force,,8-2,3,0,25,21,25,22,25,23,,,,
2025-09-18,6388290,final,FALSE,Eastern Mich.,,7-4,IU Indy,,5-5,1,3,25,19,24,26,11,25,19,25,,
2025-09-18,6388985,final,FALSE,Akron,,6-4,Youngstown St.,,5-5,3,1,23,25,25,15,25,18,25,18,,
2025-09-18,6389301,final,FALSE,Coppin St.,,6-7,George Mason,,6-4,3,2,25,23,19,25,25,18,24,26,15,11
2025-09-18,6389985,final,FALSE,Northern Ariz.,,8-2,USC Upstate,,6-5,3,1,20,25,25,22,25,22,25,18,,
2025-09-18,6390111,final,TRUE,UNI,,5-5,Tennessee Tech,,2-8,3,0,25,14,25,17,25,13,,,,
2025-09-18,6390167,final,FALSE,N.C. A&T,,3-4,Wake Forest,,5-5,0,3,18,25,19,25,15,25,,,,
2025-09-18,6390312,final,FALSE,Utah Valley,,4-7,Weber St.,,8-3,3,1,25,21,23,25,25,23,25,22,,
2025-09-18,6390411,final,FALSE,South Carolina St.,,2-8,Ga. Southern,,9-1,0,3,10,25,17,25,18,25,,,,
2025-09-18,6390480,final,TRUE,North Texas,,8-2,Louisiana Tech,,5-6,3,2,25,27,19,25,25,14,25,15,15,10
2025-09-18,6390937,final,FALSE,SMU,,7-2,SFA,,5-5,3,0,25,22,25,11,25,16,,,,
2025-09-18,6391470,final,FALSE,Georgetown,,6-6,Clemson,,10-0,2,3,25,23,22,25,15,25,25,21,7,15
2025-09-18,6391510,final,FALSE,Gardner-Webb,,6-5,Wofford,,3-6,0,3,13,25,22,25,11,25,,,,
2025-09-18,6391536,final,FALSE,Oregon,,8-1,Oregon St.,,5-4,3,1,23,25,25,20,27,25,27,25,,
2025-09-18,6392009,final,TRUE,North Dakota St.,,6-2,Arkansas St.,,5-4,1,3,22,25,18,25,25,23,19,25,,
2025-09-18,6392884,final,TRUE,West Virginia,,10-0,Florida A&M,,2-7,3,0,25,14,25,14,28,26,,,,
2025-09-18,6393171,final,FALSE,Western Caro.,,4-6,Winthrop,,5-4,0,3,14,25,21,25,13,25,,,,
2025-09-18,6393724,final,FALSE,Jacksonville St.,,5-5,Jacksonville,,8-2,2,3,12,25,30,28,25,22,22,25,10,15
2025-09-18,6393736,final,FALSE,Memphis,,7-4,Alabama,,8-1,1,3,8,25,19,25,27,25,23,25,,
2025-09-18,6394117,final,TRUE,Pepperdine,,5-4,Grand Canyon,,7-2,2,3,25,18,25,21,17,25,24,26,12,15
2025-09-18,6394613,final,FALSE,Coastal Carolina,,7-3,Miami (FL),,8-1,1,3,8,25,25,22,16,25,18,25,,
2025-09-18,6394685,final,FALSE,High Point,,2-7,Howard,,6-3,0,3,22,25,17,25,20,25,,,,
2025-09-18,6395008,final,FALSE,CSUN,,6-4,San Francisco,,2-7,3,1,23,25,25,13,25,16,25,17,,
2025-09-18,6395656,final,TRUE,Middle Tenn.,,7-3,Radford,,2-9,3,1,25,20,25,23,17,25,26,24,,
2025-09-18,6395984,final,FALSE,Kentucky,,6-2,Louisville,,7-2,3,2,21,25,25,21,24,26,25,12,15,7
2025-09-18,6397791,final,FALSE,Villanova,,8-1,South Dakota,,7-3,1,3,19,25,19,25,25,22,23,25,,
2025-09-18,6397851,final,TRUE,Wichita St.,,7-3,Drake,,3-6,3,1,25,14,22,25,25,23,25,21,,
2025-09-18,6397854,final,FALSE,Southern Ind.,,3-8,Evansville,,4-7,3,1,25,20,25,22,23,25,25,20,,
2025-09-18,6397880,final,FALSE,St. Thomas (MN),,7-3,Northwestern,,9-2,3,0,25,15,25,17,25,20,,,,
2025-09-18,6400257,final,FALSE,Long Beach St.,,5-4,Wyoming,,3-6,3,2,17,25,25,23,22,25,25,18,15,13
2025-09-18,6400560,final,TRUE,Norfolk St.,,0-11,Charleston So.,,6-4,0,3,19,25,18,25,23,25,,,,
2025-09-18,6401786,final,TRUE,California Baptist,,4-6,Utah,,7-2,1,3,25,20,27,29,15,25,16,25,,
2025-09-18,6401819,final,TRUE,Fresno St.,,3-6,Pacific,,5-4,0,3,25,27,23,25,19,25,,,,
2025-09-18,6402215,final,FALSE,Binghamton,,4-7,Michigan St.,,8-0,0,3,30,32,12,25,23,25,,,,
2025-09-18,6402543,final,FALSE,UC Irvine,,4-6,Lipscomb,,4-5,0,3,23,25,17,25,19,25,,,,
2025-09-18,6402884,final,FALSE,Colorado,,9-1,Colorado St.,,5-4,0,3,21,25,18,25,17,25,,,,
2025-09-18,6402966,final,FALSE,Saint Mary's (CA),,1-8,Cal Poly,,7-3,2,3,25,13,27,25,17,25,18,25,13,15
2025-09-18,6403219,final,TRUE,Portland,,5-4,Idaho St.,,3-7,1,3,23,25,16,25,26,24,21,25,,
2025-09-18,6403321,final,FALSE,BYU,,11-0,Utah St.,,2-7,3,0,25,18,25,19,25,22,,,,
2025-09-18,6405203,final,FALSE,Missouri St.,,4-5,Saint Louis,,6-3,2,3,25,21,13,25,11,25,25,23,13,15
2025-09-18,6406708,final,FALSE,Chicago St.,,0-8,Western Ill.,,3-8,0,3,20,27,15,25,22,25,,,,
2025-09-18,6407663,final,TRUE,Alabama A&M,,8-3,Kennesaw St.,,6-3,0,3,19,25,17,25,14,25,,,,
2025-09-18,6407704,final,FALSE,Montana,,7-3,Gonzaga,,6-4,3,2,23,25,25,18,25,23,21,25,15,10
2025-09-18,6408409,final,FALSE,ETSU,,5-5,Virginia Tech,,8-2,3,1,25,9,19,25,25,23,25,19,,
2025-09-18,6408784,final,FALSE,UC San Diego,,1-9,San Diego St.,,5-4,1,3,16,25,24,26,25,18,18,25,,
2025-09-18,6409081,final,FALSE,Southeastern La.,,5-4,Texas A&M,,6-2,0,3,16,25,15,25,18,25,,,,
2025-09-18,6409615,final,FALSE,Xavier,,10-1,Morehead St.,,6-4,3,1,25,22,22,25,25,18,25,21,,
2025-09-18,6409705,final,FALSE,West Ga.,,1-10,Mercer,,2-9,0,3,20,25,21,25,23,25,,,,
2025-09-18,6409939,final,FALSE,Western Mich.,,2-9,Green Bay,,1-8,3,2,25,20,25,18,24,26,28,30,15,12
2025-09-18,6410271,final,FALSE,UC Riverside,,3-6,UNLV,,5-4,3,1,27,29,26,24,25,21,25,23,,
2025-09-18,6410333,final,FALSE,CSU Bakersfield,,3-7,Sacramento St.,,5-5,0,3,25,27,24,26,23,25,,,,
2025-09-18,6410414,final,FALSE,Houston Christian,,5-6,Sam Houston,,7-4,2,3,14,25,19,25,25,20,25,23,8,15
2025-09-18,6411190,final,FALSE,FGCU,,5-4,FIU,,5-5,3,1,23,25,25,20,25,20,25,18,,
2025-09-18,6412325,final,FALSE,Southern Ill.,,4-6,Arkansas,,3-6,0,3,15,25,16,25,14,25,,,,
2025-09-18,6413951,final,FALSE,Yale,,2-4,San Diego,,6-3,1,3,16,25,20,25,25,18,21,25,,
2025-09-18,6414136,final,FALSE,Nevada,,4-5,Montana St.,,4-6,3,0,25,18,25,20,25,19,,,,
2025-09-18,6414811,final,TRUE,UAB,,6-4,Auburn,,7-2,0,3,20,25,13,25,16,25,,,,
2025-09-18,6415328,final,FALSE,LSU,,6-3,Southern California,,7-1,1,3,20,25,28,30,25,17,17,25,,
2025-09-18,6416982,final,TRUE,Georgetown,,6-5,Norfolk St.,,0-10,3,2,25,20,26,28,20,25,25,16,15,6
2025-09-18,6418242,final,FALSE,New Orleans,,5-6,Tulane,,6-3,0,3,16,25,21,25,20,25,,,,
2025-09-18,6420498,final,FALSE,Central Ark.,,2-7,Oklahoma,,8-1,0,3,26,28,19,25,8,25,,,,
2025-09-18,6420953,final,FALSE,Seattle U,,6-4,Eastern Wash.,,2-8,2,3,27,25,19,25,25,17,22,25,8,15
2025-09-18,6421070,final,FALSE,A&M-Corpus Christi,,4-6,Rice,,3-6,0,3,21,25,21,25,17,25,,,,
2025-09-18,6421439,final,FALSE,Indiana St.,,4-6,Tennessee St.,,1-8,3,0,25,14,25,12,25,18,,,,
2025-09-18,6422230,final,FALSE,Rider,,2-7,Tennessee,,8-1,0,3,13,25,18,25,11,25,,,,
2025-09-18,6423628,final,FALSE,Ark.-Pine Bluff,,0-10,Tarleton St.,,5-5,0,3,14,25,17,25,16,25,,,,
2025-09-18,6423928,final,FALSE,Cincinnati,,7-2,Ball St.,,4-6,3,2,18,25,25,13,17,25,29,27,15,10
2025-09-18,6425900,final,FALSE,Harvard,,0-6,Boston College,,10-0,1,3,25,22,17,25,15,25,16,25,,
2025-09-18,6426870,final,FALSE,South Alabama,,5-4,Samford,,4-5,3,2,13,25,25,18,25,23,21,25,17,15
2025-09-18,6427398,final,TRUE,New Hampshire,,6-5,LMU (CA),,2-5,2,3,25,22,23,25,25,20,18,25,14,16
2025-09-18,6439047,final,FALSE,Kent St.,,4-6,Cleveland St.,,2-8,0,3,21,25,17,25,20,25,,,,
2025-09-19,6386733,final,FALSE,Southern U.,,3-8,Louisiana,,7-2,0,3,10,25,14,25,14,25,,,,
2025-09-19,6386858,final,FALSE,Iona,,4-8,FDU,,3-7,2,3,25,20,15,25,25,27,25,21,12,15
2025-09-19,6387192,final,FALSE,Georgia,,8-2,Georgia Tech,,5-4,3,2,23,25,25,20,27,29,25,19,15,10
2025-09-19,6387311,final,FALSE,Indiana,,8-1,Western Ky.,,8-3,0,3,23,25,20,25,26,28,,,,
2025-09-19,6387456,final,TRUE,Austin Peay,,1-9,Bradley,,6-4,1,3,15,25,25,21,16,25,19,25,,
2025-09-19,6387458,final,FALSE,Bradley,,6-5,Western Ky.,,7-3,0,3,16,25,26,28,20,25,,,,
2025-09-19,6387598,final,TRUE,Furman,,8-3,UMES,,3-9,3,0,25,17,25,17,25,14,,,,
2025-09-19,6387746,final,TRUE,Denver,,7-3,Utah Tech,,8-3,3,2,22,25,25,22,21,25,25,22,15,12
2025-09-19,6388288,final,FALSE,IU Indy,,6-5,Butler,,5-6,3,2,22,25,19,25,25,22,25,22,15,10
2025-09-19,6388336,final,TRUE,Alabama St.,,0-10,Providence,,8-3,0,3,17,25,14,25,21,25,,,,
2025-09-19,6388574,final,FALSE,East Texas A&M,,0-9,Iowa,,8-3,1,3,16,25,16,25,25,23,21,25,,
2025-09-19,6388684,final,FALSE,Buffalo,,3-5,Duquesne,,8-2,0,3,23,25,20,25,16,25,,,,
2025-09-19,6388932,final,FALSE,Liberty,,11-1,Houston,,5-4,3,2,22,25,25,19,23,25,26,24,16,14
2025-09-19,6388989,final,FALSE,Kent St.,,5-6,Youngstown St.,,5-6,3,2,25,19,19,25,25,21,20,25,16,14
2025-09-19,6389306,final,TRUE,Rutgers,,8-2,Coppin St.,,6-8,3,0,25,17,25,23,25,16,,,,
2025-09-19,6389683,final,TRUE,Santa Clara,,5-5,Nevada,,4-6,3,0,25,17,25,23,25,23,,,,
2025-09-19,6389934,final,FALSE,N.C. A&T,,3-5,UNC Greensboro,,6-4,0,3,22,25,17,25,21,25,,,,
2025-09-19,6389992,final,FALSE,USC Upstate,,6-6,South Carolina,,6-4,0,3,11,25,13,25,23,25,,,,
2025-09-19,6390113,final,TRUE,Western Mich.,,2-10,UNI,,6-5,0,3,21,25,18,25,16,25,,,,
2025-09-19,6390481,final,FALSE,Louisiana Tech,,5-7,Tarleton St.,,6-5,0,3,20,25,16,25,19,25,,,,
2025-09-19,6390491,final,FALSE,Princeton,,4-3,Penn St.,,5-4,2,3,15,25,25,20,25,22,16,25,8,15
2025-09-19,6390755,final,TRUE,Iowa St.,,9-1,Eastern Ill.,,6-3,3,1,25,22,21,25,25,14,25,20,,
2025-09-19,6390788,final,FALSE,Brown,,3-4,UConn,,9-1,0,3,25,27,10,25,19,25,,,,
2025-09-19,6390789,final,TRUE,Northwestern St.,,1-11,Jackson St.,,1-8,0,3,16,25,19,25,12,25,,,,
2025-09-19,6390940,final,TRUE,SMU,,8-2,UTEP,,9-2,3,1,22,25,25,19,25,17,25,20,,
2025-09-19,6391020,final,FALSE,VCU,,2-5,Old Dominion,,2-7,3,1,25,23,25,21,22,25,25,20,,
2025-09-19,6391055,final,FALSE,New Mexico St.,,7-4,Tulsa,,8-2,0,3,19,25,18,25,13,25,,,,
2025-09-19,6391057,final,FALSE,Oral Roberts,,0-9,Tulsa,,9-2,0,3,16,25,13,25,15,25,,,,
2025-09-19,6391272,final,TRUE,UCF,,8-3,Memphis,,7-5,3,1,25,21,25,21,21,25,25,15,,
2025-09-19,6391476,final,FALSE,Norfolk St.,,0-12,Clemson,,11-0,1,3,19,25,25,23,17,25,11,25,,
2025-09-19,6391480,final,FALSE,Charleston So.,,6-6,Clemson,,12-0,1,3,25,23,13,25,13,25,18,25,,
2025-09-19,6391517,final,FALSE,Marshall,,7-5,Wofford,,3-7,3,2,22,25,25,20,25,19,14,25,15,9
2025-09-19,6391748,final,TRUE,Milwaukee,,0-11,Grand Canyon,,8-2,0,3,20,25,16,25,18,25,,,,
2025-09-19,6391753,final,FALSE,Bowling Green,,5-6,Michigan St.,,9-0,1,3,20,25,18,25,26,24,16,25,,
2025-09-19,6392016,final,TRUE,Arkansas St.,,6-4,Southern Ill.,,4-7,3,1,29,27,25,17,22,25,25,15,,
2025-09-19,6392109,final,TRUE,Valparaiso,,7-4,Missouri,,6-3,1,3,18,25,26,24,23,25,16,25,,
2025-09-19,6392113,final,FALSE,Valparaiso,,8-4,Western Ill.,,3-9,3,0,25,20,25,17,25,16,,,,
2025-09-19,6392888,final,FALSE,West Virginia,,11-0,Jacksonville,,8-3,3,0,25,22,25,17,25,22,,,,
2025-09-19,6392927,final,TRUE,Mercyhurst,,2-9,Bellarmine,,5-5,0,3,16,25,17,25,15,25,,,,
2025-09-19,6392974,final,TRUE,TCU,,8-2,Cornell,,4-4,3,0,26,24,25,14,25,23,,,,
2025-09-19,6392976,final,TRUE,A&M-Corpus Christi,,4-7,TCU,,9-2,1,3,11,25,14,25,25,23,23,25,,
2025-09-19,6392999,final,FALSE,High Point,,3-7,UMBC,,1-8,3,0,25,19,25,20,25,14,,,,
2025-09-19,6393175,final,FALSE,Western Caro.,,4-7,Queens (NC),,8-3,0,3,21,25,19,25,22,25,,,,
2025-09-19,6393211,final,FALSE,Rhode Island,,3-8,NJIT,,3-9,3,2,18,25,25,19,25,16,14,25,15,5
2025-09-19,6393306,final,TRUE,Oakland,,0-11,Eastern Mich.,,8-4,0,3,17,25,7,25,24,26,,,,
2025-09-19,6393412,final,FALSE,Boise St.,,7-3,South Dakota St.,,6-2,0,3,18,25,18,25,22,25,,,,
2025-09-19,6393729,final,TRUE,Jacksonville St.,,6-5,Florida A&M,,2-8,3,1,20,25,25,19,25,19,25,23,,
2025-09-19,6393759,final,TRUE,Alcorn,,0-10,Christian Brothers,,3-5,0,3,12,25,17,25,18,25,,,,
2025-09-19,6393774,final,TRUE,LeMoyne-Owen,,1-3,Alcorn,,1-10,0,3,20,25,15,25,20,25,,,,
2025-09-19,6393851,final,TRUE,North Ala.,,6-5,McNeese,,4-7,3,0,25,16,25,15,25,13,,,,
2025-09-19,6394118,final,FALSE,Pepperdine,,5-5,Arizona St.,,7-2,0,3,21,25,25,27,15,25,,,,
2025-09-19,6394179,final,TRUE,Little Rock,,4-6,New Mexico St.,,7-5,3,1,29,31,25,19,25,23,25,23,,
2025-09-19,6394614,final,FALSE,FGCU,,5-5,Miami (FL),,9-1,1,3,25,19,22,25,15,25,16,25,,
2025-09-19,6395762,final,FALSE,Colgate,,5-5,American,,7-4,3,2,22,25,25,12,24,26,25,23,15,13
2025-09-19,6396388,final,FALSE,Army West Point,,7-3,Navy,,4-6,3,1,23,25,25,20,25,14,25,22,,
2025-09-19,6396751,final,FALSE,Virginia,,6-3,Ohio St.,,2-5,3,2,15,25,25,20,25,7,23,25,15,12
2025-09-19,6396967,final,TRUE,Texas St.,,4-5,UCLA,,5-3,1,3,19,25,25,20,22,25,26,28,,
2025-09-19,6397636,final,FALSE,Florida,,5-3,Marquette,,6-3,0,3,23,25,23,25,23,25,,,,
2025-09-19,6397730,final,TRUE,Indiana St.,,6-6,Chattanooga,,4-6,3,2,18,25,27,25,25,14,24,26,15,13
2025-09-19,6397801,final,FALSE,Wichita St.,,8-3,South Dakota,,7-4,3,1,25,14,22,25,25,15,26,24,,
2025-09-19,6397878,final,TRUE,Drake,,4-6,Villanova,,8-2,3,0,25,18,25,21,25,18,,,,
2025-09-19,6397997,final,TRUE,St. Thomas (MN),,7-4,Campbell,,8-2,0,3,21,25,21,25,11,25,,,,
2025-09-19,6398029,final,TRUE,Southeast Mo. St.,,6-4,Kansas City,,1-10,3,0,25,16,25,20,25,23,,,,
2025-09-19,6398046,final,FALSE,Kansas City,,1-11,Saint Louis,,7-3,2,3,25,17,25,23,24,26,22,25,15,17
2025-09-19,6398126,final,TRUE,North Dakota,,2-7,UT Martin,,1-8,3,2,23,25,25,14,23,25,27,25,15,8
2025-09-19,6398173,final,TRUE,UT Martin,,1-9,West Ga.,,2-10,0,3,17,25,19,25,24,26,,,,
2025-09-19,6398494,final,FALSE,South Fla.,,4-5,Omaha,,3-5,3,1,25,22,18,25,30,28,38,36,,
2025-09-19,6398705,final,FALSE,Kansas St.,,6-1,North Carolina,,6-2,3,2,16,25,25,19,25,11,13,25,15,10
2025-09-19,6399017,final,FALSE,Northeastern,,4-6,Stony Brook,,5-5,1,3,25,21,14,25,23,25,17,25,,
2025-09-19,6399098,final,FALSE,UC Irvine,,4-7,Vanderbilt,,4-5,1,3,24,26,22,25,26,24,20,25,,
2025-09-19,6399480,final,TRUE,Utah Tech,,8-2,Northern Colo.,,2-8,3,1,22,25,25,22,25,19,25,20,,
2025-09-19,6400273,final,TRUE,Long Beach St.,,6-4,Portland,,5-5,3,0,25,19,25,10,25,17,,,,
2025-09-19,6400375,final,FALSE,Grambling,,0-8,Southern Miss.,,6-3,0,3,14,25,22,25,15,25,,,,
2025-09-19,6400607,final,TRUE,Georgetown,,7-6,Charleston So.,,6-5,3,1,22,25,25,17,25,22,25,22,,
2025-09-19,6400842,final,TRUE,Illinois St.,,4-6,UC Santa Barbara,,7-3,0,3,24,26,20,25,26,28,,,,
2025-09-19,6400860,final,FALSE,UC Santa Barbara,,7-4,Dayton,,4-5,1,3,25,17,19,25,18,25,23,25,,
2025-09-19,6401424,final,TRUE,Stetson,,4-6,Bethune-Cookman,,3-7,3,1,24,26,25,14,25,17,29,27,,
2025-09-19,6401460,final,TRUE,Bethune-Cookman,,3-8,George Washington,,6-5,0,3,23,25,19,25,15,25,,,,
2025-09-19,6401809,final,TRUE,Saint Mary's (CA),,2-8,California Baptist,,4-7,3,0,25,22,25,16,25,17,,,,
2025-09-19,6401829,final,FALSE,Baylor,,6-3,Texas,,8-0,0,3,18,25,12,25,13,25,,,,
2025-09-19,6402222,final,TRUE,SIUE,,5-5,Binghamton,,5-7,1,3,20,25,12,25,25,23,16,25,,
2025-09-19,6402575,final,FALSE,Belmont,,9-1,Lipscomb,,4-6,3,1,13,25,25,20,25,22,25,17,,
2025-09-19,6402890,final,FALSE,Colorado St.,,6-4,Colorado,,9-2,3,1,11,25,25,21,25,21,26,24,,
2025-09-19,6403224,final,FALSE,Idaho St.,,4-7,Wyoming,,3-7,3,2,25,21,16,25,15,25,25,22,16,14
2025-09-19,6403458,final,FALSE,Utah,,7-3,Cal Poly,,8-3,0,3,14,25,18,25,19,25,,,,
2025-09-19,6403560,final,FALSE,Holy Cross,,4-8,Loyola Maryland,,3-7,2,3,25,17,20,25,26,28,25,17,8,15
2025-09-19,6403796,final,FALSE,Seton Hall,,5-5,Maryland,,7-3,0,3,22,25,21,25,23,25,,,,
2025-09-19,6404465,final,TRUE,Ohio,,2-8,UMES,,3-8,2,3,23,25,25,22,25,15,11,25,13,15
2025-09-19,6405248,final,TRUE,St. John's (NY),,3-8,Le Moyne,,1-9,3,0,25,21,25,15,25,17,,,,
2025-09-19,6405624,final,FALSE,Cincinnati,,8-2,Eastern Ky.,,7-4,3,1,25,23,25,16,25,27,25,13,,
2025-09-19,6406091,final,FALSE,UT Arlington,,8-2,UTSA,,5-4,0,3,15,25,21,25,13,25,,,,
2025-09-19,6406096,final,FALSE,North Florida,,5-7,UTSA,,6-4,1,3,25,20,16,25,14,25,18,25,,
2025-09-19,6406168,final,FALSE,Presbyterian,,2-8,Temple,,7-4,0,3,22,25,17,25,26,28,,,,
2025-09-19,6406687,final,FALSE,Cornell,,4-5,Rice,,4-6,0,3,16,25,19,25,18,25,,,,
2025-09-19,6407440,final,FALSE,Cal St. Fullerton,,4-6,Lamar University,,5-8,1,3,13,25,25,22,21,25,21,25,,
2025-09-19,6407452,final,TRUE,Cal St. Fullerton,,4-7,Abilene Christian,,6-7,0,3,23,25,20,25,25,27,,,,
2025-09-19,6407665,final,TRUE,Rider,,2-8,Alabama A&M,,9-3,2,3,18,25,25,20,25,17,16,25,8,15
2025-09-19,6408230,final,FALSE,Hampton,,1-9,Elon,,2-8,0,3,16,25,15,25,16,25,,,,
2025-09-19,6408496,final,FALSE,DePaul,,6-4,UIC,,5-4,1,3,17,25,22,25,25,22,15,25,,
2025-09-19,6408660,final,FALSE,Northern Colo.,,3-8,Air Force,,8-3,3,2,21,25,22,25,25,21,25,19,15,8
2025-09-19,6408785,final,TRUE,Yale,,3-4,UC San Diego,,1-10,3,2,16,25,25,20,22,25,27,25,15,12
2025-09-19,6408911,final,TRUE,North Texas,,9-2,Ark.-Pine Bluff,,0-11,3,0,25,10,25,19,25,12,,,,
2025-09-19,6408928,final,TRUE,Toledo,,7-3,Bellarmine,,5-6,3,0,25,16,25,23,26,24,,,,
2025-09-19,6409086,final,TRUE,Southeastern La.,,6-4,LMU (CA),,2-6,3,1,26,28,25,17,25,21,25,16,,
2025-09-19,6409167,final,FALSE,Ohio,,2-9,Charlotte,,8-3,0,3,19,25,21,25,24,26,,,,
2025-09-19,6409942,final,FALSE,Tennessee Tech,,3-8,Green Bay,,1-9,3,1,25,22,18,25,25,22,25,23,,
2025-09-19,6410055,final,FALSE,UTRGV,,3-6,James Madison,,5-5,1,3,26,28,25,21,19,25,16,25,,
2025-09-19,6410133,final,TRUE,Nicholls,,10-2,Southern U.,,3-7,2,3,26,24,25,13,25,27,22,25,8,15
2025-09-19,6410284,final,TRUE,Southern Utah,,1-9,UC Riverside,,4-6,1,3,25,23,27,29,23,25,23,25,,
2025-09-19,6410335,final,FALSE,Pacific,,5-5,Sacramento St.,,6-5,0,3,19,25,16,25,10,25,,,,
2025-09-19,6410417,final,FALSE,Georgia St.,,8-2,Sam Houston,,7-5,3,1,16,25,25,16,25,16,25,15,,
2025-09-19,6410478,final,TRUE,Prairie View,,2-9,North Florida,,5-6,0,3,20,25,22,25,15,25,,,,
2025-09-19,6410972,final,FALSE,Oregon,,9-1,Portland St.,,4-6,3,2,18,25,25,12,20,25,25,13,15,12
2025-09-19,6410985,final,FALSE,UNCW,,1-9,Hofstra,,8-0,0,3,14,25,19,25,15,25,,,,
2025-09-19,6411193,final,FALSE,Coastal Carolina,,7-4,FIU,,6-5,1,3,25,22,12,25,24,26,20,25,,
2025-09-19,6412145,final,TRUE,Missouri St.,,4-6,Southeast Mo. St.,,7-4,2,3,26,28,25,21,25,21,21,25,12,15
2025-09-19,6412263,final,FALSE,Michigan,,9-1,Notre Dame,,3-4,3,0,25,22,25,22,25,17,,,,
2025-09-19,6412331,final,FALSE,North Dakota St.,,6-3,Arkansas,,4-6,0,3,10,25,16,25,18,25,,,,
2025-09-19,6413558,final,FALSE,Penn,,5-3,Delaware,,2-6,3,0,25,18,25,20,25,22,,,,
2025-09-19,6414176,final,FALSE,Texas Southern,,1-11,Lamar University,,6-8,2,3,21,25,25,18,25,15,19,25,11,15
2025-09-19,6414293,final,FALSE,Hawaii,,4-5,Stanford,,7-2,0,3,19,25,18,25,20,25,,,,
2025-09-19,6414437,final,FALSE,Cleveland St.,,2-9,Akron,,7-4,0,3,9,25,26,28,22,25,,,,
2025-09-19,6414450,final,FALSE,Fairfield,,6-4,Central Conn. St.,,1-10,3,0,25,19,25,16,25,12,,,,
2025-09-19,6414816,final,FALSE,Auburn,,8-2,Samford,,4-6,3,1,23,25,25,12,25,13,25,14,,
2025-09-19,6415329,final,FALSE,LSU,,6-4,Southern California,,8-1,0,3,19,25,21,25,16,25,,,,
2025-09-19,6416361,final,FALSE,Stetson,,4-7,Fla. Atlantic,,8-4,0,3,17,25,15,25,14,25,,,,
2025-09-19,6416458,final,TRUE,Gardner-Webb,,6-6,Northern Ariz.,,10-2,0,3,16,25,23,25,18,25,,,,
2025-09-19,6417104,final,TRUE,Marshall,,6-5,Northern Ariz.,,9-2,0,3,17,25,27,29,17,25,,,,
2025-09-19,6417191,final,TRUE,McNeese,,4-6,Liberty,,10-1,0,3,20,25,22,25,20,25,,,,
2025-09-19,6417446,final,FALSE,Northern Ky.,,4-6,Miami (OH),,5-6,3,0,25,20,25,23,26,24,,,,
2025-09-19,6417902,final,FALSE,Saint Francis,,4-6,Robert Morris,,3-7,2,3,25,20,21,25,25,21,14,25,8,15
2025-09-19,6418085,final,FALSE,Siena,,3-7,Syracuse,,7-2,0,3,19,25,14,25,10,25,,,,
2025-09-19,6418192,final,FALSE,Morgan St.,,3-7,Saint Peter's,,4-4,1,3,20,25,20,25,25,18,21,25,,
2025-09-19,6418482,final,FALSE,Eastern Wash.,,2-9,Washington St.,,6-4,0,3,16,25,11,25,23,25,,,,
2025-09-19,6420107,final,TRUE,Dartmouth,,2-5,Quinnipiac,,3-7,1,3,25,22,13,25,20,25,13,25,,
2025-09-19,6420470,final,FALSE,Mercyhurst,,2-10,Purdue Fort Wayne,,2-7,1,3,20,25,25,19,21,25,33,35,,
2025-09-19,6420955,final,TRUE,Montana,,8-3,Seattle U,,6-5,3,0,25,21,25,12,25,20,,,,
2025-09-19,6421442,final,FALSE,Idaho,,3-8,Tennessee St.,,1-9,3,2,25,20,24,26,25,18,22,25,15,11
2025-09-19,6421829,final,TRUE,LIU,,1-6,Columbia,,2-6,3,1,25,13,22,25,25,21,27,25,,
2025-09-19,6422529,final,TRUE,UAB,,7-4,South Alabama,,5-5,3,2,18,25,19,25,25,21,26,24,15,10
2025-09-19,6422626,final,TRUE,Missouri,,7-3,Chicago St.,,0-9,3,0,25,9,25,8,25,15,,,,
2025-09-19,6422656,final,TRUE,UIW,,3-7,Ole Miss,,6-3,0,3,22,25,21,25,17,25,,,,
2025-09-19,6422660,final,FALSE,Ole Miss,,7-3,Texas Tech,,7-4,3,1,25,19,23,25,25,17,25,20,,
2025-09-19,6422928,final,TRUE,CSU Bakersfield,,3-8,Fresno St.,,4-6,0,3,21,25,22,25,22,25,,,,
2025-09-19,6423929,final,FALSE,Purdue,,8-1,Ball St.,,4-7,3,0,25,17,25,21,25,19,,,,
2025-09-19,6424168,final,FALSE,UAlbany,,5-5,Texas Tech,,7-3,1,3,23,25,25,17,21,25,19,25,,
2025-09-19,6424575,final,FALSE,George Washington,,5-5,Fla. Atlantic,,7-4,2,3,25,21,22,25,21,25,25,21,10,15
2025-09-19,6425165,final,FALSE,Lehigh,,6-4,Bucknell,,4-6,1,3,25,23,23,25,16,25,23,25,,
2025-09-19,6425372,final,FALSE,Minnesota,,9-1,Loyola Chicago,,3-7,3,0,25,19,25,10,25,15,,,,
2025-09-19,6425522,final,TRUE,ULM,,9-4,Houston Christian,,5-7,3,1,17,25,25,15,25,18,25,22,,
2025-09-19,6425906,final,FALSE,Stonehill,,1-11,Boston College,,11-0,1,3,15,25,17,25,25,22,27,29,,
2025-09-19,6426775,final,FALSE,Duke,,3-7,App State,,8-2,1,3,18,25,18,25,25,22,21,25,,
2025-09-19,6426922,final,FALSE,San Diego,,7-3,San Diego St.,,5-5,3,2,25,16,27,25,16,25,20,25,15,9
2025-09-19,6427031,final,TRUE,UT Arlington,,8-3,Prairie View,,3-9,2,3,25,19,25,15,21,25,22,25,15,17
2025-09-19,6427190,final,TRUE,Texas Southern,,1-10,Abilene Christian,,5-7,0,3,20,25,17,25,24,26,,,,
2025-09-19,6427208,final,FALSE,Manhattan,,1-7,FDU,,4-7,0,3,14,25,21,25,16,25,,,,
2025-09-19,6427264,final,TRUE,Indiana St.,,5-6,Idaho,,2-8,3,1,22,25,25,14,25,20,25,23,,
2025-09-19,6427412,final,FALSE,North Dakota,,2-8,Mercer,,3-9,1,3,21,25,26,24,17,25,23,25,,
2025-09-19,6427573,final,FALSE,New Hampshire,,6-6,Texas A&M,,7-2,0,3,17,25,14,25,18,25,,,,
2025-09-19,6427725,final,TRUE,Illinois St.,,5-6,Wright St.,,5-4,3,1,25,23,25,20,21,25,25,23,,
2025-09-19,6427753,final,FALSE,Providence,,8-4,Tulane,,7-3,1,3,18,25,25,20,28,30,17,25,,
2025-09-19,6428228,final,TRUE,UIW,,4-7,UAlbany,,5-6,3,0,25,13,25,16,25,21,,,,
2025-09-19,6428276,final,FALSE,Kennesaw St.,,6-4,Tennessee,,9-1,0,3,22,25,14,25,18,25,,,,
2025-09-19,6428290,final,TRUE,San Jose St.,,4-6,CSUN,,7-4,1,3,25,19,20,25,21,25,18,25,,
2025-09-19,6428663,final,TRUE,Bryant,,5-7,Harvard,,0-7,3,1,31,29,25,14,21,25,25,22,,
2025-09-19,6457588,final,TRUE,Middle Tenn.,,7-4,ETSU,,6-5,1,3,21,25,21,25,25,23,14,25,,
2025-09-19,6463114,final,FALSE,Radford,,3-9,Virginia Tech,,8-3,3,0,25,23,25,19,26,24,,,,
2025-09-20,6386739,final,FALSE,Nicholls,,10-3,Louisiana,,8-2,0,3,12,25,22,25,15,25,,,,
2025-09-20,6386861,final,FALSE,LIU,,2-6,Iona,,4-9,3,1,21,25,25,20,25,22,25,21,,
2025-09-20,6387312,final,FALSE,Iowa St.,,10-1,Illinois,,4-4,3,1,25,23,26,24,20,25,25,20,,
2025-09-20,6387315,final,TRUE,Bradley,,6-6,Indiana,,9-1,1,3,14,25,10,25,25,15,18,25,,
2025-09-20,6387605,final,TRUE,Furman,,9-3,Ohio,,2-10,3,2,23,25,25,19,18,25,25,17,17,15
2025-09-20,6387751,final,TRUE,Northern Colo.,,3-9,Denver,,8-3,2,3,25,15,17,25,25,23,23,25,7,15
2025-09-20,6388686,final,FALSE,Buffalo,,3-6,Robert Morris,,4-7,0,3,18,25,22,25,29,31,,,,
2025-09-20,6388938,final,FALSE,North Ala.,,6-6,Houston,,6-4,0,3,25,27,20,25,23,25,,,,
2025-09-20,6388945,final,FALSE,McNeese,,4-8,Houston,,7-4,0,3,11,25,22,25,18,25,,,,
2025-09-20,6389308,final,TRUE,Coppin St.,,6-9,Seton Hall,,6-5,1,3,26,24,19,25,20,25,14,25,,
2025-09-20,6389494,final,FALSE,Alabama St.,,0-11,Tulane,,8-3,0,3,15,25,13,25,20,25,,,,
2025-09-20,6389539,final,FALSE,Austin Peay,,1-10,Western Ky.,,9-3,0,3,18,25,14,25,13,25,,,,
2025-09-20,6389686,final,FALSE,Santa Clara,,5-6,Montana St.,,5-6,1,3,23,25,21,25,25,23,24,26,,
2025-09-20,6389939,final,FALSE,UNC Asheville,,3-10,UNC Greensboro,,7-4,2,3,25,22,25,15,22,25,23,25,12,15
2025-09-20,6390013,final,FALSE,The Citadel,,0-10,USC Upstate,,7-6,1,3,25,23,19,25,20,25,23,25,,
2025-09-20,6390117,final,FALSE,UNI,,7-5,Green Bay,,1-10,3,0,25,21,25,22,25,20,,,,
2025-09-20,6390170,final,FALSE,Wake Forest,,6-5,Old Dominion,,2-8,3,1,22,25,25,13,25,17,25,13,,
2025-09-20,6390415,final,FALSE,Florida St.,,6-3,Ga. Southern,,9-2,3,0,26,24,25,17,25,22,,,,
2025-09-20,6390483,final,TRUE,Louisiana Tech,,6-7,Ark.-Pine Bluff,,0-12,3,0,25,19,25,7,25,18,,,,
2025-09-20,6390494,final,TRUE,Central Mich.,,3-8,Princeton,,5-3,0,3,10,25,17,25,25,27,,,,
2025-09-20,6390792,final,TRUE,Sacred Heart,,3-8,Brown,,4-4,0,3,23,25,12,25,24,26,,,,
2025-09-20,6390794,final,FALSE,Northwestern St.,,1-12,Southern Miss.,,7-3,0,3,19,25,22,25,12,25,,,,
2025-09-20,6390798,final,TRUE,Northwestern St.,,1-13,Grambling,,1-8,0,3,20,25,20,25,24,26,,,,
2025-09-20,6390817,final,TRUE,Gardner-Webb,,7-6,The Citadel,,0-9,3,1,25,10,22,25,25,21,25,22,,
2025-09-20,6391058,final,FALSE,Little Rock,,5-7,Tulsa,,10-2,0,3,23,25,22,25,23,25,,,,
2025-09-20,6391281,final,FALSE,UCF,,9-3,Alabama,,8-2,3,1,25,18,23,25,25,17,25,16,,
2025-09-20,6391525,final,FALSE,Northern Ariz.,,10-3,Wofford,,4-7,1,3,23,25,12,25,25,20,15,25,,
2025-09-20,6391552,final,FALSE,Oregon St.,,6-4,Portland St.,,4-7,3,2,25,22,20,25,25,11,15,25,15,9
2025-09-20,6391631,final,FALSE,Kansas,,8-4,Omaha,,3-6,3,0,25,18,25,19,25,16,,,,
2025-09-20,6391745,final,TRUE,Pepperdine,,6-5,Milwaukee,,0-12,3,0,25,21,26,24,25,15,,,,
2025-09-20,6391758,final,TRUE,Bowling Green,,6-6,Binghamton,,5-8,3,0,25,23,25,18,25,18,,,,
2025-09-20,6392028,final,FALSE,Arkansas St.,,7-4,Arkansas,,4-7,3,1,25,17,25,15,21,25,25,22,,
2025-09-20,6392117,final,TRUE,Valparaiso,,9-4,Chicago St.,,0-10,3,1,25,15,25,15,20,25,25,14,,
2025-09-20,6392889,final,TRUE,West Virginia,,12-0,Jacksonville St.,,6-6,3,0,25,21,25,20,25,21,,,,
2025-09-20,6392930,final,TRUE,Toledo,,8-3,Mercyhurst,,2-11,3,0,25,14,25,11,25,12,,,,
2025-09-20,6392978,final,FALSE,TCU,,10-2,Rice,,4-7,3,1,25,21,16,25,25,23,25,15,,
2025-09-20,6393004,final,FALSE,Howard,,6-4,UMBC,,2-8,2,3,18,25,25,18,25,18,18,25,11,15
2025-09-20,6393212,final,FALSE,Rhode Island,,3-9,Manhattan,,2-7,0,3,18,25,18,25,15,25,,,,
2025-09-20,6393312,final,FALSE,Oakland,,0-12,Butler,,6-6,0,3,22,25,18,25,18,25,,,,
2025-09-20,6393365,final,FALSE,BYU,,12-0,Utah Valley,,4-8,3,1,25,19,23,25,25,21,26,24,,
2025-09-20,6393418,final,FALSE,Boise St.,,8-3,South Dakota St.,,6-3,3,2,21,25,25,21,15,25,25,19,15,13
2025-09-20,6393788,final,TRUE,Ark.-Monticello,,3-6,Alcorn,,1-11,3,0,25,17,25,22,25,21,,,,
2025-09-20,6393802,final,TRUE,Alcorn,,1-12,Christian Brothers,,5-6,1,3,26,24,14,25,17,25,15,25,,
2025-09-20,6393862,final,TRUE,Liberty,,12-1,North Ala.,,6-7,3,2,25,23,12,25,19,25,25,22,15,10
2025-09-20,6394181,final,TRUE,Little Rock,,5-6,Oral Roberts,,1-10,3,0,25,15,25,22,25,15,,,,
2025-09-20,6394205,final,FALSE,Weber St.,,8-4,Utah St.,,3-7,0,3,14,25,16,25,21,25,,,,
2025-09-20,6394287,final,FALSE,Col. of Charleston,,6-5,Towson,,10-2,2,3,19,25,12,25,25,22,25,19,13,15
2025-09-20,6394615,final,FALSE,Miami (FL),,10-1,FIU,,6-6,3,0,25,19,29,27,25,17,,,,
2025-09-20,6394780,final,TRUE,East Texas A&M,,1-9,Lindenwood,,4-3,3,2,25,21,19,25,22,25,25,20,15,11
2025-09-20,6395009,final,FALSE,San Jose St.,,5-6,San Francisco,,2-8,3,1,25,23,24,26,25,17,25,22,,
2025-09-20,6395786,final,FALSE,Army West Point,,7-4,American,,8-4,1,3,25,20,22,25,15,25,9,25,,
2025-09-20,6395998,final,FALSE,Washington,,5-5,Kentucky,,7-2,0,3,23,25,25,27,21,25,,,,
2025-09-20,6396411,final,FALSE,Holy Cross,,4-9,Navy,,5-6,1,3,22,25,20,25,25,23,19,25,,
2025-09-20,6397014,final,FALSE,Texas St.,,4-6,Stanford,,8-2,0,3,20,25,15,25,18,25,,,,
2025-09-20,6397118,final,FALSE,Marist,,1-9,UConn,,10-1,0,3,21,25,17,25,15,25,,,,
2025-09-20,6397748,final,TRUE,Idaho,,3-9,Chattanooga,,5-6,1,3,20,25,17,25,25,21,22,25,,
2025-09-20,6397762,final,FALSE,Chattanooga,,6-6,Tennessee St.,,1-10,3,0,25,13,25,19,25,14,,,,
2025-09-20,6397817,final,FALSE,Drake,,4-7,South Dakota,,8-4,0,3,21,25,21,25,13,25,,,,
2025-09-20,6397876,final,FALSE,Evansville,,4-8,Southern Ind.,,4-8,1,3,22,25,25,20,21,25,24,26,,
2025-09-20,6398080,final,TRUE,Kansas City,,1-12,Missouri St.,,5-6,0,3,13,25,19,25,22,25,,,,
2025-09-20,6398246,final,FALSE,UT Martin,,1-10,Mercer,,4-9,1,3,23,25,25,19,13,25,18,25,,
2025-09-20,6398258,final,FALSE,UTEP,,10-2,SFA,,5-6,3,0,25,22,25,21,25,22,,,,
2025-09-20,6398533,final,FALSE,South Fla.,,4-6,Creighton,,6-5,0,3,19,25,15,25,23,25,,,,
2025-09-20,6399031,final,FALSE,Northeastern,,5-6,Stony Brook,,5-6,3,2,17,25,25,17,21,25,25,20,15,6
2025-09-20,6399497,final,FALSE,Utah Tech,,9-3,Air Force,,8-4,3,1,25,17,25,18,22,25,25,21,,
2025-09-20,6399979,final,TRUE,Villanova,,9-2,Wichita St.,,8-4,3,2,25,20,21,25,20,25,30,28,15,13
2025-09-20,6400286,final,TRUE,Idaho St.,,4-8,Long Beach St.,,7-4,2,3,21,25,18,25,25,23,32,30,8,15
2025-09-20,6400392,final,FALSE,Jackson St.,,1-9,Southern Miss.,,8-3,0,3,18,25,20,25,16,25,,,,
2025-09-20,6400511,final,FALSE,Arizona,,6-4,Nebraska,,10-0,0,3,19,25,23,25,18,25,,,,
2025-09-20,6400870,final,TRUE,Wright St.,,5-5,UC Santa Barbara,,8-4,0,3,21,25,19,25,18,25,,,,
2025-09-20,6401244,final,TRUE,LSU,,7-4,California,,3-6,3,2,25,27,25,21,25,19,19,25,15,13
2025-09-20,6401304,final,FALSE,Florida A&M,,2-9,Jacksonville,,9-3,2,3,17,25,25,27,25,21,25,16,7,15
2025-09-20,6401480,final,FALSE,Bethune-Cookman,,3-9,Fla. Atlantic,,9-4,0,3,18,25,24,26,14,25,,,,
2025-09-20,6401820,final,FALSE,California Baptist,,4-8,Cal Poly,,9-3,0,3,15,25,21,25,17,25,,,,
2025-09-20,6401827,final,FALSE,Fresno St.,,4-7,Sacramento St.,,7-5,1,3,25,23,21,25,15,25,17,25,,
2025-09-20,6401839,final,TRUE,Pacific,,6-5,CSU Bakersfield,,3-9,3,0,26,24,25,19,25,21,,,,
2025-09-20,6403037,final,FALSE,Grand Canyon,,8-3,Arizona St.,,8-2,0,3,16,25,19,25,14,25,,,,
2025-09-20,6403137,final,TRUE,Kansas St.,,7-1,East Carolina,,8-2,3,2,25,20,21,25,15,25,25,22,15,10
2025-09-20,6403562,final,FALSE,Colgate,,6-5,Loyola Maryland,,3-8,3,1,22,25,25,21,25,16,25,18,,
2025-09-20,6404466,final,FALSE,UMES,,3-10,Charlotte,,9-3,0,3,19,25,24,26,19,25,,,,
2025-09-20,6405209,final,FALSE,Southeast Mo. St.,,7-5,Saint Louis,,8-3,2,3,25,20,25,21,19,25,16,25,14,16
2025-09-20,6405256,final,TRUE,St. John's (NY),,4-8,Siena,,3-8,3,1,25,19,25,20,20,25,25,8,,
2025-09-20,6405263,final,FALSE,St. John's (NY),,4-9,Syracuse,,8-2,2,3,25,20,17,25,25,23,13,25,10,15
2025-09-20,6405493,final,FALSE,Illinois St.,,5-7,Dayton,,5-5,0,3,15,25,19,25,14,25,,,,
2025-09-20,6405507,final,FALSE,Wright St.,,6-5,Dayton,,5-6,3,0,25,23,26,24,25,22,,,,
2025-09-20,6406101,final,FALSE,Prairie View,,3-10,UTSA,,7-4,0,3,20,25,21,25,18,25,,,,
2025-09-20,6406173,final,FALSE,Quinnipiac,,3-8,Temple,,8-4,1,3,21,25,25,20,17,25,20,25,,
2025-09-20,6406699,final,TRUE,A&M-Corpus Christi,,4-8,Cornell,,5-5,1,3,27,25,17,25,14,25,23,25,,
2025-09-20,6406716,final,FALSE,Missouri,,8-3,Western Ill.,,3-10,3,0,26,24,25,9,25,11,,,,
2025-09-20,6407445,final,FALSE,Eastern Mich.,,8-5,Butler,,7-6,1,3,23,25,14,25,25,21,22,25,,
2025-09-20,6407461,final,TRUE,Texas Southern,,1-12,Cal St. Fullerton,,5-7,1,3,13,25,25,16,14,25,18,25,,
2025-09-20,6407713,final,FALSE,Gonzaga,,7-4,Eastern Wash.,,2-10,3,2,22,25,25,17,25,21,22,25,15,11
2025-09-20,6408233,final,FALSE,Hampton,,1-10,Elon,,3-8,0,3,20,25,19,25,12,25,,,,
2025-09-20,6408498,final,FALSE,Loyola Chicago,,3-8,UIC,,6-4,2,3,15,25,25,22,23,25,29,27,7,15
2025-09-20,6408786,final,FALSE,UC San Diego,,2-10,San Diego,,7-4,3,2,25,22,25,21,17,25,25,27,16,14
2025-09-20,6408912,final,FALSE,North Texas,,10-2,Tarleton St.,,6-6,3,0,26,24,25,23,25,22,,,,
2025-09-20,6408931,final,FALSE,Toledo,,9-3,Purdue Fort Wayne,,2-9,3,0,25,16,25,19,30,28,,,,
2025-09-20,6409095,final,TRUE,Southeastern La.,,7-4,New Hampshire,,6-7,3,0,25,15,25,16,25,22,,,,
2025-09-20,6409623,final,FALSE,Morehead St.,,6-5,Xavier,,11-1,1,3,22,25,16,25,29,27,19,25,,
2025-09-20,6409715,final,TRUE,North Dakota,,3-8,West Ga.,,2-11,3,1,20,25,25,14,25,23,25,18,,
2025-09-20,6410058,final,FALSE,Delaware St.,,4-9,James Madison,,6-5,0,3,20,25,6,25,23,25,,,,
2025-09-20,6410421,final,FALSE,ULM,,9-5,Sam Houston,,8-5,2,3,25,21,25,16,26,28,13,25,15,17
2025-09-20,6410485,final,TRUE,UT Arlington,,8-4,North Florida,,6-7,2,3,25,22,18,25,25,15,27,29,12,15
2025-09-20,6410990,final,FALSE,UNCW,,1-10,Hofstra,,9-0,0,3,17,25,18,25,14,25,,,,
2025-09-20,6411234,final,FALSE,Portland,,5-6,Wyoming,,4-7,0,3,18,25,21,25,20,25,,,,
2025-09-20,6411432,final,TRUE,Hawaii,,4-6,UCLA,,6-3,0,3,12,25,25,27,15,25,,,,
2025-09-20,6412094,final,TRUE,Delaware St.,,4-8,William & Mary,,5-4,0,3,14,25,15,25,17,25,,,,
2025-09-20,6412101,final,TRUE,William & Mary,,5-5,UTRGV,,4-6,0,3,19,25,22,25,23,25,,,,
2025-09-20,6413563,final,FALSE,Saint Peter's,,4-6,Delaware,,3-6,1,3,19,25,20,25,30,28,17,25,,
2025-09-20,6413846,final,TRUE,Western Mich.,,3-10,Tennessee Tech,,3-9,3,0,25,20,25,13,25,23,,,,
2025-09-20,6413957,final,FALSE,Yale,,4-4,San Diego St.,,5-6,3,0,26,24,25,14,25,21,,,,
2025-09-20,6414179,final,FALSE,Abilene Christian,,6-8,Lamar University,,7-8,0,3,23,25,19,25,21,25,,,,
2025-09-20,6414819,final,TRUE,South Alabama,,5-6,Auburn,,9-2,1,3,18,25,25,23,22,25,18,25,,
2025-09-20,6415313,final,TRUE,Utah,,8-3,Saint Mary's (CA),,2-9,3,2,25,21,20,25,20,25,25,23,15,5
2025-09-20,6416370,final,TRUE,George Washington,,7-5,Stetson,,4-8,3,1,25,19,25,17,22,25,25,19,,
2025-09-20,6416462,final,TRUE,Gardner-Webb,,7-7,Marshall,,8-5,1,3,25,27,15,25,25,22,18,25,,
2025-09-20,6417449,final,FALSE,Miami (OH),,6-6,Northern Ky.,,4-7,3,2,26,24,17,25,25,15,23,25,15,12
2025-09-20,6417749,final,TRUE,Virginia,,7-3,Troy,,2-5,3,0,25,23,25,21,27,25,,,,
2025-09-20,6417975,final,TRUE,Southern Ill.,,5-7,North Dakota St.,,6-4,3,1,19,25,25,13,25,23,26,24,,
2025-09-20,6418090,final,FALSE,Siena,,4-8,Le Moyne,,1-10,3,0,25,20,25,10,25,21,,,,
2025-09-20,6418206,final,TRUE,Saint Peter's,,4-5,Penn,,6-3,0,3,22,25,16,25,18,25,,,,
2025-09-20,6418245,final,FALSE,Providence,,9-4,New Orleans,,5-7,3,1,24,26,25,18,25,22,25,20,,
2025-09-20,6420474,final,FALSE,Bellarmine,,6-6,Purdue Fort Wayne,,2-8,3,2,14,25,25,15,25,18,16,25,15,10
2025-09-20,6420664,final,FALSE,NC State,,7-2,VCU,,2-6,3,1,25,23,25,6,19,25,25,19,,
2025-09-20,6422091,final,FALSE,Southern Utah,,1-10,UNLV,,6-4,1,3,10,25,30,32,25,18,21,25,,
2025-09-20,6422177,final,FALSE,Saint Francis,,5-6,Duquesne,,8-3,3,1,25,23,22,25,25,21,27,25,,
2025-09-20,6422545,final,FALSE,UAB,,7-5,Samford,,5-6,0,3,15,25,20,25,20,25,,,,
2025-09-20,6422661,final,TRUE,Ole Miss,,8-3,UAlbany,,5-7,3,1,25,23,25,27,25,23,25,19,,
2025-09-20,6422760,final,FALSE,UC Irvine,,5-7,Belmont,,9-2,3,1,13,25,25,23,25,22,25,23,,
2025-09-20,6423102,final,FALSE,Queens (NC),,8-4,Winthrop,,6-4,1,3,16,25,28,26,22,25,21,25,,
2025-09-20,6423266,final,FALSE,Rutgers,,8-3,George Mason,,7-4,0,3,22,25,26,28,14,25,,,,
2025-09-20,6423378,final,FALSE,SIUE,,5-6,Michigan St.,,10-0,1,3,17,25,19,25,26,24,14,25,,
2025-09-20,6423403,final,TRUE,Presbyterian,,3-8,Dartmouth,,2-6,3,1,25,22,16,25,25,21,28,26,,
2025-09-20,6423474,final,FALSE,Campbell,,8-3,Northwestern,,10-2,0,3,12,25,18,25,19,25,,,,
2025-09-20,6423930,final,FALSE,Eastern Ky.,,8-4,Ball St.,,4-8,3,2,18,25,27,25,25,10,19,25,15,12
2025-09-20,6424170,final,FALSE,UIW,,4-8,Texas Tech,,8-4,2,3,25,14,25,17,12,25,21,25,14,16
2025-09-20,6425169,final,FALSE,Lehigh,,6-5,Lafayette,,3-8,0,3,22,25,23,25,22,25,,,,
2025-09-20,6425527,final,TRUE,Houston Christian,,5-8,Georgia St.,,9-2,0,3,23,25,20,25,18,25,,,,
2025-09-20,6425926,final,FALSE,Bryant,,7-7,Boston College,,11-1,3,2,27,25,24,26,25,23,14,25,15,13
2025-09-20,6426290,final,FALSE,Central Conn. St.,,1-11,Fordham,,6-4,0,3,14,25,15,25,12,25,,,,
2025-09-20,6426955,final,TRUE,Duke,,3-8,Davidson,,5-4,1,3,25,20,18,25,17,25,20,25,,
2025-09-20,6427212,final,TRUE,FDU,,5-7,Columbia,,2-7,3,0,25,16,26,24,25,23,,,,
2025-09-20,6427265,final,TRUE,UNC Asheville,,3-9,N.C. A&T,,4-5,1,3,24,26,20,25,25,23,22,25,,
2025-09-20,6427400,final,FALSE,LMU (CA),,2-7,Texas A&M,,8-2,0,3,16,25,15,25,22,25,,,,
2025-09-20,6428014,final,TRUE,New Mexico St.,,7-6,Oral Roberts,,1-9,1,3,23,25,31,29,24,26,22,25,,
2025-09-20,6428664,final,TRUE,Harvard,,1-7,Stonehill,,1-13,3,0,25,18,25,10,25,19,,,,
2025-09-20,6457244,final,TRUE,Stonehill,,1-12,Bryant,,6-7,1,3,25,21,16,25,16,25,9,25,,
2025-09-21,6387314,final,FALSE,Eastern Ill.,,6-4,Illinois,,5-4,0,3,21,25,21,25,26,28,,,,
2025-09-21,6388291,final,FALSE,IU Indy,,6-6,Purdue,,9-1,1,3,25,22,22,25,15,25,17,25,,
2025-09-21,6388577,final,FALSE,Lindenwood,,4-4,Iowa,,9-3,0,3,21,25,11,25,21,25,,,,
2025-09-21,6389489,final,FALSE,Alabama St.,,1-11,New Orleans,,5-8,3,0,25,17,25,16,25,20,,,,
2025-09-21,6390834,final,TRUE,Marist,,1-10,Brown,,5-4,1,3,21,25,26,24,20,25,19,25,,
2025-09-21,6391033,final,TRUE,Old Dominion,,3-8,NC State,,7-3,3,2,25,22,12,25,20,25,28,26,15,13
2025-09-21,6391637,final,TRUE,South Fla.,,4-7,Kansas,,9-4,1,3,28,26,22,25,23,25,20,25,,
2025-09-21,6391651,final,FALSE,Kansas,,9-5,Creighton,,7-5,0,3,24,26,18,25,22,25,,,,
2025-09-21,6391742,final,FALSE,Milwaukee,,0-13,Arizona St.,,9-2,0,3,10,25,9,25,18,25,,,,
2025-09-21,6394289,final,FALSE,Col. of Charleston,,6-6,Towson,,11-2,0,3,21,25,21,25,15,25,,,,
2025-09-21,6396761,final,FALSE,Troy,,2-6,Ohio St.,,3-5,2,3,25,22,18,25,24,26,32,30,12,15
2025-09-21,6396999,final,TRUE,Texas St.,,5-6,Hawaii,,4-7,3,1,25,16,25,20,19,25,25,22,,
2025-09-21,6397169,final,FALSE,Sacred Heart,,3-9,UConn,,11-1,0,3,18,25,19,25,20,25,,,,
2025-09-21,6397654,final,FALSE,Minnesota,,10-1,Marquette,,6-4,3,0,28,26,25,21,25,21,,,,
2025-09-21,6398728,final,FALSE,East Carolina,,8-3,North Carolina,,7-2,1,3,15,25,25,23,20,25,18,25,,
2025-09-21,6401253,final,FALSE,California,,3-7,Southern California,,9-1,1,3,20,25,27,25,18,25,14,25,,
2025-09-21,6403140,final,FALSE,Central Mich.,,3-9,Penn St.,,6-4,0,3,21,25,20,25,22,25,,,,
2025-09-21,6406182,final,FALSE,Dartmouth,,2-7,Temple,,9-4,0,3,18,25,14,25,22,25,,,,
2025-09-21,6406328,final,FALSE,Florida,,5-4,Wisconsin,,7-1,1,3,25,19,22,25,20,25,34,36,,
2025-09-21,6410061,final,FALSE,William & Mary,,5-6,James Madison,,7-5,0,3,18,25,23,25,23,25,,,,
2025-09-21,6411435,final,FALSE,UCLA,,6-4,Stanford,,9-2,1,3,18,25,25,21,8,25,16,25,,
2025-09-21,6417016,final,FALSE,DePaul,,7-4,Loyola Chicago,,3-9,3,2,28,26,21,25,23,25,29,27,15,11
2025-09-21,6417558,final,FALSE,Notre Dame,,3-5,Michigan,,10-1,0,3,23,25,22,25,21,25,,,,
2025-09-21,6420117,final,TRUE,Presbyterian,,4-8,Quinnipiac,,3-9,3,2,17,25,22,25,29,27,25,23,15,11
2025-09-21,6420502,final,FALSE,Oklahoma,,8-2,Central Ark.,,3-7,2,3,25,19,20,25,18,25,25,21,14,16
2025-09-21,6426351,final,TRUE,UTRGV,,5-6,Delaware St.,,4-10,3,0,25,23,25,17,25,14,,,,
2025-09-21,6426778,final,FALSE,Davidson,,5-5,App State,,9-2,1,3,25,23,21,25,20,25,18,25,,
2025-09-21,6426979,final,FALSE,Bucknell,,5-6,Lafayette,,3-9,3,1,25,13,25,18,22,25,25,19,,
2025-09-22,6389543,final,FALSE,Western Ky.,,9-4,Louisville,,8-2,0,3,15,25,17,25,20,25,,,,
2025-09-22,6394781,final,FALSE,Abilene Christian,,6-9,East Texas A&M,,2-9,2,3,23,25,25,13,27,25,26,28,13,15
2025-09-22,6395674,final,FALSE,N.C. Central,,3-7,Radford,,3-10,3,1,25,22,28,26,14,25,25,23,,
2025-09-23,6386859,final,FALSE,Ark.-Pine Bluff,,0-13,Oral Roberts,,2-10,0,3,18,25,19,25,16,25,,,,
2025-09-23,6386864,final,FALSE,Holy Cross,,4-10,Iona,,5-9,0,3,15,25,14,25,19,25,,,,
2025-09-23,6387861,final,FALSE,UC Davis,,5-4,UC Riverside,,4-7,3,0,25,19,25,23,25,13,,,,
2025-09-23,6390484,final,FALSE,Louisiana Tech,,7-7,Grambling,,1-9,3,0,25,18,26,24,25,12,,,,
2025-09-23,6393740,final,FALSE,Mississippi Val.,,3-5,Memphis,,8-5,0,3,16,25,20,25,16,25,,,,
2025-09-23,6400701,final,FALSE,South Carolina St.,,2-9,Charleston So.,,7-6,1,3,10,25,26,28,25,19,14,25,,
2025-09-23,6406193,final,FALSE,Temple,,10-4,Penn,,6-4,3,2,22,25,25,20,25,21,23,25,15,13
2025-09-23,6409115,final,FALSE,Southern U.,,3-9,Southeastern La.,,8-4,0,3,14,25,21,25,14,25,,,,
2025-09-23,6416175,final,FALSE,New Haven,,1-7,Bryant,,8-7,0,3,23,25,11,25,15,25,,,,
2025-09-23,6416464,final,FALSE,Queens (NC),,9-4,Gardner-Webb,,7-8,3,0,29,27,25,19,25,19,,,,
2025-09-23,6418210,final,FALSE,Saint Peter's,,5-6,LIU,,2-7,3,0,25,23,25,22,25,23,,,,
2025-09-23,6420230,final,FALSE,Hampton,,1-11,Norfolk St.,,1-12,0,3,21,25,16,25,20,25,,,,
2025-09-23,6427091,final,FALSE,Columbia,,2-8,Rutgers,,9-3,0,3,8,25,14,25,16,25,,,,
2025-09-23,6429364,final,FALSE,Austin Peay,,2-10,Tennessee St.,,1-11,3,0,25,18,25,18,25,11,,,,
2025-09-24,6387220,final,FALSE,Georgia,,8-3,Tennessee,,10-1,0,3,19,25,24,26,20,25,,,,
2025-09-24,6387316,final,FALSE,Indiana,,10-1,Northwestern,,10-3,3,1,25,22,16,25,25,19,25,18,,
2025-09-24,6388952,final,FALSE,Houston,,7-5,TCU,,11-2,0,3,23,25,30,32,18,25,,,,
2025-09-24,6390313,final,FALSE,Northern Colo.,,3-10,Weber St.,,9-4,0,3,22,25,21,25,14,25,,,,
2025-09-24,6390943,final,FALSE,Pittsburgh,,9-2,SMU,,8-3,3,2,25,20,23,25,25,19,18,25,15,9
2025-09-24,6391291,final,FALSE,Cincinnati,,8-3,UCF,,10-3,0,3,16,25,23,25,20,25,,,,
2025-09-24,6396017,final,FALSE,South Carolina,,6-5,Kentucky,,8-2,0,3,17,25,27,29,18,25,,,,
2025-09-24,6398272,final,FALSE,UT Martin,,1-11,Southeast Mo. St.,,8-5,0,3,9,25,18,25,16,25,,,,
2025-09-24,6398282,final,FALSE,SFA,,6-6,A&M-Corpus Christi,,4-9,3,1,15,25,25,21,25,13,25,10,,
2025-09-24,6398614,final,FALSE,Fla. Atlantic,,9-5,South Fla.,,5-7,1,3,25,21,16,25,23,25,21,25,,
2025-09-24,6401848,final,FALSE,Vanderbilt,,4-6,Texas,,9-0,0,3,13,25,18,25,21,25,,,,
2025-09-24,6408237,final,FALSE,N.C. Central,,3-8,Elon,,4-8,0,3,14,25,22,25,18,25,,,,
2025-09-24,6409631,final,FALSE,Butler,,7-7,Xavier,,12-1,0,3,19,25,20,25,20,25,,,,
2025-09-24,6414183,final,FALSE,Lamar University,,7-9,UTRGV,,6-6,0,3,20,25,19,25,17,25,,,,
2025-09-24,6417636,final,FALSE,Michigan,,10-2,Nebraska,,11-0,0,3,22,25,10,25,13,25,,,,
2025-09-24,6421713,final,FALSE,FDU,,6-7,NJIT,,3-10,3,1,25,23,25,21,23,25,25,16,,
2025-09-24,6423867,final,FALSE,Montana St.,,6-6,Eastern Wash.,,2-11,3,2,25,12,18,25,23,25,25,18,15,11
2025-09-24,6424174,final,FALSE,Baylor,,7-3,Texas Tech,,8-5,3,1,25,17,26,28,25,15,25,16,,
2025-09-24,6427579,final,FALSE,Missouri,,8-4,Texas A&M,,9-2,1,3,21,25,17,25,26,24,8,25,,
2025-09-25,6386863,final,FALSE,Denver,,9-3,Oral Roberts,,2-11,3,0,25,23,25,16,25,22,,,,
2025-09-25,6387613,final,FALSE,Furman,,10-3,UNC Greensboro,,7-5,3,1,17,25,25,15,25,19,25,18,,
2025-09-25,6388582,final,FALSE,Maryland,,7-4,Iowa,,10-3,0,3,17,25,20,25,26,28,,,,
2025-09-25,6388690,final,FALSE,Ball St.,,5-8,Buffalo,,3-7,3,0,25,21,25,23,25,17,,,,
2025-09-25,6389689,final,FALSE,Santa Clara,,6-6,Gonzaga,,7-5,3,2,18,25,25,13,25,22,16,25,15,11
2025-09-25,6390430,final,FALSE,Ga. Southern,,10-2,Old Dominion,,3-9,3,0,25,10,25,19,25,17,,,,
2025-09-25,6390760,final,FALSE,Iowa St.,,11-1,Utah,,8-4,3,2,22,25,22,25,25,20,25,16,15,13
2025-09-25,6390802,final,FALSE,UIW,,5-8,Northwestern St.,,1-14,3,0,25,12,25,17,25,16,,,,
2025-09-25,6390822,final,FALSE,Wofford,,5-7,The Citadel,,0-11,3,0,25,15,25,10,25,21,,,,
2025-09-25,6391023,final,FALSE,McNeese,,4-9,Southeastern La.,,9-4,0,3,18,25,17,25,19,25,,,,
2025-09-25,6391558,final,FALSE,Saint Mary's (CA),,2-10,Oregon St.,,7-4,1,3,12,25,17,25,25,22,17,25,,
2025-09-25,6391760,final,FALSE,Ohio,,2-11,Bowling Green,,7-6,1,3,17,25,25,22,15,25,23,25,,
2025-09-25,6393367,final,FALSE,Abilene Christian,,6-10,Utah Valley,,5-8,0,3,26,28,21,25,14,25,,,,
2025-09-25,6394119,final,FALSE,San Diego,,8-4,Pepperdine,,6-6,3,1,25,20,17,25,25,19,25,11,,
2025-09-25,6394782,final,FALSE,Houston Christian,,6-8,East Texas A&M,,2-10,3,0,25,21,25,23,25,17,,,,
2025-09-25,6395010,final,FALSE,San Francisco,,2-9,Washington St.,,7-4,0,3,19,25,22,25,22,25,,,,
2025-09-25,6397081,final,FALSE,Kansas City,,1-13,St. Thomas (MN),,8-4,1,3,25,23,11,25,18,25,15,25,,
2025-09-25,6397945,final,FALSE,South Dakota,,8-5,North Dakota,,4-8,1,3,23,25,20,25,25,15,24,26,,
2025-09-25,6400184,final,FALSE,Utah Tech,,10-3,Southern Utah,,1-11,3,0,25,13,25,17,25,16,,,,
2025-09-25,6400419,final,FALSE,ULM,,9-6,Southern Miss.,,9-3,0,3,23,25,16,25,15,25,,,,
2025-09-25,6401837,final,FALSE,Tarleton St.,,7-6,California Baptist,,4-9,3,1,25,15,25,23,15,25,25,23,,
2025-09-25,6401847,final,FALSE,Pacific,,6-6,Portland,,6-6,0,3,20,25,22,25,25,27,,,,
2025-09-25,6402915,final,FALSE,Colorado,,10-2,BYU,,12-1,3,1,25,14,25,23,23,25,25,21,,
2025-09-25,6403151,final,FALSE,Central Mich.,,3-10,NIU,,8-2,2,3,25,14,25,20,23,25,22,25,11,15
2025-09-25,6403230,final,FALSE,Idaho St.,,4-9,Portland St.,,5-7,0,3,19,25,23,25,22,25,,,,
2025-09-25,6406737,final,FALSE,Tennessee Tech,,4-9,Western Ill.,,3-11,3,2,25,16,24,26,25,15,19,25,15,11
2025-09-25,6407470,final,FALSE,Eastern Mich.,,8-6,Western Mich.,,4-10,1,3,23,25,25,23,31,33,10,25,,
2025-09-25,6408932,final,FALSE,Kent St.,,5-7,Toledo,,10-3,0,3,24,26,19,25,17,25,,,,
2025-09-25,6411241,final,FALSE,Colorado St.,,6-5,Wyoming,,5-7,2,3,20,25,21,25,25,18,25,19,13,15
2025-09-25,6411375,final,FALSE,Sacramento St.,,7-6,Montana,,9-3,0,3,21,25,23,25,19,25,,,,
2025-09-25,6411541,final,FALSE,Boise St.,,9-3,Grand Canyon,,8-4,3,1,23,25,29,27,25,17,25,15,,
2025-09-25,6414139,final,FALSE,Nevada,,4-7,Air Force,,9-4,0,3,23,25,20,25,25,27,,,,
2025-09-25,6414438,final,FALSE,Miami (OH),,7-6,Akron,,7-5,3,2,22,25,25,14,24,26,25,22,15,9
2025-09-25,6414748,final,FALSE,ETSU,,7-5,Mercer,,4-10,3,0,26,24,25,17,32,30,,,,
2025-09-25,6418247,final,FALSE,Nicholls,,10-4,New Orleans,,6-8,2,3,25,20,16,25,22,25,25,23,7,15
2025-09-25,6420959,final,FALSE,Seattle U,,6-6,LMU (CA),,3-7,2,3,21,25,25,18,22,25,25,21,11,15
2025-09-25,6422188,final,FALSE,UNLV,,6-5,San Jose St.,,6-6,2,3,24,26,27,25,20,25,27,25,10,15
2025-09-25,6422762,final,FALSE,Murray St.,,2-8,Belmont,,10-2,1,3,25,19,14,25,18,25,16,25,,
2025-09-25,6422832,final,FALSE,Washington,,5-6,Purdue,,10-1,0,3,21,25,27,29,22,25,,,,
2025-09-25,6422929,final,FALSE,San Diego St.,,6-6,Fresno St.,,4-8,3,0,25,17,25,21,25,16,,,,
2025-09-25,6423380,final,FALSE,Michigan St.,,10-1,Minnesota,,11-1,0,3,16,25,24,26,18,25,,,,
2025-09-25,6423649,final,FALSE,Bryant,,8-8,Dartmouth,,3-7,1,3,23,25,25,19,24,26,22,25,,
2025-09-25,6423806,final,FALSE,Omaha,,3-7,South Dakota St.,,7-3,2,3,23,25,25,23,25,22,20,25,12,15
2025-09-25,6427134,final,FALSE,Utah St.,,4-7,New Mexico,,8-4,3,0,25,19,25,22,25,16,,,,
2025-09-25,6429519,final,FALSE,Idaho,,3-10,Northern Ariz.,,11-3,0,3,22,25,22,25,15,25,,,,
2025-09-26,6386746,final,FALSE,Louisiana,,9-2,Texas St.,,5-7,3,1,25,22,24,26,25,20,26,24,,
2025-09-26,6386868,final,FALSE,Iona,,5-10,Canisius,,3-8,2,3,25,21,25,18,23,25,17,25,17,19
2025-09-26,6387221,final,FALSE,Georgia,,8-4,Kentucky,,9-2,0,3,13,25,13,25,12,25,,,,
2025-09-26,6387317,final,FALSE,Oregon,,9-2,Illinois,,6-4,0,3,24,26,15,25,18,25,,,,
2025-09-26,6387460,final,FALSE,Bradley,,7-6,Evansville,,4-9,3,0,25,21,25,18,25,21,,,,
2025-09-26,6388297,final,FALSE,IU Indy,,6-7,Wright St.,,7-5,0,3,20,25,22,25,21,25,,,,
2025-09-26,6388695,final,FALSE,Miami (OH),,8-6,Buffalo,,3-8,3,0,25,18,25,22,25,23,,,,
2025-09-26,6389002,final,FALSE,Youngstown St.,,5-7,Green Bay,,2-10,1,3,26,24,20,25,20,25,25,27,,
2025-09-26,6389311,final,FALSE,Coppin St.,,7-9,Howard,,6-5,3,2,21,25,27,25,25,18,18,25,15,13
2025-09-26,6389496,final,FALSE,Grambling,,1-10,Alabama St.,,2-11,0,3,17,25,14,25,19,25,,,,
2025-09-26,6389547,final,FALSE,Jacksonville St.,,6-7,Western Ky.,,10-4,0,3,15,25,28,30,26,28,,,,
2025-09-26,6389944,final,FALSE,Samford,,5-7,UNC Greensboro,,8-5,0,3,19,25,17,25,21,25,,,,
2025-09-26,6390045,final,FALSE,USC Upstate,,7-7,UNC Asheville,,4-10,2,3,19,25,19,25,25,21,25,20,18,20
2025-09-26,6390119,final,FALSE,UNI,,8-5,UIC,,6-5,3,1,25,19,23,25,25,21,25,22,,
2025-09-26,6390172,final,FALSE,Wake Forest,,6-6,North Carolina,,8-2,0,3,19,25,22,25,17,25,,,,
2025-09-26,6390433,final,FALSE,Ga. Southern,,11-2,Old Dominion,,3-10,3,0,25,22,25,12,25,20,,,,
2025-09-26,6390485,final,FALSE,Louisiana Tech,,7-8,Liberty,,13-1,0,3,8,25,13,25,15,25,,,,
2025-09-26,6390497,final,FALSE,Princeton,,6-3,Penn,,6-5,3,0,37,35,25,21,25,15,,,,
2025-09-26,6390830,final,FALSE,Western Caro.,,5-7,The Citadel,,0-12,3,0,25,20,25,16,25,19,,,,
2025-09-26,6391060,final,FALSE,Tulsa,,11-2,UTSA,,7-5,3,2,27,25,25,11,21,25,29,31,15,7
2025-09-26,6391489,final,FALSE,Florida St.,,7-3,Clemson,,12-1,3,1,25,20,25,13,21,25,25,20,,
2025-09-26,6391653,final,FALSE,Arizona St.,,10-2,Kansas,,9-6,3,2,28,30,25,21,22,25,25,20,15,11
2025-09-26,6391741,final,FALSE,Oakland,,0-13,Milwaukee,,1-13,0,3,14,25,25,27,15,25,,,,
2025-09-26,6391761,final,FALSE,Kent St.,,5-8,Bowling Green,,8-6,0,3,22,25,9,25,21,25,,,,
2025-09-26,6392033,final,FALSE,Arkansas St.,,8-4,Georgia St.,,9-3,3,2,22,25,25,22,22,25,25,14,15,12
2025-09-26,6392120,final,FALSE,Drake,,4-8,Valparaiso,,10-4,1,3,19,25,19,25,25,14,19,25,,
2025-09-26,6392687,final,FALSE,New Haven,,1-8,Stonehill,,2-13,2,3,23,25,22,25,25,21,27,25,10,15
2025-09-26,6392933,final,FALSE,FDU,,7-7,Mercyhurst,,2-12,3,0,25,21,25,20,25,21,,,,
2025-09-26,6393007,final,FALSE,UMBC,,3-8,NJIT,,3-11,3,1,25,18,25,18,25,27,25,13,,
2025-09-26,6393213,final,FALSE,Rhode Island,,3-10,George Washington,,8-5,0,3,18,25,23,25,13,25,,,,
2025-09-26,6393742,final,FALSE,Memphis,,9-5,Tulane,,8-4,3,1,24,26,26,24,26,24,25,20,,
2025-09-26,6393872,final,FALSE,Austin Peay,,2-11,North Ala.,,7-7,0,3,16,25,23,25,20,25,,,,
2025-09-26,6394291,final,FALSE,Hofstra,,9-1,Col. of Charleston,,7-6,2,3,20,25,25,11,26,24,24,26,13,15
2025-09-26,6394617,final,FALSE,Miami (FL),,11-1,Georgia Tech,,5-5,3,0,26,24,25,14,25,20,,,,
2025-09-26,6395684,final,FALSE,High Point,,4-7,Radford,,3-11,3,0,25,11,25,16,25,15,,,,
2025-09-26,6395803,final,FALSE,Navy,,5-7,American,,9-4,0,3,19,25,20,25,15,25,,,,
2025-09-26,6396772,final,FALSE,UCLA,,7-4,Ohio St.,,3-6,3,2,20,25,25,22,26,24,22,25,15,11
2025-09-26,6397269,final,FALSE,UConn,,11-2,DePaul,,8-4,1,3,29,31,18,25,25,14,23,25,,
2025-09-26,6397674,final,FALSE,Providence,,9-5,Marquette,,7-4,0,3,10,25,16,25,21,25,,,,
2025-09-26,6397777,final,FALSE,Chattanooga,,7-6,Mercer,,4-11,3,0,26,24,25,20,25,22,,,,
2025-09-26,6397896,final,FALSE,Southern Ind.,,4-9,Morehead St.,,7-5,1,3,25,15,13,25,12,25,23,25,,
2025-09-26,6398636,final,FALSE,East Carolina,,8-4,South Fla.,,6-7,1,3,12,25,25,23,16,25,15,25,,
2025-09-26,6399045,final,FALSE,Towson,,12-2,Northeastern,,5-7,3,1,27,25,28,30,25,22,25,23,,
2025-09-26,6400032,final,FALSE,Villanova,,10-2,St. John's (NY),,4-10,3,2,25,20,14,25,25,17,17,25,15,6
2025-09-26,6400297,final,FALSE,Long Beach St.,,8-4,UC Irvine,,5-8,3,0,25,16,27,25,25,15,,,,
2025-09-26,6400428,final,FALSE,ULM,,9-7,Southern Miss.,,10-3,0,3,10,25,23,25,15,25,,,,
2025-09-26,6400531,final,FALSE,Arizona,,7-4,Kansas St.,,7-2,3,1,25,19,19,25,25,14,27,25,,
2025-09-26,6400681,final,FALSE,Kennesaw St.,,6-5,Middle Tenn.,,8-4,0,3,23,25,18,25,17,25,,,,
2025-09-26,6400730,final,FALSE,Charleston So.,,8-6,Presbyterian,,4-9,3,1,25,21,20,25,25,20,25,23,,
2025-09-26,6400881,final,FALSE,CSU Bakersfield,,3-10,UC Santa Barbara,,9-4,0,3,14,25,22,25,16,25,,,,
2025-09-26,6401320,final,FALSE,Jacksonville,,10-3,Queens (NC),,9-5,3,1,25,18,25,21,17,25,25,23,,
2025-09-26,6401560,final,FALSE,Mississippi Val.,,3-6,Bethune-Cookman,,4-9,0,3,20,25,8,25,22,25,,,,
2025-09-26,6401881,final,FALSE,Missouri,,8-5,Texas,,10-0,0,3,19,25,24,26,25,27,,,,
2025-09-26,6402141,final,FALSE,Lindenwood,,4-5,Eastern Ill.,,7-4,1,3,22,25,25,27,28,26,13,25,,
2025-09-26,6402227,final,FALSE,Binghamton,,5-9,UAlbany,,6-7,0,3,26,28,17,25,20,25,,,,
2025-09-26,6402598,final,FALSE,Lipscomb,,4-7,Central Ark.,,4-7,0,3,19,25,24,26,24,26,,,,
2025-09-26,6403159,final,FALSE,Central Mich.,,3-11,Western Mich.,,5-10,2,3,23,25,25,23,23,25,26,24,8,15
2025-09-26,6403799,final,FALSE,Lehigh,,6-6,Army West Point,,8-4,1,3,25,27,25,17,15,25,18,25,,
2025-09-26,6403804,final,FALSE,Georgetown,,8-6,Seton Hall,,6-6,3,1,25,22,21,25,25,18,25,17,,
2025-09-26,6404282,scheduled,FALSE,Lewis & Clark,,0-10,Pacific,,6-6,,,,,,,,,,,,
2025-09-26,6404467,final,FALSE,UMES,,4-10,South Carolina St.,,2-10,3,0,25,20,25,20,25,17,,,,
2025-09-26,6405228,final,FALSE,Saint Louis,,8-4,George Mason,,8-4,1,3,21,25,25,22,18,25,20,25,,
2025-09-26,6405519,final,FALSE,Dayton,,6-6,Davidson,,5-6,3,2,25,15,20,25,25,17,15,25,15,6
2025-09-26,6406136,final,FALSE,Lafayette,,3-10,Colgate,,7-5,0,3,14,25,11,25,26,28,,,,
2025-09-26,6406208,final,FALSE,Temple,,11-4,Rice,,4-8,3,2,25,22,12,25,26,24,26,28,15,13
2025-09-26,6406238,final,FALSE,Merrimack,,2-8,Fairfield,,7-4,0,3,19,25,15,25,16,25,,,,
2025-09-26,6406336,final,FALSE,Mississippi St.,,11-0,Florida,,5-5,3,2,23,25,25,16,25,23,19,25,15,9
2025-09-26,6406729,final,FALSE,Tennessee Tech,,5-9,Western Ill.,,3-12,3,0,25,19,25,18,25,20,,,,
2025-09-26,6407472,final,FALSE,Cal St. Fullerton,,6-7,UC San Diego,,2-11,3,0,25,21,25,23,25,23,,,,
2025-09-26,6407522,final,FALSE,Eastern Mich.,,8-7,NIU,,9-2,0,3,19,25,22,25,21,25,,,,
2025-09-26,6407728,final,FALSE,Stony Brook,,6-6,Hampton,,1-12,3,1,22,25,25,19,25,10,25,18,,
2025-09-26,6408095,final,FALSE,Xavier,,12-2,Creighton,,8-5,0,3,18,25,23,25,16,25,,,,
2025-09-26,6408913,final,FALSE,Charlotte,,10-3,North Texas,,10-3,3,0,25,17,25,23,25,22,,,,
2025-09-26,6408935,final,FALSE,Ohio,,2-12,Toledo,,11-3,1,3,25,22,18,25,21,25,19,25,,
2025-09-26,6409721,final,FALSE,North Florida,,7-7,West Ga.,,2-12,3,1,25,21,25,16,18,25,28,26,,
2025-09-26,6410065,final,FALSE,James Madison,,7-6,App State,,10-2,1,3,25,21,23,25,19,25,23,25,,
2025-09-26,6410288,final,FALSE,UC Riverside,,4-8,Hawaii,,5-7,2,3,25,23,18,25,25,21,17,25,13,15
2025-09-26,6410426,final,FALSE,UTEP,,11-2,Sam Houston,,8-6,3,0,25,16,25,14,25,18,,,,
2025-09-26,6411201,final,FALSE,Missouri St.,,5-7,FIU,,7-6,1,3,24,26,20,25,25,15,19,25,,
2025-09-26,6411937,final,FALSE,South Carolina,,6-6,Tennessee,,11-1,0,3,23,25,16,25,17,25,,,,
2025-09-26,6412105,final,FALSE,Campbell,,9-3,William & Mary,,5-7,3,1,25,15,25,18,21,25,25,14,,
2025-09-26,6412270,final,FALSE,Syracuse,,9-2,Notre Dame,,3-6,3,1,25,23,23,25,25,18,25,22,,
2025-09-26,6412338,final,FALSE,Ole Miss,,8-4,Arkansas,,5-7,2,3,21,25,25,20,24,26,25,19,8,15
2025-09-26,6413572,final,FALSE,New Mexico St.,,8-6,Delaware,,3-7,3,2,13,25,25,21,14,25,25,23,16,14
2025-09-26,6414243,final,FALSE,CSUN,,7-5,Cal Poly,,10-3,0,3,20,25,21,25,20,25,,,,
2025-09-26,6414440,final,FALSE,Ball St.,,6-8,Akron,,7-6,3,1,26,24,25,17,23,25,25,19,,
2025-09-26,6414821,final,FALSE,Alabama,,8-3,Auburn,,10-2,0,3,19,25,21,25,19,25,,,,
2025-09-26,6415330,final,FALSE,LSU,,7-5,Oklahoma,,9-2,0,3,17,25,24,26,18,25,,,,
2025-09-26,6416471,final,FALSE,Gardner-Webb,,7-9,Winthrop,,7-4,2,3,25,22,12,25,17,25,25,16,12,15
2025-09-26,6417110,final,FALSE,Coastal Carolina,,8-4,Marshall,,8-6,3,0,25,12,25,21,25,18,,,,
2025-09-26,6417262,final,FALSE,N.C. A&T,,4-6,UNCW,,2-10,1,3,21,25,22,25,25,22,21,25,,
2025-09-26,6417443,final,FALSE,Cleveland St.,,2-10,Northern Ky.,,5-7,1,3,9,25,25,17,12,25,11,25,,
2025-09-26,6417907,final,FALSE,Robert Morris,,5-7,Purdue Fort Wayne,,2-10,3,1,21,25,25,15,25,23,35,33,,
2025-09-26,6418093,final,FALSE,Saint Peter's,,5-7,Siena,,5-8,0,3,21,25,16,25,21,25,,,,
2025-09-26,6418398,final,FALSE,Delaware St.,,4-11,N.C. Central,,4-8,2,3,25,19,21,25,18,25,26,24,17,19
2025-09-26,6420126,final,FALSE,Quinnipiac,,4-9,Sacred Heart,,3-10,3,1,25,14,25,22,24,26,25,12,,
2025-09-26,6420231,final,FALSE,Norfolk St.,,1-13,Morgan St.,,4-7,1,3,14,25,19,25,25,14,21,25,,
2025-09-26,6420675,final,FALSE,Duquesne,,8-4,VCU,,3-6,1,3,20,25,25,18,18,25,17,25,,
2025-09-26,6421139,final,FALSE,Southern Ill.,,6-7,Murray St.,,2-9,3,1,25,23,25,20,25,27,25,19,,
2025-09-26,6421245,final,FALSE,Jackson St.,,2-9,Florida A&M,,2-10,3,1,17,25,25,18,25,18,25,20,,
2025-09-26,6421445,final,FALSE,Illinois St.,,6-7,Indiana St.,,6-7,3,0,25,17,26,24,27,25,,,,
2025-09-26,6421959,final,FALSE,Wichita St.,,9-4,UAB,,7-6,3,1,26,24,23,25,25,16,25,15,,
2025-09-26,6422231,final,FALSE,Rider,,3-8,Marist,,1-11,3,1,18,25,25,23,25,16,25,19,,
2025-09-26,6422627,final,FALSE,Chicago St.,,0-11,LIU,,3-7,0,3,12,25,15,25,16,25,,,,
2025-09-26,6424990,final,FALSE,Bucknell,,6-6,Holy Cross,,4-11,3,2,23,25,26,24,15,25,25,5,15,9
2025-09-26,6425353,final,FALSE,Rutgers,,9-4,Wisconsin,,8-1,0,3,17,25,17,25,12,25,,,,
2025-09-26,6425931,final,FALSE,Boston College,,11-2,Louisville,,9-2,0,3,12,25,17,25,15,25,,,,
2025-09-26,6426295,final,FALSE,Saint Francis,,6-6,Central Conn. St.,,1-12,3,0,25,23,25,23,28,26,,,,
2025-09-26,6426438,final,FALSE,Southern California,,9-2,Penn St.,,7-4,2,3,13,25,22,25,25,19,25,19,13,15
2025-09-26,6426860,final,FALSE,Troy,,2-7,South Alabama,,6-6,1,3,18,25,18,25,25,21,18,25,,
2025-09-26,6426864,final,FALSE,SIUE,,6-6,Tennessee St.,,1-12,3,0,25,19,25,15,25,13,,,,
2025-09-26,6426958,final,FALSE,NC State,,7-4,Duke,,4-8,1,3,23,25,25,20,22,25,21,25,,
2025-09-26,6426973,final,FALSE,Manhattan,,2-8,Niagara,,1-8,0,3,22,25,23,25,17,25,,,,
2025-09-26,6427581,final,FALSE,Vanderbilt,,4-7,Texas A&M,,10-2,0,3,19,25,20,25,15,25,,,,
2025-09-26,6428916,final,FALSE,Eastern Ky.,,9-4,Bellarmine,,6-7,3,1,21,25,25,17,25,20,25,17,,
2025-09-26,6429682,final,FALSE,Loyola Chicago,,4-9,Fordham,,6-5,3,0,25,21,25,19,25,22,,,,
2025-09-27,6386749,final,FALSE,Louisiana,,9-3,Texas St.,,6-7,0,3,29,31,19,25,18,25,,,,
2025-09-27,6386871,final,FALSE,Iona,,5-11,Niagara,,2-8,2,3,20,25,21,25,25,22,25,22,13,15
2025-09-27,6387319,final,FALSE,Washington,,5-7,Indiana,,11-1,0,3,24,26,22,25,23,25,,,,
2025-09-27,6387463,final,FALSE,Illinois St.,,6-8,Bradley,,8-6,2,3,22,25,25,22,18,25,25,21,8,15
2025-09-27,6387616,final,FALSE,Samford,,5-8,Furman,,11-3,0,3,23,25,20,25,19,25,,,,
2025-09-27,6387752,final,FALSE,Kansas City,,1-14,Denver,,10-3,1,3,10,25,22,25,25,23,14,25,,
2025-09-27,6387864,final,FALSE,UC Davis,,6-4,Hawaii,,5-8,3,1,25,23,23,25,25,12,25,13,,
2025-09-27,6388293,final,FALSE,IU Indy,,6-8,Wright St.,,8-5,1,3,20,25,25,17,19,25,18,25,,
2025-09-27,6388957,final,FALSE,Texas Tech,,8-6,Houston,,8-5,1,3,21,25,13,25,25,16,27,29,,
2025-09-27,6389010,final,FALSE,Youngstown St.,,5-8,Green Bay,,3-10,1,3,16,25,25,15,11,25,33,35,,
2025-09-27,6389551,final,FALSE,Jacksonville St.,,6-8,Western Ky.,,11-4,0,3,16,25,22,25,18,25,,,,
2025-09-27,6390120,final,FALSE,UNI,,9-5,Valparaiso,,10-5,3,1,17,25,25,22,25,22,25,23,,
2025-09-27,6390487,final,FALSE,Louisiana Tech,,7-9,Liberty,,14-1,0,3,15,25,15,25,13,25,,,,
2025-09-27,6390766,final,FALSE,Iowa St.,,11-2,BYU,,13-1,0,3,18,25,20,25,24,26,,,,
2025-09-27,6390803,final,FALSE,Houston Christian,,7-8,Northwestern St.,,1-15,3,0,25,20,25,16,25,23,,,,
2025-09-27,6390841,final,FALSE,Brown,,5-5,Yale,,5-4,1,3,19,25,24,26,25,23,22,25,,
2025-09-27,6391532,final,FALSE,Western Caro.,,5-8,Wofford,,6-7,0,3,17,25,10,25,11,25,,,,
2025-09-27,6391562,final,FALSE,Pacific,,6-7,Oregon St.,,8-4,0,3,12,25,12,25,20,25,,,,
2025-09-27,6391738,final,FALSE,Oakland,,0-14,Milwaukee,,2-13,0,3,18,25,24,26,14,25,,,,
2025-09-27,6392036,final,FALSE,Arkansas St.,,8-5,Georgia St.,,10-3,0,3,21,25,20,25,23,25,,,,
2025-09-27,6392689,final,FALSE,New Haven,,2-8,Stonehill,,2-14,3,2,24,26,25,17,22,25,25,18,22,20
2025-09-27,6392890,final,FALSE,West Virginia,,12-1,Cincinnati,,9-3,1,3,21,25,25,20,12,25,17,25,,
2025-09-27,6392936,final,FALSE,FDU,,7-8,Mercyhurst,,3-12,1,3,23,25,23,25,25,19,22,25,,
2025-09-27,6392979,final,FALSE,TCU,,11-3,Baylor,,8-3,2,3,22,25,25,23,19,25,26,24,9,15
2025-09-27,6393215,final,FALSE,Rhode Island,,3-11,George Washington,,9-5,1,3,24,26,24,26,25,20,16,25,,
2025-09-27,6393372,final,FALSE,Tarleton St.,,7-7,Utah Valley,,6-8,0,3,20,25,16,25,23,25,,,,
2025-09-27,6394120,final,FALSE,Seattle U,,6-7,Pepperdine,,7-6,0,3,20,25,18,25,15,25,,,,
2025-09-27,6394183,final,FALSE,Southeast Mo. St.,,8-6,Little Rock,,6-7,2,3,23,25,26,24,25,12,23,25,11,15
2025-09-27,6394307,final,FALSE,Hofstra,,9-2,Col. of Charleston,,8-6,2,3,25,15,23,25,25,20,20,25,9,15
2025-09-27,6394783,final,FALSE,UIW,,6-8,East Texas A&M,,2-11,3,2,25,23,22,25,23,25,25,19,15,13
2025-09-27,6395011,final,FALSE,San Francisco,,2-10,Gonzaga,,8-5,2,3,27,25,17,25,25,18,20,25,14,16
2025-09-27,6395691,final,FALSE,Elon,,4-9,Radford,,4-11,2,3,27,29,25,20,25,20,23,25,11,15
2025-09-27,6396445,final,FALSE,Navy,,5-8,Loyola Maryland,,4-8,2,3,21,25,27,25,25,21,24,26,16,18
2025-09-27,6396795,final,FALSE,Southern California,,10-2,Ohio St.,,3-7,3,0,25,23,25,22,25,15,,,,
2025-09-27,6397413,final,FALSE,UConn,,11-3,Marquette,,8-4,0,3,22,25,16,25,18,25,,,,
2025-09-27,6397792,final,FALSE,Chattanooga,,7-7,ETSU,,8-5,2,3,21,25,25,21,15,25,25,19,14,16
2025-09-27,6397906,final,FALSE,Southern Ind.,,4-10,Morehead St.,,8-5,0,3,19,25,17,25,21,25,,,,
2025-09-27,6397917,final,FALSE,Drake,,4-9,UIC,,7-5,2,3,25,21,22,25,25,23,22,25,12,15
2025-09-27,6398005,final,FALSE,Oral Roberts,,2-12,South Dakota,,9-5,0,3,16,25,18,25,8,25,,,,
2025-09-27,6398016,final,FALSE,Omaha,,3-8,St. Thomas (MN),,9-4,1,3,22,25,25,27,25,16,20,25,,
2025-09-27,6398302,final,FALSE,UTRGV,,6-7,SFA,,7-6,2,3,26,24,20,25,25,16,26,28,8,15
2025-09-27,6399055,final,FALSE,Towson,,13-2,Northeastern,,5-8,3,2,20,25,25,23,22,25,25,19,15,12
2025-09-27,6400040,final,FALSE,Villanova,,11-2,Seton Hall,,6-7,3,0,25,19,25,20,25,9,,,,
2025-09-27,6400491,final,FALSE,Cal St. Fullerton,,6-8,Long Beach St.,,9-4,0,3,10,25,19,25,11,25,,,,
2025-09-27,6400692,final,FALSE,Kennesaw St.,,7-5,Middle Tenn.,,8-5,3,1,25,13,31,33,25,22,25,18,,
2025-09-27,6400899,final,FALSE,CSUN,,7-6,UC Santa Barbara,,10-4,1,3,25,22,22,25,25,27,21,25,,
2025-09-27,6401275,final,FALSE,California,,4-7,Virginia Tech,,8-4,3,0,25,21,25,18,25,19,,,,
2025-09-27,6401874,final,FALSE,Abilene Christian,,6-11,California Baptist,,5-9,1,3,17,25,25,20,22,25,18,25,,
2025-09-27,6402130,final,FALSE,Lindenwood,,4-6,Eastern Ill.,,8-4,1,3,18,25,21,25,25,23,19,25,,
2025-09-27,6402927,final,FALSE,Colorado,,11-2,Utah,,8-5,3,0,25,18,26,24,25,22,,,,
2025-09-27,6403242,final,FALSE,Northern Ariz.,,12-3,Idaho St.,,4-10,3,0,25,20,25,17,26,24,,,,
2025-09-27,6403805,final,FALSE,Lafayette,,3-11,Army West Point,,9-4,0,3,20,25,18,25,19,25,,,,
2025-09-27,6405231,final,FALSE,Saint Louis,,8-5,George Mason,,9-4,0,3,9,25,20,25,17,25,,,,
2025-09-27,6405274,final,FALSE,Georgetown,,9-6,St. John's (NY),,4-11,3,0,25,18,25,16,25,13,,,,
2025-09-27,6405529,final,FALSE,Dayton,,7-6,Davidson,,5-7,3,0,25,22,25,17,25,15,,,,
2025-09-27,6406140,final,FALSE,Bucknell,,6-7,Colgate,,8-5,0,3,19,25,21,25,14,25,,,,
2025-09-27,6406243,final,FALSE,Merrimack,,3-8,Sacred Heart,,3-11,3,1,25,19,6,25,25,22,25,20,,
2025-09-27,6407734,final,FALSE,Stony Brook,,7-6,Hampton,,1-13,3,0,25,7,25,13,25,14,,,,
2025-09-27,6408100,final,FALSE,Butler,,7-8,Creighton,,9-5,0,3,25,27,15,25,14,25,,,,
2025-09-27,6408662,final,FALSE,Eastern Wash.,,2-12,Northern Colo.,,4-10,1,3,22,25,25,16,26,28,17,25,,
2025-09-27,6408787,final,FALSE,UC San Diego,,3-11,UC Irvine,,5-9,3,1,19,25,25,22,25,18,25,23,,
2025-09-27,6409122,final,FALSE,Nicholls,,10-5,Southeastern La.,,10-4,0,3,18,25,10,25,13,25,,,,
2025-09-27,6410069,final,FALSE,James Madison,,8-6,App State,,10-3,3,1,25,21,25,22,22,25,25,20,,
2025-09-27,6410429,final,FALSE,UTEP,,12-2,Sam Houston,,8-7,3,1,25,17,25,20,21,25,25,23,,
2025-09-27,6410975,final,FALSE,Portland St.,,6-7,Montana St.,,6-7,3,0,25,17,25,22,26,24,,,,
2025-09-27,6411204,final,FALSE,Missouri St.,,5-8,FIU,,8-6,0,3,24,26,15,25,19,25,,,,
2025-09-27,6411245,final,FALSE,Air Force,,9-5,Wyoming,,6-7,0,3,19,25,19,25,16,25,,,,
2025-09-27,6411387,final,FALSE,Weber St.,,9-5,Sacramento St.,,8-6,0,3,14,25,22,25,12,25,,,,
2025-09-27,6411542,final,FALSE,Boise St.,,10-3,New Mexico,,8-5,3,1,23,25,25,22,25,22,25,14,,
2025-09-27,6412112,final,FALSE,Campbell,,10-3,William & Mary,,5-8,3,0,25,16,25,21,25,21,,,,
2025-09-27,6413569,final,FALSE,New Mexico St.,,9-6,Delaware,,3-8,3,0,26,24,25,20,26,24,,,,
2025-09-27,6414140,final,FALSE,Nevada,,4-8,Colorado St.,,7-5,0,3,21,25,21,25,13,25,,,,
2025-09-27,6414185,final,FALSE,A&M-Corpus Christi,,5-9,Lamar University,,7-10,3,0,25,12,25,17,25,22,,,,
2025-09-27,6414244,final,FALSE,CSU Bakersfield,,3-11,Cal Poly,,11-3,0,3,13,25,16,25,14,25,,,,
2025-09-27,6414295,final,FALSE,Stanford,,10-2,Virginia,,7-4,3,1,25,15,25,14,22,25,25,17,,
2025-09-27,6414759,final,FALSE,Manhattan,,2-9,Canisius,,4-8,0,3,17,25,16,25,14,25,,,,
2025-09-27,6415314,final,FALSE,Saint Mary's (CA),,2-11,Portland,,7-6,2,3,22,25,14,25,25,22,25,20,10,15
2025-09-27,6417022,final,FALSE,Providence,,9-6,DePaul,,9-4,0,3,23,25,20,25,19,25,,,,
2025-09-27,6417115,final,FALSE,Coastal Carolina,,9-4,Marshall,,8-7,3,1,21,25,25,13,25,20,25,17,,
2025-09-27,6417194,final,FALSE,McNeese,,5-9,New Orleans,,6-9,3,2,14,25,25,23,25,22,20,25,15,13
2025-09-27,6417266,final,FALSE,N.C. A&T,,4-7,UNCW,,3-10,2,3,17,25,25,13,25,21,21,25,13,15
2025-09-27,6417445,final,FALSE,Cleveland St.,,2-11,Northern Ky.,,6-7,0,3,16,25,13,25,18,25,,,,
2025-09-27,6417638,final,FALSE,Michigan,,10-3,Michigan St.,,11-1,0,3,14,25,22,25,21,25,,,,
2025-09-27,6417910,final,FALSE,Robert Morris,,6-7,Purdue Fort Wayne,,2-11,3,1,23,25,25,23,25,15,25,21,,
2025-09-27,6417986,final,FALSE,North Dakota,,4-9,North Dakota St.,,7-4,0,3,20,25,21,25,18,25,,,,
2025-09-27,6418095,final,FALSE,Rider,,4-8,Siena,,5-9,3,1,25,17,25,15,22,25,25,15,,
2025-09-27,6418148,final,FALSE,Quinnipiac,,4-10,Fairfield,,8-4,1,3,25,14,19,25,17,25,17,25,,
2025-09-27,6418240,final,FALSE,Saint Peter's,,5-8,Marist,,2-11,0,3,26,28,22,25,18,25,,,,
2025-09-27,6418285,final,FALSE,Utah St.,,5-7,Grand Canyon,,8-5,3,0,25,15,25,16,25,18,,,,
2025-09-27,6418486,final,FALSE,Santa Clara,,6-7,Washington St.,,8-4,2,3,21,25,25,16,25,15,25,27,6,15
2025-09-27,6420681,final,FALSE,Duquesne,,9-4,VCU,,3-7,3,2,25,18,20,25,25,22,15,25,15,8
2025-09-27,6421141,final,FALSE,Evansville,,4-10,Southern Ill.,,7-7,1,3,12,25,25,18,19,25,25,27,,
2025-09-27,6421448,final,FALSE,Belmont,,10-3,Indiana St.,,7-7,1,3,16,25,22,25,25,17,23,25,,
2025-09-27,6422181,final,FALSE,UNLV,,7-5,Fresno St.,,4-9,3,1,22,25,25,19,25,18,25,23,,
2025-09-27,6422589,final,FALSE,Montana,,10-3,Idaho,,3-11,3,0,25,20,25,21,25,20,,,,
2025-09-27,6422628,final,FALSE,Chicago St.,,0-12,LIU,,4-7,1,3,20,25,26,24,12,25,14,25,,
2025-09-27,6424994,final,FALSE,Lehigh,,7-6,Holy Cross,,4-12,3,2,25,22,17,25,25,11,17,25,15,12
2025-09-27,6426298,final,FALSE,Saint Francis,,7-6,Central Conn. St.,,1-13,3,2,26,24,24,26,25,22,23,25,15,13
2025-09-27,6426863,final,FALSE,Troy,,2-8,South Alabama,,7-6,1,3,19,25,24,26,25,23,18,25,,
2025-09-27,6426866,final,FALSE,SIUE,,7-6,Tennessee St.,,1-13,3,0,29,27,25,21,25,11,,,,
2025-09-27,6426925,final,FALSE,San Diego St.,,7-6,San Jose St.,,6-7,3,2,25,23,24,26,25,17,15,25,15,10
2025-09-27,6427043,final,FALSE,Southern Utah,,1-12,UT Arlington,,9-4,0,3,13,25,20,25,21,25,,,,
2025-09-27,6427402,final,FALSE,LMU (CA),,3-8,San Diego,,9-4,2,3,25,14,25,23,21,25,14,25,11,15
2025-09-27,6429544,final,FALSE,Maryland,,7-5,Nebraska,,12-0,0,3,14,25,25,27,14,25,,,,
2025-09-27,6429684,final,FALSE,Loyola Chicago,,5-9,Fordham,,6-6,3,1,25,18,25,23,22,25,25,18,,
2025-09-27,6429757,final,FALSE,Cornell,,6-5,Columbia,,2-9,3,0,25,20,25,23,26,24,,,,
2025-09-28,6387320,final,FALSE,Illinois,,7-4,Purdue,,10-2,3,1,25,21,12,25,25,23,26,24,,
2025-09-28,6388587,final,FALSE,Wisconsin,,9-1,Iowa,,10-4,3,0,25,16,25,14,25,16,,,,
2025-09-28,6389312,final,FALSE,Norfolk St.,,1-14,Coppin St.,,8-9,0,3,21,25,17,25,13,25,,,,
2025-09-28,6389497,final,FALSE,Ark.-Pine Bluff,,0-14,Alabama St.,,3-11,0,3,19,25,20,25,20,25,,,,
2025-09-28,6390174,final,FALSE,Wake Forest,,7-6,Duke,,4-9,3,1,22,25,25,23,25,23,27,25,,
2025-09-28,6390946,final,FALSE,SMU,,8-4,Pittsburgh,,10-2,1,3,20,25,22,25,28,26,21,25,,
2025-09-28,6391062,final,FALSE,Tulsa,,11-3,Rice,,5-8,2,3,25,22,25,23,15,25,18,25,11,15
2025-09-28,6391494,final,FALSE,Miami (FL),,12-1,Clemson,,12-2,3,0,25,19,25,18,25,18,,,,
2025-09-28,6391656,final,FALSE,Arizona,,7-5,Kansas,,10-6,0,3,15,25,22,25,19,25,,,,
2025-09-28,6393745,final,FALSE,Wichita St.,,10-4,Memphis,,9-6,3,0,25,19,25,20,25,22,,,,
2025-09-28,6393817,final,FALSE,Texas Southern,,2-12,Alcorn,,1-13,3,2,25,17,25,18,14,25,23,25,15,10
2025-09-28,6393875,final,FALSE,Lipscomb,,4-8,North Ala.,,8-7,0,3,19,25,22,25,20,25,,,,
2025-09-28,6394687,final,FALSE,Morgan St.,,4-8,Howard,,7-5,2,3,25,19,25,18,23,25,19,25,12,15
2025-09-28,6395819,final,FALSE,American,,10-4,Loyola Maryland,,4-9,3,0,26,24,25,14,25,21,,,,
2025-09-28,6398779,final,FALSE,NC State,,7-5,North Carolina,,9-2,1,3,25,19,15,25,21,25,23,25,,
2025-09-28,6401324,final,FALSE,Jacksonville,,11-3,West Ga.,,2-13,3,0,25,19,25,21,25,13,,,,
2025-09-28,6401552,final,FALSE,California,,5-7,Virginia,,7-5,3,1,25,19,25,16,17,25,25,15,,
2025-09-28,6401605,final,FALSE,Jackson St.,,3-9,Bethune-Cookman,,4-10,3,0,25,20,25,19,25,21,,,,
2025-09-28,6403048,final,FALSE,Arizona St.,,11-2,Kansas St.,,7-3,3,0,25,19,25,20,25,19,,,,
2025-09-28,6404468,final,FALSE,UMES,,5-10,N.C. Central,,4-9,3,2,25,18,25,15,15,25,21,25,15,9
2025-09-28,6404983,final,FALSE,Charlotte,,10-4,UTSA,,8-5,1,3,14,25,25,18,25,27,24,26,,
2025-09-28,6406217,final,FALSE,Temple,,11-5,Tulane,,9-4,0,3,23,25,19,25,23,25,,,,
2025-09-28,6406343,final,FALSE,Alabama,,8-4,Florida,,6-5,1,3,16,25,25,23,21,25,21,25,,
2025-09-28,6407669,final,FALSE,Grambling,,1-11,Alabama A&M,,10-3,0,3,24,26,17,25,21,25,,,,
2025-09-28,6408417,final,FALSE,Stanford,,11-2,Virginia Tech,,8-5,3,0,25,16,25,22,25,20,,,,
2025-09-28,6408914,final,FALSE,UAB,,7-7,North Texas,,11-3,1,3,22,25,18,25,25,22,20,25,,
2025-09-28,6408943,final,FALSE,FGCU,,6-5,Eastern Ky.,,9-5,3,2,21,25,25,20,25,20,20,25,15,10
2025-09-28,6410137,final,FALSE,Prairie View,,4-10,Southern U.,,3-10,3,0,25,14,25,17,25,13,,,,
2025-09-28,6410499,final,FALSE,North Florida,,7-8,Queens (NC),,10-5,1,3,22,25,25,12,20,25,20,25,,
2025-09-28,6411439,final,FALSE,UCLA,,8-4,Penn St.,,7-5,3,1,22,25,25,19,25,23,25,23,,
2025-09-28,6412274,final,FALSE,Boston College,,11-3,Notre Dame,,4-6,0,3,9,25,21,25,21,25,,,,
2025-09-28,6412345,final,FALSE,LSU,,8-5,Arkansas,,5-8,3,1,12,25,25,17,25,21,25,23,,
2025-09-28,6412837,final,FALSE,Syracuse,,9-3,Louisville,,10-2,0,3,8,25,17,25,20,25,,,,
2025-09-28,6414315,final,FALSE,Mississippi Val.,,3-7,Florida A&M,,3-10,0,3,15,25,17,25,16,25,,,,
2025-09-28,6414825,final,FALSE,Mississippi St.,,11-1,Auburn,,11-2,0,3,22,25,20,25,17,25,,,,
2025-09-28,6416377,final,FALSE,Stetson,,5-8,Bellarmine,,6-8,3,1,25,23,25,20,22,25,25,21,,
2025-09-28,6420509,final,FALSE,Ole Miss,,9-4,Oklahoma,,9-3,3,2,24,26,25,17,25,27,25,23,15,9
2025-09-28,6421716,final,FALSE,New Hampshire,,7-7,NJIT,,3-12,3,0,25,17,25,20,25,19,,,,
2025-09-28,6422372,final,FALSE,Florida St.,,7-4,Georgia Tech,,6-5,0,3,19,25,19,25,23,25,,,,
2025-09-28,6423485,final,FALSE,Oregon,,9-3,Northwestern,,11-3,2,3,22,25,21,25,26,24,29,27,10,15
2025-09-28,6423652,final,FALSE,Harvard,,2-7,Dartmouth,,3-8,3,0,25,22,25,17,25,11,,,,
2025-09-28,6424576,final,FALSE,East Carolina,,8-5,Fla. Atlantic,,10-5,0,3,22,25,20,25,18,25,,,,
2025-09-28,6425376,final,FALSE,Rutgers,,9-5,Minnesota,,12-1,0,3,22,25,13,25,27,29,,,,
2025-09-28,6426353,final,FALSE,Delaware St.,,5-11,South Carolina St.,,2-11,3,1,25,19,19,25,25,11,25,13,,
2025-09-28,6428334,final,FALSE,UAlbany,,6-8,Bryant,,9-8,1,3,15,25,15,25,29,27,20,25,,
2025-09-28,6429368,final,FALSE,Austin Peay,,2-12,Central Ark.,,5-7,0,3,11,25,19,25,24,26,,,,
2025-09-29,6393822,final,FALSE,Prairie View,,5-10,Alcorn,,1-14,3,0,25,18,25,22,25,20,,,,
2025-09-29,6407674,final,FALSE,Ark.-Pine Bluff,,0-15,Alabama A&M,,11-3,0,3,14,25,12,25,17,25,,,,
2025-09-29,6410139,final,FALSE,Texas Southern,,3-12,Southern U.,,3-11,3,1,25,16,25,17,17,25,25,13,,
2025-09-30,6388298,final,FALSE,Purdue Fort Wayne,,2-12,IU Indy,,7-8,0,3,17,25,21,25,22,25,,,,
2025-09-30,6389016,final,FALSE,Robert Morris,,6-8,Youngstown St.,,6-8,0,3,21,25,19,25,17,25,,,,
2025-09-30,6390122,final,FALSE,UNI,,10-5,Drake,,4-10,3,1,25,13,25,20,24,26,25,19,,
2025-09-30,6391736,final,FALSE,Green Bay,,3-11,Milwaukee,,3-13,0,3,15,25,22,25,24,26,,,,
2025-09-30,6393318,final,FALSE,Cleveland St.,,2-12,Oakland,,1-14,1,3,19,25,21,25,25,23,26,28,,
2025-09-30,6394184,final,FALSE,Little Rock,,7-7,UT Martin,,1-12,3,0,25,13,25,19,25,14,,,,
2025-09-30,6400747,final,FALSE,N.C. Central,,4-10,Charleston So.,,9-6,0,3,11,25,13,25,16,25,,,,
2025-09-30,6402233,final,FALSE,Colgate,,9-5,Binghamton,,5-10,3,1,20,25,25,22,25,18,25,21,,
2025-09-30,6405543,final,FALSE,Dayton,,8-6,Duquesne,,9-5,3,0,25,18,25,23,25,22,,,,
2025-09-30,6406246,final,FALSE,Quinnipiac,,5-10,Merrimack,,3-9,3,0,25,20,25,22,25,23,,,,
2025-09-30,6414760,final,FALSE,Niagara,,3-8,Canisius,,4-9,3,1,25,20,19,25,25,21,27,25,,
2025-09-30,6416383,final,FALSE,Stetson,,5-9,FGCU,,7-5,2,3,25,22,20,25,25,23,21,25,10,15
2025-09-30,6417456,final,FALSE,Wright St.,,8-6,Northern Ky.,,7-7,2,3,25,18,23,25,27,25,21,25,10,15
2025-09-30,6418099,final,FALSE,Siena,,5-10,Marist,,3-11,0,3,16,25,13,25,14,25,,,,
2025-09-30,6418153,final,FALSE,Sacred Heart,,3-12,Fairfield,,9-4,1,3,16,25,25,21,16,25,18,25,,
2025-09-30,6418243,final,FALSE,Saint Peter's,,5-9,Rider,,5-8,0,3,17,25,17,25,19,25,,,,
2025-09-30,6420687,final,FALSE,Davidson,,5-8,VCU,,4-7,2,3,22,25,25,22,25,21,15,25,11,15
2025-09-30,6421719,final,FALSE,NJIT,,3-13,LIU,,5-7,0,3,20,25,17,25,20,25,,,,
2025-09-30,6424998,final,FALSE,Le Moyne,,1-11,Holy Cross,,5-12,0,3,18,25,26,28,23,25,,,,
2025-09-30,6425648,final,FALSE,Morehead St.,,9-5,Tennessee St.,,1-14,3,0,25,18,25,15,25,20,,,,
2025-09-30,6429309,final,FALSE,Manhattan,,2-10,Iona,,6-11,2,3,18,25,17,25,25,19,25,18,8,15
2025-10-01,6387223,final,FALSE,Texas,,11-0,Georgia,,8-5,3,0,25,17,25,21,25,20,,,,
2025-10-01,6388992,final,FALSE,Houston,,8-6,Baylor,,9-3,0,3,16,25,25,27,17,25,,,,
2025-10-01,6391660,final,FALSE,Kansas,,10-7,TCU,,12-3,1,3,15,25,23,25,25,23,13,25,,
2025-10-01,6392892,final,FALSE,Kansas St.,,8-3,West Virginia,,12-2,3,2,25,21,25,23,22,25,25,27,20,18
2025-10-01,6393751,final,FALSE,Southern Ill.,,8-7,Memphis,,9-7,3,0,25,13,25,18,25,21,,,,
2025-10-01,6393882,final,FALSE,North Ala.,,8-8,Central Ark.,,6-7,1,3,17,25,23,25,25,18,16,25,,
2025-10-01,6398798,final,FALSE,Duke,,4-10,North Carolina,,10-2,0,3,20,25,15,25,16,25,,,,
2025-10-01,6403340,final,FALSE,BYU,,14-1,Cincinnati,,9-4,3,1,24,26,25,19,27,25,26,24,,
2025-10-01,6410867,final,FALSE,East Carolina,,8-6,Charlotte,,11-4,1,3,21,25,25,19,22,25,14,25,,
2025-10-01,6411939,final,FALSE,Texas A&M,,11-2,South Carolina,,6-7,3,1,31,29,20,25,25,21,25,13,,
2025-10-01,6417648,final,FALSE,Minnesota,,12-2,Michigan,,11-3,1,3,25,18,12,25,14,25,12,25,,
2025-10-01,6427135,final,FALSE,San Jose St.,,6-8,Utah St.,,6-7,2,3,25,20,24,26,26,24,21,25,14,16
2025-10-01,6428706,final,FALSE,Bryant,,10-8,New Hampshire,,7-8,3,0,25,14,25,23,25,22,,,,
2025-10-01,6477812,final,FALSE,Allen,,5-5,South Carolina St.,,3-11,0,3,20,25,13,25,16,25,,,,
2025-10-02,6386866,final,FALSE,St. Thomas (MN),,10-4,Oral Roberts,,2-13,3,1,23,25,25,21,25,15,25,11,,
2025-10-02,6387324,final,FALSE,Illinois,,7-5,Wisconsin,,10-1,0,3,15,25,17,25,20,25,,,,
2025-10-02,6387620,final,FALSE,Mercer,,4-12,Furman,,12-3,1,3,25,22,22,25,22,25,21,25,,
2025-10-02,6387753,final,FALSE,South Dakota St.,,8-3,Denver,,10-4,3,1,25,20,21,25,27,25,25,19,,
2025-10-02,6387866,final,FALSE,Cal St. Fullerton,,6-9,UC Davis,,7-4,0,3,12,25,20,25,8,25,,,,
2025-10-02,6389703,final,FALSE,Oregon St.,,9-4,Santa Clara,,6-8,3,1,25,22,26,24,15,25,25,18,,
2025-10-02,6390769,final,FALSE,Texas Tech,,8-7,Iowa St.,,12-2,1,3,18,25,24,26,25,16,18,25,,
2025-10-02,6390809,final,FALSE,Northwestern St.,,1-16,UTRGV,,7-7,0,3,12,25,17,25,12,25,,,,
2025-10-02,6391293,final,FALSE,UCF,,10-4,Colorado,,12-2,2,3,25,21,32,30,17,25,23,25,20,22
2025-10-02,6394121,final,FALSE,Pepperdine,,8-6,San Francisco,,2-11,3,0,25,23,25,23,25,14,,,,
2025-10-02,6394784,final,FALSE,East Texas A&M,,3-11,A&M-Corpus Christi,,5-10,3,1,16,25,25,21,25,18,25,21,,
2025-10-02,6397044,final,FALSE,Texas St.,,7-7,Troy,,2-9,3,1,19,25,25,23,27,25,25,23,,
2025-10-02,6397190,final,FALSE,North Dakota St.,,8-4,Kansas City,,1-15,3,2,22,25,25,21,21,25,25,18,15,6
2025-10-02,6397685,final,FALSE,Creighton,,10-5,Marquette,,8-5,3,0,25,16,25,19,25,18,,,,
2025-10-02,6398305,final,FALSE,UT Martin,,1-13,Lindenwood,,5-6,0,3,29,31,22,25,21,25,,,,
2025-10-02,6398329,final,FALSE,New Orleans,,6-10,SFA,,8-6,0,3,17,25,10,25,15,25,,,,
2025-10-02,6400196,final,FALSE,California Baptist,,5-10,Utah Tech,,11-3,0,3,17,25,13,25,18,25,,,,
2025-10-02,6400551,final,FALSE,Utah,,8-6,Arizona,,8-5,2,3,25,23,12,25,25,17,24,26,13,15
2025-10-02,6401331,final,FALSE,North Florida,,7-9,Jacksonville,,12-3,0,3,20,25,21,25,19,25,,,,
2025-10-02,6401854,final,FALSE,LMU (CA),,3-9,Pacific,,7-7,1,3,25,23,17,25,25,27,22,25,,
2025-10-02,6408666,final,FALSE,Northern Colo.,,5-10,Montana,,10-4,3,1,25,23,13,25,25,21,27,25,,
2025-10-02,6409125,final,FALSE,Southeastern La.,,11-4,Lamar University,,7-11,3,0,25,19,25,20,25,23,,,,
2025-10-02,6410290,final,FALSE,UC Irvine,,6-9,UC Riverside,,4-9,3,0,25,21,25,22,28,26,,,,
2025-10-02,6411250,final,FALSE,Wyoming,,7-7,Grand Canyon,,8-6,3,2,25,21,25,19,19,25,17,25,15,10
2025-10-02,6411444,final,FALSE,Purdue,,11-2,UCLA,,8-5,3,2,17,25,22,25,29,27,25,23,15,11
2025-10-02,6411545,final,FALSE,Fresno St.,,4-10,Boise St.,,11-3,0,3,19,25,21,25,21,25,,,,
2025-10-02,6413854,final,FALSE,Western Mich.,,6-10,Miami (OH),,8-7,3,1,25,18,21,25,25,14,25,18,,
2025-10-02,6414142,final,FALSE,UNLV,,8-5,Nevada,,4-9,3,1,25,21,12,25,25,15,25,22,,
2025-10-02,6415315,final,FALSE,San Diego,,10-4,Saint Mary's (CA),,2-12,3,0,31,29,25,21,25,20,,,,
2025-10-02,6417200,final,FALSE,McNeese,,5-10,Houston Christian,,8-8,0,3,19,25,20,25,21,25,,,,
2025-10-02,6417224,final,FALSE,San Diego St.,,8-6,Air Force,,9-6,3,1,25,17,21,25,27,25,25,16,,
2025-10-02,6417333,final,FALSE,Southeast Mo. St.,,9-6,Tennessee Tech,,5-10,3,1,23,25,25,23,25,22,25,20,,
2025-10-02,6418455,final,FALSE,Colorado St.,,8-5,New Mexico,,8-6,3,0,25,23,25,16,25,20,,,,
2025-10-02,6418489,final,FALSE,Washington St.,,9-4,Seattle U,,6-8,3,1,17,25,25,19,25,12,25,17,,
2025-10-02,6423009,final,FALSE,Nicholls,,10-6,UIW,,7-8,0,3,14,25,17,25,18,25,,,,
2025-10-02,6423637,final,FALSE,Ark.-Pine Bluff,,0-16,Grambling,,2-11,0,3,17,25,17,25,16,25,,,,
2025-10-02,6423932,final,FALSE,NIU,,9-3,Ball St.,,7-8,0,3,13,25,19,25,19,25,,,,
2025-10-02,6426027,final,FALSE,Northern Ariz.,,12-4,Montana St.,,7-7,2,3,25,21,14,25,25,21,21,25,13,15
2025-10-02,6427044,final,FALSE,UT Arlington,,9-5,Tarleton St.,,8-7,2,3,22,25,27,25,25,20,23,25,8,15
2025-10-02,6427726,final,FALSE,UIC,,7-6,Illinois St.,,7-8,1,3,23,25,15,25,25,18,19,25,,
2025-10-02,6427861,final,FALSE,North Dakota,,4-10,Omaha,,4-8,0,3,20,25,23,25,14,25,,,,
2025-10-02,6428878,final,FALSE,CSUN,,8-6,CSU Bakersfield,,3-12,3,1,25,19,22,25,25,23,25,23,,
2025-10-03,6386756,final,FALSE,App State,,10-4,Louisiana,,10-3,1,3,23,25,17,25,25,21,22,25,,
2025-10-03,6386876,final,FALSE,Iona,,6-12,Siena,,6-10,0,3,22,25,13,25,12,25,,,,
2025-10-03,6387323,final,FALSE,Indiana,,12-1,Southern California,,10-3,3,1,15,25,25,22,25,19,25,20,,
2025-10-03,6387465,final,FALSE,UIC,,8-6,Bradley,,8-7,3,0,25,16,25,8,25,21,,,,
2025-10-03,6387622,final,FALSE,The Citadel,,0-13,Furman,,13-3,0,3,17,25,11,25,12,25,,,,
2025-10-03,6388301,final,FALSE,Milwaukee,,3-14,IU Indy,,8-8,1,3,25,17,18,25,24,26,16,25,,
2025-10-03,6388697,final,FALSE,Buffalo,,3-9,Kent St.,,6-8,0,3,16,25,19,25,12,25,,,,
2025-10-03,6389021,final,FALSE,Northern Ky.,,8-7,Youngstown St.,,6-9,3,0,25,23,25,20,25,20,,,,
2025-10-03,6389500,final,FALSE,Florida A&M,,3-11,Alabama St.,,4-11,0,3,18,25,9,25,20,25,,,,
2025-10-03,6389555,final,FALSE,Western Ky.,,12-4,Missouri St.,,5-9,3,1,25,21,25,16,20,25,30,28,,
2025-10-03,6389946,final,FALSE,UNC Greensboro,,9-5,Chattanooga,,7-8,3,1,25,18,21,25,25,18,25,14,,
2025-10-03,6390046,final,FALSE,Presbyterian,,4-10,USC Upstate,,8-7,2,3,25,16,20,25,20,25,27,25,10,15
2025-10-03,6390175,final,FALSE,Florida St.,,8-4,Wake Forest,,7-7,3,2,22,25,25,13,25,23,15,25,15,12
2025-10-03,6390314,final,FALSE,Idaho St.,,4-11,Weber St.,,10-5,1,3,28,26,19,25,23,25,19,25,,
2025-10-03,6390447,final,FALSE,Marshall,,9-7,Ga. Southern,,11-3,3,2,25,22,25,20,17,25,21,25,15,12
2025-10-03,6390489,final,FALSE,Delaware,,4-8,Louisiana Tech,,7-10,3,2,20,25,25,22,21,25,25,13,15,10
2025-10-03,6390500,final,FALSE,Brown,,6-5,Princeton,,6-4,3,0,25,17,25,21,25,16,,,,
2025-10-03,6390949,final,FALSE,Georgia Tech,,6-6,SMU,,9-4,1,3,19,25,29,27,18,25,21,25,,
2025-10-03,6391051,final,FALSE,Old Dominion,,3-11,Coastal Carolina,,10-4,0,3,16,25,16,25,22,25,,,,
2025-10-03,6391064,final,FALSE,Tulsa,,12-3,Wichita St.,,10-5,3,1,16,25,25,19,32,30,25,14,,
2025-10-03,6391506,final,FALSE,Clemson,,12-3,Pittsburgh,,11-2,0,3,17,25,10,25,21,25,,,,
2025-10-03,6391538,final,FALSE,Wofford,,7-7,Samford,,5-9,3,1,25,18,25,16,15,25,25,20,,
2025-10-03,6391664,final,FALSE,Kansas,,11-7,Baylor,,9-4,3,2,19,25,25,19,25,13,25,27,15,13
2025-10-03,6391766,final,FALSE,Bowling Green,,9-6,Eastern Mich.,,8-8,3,2,25,18,20,25,20,25,25,15,15,13
2025-10-03,6392041,final,FALSE,Southern Miss.,,10-4,Arkansas St.,,9-5,1,3,25,21,22,25,18,25,24,26,,
2025-10-03,6392123,final,FALSE,Valparaiso,,11-5,Illinois St.,,7-9,3,2,29,27,25,21,24,26,21,25,15,11
2025-10-03,6392697,final,FALSE,FDU,,8-8,New Haven,,2-9,3,0,25,14,25,18,25,17,,,,
2025-10-03,6392893,final,FALSE,BYU,,14-2,West Virginia,,13-2,2,3,24,26,25,14,23,25,25,19,12,15
2025-10-03,6393011,final,FALSE,UMBC,,3-9,Binghamton,,6-10,1,3,22,25,16,25,25,11,25,27,,
2025-10-03,6393178,final,FALSE,ETSU,,9-5,Western Caro.,,5-9,3,1,25,22,25,21,20,25,25,18,,
2025-10-03,6393218,final,FALSE,Davidson,,6-8,Rhode Island,,3-12,3,2,27,25,20,25,26,24,18,25,15,13
2025-10-03,6393749,final,FALSE,Middle Tenn.,,8-6,Jacksonville St.,,7-8,1,3,25,19,15,25,17,25,8,25,,
2025-10-03,6393753,final,FALSE,UTSA,,9-5,Memphis,,9-8,3,0,25,16,25,17,25,13,,,,
2025-10-03,6393825,final,FALSE,Southern U.,,4-11,Alcorn,,1-15,3,0,25,15,25,16,25,14,,,,
2025-10-03,6394185,final,FALSE,Tennessee St.,,1-15,Little Rock,,8-7,0,3,15,25,17,25,16,25,,,,
2025-10-03,6394292,final,FALSE,Col. of Charleston,,9-6,Campbell,,10-4,3,1,25,21,17,25,25,20,25,22,,
2025-10-03,6394618,final,FALSE,Miami (FL),,13-1,NC State,,7-6,3,0,25,16,25,20,25,22,,,,
2025-10-03,6394689,final,FALSE,Howard,,8-5,Delaware St.,,5-12,3,2,21,25,22,25,25,17,25,19,15,9
2025-10-03,6395728,final,FALSE,Gardner-Webb,,8-9,Radford,,4-12,3,0,25,17,25,23,25,23,,,,
2025-10-03,6395855,final,FALSE,American,,11-4,Bucknell,,6-8,3,0,25,17,25,16,25,12,,,,
2025-10-03,6396033,final,FALSE,Kentucky,,10-2,Ole Miss,,9-5,3,0,25,18,25,21,25,19,,,,
2025-10-03,6396461,final,FALSE,Navy,,5-9,Lehigh,,8-6,1,3,24,26,25,20,21,25,17,25,,
2025-10-03,6396813,final,FALSE,Ohio St.,,3-8,Washington,,6-7,1,3,22,25,25,21,19,25,19,25,,
2025-10-03,6397056,final,FALSE,Texas St.,,7-8,Troy,,3-9,2,3,17,25,23,25,25,14,25,23,11,15
2025-10-03,6397477,final,FALSE,Seton Hall,,6-8,UConn,,12-3,1,3,11,25,27,25,16,25,19,25,,
2025-10-03,6397924,final,FALSE,Eastern Ill.,,8-5,Southern Ind.,,5-10,0,3,20,25,23,25,19,25,,,,
2025-10-03,6397941,final,FALSE,Murray St.,,2-10,Drake,,5-10,0,3,15,25,20,25,21,25,,,,
2025-10-03,6398323,final,FALSE,UT Martin,,1-14,Lindenwood,,6-6,1,3,17,25,25,18,26,28,19,25,,
2025-10-03,6398721,final,FALSE,South Fla.,,7-7,Temple,,11-6,3,1,25,20,24,26,25,15,25,21,,
2025-10-03,6399117,final,FALSE,Oklahoma,,10-3,Vanderbilt,,4-8,3,1,23,25,25,18,25,23,25,23,,
2025-10-03,6400048,final,FALSE,Butler,,7-9,Villanova,,12-2,0,3,19,25,23,25,15,25,,,,
2025-10-03,6400324,final,FALSE,UC Santa Barbara,,10-5,Long Beach St.,,10-4,1,3,29,31,25,20,23,25,17,25,,
2025-10-03,6400773,final,FALSE,Charleston So.,,10-6,UNC Asheville,,4-11,3,1,25,18,27,25,15,25,25,22,,
2025-10-03,6401433,final,FALSE,Louisville,,11-2,California,,5-8,3,0,25,16,25,5,25,16,,,,
2025-10-03,6401700,final,FALSE,Bethune-Cookman,,4-11,Alabama A&M,,12-3,2,3,25,17,14,25,18,25,26,24,9,15
2025-10-03,6402613,final,FALSE,Bellarmine,,6-9,Lipscomb,,5-8,0,3,16,25,14,25,17,25,,,,
2025-10-03,6403149,final,FALSE,Kansas St.,,9-3,Cincinnati,,9-5,3,2,24,26,25,21,25,19,23,25,15,7
2025-10-03,6403169,final,FALSE,Toledo,,12-3,Central Mich.,,3-12,3,2,22,25,25,22,21,25,25,22,15,9
2025-10-03,6403566,final,FALSE,Loyola Maryland,,4-10,Lafayette,,4-11,0,3,18,25,21,25,18,25,,,,
2025-10-03,6403812,final,FALSE,Army West Point,,10-4,Holy Cross,,5-13,3,0,25,17,25,19,25,20,,,,
2025-10-03,6404469,final,FALSE,Norfolk St.,,1-15,UMES,,6-10,2,3,25,23,23,25,13,25,26,24,13,15
2025-10-03,6405233,final,FALSE,VCU,,5-7,Saint Louis,,8-6,3,2,25,19,25,27,20,25,25,17,15,10
2025-10-03,6405301,final,FALSE,St. John's (NY),,5-11,Providence,,9-7,3,1,24,26,29,27,25,21,25,22,,
2025-10-03,6405556,final,FALSE,Fordham,,6-7,Dayton,,9-6,1,3,13,25,23,25,29,27,14,25,,
2025-10-03,6406249,final,FALSE,Niagara,,4-8,Merrimack,,3-10,3,2,22,25,26,24,22,25,25,16,15,12
2025-10-03,6406349,final,FALSE,Auburn,,11-3,Florida,,7-5,1,3,18,25,25,17,18,25,25,27,,
2025-10-03,6406744,final,FALSE,Western Ill.,,3-13,SIUE,,8-6,2,3,22,25,15,25,25,20,25,23,13,15
2025-10-03,6407743,final,FALSE,William & Mary,,6-8,Stony Brook,,7-7,3,2,25,20,20,25,23,25,25,20,16,14
2025-10-03,6408421,final,FALSE,Syracuse,,10-3,Virginia Tech,,8-6,3,1,28,30,27,25,25,23,25,19,,
2025-10-03,6408788,final,FALSE,Cal Poly,,11-4,UC San Diego,,4-11,0,3,23,25,24,26,15,25,,,,
2025-10-03,6408915,final,FALSE,North Texas,,11-4,Fla. Atlantic,,11-5,1,3,25,19,20,25,15,25,14,25,,
2025-10-03,6409173,final,FALSE,Akron,,8-6,Ohio,,2-13,3,1,28,26,24,26,25,18,31,29,,
2025-10-03,6409641,final,FALSE,Xavier,,13-2,Georgetown,,9-7,3,2,25,21,22,25,19,25,27,25,15,8
2025-10-03,6409741,final,FALSE,West Ga.,,2-14,FGCU,,8-5,0,3,14,25,14,25,17,25,,,,
2025-10-03,6409811,final,FALSE,Winthrop,,8-4,High Point,,4-8,3,2,25,19,21,25,15,25,25,21,18,16
2025-10-03,6409946,final,FALSE,Green Bay,,4-11,Purdue Fort Wayne,,2-13,3,0,29,27,25,14,25,23,,,,
2025-10-03,6410073,final,FALSE,Georgia St.,,10-4,James Madison,,9-6,1,3,28,30,28,26,20,25,23,25,,
2025-10-03,6410433,final,FALSE,Sam Houston,,8-8,New Mexico St.,,10-6,1,3,13,25,22,25,25,23,12,25,,
2025-10-03,6410870,final,FALSE,Tulane,,9-5,Charlotte,,12-4,1,3,20,25,25,23,22,25,9,25,,
2025-10-03,6410977,final,FALSE,Sacramento St.,,9-6,Portland St.,,6-8,3,1,25,18,25,23,22,25,25,22,,
2025-10-03,6411143,final,FALSE,FIU,,8-7,Kennesaw St.,,8-5,1,3,15,25,28,26,23,25,17,25,,
2025-10-03,6412353,final,FALSE,Arkansas,,5-9,Missouri,,9-5,0,3,11,25,20,25,17,25,,,,
2025-10-03,6413866,final,FALSE,Western Mich.,,6-11,Ball St.,,8-8,1,3,16,25,25,14,23,25,22,25,,
2025-10-03,6413960,final,FALSE,Yale,,6-4,Penn,,6-6,3,0,25,12,25,19,25,19,,,,
2025-10-03,6414296,final,FALSE,Notre Dame,,4-7,Stanford,,12-2,0,3,22,25,24,26,14,25,,,,
2025-10-03,6414316,final,FALSE,Mississippi Val.,,3-8,Prairie View,,6-10,0,3,16,25,10,25,20,25,,,,
2025-10-03,6414762,final,FALSE,Canisius,,4-10,Quinnipiac,,6-10,1,3,25,22,19,25,19,25,23,25,,
2025-10-03,6415281,final,FALSE,Hawaii,,6-8,CSU Bakersfield,,3-13,3,1,25,20,25,23,18,25,25,17,,
2025-10-03,6415331,final,FALSE,Tennessee,,12-1,LSU,,8-6,3,2,20,25,21,25,25,23,25,16,15,8
2025-10-03,6416400,final,FALSE,Queens (NC),,11-5,Stetson,,5-10,3,2,26,28,22,25,27,25,25,11,17,15
2025-10-03,6416750,final,FALSE,Liberty,,14-2,UTEP,,13-2,0,3,21,25,23,25,18,25,,,,
2025-10-03,6417336,final,FALSE,Southeast Mo. St.,,10-6,Tennessee Tech,,5-11,3,1,21,25,25,23,25,21,25,20,,
2025-10-03,6417821,final,FALSE,Boston College,,12-3,Virginia,,7-6,3,0,25,13,27,25,25,21,,,,
2025-10-03,6418158,final,FALSE,Fairfield,,10-4,Saint Peter's,,5-10,3,1,25,18,26,28,25,19,25,23,,
2025-10-03,6418418,final,FALSE,N.C. Central,,4-11,Morgan St.,,5-8,2,3,25,18,25,19,22,25,19,25,11,15
2025-10-03,6420589,final,FALSE,NIU,,9-4,Miami (OH),,9-7,0,3,16,25,21,25,11,25,,,,
2025-10-03,6421142,final,FALSE,Indiana St.,,8-7,Southern Ill.,,8-8,3,1,25,22,26,24,17,25,25,23,,
2025-10-03,6422190,final,FALSE,George Mason,,10-4,Duquesne,,9-6,3,2,25,22,25,21,14,25,21,25,15,11
2025-10-03,6422233,final,FALSE,Sacred Heart,,3-13,Rider,,6-8,1,3,17,25,23,25,27,25,22,25,,
2025-10-03,6422379,final,FALSE,Belmont,,11-3,Evansville,,4-11,3,0,25,18,25,23,25,19,,,,
2025-10-03,6422611,final,FALSE,Rice,,6-8,UAB,,7-8,3,0,25,14,25,21,25,17,,,,
2025-10-03,6422629,final,FALSE,Central Conn. St.,,2-13,Chicago St.,,0-13,3,1,25,19,20,25,25,19,25,14,,
2025-10-03,6423382,final,FALSE,Michigan St.,,12-1,Northwestern,,11-4,3,1,15,25,25,15,25,20,25,21,,
2025-10-03,6423654,final,FALSE,Dartmouth,,4-8,Columbia,,2-10,3,0,25,12,26,24,30,28,,,,
2025-10-03,6423869,final,FALSE,Idaho,,4-11,Eastern Wash.,,2-13,3,0,25,20,25,21,27,25,,,,
2025-10-03,6425195,final,FALSE,George Washington,,9-6,Loyola Chicago,,6-9,2,3,25,20,17,25,25,22,27,29,8,15
2025-10-03,6426170,final,FALSE,Iowa,,10-5,Oregon,,10-3,2,3,19,25,25,19,15,25,25,16,17,19
2025-10-03,6426865,final,FALSE,South Alabama,,8-6,ULM,,9-8,3,0,25,21,25,14,25,16,,,,
2025-10-03,6427095,final,FALSE,Maryland,,7-6,Rutgers,,10-5,1,3,25,27,25,17,20,25,16,25,,
2025-10-03,6427267,final,FALSE,Hampton,,1-14,N.C. A&T,,5-7,0,3,9,25,18,25,19,25,,,,
2025-10-03,6427305,final,FALSE,Alabama,,8-5,Mississippi St.,,12-1,1,3,25,23,19,25,18,25,21,25,,
2025-10-03,6428335,final,FALSE,UAlbany,,6-9,New Hampshire,,8-8,2,3,25,22,23,25,18,25,25,22,11,15
2025-10-03,6428665,final,FALSE,Harvard,,2-8,Cornell,,7-5,0,3,21,25,19,25,17,25,,,,
2025-10-03,6428696,final,FALSE,LIU,,6-7,Le Moyne,,1-12,3,0,25,20,25,16,25,11,,,,
2025-10-03,6429310,final,FALSE,Manhattan,,2-11,Marist,,4-11,2,3,25,18,21,25,23,25,25,20,10,15
2025-10-03,6429376,final,FALSE,Eastern Ky.,,10-5,Austin Peay,,2-13,3,0,25,20,25,17,25,19,,,,
2025-10-03,6429545,final,FALSE,Nebraska,,13-0,Penn St.,,7-6,3,0,25,6,25,15,25,13,,,,
2025-10-03,6439048,final,FALSE,Wright St.,,9-6,Cleveland St.,,2-13,3,1,25,20,18,25,25,17,25,23,,
2025-10-03,6477519,final,FALSE,Stonehill,,2-15,Saint Francis,,8-6,0,3,21,25,20,25,13,25,,,,
2025-10-04,6386763,final,FALSE,App State,,11-4,Louisiana,,10-4,3,1,25,23,26,24,20,25,25,22,,
2025-10-04,6386870,final,FALSE,South Dakota St.,,9-3,Oral Roberts,,2-14,3,0,25,17,25,11,25,20,,,,
2025-10-04,6386879,final,FALSE,Iona,,6-13,Marist,,5-11,0,3,23,25,24,26,24,26,,,,
2025-10-04,6387326,final,FALSE,Indiana,,13-1,UCLA,,8-6,3,1,20,25,25,17,25,23,25,21,,
2025-10-04,6387466,final,FALSE,Valparaiso,,12-5,Bradley,,8-8,3,2,25,22,14,25,25,20,18,25,15,8
2025-10-04,6387754,final,FALSE,South Dakota,,9-6,Denver,,11-4,1,3,22,25,25,18,19,25,23,25,,
2025-10-04,6387869,final,FALSE,UC Irvine,,6-10,UC Davis,,8-4,1,3,25,27,25,18,13,25,21,25,,
2025-10-04,6388303,final,FALSE,Milwaukee,,3-15,IU Indy,,9-8,0,3,19,25,20,25,21,25,,,,
2025-10-04,6388701,final,FALSE,Buffalo,,4-9,Ohio,,2-14,3,2,19,25,25,21,23,25,25,17,15,13
2025-10-04,6389001,final,FALSE,Houston,,8-7,Colorado,,13-2,0,3,20,25,15,25,19,25,,,,
2025-10-04,6389028,final,FALSE,Northern Ky.,,8-8,Youngstown St.,,7-9,2,3,25,21,25,20,21,25,23,25,14,16
2025-10-04,6389559,final,FALSE,Western Ky.,,13-4,Missouri St.,,5-10,3,0,25,20,25,13,25,14,,,,
2025-10-04,6389706,final,FALSE,Pepperdine,,8-7,Santa Clara,,7-8,1,3,25,23,20,25,23,25,22,25,,
2025-10-04,6389953,final,FALSE,UNC Greensboro,,9-6,Western Caro.,,6-9,1,3,25,17,22,25,22,25,24,26,,
2025-10-04,6390053,final,FALSE,Charleston So.,,10-7,USC Upstate,,9-7,0,3,20,25,21,25,19,25,,,,
2025-10-04,6390123,final,FALSE,Murray St.,,2-11,UNI,,11-5,0,3,23,25,10,25,15,25,,,,
2025-10-04,6390452,final,FALSE,Marshall,,9-8,Ga. Southern,,12-3,0,3,19,25,16,25,16,25,,,,
2025-10-04,6390490,final,FALSE,Delaware,,5-8,Louisiana Tech,,7-11,3,1,25,16,25,23,20,25,25,17,,
2025-10-04,6390502,final,FALSE,Yale,,6-5,Princeton,,7-4,1,3,21,25,25,15,21,25,18,25,,
2025-10-04,6390772,final,FALSE,UCF,,10-5,Iowa St.,,13-2,1,3,27,25,15,25,23,25,20,25,,
2025-10-04,6390813,final,FALSE,Northwestern St.,,1-17,A&M-Corpus Christi,,6-10,0,3,22,25,15,25,18,25,,,,
2025-10-04,6390848,final,FALSE,Brown,,7-5,Penn,,6-7,3,2,18,25,21,25,25,22,25,21,15,10
2025-10-04,6390868,final,FALSE,The Citadel,,0-14,Mercer,,5-12,0,3,17,25,22,25,16,25,,,,
2025-10-04,6391052,final,FALSE,Old Dominion,,3-12,Coastal Carolina,,11-4,0,3,17,25,25,27,21,25,,,,
2025-10-04,6391541,final,FALSE,Wofford,,7-8,Chattanooga,,8-8,1,3,14,25,26,24,20,25,21,25,,
2025-10-04,6391583,final,FALSE,Oregon St.,,10-4,San Francisco,,2-12,3,1,25,18,25,14,22,25,25,23,,
2025-10-04,6391767,final,FALSE,Bowling Green,,10-6,Central Mich.,,3-13,3,0,25,22,25,23,25,23,,,,
2025-10-04,6392045,final,FALSE,Southern Miss.,,11-4,Arkansas St.,,9-6,3,2,20,25,25,21,25,18,10,25,15,11
2025-10-04,6392699,final,FALSE,FDU,,9-8,New Haven,,2-10,3,0,25,18,25,22,26,24,,,,
2025-10-04,6392981,final,FALSE,TCU,,13-3,Texas Tech,,8-8,3,0,25,16,25,15,25,19,,,,
2025-10-04,6393220,final,FALSE,Davidson,,7-8,Rhode Island,,3-13,3,0,26,24,25,20,25,16,,,,
2025-10-04,6393325,final,FALSE,Oakland,,2-14,Robert Morris,,6-9,3,1,25,16,26,24,21,25,25,20,,
2025-10-04,6393378,final,FALSE,Utah Valley,,6-9,Utah Tech,,12-3,1,3,25,18,16,25,19,25,19,25,,
2025-10-04,6393754,final,FALSE,Middle Tenn.,,8-7,Jacksonville St.,,8-8,2,3,20,25,26,24,25,21,13,25,11,15
2025-10-04,6393891,final,FALSE,North Ala.,,8-9,Jacksonville,,13-3,0,3,12,25,12,25,22,25,,,,
2025-10-04,6394186,final,FALSE,Tennessee St.,,1-16,Little Rock,,9-7,0,3,16,25,16,25,12,25,,,,
2025-10-04,6394293,final,FALSE,Col. of Charleston,,10-6,Campbell,,10-5,3,1,21,25,25,22,25,20,25,22,,
2025-10-04,6394785,final,FALSE,East Texas A&M,,3-12,UTRGV,,8-7,0,3,11,25,17,25,17,25,,,,
2025-10-04,6395740,final,FALSE,Winthrop,,8-5,Radford,,5-12,2,3,26,28,25,23,25,21,20,25,10,15
2025-10-04,6395879,final,FALSE,American,,12-4,Lehigh,,8-7,3,0,25,19,25,21,25,20,,,,
2025-10-04,6396485,final,FALSE,Navy,,6-9,Lafayette,,4-12,3,0,25,22,25,20,25,18,,,,
2025-10-04,6396825,final,FALSE,Ohio St.,,3-9,Oregon,,11-3,0,3,21,25,20,25,17,25,,,,
2025-10-04,6397217,final,FALSE,North Dakota,,4-11,Kansas City,,2-15,2,3,21,25,26,24,14,25,25,22,13,15
2025-10-04,6397572,final,FALSE,St. John's (NY),,5-12,UConn,,13-3,1,3,23,25,25,22,20,25,19,25,,
2025-10-04,6397936,final,FALSE,Eastern Ill.,,8-6,Southern Ind.,,6-10,0,3,19,25,25,27,21,25,,,,
2025-10-04,6398345,final,FALSE,Southeastern La.,,11-5,SFA,,9-6,0,3,17,25,13,25,18,25,,,,
2025-10-04,6398819,final,FALSE,North Carolina,,11-2,Duke,,4-11,3,0,25,14,25,17,25,23,,,,
2025-10-04,6400057,final,FALSE,Xavier,,14-2,Villanova,,12-3,3,2,29,31,25,20,25,16,23,25,16,14
2025-10-04,6400341,final,FALSE,Cal Poly,,11-5,Long Beach St.,,11-4,1,3,20,25,18,25,26,24,25,27,,
2025-10-04,6400910,final,FALSE,UC Santa Barbara,,11-5,UC San Diego,,4-12,3,2,25,12,25,21,20,25,15,25,16,14
2025-10-04,6401861,final,FALSE,San Diego,,11-4,Pacific,,7-8,3,0,25,12,25,19,25,18,,,,
2025-10-04,6401887,final,FALSE,California Baptist,,5-11,Southern Utah,,2-12,2,3,13,25,23,25,25,23,25,15,10,15
2025-10-04,6402619,final,FALSE,Eastern Ky.,,10-6,Lipscomb,,6-8,0,3,23,25,23,25,24,26,,,,
2025-10-04,6403058,final,FALSE,Utah,,8-7,Arizona St.,,12-2,0,3,16,25,15,25,16,25,,,,
2025-10-04,6403569,final,FALSE,Loyola Maryland,,4-11,Bucknell,,7-8,1,3,20,25,20,25,25,15,22,25,,
2025-10-04,6403811,final,FALSE,Seton Hall,,6-9,Providence,,10-7,2,3,17,25,25,20,22,25,25,22,12,15
2025-10-04,6403818,final,FALSE,Army West Point,,10-5,Colgate,,10-5,0,3,15,25,17,25,20,25,,,,
2025-10-04,6405236,final,FALSE,VCU,,6-7,Saint Louis,,8-7,3,1,25,18,14,25,25,16,25,23,,
2025-10-04,6405571,final,FALSE,Fordham,,6-8,Dayton,,10-6,0,3,17,25,12,25,14,25,,,,
2025-10-04,6406256,final,FALSE,Canisius,,4-11,Merrimack,,4-10,2,3,26,24,25,23,22,25,17,25,13,15
2025-10-04,6406752,final,FALSE,Western Ill.,,4-13,SIUE,,8-7,3,1,26,24,15,25,26,24,25,22,,
2025-10-04,6407486,final,FALSE,Cal St. Fullerton,,6-10,UC Riverside,,5-9,0,3,15,25,12,25,18,25,,,,
2025-10-04,6407535,final,FALSE,Toledo,,13-3,Eastern Mich.,,8-9,3,1,25,16,19,25,26,24,25,23,,
2025-10-04,6407737,final,FALSE,Gonzaga,,8-6,Washington St.,,10-4,0,3,17,25,14,25,18,25,,,,
2025-10-04,6407753,final,FALSE,William & Mary,,6-9,Stony Brook,,8-7,0,3,21,25,25,27,23,25,,,,
2025-10-04,6408117,final,FALSE,Creighton,,11-5,DePaul,,9-5,3,1,25,8,27,29,25,12,25,17,,
2025-10-04,6408240,final,FALSE,Elon,,4-10,Hofstra,,10-2,0,3,19,25,26,28,17,25,,,,
2025-10-04,6408500,scheduled,FALSE,UIC,,8-6,Illinois St.,,7-9,,,,,,,,,,,,
2025-10-04,6408669,final,FALSE,Northern Colo.,,5-11,Montana St.,,8-7,1,3,14,25,25,22,19,25,23,25,,
2025-10-04,6409818,final,FALSE,Gardner-Webb,,8-10,High Point,,5-8,1,3,17,25,19,25,25,21,19,25,,
2025-10-04,6409947,final,FALSE,Green Bay,,4-12,Purdue Fort Wayne,,3-13,1,3,22,25,25,22,27,29,16,25,,
2025-10-04,6410077,final,FALSE,Georgia St.,,10-5,James Madison,,10-6,2,3,25,15,26,28,21,25,27,25,14,16
2025-10-04,6410437,final,FALSE,Sam Houston,,8-9,New Mexico St.,,11-6,1,3,9,25,23,25,25,16,21,25,,
2025-10-04,6410503,final,FALSE,Central Ark.,,7-7,North Florida,,7-10,3,2,22,25,25,19,23,25,25,22,18,16
2025-10-04,6411148,final,FALSE,FIU,,8-8,Kennesaw St.,,9-5,2,3,25,23,25,20,20,25,22,25,9,15
2025-10-04,6411254,final,FALSE,Wyoming,,8-7,New Mexico,,8-7,3,1,19,25,27,25,27,25,25,14,,
2025-10-04,6411546,final,FALSE,Boise St.,,11-4,Utah St.,,7-7,2,3,19,25,25,22,27,25,18,25,11,15
2025-10-04,6414143,final,FALSE,San Diego St.,,9-6,Nevada,,4-10,3,0,25,20,25,18,25,22,,,,
2025-10-04,6414189,final,FALSE,New Orleans,,6-11,Lamar University,,8-11,1,3,27,25,17,25,20,25,13,25,,
2025-10-04,6414442,final,FALSE,Akron,,8-7,Kent St.,,7-8,1,3,20,25,21,25,25,22,19,25,,
2025-10-04,6414751,final,FALSE,ETSU,,10-5,Samford,,5-10,3,1,19,25,25,23,25,23,25,20,,
2025-10-04,6415282,final,FALSE,Hawaii,,6-9,CSUN,,9-6,0,3,21,25,21,25,12,25,,,,
2025-10-04,6415316,final,FALSE,LMU (CA),,4-9,Saint Mary's (CA),,2-13,3,0,25,20,25,21,25,21,,,,
2025-10-04,6416757,final,FALSE,Liberty,,14-3,UTEP,,14-2,0,3,23,25,21,25,12,25,,,,
2025-10-04,6416988,final,FALSE,Butler,,7-10,Georgetown,,10-7,1,3,20,25,25,19,19,25,17,25,,
2025-10-04,6417206,final,FALSE,McNeese,,5-11,UIW,,8-8,0,3,21,25,13,25,13,25,,,,
2025-10-04,6417231,final,FALSE,UNLV,,8-6,Air Force,,10-6,1,3,25,20,23,25,21,25,14,25,,
2025-10-04,6417273,final,FALSE,UNCW,,3-11,Towson,,14-2,0,3,24,26,20,25,11,25,,,,
2025-10-04,6417989,final,FALSE,North Dakota St.,,9-4,Omaha,,4-9,3,1,22,25,25,20,25,20,26,24,,
2025-10-04,6418105,final,FALSE,Manhattan,,2-12,Siena,,7-10,0,3,23,25,22,25,22,25,,,,
2025-10-04,6418166,final,FALSE,Fairfield,,11-4,Rider,,6-9,3,1,21,25,25,22,25,22,25,14,,
2025-10-04,6418248,final,FALSE,Sacred Heart,,4-13,Saint Peter's,,5-11,3,2,19,25,25,13,28,26,24,26,15,11
2025-10-04,6418300,final,FALSE,Colorado St.,,9-5,Grand Canyon,,8-7,3,1,25,19,15,25,26,24,25,22,,
2025-10-04,6420137,final,FALSE,Niagara,,5-8,Quinnipiac,,6-11,3,1,23,25,25,21,25,10,25,18,,
2025-10-04,6420963,final,FALSE,Seattle U,,6-9,Portland,,8-6,0,3,19,25,17,25,17,25,,,,
2025-10-04,6421144,final,FALSE,Southern Ill.,,8-9,Belmont,,12-3,1,3,25,22,16,25,25,27,22,25,,
2025-10-04,6421461,final,FALSE,Indiana St.,,8-8,Evansville,,5-11,1,3,17,25,16,25,25,11,20,25,,
2025-10-04,6422192,final,FALSE,George Mason,,11-4,Duquesne,,9-7,3,1,25,15,19,25,25,17,25,21,,
2025-10-04,6422593,final,FALSE,Northern Ariz.,,12-5,Montana,,11-4,1,3,25,17,23,25,21,25,22,25,,
2025-10-04,6422631,final,FALSE,Central Conn. St.,,3-13,Chicago St.,,0-14,3,2,23,25,15,25,25,21,25,15,16,14
2025-10-04,6422833,final,FALSE,Iowa,,10-6,Washington,,7-7,0,3,19,25,14,25,11,25,,,,
2025-10-04,6422930,final,FALSE,San Jose St.,,6-9,Fresno St.,,5-10,0,3,22,25,22,25,21,25,,,,
2025-10-04,6423010,final,FALSE,Nicholls,,10-7,Houston Christian,,9-8,0,3,18,25,21,25,14,25,,,,
2025-10-04,6423191,final,FALSE,Purdue,,12-2,Southern California,,10-4,3,0,25,23,25,18,25,21,,,,
2025-10-04,6423406,final,FALSE,Presbyterian,,4-11,UNC Asheville,,5-11,1,3,25,17,23,25,15,25,23,25,,
2025-10-04,6425198,final,FALSE,George Washington,,10-6,Loyola Chicago,,6-10,3,1,18,25,25,17,26,24,26,24,,
2025-10-04,6426867,final,FALSE,South Alabama,,9-6,ULM,,9-9,3,1,23,25,26,24,25,21,25,18,,
2025-10-04,6427047,final,FALSE,Abilene Christian,,7-11,UT Arlington,,9-6,3,1,25,17,20,25,25,16,25,17,,
2025-10-04,6427096,final,FALSE,Nebraska,,14-0,Rutgers,,10-6,3,0,25,17,25,15,25,16,,,,
2025-10-04,6427268,final,FALSE,Hampton,,1-15,N.C. A&T,,6-7,0,3,20,25,20,25,19,25,,,,
2025-10-04,6428666,final,FALSE,Harvard,,3-8,Columbia,,2-11,3,0,25,16,25,23,25,17,,,,
2025-10-04,6428697,final,FALSE,LIU,,7-7,Le Moyne,,1-13,3,0,25,17,25,18,25,11,,,,
2025-10-04,6428917,final,FALSE,Bellarmine,,7-9,Austin Peay,,2-14,3,2,19,25,25,23,25,23,20,25,15,9
2025-10-04,6439049,final,FALSE,Wright St.,,10-6,Cleveland St.,,2-14,3,1,25,11,25,17,21,25,25,14,,
2025-10-04,6477522,final,FALSE,Stonehill,,2-16,Saint Francis,,9-6,2,3,25,23,25,21,22,25,20,25,10,15
2025-10-05,6387225,final,FALSE,Georgia,,9-5,South Carolina,,6-8,3,1,25,21,12,25,25,21,25,22,,
2025-10-05,6387327,final,FALSE,Michigan St.,,12-2,Illinois,,8-5,2,3,25,22,24,26,18,25,28,26,5,15
2025-10-05,6389313,final,FALSE,N.C. Central,,4-12,Coppin St.,,9-9,1,3,17,25,15,25,25,23,14,25,,
2025-10-05,6389502,final,FALSE,Bethune-Cookman,,5-11,Alabama St.,,4-12,3,1,20,25,25,23,25,15,25,20,,
2025-10-05,6390180,final,FALSE,Miami (FL),,14-1,Wake Forest,,7-8,3,0,25,11,25,23,25,22,,,,
2025-10-05,6390955,final,FALSE,Clemson,,12-4,SMU,,10-4,0,3,16,25,18,25,15,25,,,,
2025-10-05,6391068,final,FALSE,Wichita St.,,10-6,Tulsa,,13-3,0,3,26,28,18,25,20,25,,,,
2025-10-05,6393016,final,FALSE,Bryant,,10-9,UMBC,,4-9,2,3,25,15,25,15,25,27,21,25,4,15
2025-10-05,6393328,final,FALSE,Oakland,,3-14,Robert Morris,,6-10,3,2,25,19,22,25,23,25,25,18,15,11
2025-10-05,6393756,final,FALSE,Rice,,7-8,Memphis,,9-9,3,0,25,13,25,21,25,16,,,,
2025-10-05,6393827,final,FALSE,Alcorn,,1-16,Grambling,,3-11,0,3,10,25,15,25,17,25,,,,
2025-10-05,6394691,final,FALSE,UMES,,7-10,Howard,,8-6,3,2,25,17,17,25,25,22,20,25,15,12
2025-10-05,6397708,final,FALSE,DePaul,,9-6,Marquette,,9-5,0,3,23,25,22,25,15,25,,,,
2025-10-05,6398765,final,FALSE,North Texas,,11-5,South Fla.,,8-7,1,3,13,25,25,23,21,25,21,25,,
2025-10-05,6399139,final,FALSE,Arkansas,,5-10,Vanderbilt,,5-8,0,3,17,25,18,25,18,25,,,,
2025-10-05,6401526,final,FALSE,Notre Dame,,5-7,California,,5-9,3,0,25,23,25,17,25,14,,,,
2025-10-05,6401930,final,FALSE,Texas,,12-0,Mississippi St.,,12-2,3,0,25,14,25,19,25,15,,,,
2025-10-05,6402238,final,FALSE,NJIT,,3-14,Binghamton,,7-10,2,3,22,25,25,22,19,25,25,17,10,15
2025-10-05,6404994,final,FALSE,UTSA,,10-5,UAB,,7-9,3,1,19,25,25,17,25,23,26,24,,
2025-10-05,6406164,final,FALSE,Holy Cross,,5-14,Colgate,,11-5,0,3,18,25,13,25,20,25,,,,
2025-10-05,6406235,final,FALSE,Fla. Atlantic,,12-5,Temple,,11-7,3,0,25,19,25,23,28,26,,,,
2025-10-05,6406354,final,FALSE,Florida,,7-6,LSU,,9-6,2,3,25,16,22,25,14,25,25,22,4,15
2025-10-05,6407339,final,FALSE,Florida A&M,,3-12,Alabama A&M,,13-3,2,3,22,25,25,23,25,27,25,21,5,15
2025-10-05,6408242,final,FALSE,Elon,,4-11,Hofstra,,11-2,0,3,12,25,16,25,12,25,,,,
2025-10-05,6408425,final,FALSE,Boston College,,12-4,Virginia Tech,,9-6,1,3,28,30,25,14,26,28,23,25,,
2025-10-05,6409748,final,FALSE,West Ga.,,2-15,Stetson,,6-10,0,3,17,25,24,26,20,25,,,,
2025-10-05,6410148,final,FALSE,Southern U.,,5-11,Ark.-Pine Bluff,,0-17,3,1,18,25,25,18,25,16,25,19,,
2025-10-05,6412840,final,FALSE,Syracuse,,10-4,Virginia,,8-6,2,3,25,16,22,25,25,23,22,25,15,17
2025-10-05,6414298,final,FALSE,Louisville,,12-2,Stanford,,12-3,3,1,21,25,25,18,25,20,26,24,,
2025-10-05,6414317,final,FALSE,Mississippi Val.,,3-9,Texas Southern,,4-12,0,3,19,25,12,25,22,25,,,,
2025-10-05,6414826,final,FALSE,Auburn,,12-3,Ole Miss,,9-6,3,0,25,21,25,21,25,21,,,,
2025-10-05,6417278,final,FALSE,UNCW,,3-12,Towson,,15-2,0,3,14,25,18,25,12,25,,,,
2025-10-05,6417654,final,FALSE,Michigan,,11-4,Wisconsin,,11-1,0,3,22,25,22,25,20,25,,,,
2025-10-05,6418986,final,FALSE,Georgia Tech,,6-7,Pittsburgh,,12-2,1,3,17,25,19,25,25,21,23,25,,
2025-10-05,6420254,final,FALSE,Delaware St.,,6-12,Norfolk St.,,1-16,3,0,25,16,25,18,25,21,,,,
2025-10-05,6420511,final,FALSE,Oklahoma,,11-3,Missouri,,9-6,3,2,28,30,21,25,25,20,25,21,15,9
2025-10-05,6421246,final,FALSE,Jackson St.,,3-10,Prairie View,,7-10,2,3,17,25,31,29,25,23,19,25,13,15
2025-10-05,6423488,final,FALSE,Minnesota,,13-2,Northwestern,,11-5,3,1,25,18,25,22,17,25,26,24,,
2025-10-05,6423691,final,FALSE,Florida St.,,8-5,NC State,,8-6,2,3,25,14,23,25,25,22,23,25,9,15
2025-10-05,6425015,final,FALSE,Tulane,,9-6,East Carolina,,9-6,0,3,21,25,20,25,22,25,,,,
2025-10-05,6427590,final,FALSE,Texas A&M,,12-2,Alabama,,8-6,3,0,25,19,25,9,25,18,,,,
2025-10-05,6428017,final,FALSE,South Carolina St.,,3-12,Morgan St.,,6-8,0,3,14,25,21,25,22,25,,,,
2025-10-05,6428558,final,FALSE,Queens (NC),,11-6,FGCU,,9-5,1,3,25,21,20,25,17,25,22,25,,
2025-10-05,6470730,final,FALSE,Penn St.,,8-6,Maryland,,7-7,3,2,25,16,25,20,19,25,23,25,15,5
2025-10-06,6389314,final,FALSE,South Carolina St.,,3-13,Coppin St.,,10-9,0,3,21,25,18,25,13,25,,,,
2025-10-06,6393831,final,FALSE,Alcorn,,2-16,Ark.-Pine Bluff,,0-18,3,2,22,25,25,18,25,19,22,25,15,10
2025-10-06,6410150,final,FALSE,Southern U.,,6-11,Grambling,,3-12,3,0,25,16,25,19,25,22,,,,
2025-10-06,6421247,final,FALSE,Jackson St.,,3-11,Texas Southern,,5-12,2,3,23,25,27,25,25,20,24,26,14,16
2025-10-06,6423657,final,FALSE,Dartmouth,,4-9,Cornell,,8-5,0,3,19,25,23,25,14,25,,,,
2025-10-07,6388704,final,FALSE,Buffalo,,5-9,Akron,,8-8,3,2,25,27,25,21,25,21,20,25,15,12
2025-10-07,6391771,final,FALSE,Bowling Green,,10-7,Toledo,,14-3,1,3,23,25,25,19,18,25,16,25,,
2025-10-07,6392126,final,FALSE,Valparaiso,,13-5,UIC,,8-7,3,0,25,17,25,23,25,23,,,,
2025-10-07,6400718,final,FALSE,Tennessee St.,,1-17,Middle Tenn.,,9-7,0,3,17,25,17,25,17,25,,,,
2025-10-07,6400917,final,FALSE,UC Santa Barbara,,11-6,Cal Poly,,12-5,2,3,25,16,18,25,22,25,25,20,12,15
2025-10-07,6403205,final,FALSE,Eastern Mich.,,8-10,Central Mich.,,4-13,0,3,21,25,16,25,14,25,,,,
2025-10-07,6403938,final,FALSE,SIUE,,9-7,Lindenwood,,6-7,3,0,25,21,25,8,25,21,,,,
2025-10-07,6405240,final,FALSE,Loyola Chicago,,7-10,Saint Louis,,8-8,3,2,25,22,15,25,21,25,25,21,15,9
2025-10-07,6409177,final,FALSE,Ohio,,3-14,Kent St.,,7-9,3,0,25,23,25,18,25,14,,,,
2025-10-07,6413974,final,FALSE,Western Mich.,,6-12,NIU,,10-4,0,3,27,29,22,25,25,27,,,,
2025-10-07,6418113,final,FALSE,Siena,,7-11,UAlbany,,7-9,1,3,25,22,23,25,17,25,18,25,,
2025-10-07,6420592,final,FALSE,Ball St.,,9-8,Miami (OH),,9-8,3,0,25,22,25,15,25,16,,,,
2025-10-07,6425002,final,FALSE,Holy Cross,,5-15,Marist,,6-11,2,3,24,26,28,26,25,17,20,25,10,15
2025-10-07,6477525,final,FALSE,Mercyhurst,,3-13,Saint Francis,,10-6,0,3,21,25,17,25,15,25,,,,
2025-10-08,6390182,final,FALSE,NC State,,8-7,Wake Forest,,8-8,0,3,30,32,23,25,18,25,,,,
2025-10-08,6390775,final,FALSE,Iowa St.,,14-2,Kansas St.,,9-4,3,2,16,25,25,22,25,27,25,19,15,11
2025-10-08,6392894,final,FALSE,Cincinnati,,10-5,West Virginia,,13-3,3,1,25,21,25,18,23,25,25,21,,
2025-10-08,6393021,final,FALSE,UMBC,,5-9,Howard,,8-7,3,1,25,18,25,17,19,25,25,18,,
2025-10-08,6393221,final,FALSE,Rhode Island,,3-14,Fordham,,7-8,1,3,18,25,23,25,28,26,21,25,,
2025-10-08,6396055,final,FALSE,Kentucky,,11-2,Texas A&M,,12-3,3,1,21,25,25,22,25,15,27,25,,
2025-10-08,6400571,final,FALSE,Colorado,,14-2,Arizona,,8-6,3,1,25,23,26,28,25,18,25,22,,
2025-10-08,6401726,final,FALSE,Florida A&M,,3-13,Bethune-Cookman,,6-11,1,3,11,25,22,25,25,23,18,25,,
2025-10-08,6401951,final,FALSE,Tennessee,,12-2,Texas,,13-0,2,3,22,25,25,19,17,25,25,23,7,15
2025-10-08,6403062,final,FALSE,Baylor,,9-5,Arizona St.,,13-2,0,3,24,26,25,27,23,25,,,,
2025-10-08,6405002,final,FALSE,UTSA,,10-6,North Texas,,12-5,1,3,25,18,18,25,14,25,19,25,,
2025-10-08,6411447,final,FALSE,UCLA,,9-6,Minnesota,,13-3,3,0,25,18,25,22,25,22,,,,
2025-10-08,6416224,final,FALSE,LIU,,8-7,New Haven,,2-11,3,1,23,25,25,13,25,22,27,25,,
2025-10-08,6423300,final,FALSE,George Mason,,11-5,George Washington,,11-6,1,3,23,25,10,25,25,16,14,25,,
2025-10-08,6424184,final,FALSE,Texas Tech,,8-9,Kansas,,12-7,0,3,12,25,16,25,18,25,,,,
2025-10-08,6426302,final,FALSE,Central Conn. St.,,4-13,Stonehill,,2-17,3,2,14,25,21,25,25,20,25,19,15,9
2025-10-08,6427215,final,FALSE,Le Moyne,,1-14,FDU,,10-8,0,3,15,25,18,25,14,25,,,,
2025-10-09,6387756,final,FALSE,Denver,,12-4,North Dakota,,4-12,3,0,25,16,25,14,25,17,,,,
2025-10-09,6387871,final,FALSE,UC San Diego,,4-13,UC Davis,,9-4,2,3,25,21,25,23,17,25,15,25,12,15
2025-10-09,6389007,final,FALSE,Houston,,8-8,Utah,,9-7,2,3,25,23,25,17,19,25,23,25,11,15
2025-10-09,6389708,final,FALSE,San Francisco,,2-13,Santa Clara,,8-8,0,3,16,25,14,25,21,25,,,,
2025-10-09,6390315,final,FALSE,Eastern Wash.,,2-14,Weber St.,,11-5,1,3,11,25,26,24,15,25,19,25,,
2025-10-09,6390449,final,FALSE,Lamar University,,9-11,McNeese,,5-12,3,1,18,25,25,23,25,21,25,16,,
2025-10-09,6390829,final,FALSE,Northwestern St.,,1-18,Southeastern La.,,12-5,0,3,12,25,12,25,16,25,,,,
2025-10-09,6390876,final,FALSE,The Citadel,,0-15,ETSU,,11-5,0,3,19,25,16,25,15,25,,,,
2025-10-09,6391303,final,FALSE,TCU,,14-3,UCF,,10-6,3,1,25,20,27,25,27,29,25,22,,
2025-10-09,6391587,final,FALSE,Gonzaga,,8-7,Oregon St.,,11-4,0,3,19,25,22,25,15,25,,,,
2025-10-09,6391773,final,FALSE,NIU,,10-5,Bowling Green,,11-7,1,3,25,19,11,25,16,25,10,25,,
2025-10-09,6393182,final,FALSE,Chattanooga,,9-8,Western Caro.,,6-10,3,2,17,25,24,26,25,15,25,21,17,15
2025-10-09,6393386,final,FALSE,UT Arlington,,9-7,Utah Valley,,7-9,0,3,16,25,24,26,21,25,,,,
2025-10-09,6394786,final,FALSE,East Texas A&M,,4-12,New Orleans,,6-12,3,0,25,23,25,21,25,23,,,,
2025-10-09,6396843,final,FALSE,Purdue,,13-2,Ohio St.,,3-10,3,0,25,19,25,16,25,17,,,,
2025-10-09,6397075,final,FALSE,South Alabama,,9-7,Texas St.,,8-8,2,3,21,25,25,22,25,17,21,25,16,18
2025-10-09,6397273,final,FALSE,Kansas City,,2-16,South Dakota St.,,10-3,0,3,16,25,18,25,18,25,,,,
2025-10-09,6397952,final,FALSE,Southern Ind.,,7-10,Southeast Mo. St.,,10-7,3,2,19,25,18,25,25,22,26,24,15,11
2025-10-09,6398028,final,FALSE,St. Thomas (MN),,10-5,South Dakota,,10-6,1,3,22,25,25,18,21,25,19,25,,
2025-10-09,6398346,final,FALSE,Western Ill.,,5-13,UT Martin,,1-15,3,1,25,21,21,25,25,18,25,19,,
2025-10-09,6398415,final,FALSE,SFA,,10-6,Nicholls,,10-8,3,0,25,14,25,21,25,21,,,,
2025-10-09,6400066,final,FALSE,Villanova,,13-3,Georgetown,,10-8,3,1,28,26,31,33,25,14,25,21,,
2025-10-09,6400207,final,FALSE,Utah Tech,,13-3,Tarleton St.,,8-8,3,1,25,22,17,25,25,22,25,16,,
2025-10-09,6400358,final,FALSE,Long Beach St.,,12-4,UC Riverside,,5-10,3,0,25,17,25,23,25,14,,,,
2025-10-09,6401872,final,FALSE,Saint Mary's (CA),,3-13,Pacific,,7-9,3,2,23,25,25,17,25,16,21,25,20,18
2025-10-09,6403248,final,FALSE,Idaho,,4-12,Idaho St.,,5-11,1,3,23,25,20,25,25,23,19,25,,
2025-10-09,6407504,final,FALSE,CSUN,,10-6,Cal St. Fullerton,,6-11,3,0,25,16,25,15,25,14,,,,
2025-10-09,6407548,final,FALSE,Kent St.,,7-10,Eastern Mich.,,9-10,0,3,23,25,12,25,20,25,,,,
2025-10-09,6408672,final,FALSE,Sacramento St.,,9-7,Northern Colo.,,6-11,1,3,18,25,25,20,14,25,21,25,,
2025-10-09,6410079,final,FALSE,Marshall,,9-9,James Madison,,11-6,0,3,15,25,18,25,15,25,,,,
2025-10-09,6410981,final,FALSE,Portland St.,,6-9,Northern Ariz.,,13-5,1,3,24,26,25,20,17,25,13,25,,
2025-10-09,6411008,final,FALSE,Hofstra,,12-2,Hampton,,1-16,3,0,25,18,25,16,25,8,,,,
2025-10-09,6411257,final,FALSE,Utah St.,,8-7,Wyoming,,8-8,3,1,18,25,25,17,25,16,25,15,,
2025-10-09,6411550,final,FALSE,Boise St.,,11-5,Colorado St.,,10-5,0,3,22,25,19,25,24,26,,,,
2025-10-09,6413880,final,FALSE,Akron,,8-9,Western Mich.,,7-12,1,3,25,21,17,25,22,25,25,27,,
2025-10-09,6414147,final,FALSE,Nevada,,4-11,San Jose St.,,7-9,1,3,25,19,23,25,23,25,19,25,,
2025-10-09,6417234,final,FALSE,Air Force,,11-6,Fresno St.,,5-11,3,1,25,20,25,19,21,25,25,22,,
2025-10-09,6417991,final,FALSE,Oral Roberts,,2-15,North Dakota St.,,10-4,2,3,25,23,15,25,25,21,24,26,6,15
2025-10-09,6418305,final,FALSE,Grand Canyon,,9-7,UNLV,,8-7,3,1,25,17,25,20,23,25,25,23,,
2025-10-09,6418495,final,FALSE,Washington St.,,11-4,LMU (CA),,4-10,3,0,25,22,25,16,25,14,,,,
2025-10-09,6421081,final,FALSE,A&M-Corpus Christi,,6-11,Houston Christian,,10-8,1,3,25,21,17,25,20,25,24,26,,
2025-10-09,6421219,final,FALSE,Coastal Carolina,,12-4,Georgia St.,,10-6,3,0,25,22,25,18,27,25,,,,
2025-10-09,6423745,final,FALSE,Portland,,8-7,San Diego,,12-4,0,3,18,25,13,25,15,25,,,,
2025-10-09,6426177,final,FALSE,Oregon,,11-4,Southern California,,11-4,0,3,18,25,21,25,20,25,,,,
2025-10-09,6426930,final,FALSE,New Mexico,,8-8,San Diego St.,,10-6,1,3,10,25,25,20,22,25,23,25,,
2025-10-09,6427027,final,FALSE,UTRGV,,9-7,UIW,,8-9,3,0,25,20,25,19,25,20,,,,
2025-10-09,6427194,final,FALSE,Southern Utah,,2-13,Abilene Christian,,8-11,2,3,25,19,25,21,19,25,16,25,6,15
2025-10-09,6481547,final,FALSE,Prairie View,,8-10,Texas Southern,,5-13,3,1,23,25,25,20,25,7,25,22,,
2025-10-10,6386766,final,FALSE,Louisiana,,10-5,Southern Miss.,,12-4,0,3,31,33,24,26,21,25,,,,
2025-10-10,6386882,final,FALSE,Niagara,,5-9,Iona,,7-13,2,3,25,21,20,25,23,25,28,26,11,15
2025-10-10,6387231,final,FALSE,Georgia,,10-5,Arkansas,,5-11,3,1,25,16,25,22,23,25,25,19,,
2025-10-10,6387328,final,FALSE,Indiana,,14-1,Michigan,,11-5,3,0,25,23,25,17,25,19,,,,
2025-10-10,6387330,final,FALSE,Illinois,,9-5,Maryland,,7-8,3,1,24,26,25,23,25,18,25,23,,
2025-10-10,6387468,final,FALSE,Bradley,,8-9,Drake,,6-10,1,3,26,24,22,25,15,25,22,25,,
2025-10-10,6387628,final,FALSE,Furman,,13-4,ETSU,,12-5,1,3,13,25,19,25,25,19,10,25,,
2025-10-10,6388305,final,FALSE,IU Indy,,10-8,Robert Morris,,6-11,3,1,25,18,19,25,25,20,25,21,,
2025-10-10,6388709,final,FALSE,Central Mich.,,4-14,Buffalo,,6-9,1,3,26,28,22,25,25,17,20,25,,
2025-10-10,6389030,final,FALSE,Youngstown St.,,7-10,Wright St.,,11-6,0,3,11,25,13,25,18,25,,,,
2025-10-10,6389316,final,FALSE,Coppin St.,,11-9,UMES,,7-11,3,1,25,21,25,13,17,25,25,17,,
2025-10-10,6389506,final,FALSE,Alabama St.,,4-13,Jackson St.,,4-11,0,3,20,25,23,25,19,25,,,,
2025-10-10,6389562,final,FALSE,Western Ky.,,14-4,Louisiana Tech,,7-12,3,0,25,17,25,11,26,24,,,,
2025-10-10,6389956,final,FALSE,The Citadel,,0-16,UNC Greensboro,,10-6,2,3,25,17,17,25,25,23,22,25,10,15
2025-10-10,6390055,final,FALSE,USC Upstate,,10-7,Winthrop,,8-6,3,2,17,25,23,25,25,23,28,26,15,13
2025-10-10,6390124,final,FALSE,Evansville,,5-12,UNI,,12-5,0,3,17,25,14,25,18,25,,,,
2025-10-10,6390459,final,FALSE,Ga. Southern,,13-3,Troy,,3-10,3,1,25,19,25,19,16,25,25,20,,
2025-10-10,6390505,final,FALSE,Princeton,,8-4,Dartmouth,,4-10,3,0,25,16,25,23,25,15,,,,
2025-10-10,6390779,final,FALSE,Iowa St.,,14-3,Kansas,,13-7,1,3,25,21,18,25,20,25,19,25,,
2025-10-10,6390850,final,FALSE,Brown,,7-6,Cornell,,9-5,1,3,17,25,22,25,25,16,22,25,,
2025-10-10,6390956,final,FALSE,SMU,,11-4,Florida St.,,8-6,3,1,24,26,25,23,25,15,25,20,,
2025-10-10,6391056,final,FALSE,Old Dominion,,3-13,App State,,12-4,2,3,25,22,25,15,21,25,20,25,16,18
2025-10-10,6391070,final,FALSE,UAB,,7-10,Tulsa,,14-3,0,3,22,25,19,25,18,25,,,,
2025-10-10,6391513,final,FALSE,North Carolina,,12-2,Clemson,,12-5,3,0,25,21,25,13,25,20,,,,
2025-10-10,6391543,final,FALSE,Mercer,,5-13,Wofford,,8-8,0,3,15,25,22,25,18,25,,,,
2025-10-10,6391733,final,FALSE,Northern Ky.,,9-8,Milwaukee,,3-16,3,1,25,23,12,25,25,15,25,18,,
2025-10-10,6391775,final,FALSE,NIU,,10-6,Bowling Green,,12-7,0,3,23,25,21,25,23,25,,,,
2025-10-10,6392056,final,FALSE,Arkansas St.,,10-6,ULM,,9-10,3,0,25,16,25,15,25,18,,,,
2025-10-10,6392700,final,FALSE,Saint Francis,,11-6,New Haven,,2-12,3,1,25,21,16,25,25,22,25,22,,
2025-10-10,6393185,final,FALSE,Samford,,6-10,Western Caro.,,6-11,3,0,25,20,25,20,25,20,,,,
2025-10-10,6393349,final,FALSE,Purdue Fort Wayne,,3-14,Oakland,,4-14,0,3,21,25,19,25,23,25,,,,
2025-10-10,6393758,final,FALSE,Memphis,,9-10,Wichita St.,,11-6,0,3,28,30,17,25,16,25,,,,
2025-10-10,6393764,final,FALSE,Missouri St.,,5-11,Jacksonville St.,,9-8,2,3,29,27,25,18,19,25,13,25,7,15
2025-10-10,6393896,final,FALSE,Stetson,,6-11,North Ala.,,9-9,1,3,15,25,27,25,16,25,24,26,,
2025-10-10,6394187,final,FALSE,Little Rock,,10-7,SIUE,,9-8,3,0,26,24,25,21,25,19,,,,
2025-10-10,6394294,final,FALSE,N.C. A&T,,6-8,Col. of Charleston,,11-6,0,3,22,25,21,25,25,27,,,,
2025-10-10,6394619,final,FALSE,Pittsburgh,,12-3,Miami (FL),,15-1,2,3,26,24,25,14,22,25,19,25,13,15
2025-10-10,6394693,final,FALSE,Howard,,9-7,N.C. Central,,4-13,3,2,23,25,25,18,24,26,25,18,15,10
2025-10-10,6395763,final,FALSE,Presbyterian,,4-12,Radford,,6-12,0,3,22,25,22,25,21,25,,,,
2025-10-10,6395901,final,FALSE,Lafayette,,4-13,American,,13-4,0,3,9,25,12,25,14,25,,,,
2025-10-10,6396502,final,FALSE,Colgate,,12-5,Navy,,6-10,3,1,14,25,25,22,25,16,25,20,,
2025-10-10,6397093,final,FALSE,South Alabama,,10-7,Texas St.,,8-9,3,2,18,25,25,20,22,25,25,23,15,9
2025-10-10,6397599,final,FALSE,UConn,,13-4,Xavier,,15-2,1,3,19,25,18,25,25,16,15,25,,
2025-10-10,6397725,final,FALSE,Marquette,,10-5,Seton Hall,,6-10,3,1,25,13,25,16,23,25,25,20,,
2025-10-10,6397961,final,FALSE,Southern Ind.,,7-11,Southeast Mo. St.,,11-7,2,3,25,22,15,25,25,21,20,25,12,15
2025-10-10,6398384,final,FALSE,Western Ill.,,5-14,UT Martin,,2-15,2,3,25,22,23,25,19,25,25,18,13,15
2025-10-10,6398800,final,FALSE,South Fla.,,8-8,Rice,,8-8,0,3,20,25,22,25,19,25,,,,
2025-10-10,6400588,final,FALSE,Baylor,,9-6,Arizona,,9-6,0,3,21,25,30,32,23,25,,,,
2025-10-10,6400735,final,FALSE,Middle Tenn.,,9-8,Delaware,,6-8,2,3,25,19,25,20,16,25,22,25,10,15
2025-10-10,6400911,final,FALSE,Charleston So.,,10-8,High Point,,6-8,0,3,22,25,11,25,22,25,,,,
2025-10-10,6401341,final,FALSE,Jacksonville,,14-3,Austin Peay,,2-15,3,0,25,16,25,22,27,25,,,,
2025-10-10,6401563,final,FALSE,California,,5-10,Syracuse,,11-4,1,3,21,25,22,25,26,24,26,28,,
2025-10-10,6401838,final,FALSE,Bethune-Cookman,,7-11,Southern U.,,6-12,3,1,26,24,23,25,25,20,25,14,,
2025-10-10,6402623,final,FALSE,North Florida,,7-11,Lipscomb,,7-8,2,3,26,24,27,25,16,25,22,25,12,15
2025-10-10,6402936,final,FALSE,Colorado,,14-3,Arizona St.,,14-2,1,3,20,25,18,25,25,20,23,25,,
2025-10-10,6403179,final,FALSE,Texas Tech,,8-10,Kansas St.,,10-4,0,3,15,25,14,25,19,25,,,,
2025-10-10,6403573,final,FALSE,Loyola Maryland,,4-12,Lehigh,,9-7,0,3,13,25,8,25,17,25,,,,
2025-10-10,6403822,final,FALSE,Bucknell,,7-9,Army West Point,,11-5,0,3,18,25,20,25,27,29,,,,
2025-10-10,6403941,final,FALSE,Morehead St.,,10-5,Lindenwood,,6-8,3,0,25,12,25,21,25,23,,,,
2025-10-10,6405243,final,FALSE,Saint Louis,,8-9,Dayton,,11-6,0,3,10,25,18,25,15,25,,,,
2025-10-10,6405307,final,FALSE,DePaul,,10-6,St. John's (NY),,5-13,3,0,29,27,25,23,25,15,,,,
2025-10-10,6406236,final,FALSE,East Carolina,,10-6,Temple,,11-8,3,2,15,25,25,12,26,28,25,22,15,13
2025-10-10,6406261,final,FALSE,Merrimack,,5-10,Saint Peter's,,5-12,3,0,25,21,25,21,25,23,,,,
2025-10-10,6406359,final,FALSE,Missouri,,9-7,Florida,,8-6,1,3,23,25,25,22,23,25,26,28,,
2025-10-10,6407554,final,FALSE,Kent St.,,7-11,Eastern Mich.,,10-10,1,3,14,25,18,25,25,23,18,25,,
2025-10-10,6408123,final,FALSE,Creighton,,12-5,Georgetown,,10-9,3,0,27,25,25,17,25,15,,,,
2025-10-10,6408428,final,FALSE,Virginia Tech,,9-7,Louisville,,13-2,0,3,11,25,12,25,17,25,,,,
2025-10-10,6408502,final,FALSE,UIC,,9-7,Southern Ill.,,8-10,3,0,25,20,25,19,25,17,,,,
2025-10-10,6408916,final,FALSE,North Texas,,13-5,Tulane,,9-7,3,2,28,26,23,25,25,19,20,25,15,7
2025-10-10,6408936,final,FALSE,Toledo,,14-4,Ball St.,,10-8,2,3,21,25,25,21,25,20,17,25,12,15
2025-10-10,6408945,final,FALSE,Queens (NC),,11-7,Eastern Ky.,,11-6,0,3,21,25,23,25,16,25,,,,
2025-10-10,6409181,final,FALSE,Miami (OH),,9-9,Ohio,,4-14,0,3,19,25,18,25,19,25,,,,
2025-10-10,6409751,final,FALSE,West Ga.,,2-16,Bellarmine,,8-9,0,3,19,25,12,25,20,25,,,,
2025-10-10,6409949,final,FALSE,Cleveland St.,,2-15,Green Bay,,5-12,0,3,22,25,17,25,12,25,,,,
2025-10-10,6410085,final,FALSE,Marshall,,9-10,James Madison,,12-6,1,3,13,25,19,25,25,23,19,25,,
2025-10-10,6410441,final,FALSE,FIU,,9-8,Sam Houston,,8-10,3,1,25,18,20,25,25,22,25,14,,
2025-10-10,6410872,final,FALSE,Fla. Atlantic,,12-6,Charlotte,,13-4,2,3,25,21,16,25,25,21,18,25,13,15
2025-10-10,6411012,final,FALSE,Hofstra,,13-2,Hampton,,1-17,3,0,25,11,25,15,25,13,,,,
2025-10-10,6411955,final,FALSE,South Carolina,,6-9,Oklahoma,,12-3,1,3,23,25,19,25,25,16,19,25,,
2025-10-10,6412127,final,FALSE,Towson,,16-2,William & Mary,,6-10,3,2,19,25,21,25,25,14,25,15,15,11
2025-10-10,6412279,final,FALSE,Virginia,,8-7,Notre Dame,,6-7,0,3,19,25,22,25,17,25,,,,
2025-10-10,6413883,final,FALSE,Akron,,9-9,Western Mich.,,7-13,3,2,25,22,25,23,22,25,26,28,15,9
2025-10-10,6413964,final,FALSE,Yale,,7-5,Columbia,,2-12,3,0,25,10,25,13,25,22,,,,
2025-10-10,6414245,final,FALSE,Cal Poly,,13-5,Hawaii,,6-10,3,0,25,20,25,14,25,22,,,,
2025-10-10,6414300,final,FALSE,Stanford,,13-3,Boston College,,12-5,3,0,25,21,25,19,25,22,,,,
2025-10-10,6414764,final,FALSE,Canisius,,5-11,Manhattan,,2-13,3,0,25,23,25,21,25,23,,,,
2025-10-10,6414828,final,FALSE,Vanderbilt,,5-9,Auburn,,13-3,1,3,25,18,23,25,18,25,22,25,,
2025-10-10,6415332,final,FALSE,LSU,,9-7,Alabama,,9-6,0,3,17,25,17,25,18,25,,,,
2025-10-10,6416474,final,FALSE,UNC Asheville,,6-11,Gardner-Webb,,8-11,3,0,25,14,25,18,28,26,,,,
2025-10-10,6416767,final,FALSE,UTEP,,15-2,New Mexico St.,,11-7,3,0,25,11,25,20,25,18,,,,
2025-10-10,6417289,final,FALSE,Campbell,,11-5,UNCW,,3-13,3,2,21,25,25,12,25,17,20,25,15,6
2025-10-10,6417341,final,FALSE,Tennessee St.,,1-18,Tennessee Tech,,6-11,0,3,22,25,13,25,24,26,,,,
2025-10-10,6418116,final,FALSE,Siena,,8-11,Sacred Heart,,4-14,3,1,25,19,16,25,26,24,28,26,,
2025-10-10,6418175,final,FALSE,Marist,,6-12,Fairfield,,12-4,0,3,14,25,19,25,15,25,,,,
2025-10-10,6418342,final,FALSE,Quinnipiac,,7-11,Rider,,6-10,3,0,25,21,25,23,25,17,,,,
2025-10-10,6420260,final,FALSE,Norfolk St.,,1-17,South Carolina St.,,4-13,0,3,22,25,18,25,13,25,,,,
2025-10-10,6421220,final,FALSE,Coastal Carolina,,13-4,Georgia St.,,10-7,3,0,25,23,25,17,25,20,,,,
2025-10-10,6421463,final,FALSE,Indiana St.,,9-8,Murray St.,,2-12,3,2,25,19,11,25,14,25,25,15,15,13
2025-10-10,6421723,final,FALSE,NJIT,,3-15,UAlbany,,8-9,1,3,25,20,21,25,11,25,20,25,,
2025-10-10,6422195,final,FALSE,Duquesne,,9-8,Loyola Chicago,,8-10,0,3,17,25,17,25,20,25,,,,
2025-10-10,6422369,final,FALSE,Duke,,4-12,Georgia Tech,,7-7,1,3,16,25,19,25,25,20,16,25,,
2025-10-10,6422632,final,FALSE,Chicago St.,,0-15,Le Moyne,,2-14,1,3,21,25,25,27,25,17,17,25,,
2025-10-10,6422665,final,FALSE,Ole Miss,,9-7,Mississippi St.,,13-2,1,3,20,25,28,30,25,22,24,26,,
2025-10-10,6422763,final,FALSE,Illinois St.,,8-9,Belmont,,12-4,3,0,25,18,25,20,25,21,,,,
2025-10-10,6422834,final,FALSE,Washington,,7-8,Nebraska,,15-0,0,3,14,25,18,25,16,25,,,,
2025-10-10,6423383,final,FALSE,Iowa,,10-7,Michigan St.,,13-2,2,3,20,25,15,25,25,23,25,21,7,15
2025-10-10,6423492,final,FALSE,Northwestern,,12-5,Rutgers,,10-7,3,0,25,23,25,18,30,28,,,,
2025-10-10,6425357,final,FALSE,Wisconsin,,11-2,Penn St.,,9-6,0,3,20,25,21,25,16,25,,,,
2025-10-10,6426504,final,FALSE,Penn,,7-7,Harvard,,3-9,3,1,19,25,25,18,25,17,25,22,,
2025-10-10,6427216,final,FALSE,Stonehill,,2-18,FDU,,11-8,0,3,20,25,13,25,17,25,,,,
2025-10-10,6427760,final,FALSE,Providence,,10-8,Butler,,8-10,0,3,25,27,18,25,22,25,,,,
2025-10-10,6428559,final,FALSE,FGCU,,10-5,Central Ark.,,7-8,3,0,25,22,25,22,25,22,,,,
2025-10-10,6428579,final,FALSE,Kennesaw St.,,9-6,Liberty,,15-3,1,3,22,25,22,25,25,19,16,25,,
2025-10-10,6428698,final,FALSE,Mercyhurst,,3-14,LIU,,9-7,0,3,22,25,31,33,17,25,,,,
2025-10-10,6428879,final,FALSE,CSU Bakersfield,,4-13,UC Irvine,,6-11,3,1,15,25,31,29,25,19,25,15,,
2025-10-11,6386780,final,FALSE,Louisiana,,10-6,Southern Miss.,,13-4,1,3,20,25,20,25,25,22,18,25,,
2025-10-11,6386883,final,FALSE,Canisius,,6-11,Iona,,7-14,3,1,25,17,25,21,18,25,25,22,,
2025-10-11,6387333,final,FALSE,Illinois,,10-5,Rutgers,,10-8,3,0,25,20,25,20,25,23,,,,
2025-10-11,6387470,final,FALSE,Bradley,,8-10,UNI,,13-5,0,3,18,25,15,25,12,25,,,,
2025-10-11,6387629,final,FALSE,Furman,,13-5,Wofford,,9-8,0,3,18,25,18,25,14,25,,,,
2025-10-11,6387758,final,FALSE,Denver,,12-5,North Dakota St.,,11-4,0,3,20,25,22,25,23,25,,,,
2025-10-11,6387873,final,FALSE,Long Beach St.,,12-5,UC Davis,,10-4,1,3,20,25,19,25,25,21,20,25,,
2025-10-11,6388307,final,FALSE,IU Indy,,11-8,Robert Morris,,6-12,3,2,25,21,25,27,25,23,24,26,15,11
2025-10-11,6388711,final,FALSE,Central Mich.,,5-14,Buffalo,,6-10,3,0,26,24,25,22,25,17,,,,
2025-10-11,6389015,final,FALSE,Houston,,8-9,BYU,,15-2,1,3,17,25,27,25,19,25,17,25,,
2025-10-11,6389034,final,FALSE,Youngstown St.,,7-11,Wright St.,,12-6,2,3,25,22,17,25,19,25,25,18,9,15
2025-10-11,6389564,final,FALSE,Western Ky.,,15-4,Louisiana Tech,,7-13,3,0,25,12,25,11,25,19,,,,
2025-10-11,6389709,final,FALSE,Santa Clara,,8-9,Saint Mary's (CA),,4-13,2,3,19,25,25,23,20,25,25,17,10,15
2025-10-11,6389961,final,FALSE,Mercer,,5-14,UNC Greensboro,,11-6,1,3,20,25,23,25,25,17,12,25,,
2025-10-11,6390059,final,FALSE,USC Upstate,,11-7,Gardner-Webb,,8-12,3,1,25,18,22,25,25,22,25,20,,
2025-10-11,6390183,final,FALSE,Wake Forest,,8-9,NC State,,9-7,1,3,25,27,25,21,19,25,22,25,,
2025-10-11,6390316,final,FALSE,Idaho,,4-13,Weber St.,,12-5,0,3,18,25,21,25,16,25,,,,
2025-10-11,6390460,final,FALSE,Ga. Southern,,14-3,Troy,,3-11,3,1,25,20,23,25,25,22,25,16,,
2025-10-11,6390507,final,FALSE,Princeton,,9-4,Harvard,,3-10,3,1,25,15,26,24,21,25,25,16,,
2025-10-11,6390831,final,FALSE,Northwestern St.,,1-19,New Orleans,,7-12,0,3,11,25,18,25,9,25,,,,
2025-10-11,6390856,final,FALSE,Brown,,8-6,Columbia,,2-13,3,0,25,22,25,19,25,19,,,,
2025-10-11,6391054,final,FALSE,Old Dominion,,3-14,App State,,13-4,0,3,23,25,21,25,23,25,,,,
2025-10-11,6391594,final,FALSE,Oregon St.,,11-5,San Diego,,13-4,1,3,25,17,17,25,24,26,19,25,,
2025-10-11,6391730,final,FALSE,Northern Ky.,,10-8,Milwaukee,,3-17,3,0,25,23,25,22,25,23,,,,
2025-10-11,6392060,final,FALSE,Arkansas St.,,11-6,ULM,,9-11,3,0,25,11,25,12,25,14,,,,
2025-10-11,6392130,final,FALSE,Valparaiso,,14-5,Southern Ill.,,8-11,3,2,23,25,24,26,25,22,25,13,15,9
2025-10-11,6392701,final,FALSE,Saint Francis,,12-6,New Haven,,2-13,3,0,25,23,25,21,25,18,,,,
2025-10-11,6393224,final,FALSE,VCU,,7-7,Rhode Island,,3-15,3,0,25,20,25,21,25,18,,,,
2025-10-11,6393352,final,FALSE,Purdue Fort Wayne,,3-15,Oakland,,5-14,1,3,25,17,15,25,13,25,11,25,,
2025-10-11,6393769,final,FALSE,Missouri St.,,6-11,Jacksonville St.,,9-9,3,1,22,25,25,21,25,18,25,23,,
2025-10-11,6394122,final,FALSE,Washington St.,,11-5,Pepperdine,,9-7,0,3,25,27,13,25,14,25,,,,
2025-10-11,6394188,final,FALSE,Little Rock,,11-7,SIUE,,9-9,3,1,18,25,25,18,25,20,28,26,,
2025-10-11,6394295,final,FALSE,N.C. A&T,,7-8,Col. of Charleston,,11-7,3,2,22,25,25,15,25,18,22,25,15,11
2025-10-11,6394787,final,FALSE,East Texas A&M,,4-13,Southeastern La.,,13-5,1,3,17,25,15,25,25,19,21,25,,
2025-10-11,6395012,final,FALSE,San Francisco,,3-13,Pacific,,7-10,3,1,25,16,17,25,25,18,25,21,,
2025-10-11,6395780,final,FALSE,Charleston So.,,10-9,Radford,,7-12,1,3,26,24,21,25,18,25,23,25,,
2025-10-11,6396518,final,FALSE,Bucknell,,7-10,Navy,,7-10,2,3,23,25,25,16,25,23,11,25,12,15
2025-10-11,6397737,final,FALSE,Marquette,,11-5,St. John's (NY),,5-14,3,1,25,19,19,25,25,11,25,23,,
2025-10-11,6397814,final,FALSE,Samford,,6-11,Chattanooga,,10-8,2,3,25,19,20,25,16,25,25,20,10,15
2025-10-11,6397915,final,FALSE,UConn,,14-4,Butler,,8-11,3,0,25,18,25,18,25,14,,,,
2025-10-11,6397972,final,FALSE,Evansville,,5-13,Drake,,7-10,0,3,13,25,12,25,13,25,,,,
2025-10-11,6398060,final,FALSE,South Dakota,,11-6,Omaha,,4-10,3,2,21,25,25,20,25,23,23,25,15,9
2025-10-11,6398124,final,FALSE,St. Thomas (MN),,10-6,South Dakota St.,,11-3,1,3,15,25,25,27,25,15,23,25,,
2025-10-11,6398431,final,FALSE,SFA,,11-6,McNeese,,5-13,3,0,25,19,25,10,25,10,,,,
2025-10-11,6399073,final,FALSE,Northeastern,,6-8,Elon,,4-12,3,2,29,27,32,30,24,26,22,25,15,5
2025-10-11,6400076,final,FALSE,Creighton,,13-5,Villanova,,13-4,3,0,25,8,25,15,25,23,,,,
2025-10-11,6400220,final,FALSE,Utah Tech,,14-3,Abilene Christian,,8-12,3,0,25,21,25,22,25,19,,,,
2025-10-11,6400779,final,FALSE,Middle Tenn.,,9-9,Delaware,,7-8,1,3,21,25,11,25,25,23,23,25,,
2025-10-11,6401346,final,FALSE,Jacksonville,,15-3,Lipscomb,,7-9,3,1,25,22,25,18,17,25,25,16,,
2025-10-11,6401897,final,FALSE,UT Arlington,,9-8,California Baptist,,6-11,2,3,26,24,18,25,24,26,25,18,9,15
2025-10-11,6403252,final,FALSE,Eastern Wash.,,2-15,Idaho St.,,6-11,0,3,19,25,11,25,9,25,,,,
2025-10-11,6403576,final,FALSE,Loyola Maryland,,4-13,Army West Point,,12-5,1,3,17,25,25,21,14,25,22,25,,
2025-10-11,6403823,final,FALSE,DePaul,,11-6,Seton Hall,,6-11,3,2,20,25,24,26,25,21,25,22,15,13
2025-10-11,6403945,final,FALSE,Morehead St.,,11-5,Lindenwood,,6-9,3,0,25,19,27,25,25,23,,,,
2025-10-11,6405244,final,FALSE,Saint Louis,,8-10,Dayton,,12-6,0,3,17,25,22,25,16,25,,,,
2025-10-11,6406170,final,FALSE,Colgate,,13-5,Lehigh,,9-8,3,0,34,32,25,20,25,14,,,,
2025-10-11,6406267,final,FALSE,Merrimack,,5-11,Rider,,7-10,0,3,18,25,18,25,12,25,,,,
2025-10-11,6407512,final,FALSE,CSU Bakersfield,,4-14,Cal St. Fullerton,,7-11,0,3,21,25,22,25,20,25,,,,
2025-10-11,6407748,final,FALSE,Seattle U,,6-10,Gonzaga,,9-7,2,3,5,25,25,23,19,25,25,23,15,17
2025-10-11,6408674,final,FALSE,Portland St.,,6-10,Northern Colo.,,7-11,1,3,18,25,21,25,25,20,14,25,,
2025-10-11,6408789,final,FALSE,UC San Diego,,4-14,UC Riverside,,6-10,2,3,22,25,29,27,17,25,25,17,12,15
2025-10-11,6408938,final,FALSE,Toledo,,14-5,Ball St.,,11-8,1,3,16,25,25,19,12,25,19,25,,
2025-10-11,6409185,final,FALSE,Miami (OH),,9-10,Ohio,,5-14,1,3,16,25,27,25,17,25,17,25,,
2025-10-11,6409647,final,FALSE,Providence,,10-9,Xavier,,16-2,0,3,16,25,12,25,22,25,,,,
2025-10-11,6409821,final,FALSE,Presbyterian,,4-13,High Point,,7-8,1,3,14,25,25,21,21,25,24,26,,
2025-10-11,6409951,final,FALSE,Cleveland St.,,2-16,Green Bay,,6-12,0,3,19,25,21,25,21,25,,,,
2025-10-11,6410445,final,FALSE,FIU,,10-8,Sam Houston,,8-11,3,0,25,15,25,21,25,22,,,,
2025-10-11,6410509,final,FALSE,North Florida,,8-11,Austin Peay,,2-16,3,0,25,19,25,18,27,25,,,,
2025-10-11,6411258,final,FALSE,Boise St.,,12-5,Wyoming,,8-9,3,1,23,25,25,22,25,22,25,17,,
2025-10-11,6411425,final,FALSE,Sacramento St.,,9-8,Northern Ariz.,,14-5,2,3,20,25,25,21,26,28,25,20,13,15
2025-10-11,6411452,final,FALSE,Southern California,,11-5,UCLA,,10-6,0,3,21,25,22,25,15,25,,,,
2025-10-11,6412154,final,FALSE,Towson,,17-2,William & Mary,,6-11,3,2,20,25,25,21,25,22,21,25,15,6
2025-10-11,6413967,final,FALSE,Yale,,7-6,Cornell,,10-5,0,3,16,25,15,25,28,30,,,,
2025-10-11,6414148,final,FALSE,Nevada,,5-11,Fresno St.,,5-12,3,1,25,19,21,25,25,23,25,19,,
2025-10-11,6414192,final,FALSE,Lamar University,,10-11,Nicholls,,10-9,3,1,25,16,28,30,25,16,25,14,,
2025-10-11,6416771,final,FALSE,UTEP,,16-2,New Mexico St.,,11-8,3,0,25,12,25,21,26,24,,,,
2025-10-11,6417236,final,FALSE,Air Force,,11-7,San Jose St.,,8-9,0,3,23,25,16,25,23,25,,,,
2025-10-11,6417296,final,FALSE,Campbell,,12-5,UNCW,,3-14,3,0,25,22,25,22,25,20,,,,
2025-10-11,6417348,final,FALSE,Tennessee St.,,1-19,Tennessee Tech,,7-11,1,3,26,24,11,25,14,25,15,25,,
2025-10-11,6417663,final,FALSE,Iowa,,10-8,Michigan,,12-5,2,3,17,25,22,25,25,21,29,27,11,15
2025-10-11,6418122,final,FALSE,Siena,,8-12,Fairfield,,13-4,0,3,17,25,17,25,20,25,,,,
2025-10-11,6418253,final,FALSE,Quinnipiac,,8-11,Saint Peter's,,5-13,3,1,21,25,25,18,25,12,25,23,,
2025-10-11,6418310,final,FALSE,New Mexico,,8-9,Grand Canyon,,10-7,0,3,22,25,22,25,17,25,,,,
2025-10-11,6418456,final,FALSE,Utah St.,,9-7,Colorado St.,,10-6,3,0,25,12,25,22,25,9,,,,
2025-10-11,6421082,final,FALSE,A&M-Corpus Christi,,6-12,UIW,,9-9,2,3,25,19,25,22,15,25,20,25,12,15
2025-10-11,6421466,final,FALSE,Indiana St.,,9-9,Belmont,,13-4,0,3,19,25,14,25,14,25,,,,
2025-10-11,6422172,final,FALSE,UNLV,,8-8,San Diego St.,,11-6,0,3,21,25,25,27,21,25,,,,
2025-10-11,6422196,final,FALSE,Duquesne,,9-9,Loyola Chicago,,9-10,0,3,23,25,15,25,20,25,,,,
2025-10-11,6422598,final,FALSE,Montana St.,,9-7,Montana,,11-5,3,2,25,19,23,25,25,17,17,25,15,10
2025-10-11,6422633,final,FALSE,Chicago St.,,0-16,Le Moyne,,3-14,0,3,18,25,22,25,27,29,,,,
2025-10-11,6423108,final,FALSE,UNC Asheville,,6-12,Winthrop,,9-6,0,3,22,25,21,25,20,25,,,,
2025-10-11,6423301,final,FALSE,Davidson,,7-9,George Mason,,12-5,0,3,17,25,21,25,23,25,,,,
2025-10-11,6423495,final,FALSE,Northwestern,,12-6,Penn St.,,10-6,1,3,18,25,20,25,25,20,16,25,,
2025-10-11,6423660,final,FALSE,Penn,,7-8,Dartmouth,,5-10,2,3,25,21,25,27,21,25,25,19,13,15
2025-10-11,6423746,final,FALSE,Portland,,8-8,LMU (CA),,5-10,0,3,23,25,22,25,17,25,,,,
2025-10-11,6425008,final,FALSE,Holy Cross,,6-15,Lafayette,,4-14,3,0,25,23,25,16,25,17,,,,
2025-10-11,6425209,final,FALSE,George Washington,,12-6,Fordham,,7-9,3,0,25,21,27,25,25,17,,,,
2025-10-11,6425544,final,FALSE,UTRGV,,10-7,Houston Christian,,10-9,3,1,23,25,25,20,25,23,25,18,,
2025-10-11,6426974,final,FALSE,Niagara,,6-9,Manhattan,,2-14,3,2,25,20,19,25,21,25,25,23,15,10
2025-10-11,6427065,final,FALSE,Illinois St.,,8-10,Murray St.,,3-12,2,3,21,25,17,25,25,12,26,24,11,15
2025-10-11,6427217,final,FALSE,Stonehill,,2-19,FDU,,12-8,1,3,25,23,16,25,23,25,20,25,,
2025-10-11,6427772,final,FALSE,Marist,,6-13,Sacred Heart,,5-14,1,3,25,22,19,25,23,25,22,25,,
2025-10-11,6428010,final,FALSE,Oral Roberts,,2-16,North Dakota,,5-12,1,3,26,24,19,25,12,25,17,25,,
2025-10-11,6428036,final,FALSE,Southern Utah,,2-14,Tarleton St.,,9-8,0,3,17,25,14,25,18,25,,,,
2025-10-11,6428578,final,FALSE,Kennesaw St.,,10-6,Liberty,,15-4,3,2,24,26,25,20,17,25,25,14,15,9
2025-10-11,6428699,final,FALSE,Mercyhurst,,3-15,LIU,,10-7,0,3,20,25,17,25,12,25,,,,
2025-10-11,6428918,final,FALSE,Queens (NC),,12-7,Bellarmine,,8-10,3,0,25,23,25,19,25,22,,,,
2025-10-11,6437912,final,FALSE,CSUN,,10-7,UC Irvine,,7-11,1,3,19,25,25,21,17,25,11,25,,
2025-10-12,6387234,final,FALSE,Georgia,,11-5,Oklahoma,,12-4,3,1,25,15,15,25,29,27,25,20,,
2025-10-12,6387331,final,FALSE,Indiana,,14-2,Michigan St.,,14-2,0,3,21,25,19,25,18,25,,,,
2025-10-12,6389318,final,FALSE,Delaware St.,,6-13,Coppin St.,,12-9,0,3,12,25,22,25,7,25,,,,
2025-10-12,6389509,final,FALSE,Alabama St.,,5-13,Mississippi Val.,,3-10,3,0,25,16,25,12,25,10,,,,
2025-10-12,6390958,final,FALSE,SMU,,12-4,Miami (FL),,15-2,3,1,25,12,21,25,25,14,25,21,,
2025-10-12,6391073,final,FALSE,Memphis,,9-11,Tulsa,,15-3,0,3,15,25,15,25,13,25,,,,
2025-10-12,6391317,final,FALSE,West Virginia,,13-4,UCF,,11-6,0,3,19,25,19,25,20,25,,,,
2025-10-12,6391520,final,FALSE,Duke,,5-12,Clemson,,12-6,3,0,25,23,25,19,25,22,,,,
2025-10-12,6393025,final,FALSE,UMBC,,6-9,New Hampshire,,8-9,3,2,25,27,25,21,25,22,20,25,15,8
2025-10-12,6393227,final,FALSE,VCU,,8-7,Rhode Island,,3-16,3,2,25,16,23,25,24,26,25,19,15,13
2025-10-12,6393838,final,FALSE,Bethune-Cookman,,8-11,Alcorn,,2-17,3,0,25,21,25,21,25,11,,,,
2025-10-12,6393901,final,FALSE,FGCU,,10-6,North Ala.,,10-9,2,3,25,17,25,23,16,25,20,25,11,15
2025-10-12,6394699,final,FALSE,Howard,,10-7,South Carolina St.,,4-14,3,0,25,13,25,15,25,15,,,,
2025-10-12,6395916,final,FALSE,Holy Cross,,6-16,American,,14-4,1,3,9,25,14,25,27,25,16,25,,
2025-10-12,6396065,final,FALSE,Kentucky,,12-2,LSU,,9-8,3,0,25,22,25,18,25,23,,,,
2025-10-12,6396857,final,FALSE,Ohio St.,,3-11,Minnesota,,14-3,0,3,22,25,21,25,14,25,,,,
2025-10-12,6398822,final,FALSE,South Fla.,,9-8,Tulane,,9-8,3,1,25,15,25,11,21,25,25,21,,
2025-10-12,6398870,final,FALSE,North Carolina,,13-2,Georgia Tech,,7-8,3,1,17,25,25,22,25,19,25,17,,
2025-10-12,6399084,final,FALSE,Northeastern,,7-8,Elon,,4-13,3,0,25,15,25,19,25,14,,,,
2025-10-12,6400933,final,FALSE,UC Santa Barbara,,12-6,Hawaii,,6-11,3,1,24,26,25,19,25,18,25,22,,
2025-10-12,6401573,final,FALSE,California,,5-11,Boston College,,13-5,1,3,25,27,25,22,21,25,11,25,,
2025-10-12,6401961,final,FALSE,Texas,,14-0,Alabama,,9-7,3,1,20,25,25,16,25,23,25,18,,
2025-10-12,6402243,final,FALSE,Binghamton,,7-11,Bryant,,11-9,0,3,21,25,16,25,18,25,,,,
2025-10-12,6404470,final,FALSE,UMES,,7-12,Morgan St.,,7-8,1,3,5,25,20,25,25,21,23,25,,
2025-10-12,6405009,final,FALSE,Rice,,9-8,UTSA,,10-7,3,0,25,13,25,18,25,21,,,,
2025-10-12,6406250,final,FALSE,Temple,,11-9,Charlotte,,14-4,0,3,24,26,16,25,23,25,,,,
2025-10-12,6406364,final,FALSE,Vanderbilt,,5-10,Florida,,9-6,1,3,19,25,25,16,17,25,18,25,,
2025-10-12,6407344,final,FALSE,Alabama A&M,,13-4,Jackson St.,,5-11,1,3,25,20,15,25,24,26,23,25,,
2025-10-12,6408430,final,FALSE,Virginia Tech,,9-8,Notre Dame,,7-7,1,3,14,25,25,23,24,26,21,25,,
2025-10-12,6408947,final,FALSE,West Ga.,,2-17,Eastern Ky.,,12-6,0,3,15,25,14,25,15,25,,,,
2025-10-12,6410159,final,FALSE,Florida A&M,,3-14,Southern U.,,7-12,1,3,25,14,18,25,22,25,23,25,,
2025-10-12,6411957,final,FALSE,South Carolina,,7-9,Arkansas,,5-12,3,1,25,18,25,20,11,25,25,20,,
2025-10-12,6412843,final,FALSE,Stanford,,14-3,Syracuse,,11-5,3,0,25,15,25,16,25,12,,,,
2025-10-12,6414833,final,FALSE,Missouri,,10-7,Auburn,,13-4,3,1,23,25,32,30,25,17,25,23,,
2025-10-12,6416408,final,FALSE,Stetson,,6-12,Central Ark.,,8-8,0,3,20,25,16,25,8,25,,,,
2025-10-12,6417827,final,FALSE,Virginia,,8-8,Louisville,,14-2,1,3,11,25,21,25,25,23,17,25,,
2025-10-12,6418401,final,FALSE,Norfolk St.,,1-18,N.C. Central,,5-13,0,3,17,25,12,25,18,25,,,,
2025-10-12,6419021,final,FALSE,Pittsburgh,,13-3,Florida St.,,8-7,3,0,25,14,25,19,25,21,,,,
2025-10-12,6421248,final,FALSE,Grambling,,3-13,Prairie View,,9-10,0,3,15,25,25,27,17,25,,,,
2025-10-12,6421941,final,FALSE,UAB,,7-11,Wichita St.,,12-6,1,3,14,25,25,21,23,25,13,25,,
2025-10-12,6422667,final,FALSE,Tennessee,,13-2,Ole Miss,,9-8,3,0,25,18,25,18,25,20,,,,
2025-10-12,6422835,final,FALSE,Washington,,8-8,Oregon,,11-5,3,0,27,25,25,22,29,27,,,,
2025-10-12,6423302,final,FALSE,Davidson,,7-10,George Mason,,13-5,0,3,18,25,17,25,23,25,,,,
2025-10-12,6423642,final,FALSE,Ark.-Pine Bluff,,0-19,Texas Southern,,6-13,0,3,16,25,19,25,15,25,,,,
2025-10-12,6425032,final,FALSE,Fla. Atlantic,,13-6,East Carolina,,10-7,3,1,25,17,25,20,30,32,25,22,,
2025-10-12,6425210,final,FALSE,George Washington,,13-6,Fordham,,7-10,3,0,25,22,25,12,25,18,,,,
2025-10-12,6425359,final,FALSE,Wisconsin,,12-2,Maryland,,7-9,3,0,25,20,25,19,25,12,,,,
2025-10-12,6427307,final,FALSE,Texas A&M,,13-3,Mississippi St.,,13-3,3,0,25,18,25,18,26,24,,,,
2025-10-12,6428303,final,FALSE,Nebraska,,16-0,Purdue,,13-3,3,0,25,23,25,16,25,15,,,,
2025-10-13,6393835,final,FALSE,Florida A&M,,4-14,Alcorn,,2-18,3,0,25,23,25,21,25,21,,,,
2025-10-13,6407348,final,FALSE,Alabama A&M,,14-4,Mississippi Val.,,3-11,3,0,25,17,25,11,25,11,,,,
2025-10-13,6423643,final,FALSE,Ark.-Pine Bluff,,0-20,Prairie View,,10-10,0,3,15,25,9,25,12,25,,,,
2025-10-13,6438018,final,FALSE,Grambling,,3-14,Texas Southern,,7-13,0,3,12,25,27,29,12,25,,,,
2025-10-14,6392702,final,FALSE,New Haven,,2-14,NJIT,,4-15,1,3,19,25,25,22,17,25,22,25,,
2025-10-14,6402113,final,FALSE,Eastern Ill.,,9-6,Western Ill.,,5-15,3,1,23,25,25,21,25,15,25,22,,
2025-10-14,6403834,final,FALSE,Seton Hall,,6-12,St. John's (NY),,6-14,1,3,19,25,13,25,25,17,17,25,,
2025-10-14,6406177,final,FALSE,UAlbany,,9-9,Colgate,,13-6,3,1,23,25,25,22,25,14,25,12,,
2025-10-14,6421149,final,FALSE,Southern Ill.,,8-12,Southeast Mo. St.,,12-7,1,3,19,25,22,25,25,22,13,25,,
2025-10-14,6421467,final,FALSE,Evansville,,6-13,Indiana St.,,9-10,3,1,22,25,25,18,25,17,25,23,,
2025-10-15,6390630,final,FALSE,McNeese,,6-13,Northwestern St.,,1-20,3,0,25,21,25,20,25,23,,,,
2025-10-15,6392983,final,FALSE,Cincinnati,,10-6,TCU,,15-3,1,3,21,25,19,25,25,21,22,25,,
2025-10-15,6393765,final,FALSE,Alabama A&M,,14-5,Memphis,,10-11,0,3,17,25,13,25,23,25,,,,
2025-10-15,6394788,final,FALSE,Nicholls,,10-10,East Texas A&M,,5-13,0,3,22,25,15,25,9,25,,,,
2025-10-15,6396086,final,FALSE,Auburn,,13-5,Kentucky,,13-2,1,3,20,25,25,18,22,25,16,25,,
2025-10-15,6397344,final,FALSE,South Dakota,,12-6,Kansas City,,2-17,3,1,24,26,25,17,25,17,25,13,,
2025-10-15,6402951,final,FALSE,Utah,,9-8,Colorado,,15-3,1,3,25,15,27,29,21,25,19,25,,
2025-10-15,6403195,final,FALSE,Kansas St.,,10-5,Baylor,,10-6,1,3,23,25,25,17,22,25,26,28,,
2025-10-15,6406388,final,FALSE,Florida,,10-6,Tennessee,,13-3,3,2,19,25,25,23,25,15,22,25,15,13
2025-10-15,6408434,final,FALSE,Virginia,,9-8,Virginia Tech,,9-9,3,2,22,25,20,25,25,22,25,20,15,12
2025-10-15,6410162,final,FALSE,Dillard,,,Southern U.,,8-12,1,3,22,25,15,25,25,20,16,25,,
2025-10-15,6414318,final,FALSE,Mississippi Val.,,3-12,Jackson St.,,6-11,0,3,9,25,16,25,21,25,,,,
2025-10-15,6417300,final,FALSE,UNCW,,3-15,Coastal Carolina,,14-4,0,3,19,25,21,25,22,25,,,,
2025-10-15,6418126,final,FALSE,Siena,,9-12,Holy Cross,,6-17,3,0,25,21,25,14,25,22,,,,
2025-10-15,6423445,final,FALSE,Rice,,10-8,Tulane,,9-9,3,0,25,21,25,23,25,16,,,,
2025-10-15,6427105,final,FALSE,Rutgers,,10-9,Maryland,,8-9,1,3,26,24,23,25,25,27,14,25,,
2025-10-16,6386785,final,FALSE,Troy,,4-11,Louisiana,,10-7,3,1,24,26,25,15,25,21,25,18,,
2025-10-16,6386874,final,FALSE,Omaha,,5-10,Oral Roberts,,2-17,3,0,25,10,25,17,25,21,,,,
2025-10-16,6389020,final,FALSE,Kansas,,14-7,Houston,,8-10,3,0,25,14,25,23,25,16,,,,
2025-10-16,6389965,final,FALSE,UNC Greensboro,,12-6,Wofford,,9-9,3,0,29,27,25,17,26,24,,,,
2025-10-16,6390461,final,FALSE,App State,,13-5,Ga. Southern,,15-3,2,3,25,22,27,25,22,25,20,25,14,16
2025-10-16,6390785,final,FALSE,West Virginia,,13-5,Iowa St.,,15-3,1,3,25,14,22,25,20,25,21,25,,
2025-10-16,6391776,final,FALSE,Ball St.,,12-8,Bowling Green,,12-8,3,2,25,21,21,25,28,26,24,26,15,12
2025-10-16,6393391,final,FALSE,Utah Valley,,8-9,California Baptist,,6-12,3,0,25,21,25,13,25,19,,,,
2025-10-16,6394123,final,FALSE,Pepperdine,,10-7,Seattle U,,6-11,3,0,25,18,25,12,25,16,,,,
2025-10-16,6394620,final,FALSE,Miami (FL),,15-3,California,,6-11,2,3,25,16,25,14,19,25,22,25,12,15
2025-10-16,6395013,final,FALSE,San Francisco,,3-14,Portland,,9-8,0,3,23,25,21,25,20,25,,,,
2025-10-16,6398149,final,FALSE,North Dakota,,5-13,St. Thomas (MN),,11-6,1,3,16,25,29,31,28,26,24,26,,
2025-10-16,6398475,final,FALSE,Houston Christian,,10-10,SFA,,12-6,1,3,25,23,18,25,11,25,16,25,,
2025-10-16,6400379,final,FALSE,UC San Diego,,4-15,Long Beach St.,,13-5,1,3,14,25,25,16,23,25,15,25,,
2025-10-16,6403067,final,FALSE,Arizona St.,,15-2,BYU,,15-3,3,2,25,22,19,25,17,25,25,23,15,13
2025-10-16,6407566,final,FALSE,Eastern Mich.,,10-11,Ohio,,6-14,2,3,25,18,23,25,17,25,25,23,14,16
2025-10-16,6407757,final,FALSE,LMU (CA),,5-11,Gonzaga,,10-7,1,3,18,25,16,25,25,21,21,25,,
2025-10-16,6408676,final,FALSE,Northern Colo.,,8-11,Idaho,,4-14,3,2,23,25,23,25,25,17,26,24,15,2
2025-10-16,6409141,final,FALSE,Southeastern La.,,13-6,UTRGV,,11-7,2,3,18,25,25,23,25,23,18,25,6,15
2025-10-16,6410982,final,FALSE,Montana St.,,9-8,Portland St.,,7-10,2,3,17,25,25,23,26,24,24,26,13,15
2025-10-16,6411261,final,FALSE,Wyoming,,8-10,Nevada,,6-11,2,3,22,25,25,19,20,25,25,16,13,15
2025-10-16,6411427,final,FALSE,Montana,,11-6,Sacramento St.,,10-8,2,3,25,22,25,23,21,25,19,25,13,15
2025-10-16,6411552,final,FALSE,San Jose St.,,8-10,Boise St.,,13-5,2,3,16,25,21,25,25,23,25,19,9,15
2025-10-16,6414194,final,FALSE,UIW,,9-10,Lamar University,,11-11,1,3,25,13,23,25,24,26,23,25,,
2025-10-16,6414308,final,FALSE,Florida St.,,8-8,Stanford,,15-3,1,3,14,25,13,25,25,22,13,25,,
2025-10-16,6417121,final,FALSE,ULM,,9-12,Marshall,,10-10,0,3,15,25,11,25,20,25,,,,
2025-10-16,6417315,final,FALSE,Colorado St.,,11-6,Air Force,,11-8,3,1,14,25,27,25,25,21,25,20,,
2025-10-16,6417357,final,FALSE,Tennessee Tech,,7-12,Morehead St.,,12-5,1,3,19,25,19,25,25,20,23,25,,
2025-10-16,6417671,final,FALSE,Michigan,,12-6,Northwestern,,13-6,2,3,23,25,25,23,25,17,22,25,13,15
2025-10-16,6417998,final,FALSE,North Dakota St.,,11-5,South Dakota St.,,12-3,0,3,21,25,22,25,18,25,,,,
2025-10-16,6418265,final,FALSE,New Orleans,,7-13,A&M-Corpus Christi,,7-12,0,3,13,25,16,25,20,25,,,,
2025-10-16,6418314,final,FALSE,Grand Canyon,,11-7,San Diego St.,,11-7,3,2,25,23,16,25,28,30,25,15,15,13
2025-10-16,6418502,final,FALSE,San Diego,,14-4,Washington St.,,11-6,3,0,25,20,25,19,25,18,,,,
2025-10-16,6420596,final,FALSE,Kent St.,,7-12,Miami (OH),,10-10,2,3,21,25,25,22,22,25,25,22,10,15
2025-10-16,6422165,final,FALSE,New Mexico,,8-10,UNLV,,9-8,2,3,32,30,19,25,27,25,17,25,16,18
2025-10-16,6422931,final,FALSE,Fresno St.,,5-13,Utah St.,,10-7,0,3,18,25,12,25,13,25,,,,
2025-10-16,6423201,final,FALSE,Purdue,,14-3,Indiana,,14-3,3,1,25,19,17,25,25,20,25,21,,
2025-10-16,6423976,final,FALSE,Northern Ariz.,,15-5,Eastern Wash.,,2-16,3,0,25,14,25,19,28,26,,,,
2025-10-17,6386789,final,FALSE,Troy,,4-12,Louisiana,,11-7,0,3,20,25,20,25,21,25,,,,
2025-10-17,6386886,final,FALSE,Iona,,7-15,Fairfield,,14-4,0,3,14,25,19,25,19,25,,,,
2025-10-17,6387237,final,FALSE,Alabama,,9-8,Georgia,,12-5,2,3,25,23,12,25,25,16,12,25,8,15
2025-10-17,6387474,final,FALSE,Southern Ill.,,9-12,Bradley,,8-11,3,2,22,25,22,25,25,19,25,23,15,12
2025-10-17,6387632,final,FALSE,Chattanooga,,11-8,Furman,,13-6,3,2,25,21,25,13,20,25,13,25,16,14
2025-10-17,6387874,final,FALSE,UC Davis,,11-4,CSU Bakersfield,,4-15,3,0,25,19,25,12,25,14,,,,
2025-10-17,6388309,final,FALSE,Youngstown St.,,8-11,IU Indy,,11-9,3,2,25,23,23,25,26,24,19,25,15,11
2025-10-17,6388592,final,FALSE,Southern California,,12-5,Iowa,,10-9,3,1,25,20,25,27,25,23,29,27,,
2025-10-17,6388717,final,FALSE,Western Mich.,,8-13,Buffalo,,6-11,3,1,26,24,23,25,27,25,25,20,,
2025-10-17,6389319,final,FALSE,Coppin St.,,13-9,Morgan St.,,7-9,3,1,23,25,25,19,25,12,25,23,,
2025-10-17,6389512,final,FALSE,Alabama A&M,,14-6,Alabama St.,,6-13,2,3,25,20,25,23,16,25,21,25,11,15
2025-10-17,6389567,final,FALSE,Sam Houston,,8-12,Western Ky.,,16-4,0,3,21,25,17,25,20,25,,,,
2025-10-17,6390063,final,FALSE,Radford,,8-12,USC Upstate,,11-8,3,2,25,20,25,17,12,25,18,25,16,14
2025-10-17,6390126,final,FALSE,UNI,,14-5,Indiana St.,,9-11,3,0,25,19,25,14,25,16,,,,
2025-10-17,6390184,final,FALSE,Georgia Tech,,8-8,Wake Forest,,8-10,3,0,25,23,25,11,25,19,,,,
2025-10-17,6390462,final,FALSE,App State,,13-6,Ga. Southern,,16-3,1,3,25,21,21,25,15,25,23,25,,
2025-10-17,6390492,final,FALSE,Louisiana Tech,,7-14,UTEP,,17-2,1,3,7,25,27,25,22,25,23,25,,
2025-10-17,6390508,final,FALSE,Cornell,,11-5,Princeton,,9-5,3,2,25,21,25,22,26,28,24,26,18,16
2025-10-17,6390861,final,FALSE,Harvard,,3-11,Brown,,9-6,0,3,15,25,20,25,12,25,,,,
2025-10-17,6390884,final,FALSE,Samford,,7-11,The Citadel,,0-17,3,0,25,17,25,23,25,21,,,,
2025-10-17,6390961,final,FALSE,SMU,,13-4,Louisville,,14-3,3,2,25,22,19,25,24,26,25,21,19,17
2025-10-17,6391059,final,FALSE,Georgia St.,,10-8,Old Dominion,,4-14,2,3,27,29,25,20,21,25,25,21,9,15
2025-10-17,6391075,final,FALSE,Tulsa,,16-3,Memphis,,10-12,3,2,23,25,20,25,25,16,25,11,16,14
2025-10-17,6391324,final,FALSE,Arizona,,10-6,UCF,,11-7,3,1,26,24,18,25,25,20,25,17,,
2025-10-17,6391529,final,FALSE,Clemson,,12-7,NC State,,10-7,1,3,25,21,12,25,17,25,17,25,,
2025-10-17,6391548,final,FALSE,ETSU,,13-5,Wofford,,9-10,3,0,25,23,26,24,25,19,,,,
2025-10-17,6391728,final,FALSE,Milwaukee,,3-18,Wright St.,,13-6,0,3,10,25,17,25,21,25,,,,
2025-10-17,6391778,final,FALSE,Ball St.,,13-8,Bowling Green,,12-9,3,0,25,20,25,20,25,23,,,,
2025-10-17,6392064,final,FALSE,Texas St.,,8-10,Arkansas St.,,12-6,2,3,25,23,12,25,23,25,25,21,10,15
2025-10-17,6392133,final,FALSE,Belmont,,13-5,Valparaiso,,15-5,2,3,25,22,25,17,21,25,13,25,9,15
2025-10-17,6392703,final,FALSE,New Haven,,2-15,Mercyhurst,,4-15,2,3,25,19,26,28,20,25,25,21,11,15
2025-10-17,6392985,final,FALSE,Kansas St.,,10-6,TCU,,16-3,1,3,24,26,23,25,34,32,17,25,,
2025-10-17,6393187,final,FALSE,Western Caro.,,6-12,Mercer,,6-14,0,3,16,25,24,26,20,25,,,,
2025-10-17,6393229,final,FALSE,Rhode Island,,3-17,Saint Louis,,9-10,1,3,25,19,18,25,18,25,17,25,,
2025-10-17,6393355,final,FALSE,Green Bay,,7-12,Oakland,,5-15,3,1,27,25,24,26,25,23,25,22,,
2025-10-17,6393778,final,FALSE,Jacksonville St.,,9-10,Kennesaw St.,,11-6,1,3,25,21,19,25,17,25,22,25,,
2025-10-17,6393916,final,FALSE,North Ala.,,11-9,West Ga.,,2-18,3,0,25,16,25,19,25,15,,,,
2025-10-17,6394189,final,FALSE,Little Rock,,11-8,Southern Ind.,,8-11,1,3,20,25,7,25,25,20,23,25,,
2025-10-17,6394702,final,FALSE,Norfolk St.,,1-19,Howard,,11-7,0,3,20,25,16,25,21,25,,,,
2025-10-17,6396871,final,FALSE,Illinois,,11-5,Ohio St.,,3-12,3,1,25,22,20,25,25,21,26,24,,
2025-10-17,6397750,final,FALSE,Xavier,,17-2,Marquette,,11-6,3,2,25,20,14,25,25,21,19,25,15,13
2025-10-17,6397984,final,FALSE,Georgetown,,10-10,UConn,,15-4,0,3,11,25,24,26,23,25,,,,
2025-10-17,6397991,final,FALSE,Drake,,8-10,Illinois St.,,8-11,3,0,25,15,25,22,25,22,,,,
2025-10-17,6398400,final,FALSE,SIUE,,10-9,UT Martin,,2-16,3,1,25,21,25,22,16,25,25,21,,
2025-10-17,6398865,final,FALSE,Charlotte,,14-5,South Fla.,,10-8,0,3,23,25,19,25,20,25,,,,
2025-10-17,6398890,final,FALSE,North Carolina,,14-2,Boston College,,13-6,3,0,25,22,25,15,25,22,,,,
2025-10-17,6399155,final,FALSE,LSU,,10-8,Vanderbilt,,5-11,3,2,18,25,25,15,19,25,25,21,15,10
2025-10-17,6400082,final,FALSE,Villanova,,14-4,Providence,,10-10,3,1,25,21,16,25,25,19,25,17,,
2025-10-17,6400409,final,FALSE,Hawaii,,6-12,Long Beach St.,,14-5,0,3,16,25,23,25,19,25,,,,
2025-10-17,6400456,final,FALSE,Southern Miss.,,13-5,South Alabama,,11-7,0,3,20,25,21,25,18,25,,,,
2025-10-17,6400796,final,FALSE,Liberty,,15-5,Middle Tenn.,,10-9,2,3,17,25,25,20,26,24,25,27,13,15
2025-10-17,6400938,final,FALSE,Winthrop,,10-6,Charleston So.,,10-10,3,0,25,20,25,20,25,18,,,,
2025-10-17,6400942,final,FALSE,Cal St. Fullerton,,7-12,UC Santa Barbara,,13-6,0,3,16,25,12,25,11,25,,,,
2025-10-17,6401349,final,FALSE,Bellarmine,,8-11,Jacksonville,,16-3,0,3,18,25,17,25,19,25,,,,
2025-10-17,6401860,final,FALSE,Texas Southern,,7-14,Bethune-Cookman,,9-11,1,3,19,25,25,20,20,25,18,25,,
2025-10-17,6401974,final,FALSE,Arkansas,,5-13,Texas,,15-0,0,3,17,25,14,25,25,27,,,,
2025-10-17,6402106,final,FALSE,Southeast Mo. St.,,12-8,Eastern Ill.,,10-6,1,3,13,25,27,25,21,25,23,25,,
2025-10-17,6402249,final,FALSE,New Hampshire,,8-10,Binghamton,,8-11,2,3,21,25,25,13,25,9,21,25,15,17
2025-10-17,6402631,final,FALSE,Lipscomb,,7-10,FGCU,,11-6,2,3,22,25,25,22,18,25,25,20,13,15
2025-10-17,6403215,final,FALSE,Akron,,9-10,Central Mich.,,6-14,0,3,21,25,14,25,27,29,,,,
2025-10-17,6403257,final,FALSE,Weber St.,,12-6,Idaho St.,,7-11,1,3,27,25,8,25,30,32,23,25,,
2025-10-17,6403947,final,FALSE,Lindenwood,,7-9,Tennessee St.,,1-20,3,0,25,22,25,16,25,14,,,,
2025-10-17,6404471,final,FALSE,UMES,,7-13,Delaware St.,,7-13,0,3,18,25,19,25,20,25,,,,
2025-10-17,6405023,final,FALSE,Wichita St.,,13-6,UTSA,,10-8,3,1,25,18,25,15,23,25,25,17,,
2025-10-17,6405314,final,FALSE,St. John's (NY),,6-15,Creighton,,14-5,0,3,12,25,24,26,15,25,,,,
2025-10-17,6405592,final,FALSE,Dayton,,13-6,George Washington,,13-7,3,2,25,16,25,27,16,25,25,17,15,8
2025-10-17,6405694,final,FALSE,Cincinnati,,10-7,Baylor,,11-6,1,3,16,25,13,25,30,28,20,25,,
2025-10-17,6406257,final,FALSE,Temple,,11-10,Fla. Atlantic,,14-6,1,3,25,23,13,25,19,25,15,25,,
2025-10-17,6406271,final,FALSE,Merrimack,,5-12,Marist,,7-13,1,3,25,22,27,29,19,25,23,25,,
2025-10-17,6407574,final,FALSE,Eastern Mich.,,10-12,Ohio,,7-14,1,3,15,25,21,25,27,25,18,25,,
2025-10-17,6407763,final,FALSE,Stony Brook,,8-8,Hofstra,,14-2,0,3,28,30,13,25,16,25,,,,
2025-10-17,6408245,final,FALSE,Elon,,4-14,Towson,,18-2,0,3,18,25,15,25,19,25,,,,
2025-10-17,6408511,final,FALSE,Murray St.,,3-13,UIC,,10-7,2,3,15,25,19,25,25,22,25,23,17,19
2025-10-17,6408679,final,FALSE,Northern Colo.,,9-11,Eastern Wash.,,2-17,3,1,18,25,25,18,25,16,25,14,,
2025-10-17,6408917,final,FALSE,East Carolina,,10-8,North Texas,,14-5,1,3,19,25,25,17,20,25,15,25,,
2025-10-17,6408940,final,FALSE,Toledo,,15-5,NIU,,10-7,3,1,21,25,25,13,25,18,25,15,,
2025-10-17,6409824,final,FALSE,High Point,,8-8,UNC Asheville,,6-13,3,1,25,23,26,28,25,23,25,22,,
2025-10-17,6410089,final,FALSE,James Madison,,13-6,Coastal Carolina,,14-5,3,1,25,20,22,25,25,22,25,22,,
2025-10-17,6410295,final,FALSE,UC Riverside,,6-11,CSUN,,11-7,0,3,14,25,22,25,14,25,,,,
2025-10-17,6410513,final,FALSE,Eastern Ky.,,13-6,North Florida,,8-12,3,0,25,14,29,27,25,20,,,,
2025-10-17,6411162,final,FALSE,Delaware,,7-9,FIU,,11-8,0,3,21,25,20,25,12,25,,,,
2025-10-17,6411460,final,FALSE,UCLA,,10-7,Wisconsin,,13-2,0,3,14,25,20,25,21,25,,,,
2025-10-17,6411972,final,FALSE,Mississippi St.,,14-3,South Carolina,,7-10,3,0,25,22,25,16,25,17,,,,
2025-10-17,6412159,final,FALSE,New Mexico St.,,11-9,Missouri St.,,7-11,0,3,18,25,20,25,24,26,,,,
2025-10-17,6412165,final,FALSE,William & Mary,,6-12,N.C. A&T,,8-8,1,3,18,25,14,25,26,24,21,25,,
2025-10-17,6412286,final,FALSE,Pittsburgh,,14-3,Notre Dame,,7-8,3,2,25,27,25,27,25,21,25,23,15,4
2025-10-17,6412846,final,FALSE,Duke,,5-13,Syracuse,,12-5,0,3,22,25,17,25,20,25,,,,
2025-10-17,6413971,final,FALSE,Dartmouth,,5-11,Yale,,8-6,0,3,14,25,13,25,21,25,,,,
2025-10-17,6414246,final,FALSE,UC Irvine,,7-12,Cal Poly,,14-5,0,3,21,25,19,25,14,25,,,,
2025-10-17,6414765,final,FALSE,Rider,,7-11,Canisius,,7-11,2,3,16,25,21,25,25,19,25,22,11,15
2025-10-17,6416415,final,FALSE,Austin Peay,,3-16,Stetson,,6-13,3,2,17,25,26,24,25,20,21,25,15,9
2025-10-17,6416478,final,FALSE,Gardner-Webb,,8-13,Presbyterian,,5-13,0,3,26,28,18,25,21,25,,,,
2025-10-17,6417028,final,FALSE,Butler,,9-11,DePaul,,11-7,3,1,25,21,23,25,25,22,26,24,,
2025-10-17,6417123,final,FALSE,ULM,,9-13,Marshall,,11-10,0,3,23,25,13,25,17,25,,,,
2025-10-17,6417360,final,FALSE,Tennessee Tech,,7-13,Morehead St.,,13-5,0,3,21,25,23,25,21,25,,,,
2025-10-17,6417459,final,FALSE,Robert Morris,,6-13,Northern Ky.,,11-8,0,3,13,25,17,25,12,25,,,,
2025-10-17,6418129,final,FALSE,Quinnipiac,,9-11,Siena,,9-13,3,1,25,17,25,14,33,35,25,17,,
2025-10-17,6418257,final,FALSE,Saint Peter's,,5-14,Niagara,,7-9,1,3,12,25,23,25,25,21,22,25,,
2025-10-17,6418404,final,FALSE,N.C. Central,,6-13,South Carolina St.,,4-15,3,0,25,14,25,22,25,18,,,,
2025-10-17,6420484,final,FALSE,Cleveland St.,,3-16,Purdue Fort Wayne,,3-16,3,2,26,24,23,25,15,25,25,13,15,7
2025-10-17,6420514,final,FALSE,Oklahoma,,12-5,Texas A&M,,14-3,0,3,24,26,21,25,20,25,,,,
2025-10-17,6420603,final,FALSE,Kent St.,,8-12,Miami (OH),,10-11,3,0,25,19,26,24,25,22,,,,
2025-10-17,6420695,final,FALSE,George Mason,,14-5,VCU,,8-8,3,1,25,12,15,25,25,20,25,22,,
2025-10-17,6421725,final,FALSE,Bryant,,12-9,NJIT,,4-16,3,0,25,23,25,23,25,13,,,,
2025-10-17,6422197,final,FALSE,Duquesne,,10-9,Fordham,,7-11,3,1,25,9,25,11,23,25,25,11,,
2025-10-17,6422613,final,FALSE,Tulane,,9-10,UAB,,8-11,0,3,19,25,20,25,16,25,,,,
2025-10-17,6422635,final,FALSE,FDU,,13-8,Chicago St.,,0-17,3,1,25,13,25,18,24,26,25,21,,
2025-10-17,6422672,final,FALSE,Ole Miss,,9-9,Missouri,,11-7,0,3,19,25,19,25,22,25,,,,
2025-10-17,6422836,final,FALSE,Penn St.,,10-7,Washington,,9-8,2,3,11,25,17,25,25,23,25,20,13,15
2025-10-17,6423384,final,FALSE,Nebraska,,17-0,Michigan St.,,14-3,3,0,25,15,25,18,25,20,,,,
2025-10-17,6425417,final,FALSE,Minnesota,,14-4,Oregon,,12-5,1,3,20,25,25,23,14,25,19,25,,
2025-10-17,6426320,final,FALSE,LIU,,11-7,Central Conn. St.,,4-14,3,0,25,15,25,20,25,20,,,,
2025-10-17,6426508,final,FALSE,Columbia,,2-14,Penn,,8-8,0,3,20,25,22,25,23,25,,,,
2025-10-17,6427774,final,FALSE,Manhattan,,2-15,Sacred Heart,,6-14,0,3,18,25,24,26,21,25,,,,
2025-10-17,6429132,final,FALSE,Le Moyne,,3-15,Stonehill,,3-19,2,3,16,25,26,24,25,21,15,25,11,15
2025-10-17,6429685,final,FALSE,Loyola Chicago,,10-10,Davidson,,7-11,3,1,17,25,25,19,25,20,25,19,,
2025-10-17,6439778,final,FALSE,Hampton,,1-18,Campbell,,13-5,0,3,11,25,11,25,11,25,,,,
2025-10-17,6483686,final,FALSE,Central Ark.,,9-8,Queens (NC),,12-8,3,0,25,22,25,14,25,13,,,,
2025-10-18,6386877,final,FALSE,Kansas City,,3-17,Oral Roberts,,2-18,3,0,25,20,25,14,25,19,,,,
2025-10-18,6386888,final,FALSE,Iona,,7-16,Sacred Heart,,7-14,1,3,10,25,14,25,25,19,19,25,,
2025-10-18,6387478,final,FALSE,Drake,,9-10,Bradley,,8-12,3,2,25,23,14,25,25,17,31,33,15,13
2025-10-18,6387635,final,FALSE,Western Caro.,,6-13,Furman,,14-6,0,3,21,25,19,25,18,25,,,,
2025-10-18,6387759,final,FALSE,Omaha,,5-11,Denver,,13-5,1,3,14,25,25,20,24,26,18,25,,
2025-10-18,6387878,final,FALSE,UC Davis,,12-4,CSUN,,11-8,3,0,25,7,25,16,25,16,,,,
2025-10-18,6388312,final,FALSE,Youngstown St.,,9-11,IU Indy,,11-10,3,1,25,20,24,26,25,17,25,23,,
2025-10-18,6388719,final,FALSE,Western Mich.,,9-13,Buffalo,,6-12,3,0,25,11,25,11,25,21,,,,
2025-10-18,6389568,final,FALSE,Sam Houston,,8-13,Western Ky.,,17-4,2,3,25,21,16,25,15,25,25,21,8,15
2025-10-18,6389711,final,FALSE,Santa Clara,,9-9,Pacific,,7-11,3,0,27,25,25,20,25,23,,,,
2025-10-18,6389969,final,FALSE,ETSU,,14-5,UNC Greensboro,,12-7,3,2,25,21,18,25,25,22,22,25,15,13
2025-10-18,6390068,final,FALSE,High Point,,9-8,USC Upstate,,11-9,3,1,25,17,27,25,21,25,28,26,,
2025-10-18,6390128,final,FALSE,UNI,,15-5,Evansville,,6-14,3,0,25,20,26,24,25,10,,,,
2025-10-18,6390493,final,FALSE,Louisiana Tech,,7-15,UTEP,,18-2,1,3,19,25,21,25,29,27,13,25,,
2025-10-18,6390509,final,FALSE,Columbia,,2-15,Princeton,,10-5,0,3,21,25,15,25,19,25,,,,
2025-10-18,6390838,final,FALSE,Northwestern St.,,1-21,Nicholls,,11-10,0,3,21,25,17,25,23,25,,,,
2025-10-18,6390866,final,FALSE,Dartmouth,,5-12,Brown,,10-6,0,3,16,25,13,25,11,25,,,,
2025-10-18,6390890,final,FALSE,Chattanooga,,12-8,The Citadel,,0-18,3,0,25,20,25,19,25,16,,,,
2025-10-18,6391061,final,FALSE,Georgia St.,,11-8,Old Dominion,,4-15,3,1,21,25,25,13,25,23,27,25,,
2025-10-18,6391726,final,FALSE,Milwaukee,,4-18,Wright St.,,13-7,3,0,25,22,27,25,25,20,,,,
2025-10-18,6392066,final,FALSE,Texas St.,,8-11,Arkansas St.,,13-6,0,3,19,25,17,25,17,25,,,,
2025-10-18,6392136,final,FALSE,Murray St.,,3-14,Valparaiso,,16-5,1,3,25,22,17,25,19,25,22,25,,
2025-10-18,6392704,final,FALSE,New Haven,,2-16,Mercyhurst,,5-15,1,3,24,26,19,25,25,19,24,26,,
2025-10-18,6392896,final,FALSE,West Virginia,,13-6,Colorado,,16-3,2,3,25,19,20,25,25,19,19,25,8,15
2025-10-18,6393028,final,FALSE,UAlbany,,10-9,UMBC,,6-10,3,1,25,14,14,25,25,20,25,15,,
2025-10-18,6393231,final,FALSE,Rhode Island,,3-18,Saint Louis,,10-10,0,3,25,27,23,25,15,25,,,,
2025-10-18,6393358,final,FALSE,Green Bay,,8-12,Oakland,,5-16,3,1,22,25,25,14,25,17,25,17,,
2025-10-18,6393397,final,FALSE,Utah Valley,,9-9,Southern Utah,,2-15,3,0,25,20,25,17,25,14,,,,
2025-10-18,6393782,final,FALSE,Jacksonville St.,,9-11,Kennesaw St.,,12-6,0,3,21,25,18,25,20,25,,,,
2025-10-18,6394124,final,FALSE,Pepperdine,,11-7,Portland,,9-9,3,0,25,13,25,19,25,15,,,,
2025-10-18,6394190,final,FALSE,Little Rock,,11-9,Southern Ind.,,9-11,2,3,25,20,22,25,21,25,25,23,10,15
2025-10-18,6394296,final,FALSE,Col. of Charleston,,12-7,Northeastern,,7-9,3,1,11,25,25,20,25,21,25,15,,
2025-10-18,6394789,final,FALSE,East Texas A&M,,6-13,McNeese,,6-14,3,2,18,25,19,25,25,22,25,19,17,15
2025-10-18,6395798,final,FALSE,Radford,,8-13,UNC Asheville,,7-13,0,3,16,25,22,25,21,25,,,,
2025-10-18,6396537,final,FALSE,Navy,,8-10,Bucknell,,7-11,3,1,23,25,25,23,25,19,25,17,,
2025-10-18,6397761,final,FALSE,Butler,,9-12,Marquette,,12-6,0,3,15,25,20,25,9,25,,,,
2025-10-18,6398037,final,FALSE,Villanova,,15-4,UConn,,15-5,3,1,25,22,25,23,23,25,26,24,,
2025-10-18,6398166,final,FALSE,North Dakota St.,,11-6,St. Thomas (MN),,12-6,0,3,15,25,20,25,20,25,,,,
2025-10-18,6398276,final,FALSE,South Dakota St.,,13-3,South Dakota,,12-7,3,1,22,25,25,19,25,18,25,19,,
2025-10-18,6398432,final,FALSE,SIUE,,11-9,UT Martin,,2-17,3,1,25,23,22,25,25,19,25,20,,
2025-10-18,6398503,final,FALSE,UIW,,10-10,SFA,,12-7,3,2,25,20,26,24,16,25,18,25,19,17
2025-10-18,6400233,final,FALSE,Utah Tech,,14-4,UT Arlington,,10-8,1,3,14,25,25,17,26,28,22,25,,
2025-10-18,6400466,final,FALSE,Southern Miss.,,13-6,South Alabama,,12-7,0,3,30,32,22,25,23,25,,,,
2025-10-18,6400810,final,FALSE,Liberty,,16-5,Middle Tenn.,,10-10,3,2,24,26,25,23,19,25,25,15,15,8
2025-10-18,6400945,final,FALSE,Gardner-Webb,,8-14,Charleston So.,,11-10,2,3,25,18,21,25,25,22,18,25,11,15
2025-10-18,6400947,final,FALSE,UC Irvine,,7-13,UC Santa Barbara,,14-6,1,3,16,25,20,25,25,19,12,25,,
2025-10-18,6401355,final,FALSE,Eastern Ky.,,13-7,Jacksonville,,17-3,0,3,17,25,20,25,20,25,,,,
2025-10-18,6401588,final,FALSE,Florida St.,,9-8,California,,6-12,3,2,22,25,25,15,25,20,22,25,16,14
2025-10-18,6402096,final,FALSE,Southeast Mo. St.,,12-9,Eastern Ill.,,11-6,1,3,18,25,19,25,25,23,21,25,,
2025-10-18,6403077,final,FALSE,Arizona St.,,16-2,Utah,,9-9,3,1,25,23,25,22,20,25,25,20,,
2025-10-18,6403221,final,FALSE,Akron,,9-11,Central Mich.,,7-14,0,3,21,25,23,25,22,25,,,,
2025-10-18,6403359,final,FALSE,BYU,,16-3,Texas Tech,,8-11,3,0,25,17,25,17,26,24,,,,
2025-10-18,6403578,final,FALSE,Army West Point,,13-5,Loyola Maryland,,4-14,3,1,25,19,25,17,17,25,25,15,,
2025-10-18,6403949,final,FALSE,Lindenwood,,8-9,Tennessee St.,,1-21,3,0,25,20,25,16,25,15,,,,
2025-10-18,6405600,final,FALSE,Dayton,,14-6,George Washington,,13-8,3,1,21,25,25,19,25,23,25,19,,
2025-10-18,6406181,final,FALSE,Lehigh,,9-9,Colgate,,14-6,2,3,17,25,25,21,25,12,14,25,11,15
2025-10-18,6406277,final,FALSE,Merrimack,,5-13,Siena,,10-13,1,3,22,25,18,25,25,19,21,25,,
2025-10-18,6407525,final,FALSE,Cal St. Fullerton,,7-13,Cal Poly,,15-5,0,3,17,25,23,25,15,25,,,,
2025-10-18,6407766,final,FALSE,Saint Mary's (CA),,5-13,Gonzaga,,10-8,3,1,20,25,25,19,25,20,25,18,,
2025-10-18,6407771,final,FALSE,Stony Brook,,8-9,Hofstra,,15-2,0,3,18,25,21,25,23,25,,,,
2025-10-18,6408249,final,FALSE,Elon,,5-14,Towson,,18-3,3,2,25,23,25,21,16,25,15,25,17,15
2025-10-18,6408514,final,FALSE,Belmont,,13-6,UIC,,11-7,2,3,28,26,12,25,17,25,25,21,9,15
2025-10-18,6408790,final,FALSE,Hawaii,,7-12,UC San Diego,,4-16,3,0,25,19,25,19,25,21,,,,
2025-10-18,6408942,final,FALSE,Toledo,,16-5,NIU,,10-8,3,2,28,30,26,28,25,19,25,21,21,19
2025-10-18,6409145,final,FALSE,Southeastern La.,,14-6,A&M-Corpus Christi,,7-13,3,0,26,24,25,22,25,21,,,,
2025-10-18,6409653,final,FALSE,Xavier,,18-2,DePaul,,11-8,3,0,25,22,29,27,25,19,,,,
2025-10-18,6410093,final,FALSE,James Madison,,14-6,Coastal Carolina,,14-6,3,0,25,22,25,16,25,19,,,,
2025-10-18,6410300,final,FALSE,UC Riverside,,7-11,CSU Bakersfield,,4-16,3,2,23,25,25,21,25,22,18,25,15,8
2025-10-18,6410519,final,FALSE,Bellarmine,,9-11,North Florida,,8-13,3,1,20,25,25,22,25,22,25,22,,
2025-10-18,6410984,final,FALSE,Montana,,12-6,Portland St.,,7-11,3,2,28,26,26,24,19,25,19,25,15,9
2025-10-18,6411166,final,FALSE,Delaware,,7-10,FIU,,12-8,0,3,20,25,8,25,20,25,,,,
2025-10-18,6411266,final,FALSE,Wyoming,,9-10,Air Force,,11-9,3,1,25,15,25,14,16,25,25,18,,
2025-10-18,6411430,final,FALSE,Montana St.,,9-9,Sacramento St.,,11-8,0,3,21,25,18,25,12,25,,,,
2025-10-18,6411554,final,FALSE,Utah St.,,11-7,Boise St.,,13-6,3,1,25,13,25,20,18,25,25,9,,
2025-10-18,6412171,final,FALSE,William & Mary,,6-13,N.C. A&T,,9-8,1,3,18,25,25,15,23,25,20,25,,
2025-10-18,6412178,final,FALSE,New Mexico St.,,11-10,Missouri St.,,8-11,2,3,25,23,25,22,20,25,21,25,5,15
2025-10-18,6413975,final,FALSE,Harvard,,3-12,Yale,,9-6,0,3,21,25,21,25,10,25,,,,
2025-10-18,6414149,final,FALSE,Colorado St.,,12-6,Nevada,,6-12,3,1,25,23,22,25,25,20,25,21,,
2025-10-18,6414195,final,FALSE,Houston Christian,,10-11,Lamar University,,12-11,1,3,25,16,23,25,14,25,26,28,,
2025-10-18,6414767,final,FALSE,Saint Peter's,,5-15,Canisius,,8-11,0,3,17,25,17,25,20,25,,,,
2025-10-18,6416991,final,FALSE,Georgetown,,11-10,Providence,,10-11,3,1,25,16,25,21,16,25,26,24,,
2025-10-18,6417462,final,FALSE,Robert Morris,,6-14,Northern Ky.,,12-8,2,3,25,21,25,21,11,25,26,28,13,15
2025-10-18,6418185,final,FALSE,Manhattan,,2-16,Fairfield,,15-4,0,3,17,25,19,25,14,25,,,,
2025-10-18,6418270,final,FALSE,New Orleans,,7-14,UTRGV,,12-7,1,3,22,25,25,21,15,25,14,25,,
2025-10-18,6418316,final,FALSE,Grand Canyon,,11-8,New Mexico,,9-10,1,3,25,21,13,25,17,25,28,30,,
2025-10-18,6418503,final,FALSE,LMU (CA),,5-12,Washington St.,,12-6,1,3,24,26,25,21,20,25,22,25,,
2025-10-18,6420176,final,FALSE,Quinnipiac,,10-11,Marist,,7-14,3,0,25,23,25,21,25,16,,,,
2025-10-18,6420488,final,FALSE,Cleveland St.,,4-16,Purdue Fort Wayne,,3-17,3,0,25,23,25,21,25,14,,,,
2025-10-18,6420699,final,FALSE,George Mason,,14-6,VCU,,9-8,1,3,24,26,25,15,21,25,22,25,,
2025-10-18,6420966,final,FALSE,San Diego,,15-4,Seattle U,,6-12,3,1,25,17,25,10,21,25,25,20,,
2025-10-18,6421150,final,FALSE,Southern Ill.,,10-12,Illinois St.,,8-12,3,0,25,21,25,23,25,23,,,,
2025-10-18,6422150,final,FALSE,San Diego St.,,11-8,UNLV,,10-8,1,3,15,25,27,29,25,18,20,25,,
2025-10-18,6422199,final,FALSE,Duquesne,,11-9,Fordham,,7-12,3,0,25,16,26,24,25,19,,,,
2025-10-18,6422239,final,FALSE,Rider,,8-11,Niagara,,7-10,3,1,22,25,25,17,25,22,25,22,,
2025-10-18,6422636,final,FALSE,FDU,,14-8,Chicago St.,,0-18,3,0,25,20,25,17,25,23,,,,
2025-10-18,6422837,final,FALSE,Minnesota,,15-4,Washington,,9-9,3,1,14,25,25,17,25,20,25,12,,
2025-10-18,6422932,final,FALSE,Fresno St.,,5-14,San Jose St.,,9-10,0,3,21,25,20,25,12,25,,,,
2025-10-18,6423112,final,FALSE,Winthrop,,11-6,Presbyterian,,5-14,3,0,25,20,25,21,25,17,,,,
2025-10-18,6425025,final,FALSE,American,,15-4,Holy Cross,,6-18,3,0,25,19,25,17,25,11,,,,
2025-10-18,6426210,final,FALSE,Penn St.,,11-7,Oregon,,12-6,3,1,25,22,23,25,25,23,27,25,,
2025-10-18,6426321,final,FALSE,LIU,,12-7,Central Conn. St.,,4-15,3,0,25,20,25,23,25,20,,,,
2025-10-18,6426507,final,FALSE,Cornell,,11-6,Penn,,9-8,0,3,27,29,16,25,16,25,,,,
2025-10-18,6427199,final,FALSE,Tarleton St.,,10-8,Abilene Christian,,8-13,3,2,19,25,25,20,14,25,25,23,15,11
2025-10-18,6427414,final,FALSE,Samford,,8-11,Mercer,,6-15,3,2,25,23,16,25,25,20,13,25,15,13
2025-10-18,6429133,final,FALSE,Le Moyne,,3-16,Stonehill,,4-19,2,3,25,23,25,20,21,25,26,28,11,15
2025-10-18,6429524,final,FALSE,Northern Ariz.,,16-5,Idaho,,4-15,3,2,25,16,21,25,25,23,23,25,15,12
2025-10-18,6429686,final,FALSE,Loyola Chicago,,10-11,Davidson,,8-11,1,3,21,25,25,15,13,25,16,25,,
2025-10-18,6439779,final,FALSE,Hampton,,1-19,Campbell,,14-5,0,3,21,25,16,25,21,25,,,,
2025-10-19,6387240,final,FALSE,Mississippi St.,,14-4,Georgia,,13-5,2,3,26,24,22,25,23,25,27,25,14,16
2025-10-19,6387338,final,FALSE,Ohio St.,,3-13,Indiana,,15-3,1,3,22,25,25,18,22,25,16,25,,
2025-10-19,6387339,final,FALSE,Illinois,,12-5,Northwestern,,13-7,3,0,25,22,25,22,27,25,,,,
2025-10-19,6388597,final,FALSE,UCLA,,11-7,Iowa,,10-10,3,0,25,14,25,23,25,9,,,,
2025-10-19,6389022,final,FALSE,Arizona,,11-6,Houston,,8-11,3,1,25,18,20,25,26,24,25,19,,
2025-10-19,6390185,final,FALSE,Clemson,,12-8,Wake Forest,,9-10,0,3,19,25,22,25,16,25,,,,
2025-10-19,6390963,final,FALSE,SMU,,14-4,Notre Dame,,7-9,3,0,25,21,26,24,25,19,,,,
2025-10-19,6391077,final,FALSE,Tulsa,,17-3,UAB,,8-12,3,0,33,31,25,21,25,19,,,,
2025-10-19,6391599,final,FALSE,San Francisco,,3-15,Oregon St.,,12-5,0,3,18,25,21,25,15,25,,,,
2025-10-19,6393770,final,FALSE,North Texas,,15-5,Memphis,,10-13,3,1,17,25,25,20,25,15,25,17,,
2025-10-19,6393921,final,FALSE,North Ala.,,11-10,Queens (NC),,13-8,2,3,25,17,21,25,17,25,25,23,7,15
2025-10-19,6394297,final,FALSE,Col. of Charleston,,13-7,Northeastern,,7-10,3,1,18,25,25,22,25,19,25,20,,
2025-10-19,6394622,final,FALSE,Miami (FL),,15-4,Stanford,,16-3,1,3,23,25,27,25,24,26,16,25,,
2025-10-19,6396103,final,FALSE,Florida,,10-7,Kentucky,,14-2,2,3,16,25,25,21,25,19,21,25,6,15
2025-10-19,6398896,final,FALSE,Temple,,11-11,South Fla.,,11-8,0,3,18,25,20,25,17,25,,,,
2025-10-19,6398914,final,FALSE,North Carolina,,15-2,Syracuse,,12-6,3,1,25,23,23,25,25,14,25,13,,
2025-10-19,6399170,final,FALSE,Ole Miss,,10-9,Vanderbilt,,5-12,3,2,19,25,25,15,28,26,19,25,15,11
2025-10-19,6401873,final,FALSE,Prairie View,,10-11,Bethune-Cookman,,10-11,1,3,20,25,25,22,19,25,16,25,,
2025-10-19,6401990,final,FALSE,Oklahoma,,12-6,Texas,,16-0,1,3,23,25,19,25,26,24,14,25,,
2025-10-19,6402635,final,FALSE,Lipscomb,,8-10,Stetson,,6-14,3,2,23,25,26,28,25,22,25,20,15,11
2025-10-19,6403842,final,FALSE,Seton Hall,,6-13,Creighton,,15-5,0,3,21,25,15,25,16,25,,,,
2025-10-19,6405029,final,FALSE,East Carolina,,10-9,UTSA,,11-8,0,3,14,25,19,25,19,25,,,,
2025-10-19,6408448,final,FALSE,Virginia Tech,,9-10,Virginia,,10-8,0,3,19,25,21,25,20,25,,,,
2025-10-19,6409755,final,FALSE,Central Ark.,,10-8,West Ga.,,2-19,3,1,25,19,22,25,25,19,26,24,,
2025-10-19,6410878,final,FALSE,Charlotte,,15-5,Fla. Atlantic,,14-7,3,1,26,24,25,23,20,25,25,21,,
2025-10-19,6411977,final,FALSE,Alabama,,10-8,South Carolina,,7-11,3,0,25,15,25,14,25,23,,,,
2025-10-19,6412358,final,FALSE,Arkansas,,5-14,Texas A&M,,15-3,0,3,20,25,20,25,19,25,,,,
2025-10-19,6414319,final,FALSE,Mississippi Val.,,3-13,Ark.-Pine Bluff,,1-20,0,3,13,25,22,25,14,25,,,,
2025-10-19,6414837,final,FALSE,Auburn,,13-6,Tennessee,,14-3,0,3,23,25,23,25,24,26,,,,
2025-10-19,6415333,final,FALSE,LSU,,10-9,Missouri,,12-7,1,3,19,25,25,20,25,27,19,25,,
2025-10-19,6417675,final,FALSE,Nebraska,,18-0,Michigan,,12-7,3,0,25,18,25,13,25,18,,,,
2025-10-19,6419048,final,FALSE,Pittsburgh,,15-3,Louisville,,14-4,3,2,25,20,19,25,20,25,25,17,15,11
2025-10-19,6421249,final,FALSE,Jackson St.,,7-11,Grambling,,3-15,3,0,25,23,25,19,26,24,,,,
2025-10-19,6421954,final,FALSE,Wichita St.,,13-7,Rice,,11-8,2,3,25,23,22,25,22,25,25,20,10,15
2025-10-19,6422364,final,FALSE,Georgia Tech,,9-8,NC State,,10-8,3,0,25,18,25,19,25,17,,,,
2025-10-19,6423385,final,FALSE,Maryland,,8-10,Michigan St.,,15-3,2,3,18,25,25,14,20,25,25,21,13,15
2025-10-19,6425361,final,FALSE,Southern California,,13-5,Wisconsin,,13-3,3,1,23,25,25,23,25,23,25,22,,
2025-10-19,6425946,final,FALSE,Duke,,5-14,Boston College,,14-6,0,3,18,25,20,25,19,25,,,,
2025-10-19,6426354,final,FALSE,Morgan St.,,8-9,Delaware St.,,7-14,3,0,25,23,25,20,26,24,,,,
2025-10-19,6427087,final,FALSE,Purdue,,15-3,Rutgers,,10-10,3,0,25,21,25,21,25,18,,,,
2025-10-19,6428560,final,FALSE,Austin Peay,,4-16,FGCU,,11-7,3,2,18,25,25,20,21,25,25,23,15,11
2025-10-19,6429745,final,FALSE,Texas Southern,,7-15,Florida A&M,,5-14,0,3,19,25,23,25,20,25,,,,
2025-10-20,6414320,final,FALSE,Mississippi Val.,,3-14,Grambling,,4-15,0,3,19,25,17,25,19,25,,,,
2025-10-20,6421250,final,FALSE,Jackson St.,,8-11,Ark.-Pine Bluff,,1-21,3,0,25,19,25,21,25,13,,,,
2025-10-20,6429746,final,FALSE,Prairie View,,11-11,Florida A&M,,5-15,3,0,25,19,25,22,25,22,,,,
2025-10-21,6389320,final,FALSE,NJIT,,4-17,Coppin St.,,14-9,1,3,23,25,25,27,26,24,23,25,,
2025-10-21,6392138,final,FALSE,UIC,,12-7,Valparaiso,,16-6,3,1,25,17,26,28,26,24,25,19,,
2025-10-21,6392705,final,FALSE,New Haven,,2-17,Holy Cross,,7-18,1,3,25,18,12,25,28,30,14,25,,
2025-10-21,6397387,final,FALSE,Omaha,,6-11,Kansas City,,3-18,3,1,25,20,25,23,21,25,25,20,,
2025-10-21,6398175,final,FALSE,St. Thomas (MN),,13-6,Denver,,13-6,3,1,25,18,28,26,22,25,26,24,,
2025-10-21,6398309,final,FALSE,South Dakota,,13-7,North Dakota St.,,11-7,3,1,22,25,25,14,25,20,25,18,,
2025-10-21,6402088,final,FALSE,Western Ill.,,5-16,Eastern Ill.,,12-6,1,3,22,25,24,26,25,23,14,25,,
2025-10-21,6405606,final,FALSE,Duquesne,,11-10,Dayton,,15-6,0,3,19,25,14,25,18,25,,,,
2025-10-21,6410175,final,FALSE,Southern-N.O.,,,Southern U.,,9-12,0,3,19,25,12,25,14,25,,,,
2025-10-21,6411171,final,FALSE,FIU,,12-9,FGCU,,12-7,2,3,25,23,26,24,20,25,20,25,13,15
2025-10-21,6414753,final,FALSE,Mercer,,6-16,ETSU,,15-5,0,3,17,25,17,25,18,25,,,,
2025-10-21,6415289,final,FALSE,Hawaii,,7-13,UC Irvine,,8-13,0,3,7,25,17,25,20,25,,,,
2025-10-21,6416481,final,FALSE,N.C. Central,,6-14,Gardner-Webb,,9-14,1,3,13,25,25,21,10,25,21,25,,
2025-10-21,6418274,final,FALSE,New Orleans,,7-15,Houston Christian,,11-11,1,3,20,25,25,19,15,25,23,25,,
2025-10-21,6422212,final,FALSE,Hofstra,,16-2,Rider,,8-12,3,0,25,22,25,9,25,14,,,,
2025-10-21,6423802,final,FALSE,South Dakota St.,,14-3,North Dakota,,5-14,3,0,25,20,25,13,25,11,,,,
2025-10-21,6425651,final,FALSE,Tennessee St.,,1-22,Morehead St.,,14-5,0,3,13,25,12,25,18,25,,,,
2025-10-21,6429311,final,FALSE,Bryant,,13-9,Manhattan,,2-17,3,1,25,19,23,25,25,20,25,13,,
2025-10-22,6389026,final,FALSE,UCF,,12-7,Houston,,8-12,3,2,25,23,21,25,20,25,25,17,17,15
2025-10-22,6389523,final,FALSE,Alabama St.,,7-13,Alabama A&M,,14-7,3,1,19,25,25,17,25,23,25,18,,
2025-10-22,6392706,final,FALSE,Binghamton,,9-11,New Haven,,2-18,3,0,25,22,25,19,25,12,,,,
2025-10-22,6392987,final,FALSE,TCU,,16-4,Kansas,,15-7,0,3,26,28,16,25,22,25,,,,
2025-10-22,6397844,final,FALSE,Mercer,,6-17,Chattanooga,,13-8,1,3,14,25,25,17,24,26,21,25,,
2025-10-22,6402962,final,FALSE,Colorado,,17-3,Texas Tech,,8-12,3,2,25,18,21,25,21,25,25,19,15,12
2025-10-22,6405703,final,FALSE,Utah,,9-10,Cincinnati,,11-7,1,3,10,25,25,22,16,25,16,25,,
2025-10-22,6406392,final,FALSE,Oklahoma,,12-7,Florida,,11-7,1,3,22,25,20,25,26,24,13,25,,
2025-10-22,6409147,final,FALSE,Southeastern La.,,15-6,UIW,,10-11,3,0,25,16,25,22,25,20,,,,
2025-10-22,6409763,final,FALSE,West Ga.,,2-20,Queens (NC),,14-8,0,3,18,25,16,25,9,25,,,,
2025-10-22,6410879,final,FALSE,Charlotte,,15-6,East Carolina,,11-9,0,3,23,25,9,25,21,25,,,,
2025-10-22,6411463,final,FALSE,Oregon,,13-6,UCLA,,11-8,3,0,25,19,25,19,25,23,,,,
2025-10-22,6412362,final,FALSE,Arkansas,,5-15,Auburn,,14-6,1,3,13,25,21,25,25,21,19,25,,
2025-10-22,6412849,final,FALSE,Syracuse,,13-6,Boston College,,14-7,3,2,19,25,25,15,25,27,30,28,15,12
2025-10-22,6427650,final,FALSE,Claflin,,3-17,South Carolina St.,,5-15,0,3,11,25,16,25,17,25,,,,
2025-10-22,6427991,final,FALSE,Missouri,,13-7,Southeast Mo. St.,,12-10,3,2,25,18,20,25,25,23,17,25,15,8
2025-10-23,6387642,final,FALSE,Furman,,15-6,Samford,,8-12,3,0,25,22,25,12,25,16,,,,
2025-10-23,6387761,final,FALSE,Denver,,13-7,South Dakota,,14-7,1,3,25,17,15,25,23,25,13,25,,
2025-10-23,6387892,final,FALSE,UC Santa Barbara,,14-7,UC Davis,,13-4,2,3,28,26,10,25,26,24,24,26,8,15
2025-10-23,6388720,final,FALSE,Buffalo,,7-12,Eastern Mich.,,10-13,3,0,25,20,25,20,25,17,,,,
2025-10-23,6389321,final,FALSE,Howard,,11-8,Coppin St.,,15-9,2,3,25,22,25,22,16,25,19,25,10,15
2025-10-23,6389712,final,FALSE,Gonzaga,,10-9,Santa Clara,,10-9,2,3,25,11,22,25,22,25,25,22,11,15
2025-10-23,6390795,final,FALSE,Arizona,,11-7,Iowa St.,,16-3,0,3,19,25,19,25,23,25,,,,
2025-10-23,6390847,final,FALSE,Lamar University,,13-11,Northwestern St.,,1-22,3,0,25,14,25,16,25,12,,,,
2025-10-23,6391063,final,FALSE,Southern Miss.,,14-6,Old Dominion,,4-16,3,1,12,25,25,21,25,23,25,22,,
2025-10-23,6391556,final,FALSE,Wofford,,10-10,Western Caro.,,6-14,3,1,25,23,25,20,23,25,25,20,,
2025-10-23,6391600,final,FALSE,Oregon St.,,12-6,Pepperdine,,12-7,2,3,24,26,25,23,23,25,28,26,10,15
2025-10-23,6392069,final,FALSE,Arkansas St.,,13-7,Troy,,5-12,1,3,23,25,25,13,24,26,12,25,,
2025-10-23,6393843,final,FALSE,Alcorn,,2-19,Southern U.,,10-12,0,3,19,25,18,25,17,25,,,,
2025-10-23,6394790,final,FALSE,SFA,,13-7,East Texas A&M,,6-14,3,0,25,14,25,17,25,16,,,,
2025-10-23,6397833,final,FALSE,ETSU,,16-5,Chattanooga,,13-9,3,1,25,27,25,16,25,23,25,18,,
2025-10-23,6398190,final,FALSE,St. Thomas (MN),,14-6,Omaha,,6-12,3,0,25,18,25,18,25,18,,,,
2025-10-23,6398448,final,FALSE,UT Martin,,2-18,Tennessee Tech,,8-13,2,3,26,24,30,28,22,25,22,25,12,15
2025-10-23,6400239,final,FALSE,Abilene Christian,,8-14,Utah Tech,,15-4,1,3,27,25,22,25,14,25,23,25,,
2025-10-23,6400450,final,FALSE,Long Beach St.,,14-6,CSUN,,12-8,2,3,23,25,14,25,25,21,25,14,11,15
2025-10-23,6401883,final,FALSE,Portland,,10-9,Pacific,,7-12,3,0,25,22,25,16,27,25,,,,
2025-10-23,6401908,final,FALSE,California Baptist,,6-13,UT Arlington,,11-8,1,3,14,25,23,25,31,29,21,25,,
2025-10-23,6403227,final,FALSE,Central Mich.,,8-14,Kent St.,,8-13,3,1,25,23,25,12,21,25,25,18,,
2025-10-23,6403261,final,FALSE,Idaho St.,,7-12,Montana,,13-6,1,3,19,25,25,15,22,25,22,25,,
2025-10-23,6403364,final,FALSE,BYU,,16-4,Baylor,,12-6,2,3,15,25,25,22,25,21,16,25,8,15
2025-10-23,6407530,final,FALSE,UC Irvine,,9-13,Cal St. Fullerton,,7-14,3,0,25,14,25,15,25,12,,,,
2025-10-23,6408791,final,FALSE,UC San Diego,,4-17,CSU Bakersfield,,5-16,1,3,24,26,25,17,18,25,16,25,,
2025-10-23,6410304,final,FALSE,Cal Poly,,16-5,UC Riverside,,7-12,3,0,25,12,25,18,25,22,,,,
2025-10-23,6410988,final,FALSE,Eastern Wash.,,2-18,Portland St.,,8-11,1,3,13,25,25,21,16,25,20,25,,
2025-10-23,6411268,final,FALSE,Nevada,,6-13,Wyoming,,10-10,1,3,22,25,25,21,22,25,16,25,,
2025-10-23,6411433,final,FALSE,Idaho,,4-16,Sacramento St.,,12-8,0,3,18,25,18,25,15,25,,,,
2025-10-23,6411558,final,FALSE,UNLV,,10-9,Boise St.,,14-6,2,3,22,25,26,24,26,28,25,23,12,15
2025-10-23,6415317,final,FALSE,Seattle U,,6-13,Saint Mary's (CA),,6-13,2,3,26,24,27,25,25,27,23,25,7,15
2025-10-23,6417209,final,FALSE,UTRGV,,13-7,McNeese,,6-15,3,0,25,10,25,18,25,20,,,,
2025-10-23,6417264,final,FALSE,Weber St.,,12-7,Montana St.,,10-9,1,3,14,25,25,18,19,25,22,25,,
2025-10-23,6417324,final,FALSE,Air Force,,11-10,Colorado St.,,13-6,1,3,17,25,25,27,25,23,14,25,,
2025-10-23,6418323,final,FALSE,Grand Canyon,,12-8,San Jose St.,,9-11,3,1,25,27,25,23,25,18,25,20,,
2025-10-23,6421085,final,FALSE,A&M-Corpus Christi,,8-13,Nicholls,,11-11,3,0,25,13,25,16,25,23,,,,
2025-10-23,6422933,final,FALSE,New Mexico,,9-11,Fresno St.,,6-14,0,3,22,25,17,25,18,25,,,,
2025-10-23,6423807,final,FALSE,Oral Roberts,,2-19,South Dakota St.,,15-3,0,3,18,25,15,25,22,25,,,,
2025-10-23,6426458,final,FALSE,Maryland,,8-11,Southern California,,14-5,0,3,12,25,14,25,18,25,,,,
2025-10-23,6426935,final,FALSE,San Diego St.,,11-9,Utah St.,,12-7,2,3,16,25,25,19,21,25,26,24,8,15
2025-10-23,6427873,final,FALSE,Kansas City,,3-19,North Dakota,,6-14,1,3,19,25,25,14,18,25,23,25,,
2025-10-23,6429747,final,FALSE,Towson,,19-3,Hampton,,1-20,3,0,25,15,25,21,25,12,,,,
2025-10-24,6386795,final,FALSE,South Alabama,,12-8,Louisiana,,12-7,1,3,18,25,25,20,15,25,19,25,,
2025-10-24,6386890,final,FALSE,Rider,,9-12,Iona,,7-17,3,2,27,29,20,25,25,23,25,20,15,13
2025-10-24,6387244,final,FALSE,Georgia,,14-5,Vanderbilt,,5-13,3,1,25,23,22,25,25,17,25,19,,
2025-10-24,6387341,final,FALSE,Minnesota,,16-4,Indiana,,15-4,3,1,25,19,25,19,18,25,25,19,,
2025-10-24,6387345,final,FALSE,Purdue,,16-3,Illinois,,12-6,3,0,25,19,25,16,25,14,,,,
2025-10-24,6387480,final,FALSE,Bradley,,9-12,Murray St.,,3-15,3,1,25,18,18,25,25,21,25,23,,
2025-10-24,6388315,final,FALSE,Oakland,,5-17,IU Indy,,12-10,0,3,12,25,22,25,21,25,,,,
2025-10-24,6388601,final,FALSE,Michigan St.,,15-4,Iowa,,11-10,1,3,25,22,25,27,19,25,22,25,,
2025-10-24,6388723,final,FALSE,Buffalo,,7-13,Eastern Mich.,,11-13,2,3,26,24,25,18,13,25,20,25,12,15
2025-10-24,6389045,final,FALSE,Milwaukee,,4-19,Youngstown St.,,10-11,0,3,16,25,12,25,25,27,,,,
2025-10-24,6389527,final,FALSE,Prairie View,,12-11,Alabama St.,,7-14,3,2,26,28,25,20,18,25,25,23,15,13
2025-10-24,6389571,final,FALSE,UTEP,,19-2,Western Ky.,,17-5,3,0,25,23,25,20,25,20,,,,
2025-10-24,6389976,final,FALSE,UNC Greensboro,,12-8,Samford,,9-12,2,3,25,17,21,25,20,25,25,23,15,17
2025-10-24,6390072,final,FALSE,USC Upstate,,11-10,Charleston So.,,12-10,0,3,22,25,20,25,19,25,,,,
2025-10-24,6390129,final,FALSE,Illinois St.,,8-13,UNI,,16-5,0,3,18,25,13,25,24,26,,,,
2025-10-24,6390186,final,FALSE,Wake Forest,,9-11,SMU,,15-4,0,3,20,25,14,25,14,25,,,,
2025-10-24,6390463,final,FALSE,Ga. Southern,,16-4,James Madison,,15-6,2,3,17,25,25,13,25,20,23,25,11,15
2025-10-24,6390495,final,FALSE,Louisiana Tech,,7-16,Missouri St.,,9-11,0,3,23,25,18,25,10,25,,,,
2025-10-24,6390510,final,FALSE,Penn,,9-9,Princeton,,11-5,0,3,20,25,21,25,17,25,,,,
2025-10-24,6390896,final,FALSE,The Citadel,,0-19,Western Caro.,,7-14,0,3,13,25,16,25,20,25,,,,
2025-10-24,6391065,final,FALSE,Southern Miss.,,14-7,Old Dominion,,5-16,0,3,16,25,26,28,23,25,,,,
2025-10-24,6391079,final,FALSE,North Texas,,16-5,Tulsa,,17-4,3,1,25,22,25,19,18,25,25,16,,
2025-10-24,6391535,final,FALSE,Stanford,,17-3,Clemson,,12-9,3,1,25,27,25,18,28,26,25,15,,
2025-10-24,6391666,final,FALSE,Kansas St.,,11-6,Kansas,,15-8,3,2,14,25,25,17,18,25,25,23,15,8
2025-10-24,6391780,final,FALSE,Bowling Green,,12-10,Western Mich.,,10-13,2,3,25,23,25,19,17,25,17,25,6,15
2025-10-24,6392073,final,FALSE,Arkansas St.,,14-7,Troy,,5-13,3,1,17,25,25,13,25,17,25,18,,
2025-10-24,6392707,final,FALSE,New Haven,,3-18,Chicago St.,,0-19,3,1,27,25,25,18,17,25,25,16,,
2025-10-24,6392897,final,FALSE,Utah,,10-10,West Virginia,,13-7,3,2,25,20,20,25,23,25,25,19,15,11
2025-10-24,6392939,final,FALSE,Stonehill,,4-20,Mercyhurst,,6-15,1,3,25,23,22,25,21,25,16,25,,
2025-10-24,6393232,final,FALSE,Rhode Island,,3-19,Duquesne,,12-10,1,3,25,20,17,25,11,25,22,25,,
2025-10-24,6393773,final,FALSE,Fla. Atlantic,,15-7,Memphis,,10-14,3,1,22,25,25,17,25,22,25,19,,
2025-10-24,6393786,final,FALSE,Sam Houston,,8-14,Jacksonville St.,,10-11,1,3,25,14,22,25,19,25,15,25,,
2025-10-24,6393924,final,FALSE,Eastern Ky.,,14-7,North Ala.,,11-11,3,2,18,25,16,25,25,21,25,19,15,11
2025-10-24,6394191,final,FALSE,Eastern Ill.,,13-6,Little Rock,,11-10,3,0,25,22,25,23,25,21,,,,
2025-10-24,6394298,final,FALSE,UNCW,,3-16,Col. of Charleston,,14-7,1,3,25,21,16,25,14,25,22,25,,
2025-10-24,6394623,final,FALSE,Virginia Tech,,9-11,Miami (FL),,16-4,2,3,23,25,17,25,25,22,25,20,3,15
2025-10-24,6395811,final,FALSE,Radford,,8-14,Winthrop,,12-6,1,3,14,25,14,25,25,22,16,25,,
2025-10-24,6395930,final,FALSE,Lehigh,,9-10,American,,16-4,2,3,27,25,22,25,23,25,25,22,9,15
2025-10-24,6396124,final,FALSE,Kentucky,,15-2,Mississippi St.,,14-5,3,1,25,13,18,25,25,12,25,18,,
2025-10-24,6396556,final,FALSE,Lafayette,,4-15,Navy,,9-10,2,3,30,28,22,25,23,25,25,22,6,15
2025-10-24,6396892,final,FALSE,Michigan,,13-7,Ohio St.,,3-14,3,0,25,18,25,9,25,18,,,,
2025-10-24,6397106,final,FALSE,ULM,,9-14,Texas St.,,9-11,0,3,10,25,16,25,18,25,,,,
2025-10-24,6397782,final,FALSE,Marquette,,12-7,Georgetown,,12-10,2,3,22,25,25,17,25,19,23,25,5,15
2025-10-24,6397988,final,FALSE,SIUE,,11-10,Southern Ind.,,10-11,2,3,25,22,18,25,25,22,18,25,10,15
2025-10-24,6398051,final,FALSE,Indiana St.,,9-12,Drake,,10-10,1,3,27,25,23,25,19,25,20,25,,
2025-10-24,6398465,final,FALSE,UT Martin,,2-19,Tennessee Tech,,9-13,1,3,25,17,18,25,13,25,18,25,,
2025-10-24,6398930,final,FALSE,South Fla.,,12-8,East Carolina,,11-10,3,0,25,14,25,22,25,19,,,,
2025-10-24,6398948,final,FALSE,Notre Dame,,7-10,North Carolina,,16-2,2,3,25,19,25,15,17,25,20,25,13,15
2025-10-24,6399101,final,FALSE,Northeastern,,7-11,William & Mary,,7-13,2,3,26,24,23,25,18,25,25,19,15,17
2025-10-24,6400099,final,FALSE,DePaul,,12-8,Villanova,,15-5,3,1,20,25,25,15,25,19,25,23,,
2025-10-24,6400851,final,FALSE,Middle Tenn.,,10-11,New Mexico St.,,12-10,1,3,14,25,27,25,20,25,21,25,,
2025-10-24,6401359,final,FALSE,Jacksonville,,17-4,Stetson,,7-14,1,3,19,25,18,25,25,16,18,25,,
2025-10-24,6401599,final,FALSE,California,,6-13,Georgia Tech,,10-8,1,3,25,23,21,25,11,25,7,25,,
2025-10-24,6401913,final,FALSE,Bethune-Cookman,,11-11,Ark.-Pine Bluff,,1-22,3,0,25,17,25,16,25,16,,,,
2025-10-24,6402006,final,FALSE,Texas,,17-0,Ole Miss,,10-10,3,1,35,33,25,18,21,25,25,18,,
2025-10-24,6402640,final,FALSE,Lipscomb,,9-10,Austin Peay,,4-17,3,0,25,21,25,14,25,18,,,,
2025-10-24,6403237,final,FALSE,Central Mich.,,9-14,Kent St.,,8-14,3,0,25,18,25,19,25,18,,,,
2025-10-24,6403581,final,FALSE,Bucknell,,7-12,Loyola Maryland,,5-14,2,3,25,21,23,25,25,20,22,25,7,15
2025-10-24,6403850,final,FALSE,Seton Hall,,6-14,Butler,,10-12,0,3,22,25,15,25,17,25,,,,
2025-10-24,6404472,final,FALSE,South Carolina St.,,5-16,UMES,,8-13,2,3,25,20,21,25,25,11,16,25,12,15
2025-10-24,6405045,final,FALSE,UTSA,,11-9,Rice,,12-8,0,3,18,25,21,25,20,25,,,,
2025-10-24,6405250,final,FALSE,Fordham,,7-13,Saint Louis,,11-10,0,3,14,25,21,25,21,25,,,,
2025-10-24,6405320,final,FALSE,St. John's (NY),,6-16,Xavier,,19-2,1,3,16,25,25,23,21,25,20,25,,
2025-10-24,6405619,final,FALSE,George Mason,,14-7,Dayton,,16-6,0,3,19,25,14,25,21,25,,,,
2025-10-24,6406188,final,FALSE,Colgate,,15-6,Holy Cross,,7-19,3,2,21,25,25,15,22,25,25,15,15,5
2025-10-24,6406269,final,FALSE,UAB,,8-13,Temple,,12-11,2,3,25,27,20,25,28,26,25,18,12,15
2025-10-24,6406281,final,FALSE,Sacred Heart,,8-14,Merrimack,,5-14,3,0,25,21,25,12,25,16,,,,
2025-10-24,6406767,final,FALSE,Tennessee St.,,1-23,Western Ill.,,6-16,2,3,13,25,18,25,25,23,25,18,12,15
2025-10-24,6407811,final,FALSE,Campbell,,15-5,Stony Brook,,8-10,3,2,21,25,25,23,25,7,16,25,16,14
2025-10-24,6408133,final,FALSE,Creighton,,16-5,Providence,,10-12,3,0,25,21,25,18,27,25,,,,
2025-10-24,6408253,final,FALSE,N.C. A&T,,10-8,Elon,,5-15,3,2,22,25,25,22,25,19,20,25,15,13
2025-10-24,6408544,final,FALSE,Southern Ill.,,10-13,UIC,,13-7,0,3,23,25,23,25,19,25,,,,
2025-10-24,6408680,final,FALSE,Northern Colo.,,9-12,Northern Ariz.,,17-5,0,3,25,27,22,25,26,28,,,,
2025-10-24,6408946,final,FALSE,Miami (OH),,11-11,Toledo,,16-6,3,2,27,25,19,25,25,23,22,25,15,11
2025-10-24,6409191,final,FALSE,Ohio,,7-15,Ball St.,,14-8,2,3,25,12,25,19,16,25,20,25,9,15
2025-10-24,6409828,final,FALSE,High Point,,10-8,Gardner-Webb,,9-15,3,0,25,10,25,15,25,16,,,,
2025-10-24,6409954,final,FALSE,Wright St.,,14-7,Green Bay,,8-13,3,1,24,26,25,19,25,18,26,24,,
2025-10-24,6410523,final,FALSE,North Florida,,8-14,FGCU,,13-7,1,3,15,25,21,25,26,24,24,26,,
2025-10-24,6411175,final,FALSE,FIU,,13-9,Liberty,,16-6,3,1,25,23,25,20,20,25,25,22,,
2025-10-24,6411968,final,FALSE,South Carolina,,7-12,Missouri,,14-7,1,3,23,25,26,24,19,25,23,25,,
2025-10-24,6412851,final,FALSE,Boston College,,15-7,Syracuse,,13-7,3,0,25,20,25,23,25,16,,,,
2025-10-24,6413582,final,FALSE,Delaware,,7-11,Kennesaw St.,,13-6,2,3,26,24,21,25,19,25,25,22,8,15
2025-10-24,6414444,final,FALSE,NIU,,10-9,Akron,,10-11,2,3,20,25,25,19,18,25,25,14,9,15
2025-10-24,6414769,final,FALSE,Marist,,7-15,Canisius,,9-11,1,3,25,27,13,25,25,18,17,25,,
2025-10-24,6415334,final,FALSE,Texas A&M,,16-3,LSU,,10-10,3,1,22,25,25,14,25,22,25,23,,
2025-10-24,6417125,final,FALSE,Marshall,,12-10,Georgia St.,,11-9,3,1,25,23,22,25,25,21,25,23,,
2025-10-24,6417842,final,FALSE,Virginia,,10-9,Florida St.,,10-8,1,3,25,21,19,25,14,25,21,25,,
2025-10-24,6417914,final,FALSE,Robert Morris,,6-15,Cleveland St.,,5-16,0,3,22,25,20,25,25,27,,,,
2025-10-24,6418139,final,FALSE,Siena,,10-14,Niagara,,8-10,0,3,18,25,24,26,23,25,,,,
2025-10-24,6418189,final,FALSE,Fairfield,,15-5,Quinnipiac,,11-11,0,3,20,25,21,25,22,25,,,,
2025-10-24,6418269,final,FALSE,Saint Peter's,,6-15,Manhattan,,2-18,3,2,25,20,13,25,22,25,25,23,15,13
2025-10-24,6418394,final,FALSE,N.C. Central,,6-15,Delaware St.,,8-14,0,3,10,25,17,25,18,25,,,,
2025-10-24,6419054,final,FALSE,NC State,,10-9,Pittsburgh,,16-3,0,3,11,25,19,25,16,25,,,,
2025-10-24,6420266,final,FALSE,Morgan St.,,8-10,Norfolk St.,,2-19,1,3,25,27,17,25,25,15,14,25,,
2025-10-24,6420492,final,FALSE,Purdue Fort Wayne,,3-18,Northern Ky.,,13-8,0,3,13,25,14,25,16,25,,,,
2025-10-24,6420705,final,FALSE,Loyola Chicago,,11-11,VCU,,9-9,3,0,25,21,25,15,25,19,,,,
2025-10-24,6421221,final,FALSE,App State,,13-7,Coastal Carolina,,15-6,0,3,17,25,23,25,20,25,,,,
2025-10-24,6421939,final,FALSE,Tulane,,9-11,Wichita St.,,14-7,1,3,20,25,25,20,21,25,20,25,,
2025-10-24,6422382,final,FALSE,Evansville,,6-15,Belmont,,14-6,0,3,16,25,12,25,13,25,,,,
2025-10-24,6422839,final,FALSE,Wisconsin,,14-3,Washington,,9-10,3,1,25,19,19,25,25,16,25,20,,
2025-10-24,6423411,final,FALSE,UNC Asheville,,7-14,Presbyterian,,6-14,2,3,25,17,23,25,25,21,17,25,12,15
2025-10-24,6423497,final,FALSE,Northwestern,,13-8,Nebraska,,19-0,0,3,17,25,13,25,17,25,,,,
2025-10-24,6425211,final,FALSE,George Washington,,13-9,Davidson,,9-11,0,3,22,25,17,25,15,25,,,,
2025-10-24,6425660,final,FALSE,Morehead St.,,15-5,Southeast Mo. St.,,12-11,3,0,28,26,25,22,25,21,,,,
2025-10-24,6426317,final,FALSE,Central Conn. St.,,5-15,Le Moyne,,3-17,3,0,25,12,25,21,25,20,,,,
2025-10-24,6426960,final,FALSE,Louisville,,15-4,Duke,,5-15,3,0,25,23,25,13,25,22,,,,
2025-10-24,6427209,final,FALSE,Rutgers,,10-11,Penn St.,,12-7,0,3,23,25,19,25,13,25,,,,
2025-10-24,6427218,final,FALSE,Saint Francis,,13-6,FDU,,14-9,3,2,25,27,25,21,20,25,25,15,16,14
2025-10-24,6428159,final,FALSE,Tennessee,,15-3,Alabama,,10-9,3,1,25,18,25,20,23,25,25,15,,
2025-10-24,6428336,final,FALSE,New Hampshire,,8-11,UAlbany,,11-9,0,3,22,25,21,25,21,25,,,,
2025-10-24,6428919,final,FALSE,Bellarmine,,10-11,Central Ark.,,10-9,3,2,25,20,17,25,17,25,25,22,15,12
2025-10-24,6429748,final,FALSE,Towson,,20-3,Hampton,,1-21,3,0,25,12,25,21,25,20,,,,
2025-10-25,6386803,final,FALSE,South Alabama,,13-8,Louisiana,,12-8,3,1,25,23,22,25,25,19,25,20,,
2025-10-25,6386892,final,FALSE,Saint Peter's,,6-16,Iona,,8-17,2,3,19,25,25,20,18,25,25,19,11,15
2025-10-25,6387351,final,FALSE,Michigan,,14-7,Illinois,,12-7,3,0,25,23,25,20,25,21,,,,
2025-10-25,6387483,final,FALSE,Bradley,,10-12,Belmont,,14-7,3,2,16,25,23,25,25,20,25,18,15,10
2025-10-25,6387645,final,FALSE,UNC Greensboro,,12-9,Furman,,16-6,1,3,12,25,16,25,25,21,17,25,,
2025-10-25,6387762,final,FALSE,Denver,,13-8,South Dakota St.,,16-3,1,3,15,25,23,25,25,21,24,26,,
2025-10-25,6387894,final,FALSE,UC Davis,,13-5,Cal Poly,,17-5,1,3,25,21,20,25,12,25,21,25,,
2025-10-25,6388318,final,FALSE,Oakland,,5-18,IU Indy,,13-10,0,3,14,25,19,25,23,25,,,,
2025-10-25,6389057,final,FALSE,Milwaukee,,4-20,Youngstown St.,,11-11,0,3,18,25,26,28,17,25,,,,
2025-10-25,6389574,final,FALSE,UTEP,,19-3,Western Ky.,,18-5,0,3,22,25,16,25,15,25,,,,
2025-10-25,6389714,final,FALSE,Santa Clara,,11-9,Seattle U,,6-14,3,2,25,21,23,25,20,25,25,19,15,11
2025-10-25,6390074,final,FALSE,USC Upstate,,12-10,Presbyterian,,6-15,3,0,25,18,25,20,25,20,,,,
2025-10-25,6390130,final,FALSE,Indiana St.,,9-13,UNI,,17-5,0,3,11,25,15,25,16,25,,,,
2025-10-25,6390464,final,FALSE,Ga. Southern,,16-5,James Madison,,16-6,2,3,25,27,25,23,13,25,25,22,10,15
2025-10-25,6390496,final,FALSE,Louisiana Tech,,7-17,Missouri St.,,10-11,0,3,20,25,16,25,17,25,,,,
2025-10-25,6390799,final,FALSE,Iowa St.,,16-4,Colorado,,18-3,1,3,22,25,23,25,25,16,23,25,,
2025-10-25,6390852,final,FALSE,SFA,,14-7,Northwestern St.,,1-23,3,0,25,17,25,23,25,12,,,,
2025-10-25,6390875,final,FALSE,Yale,,9-7,Brown,,11-6,2,3,21,25,25,19,25,23,22,25,15,17
2025-10-25,6390898,final,FALSE,The Citadel,,0-20,Wofford,,11-10,0,3,15,25,14,25,17,25,,,,
2025-10-25,6391336,final,FALSE,Texas Tech,,9-12,UCF,,12-8,3,1,17,25,25,21,25,18,25,23,,
2025-10-25,6391603,final,FALSE,Oregon St.,,13-6,LMU (CA),,5-13,3,0,25,15,25,19,25,21,,,,
2025-10-25,6391783,final,FALSE,Bowling Green,,12-11,Western Mich.,,11-13,2,3,25,23,19,25,25,21,12,25,8,15
2025-10-25,6392141,final,FALSE,Southern Ill.,,10-14,Valparaiso,,17-6,0,3,18,25,21,25,19,25,,,,
2025-10-25,6392708,final,FALSE,New Haven,,3-19,Chicago St.,,1-19,1,3,14,25,22,25,25,23,13,25,,
2025-10-25,6392941,final,FALSE,Stonehill,,4-21,Mercyhurst,,7-15,1,3,18,25,25,18,17,25,23,25,,
2025-10-25,6392988,final,FALSE,BYU,,17-4,TCU,,16-5,3,1,25,21,25,19,19,25,25,23,,
2025-10-25,6393236,final,FALSE,Rhode Island,,3-20,Duquesne,,13-10,0,3,17,25,20,25,18,25,,,,
2025-10-25,6393402,final,FALSE,Utah Tech,,15-5,Utah Valley,,10-9,0,3,22,25,22,25,20,25,,,,
2025-10-25,6393790,final,FALSE,Sam Houston,,8-15,Jacksonville St.,,11-11,1,3,25,14,15,25,22,25,17,25,,
2025-10-25,6394125,final,FALSE,Pepperdine,,13-7,Pacific,,7-13,3,1,23,25,25,15,25,18,25,18,,
2025-10-25,6394192,final,FALSE,Eastern Ill.,,14-6,Little Rock,,11-11,3,2,11,25,25,19,23,25,28,26,15,10
2025-10-25,6394299,final,FALSE,UNCW,,3-17,Col. of Charleston,,15-7,0,3,21,25,16,25,22,25,,,,
2025-10-25,6394791,final,FALSE,Lamar University,,14-11,East Texas A&M,,6-15,3,2,22,25,33,31,20,25,25,12,15,4
2025-10-25,6395014,final,FALSE,Gonzaga,,11-9,San Francisco,,3-16,3,2,25,17,24,26,20,25,27,25,18,16
2025-10-25,6395836,final,FALSE,Radford,,8-15,Gardner-Webb,,10-15,1,3,25,17,25,27,21,25,25,27,,
2025-10-25,6395953,final,FALSE,Bucknell,,7-13,American,,17-4,0,3,17,25,13,25,18,25,,,,
2025-10-25,6396567,final,FALSE,Lehigh,,9-11,Navy,,10-10,1,3,21,25,20,25,25,21,15,25,,
2025-10-25,6397123,final,FALSE,ULM,,9-15,Texas St.,,10-11,0,3,15,25,16,25,18,25,,,,
2025-10-25,6397430,final,FALSE,Kansas City,,3-20,North Dakota St.,,12-7,0,3,17,25,16,25,14,25,,,,
2025-10-25,6397799,final,FALSE,Marquette,,12-8,Villanova,,16-5,1,3,35,33,19,25,13,25,19,25,,
2025-10-25,6398003,final,FALSE,SIUE,,11-11,Southern Ind.,,11-11,0,3,18,25,23,25,22,25,,,,
2025-10-25,6398055,final,FALSE,Creighton,,17-5,UConn,,15-6,3,0,25,19,25,22,25,7,,,,
2025-10-25,6398066,final,FALSE,Illinois St.,,8-14,Drake,,11-10,1,3,21,25,22,25,25,14,22,25,,
2025-10-25,6398334,final,FALSE,North Dakota,,6-15,South Dakota,,15-7,0,3,16,25,18,25,22,25,,,,
2025-10-25,6399111,final,FALSE,Northeastern,,7-12,William & Mary,,8-13,0,3,24,26,19,25,20,25,,,,
2025-10-25,6400476,final,FALSE,CSU Bakersfield,,5-17,Long Beach St.,,15-6,2,3,25,16,25,22,22,25,13,25,9,15
2025-10-25,6400600,final,FALSE,Arizona St.,,17-2,Arizona,,11-8,3,1,25,18,22,25,25,16,25,16,,
2025-10-25,6400862,final,FALSE,Middle Tenn.,,10-12,New Mexico St.,,13-10,1,3,22,25,25,22,20,25,20,25,,
2025-10-25,6400951,final,FALSE,UNC Asheville,,7-15,Charleston So.,,13-10,0,3,18,25,18,25,16,25,,,,
2025-10-25,6400956,final,FALSE,UC Riverside,,7-13,UC Santa Barbara,,15-7,1,3,25,23,23,25,16,25,24,26,,
2025-10-25,6401918,final,FALSE,California Baptist,,6-14,Tarleton St.,,11-8,1,3,22,25,12,25,26,24,20,25,,
2025-10-25,6403266,final,FALSE,Idaho St.,,7-13,Montana St.,,11-9,0,3,18,25,22,25,21,25,,,,
2025-10-25,6403585,final,FALSE,Lafayette,,4-16,Loyola Maryland,,6-14,1,3,25,16,20,25,23,25,21,25,,
2025-10-25,6403826,final,FALSE,Colgate,,15-7,Army West Point,,14-5,2,3,25,19,25,22,23,25,21,25,11,15
2025-10-25,6403856,final,FALSE,Seton Hall,,6-15,Xavier,,20-2,0,3,15,25,13,25,19,25,,,,
2025-10-25,6405254,final,FALSE,Fordham,,7-14,Saint Louis,,12-10,0,3,24,26,21,25,22,25,,,,
2025-10-25,6405324,final,FALSE,St. John's (NY),,6-17,Butler,,11-12,2,3,25,17,25,20,21,25,21,25,10,15
2025-10-25,6405630,final,FALSE,George Mason,,14-8,Dayton,,17-6,0,3,20,25,25,27,21,25,,,,
2025-10-25,6406285,final,FALSE,Fairfield,,16-5,Merrimack,,5-15,3,0,25,18,25,18,25,18,,,,
2025-10-25,6406774,final,FALSE,Tennessee St.,,1-24,Western Ill.,,7-16,0,3,16,25,18,25,18,25,,,,
2025-10-25,6407538,final,FALSE,Cal St. Fullerton,,7-15,Hawaii,,8-13,0,3,19,25,28,30,14,25,,,,
2025-10-25,6407815,final,FALSE,Campbell,,16-5,Stony Brook,,8-11,3,1,24,26,26,24,25,18,25,15,,
2025-10-25,6408257,final,FALSE,N.C. A&T,,11-8,Elon,,5-16,3,0,30,28,26,24,25,20,,,,
2025-10-25,6408792,final,FALSE,CSUN,,13-8,UC San Diego,,4-18,3,1,25,19,25,20,23,25,25,20,,
2025-10-25,6408948,final,FALSE,Miami (OH),,11-12,Toledo,,17-6,1,3,23,25,25,20,17,25,15,25,,
2025-10-25,6409150,final,FALSE,Houston Christian,,11-12,Southeastern La.,,16-6,0,3,22,25,20,25,17,25,,,,
2025-10-25,6409194,final,FALSE,Ohio,,8-15,Ball St.,,14-9,3,0,25,22,25,14,25,19,,,,
2025-10-25,6409830,final,FALSE,High Point,,10-9,Winthrop,,13-6,1,3,38,36,23,25,22,25,18,25,,
2025-10-25,6409955,final,FALSE,Wright St.,,15-7,Green Bay,,8-14,3,1,22,25,25,23,25,21,25,17,,
2025-10-25,6410991,final,FALSE,Idaho,,4-17,Portland St.,,9-11,2,3,25,14,25,19,22,25,17,25,10,15
2025-10-25,6411181,final,FALSE,FIU,,14-9,Liberty,,16-7,3,1,25,20,25,22,23,25,25,19,,
2025-10-25,6411270,final,FALSE,Wyoming,,10-11,Colorado St.,,14-6,0,3,15,25,17,25,18,25,,,,
2025-10-25,6411436,final,FALSE,Eastern Wash.,,2-19,Sacramento St.,,13-8,0,3,16,25,16,25,16,25,,,,
2025-10-25,6411466,final,FALSE,Maryland,,8-12,UCLA,,12-8,0,3,15,25,22,25,20,25,,,,
2025-10-25,6411561,final,FALSE,San Diego St.,,12-9,Boise St.,,14-7,3,1,25,14,25,20,20,25,25,20,,
2025-10-25,6413589,final,FALSE,Delaware,,7-12,Kennesaw St.,,14-6,1,3,22,25,25,22,23,25,22,25,,
2025-10-25,6414153,final,FALSE,Air Force,,11-11,Nevada,,7-13,0,3,15,25,24,26,26,28,,,,
2025-10-25,6414446,final,FALSE,NIU,,10-10,Akron,,11-11,1,3,26,28,25,20,20,25,17,25,,
2025-10-25,6414770,final,FALSE,Siena,,10-15,Canisius,,10-11,2,3,13,25,25,23,23,25,30,28,16,18
2025-10-25,6415318,final,FALSE,Portland,,10-10,Saint Mary's (CA),,7-13,2,3,25,18,15,25,25,22,20,25,12,15
2025-10-25,6416995,final,FALSE,DePaul,,12-9,Georgetown,,13-10,0,3,23,25,18,25,23,25,,,,
2025-10-25,6417132,final,FALSE,Marshall,,12-11,Georgia St.,,12-9,0,3,16,25,16,25,22,25,,,,
2025-10-25,6417212,final,FALSE,A&M-Corpus Christi,,9-13,McNeese,,6-16,3,1,25,21,26,28,25,12,25,19,,
2025-10-25,6417269,final,FALSE,Weber St.,,12-8,Montana,,14-6,1,3,15,25,14,25,25,21,25,27,,
2025-10-25,6417917,final,FALSE,Robert Morris,,7-15,Cleveland St.,,5-17,3,0,25,23,25,19,25,23,,,,
2025-10-25,6418328,final,FALSE,Grand Canyon,,13-8,Fresno St.,,6-15,3,0,25,19,25,21,25,22,,,,
2025-10-25,6418336,final,FALSE,UIW,,11-11,New Orleans,,7-16,3,0,25,7,25,7,25,22,,,,
2025-10-25,6418504,final,FALSE,Washington St.,,12-7,San Diego,,16-4,2,3,25,23,25,21,22,25,10,25,8,15
2025-10-25,6420185,final,FALSE,Sacred Heart,,8-15,Quinnipiac,,12-11,1,3,15,25,21,25,25,20,12,25,,
2025-10-25,6420497,final,FALSE,Purdue Fort Wayne,,3-19,Northern Ky.,,14-8,0,3,12,25,19,25,17,25,,,,
2025-10-25,6420712,final,FALSE,Loyola Chicago,,11-12,VCU,,10-9,2,3,21,25,25,19,25,15,12,25,17,19
2025-10-25,6421222,final,FALSE,App State,,13-8,Coastal Carolina,,16-6,2,3,27,25,11,25,18,25,25,22,11,15
2025-10-25,6422149,final,FALSE,UNLV,,10-10,Utah St.,,13-7,1,3,28,26,16,25,24,26,21,25,,
2025-10-25,6422243,final,FALSE,Rider,,9-13,Manhattan,,3-18,1,3,21,25,23,25,25,20,23,25,,
2025-10-25,6422384,final,FALSE,Evansville,,6-16,Murray St.,,4-15,2,3,15,25,25,20,25,19,18,25,11,15
2025-10-25,6423011,final,FALSE,UTRGV,,14-7,Nicholls,,11-12,3,0,25,17,25,14,25,19,,,,
2025-10-25,6423386,final,FALSE,Michigan St.,,15-5,Nebraska,,20-0,0,3,15,25,15,25,18,25,,,,
2025-10-25,6423663,final,FALSE,Dartmouth,,5-13,Harvard,,4-12,1,3,25,22,21,25,9,25,22,25,,
2025-10-25,6425212,final,FALSE,George Washington,,13-10,Davidson,,10-11,1,3,11,25,16,25,25,22,16,25,,
2025-10-25,6425671,final,FALSE,Morehead St.,,16-5,Southeast Mo. St.,,12-12,3,0,25,15,25,19,26,24,,,,
2025-10-25,6426318,final,FALSE,Central Conn. St.,,5-16,Le Moyne,,4-17,0,3,22,25,19,25,19,25,,,,
2025-10-25,6427201,final,FALSE,Abilene Christian,,9-14,Southern Utah,,2-16,3,1,26,24,20,25,25,17,27,25,,
2025-10-25,6427223,final,FALSE,Saint Francis,,13-7,FDU,,15-9,0,3,20,25,22,25,27,29,,,,
2025-10-25,6428291,final,FALSE,New Mexico,,9-12,San Jose St.,,10-11,1,3,25,19,25,27,14,25,17,25,,
2025-10-25,6429758,final,FALSE,Columbia,,2-16,Cornell,,12-6,1,3,18,25,20,25,26,24,14,25,,
2025-10-25,6435549,final,FALSE,Oral Roberts,,2-20,Omaha,,7-12,0,3,21,25,19,25,15,25,,,,
2025-10-25,6485316,final,FALSE,Marist,,7-16,Niagara,,9-10,0,3,24,26,17,25,22,25,,,,
2025-10-26,6387247,final,FALSE,Georgia,,14-6,Missouri,,15-7,1,3,22,25,25,22,14,25,24,26,,
2025-10-26,6387347,final,FALSE,Northwestern,,13-9,Indiana,,16-4,0,3,17,25,21,25,24,26,,,,
2025-10-26,6388607,final,FALSE,Rutgers,,10-12,Iowa,,12-10,2,3,25,20,26,24,16,25,25,27,9,15
2025-10-26,6389322,final,FALSE,Coppin St.,,16-9,Norfolk St.,,2-20,3,0,25,20,25,20,25,21,,,,
2025-10-26,6389532,final,FALSE,Texas Southern,,7-16,Alabama St.,,8-14,1,3,25,22,20,25,17,25,16,25,,
2025-10-26,6390187,final,FALSE,Wake Forest,,9-12,Pittsburgh,,17-3,0,3,13,25,17,25,13,25,,,,
2025-10-26,6390966,final,FALSE,NC State,,10-10,SMU,,16-4,0,3,20,25,17,25,7,25,,,,
2025-10-26,6391082,final,FALSE,UTSA,,11-10,Tulsa,,18-4,0,3,16,25,18,25,10,25,,,,
2025-10-26,6391540,final,FALSE,California,,6-14,Clemson,,13-9,0,3,21,25,19,25,18,25,,,,
2025-10-26,6393029,final,FALSE,Binghamton,,9-12,UMBC,,7-10,0,3,15,25,17,25,17,25,,,,
2025-10-26,6393776,final,FALSE,Memphis,,10-15,Temple,,13-11,1,3,16,25,25,23,21,25,17,25,,
2025-10-26,6393847,final,FALSE,Alcorn,,2-20,Jackson St.,,9-11,0,3,18,25,19,25,10,25,,,,
2025-10-26,6393929,final,FALSE,Bellarmine,,10-12,North Ala.,,12-11,1,3,20,25,25,21,11,25,15,25,,
2025-10-26,6394624,final,FALSE,Virginia,,10-10,Miami (FL),,17-4,1,3,15,25,25,19,11,25,20,25,,
2025-10-26,6394705,final,FALSE,Howard,,11-9,Morgan St.,,9-10,1,3,21,25,25,21,25,27,24,26,,
2025-10-26,6396152,final,FALSE,Kentucky,,16-2,Alabama,,10-10,3,0,25,18,25,22,25,17,,,,
2025-10-26,6396912,final,FALSE,Penn St.,,13-7,Ohio St.,,3-15,3,1,22,25,25,23,25,17,25,18,,
2025-10-26,6398072,final,FALSE,Providence,,10-13,UConn,,16-6,1,3,22,25,25,22,20,25,20,25,,
2025-10-26,6398973,final,FALSE,Louisville,,16-4,North Carolina,,16-3,3,1,25,10,25,23,22,25,26,24,,
2025-10-26,6399027,final,FALSE,South Fla.,,13-8,Charlotte,,15-7,3,1,25,15,25,21,21,25,25,21,,
2025-10-26,6399195,final,FALSE,South Carolina,,8-12,Vanderbilt,,5-14,3,1,25,22,22,25,25,21,25,23,,
2025-10-26,6401367,final,FALSE,Jacksonville,,18-4,FGCU,,13-8,3,1,25,18,25,22,17,25,26,24,,
2025-10-26,6401933,final,FALSE,Bethune-Cookman,,12-11,Grambling,,4-16,3,1,25,15,18,25,25,19,25,20,,
2025-10-26,6402014,final,FALSE,Texas,,18-0,LSU,,10-11,3,0,27,25,25,21,25,18,,,,
2025-10-26,6402646,final,FALSE,West Ga.,,2-21,Lipscomb,,10-10,0,3,17,25,20,25,16,25,,,,
2025-10-26,6403874,final,FALSE,Holy Cross,,7-20,Army West Point,,15-5,0,3,16,25,24,26,16,25,,,,
2025-10-26,6404473,final,FALSE,N.C. Central,,7-15,UMES,,8-14,3,0,25,18,25,21,25,23,,,,
2025-10-26,6406395,final,FALSE,Florida,,12-7,Arkansas,,5-16,3,0,25,16,25,22,25,20,,,,
2025-10-26,6407353,final,FALSE,Prairie View,,13-11,Alabama A&M,,14-8,3,2,25,27,25,18,23,25,25,17,15,12
2025-10-26,6408455,final,FALSE,Virginia Tech,,9-12,Florida St.,,11-8,0,3,23,25,12,25,21,25,,,,
2025-10-26,6408918,final,FALSE,North Texas,,17-5,Wichita St.,,14-8,3,2,25,23,25,20,14,25,23,25,16,14
2025-10-26,6410180,final,FALSE,Southern U.,,11-12,Mississippi Val.,,3-15,3,0,25,22,25,13,25,19,,,,
2025-10-26,6410526,final,FALSE,North Florida,,8-15,Stetson,,8-14,2,3,28,26,25,18,17,25,24,26,9,15
2025-10-26,6414309,final,FALSE,Stanford,,18-3,Georgia Tech,,10-9,3,0,25,21,25,23,25,14,,,,
2025-10-26,6414840,final,FALSE,Auburn,,15-6,Oklahoma,,12-8,3,1,25,21,19,25,25,20,25,17,,
2025-10-26,6421727,final,FALSE,NJIT,,4-18,New Hampshire,,9-11,1,3,25,22,17,25,13,25,15,25,,
2025-10-26,6422615,final,FALSE,Fla. Atlantic,,16-7,UAB,,8-14,3,0,25,19,25,17,25,18,,,,
2025-10-26,6422674,final,FALSE,Texas A&M,,17-3,Ole Miss,,10-11,3,0,25,23,25,23,25,14,,,,
2025-10-26,6422841,final,FALSE,Washington,,9-11,Southern California,,15-5,1,3,20,25,25,27,25,21,15,25,,
2025-10-26,6423202,final,FALSE,Minnesota,,16-5,Purdue,,17-3,2,3,25,19,25,17,25,27,21,25,16,18
2025-10-26,6423446,final,FALSE,Tulane,,9-12,Rice,,13-8,1,3,25,22,11,25,12,25,16,25,,
2025-10-26,6423644,final,FALSE,Florida A&M,,6-15,Ark.-Pine Bluff,,1-23,3,0,25,23,25,9,25,15,,,,
2025-10-26,6425365,final,FALSE,Wisconsin,,15-3,Oregon,,13-7,3,1,26,28,25,23,25,22,27,25,,
2025-10-26,6426355,final,FALSE,South Carolina St.,,5-17,Delaware St.,,9-14,2,3,23,25,14,25,25,19,25,20,9,15
2025-10-26,6426966,final,FALSE,Notre Dame,,8-10,Duke,,5-16,3,0,25,13,25,18,25,23,,,,
2025-10-26,6427308,final,FALSE,Tennessee,,16-3,Mississippi St.,,14-6,3,1,18,25,25,14,25,18,25,19,,
2025-10-26,6428337,final,FALSE,Bryant,,13-10,UAlbany,,12-9,2,3,25,22,25,21,23,25,17,25,13,15
2025-10-26,6429387,final,FALSE,Queens (NC),,15-8,Austin Peay,,4-18,3,1,25,21,17,25,25,22,25,14,,
2025-10-26,6485370,final,FALSE,Eastern Ky.,,15-7,Central Ark.,,10-10,3,0,25,20,25,20,26,24,,,,
2025-10-27,6393849,final,FALSE,Alcorn,,2-21,Mississippi Val.,,4-15,1,3,15,25,25,19,19,25,14,25,,
2025-10-27,6407357,final,FALSE,Texas Southern,,7-17,Alabama A&M,,15-8,1,3,23,25,25,21,23,25,20,25,,
2025-10-27,6410186,final,FALSE,Southern U.,,11-13,Jackson St.,,10-11,1,3,25,18,15,25,23,25,15,25,,
2025-10-27,6429749,final,FALSE,Florida A&M,,7-15,Grambling,,4-17,3,1,23,25,25,20,25,15,26,24,,
2025-10-28,6386894,final,FALSE,Iona,,9-17,Manhattan,,3-19,3,2,25,23,25,21,21,25,22,25,15,8
2025-10-28,6387485,final,FALSE,Bradley,,10-13,Illinois St.,,9-14,0,3,10,25,17,25,17,25,,,,
2025-10-28,6387899,final,FALSE,UC Riverside,,7-14,UC Davis,,14-5,0,3,11,25,21,25,18,25,,,,
2025-10-28,6388320,final,FALSE,IU Indy,,14-10,Purdue Fort Wayne,,3-20,3,0,25,13,27,25,25,12,,,,
2025-10-28,6388725,final,FALSE,Akron,,12-11,Buffalo,,7-14,3,2,25,19,10,25,21,25,25,19,15,10
2025-10-28,6389062,final,FALSE,Youngstown St.,,12-11,Robert Morris,,7-16,3,0,25,14,25,21,25,20,,,,
2025-10-28,6391722,final,FALSE,Milwaukee,,5-20,Green Bay,,8-15,3,1,28,30,25,21,25,20,26,24,,
2025-10-28,6391784,final,FALSE,Toledo,,17-7,Bowling Green,,13-11,0,3,24,26,20,25,27,29,,,,
2025-10-28,6392660,final,FALSE,Gardner-Webb,,11-15,Lees-McRae,,10-15,3,0,25,21,25,22,25,17,,,,
2025-10-28,6393361,final,FALSE,Oakland,,5-19,Cleveland St.,,6-17,1,3,25,12,22,25,18,25,22,25,,
2025-10-28,6394300,final,FALSE,Col. of Charleston,,15-8,High Point,,11-9,2,3,25,23,25,21,21,25,24,26,7,15
2025-10-28,6398021,final,FALSE,Southern Ind.,,12-11,Tennessee Tech,,9-14,3,0,25,18,25,19,25,17,,,,
2025-10-28,6400245,scheduled,FALSE,Northern Ariz.,,17-5,Utah Tech,,15-5,,,,,,,,,,,,
2025-10-28,6402974,final,FALSE,Colorado,,19-3,Northern Colo.,,9-13,3,2,22,25,28,26,25,15,21,25,15,8
2025-10-28,6403241,final,FALSE,Central Mich.,,9-15,Eastern Mich.,,12-13,0,3,13,25,14,25,21,25,,,,
2025-10-28,6403951,final,FALSE,Lindenwood,,8-10,SIUE,,12-11,1,3,19,25,23,25,25,19,20,25,,
2025-10-28,6406293,final,FALSE,Merrimack,,5-16,Quinnipiac,,13-11,1,3,23,25,18,25,26,24,20,25,,
2025-10-28,6409155,final,FALSE,Southeastern La.,,17-6,New Orleans,,7-17,3,0,25,15,25,18,25,23,,,,
2025-10-28,6409198,final,FALSE,Kent St.,,8-15,Ohio,,9-15,0,3,13,25,21,25,18,25,,,,
2025-10-28,6413888,final,FALSE,NIU,,10-11,Western Mich.,,12-13,0,3,17,25,25,27,15,25,,,,
2025-10-28,6414773,final,FALSE,Canisius,,10-12,Niagara,,10-10,0,3,19,25,24,26,17,25,,,,
2025-10-28,6417466,final,FALSE,Northern Ky.,,15-8,Wright St.,,15-8,3,0,27,25,25,21,25,16,,,,
2025-10-28,6418143,final,FALSE,Marist,,7-17,Siena,,11-15,1,3,25,22,17,25,17,25,32,34,,
2025-10-28,6418201,final,FALSE,Fairfield,,17-5,Sacred Heart,,8-16,3,0,25,21,25,19,25,13,,,,
2025-10-28,6418275,final,FALSE,Rider,,10-13,Saint Peter's,,6-17,3,0,25,16,25,13,25,22,,,,
2025-10-28,6420610,final,FALSE,Miami (OH),,11-13,Ball St.,,15-9,0,3,21,25,19,25,15,25,,,,
2025-10-28,6420720,final,FALSE,VCU,,11-9,Davidson,,10-12,3,0,25,19,25,16,25,15,,,,
2025-10-28,6426316,final,FALSE,Stonehill,,4-22,Central Conn. St.,,6-16,0,3,20,25,11,25,16,25,,,,
2025-10-29,6387354,final,FALSE,Illinois,,12-8,Minnesota,,17-5,0,3,24,26,12,25,22,25,,,,
2025-10-29,6389323,final,FALSE,UMBC,,8-10,Coppin St.,,16-10,3,2,25,27,25,19,23,25,25,13,15,3
2025-10-29,6390806,final,FALSE,Baylor,,12-7,Iowa St.,,17-4,0,3,23,25,23,25,21,25,,,,
2025-10-29,6391341,final,FALSE,UCF,,13-8,BYU,,17-5,3,1,27,25,25,21,17,25,25,21,,
2025-10-29,6392712,final,FALSE,New Haven,,3-20,LIU,,13-7,0,3,18,25,18,25,21,25,,,,
2025-10-29,6392944,final,FALSE,Saint Francis,,14-7,Mercyhurst,,7-16,3,1,25,17,22,25,25,23,25,18,,
2025-10-29,6392991,final,FALSE,TCU,,16-6,Arizona St.,,18-2,1,3,11,25,25,22,13,25,17,25,,
2025-10-29,6393238,final,FALSE,Fordham,,7-15,Rhode Island,,4-20,1,3,25,15,14,25,22,25,22,25,,
2025-10-29,6393781,final,FALSE,UAB,,9-14,Memphis,,10-16,3,1,25,14,25,20,23,25,27,25,,
2025-10-29,6393945,final,FALSE,Central Ark.,,11-10,North Ala.,,12-12,3,1,25,20,25,19,19,25,25,20,,
2025-10-29,6397813,final,FALSE,Marquette,,13-8,DePaul,,12-10,3,1,25,23,23,25,25,12,25,18,,
2025-10-29,6400625,final,FALSE,Arizona,,11-9,Texas Tech,,10-12,0,3,14,25,18,25,23,25,,,,
2025-10-29,6403225,final,FALSE,Kansas St.,,12-6,Utah,,10-11,3,1,25,16,25,21,24,26,25,23,,
2025-10-29,6408919,final,FALSE,Abilene Christian,,10-14,North Texas,,17-6,3,2,22,25,21,25,25,19,27,25,15,13
2025-10-29,6411979,final,FALSE,Auburn,,16-6,South Carolina,,8-13,3,1,21,25,25,18,25,21,25,17,,
2025-10-29,6412289,final,FALSE,Louisville,,17-4,Notre Dame,,8-11,3,0,25,21,25,19,25,23,,,,
2025-10-29,6412369,final,FALSE,Arkansas,,5-17,Oklahoma,,13-8,1,3,25,22,21,25,23,25,25,27,,
2025-10-29,6423305,final,FALSE,George Washington,,14-10,George Mason,,14-9,3,2,24,26,25,20,22,25,25,23,15,13
2025-10-29,6426474,final,FALSE,UCLA,,12-9,Southern California,,16-5,0,3,23,25,23,25,20,25,,,,
2025-10-29,6427226,final,FALSE,FDU,,16-9,Le Moyne,,4-18,3,2,25,17,23,25,22,25,25,19,15,8
2025-10-30,6386880,final,FALSE,North Dakota,,7-15,Oral Roberts,,2-21,3,1,25,21,19,25,25,20,25,19,,
2025-10-30,6387764,final,FALSE,North Dakota St.,,12-8,Denver,,14-8,1,3,20,25,22,25,25,22,22,25,,
2025-10-30,6387902,final,FALSE,Hawaii,,8-14,UC Davis,,15-5,1,3,21,25,25,22,26,28,20,25,,
2025-10-30,6389112,final,FALSE,Houston,,8-13,West Virginia,,14-7,2,3,25,22,25,20,20,25,22,25,7,15
2025-10-30,6390131,final,FALSE,Belmont,,14-8,UNI,,18-5,0,3,16,25,18,25,19,25,,,,
2025-10-30,6390317,final,FALSE,Portland St.,,9-12,Weber St.,,13-8,0,3,17,25,17,25,24,26,,,,
2025-10-30,6390862,final,FALSE,Northwestern St.,,1-24,UIW,,12-11,0,3,11,25,16,25,20,25,,,,
2025-10-30,6390899,final,FALSE,Mercer,,7-17,The Citadel,,0-21,3,0,25,22,25,21,25,22,,,,
2025-10-30,6391611,final,FALSE,Oregon St.,,14-6,Portland,,10-11,3,0,25,15,25,21,25,16,,,,
2025-10-30,6391681,final,FALSE,Kansas,,16-8,Cincinnati,,11-8,3,1,25,22,25,17,22,25,25,18,,
2025-10-30,6393408,final,FALSE,Southern Utah,,2-17,Utah Valley,,11-9,0,3,19,25,12,25,13,25,,,,
2025-10-30,6394126,final,FALSE,LMU (CA),,5-14,Pepperdine,,14-7,2,3,18,25,19,25,25,23,29,27,6,15
2025-10-30,6394792,final,FALSE,East Texas A&M,,7-15,Houston Christian,,11-13,3,0,25,22,25,19,25,21,,,,
2025-10-30,6395015,final,FALSE,San Francisco,,3-17,San Diego,,17-4,0,3,18,25,12,25,18,25,,,,
2025-10-30,6398090,final,FALSE,Drake,,12-10,Southern Ill.,,10-15,3,1,21,25,25,20,25,21,25,17,,
2025-10-30,6398208,final,FALSE,South Dakota,,16-7,St. Thomas (MN),,14-7,3,0,25,21,28,26,25,22,,,,
2025-10-30,6398492,final,FALSE,UT Martin,,2-20,Eastern Ill.,,15-6,0,3,20,25,15,25,21,25,,,,
2025-10-30,6398608,final,FALSE,Nicholls,,11-13,SFA,,15-7,0,3,9,25,19,25,15,25,,,,
2025-10-30,6401371,final,FALSE,Jacksonville,,18-5,North Florida,,9-15,2,3,25,19,19,25,24,26,27,25,16,18
2025-10-30,6401904,final,FALSE,Pacific,,7-14,Washington St.,,13-7,0,3,14,25,19,25,21,25,,,,
2025-10-30,6403269,final,FALSE,Sacramento St.,,14-8,Idaho St.,,7-14,3,1,25,17,25,20,20,25,25,16,,
2025-10-30,6408681,final,FALSE,Montana St.,,11-10,Northern Colo.,,10-13,0,3,21,25,23,25,24,26,,,,
2025-10-30,6409158,final,FALSE,New Orleans,,7-18,Southeastern La.,,18-6,0,3,11,25,18,25,24,26,,,,
2025-10-30,6410096,final,FALSE,James Madison,,17-6,South Alabama,,13-9,3,1,25,22,22,25,25,23,25,23,,
2025-10-30,6411273,final,FALSE,San Jose St.,,10-12,Wyoming,,11-11,1,3,18,25,10,25,26,24,18,25,,
2025-10-30,6411562,final,FALSE,Boise St.,,14-8,UNLV,,11-10,0,3,19,25,19,25,22,25,,,,
2025-10-30,6414154,final,FALSE,Nevada,,7-14,New Mexico,,10-12,0,3,14,25,14,25,21,25,,,,
2025-10-30,6414196,final,FALSE,McNeese,,6-17,Lamar University,,15-11,0,3,20,25,19,25,15,25,,,,
2025-10-30,6417365,final,FALSE,Air Force,,11-12,Grand Canyon,,14-8,1,3,25,17,18,25,18,25,19,25,,
2025-10-30,6418458,final,FALSE,Fresno St.,,6-16,Colorado St.,,15-6,0,3,13,25,13,25,11,25,,,,
2025-10-30,6421087,final,FALSE,A&M-Corpus Christi,,9-14,UTRGV,,15-7,1,3,13,25,23,25,25,19,23,25,,
2025-10-30,6422602,final,FALSE,Montana,,14-7,Northern Ariz.,,18-5,1,3,25,23,17,25,22,25,15,25,,
2025-10-30,6423808,final,FALSE,South Dakota St.,,17-3,Omaha,,7-13,3,2,23,25,25,14,25,18,19,25,15,11
2025-10-30,6426934,final,FALSE,Utah St.,,14-7,San Diego St.,,12-10,3,1,23,25,25,20,25,20,25,23,,
2025-10-30,6427050,final,FALSE,Tarleton St.,,12-8,UT Arlington,,11-9,3,2,25,17,19,25,27,25,21,25,15,9
2025-10-30,6427658,final,FALSE,Troy,,5-14,ULM,,10-15,1,3,21,25,25,14,24,26,18,25,,
2025-10-31,6386810,final,FALSE,Louisiana,,12-9,Arkansas St.,,15-7,0,3,21,25,11,25,19,25,,,,
2025-10-31,6386896,final,FALSE,Iona,,9-18,Quinnipiac,,14-11,0,3,17,25,19,25,14,25,,,,
2025-10-31,6387248,final,FALSE,Florida,,13-7,Georgia,,14-7,3,0,25,22,25,20,25,19,,,,
2025-10-31,6387350,final,FALSE,Indiana,,17-4,Maryland,,8-13,3,0,25,19,25,15,25,12,,,,
2025-10-31,6387648,final,FALSE,Furman,,17-6,The Citadel,,0-22,3,1,22,25,25,16,25,10,25,15,,
2025-10-31,6388321,final,FALSE,IU Indy,,15-10,Cleveland St.,,6-18,3,0,25,10,25,16,25,18,,,,
2025-10-31,6388738,final,FALSE,Buffalo,,7-15,NIU,,11-11,2,3,27,25,25,23,19,25,16,25,10,15
2025-10-31,6389066,final,FALSE,Youngstown St.,,12-12,Oakland,,6-19,0,3,23,25,26,28,22,25,,,,
2025-10-31,6389325,final,FALSE,Coppin St.,,17-10,South Carolina St.,,5-18,3,0,25,13,25,21,25,18,,,,
2025-10-31,6389534,final,FALSE,Alabama St.,,8-15,Florida A&M,,8-15,1,3,25,12,18,25,19,25,11,25,,
2025-10-31,6389576,final,FALSE,Western Ky.,,19-5,Middle Tenn.,,10-13,3,0,25,13,25,20,25,19,,,,
2025-10-31,6389981,final,FALSE,Western Caro.,,7-15,UNC Greensboro,,13-9,0,3,21,25,18,25,26,28,,,,
2025-10-31,6390078,final,FALSE,USC Upstate,,12-11,High Point,,12-9,2,3,22,25,25,23,25,18,11,25,7,15
2025-10-31,6390188,final,FALSE,California,,6-15,Wake Forest,,10-12,0,3,22,25,17,25,19,25,,,,
2025-10-31,6390465,final,FALSE,Coastal Carolina,,16-7,Ga. Southern,,17-5,1,3,13,25,12,25,25,21,13,25,,
2025-10-31,6390498,final,FALSE,New Mexico St.,,14-10,Louisiana Tech,,7-18,3,1,25,15,25,13,20,25,25,16,,
2025-10-31,6390511,final,FALSE,Princeton,,11-6,Yale,,10-7,0,3,22,25,14,25,14,25,,,,
2025-10-31,6390814,final,FALSE,Arizona St.,,18-3,Iowa St.,,18-4,2,3,25,17,17,25,27,29,25,22,12,15
2025-10-31,6390877,final,FALSE,Penn,,9-10,Brown,,12-6,1,3,15,25,26,24,20,25,17,25,,
2025-10-31,6390967,final,FALSE,SMU,,16-5,North Carolina,,17-3,2,3,19,25,25,23,22,25,25,13,13,15
2025-10-31,6391071,final,FALSE,Old Dominion,,5-17,Marshall,,13-11,0,3,20,25,21,25,14,25,,,,
2025-10-31,6391086,final,FALSE,Tulsa,,18-5,South Fla.,,14-8,0,3,18,25,16,25,19,25,,,,
2025-10-31,6391345,final,FALSE,UCF,,13-9,Utah,,11-11,0,3,17,25,19,25,22,25,,,,
2025-10-31,6391544,final,FALSE,Clemson,,13-10,Virginia Tech,,10-12,1,3,21,25,22,25,25,16,24,26,,
2025-10-31,6391559,final,FALSE,Chattanooga,,13-10,Wofford,,12-10,0,3,20,25,17,25,10,25,,,,
2025-10-31,6391720,final,FALSE,Purdue Fort Wayne,,3-21,Milwaukee,,6-20,1,3,22,25,13,25,25,20,21,25,,
2025-10-31,6391786,final,FALSE,Bowling Green,,13-12,Miami (OH),,12-13,2,3,22,25,29,27,18,25,27,25,13,15
2025-10-31,6392144,final,FALSE,Valparaiso,,18-6,Indiana St.,,9-14,3,0,25,14,25,21,25,16,,,,
2025-10-31,6392713,final,FALSE,Le Moyne,,4-19,New Haven,,4-20,0,3,23,25,14,25,21,25,,,,
2025-10-31,6392993,final,FALSE,TCU,,16-7,Arizona,,12-9,0,3,16,25,23,25,24,26,,,,
2025-10-31,6393793,final,FALSE,Memphis,,10-17,North Texas,,18-6,0,3,16,25,21,25,22,25,,,,
2025-10-31,6393798,final,FALSE,Jacksonville St.,,11-12,FIU,,15-9,2,3,25,23,25,17,26,28,8,25,13,15
2025-10-31,6394193,final,FALSE,Morehead St.,,17-5,Little Rock,,11-12,3,1,28,26,26,24,21,25,25,17,,
2025-10-31,6394626,final,FALSE,Boston College,,15-8,Miami (FL),,18-4,0,3,22,25,19,25,16,25,,,,
2025-10-31,6394706,final,FALSE,Delaware St.,,9-15,Howard,,12-9,0,3,20,25,13,25,22,25,,,,
2025-10-31,6395851,final,FALSE,UNC Asheville,,8-15,Radford,,8-16,3,0,25,19,25,20,25,23,,,,
2025-10-31,6395977,final,FALSE,American,,18-4,Army West Point,,15-6,3,0,25,19,25,7,25,19,,,,
2025-10-31,6396181,final,FALSE,Vanderbilt,,5-15,Kentucky,,17-2,0,3,13,25,16,25,21,25,,,,
2025-10-31,6396584,final,FALSE,Navy,,11-10,Holy Cross,,7-21,3,2,25,19,25,16,23,25,21,25,15,13
2025-10-31,6396925,final,FALSE,Rutgers,,11-12,Ohio St.,,3-16,3,0,25,17,25,17,25,19,,,,
2025-10-31,6397271,final,FALSE,Texas St.,,11-11,Southern Miss.,,14-8,3,1,23,25,25,23,25,20,26,24,,
2025-10-31,6398091,final,FALSE,UConn,,16-7,St. John's (NY),,7-17,1,3,25,15,16,25,17,25,22,25,,
2025-10-31,6398514,final,FALSE,UT Martin,,2-21,Eastern Ill.,,16-6,1,3,12,25,14,25,25,20,21,25,,
2025-10-31,6400104,final,FALSE,Villanova,,16-6,Xavier,,21-2,0,3,16,25,22,25,20,25,,,,
2025-10-31,6400308,final,FALSE,Long Beach St.,,16-6,Cal St. Fullerton,,7-16,3,0,25,16,25,23,25,21,,,,
2025-10-31,6400959,final,FALSE,UC Santa Barbara,,16-7,CSUN,,13-9,3,0,25,22,25,23,25,23,,,,
2025-10-31,6400960,final,FALSE,Charleston So.,,14-10,Gardner-Webb,,11-16,3,1,16,25,25,15,25,23,25,22,,
2025-10-31,6401948,final,FALSE,Alabama A&M,,15-9,Bethune-Cookman,,13-11,1,3,18,25,20,25,25,18,21,25,,
2025-10-31,6402023,final,FALSE,Texas,,18-1,Texas A&M,,18-3,2,3,19,25,23,25,25,17,25,19,13,15
2025-10-31,6402254,final,FALSE,UAlbany,,12-10,Binghamton,,10-12,1,3,22,25,25,27,25,19,24,26,,
2025-10-31,6402652,final,FALSE,Lipscomb,,10-11,Eastern Ky.,,16-7,1,3,25,15,24,26,20,25,21,25,,
2025-10-31,6402983,final,FALSE,Baylor,,12-8,Colorado,,20-3,1,3,25,14,19,25,15,25,20,25,,
2025-10-31,6403231,final,FALSE,Kansas St.,,12-7,BYU,,18-5,0,3,16,25,18,25,9,25,,,,
2025-10-31,6403247,final,FALSE,Ohio,,10-15,Central Mich.,,9-16,3,0,29,27,25,21,25,23,,,,
2025-10-31,6403588,final,FALSE,Loyola Maryland,,6-15,Colgate,,16-7,0,3,17,25,18,25,23,25,,,,
2025-10-31,6403861,final,FALSE,Providence,,11-13,Seton Hall,,6-16,3,2,25,17,23,25,25,21,19,25,15,11
2025-10-31,6403954,final,FALSE,Western Ill.,,7-17,Lindenwood,,9-10,1,3,18,25,15,25,30,28,23,25,,
2025-10-31,6404474,final,FALSE,UMES,,9-14,Norfolk St.,,2-21,3,2,24,26,26,24,18,25,25,7,15,5
2025-10-31,6405084,final,FALSE,UTSA,,11-11,Tulane,,10-12,2,3,25,19,16,25,20,25,25,17,15,17
2025-10-31,6405264,final,FALSE,Saint Louis,,12-11,Duquesne,,14-10,0,3,21,25,21,25,16,25,,,,
2025-10-31,6405639,final,FALSE,Dayton,,18-6,Loyola Chicago,,11-13,3,0,25,23,25,21,25,9,,,,
2025-10-31,6406280,final,FALSE,Charlotte,,15-8,Temple,,14-11,1,3,21,25,26,24,18,25,18,25,,
2025-10-31,6406296,final,FALSE,Manhattan,,3-20,Merrimack,,6-16,1,3,21,25,23,25,25,17,21,25,,
2025-10-31,6407593,final,FALSE,Eastern Mich.,,12-14,Akron,,13-11,2,3,21,25,21,25,25,22,25,21,6,15
2025-10-31,6407819,final,FALSE,Stony Brook,,9-11,Towson,,20-4,3,1,20,25,25,23,25,23,25,20,,
2025-10-31,6408163,final,FALSE,DePaul,,12-11,Creighton,,18-5,0,3,16,25,18,25,15,25,,,,
2025-10-31,6408260,final,FALSE,Elon,,5-17,Campbell,,17-5,0,3,20,25,22,25,13,25,,,,
2025-10-31,6408557,final,FALSE,UIC,,14-7,Evansville,,6-17,3,0,25,17,25,14,25,22,,,,
2025-10-31,6408793,final,FALSE,UC Irvine,,10-13,UC San Diego,,4-19,3,0,25,21,28,26,25,23,,,,
2025-10-31,6408950,final,FALSE,Western Mich.,,12-14,Toledo,,18-7,1,3,23,25,18,25,25,23,20,25,,
2025-10-31,6409777,final,FALSE,Stetson,,9-14,West Ga.,,2-22,3,1,25,17,26,24,23,25,25,21,,
2025-10-31,6409958,final,FALSE,Green Bay,,8-16,Northern Ky.,,16-8,0,3,22,25,23,25,20,25,,,,
2025-10-31,6410098,final,FALSE,James Madison,,18-6,South Alabama,,13-10,3,2,16,25,25,20,18,25,25,18,15,9
2025-10-31,6410448,final,FALSE,Kennesaw St.,,15-6,Sam Houston,,8-16,3,2,20,25,25,14,26,24,24,26,15,10
2025-10-31,6412175,final,FALSE,William & Mary,,9-13,UNCW,,3-18,3,0,26,24,25,21,25,18,,,,
2025-10-31,6412194,final,FALSE,Missouri St.,,10-12,UTEP,,20-3,1,3,11,25,19,25,25,21,17,25,,
2025-10-31,6412853,final,FALSE,Syracuse,,13-8,Florida St.,,12-8,1,3,18,25,23,25,25,19,14,25,,
2025-10-31,6413602,final,FALSE,Liberty,,17-7,Delaware,,7-13,3,1,26,28,25,23,25,10,25,17,,
2025-10-31,6414247,final,FALSE,Cal Poly,,18-5,CSU Bakersfield,,5-18,3,0,25,18,25,19,25,16,,,,
2025-10-31,6414310,final,FALSE,Stanford,,19-3,NC State,,10-11,3,1,25,21,21,25,25,18,25,12,,
2025-10-31,6414754,final,FALSE,Samford,,9-13,ETSU,,17-5,1,3,19,25,12,25,25,22,18,25,,
2025-10-31,6414777,final,FALSE,Canisius,,10-13,Saint Peter's,,7-17,2,3,25,19,25,12,23,25,14,25,10,15
2025-10-31,6415337,final,FALSE,Mississippi St.,,15-6,LSU,,10-12,3,1,20,25,25,18,25,16,25,21,,
2025-10-31,6416999,final,FALSE,Georgetown,,13-11,Butler,,12-12,1,3,33,31,21,25,18,25,16,25,,
2025-10-31,6417379,final,FALSE,Tennessee Tech,,10-14,SIUE,,12-12,3,1,25,20,25,20,18,25,25,16,,
2025-10-31,6417683,final,FALSE,Penn St.,,13-8,Michigan,,15-7,2,3,25,21,21,25,28,26,22,25,12,15
2025-10-31,6417847,final,FALSE,Georgia Tech,,11-9,Virginia,,10-11,3,2,26,24,25,23,14,25,20,25,15,5
2025-10-31,6417922,final,FALSE,Wright St.,,15-9,Robert Morris,,8-16,1,3,21,25,24,26,25,15,24,26,,
2025-10-31,6418147,final,FALSE,Fairfield,,18-5,Siena,,11-16,3,1,22,25,25,22,25,19,25,15,,
2025-10-31,6418423,final,FALSE,Morgan St.,,9-11,N.C. Central,,8-15,2,3,19,25,25,23,25,22,14,25,8,15
2025-10-31,6419060,final,FALSE,Pittsburgh,,18-3,Duke,,5-17,3,0,25,18,25,15,25,13,,,,
2025-10-31,6420722,final,FALSE,VCU,,12-9,George Washington,,14-11,3,1,27,25,14,25,25,12,25,12,,
2025-10-31,6421944,final,FALSE,Wichita St.,,15-8,Fla. Atlantic,,16-8,3,1,25,22,25,19,15,25,25,18,,
2025-10-31,6422245,final,FALSE,Niagara,,10-11,Rider,,11-13,1,3,22,25,17,25,27,25,18,25,,
2025-10-31,6422637,final,FALSE,Chicago St.,,1-20,Stonehill,,5-22,1,3,25,23,20,25,12,25,11,25,,
2025-10-31,6422675,final,FALSE,Alabama,,10-11,Ole Miss,,11-11,2,3,25,23,28,26,17,25,19,25,10,15
2025-10-31,6422843,final,FALSE,Oregon,,13-8,Washington,,10-11,0,3,22,25,19,25,16,25,,,,
2025-10-31,6423119,final,FALSE,Presbyterian,,6-16,Winthrop,,14-6,0,3,24,26,18,25,13,25,,,,
2025-10-31,6423387,final,FALSE,Purdue,,18-3,Michigan St.,,15-6,3,2,25,22,25,16,25,27,23,25,15,12
2025-10-31,6423447,final,FALSE,Rice,,14-8,East Carolina,,11-11,3,0,25,20,25,17,25,16,,,,
2025-10-31,6423500,final,FALSE,Iowa,,12-11,Northwestern,,14-9,2,3,22,25,19,25,25,23,25,18,10,15
2025-10-31,6423666,final,FALSE,Cornell,,12-7,Dartmouth,,6-13,2,3,22,25,17,25,25,20,25,14,17,19
2025-10-31,6423933,final,FALSE,Ball St.,,16-9,Kent St.,,8-16,3,1,25,20,18,25,25,19,25,17,,
2025-10-31,6425179,final,FALSE,Lafayette,,4-17,Lehigh,,10-11,0,3,25,27,22,25,11,25,,,,
2025-10-31,6425366,final,FALSE,Nebraska,,21-0,Wisconsin,,15-4,3,0,25,22,25,19,25,13,,,,
2025-10-31,6426304,final,FALSE,Mercyhurst,,7-17,Central Conn. St.,,7-16,1,3,19,25,23,25,25,18,17,25,,
2025-10-31,6426782,final,FALSE,Georgia St.,,13-9,App State,,13-9,3,2,31,29,25,23,19,25,15,25,15,13
2025-10-31,6427069,final,FALSE,Murray St.,,4-16,Illinois St.,,10-14,0,3,16,25,16,25,17,25,,,,
2025-10-31,6427655,final,FALSE,Troy,,6-14,ULM,,10-16,3,0,25,15,25,19,25,12,,,,
2025-10-31,6427718,final,FALSE,Southeast Mo. St.,,13-12,Tennessee St.,,1-25,3,0,25,18,25,18,25,10,,,,
2025-10-31,6427993,final,FALSE,Missouri,,16-7,Tennessee,,16-4,3,1,25,21,23,25,25,23,25,17,,
2025-10-31,6428563,final,FALSE,FGCU,,14-8,Queens (NC),,15-9,3,1,22,25,25,15,26,24,33,31,,
2025-10-31,6428667,final,FALSE,Columbia,,2-17,Harvard,,5-12,0,3,22,25,24,26,13,25,,,,
2025-10-31,6428700,final,FALSE,LIU,,13-8,Saint Francis,,15-7,1,3,25,22,20,25,18,25,21,25,,
2025-10-31,6428707,final,FALSE,New Hampshire,,9-12,Bryant,,14-10,1,3,17,25,20,25,25,20,24,26,,
2025-10-31,6428920,final,FALSE,Austin Peay,,4-19,Bellarmine,,11-12,1,3,25,23,20,25,18,25,15,25,,
2025-10-31,6429328,final,FALSE,Sacred Heart,,8-17,Marist,,8-17,1,3,22,25,26,24,20,25,17,25,,
2025-11-01,6386813,final,FALSE,Louisiana,,12-10,Arkansas St.,,16-7,1,3,21,25,25,22,26,28,14,25,,
2025-11-01,6386885,final,FALSE,North Dakota St.,,13-8,Oral Roberts,,2-22,3,0,26,24,25,19,25,16,,,,
2025-11-01,6386898,final,FALSE,Iona,,9-19,Merrimack,,7-16,0,3,24,26,20,25,21,25,,,,
2025-11-01,6387486,final,FALSE,Murray St.,,4-17,Bradley,,11-13,0,3,16,25,12,25,21,25,,,,
2025-11-01,6387651,final,FALSE,Furman,,17-7,Mercer,,8-17,1,3,24,26,25,15,24,26,23,25,,
2025-11-01,6387766,final,FALSE,North Dakota,,7-16,Denver,,15-8,0,3,22,25,16,25,23,25,,,,
2025-11-01,6388325,final,FALSE,IU Indy,,16-10,Cleveland St.,,6-19,3,0,25,7,25,18,25,19,,,,
2025-11-01,6388740,final,FALSE,Buffalo,,8-15,NIU,,11-12,3,0,25,16,26,24,34,32,,,,
2025-11-01,6389068,final,FALSE,Youngstown St.,,12-13,Oakland,,7-19,1,3,25,20,18,25,23,25,23,25,,
2025-11-01,6389118,final,FALSE,Houston,,8-14,Cincinnati,,12-8,0,3,22,25,22,25,17,25,,,,
2025-11-01,6389581,final,FALSE,Western Ky.,,20-5,Middle Tenn.,,10-14,3,0,25,23,25,17,25,17,,,,
2025-11-01,6389715,final,FALSE,Portland,,10-12,Santa Clara,,12-9,2,3,15,25,20,25,25,20,27,25,13,15
2025-11-01,6389983,final,FALSE,Chattanooga,,13-11,UNC Greensboro,,14-9,0,3,25,27,22,25,21,25,,,,
2025-11-01,6390081,final,FALSE,USC Upstate,,13-11,Radford,,8-17,3,1,25,15,22,25,25,18,25,14,,
2025-11-01,6390133,final,FALSE,UNI,,19-5,Southern Ill.,,10-16,3,1,25,17,28,26,23,25,25,20,,
2025-11-01,6390318,final,FALSE,Sacramento St.,,15-8,Weber St.,,13-9,3,0,25,16,26,24,25,17,,,,
2025-11-01,6390466,final,FALSE,Coastal Carolina,,16-8,Ga. Southern,,18-5,0,3,22,25,20,25,23,25,,,,
2025-11-01,6390499,final,FALSE,New Mexico St.,,14-11,Louisiana Tech,,8-18,0,3,14,25,21,25,23,25,,,,
2025-11-01,6390865,final,FALSE,Northwestern St.,,1-25,Houston Christian,,12-13,0,3,17,25,18,25,15,25,,,,
2025-11-01,6391072,final,FALSE,Old Dominion,,5-18,Marshall,,14-11,0,3,23,25,17,25,13,25,,,,
2025-11-01,6391560,final,FALSE,Samford,,9-14,Wofford,,13-10,0,3,20,25,13,25,13,25,,,,
2025-11-01,6391683,final,FALSE,Kansas,,17-8,West Virginia,,14-8,3,0,25,16,25,18,25,17,,,,
2025-11-01,6391718,final,FALSE,Purdue Fort Wayne,,3-22,Milwaukee,,7-20,0,3,24,26,22,25,16,25,,,,
2025-11-01,6391791,final,FALSE,Bowling Green,,13-13,Miami (OH),,13-13,0,3,20,25,14,25,7,25,,,,
2025-11-01,6392147,final,FALSE,Valparaiso,,19-6,Evansville,,6-18,3,0,25,22,25,22,25,18,,,,
2025-11-01,6392714,final,FALSE,Le Moyne,,4-20,New Haven,,5-20,1,3,18,25,25,15,25,27,19,25,,
2025-11-01,6393190,final,FALSE,Western Caro.,,7-16,ETSU,,18-5,0,3,18,25,24,26,11,25,,,,
2025-11-01,6393243,final,FALSE,George Mason,,15-9,Rhode Island,,4-21,3,2,22,25,25,18,26,24,21,25,15,11
2025-11-01,6393414,final,FALSE,California Baptist,,6-15,Utah Valley,,12-9,0,3,18,25,18,25,18,25,,,,
2025-11-01,6393803,final,FALSE,Jacksonville St.,,11-13,FIU,,16-9,0,3,24,26,16,25,21,25,,,,
2025-11-01,6394127,final,FALSE,San Francisco,,3-18,Pepperdine,,15-7,1,3,25,20,12,25,11,25,22,25,,
2025-11-01,6394194,final,FALSE,Morehead St.,,17-6,Little Rock,,12-12,0,3,20,25,23,25,24,26,,,,
2025-11-01,6394793,final,FALSE,East Texas A&M,,7-16,UIW,,13-11,0,3,14,25,14,25,21,25,,,,
2025-11-01,6395989,final,FALSE,American,,19-4,Colgate,,16-8,3,1,23,25,25,20,25,21,25,18,,
2025-11-01,6396606,final,FALSE,Navy,,11-11,Army West Point,,16-6,2,3,17,25,25,22,27,25,14,25,9,15
2025-11-01,6397291,final,FALSE,Texas St.,,12-11,Southern Miss.,,14-9,3,0,25,23,25,20,25,11,,,,
2025-11-01,6397459,final,FALSE,St. Thomas (MN),,15-7,Kansas City,,3-21,3,0,25,17,25,16,25,18,,,,
2025-11-01,6397825,final,FALSE,Marquette,,13-9,Creighton,,19-5,2,3,11,25,25,20,25,21,17,25,10,15
2025-11-01,6398110,final,FALSE,Belmont,,14-9,Drake,,13-10,0,3,14,25,21,25,17,25,,,,
2025-11-01,6398120,final,FALSE,UConn,,17-7,Seton Hall,,6-17,3,0,25,14,25,22,25,13,,,,
2025-11-01,6398356,final,FALSE,South Dakota,,16-8,South Dakota St.,,18-3,2,3,25,22,13,25,22,25,25,19,8,15
2025-11-01,6398621,final,FALSE,McNeese,,6-18,SFA,,16-7,2,3,25,22,19,25,25,23,12,25,11,15
2025-11-01,6399123,final,FALSE,Hampton,,1-22,Northeastern,,8-12,0,3,15,25,18,25,21,25,,,,
2025-11-01,6400111,final,FALSE,Villanova,,17-6,Butler,,12-13,3,1,19,25,25,19,25,15,25,23,,
2025-11-01,6400251,final,FALSE,Southern Utah,,2-18,Utah Tech,,16-5,0,3,16,25,15,25,19,25,,,,
2025-11-01,6400521,final,FALSE,UC Irvine,,10-14,Long Beach St.,,17-6,0,3,15,25,23,25,22,25,,,,
2025-11-01,6400964,final,FALSE,UC Santa Barbara,,17-7,CSU Bakersfield,,5-19,3,0,25,22,25,18,25,23,,,,
2025-11-01,6400976,final,FALSE,Charleston So.,,14-11,Winthrop,,15-6,1,3,25,21,17,25,15,25,21,25,,
2025-11-01,6401379,final,FALSE,Jacksonville,,18-6,Central Ark.,,12-10,1,3,28,26,28,30,18,25,24,26,,
2025-11-01,6401909,final,FALSE,Pacific,,7-15,Gonzaga,,12-9,0,3,18,25,12,25,23,25,,,,
2025-11-01,6402658,final,FALSE,Lipscomb,,11-11,Bellarmine,,11-13,3,1,19,25,25,18,25,17,25,11,,
2025-11-01,6403251,final,FALSE,Ohio,,11-15,Central Mich.,,9-17,3,1,28,26,25,21,21,25,25,19,,
2025-11-01,6403274,final,FALSE,Portland St.,,10-12,Idaho St.,,7-15,3,1,25,19,16,25,27,25,25,20,,
2025-11-01,6403591,final,FALSE,Loyola Maryland,,6-16,Holy Cross,,8-21,1,3,25,19,22,25,22,25,12,25,,
2025-11-01,6403956,final,FALSE,Western Ill.,,7-18,Lindenwood,,10-10,1,3,13,25,24,26,25,23,23,25,,
2025-11-01,6405271,final,FALSE,Saint Louis,,12-12,Duquesne,,15-10,1,3,14,25,15,25,25,20,17,25,,
2025-11-01,6405329,final,FALSE,Providence,,11-14,St. John's (NY),,8-17,2,3,22,25,25,18,24,26,25,21,10,15
2025-11-01,6405648,final,FALSE,Dayton,,19-6,Loyola Chicago,,11-14,3,0,25,17,25,23,25,19,,,,
2025-11-01,6407560,final,FALSE,UC San Diego,,5-19,Cal St. Fullerton,,7-17,3,1,25,19,19,25,25,13,25,20,,
2025-11-01,6407602,final,FALSE,Eastern Mich.,,12-15,Akron,,14-11,0,3,19,25,24,26,15,25,,,,
2025-11-01,6407821,final,FALSE,Stony Brook,,10-11,Towson,,20-5,3,1,25,13,25,21,25,27,25,18,,
2025-11-01,6408264,final,FALSE,Elon,,5-18,Campbell,,18-5,0,3,16,25,16,25,19,25,,,,
2025-11-01,6408552,final,FALSE,UIC,,15-7,Indiana St.,,9-15,3,0,25,21,25,23,25,17,,,,
2025-11-01,6408683,final,FALSE,Montana,,14-8,Northern Colo.,,11-13,1,3,26,24,13,25,22,25,21,25,,
2025-11-01,6408949,final,FALSE,Austin Peay,,4-20,Eastern Ky.,,17-7,1,3,25,18,15,25,15,25,14,25,,
2025-11-01,6408954,final,FALSE,Western Mich.,,13-14,Toledo,,18-8,3,1,25,12,27,29,25,19,25,22,,
2025-11-01,6409676,final,FALSE,Georgetown,,13-12,Xavier,,22-2,0,3,20,25,22,25,19,25,,,,
2025-11-01,6409834,final,FALSE,UNC Asheville,,8-16,High Point,,13-9,0,3,10,25,19,25,21,25,,,,
2025-11-01,6409961,final,FALSE,Green Bay,,8-17,Northern Ky.,,17-8,0,3,13,25,26,28,19,25,,,,
2025-11-01,6410311,final,FALSE,Hawaii,,9-14,UC Riverside,,7-15,3,1,25,19,14,25,25,19,25,19,,
2025-11-01,6410451,final,FALSE,Kennesaw St.,,16-6,Sam Houston,,8-17,3,0,25,22,25,17,25,19,,,,
2025-11-01,6411018,final,FALSE,Hofstra,,17-2,N.C. A&T,,11-9,3,0,25,20,28,26,25,20,,,,
2025-11-01,6411275,final,FALSE,Fresno St.,,6-17,Wyoming,,12-11,1,3,27,25,21,25,27,29,14,25,,
2025-11-01,6411566,final,FALSE,Boise St.,,15-8,San Diego St.,,12-11,3,1,24,26,25,20,25,19,25,20,,
2025-11-01,6412181,final,FALSE,William & Mary,,9-14,UNCW,,4-18,1,3,20,25,25,19,18,25,18,25,,
2025-11-01,6412221,final,FALSE,Missouri St.,,10-13,UTEP,,21-3,1,3,14,25,25,23,19,25,18,25,,
2025-11-01,6413596,final,FALSE,Liberty,,18-7,Delaware,,7-14,3,0,25,17,25,18,25,18,,,,
2025-11-01,6413980,final,FALSE,Penn,,10-10,Yale,,10-8,3,2,25,22,19,25,19,25,25,19,15,11
2025-11-01,6414155,final,FALSE,Nevada,,7-15,Grand Canyon,,15-8,0,3,13,25,7,25,23,25,,,,
2025-11-01,6414198,final,FALSE,Nicholls,,11-14,Lamar University,,16-11,0,3,16,25,12,25,20,25,,,,
2025-11-01,6414248,final,FALSE,Cal Poly,,19-5,CSUN,,13-10,3,2,25,18,19,25,25,20,22,25,15,11
2025-11-01,6414779,final,FALSE,Canisius,,10-14,Rider,,12-13,2,3,17,25,25,19,29,27,21,25,7,15
2025-11-01,6415319,final,FALSE,Saint Mary's (CA),,8-13,Seattle U,,6-15,3,1,25,18,25,16,23,25,25,15,,
2025-11-01,6416488,final,FALSE,Presbyterian,,6-17,Gardner-Webb,,12-16,0,3,19,25,21,25,26,28,,,,
2025-11-01,6417381,final,FALSE,Tennessee Tech,,11-14,SIUE,,12-13,3,0,25,23,28,26,25,15,,,,
2025-11-01,6417383,final,FALSE,Air Force,,12-12,New Mexico,,10-13,3,0,25,12,25,22,25,22,,,,
2025-11-01,6417925,final,FALSE,Wright St.,,15-10,Robert Morris,,9-16,1,3,25,17,23,25,18,25,21,25,,
2025-11-01,6418156,final,FALSE,Sacred Heart,,8-18,Siena,,12-16,2,3,21,25,21,25,25,15,25,12,9,15
2025-11-01,6418224,final,FALSE,Fairfield,,19-5,Marist,,8-18,3,1,25,18,22,25,25,21,25,15,,
2025-11-01,6418280,final,FALSE,Niagara,,11-11,Saint Peter's,,7-18,3,0,25,14,25,18,28,26,,,,
2025-11-01,6418460,final,FALSE,San Jose St.,,10-13,Colorado St.,,16-6,2,3,18,25,25,21,25,21,12,25,11,15
2025-11-01,6420193,final,FALSE,Manhattan,,3-21,Quinnipiac,,15-11,1,3,16,25,19,25,25,23,16,25,,
2025-11-01,6420725,final,FALSE,VCU,,12-10,George Washington,,15-11,2,3,26,24,16,25,21,25,25,18,11,15
2025-11-01,6421089,final,FALSE,UTRGV,,16-7,A&M-Corpus Christi,,9-15,3,2,22,25,26,24,25,17,23,25,15,9
2025-11-01,6422141,final,FALSE,Utah St.,,15-7,UNLV,,11-11,3,0,25,23,25,14,25,17,,,,
2025-11-01,6422638,final,FALSE,Chicago St.,,1-21,Stonehill,,6-22,1,3,25,18,18,25,24,26,15,25,,
2025-11-01,6423388,final,FALSE,Rutgers,,11-13,Michigan St.,,16-6,0,3,21,25,18,25,22,25,,,,
2025-11-01,6423669,final,FALSE,Columbia,,2-18,Dartmouth,,7-13,0,3,21,25,25,27,21,25,,,,
2025-11-01,6423935,final,FALSE,Ball St.,,17-9,Kent St.,,8-17,3,0,25,20,25,11,25,19,,,,
2025-11-01,6423977,final,FALSE,Eastern Wash.,,2-20,Idaho,,5-17,1,3,23,25,25,20,23,25,19,25,,
2025-11-01,6425423,final,FALSE,Southern California,,17-5,Minnesota,,17-6,3,2,19,25,25,22,23,25,25,15,15,12
2025-11-01,6426047,final,FALSE,Montana St.,,11-11,Northern Ariz.,,19-5,2,3,21,25,25,23,17,25,25,23,8,15
2025-11-01,6426308,final,FALSE,Mercyhurst,,8-17,Central Conn. St.,,7-17,3,1,25,22,25,19,21,25,25,15,,
2025-11-01,6426783,final,FALSE,Georgia St.,,14-9,App State,,13-10,3,1,22,25,25,16,28,26,25,18,,
2025-11-01,6426980,final,FALSE,Lafayette,,4-18,Bucknell,,8-13,1,3,22,25,18,25,25,19,16,25,,
2025-11-01,6426983,final,FALSE,Notre Dame,,8-12,Louisville,,18-4,0,3,11,25,20,25,25,27,,,,
2025-11-01,6427052,final,FALSE,UT Arlington,,11-10,Abilene Christian,,11-14,2,3,13,25,17,25,27,25,25,20,13,15
2025-11-01,6427404,final,FALSE,San Diego,,18-4,LMU (CA),,5-15,3,0,25,15,25,15,25,20,,,,
2025-11-01,6427719,final,FALSE,Southeast Mo. St.,,14-12,Tennessee St.,,1-26,3,0,25,16,25,14,25,13,,,,
2025-11-01,6428668,final,FALSE,Cornell,,13-7,Harvard,,5-13,3,0,25,17,25,17,25,17,,,,
2025-11-01,6428701,final,FALSE,LIU,,14-8,Saint Francis,,15-8,3,2,25,15,25,20,23,25,25,27,15,12
2025-11-01,6487089,final,FALSE,Davidson,,10-13,Fordham,,8-15,1,3,25,17,21,25,17,25,22,25,,
2025-11-02,6387251,final,FALSE,Auburn,,16-7,Georgia,,15-7,1,3,25,19,13,25,17,25,21,25,,
2025-11-02,6387353,final,FALSE,Indiana,,18-4,Penn St.,,13-9,3,0,25,22,25,15,25,23,,,,
2025-11-02,6387360,final,FALSE,Iowa,,13-11,Illinois,,12-9,3,2,25,19,25,22,19,25,15,25,15,10
2025-11-02,6389331,final,FALSE,Coppin St.,,17-11,N.C. Central,,9-15,1,3,25,20,22,25,21,25,25,27,,
2025-11-02,6389537,final,FALSE,Alabama St.,,9-15,Bethune-Cookman,,13-12,3,2,22,25,25,20,26,28,27,25,15,12
2025-11-02,6390189,final,FALSE,Stanford,,20-3,Wake Forest,,10-13,3,0,25,18,25,19,25,17,,,,
2025-11-02,6390512,final,FALSE,Princeton,,12-6,Brown,,12-7,3,1,27,25,15,25,25,23,25,18,,
2025-11-02,6390968,final,FALSE,SMU,,17-5,Duke,,5-18,3,0,25,21,25,17,25,19,,,,
2025-11-02,6391088,final,FALSE,Tulsa,,18-6,Fla. Atlantic,,17-8,0,3,23,25,18,25,17,25,,,,
2025-11-02,6391554,final,FALSE,Clemson,,14-10,Virginia,,10-12,3,1,22,25,25,20,25,19,28,26,,
2025-11-02,6391613,final,FALSE,Washington St.,,14-7,Oregon St.,,14-7,3,1,17,25,25,23,27,25,25,14,,
2025-11-02,6393032,final,FALSE,UMBC,,9-10,Bryant,,14-11,3,1,22,25,25,23,25,16,25,13,,
2025-11-02,6393246,final,FALSE,George Mason,,15-10,Rhode Island,,5-21,1,3,23,25,17,25,25,22,20,25,,
2025-11-02,6393853,final,FALSE,Alcorn,,2-22,Texas Southern,,8-17,0,3,18,25,11,25,11,25,,,,
2025-11-02,6393950,final,FALSE,North Florida,,10-15,North Ala.,,12-13,3,2,23,25,25,22,23,25,27,25,15,12
2025-11-02,6394629,final,FALSE,Syracuse,,13-9,Miami (FL),,19-4,1,3,29,27,12,25,23,25,19,25,,
2025-11-02,6394707,final,FALSE,Howard,,13-9,UMES,,9-15,3,1,25,16,20,25,25,16,25,14,,
2025-11-02,6396212,final,FALSE,Kentucky,,18-2,Texas,,18-2,3,0,25,14,28,26,27,25,,,,
2025-11-02,6396988,final,FALSE,Wisconsin,,16-4,Ohio St.,,3-17,3,0,25,14,25,12,25,14,,,,
2025-11-02,6398998,final,FALSE,Pittsburgh,,19-3,North Carolina,,17-4,3,2,25,18,22,25,25,23,24,26,17,15
2025-11-02,6399071,final,FALSE,Wichita St.,,16-8,South Fla.,,14-9,3,0,25,21,25,21,25,19,,,,
2025-11-02,6399134,final,FALSE,Hampton,,1-23,Northeastern,,9-12,0,3,10,25,16,25,23,25,,,,
2025-11-02,6399212,final,FALSE,Missouri,,16-8,Vanderbilt,,6-15,2,3,24,26,13,25,25,23,25,21,14,16
2025-11-02,6401612,final,FALSE,California,,6-16,NC State,,11-11,1,3,25,20,26,28,19,25,19,25,,
2025-11-02,6402258,final,FALSE,Binghamton,,11-12,NJIT,,4-19,3,2,25,27,25,19,25,21,22,25,15,9
2025-11-02,6405096,final,FALSE,North Texas,,19-6,UTSA,,11-12,3,0,25,18,25,16,25,17,,,,
2025-11-02,6406292,final,FALSE,Temple,,15-11,East Carolina,,11-12,3,1,25,19,26,24,9,25,25,21,,
2025-11-02,6406399,final,FALSE,Florida,,13-8,South Carolina,,9-13,1,3,22,25,23,25,25,18,24,26,,
2025-11-02,6407402,final,FALSE,Alabama A&M,,16-9,Florida A&M,,8-16,3,1,18,25,25,20,26,24,25,22,,
2025-11-02,6408456,final,FALSE,Georgia Tech,,12-9,Virginia Tech,,10-13,3,0,25,16,25,20,25,18,,,,
2025-11-02,6409787,final,FALSE,FGCU,,15-8,West Ga.,,2-23,3,2,25,15,25,23,18,25,26,28,15,12
2025-11-02,6410192,final,FALSE,Southern U.,,11-14,Prairie View,,14-11,0,3,27,29,23,25,22,25,,,,
2025-11-02,6410880,final,FALSE,Rice,,15-8,Charlotte,,15-9,3,0,25,18,25,16,25,23,,,,
2025-11-02,6411022,final,FALSE,Hofstra,,18-2,N.C. A&T,,11-10,3,2,22,25,25,18,25,14,20,25,15,7
2025-11-02,6411472,final,FALSE,Washington,,10-12,UCLA,,13-9,1,3,20,25,20,25,25,20,22,25,,
2025-11-02,6415340,final,FALSE,Ole Miss,,11-12,LSU,,11-12,2,3,25,20,19,25,25,23,24,26,13,15
2025-11-02,6416420,final,FALSE,Stetson,,9-15,Queens (NC),,16-9,2,3,22,25,25,19,25,22,19,25,15,17
2025-11-02,6417690,final,FALSE,Purdue,,19-3,Michigan,,15-8,3,2,22,25,17,25,25,19,25,20,15,10
2025-11-02,6421405,final,FALSE,Norfolk St.,,2-22,Delaware St.,,10-15,2,3,16,25,25,21,25,21,16,25,10,15
2025-11-02,6422619,final,FALSE,UAB,,10-14,Tulane,,10-13,3,1,23,25,25,13,25,21,25,19,,
2025-11-02,6423502,final,FALSE,Maryland,,8-14,Northwestern,,15-9,1,3,25,27,17,25,25,23,21,25,,
2025-11-02,6423693,final,FALSE,Boston College,,15-9,Florida St.,,13-8,2,3,25,18,20,25,25,18,14,25,13,15
2025-11-02,6425185,final,FALSE,Bucknell,,9-13,Lehigh,,10-12,3,0,25,18,25,19,25,19,,,,
2025-11-02,6426215,final,FALSE,Oregon,,13-9,Nebraska,,22-0,0,3,21,25,20,25,12,25,,,,
2025-11-02,6427595,final,FALSE,Texas A&M,,19-3,Tennessee,,16-5,3,1,19,25,25,15,25,20,25,21,,
2025-11-02,6428018,final,FALSE,Morgan St.,,10-11,South Carolina St.,,5-19,3,0,25,22,25,13,25,14,,,,
2025-11-02,6487088,final,FALSE,Davidson,,10-14,Fordham,,9-15,2,3,25,22,22,25,26,24,26,28,10,15
2025-11-03,6393857,final,FALSE,Alcorn,,2-23,Prairie View,,15-11,0,3,10,25,12,25,13,25,,,,
2025-11-03,6410195,final,FALSE,Southern U.,,11-15,Texas Southern,,9-17,2,3,25,23,25,22,19,25,18,25,7,15
2025-11-03,6414321,final,FALSE,Jackson St.,,11-11,Mississippi Val.,,4-16,3,0,25,17,25,12,25,20,,,,
2025-11-04,6390134,final,FALSE,Drake,,13-11,UNI,,20-5,1,3,25,18,15,25,25,27,18,25,,
2025-11-04,6405275,final,FALSE,Saint Louis,,13-12,Loyola Chicago,,11-15,3,2,21,25,25,22,18,25,25,21,15,11
2025-11-04,6421406,final,FALSE,Norfolk St.,,3-22,Hampton,,1-24,3,1,25,21,25,22,23,25,27,25,,
2025-11-04,6438019,final,FALSE,Southern-N.O.,,,Grambling,,5-17,0,3,11,25,9,25,12,25,,,,
2025-11-05,6393796,final,FALSE,Memphis,,10-18,UAB,,11-14,0,3,23,25,20,25,23,25,,,,
2025-11-05,6394630,final,FALSE,Florida St.,,13-9,Miami (FL),,20-4,2,3,25,22,23,25,21,25,25,23,10,15
2025-11-05,6397859,final,FALSE,Chattanooga,,13-12,Samford,,10-14,0,3,19,25,18,25,21,25,,,,
2025-11-05,6398031,final,FALSE,Tennessee Tech,,12-14,Southern Ind.,,12-12,3,1,15,25,25,21,25,22,25,23,,
2025-11-05,6400117,final,FALSE,Georgetown,,13-13,Villanova,,18-6,0,3,17,25,17,25,18,25,,,,
2025-11-05,6400637,final,FALSE,BYU,,18-6,Arizona,,13-9,1,3,24,26,25,21,22,25,24,26,,
2025-11-05,6403087,final,FALSE,Texas Tech,,10-13,Arizona St.,,19-3,0,3,6,25,20,25,16,25,,,,
2025-11-05,6412373,final,FALSE,Alabama,,11-11,Arkansas,,5-18,3,1,25,16,25,22,16,25,25,14,,
2025-11-05,6417881,final,FALSE,Nicholls,,11-15,McNeese,,7-18,2,3,18,25,25,20,25,22,24,26,9,15
2025-11-05,6420522,final,FALSE,Mississippi St.,,15-7,Oklahoma,,14-8,0,3,23,25,22,25,15,25,,,,
2025-11-05,6425369,final,FALSE,Minnesota,,17-7,Wisconsin,,17-4,1,3,20,25,22,25,25,18,16,25,,
2025-11-05,6428880,final,FALSE,CSU Bakersfield,,5-20,CSUN,,14-10,2,3,27,25,22,25,25,20,20,25,14,16
2025-11-06,6386816,final,FALSE,ULM,,10-17,Louisiana,,13-10,0,3,19,25,12,25,11,25,,,,
2025-11-06,6387365,final,FALSE,Illinois,,12-10,Nebraska,,23-0,0,3,11,25,15,25,14,25,,,,
2025-11-06,6387654,final,FALSE,Wofford,,13-11,Furman,,18-7,1,3,25,27,25,10,20,25,4,25,,
2025-11-06,6389072,final,FALSE,Cleveland St.,,6-20,Youngstown St.,,13-13,0,3,12,25,18,25,19,25,,,,
2025-11-06,6389124,final,FALSE,Houston,,8-15,UCF,,14-9,0,3,13,25,18,25,22,25,,,,
2025-11-06,6389717,final,FALSE,Santa Clara,,13-9,San Francisco,,3-19,3,0,25,19,25,21,25,18,,,,
2025-11-06,6390873,final,FALSE,East Texas A&M,,8-16,Northwestern St.,,1-26,3,0,25,17,25,23,25,21,,,,
2025-11-06,6391624,final,FALSE,Oregon St.,,15-7,Saint Mary's (CA),,8-14,3,2,18,25,22,25,25,16,25,17,20,18
2025-11-06,6391685,final,FALSE,Colorado,,20-4,Kansas,,18-8,1,3,20,25,15,25,28,26,19,25,,
2025-11-06,6393192,final,FALSE,Western Caro.,,7-17,Samford,,11-14,1,3,17,25,25,22,16,25,17,25,,
2025-11-06,6393419,final,FALSE,Utah Valley,,12-10,Tarleton St.,,13-8,2,3,27,25,25,18,18,25,23,25,12,15
2025-11-06,6393808,final,FALSE,New Mexico St.,,14-12,Jacksonville St.,,12-13,2,3,25,13,25,12,23,25,16,25,6,15
2025-11-06,6394128,final,FALSE,Pepperdine,,16-7,Gonzaga,,12-10,3,0,31,29,25,20,25,21,,,,
2025-11-06,6394195,final,FALSE,Little Rock,,13-12,Western Ill.,,7-19,3,0,25,15,25,18,25,15,,,,
2025-11-06,6396241,final,FALSE,Kentucky,,19-2,Missouri,,16-9,3,1,25,19,18,25,25,23,25,20,,
2025-11-06,6397478,final,FALSE,Oral Roberts,,3-22,Kansas City,,3-22,3,1,25,16,25,20,17,25,25,20,,
2025-11-06,6398233,final,FALSE,Denver,,15-9,St. Thomas (MN),,16-7,1,3,9,25,25,22,19,25,15,25,,
2025-11-06,6398377,final,FALSE,Omaha,,7-14,South Dakota,,17-8,1,3,25,14,17,25,17,25,21,25,,
2025-11-06,6398641,final,FALSE,SFA,,17-7,New Orleans,,7-19,3,0,25,19,25,22,25,18,,,,
2025-11-06,6401919,final,FALSE,Seattle U,,6-16,Pacific,,8-15,0,3,16,25,20,25,24,26,,,,
2025-11-06,6401928,final,FALSE,Southern Utah,,2-19,California Baptist,,7-15,0,3,19,25,17,25,21,25,,,,
2025-11-06,6403235,final,FALSE,Cincinnati,,12-9,Kansas St.,,13-7,1,3,22,25,25,21,21,25,13,25,,
2025-11-06,6403281,final,FALSE,Idaho St.,,8-15,Eastern Wash.,,2-21,3,1,25,20,25,17,20,25,25,22,,
2025-11-06,6407616,final,FALSE,Ball St.,,18-9,Eastern Mich.,,12-16,3,0,25,17,25,14,25,21,,,,
2025-11-06,6408685,final,FALSE,Northern Colo.,,11-14,Portland St.,,11-12,1,3,24,26,26,24,19,25,18,25,,
2025-11-06,6409162,final,FALSE,Lamar University,,17-11,Southeastern La.,,18-7,3,2,25,23,26,24,21,25,24,26,15,12
2025-11-06,6411280,final,FALSE,Wyoming,,13-11,Boise St.,,15-9,3,1,25,17,25,18,20,25,25,16,,
2025-11-06,6411442,final,FALSE,Northern Ariz.,,19-6,Sacramento St.,,16-8,2,3,23,25,25,19,23,25,25,18,7,15
2025-11-06,6411474,final,FALSE,UCLA,,13-10,Oregon,,14-9,1,3,9,25,22,25,25,23,22,25,,
2025-11-06,6414158,final,FALSE,Fresno St.,,6-18,Nevada,,8-15,0,3,20,25,14,25,23,25,,,,
2025-11-06,6417139,final,FALSE,App State,,14-10,Marshall,,14-12,3,0,25,15,25,21,25,21,,,,
2025-11-06,6417282,final,FALSE,Weber St.,,14-9,Idaho,,5-18,3,0,25,18,25,20,25,18,,,,
2025-11-06,6417388,final,FALSE,San Jose St.,,10-14,Air Force,,13-12,0,3,21,25,22,25,21,25,,,,
2025-11-06,6418007,final,FALSE,South Dakota St.,,19-3,North Dakota St.,,13-9,3,1,25,27,25,20,25,22,25,20,,
2025-11-06,6418338,final,FALSE,San Diego St.,,13-11,Grand Canyon,,15-9,3,2,14,25,25,20,10,25,25,16,17,15
2025-11-06,6418462,final,FALSE,Colorado St.,,16-7,Utah St.,,16-7,1,3,15,25,25,19,26,28,22,25,,
2025-11-06,6421092,final,FALSE,Houston Christian,,12-14,A&M-Corpus Christi,,10-15,1,3,16,25,27,25,15,25,25,27,,
2025-11-06,6422139,final,FALSE,UNLV,,12-11,New Mexico,,10-14,3,0,25,20,25,17,25,23,,,,
2025-11-06,6423504,final,FALSE,Northwestern,,15-10,Southern California,,18-5,1,3,25,22,21,25,16,25,23,25,,
2025-11-06,6423647,final,FALSE,Grambling,,6-17,Ark.-Pine Bluff,,1-24,3,1,27,25,25,15,24,26,25,20,,
2025-11-06,6423748,final,FALSE,LMU (CA),,5-16,Portland,,11-12,0,3,13,25,21,25,22,25,,,,
2025-11-06,6425679,final,FALSE,SIUE,,12-14,Morehead St.,,18-6,0,3,23,25,18,25,11,25,,,,
2025-11-06,6427037,final,FALSE,UIW,,13-12,UTRGV,,17-7,1,3,24,26,25,23,23,25,24,26,,
2025-11-07,6386818,final,FALSE,ULM,,10-18,Louisiana,,14-10,0,3,11,25,16,25,20,25,,,,
2025-11-07,6386901,final,FALSE,Marist,,9-18,Iona,,9-20,3,0,25,23,25,21,25,19,,,,
2025-11-07,6387254,final,FALSE,Ole Miss,,12-12,Georgia,,15-8,3,0,25,21,25,18,25,22,,,,
2025-11-07,6387359,final,FALSE,Iowa,,13-12,Indiana,,19-4,2,3,18,25,25,18,23,25,25,21,10,15
2025-11-07,6387488,final,FALSE,Indiana St.,,9-16,Bradley,,12-13,0,3,13,25,23,25,24,26,,,,
2025-11-07,6387905,final,FALSE,UC Davis,,16-5,UC Irvine,,10-15,3,0,25,23,25,22,25,12,,,,
2025-11-07,6388327,final,FALSE,IU Indy,,17-10,Green Bay,,8-18,3,1,25,17,18,25,25,22,25,19,,
2025-11-07,6388742,final,FALSE,Buffalo,,9-15,Toledo,,18-9,3,2,22,25,26,24,25,21,21,25,15,9
2025-11-07,6389080,final,FALSE,Cleveland St.,,6-21,Youngstown St.,,14-13,2,3,19,25,18,25,25,23,25,19,6,15
2025-11-07,6389335,final,FALSE,UMES,,9-16,Coppin St.,,18-11,1,3,23,25,25,22,15,25,14,25,,
2025-11-07,6389541,final,FALSE,Jackson St.,,11-12,Alabama St.,,10-15,2,3,17,25,20,25,25,22,25,20,15,17
2025-11-07,6389588,final,FALSE,Delaware,,7-15,Western Ky.,,21-5,1,3,21,25,22,25,25,22,13,25,,
2025-11-07,6389988,final,FALSE,UNC Greensboro,,14-10,Mercer,,9-17,0,3,18,25,20,25,24,26,,,,
2025-11-07,6390085,final,FALSE,Gardner-Webb,,12-17,USC Upstate,,14-11,1,3,21,25,25,22,22,25,13,25,,
2025-11-07,6390136,final,FALSE,UIC,,15-8,UNI,,21-5,2,3,18,25,26,28,26,24,25,23,8,15
2025-11-07,6390190,final,FALSE,Notre Dame,,8-13,Wake Forest,,11-13,1,3,18,25,25,23,23,25,21,25,,
2025-11-07,6390467,final,FALSE,Ga. Southern,,18-6,Georgia St.,,15-9,1,3,19,25,25,23,28,30,24,26,,
2025-11-07,6390501,final,FALSE,Louisiana Tech,,8-19,Sam Houston,,9-17,1,3,25,20,18,25,21,25,23,25,,
2025-11-07,6390514,final,FALSE,Princeton,,13-6,Columbia,,2-19,3,0,25,20,25,14,25,20,,,,
2025-11-07,6390881,final,FALSE,Brown,,13-7,Dartmouth,,7-14,3,0,25,19,25,13,25,12,,,,
2025-11-07,6390900,final,FALSE,ETSU,,19-5,The Citadel,,0-23,3,0,25,12,25,13,29,27,,,,
2025-11-07,6390969,final,FALSE,Virginia,,10-13,SMU,,18-5,0,3,7,25,17,25,18,25,,,,
2025-11-07,6391078,final,FALSE,James Madison,,19-6,Old Dominion,,5-19,3,0,25,15,25,23,25,23,,,,
2025-11-07,6391095,final,FALSE,Charlotte,,15-10,Tulsa,,19-6,0,3,20,25,16,25,24,26,,,,
2025-11-07,6391557,final,FALSE,Clemson,,15-10,Syracuse,,13-10,3,1,25,15,23,25,26,24,25,16,,
2025-11-07,6391716,final,FALSE,Robert Morris,,9-17,Milwaukee,,8-20,2,3,23,25,20,25,25,23,25,20,15,17
2025-11-07,6391793,final,FALSE,Akron,,15-11,Bowling Green,,13-14,3,0,25,20,25,20,25,22,,,,
2025-11-07,6392080,final,FALSE,Arkansas St.,,16-8,South Alabama,,14-10,1,3,19,25,24,26,25,18,20,25,,
2025-11-07,6392149,final,FALSE,Valparaiso,,19-7,Belmont,,15-9,0,3,21,25,21,25,20,25,,,,
2025-11-07,6392715,final,FALSE,New Haven,,5-21,Central Conn. St.,,8-17,2,3,25,15,25,22,20,25,25,27,10,15
2025-11-07,6392898,final,FALSE,West Virginia,,14-9,Baylor,,13-8,0,3,23,25,16,25,19,25,,,,
2025-11-07,6392996,final,FALSE,Utah,,11-12,TCU,,17-7,1,3,25,27,25,22,15,25,18,25,,
2025-11-07,6393033,final,FALSE,NJIT,,4-20,UMBC,,10-10,0,3,15,25,22,25,21,25,,,,
2025-11-07,6393197,final,FALSE,Western Caro.,,7-18,Chattanooga,,14-12,1,3,25,22,22,25,17,25,21,25,,
2025-11-07,6393250,final,FALSE,Rhode Island,,5-22,Loyola Chicago,,12-15,1,3,20,25,10,25,25,23,11,25,,
2025-11-07,6393366,final,FALSE,Northern Ky.,,18-8,Oakland,,7-20,3,1,25,19,25,15,19,25,25,18,,
2025-11-07,6393815,final,FALSE,New Mexico St.,,14-13,Jacksonville St.,,13-13,1,3,23,25,21,25,25,23,19,25,,
2025-11-07,6393958,final,FALSE,North Ala.,,12-14,Lipscomb,,12-11,0,3,19,25,20,25,18,25,,,,
2025-11-07,6394196,final,FALSE,Little Rock,,14-12,Western Ill.,,7-20,3,1,25,19,25,21,21,25,25,22,,
2025-11-07,6394301,final,FALSE,Col. of Charleston,,16-8,William & Mary,,9-15,3,0,25,21,25,23,25,20,,,,
2025-11-07,6394708,final,FALSE,N.C. Central,,9-16,Howard,,14-9,0,3,15,25,23,25,11,25,,,,
2025-11-07,6395868,final,FALSE,Radford,,8-18,Charleston So.,,15-11,0,3,15,25,18,25,21,25,,,,
2025-11-07,6396006,final,FALSE,Loyola Maryland,,6-17,American,,20-4,0,3,15,25,16,25,14,25,,,,
2025-11-07,6397309,final,FALSE,Coastal Carolina,,16-9,Texas St.,,13-11,0,3,20,25,16,25,9,25,,,,
2025-11-07,6397836,final,FALSE,St. John's (NY),,8-18,Marquette,,14-9,0,3,21,25,15,25,17,25,,,,
2025-11-07,6398047,final,FALSE,Southern Ind.,,13-12,UT Martin,,2-22,3,0,25,21,25,19,25,19,,,,
2025-11-07,6398134,final,FALSE,Butler,,12-14,UConn,,18-7,1,3,23,25,25,21,20,25,25,27,,
2025-11-07,6399023,final,FALSE,North Carolina,,17-5,Stanford,,21-3,0,3,22,25,17,25,16,25,,,,
2025-11-07,6399092,final,FALSE,South Fla.,,14-10,UAB,,12-14,1,3,25,19,15,25,21,25,23,25,,
2025-11-07,6399147,final,FALSE,Northeastern,,9-13,Campbell,,19-5,1,3,15,25,25,13,23,25,21,25,,
2025-11-07,6399223,final,FALSE,Tennessee,,17-5,Vanderbilt,,6-16,3,0,25,17,25,22,25,20,,,,
2025-11-07,6400130,final,FALSE,Villanova,,18-7,Creighton,,20-5,1,3,23,25,25,16,19,25,13,25,,
2025-11-07,6400497,final,FALSE,Southern Miss.,,14-10,Troy,,7-14,2,3,25,23,20,25,25,22,16,25,9,15
2025-11-07,6400568,final,FALSE,Long Beach St.,,17-7,Cal Poly,,20-5,0,3,19,25,18,25,20,25,,,,
2025-11-07,6400642,final,FALSE,Texas Tech,,10-14,Arizona,,14-9,1,3,14,25,25,20,23,25,17,25,,
2025-11-07,6400874,final,FALSE,Middle Tenn.,,10-15,FIU,,17-9,0,3,12,25,26,28,11,25,,,,
2025-11-07,6400971,final,FALSE,UC San Diego,,6-19,UC Santa Barbara,,17-8,3,0,25,22,26,24,25,22,,,,
2025-11-07,6401384,final,FALSE,West Ga.,,2-24,Jacksonville,,19-6,0,3,17,25,24,26,13,25,,,,
2025-11-07,6401620,final,FALSE,Duke,,5-19,California,,7-16,0,3,21,25,13,25,18,25,,,,
2025-11-07,6401984,final,FALSE,Bethune-Cookman,,13-13,Florida A&M,,9-16,1,3,16,25,26,28,25,19,21,25,,
2025-11-07,6402041,final,FALSE,Texas,,19-2,Florida,,13-9,3,1,29,31,25,18,25,19,25,19,,
2025-11-07,6402068,final,FALSE,Eastern Ill.,,17-6,Tennessee St.,,1-27,3,0,25,8,25,10,25,17,,,,
2025-11-07,6402264,final,FALSE,Bryant,,15-11,Binghamton,,11-13,3,2,25,20,25,21,18,25,15,25,15,8
2025-11-07,6403091,final,FALSE,BYU,,18-7,Arizona St.,,20-3,1,3,25,17,26,28,23,25,21,25,,
2025-11-07,6403255,final,FALSE,Miami (OH),,14-13,Central Mich.,,9-18,3,2,31,33,25,21,25,23,21,25,15,12
2025-11-07,6403840,final,FALSE,Army West Point,,16-7,Lehigh,,11-12,0,3,21,25,14,25,23,25,,,,
2025-11-07,6403867,final,FALSE,Seton Hall,,6-18,DePaul,,13-11,0,3,21,25,15,25,17,25,,,,
2025-11-07,6403958,final,FALSE,Lindenwood,,10-11,Southeast Mo. St.,,15-12,1,3,25,23,24,26,12,25,19,25,,
2025-11-07,6405109,final,FALSE,Temple,,15-12,UTSA,,12-12,2,3,25,21,15,25,18,25,25,21,12,15
2025-11-07,6405278,final,FALSE,George Washington,,16-11,Saint Louis,,13-13,3,0,25,19,25,16,25,18,,,,
2025-11-07,6405660,final,FALSE,VCU,,12-11,Dayton,,20-6,2,3,25,14,21,25,27,25,19,25,10,15
2025-11-07,6406305,final,FALSE,Rider,,12-14,Merrimack,,8-16,0,3,12,25,12,25,17,25,,,,
2025-11-07,6407570,final,FALSE,UC Riverside,,7-16,Cal St. Fullerton,,8-17,0,3,20,25,17,25,21,25,,,,
2025-11-07,6407627,final,FALSE,Ball St.,,19-9,Eastern Mich.,,12-17,3,1,25,22,22,25,25,23,25,21,,
2025-11-07,6407823,final,FALSE,N.C. A&T,,12-10,Stony Brook,,10-12,3,2,20,25,25,17,21,25,25,23,15,8
2025-11-07,6408460,final,FALSE,Virginia Tech,,10-14,Pittsburgh,,20-3,0,3,13,25,12,25,17,25,,,,
2025-11-07,6408920,final,FALSE,North Texas,,19-7,Rice,,16-8,0,3,23,25,14,25,22,25,,,,
2025-11-07,6408951,final,FALSE,Bellarmine,,11-14,Eastern Ky.,,18-7,0,3,21,25,14,25,12,25,,,,
2025-11-07,6409201,final,FALSE,Ohio,,12-15,NIU,,11-13,3,1,25,15,21,25,25,19,25,20,,
2025-11-07,6409681,final,FALSE,Xavier,,23-2,Providence,,11-15,3,0,25,20,25,15,25,21,,,,
2025-11-07,6409837,final,FALSE,High Point,,14-9,Presbyterian,,6-18,3,0,25,17,25,20,25,20,,,,
2025-11-07,6410551,final,FALSE,Queens (NC),,16-10,North Florida,,11-15,0,3,19,25,17,25,21,25,,,,
2025-11-07,6411027,final,FALSE,Towson,,20-6,Hofstra,,19-2,2,3,25,20,17,25,25,15,28,30,11,15
2025-11-07,6411986,final,FALSE,LSU,,12-12,South Carolina,,9-14,3,0,25,22,25,23,25,20,,,,
2025-11-07,6412226,final,FALSE,Liberty,,19-7,Missouri St.,,10-14,3,2,25,23,28,26,20,25,21,25,15,8
2025-11-07,6412376,final,FALSE,Mississippi St.,,16-7,Arkansas,,5-19,3,1,27,25,21,25,25,16,25,18,,
2025-11-07,6413897,final,FALSE,Kent St.,,8-18,Western Mich.,,14-14,0,3,10,25,16,25,17,25,,,,
2025-11-07,6413983,final,FALSE,Yale,,11-8,Harvard,,5-14,3,0,25,15,25,21,25,16,,,,
2025-11-07,6414782,final,FALSE,Canisius,,10-15,Sacred Heart,,9-18,1,3,25,18,20,25,16,25,21,25,,
2025-11-07,6414843,final,FALSE,Texas A&M,,20-3,Auburn,,16-8,3,0,25,17,25,22,25,21,,,,
2025-11-07,6415287,final,FALSE,CSUN,,14-11,Hawaii,,10-14,0,3,11,25,15,25,15,25,,,,
2025-11-07,6416776,final,FALSE,UTEP,,22-3,Kennesaw St.,,16-7,3,1,25,21,29,27,25,27,25,19,,
2025-11-07,6417147,final,FALSE,App State,,14-11,Marshall,,15-12,1,3,25,14,20,25,19,25,24,26,,
2025-11-07,6417696,final,FALSE,Michigan,,16-8,Rutgers,,11-14,3,2,23,25,22,25,25,21,27,25,15,13
2025-11-07,6418165,final,FALSE,Siena,,13-16,Manhattan,,3-22,3,2,21,25,25,20,25,21,25,27,17,15
2025-11-07,6418228,final,FALSE,Niagara,,11-12,Fairfield,,20-5,0,3,14,25,13,25,13,25,,,,
2025-11-07,6418282,final,FALSE,Saint Peter's,,7-19,Quinnipiac,,16-11,0,3,11,25,18,25,19,25,,,,
2025-11-07,6420504,final,FALSE,Wright St.,,16-10,Purdue Fort Wayne,,3-23,3,0,25,20,25,20,25,20,,,,
2025-11-07,6420524,final,FALSE,Alabama,,11-12,Oklahoma,,15-8,0,3,17,25,22,25,22,25,,,,
2025-11-07,6421152,final,FALSE,Murray St.,,4-18,Southern Ill.,,11-16,0,3,17,25,16,25,10,25,,,,
2025-11-07,6421407,final,FALSE,South Carolina St.,,5-20,Norfolk St.,,4-22,0,3,22,25,18,25,16,25,,,,
2025-11-07,6421936,final,FALSE,East Carolina,,11-13,Wichita St.,,17-8,0,3,11,25,19,25,14,25,,,,
2025-11-07,6422356,final,FALSE,Georgia Tech,,12-10,Boston College,,16-9,1,3,25,22,22,25,21,25,19,25,,
2025-11-07,6422389,final,FALSE,Evansville,,6-19,Illinois St.,,11-14,0,3,9,25,12,25,18,25,,,,
2025-11-07,6422604,final,FALSE,Montana,,15-8,Montana St.,,11-12,3,1,19,25,25,21,25,23,25,14,,
2025-11-07,6422640,final,FALSE,Saint Francis,,16-8,Chicago St.,,1-22,3,1,20,25,25,20,25,18,25,18,,
2025-11-07,6422844,final,FALSE,Michigan St.,,17-6,Washington,,10-13,3,1,15,25,30,28,33,31,25,20,,
2025-11-07,6423122,final,FALSE,Winthrop,,16-6,UNC Asheville,,8-17,3,1,25,17,19,25,26,24,25,17,,
2025-11-07,6423203,final,FALSE,Penn St.,,13-10,Purdue,,20-3,0,3,20,25,21,25,22,25,,,,
2025-11-07,6423306,final,FALSE,Fordham,,9-16,George Mason,,16-10,2,3,23,25,25,19,25,17,22,25,12,15
2025-11-07,6425036,final,FALSE,Holy Cross,,8-22,Bucknell,,10-13,1,3,25,20,19,25,21,25,22,25,,
2025-11-07,6425699,final,FALSE,SIUE,,12-15,Morehead St.,,19-6,0,3,17,25,16,25,27,29,,,,
2025-11-07,6426356,final,FALSE,Delaware St.,,10-16,Morgan St.,,11-11,2,3,22,25,25,23,25,21,15,25,15,17
2025-11-07,6426506,final,FALSE,Penn,,10-11,Cornell,,14-7,1,3,20,25,22,25,25,23,23,25,,
2025-11-07,6427228,final,FALSE,FDU,,16-10,LIU,,15-8,2,3,14,25,27,25,26,28,25,21,8,15
2025-11-07,6427375,final,FALSE,Louisville,,19-4,NC State,,11-12,3,0,25,19,25,18,25,20,,,,
2025-11-07,6428659,final,FALSE,Fla. Atlantic,,17-9,Tulane,,11-13,1,3,17,25,24,26,25,18,20,25,,
2025-11-07,6429136,final,FALSE,Mercyhurst,,9-17,Le Moyne,,4-21,3,0,25,18,26,24,25,15,,,,
2025-11-07,6429390,final,FALSE,Central Ark.,,13-10,Austin Peay,,4-21,3,1,25,18,22,25,25,19,25,15,,
2025-11-08,6386902,final,FALSE,Siena,,13-17,Iona,,10-20,0,3,13,25,23,25,20,25,,,,
2025-11-08,6387489,final,FALSE,Evansville,,6-20,Bradley,,13-13,1,3,17,25,21,25,25,19,22,25,,
2025-11-08,6387655,final,FALSE,ETSU,,19-6,Furman,,19-7,2,3,25,27,20,25,25,21,25,22,9,15
2025-11-08,6387768,final,FALSE,Denver,,15-10,Omaha,,8-14,0,3,22,25,24,26,21,25,,,,
2025-11-08,6387907,final,FALSE,UC Davis,,17-5,Cal St. Fullerton,,8-18,3,1,22,25,25,12,25,12,25,20,,
2025-11-08,6388329,final,FALSE,IU Indy,,17-11,Green Bay,,9-18,2,3,25,18,25,15,23,25,18,25,14,16
2025-11-08,6388744,final,FALSE,Buffalo,,9-16,Toledo,,19-9,0,3,20,25,12,25,23,25,,,,
2025-11-08,6389589,final,FALSE,Delaware,,7-16,Western Ky.,,22-5,0,3,16,25,12,25,12,25,,,,
2025-11-08,6389719,final,FALSE,Pacific,,8-16,Santa Clara,,14-9,1,3,19,25,25,22,17,25,16,25,,
2025-11-08,6389993,final,FALSE,UNC Greensboro,,15-10,The Citadel,,0-24,3,0,25,16,25,17,25,16,,,,
2025-11-08,6390087,final,FALSE,Winthrop,,17-6,USC Upstate,,14-12,3,1,23,25,25,21,25,21,25,21,,
2025-11-08,6390468,final,FALSE,Ga. Southern,,18-7,Georgia St.,,16-9,1,3,27,29,22,25,25,21,18,25,,
2025-11-08,6390503,final,FALSE,Louisiana Tech,,8-20,Sam Houston,,10-17,0,3,19,25,25,27,12,25,,,,
2025-11-08,6390516,final,FALSE,Princeton,,14-6,Cornell,,14-8,3,0,25,13,32,30,25,18,,,,
2025-11-08,6390819,final,FALSE,Iowa St.,,18-5,UCF,,15-9,0,3,20,25,20,25,21,25,,,,
2025-11-08,6390879,final,FALSE,Northwestern St.,,1-27,East Texas A&M,,9-16,1,3,19,25,23,25,25,18,15,25,,
2025-11-08,6390887,final,FALSE,Brown,,13-8,Harvard,,6-14,0,3,21,25,20,25,24,26,,,,
2025-11-08,6391081,final,FALSE,James Madison,,20-6,Old Dominion,,5-20,3,2,25,22,21,25,25,15,23,25,15,11
2025-11-08,6391564,final,FALSE,Wofford,,14-11,Mercer,,9-18,3,1,21,25,25,19,25,11,25,13,,
2025-11-08,6391689,final,FALSE,Cincinnati,,12-10,Kansas,,19-8,0,3,15,25,19,25,22,25,,,,
2025-11-08,6391711,final,FALSE,Robert Morris,,9-18,Milwaukee,,9-20,0,3,26,28,21,25,13,25,,,,
2025-11-08,6391796,final,FALSE,Akron,,15-12,Bowling Green,,14-14,2,3,25,18,25,20,22,25,19,25,10,15
2025-11-08,6392088,final,FALSE,Arkansas St.,,17-8,South Alabama,,14-11,3,0,25,10,25,21,25,14,,,,
2025-11-08,6392151,final,FALSE,Valparaiso,,20-7,Murray St.,,4-19,3,0,25,13,25,20,25,20,,,,
2025-11-08,6392716,final,FALSE,New Haven,,5-22,Central Conn. St.,,9-17,0,3,23,25,15,25,24,26,,,,
2025-11-08,6393254,final,FALSE,Rhode Island,,5-23,Loyola Chicago,,13-15,0,3,20,25,13,25,20,25,,,,
2025-11-08,6393368,final,FALSE,Northern Ky.,,19-8,Oakland,,7-21,3,0,28,26,25,20,25,21,,,,
2025-11-08,6393424,final,FALSE,Utah Valley,,13-10,UT Arlington,,11-11,3,0,26,24,25,20,25,22,,,,
2025-11-08,6393967,final,FALSE,North Ala.,,13-14,Austin Peay,,4-22,3,2,25,17,25,17,22,25,16,25,15,12
2025-11-08,6394134,final,FALSE,Pepperdine,,17-7,Washington St.,,14-8,3,0,25,18,25,20,26,24,,,,
2025-11-08,6394302,final,FALSE,Col. of Charleston,,16-9,William & Mary,,10-15,2,3,18,25,25,19,25,19,17,25,17,19
2025-11-08,6394631,final,FALSE,Miami (FL),,21-4,Florida St.,,13-10,3,2,17,25,25,15,23,25,25,16,15,10
2025-11-08,6395016,final,FALSE,San Francisco,,3-20,Seattle U,,7-16,1,3,24,26,26,24,24,26,21,25,,
2025-11-08,6395893,final,FALSE,Radford,,9-18,Presbyterian,,6-19,3,2,25,21,23,25,25,20,23,25,15,13
2025-11-08,6396617,final,FALSE,Loyola Maryland,,6-18,Navy,,12-11,1,3,20,25,20,25,25,20,23,25,,
2025-11-08,6396997,final,FALSE,Ohio St.,,4-17,Maryland,,8-15,3,2,23,25,25,16,25,21,11,25,15,12
2025-11-08,6397323,final,FALSE,Coastal Carolina,,16-10,Texas St.,,14-11,2,3,12,25,25,21,25,21,22,25,12,15
2025-11-08,6397534,final,FALSE,Kansas City,,3-23,South Dakota,,18-8,1,3,27,25,13,25,15,25,12,25,,
2025-11-08,6398058,final,FALSE,Southern Ind.,,14-12,UT Martin,,2-23,3,1,15,25,25,18,25,18,25,19,,
2025-11-08,6398136,final,FALSE,UIC,,15-9,Drake,,14-11,2,3,25,20,17,25,25,21,22,25,9,15
2025-11-08,6398152,final,FALSE,Xavier,,24-2,UConn,,18-8,3,1,25,19,25,22,22,25,28,26,,
2025-11-08,6398254,final,FALSE,South Dakota St.,,20-3,St. Thomas (MN),,16-8,3,1,21,25,27,25,25,16,25,18,,
2025-11-08,6398654,final,FALSE,SFA,,18-7,Southeastern La.,,18-8,3,2,21,25,21,25,25,21,25,22,15,7
2025-11-08,6399158,final,FALSE,Northeastern,,9-14,Campbell,,20-5,1,3,19,25,22,25,25,23,18,25,,
2025-11-08,6400271,final,FALSE,Utah Tech,,17-5,California Baptist,,7-16,3,2,25,21,23,25,21,25,25,21,15,12
2025-11-08,6400506,final,FALSE,Southern Miss.,,14-11,Troy,,8-14,2,3,20,25,31,29,25,23,17,25,5,15
2025-11-08,6400622,final,FALSE,Long Beach St.,,17-8,UC Santa Barbara,,18-8,1,3,21,25,21,25,25,18,14,25,,
2025-11-08,6400890,final,FALSE,Middle Tenn.,,10-16,FIU,,18-9,1,3,25,20,12,25,13,25,16,25,,
2025-11-08,6400985,final,FALSE,High Point,,15-9,Charleston So.,,15-12,3,0,25,23,25,18,26,24,,,,
2025-11-08,6401387,final,FALSE,Queens (NC),,16-11,Jacksonville,,20-6,1,3,25,23,24,26,18,25,20,25,,
2025-11-08,6402058,final,FALSE,Eastern Ill.,,18-6,Tennessee St.,,1-28,3,1,25,15,26,28,25,15,25,13,,
2025-11-08,6402663,final,FALSE,Central Ark.,,13-11,Lipscomb,,13-11,2,3,14,25,25,23,25,15,23,25,6,15
2025-11-08,6403000,final,FALSE,Colorado,,20-5,Kansas St.,,14-7,0,3,20,25,24,26,18,25,,,,
2025-11-08,6403260,final,FALSE,Miami (OH),,15-13,Central Mich.,,9-19,3,1,22,25,25,21,25,22,25,20,,
2025-11-08,6403284,final,FALSE,Idaho St.,,9-15,Idaho,,5-19,3,1,21,25,25,20,25,22,25,21,,
2025-11-08,6403847,final,FALSE,Army West Point,,17-7,Lafayette,,4-19,3,2,23,25,25,21,25,16,22,25,15,11
2025-11-08,6403961,final,FALSE,Lindenwood,,10-12,Southeast Mo. St.,,16-12,0,3,15,25,21,25,27,29,,,,
2025-11-08,6405282,final,FALSE,George Washington,,17-11,Saint Louis,,13-14,3,2,22,25,26,24,25,22,16,25,15,11
2025-11-08,6405337,final,FALSE,St. John's (NY),,9-18,DePaul,,13-12,3,1,18,25,25,19,25,16,25,20,,
2025-11-08,6405668,final,FALSE,VCU,,12-12,Dayton,,21-6,2,3,25,23,25,22,24,26,21,25,11,15
2025-11-08,6406200,final,FALSE,Colgate,,16-9,Bucknell,,11-13,2,3,18,25,26,28,25,18,25,16,10,15
2025-11-08,6406313,final,FALSE,Saint Peter's,,7-20,Merrimack,,9-16,2,3,24,26,25,22,25,15,15,25,12,15
2025-11-08,6407779,final,FALSE,Gonzaga,,13-10,Portland,,11-13,3,2,25,27,25,23,23,25,25,19,15,7
2025-11-08,6407824,final,FALSE,N.C. A&T,,13-10,Stony Brook,,10-13,3,0,25,15,25,17,27,25,,,,
2025-11-08,6408269,final,FALSE,UNCW,,4-19,Elon,,6-18,1,3,25,18,23,25,24,26,18,25,,
2025-11-08,6408686,final,FALSE,Northern Colo.,,12-14,Sacramento St.,,16-9,3,2,25,19,28,30,21,25,25,20,15,9
2025-11-08,6408794,final,FALSE,UC San Diego,,6-20,Cal Poly,,21-5,1,3,25,19,19,25,16,25,14,25,,
2025-11-08,6409203,final,FALSE,Ohio,,13-15,NIU,,11-14,3,2,15,25,12,25,25,23,25,22,18,16
2025-11-08,6409800,final,FALSE,West Ga.,,2-25,North Florida,,12-15,0,3,15,25,19,25,23,25,,,,
2025-11-08,6410321,final,FALSE,UC Riverside,,7-17,UC Irvine,,11-15,0,3,13,25,18,25,18,25,,,,
2025-11-08,6411001,final,FALSE,Northern Ariz.,,20-6,Portland St.,,11-13,3,1,25,17,24,26,26,24,25,18,,
2025-11-08,6411032,final,FALSE,Towson,,21-6,Hofstra,,19-3,3,2,25,23,20,25,25,21,16,25,15,11
2025-11-08,6411282,final,FALSE,Wyoming,,13-12,Utah St.,,17-7,0,3,18,25,25,27,14,25,,,,
2025-11-08,6411477,final,FALSE,Northwestern,,15-11,UCLA,,14-10,2,3,18,25,25,20,14,25,25,16,16,18
2025-11-08,6411570,final,FALSE,Colorado St.,,16-8,Boise St.,,16-9,1,3,22,25,25,19,23,25,22,25,,
2025-11-08,6412230,final,FALSE,Liberty,,20-7,Missouri St.,,10-15,3,2,23,25,25,19,22,25,25,21,15,9
2025-11-08,6413901,final,FALSE,Kent St.,,8-19,Western Mich.,,15-14,0,3,13,25,20,25,18,25,,,,
2025-11-08,6413988,final,FALSE,Yale,,12-8,Dartmouth,,7-15,3,0,25,17,25,11,25,20,,,,
2025-11-08,6414159,final,FALSE,San Jose St.,,11-14,Nevada,,8-16,3,1,25,20,25,21,22,25,25,12,,
2025-11-08,6414199,final,FALSE,Lamar University,,17-12,New Orleans,,8-19,0,3,17,25,19,25,20,25,,,,
2025-11-08,6414311,final,FALSE,Duke,,5-20,Stanford,,22-3,0,3,9,25,13,25,14,25,,,,
2025-11-08,6414784,final,FALSE,Canisius,,10-16,Fairfield,,21-5,0,3,11,25,24,26,22,25,,,,
2025-11-08,6415320,final,FALSE,Saint Mary's (CA),,8-15,San Diego,,19-4,2,3,25,22,20,25,25,19,25,27,5,15
2025-11-08,6416496,final,FALSE,Gardner-Webb,,12-18,UNC Asheville,,9-17,0,3,22,25,23,25,18,25,,,,
2025-11-08,6416779,final,FALSE,UTEP,,23-3,Kennesaw St.,,16-8,3,0,25,18,25,23,25,21,,,,
2025-11-08,6417242,final,FALSE,McNeese,,7-19,Nicholls,,12-15,0,3,18,25,22,25,14,25,,,,
2025-11-08,6417276,final,FALSE,Weber St.,,15-9,Eastern Wash.,,2-22,3,0,25,20,25,15,25,23,,,,
2025-11-08,6417391,final,FALSE,Fresno St.,,6-19,Air Force,,14-12,1,3,13,25,27,25,20,25,22,25,,
2025-11-08,6418014,final,FALSE,North Dakota St.,,14-9,North Dakota,,7-17,3,0,25,17,25,23,25,21,,,,
2025-11-08,6418341,final,FALSE,UNLV,,12-12,Grand Canyon,,16-9,2,3,25,19,25,18,19,25,27,29,12,15
2025-11-08,6420198,final,FALSE,Rider,,12-15,Quinnipiac,,17-11,0,3,16,25,13,25,16,25,,,,
2025-11-08,6420506,final,FALSE,Wright St.,,17-10,Purdue Fort Wayne,,3-24,3,1,20,25,25,21,26,24,25,15,,
2025-11-08,6421094,final,FALSE,UIW,,14-12,A&M-Corpus Christi,,10-16,3,2,19,25,25,18,25,22,22,25,15,9
2025-11-08,6421153,final,FALSE,Belmont,,16-9,Southern Ill.,,11-17,3,2,25,18,20,25,22,25,25,14,15,12
2025-11-08,6421471,final,FALSE,Indiana St.,,9-17,Illinois St.,,12-14,0,3,19,25,20,25,15,25,,,,
2025-11-08,6422200,final,FALSE,Davidson,,10-15,Duquesne,,16-10,1,3,25,21,15,25,22,25,21,25,,
2025-11-08,6422641,final,FALSE,Saint Francis,,17-8,Chicago St.,,1-23,3,0,25,22,25,16,25,19,,,,
2025-11-08,6423206,final,FALSE,Iowa,,13-13,Purdue,,21-3,1,3,22,25,21,25,25,17,18,25,,
2025-11-08,6423308,final,FALSE,Fordham,,9-17,George Mason,,17-10,1,3,26,24,24,26,21,25,21,25,,
2025-11-08,6425045,final,FALSE,Holy Cross,,8-23,Lehigh,,12-12,0,3,19,25,19,25,11,25,,,,
2025-11-08,6425427,final,FALSE,Nebraska,,24-0,Minnesota,,17-8,3,0,25,15,25,21,25,20,,,,
2025-11-08,6426071,final,FALSE,Houston Christian,,12-15,UTRGV,,18-7,0,3,22,25,17,25,23,25,,,,
2025-11-08,6426509,final,FALSE,Penn,,11-11,Columbia,,2-20,3,1,25,16,24,26,25,19,25,13,,
2025-11-08,6426937,final,FALSE,San Diego St.,,13-12,New Mexico,,11-14,1,3,25,22,23,25,23,25,16,25,,
2025-11-08,6426978,final,FALSE,Niagara,,11-13,Sacred Heart,,10-18,1,3,25,21,18,25,24,26,19,25,,
2025-11-08,6427207,final,FALSE,Abilene Christian,,11-15,Tarleton St.,,14-8,0,3,16,25,22,25,19,25,,,,
2025-11-08,6427232,final,FALSE,FDU,,16-11,LIU,,16-8,1,3,19,25,19,25,30,28,7,25,,
2025-11-08,6427766,final,FALSE,Butler,,12-15,Providence,,12-15,1,3,19,25,25,27,25,23,22,25,,
2025-11-08,6429137,final,FALSE,Mercyhurst,,10-17,Le Moyne,,4-22,3,1,19,25,25,18,25,22,25,22,,
2025-11-08,6429312,final,FALSE,Marist,,9-19,Manhattan,,4-22,0,3,21,25,17,25,16,25,,,,
2025-11-08,6488499,final,FALSE,Texas Southern,,9-18,Prairie View,,16-11,0,3,20,25,19,25,13,25,,,,
2025-11-09,6387362,final,FALSE,Indiana,,19-5,Wisconsin,,18-4,0,3,13,25,14,25,20,25,,,,
2025-11-09,6387370,final,FALSE,Penn St.,,14-10,Illinois,,12-11,3,1,25,23,25,27,25,23,25,22,,
2025-11-09,6389338,final,FALSE,Coppin St.,,19-11,Delaware St.,,10-17,3,2,30,28,25,27,20,25,25,23,16,14
2025-11-09,6389546,final,FALSE,Mississippi Val.,,4-17,Alabama St.,,11-15,0,3,11,25,14,25,20,25,,,,
2025-11-09,6390191,final,FALSE,Louisville,,20-4,Wake Forest,,11-14,3,1,25,16,20,25,25,18,25,17,,
2025-11-09,6390971,final,FALSE,Virginia Tech,,10-15,SMU,,19-5,0,3,16,25,13,25,14,25,,,,
2025-11-09,6391098,final,FALSE,East Carolina,,11-14,Tulsa,,20-6,0,3,19,25,23,25,21,25,,,,
2025-11-09,6391561,final,FALSE,Clemson,,16-10,Boston College,,16-10,3,0,25,19,25,14,25,18,,,,
2025-11-09,6391655,final,FALSE,LMU (CA),,5-17,Oregon St.,,16-7,1,3,25,23,17,25,22,25,22,25,,
2025-11-09,6392899,final,FALSE,West Virginia,,14-10,TCU,,18-7,0,3,16,25,24,26,13,25,,,,
2025-11-09,6393035,final,FALSE,New Hampshire,,9-13,UMBC,,11-10,1,3,25,22,14,25,22,25,23,25,,
2025-11-09,6393800,final,FALSE,South Fla.,,15-10,Memphis,,10-19,3,0,25,23,25,21,25,17,,,,
2025-11-09,6393860,final,FALSE,Alcorn,,2-24,Grambling,,7-17,0,3,16,25,15,25,23,25,,,,
2025-11-09,6394709,final,FALSE,South Carolina St.,,5-21,Howard,,15-9,1,3,25,21,18,25,9,25,13,25,,
2025-11-09,6396028,final,FALSE,American,,21-4,Navy,,12-12,3,0,25,23,25,20,25,18,,,,
2025-11-09,6396260,final,FALSE,Tennessee,,17-6,Kentucky,,20-2,1,3,25,22,23,25,18,25,18,25,,
2025-11-09,6397008,final,FALSE,Ohio St.,,5-17,Rutgers,,11-15,3,2,25,23,18,25,25,23,18,25,15,12
2025-11-09,6397850,final,FALSE,Seton Hall,,6-19,Marquette,,15-9,0,3,20,25,11,25,16,25,,,,
2025-11-09,6399042,final,FALSE,North Carolina,,18-5,California,,7-17,3,0,25,9,25,22,25,13,,,,
2025-11-09,6404475,final,FALSE,Morgan St.,,11-12,UMES,,10-16,1,3,25,23,21,25,24,26,21,25,,
2025-11-09,6405118,final,FALSE,Tulane,,11-14,UTSA,,13-12,1,3,25,23,23,25,22,25,21,25,,
2025-11-09,6406204,final,FALSE,Colgate,,17-9,Lafayette,,4-20,3,0,25,17,25,22,25,14,,,,
2025-11-09,6406300,final,FALSE,Temple,,15-13,North Texas,,20-7,1,3,21,25,25,27,25,17,21,25,,
2025-11-09,6407412,final,FALSE,Jackson St.,,12-12,Alabama A&M,,16-10,3,1,22,25,25,18,25,22,25,20,,
2025-11-09,6408138,final,FALSE,Georgetown,,13-14,Creighton,,21-5,0,3,8,25,12,25,12,25,,,,
2025-11-09,6410201,final,FALSE,Ark.-Pine Bluff,,1-25,Southern U.,,12-15,0,3,8,25,17,25,16,25,,,,
2025-11-09,6410881,final,FALSE,Charlotte,,16-10,Wichita St.,,17-9,3,1,25,21,25,20,22,25,26,24,,
2025-11-09,6412857,final,FALSE,Georgia Tech,,13-10,Syracuse,,13-11,3,0,25,17,25,18,25,17,,,,
2025-11-09,6415288,final,FALSE,CSU Bakersfield,,5-21,Hawaii,,11-14,1,3,11,25,25,20,18,25,14,25,,
2025-11-09,6416437,final,FALSE,Eastern Ky.,,19-7,Stetson,,9-16,3,0,25,14,25,22,25,19,,,,
2025-11-09,6417308,final,FALSE,UNCW,,4-20,Elon,,7-18,2,3,25,21,22,25,19,25,25,21,16,18
2025-11-09,6417700,final,FALSE,Michigan,,17-8,Maryland,,8-16,3,0,25,18,25,10,25,15,,,,
2025-11-09,6417854,final,FALSE,Virginia,,10-14,Pittsburgh,,21-3,0,3,15,25,19,25,12,25,,,,
2025-11-09,6418409,final,FALSE,N.C. Central,,9-17,Norfolk St.,,5-22,2,3,25,12,23,25,21,25,25,17,13,15
2025-11-09,6421728,final,FALSE,UAlbany,,12-11,NJIT,,5-20,2,3,25,22,25,16,18,25,18,25,12,15
2025-11-09,6422201,final,FALSE,Davidson,,10-16,Duquesne,,17-10,1,3,25,19,19,25,19,25,15,25,,
2025-11-09,6422846,final,FALSE,Southern California,,19-5,Washington,,10-14,3,1,21,25,25,20,25,19,25,16,,
2025-11-09,6423391,final,FALSE,Michigan St.,,18-6,Oregon,,14-10,3,2,23,25,25,16,25,21,21,25,16,14
2025-11-09,6423449,final,FALSE,Fla. Atlantic,,17-10,Rice,,17-8,0,3,20,25,19,25,24,26,,,,
2025-11-09,6426982,final,FALSE,Notre Dame,,9-13,NC State,,11-13,3,2,21,25,25,20,25,21,18,25,15,8
2025-11-09,6427620,final,FALSE,Utah,,11-13,Baylor,,14-8,0,3,19,25,12,25,22,25,,,,
2025-11-09,6428564,final,FALSE,Bellarmine,,11-15,FGCU,,16-8,1,3,25,18,17,25,18,25,21,25,,
2025-11-10,6393866,final,FALSE,Ark.-Pine Bluff,,1-26,Alcorn,,3-24,0,3,12,25,27,29,18,25,,,,
2025-11-10,6407420,final,FALSE,Mississippi Val.,,4-18,Alabama A&M,,17-10,1,3,12,25,19,25,25,21,10,25,,
2025-11-10,6410204,final,FALSE,Grambling,,7-18,Southern U.,,13-15,1,3,17,25,21,25,26,24,18,25,,
2025-11-11,6402673,final,FALSE,Austin Peay,,4-23,Lipscomb,,14-11,0,3,14,25,16,25,20,25,,,,
2025-11-11,6409168,final,FALSE,Southeastern La.,,19-8,Nicholls,,12-16,3,1,25,18,25,23,17,25,25,17,,
2025-11-11,6417251,final,FALSE,New Orleans,,8-20,McNeese,,8-19,1,3,17,25,18,25,25,18,23,25,,
2025-11-12,6387256,final,FALSE,LSU,,12-13,Georgia,,16-8,1,3,21,25,25,21,20,25,26,28,,
2025-11-12,6390504,final,FALSE,Jacksonville St.,,13-14,Louisiana Tech,,9-20,2,3,14,25,25,18,21,25,25,17,8,15
2025-11-12,6391350,final,FALSE,UCF,,15-10,Cincinnati,,13-10,0,3,21,25,19,25,22,25,,,,
2025-11-12,6391563,final,FALSE,Georgia Tech,,14-10,Clemson,,16-11,3,0,25,23,25,17,25,18,,,,
2025-11-12,6392900,final,FALSE,West Virginia,,15-10,Texas Tech,,10-15,3,2,29,27,21,25,25,15,15,25,15,10
2025-11-12,6394710,final,FALSE,Howard,,15-10,Temple,,16-13,2,3,25,22,25,19,16,25,18,25,11,15
2025-11-12,6399108,final,FALSE,South Fla.,,15-11,Fla. Atlantic,,18-10,0,3,21,25,20,25,20,25,,,,
2025-11-12,6402062,final,FALSE,Texas,,20-2,Auburn,,16-9,3,2,25,19,25,21,21,25,22,25,15,9
2025-11-12,6403239,final,FALSE,Baylor,,14-9,Kansas St.,,15-7,1,3,17,25,25,23,23,25,20,25,,
2025-11-12,6406401,final,FALSE,Texas A&M,,21-3,Florida,,13-10,3,0,25,17,25,18,25,23,,,,
2025-11-12,6407784,final,FALSE,Washington St.,,15-8,Gonzaga,,13-11,3,1,25,21,19,25,25,15,25,18,,
2025-11-12,6409805,final,FALSE,Queens (NC),,17-11,West Ga.,,2-26,3,0,25,12,25,20,25,20,,,,
2025-11-12,6411990,final,FALSE,Ole Miss,,12-13,South Carolina,,10-14,0,3,21,25,21,25,15,25,,,,
2025-11-12,6416442,final,FALSE,FGCU,,17-8,Stetson,,9-17,3,1,23,25,25,22,25,22,25,23,,
2025-11-12,6426072,final,FALSE,Houston Christian,,12-16,UIW,,15-12,0,3,16,25,18,25,5,25,,,,
2025-11-13,6386820,final,FALSE,Louisiana,,14-11,Ga. Southern,,19-7,0,3,18,25,16,25,16,25,,,,
2025-11-13,6387771,final,FALSE,Oral Roberts,,3-23,Denver,,16-10,0,3,21,25,15,25,14,25,,,,
2025-11-13,6388610,final,FALSE,Northwestern,,15-12,Iowa,,14-13,2,3,20,25,25,17,27,25,27,29,9,15
2025-11-13,6389090,final,FALSE,Purdue Fort Wayne,,3-25,Youngstown St.,,15-13,0,3,16,25,14,25,13,25,,,,
2025-11-13,6389131,final,FALSE,Iowa St.,,19-5,Houston,,8-16,3,1,18,25,32,30,25,21,25,20,,
2025-11-13,6389720,final,FALSE,Santa Clara,,15-9,LMU (CA),,5-18,3,2,15,25,27,25,16,25,25,17,15,10
2025-11-13,6389998,final,FALSE,UNC Greensboro,,15-11,ETSU,,20-6,2,3,25,20,20,25,25,23,14,25,5,15
2025-11-13,6390506,final,FALSE,Jacksonville St.,,14-14,Louisiana Tech,,9-21,3,1,30,28,22,25,25,23,25,18,,
2025-11-13,6390883,final,FALSE,UTRGV,,19-7,Northwestern St.,,1-28,3,0,25,16,25,17,25,12,,,,
2025-11-13,6391657,final,FALSE,San Diego,,20-4,Oregon St.,,16-8,3,0,25,18,25,16,25,14,,,,
2025-11-13,6392997,final,FALSE,TCU,,18-8,Colorado,,21-5,2,3,21,25,25,19,25,19,27,29,17,19
2025-11-13,6394197,final,FALSE,Tennessee Tech,,13-14,Little Rock,,14-13,3,2,25,19,25,22,13,25,11,25,17,15
2025-11-13,6394794,final,FALSE,A&M-Corpus Christi,,11-16,East Texas A&M,,9-17,3,1,25,15,14,25,25,22,25,13,,
2025-11-13,6395017,final,FALSE,Saint Mary's (CA),,8-16,San Francisco,,4-20,2,3,25,17,21,25,25,23,21,25,13,15
2025-11-13,6397340,final,FALSE,Texas St.,,15-11,James Madison,,20-7,3,2,21,25,19,25,25,19,25,21,15,12
2025-11-13,6397559,final,FALSE,South Dakota St.,,21-3,Kansas City,,3-24,3,0,25,19,25,19,25,20,,,,
2025-11-13,6398077,final,FALSE,Lindenwood,,10-13,Southern Ind.,,15-12,1,3,25,23,15,25,13,25,19,25,,
2025-11-13,6398269,final,FALSE,St. Thomas (MN),,16-9,North Dakota St.,,15-9,1,3,25,18,13,25,15,25,22,25,,
2025-11-13,6398532,final,FALSE,Tennessee St.,,1-29,UT Martin,,3-23,0,3,19,25,14,25,21,25,,,,
2025-11-13,6398674,final,FALSE,SFA,,19-7,Lamar University,,17-13,3,0,25,15,25,21,27,25,,,,
2025-11-13,6400291,final,FALSE,Tarleton St.,,14-9,Utah Tech,,18-5,0,3,30,32,16,25,26,28,,,,
2025-11-13,6400536,final,FALSE,Marshall,,15-13,Southern Miss.,,15-11,1,3,25,18,22,25,20,25,23,25,,
2025-11-13,6400650,final,FALSE,Arizona,,14-10,Arizona St.,,21-3,1,3,11,25,25,20,18,25,22,25,,
2025-11-13,6400693,final,FALSE,UC Riverside,,7-18,Long Beach St.,,18-8,0,3,14,25,9,25,13,25,,,,
2025-11-13,6400981,final,FALSE,Cal Poly,,21-6,UC Santa Barbara,,19-8,2,3,28,26,17,25,22,25,25,22,13,15
2025-11-13,6401939,final,FALSE,California Baptist,,7-17,Abilene Christian,,12-15,0,3,15,25,18,25,19,25,,,,
2025-11-13,6402051,final,FALSE,Morehead St.,,19-7,Eastern Ill.,,19-6,0,3,24,26,18,25,12,25,,,,
2025-11-13,6403267,final,FALSE,Central Mich.,,9-20,Ball St.,,20-9,0,3,22,25,19,25,18,25,,,,
2025-11-13,6403286,final,FALSE,Idaho St.,,9-16,Northern Colo.,,13-14,0,3,21,25,19,25,21,25,,,,
2025-11-13,6406794,final,FALSE,Western Ill.,,7-21,Southeast Mo. St.,,17-12,0,3,24,26,18,25,18,25,,,,
2025-11-13,6408465,final,FALSE,Virginia Tech,,11-15,Duke,,5-21,3,2,29,27,18,25,25,22,20,25,16,14
2025-11-13,6408953,final,FALSE,Central Ark.,,14-11,Eastern Ky.,,19-8,3,0,25,16,25,18,25,23,,,,
2025-11-13,6409172,final,FALSE,Southeastern La.,,20-8,McNeese,,8-20,3,0,25,15,25,10,25,22,,,,
2025-11-13,6409207,final,FALSE,Western Mich.,,16-14,Ohio,,13-16,3,1,11,25,25,20,25,18,25,15,,
2025-11-13,6411285,final,FALSE,Wyoming,,14-12,UNLV,,12-13,3,1,25,23,24,26,25,21,26,24,,
2025-11-13,6411577,final,FALSE,Boise St.,,16-10,San Jose St.,,12-14,1,3,25,18,20,25,21,25,23,25,,
2025-11-13,6414163,final,FALSE,New Mexico,,12-14,Nevada,,8-17,3,0,25,22,25,20,25,20,,,,
2025-11-13,6417392,final,FALSE,Grand Canyon,,16-10,Air Force,,15-12,2,3,25,21,26,24,23,25,24,26,12,15
2025-11-13,6418463,final,FALSE,Colorado St.,,17-8,San Diego St.,,13-13,3,1,25,20,25,23,24,26,25,18,,
2025-11-13,6420978,final,FALSE,Portland,,12-13,Seattle U,,7-17,3,0,25,18,25,23,25,17,,,,
2025-11-13,6422606,final,FALSE,Idaho,,5-20,Montana,,16-8,0,3,22,25,23,25,20,25,,,,
2025-11-13,6422776,final,FALSE,Belmont,,17-9,Murray St.,,4-20,3,1,17,25,25,20,25,20,25,14,,
2025-11-13,6422934,final,FALSE,Utah St.,,18-7,Fresno St.,,6-20,3,0,25,22,25,22,25,21,,,,
2025-11-13,6423012,final,FALSE,New Orleans,,8-21,Nicholls,,13-16,0,3,20,25,11,25,21,25,,,,
2025-11-13,6423695,final,FALSE,Florida St.,,13-11,Louisville,,21-4,1,3,20,25,25,19,19,25,19,25,,
2025-11-13,6423978,final,FALSE,Eastern Wash.,,2-23,Montana St.,,12-12,0,3,20,25,15,25,22,25,,,,
2025-11-13,6425569,final,FALSE,Weber St.,,15-10,Northern Ariz.,,21-6,2,3,25,18,25,16,11,25,12,25,12,15
2025-11-13,6427056,final,FALSE,UT Arlington,,11-12,Southern Utah,,3-19,1,3,21,25,20,25,25,18,19,25,,
2025-11-13,6427659,final,FALSE,Georgia St.,,17-9,ULM,,10-19,3,1,25,21,25,15,20,25,25,21,,
2025-11-13,6427876,final,FALSE,Omaha,,9-14,North Dakota,,7-18,3,1,24,26,25,20,25,21,25,19,,
2025-11-13,6428015,final,FALSE,Kennesaw St.,,17-8,New Mexico St.,,14-14,3,1,15,25,25,19,25,17,28,26,,
2025-11-13,6437915,final,FALSE,UC Irvine,,11-16,CSUN,,15-11,2,3,25,15,25,23,23,25,25,27,10,15
2025-11-14,6386823,final,FALSE,Louisiana,,15-11,Ga. Southern,,19-8,3,2,25,17,25,22,19,25,25,27,15,13
2025-11-14,6386905,final,FALSE,Sacred Heart,,10-19,Iona,,11-20,2,3,26,28,21,25,25,16,25,21,6,15
2025-11-14,6387369,final,FALSE,Oregon,,14-11,Indiana,,20-5,1,3,25,20,21,25,22,25,14,25,,
2025-11-14,6387374,final,FALSE,Washington,,10-15,Illinois,,13-11,1,3,25,22,20,25,16,25,13,25,,
2025-11-14,6387491,final,FALSE,Bradley,,13-14,UIC,,16-9,1,3,26,24,18,25,24,26,20,25,,
2025-11-14,6387658,final,FALSE,Furman,,20-7,Western Caro.,,7-19,3,2,18,25,25,22,25,15,18,25,15,12
2025-11-14,6387912,final,FALSE,UC Davis,,17-6,Long Beach St.,,19-8,1,3,19,25,15,25,25,14,23,25,,
2025-11-14,6388331,final,FALSE,Northern Ky.,,20-8,IU Indy,,17-12,3,1,25,15,27,25,17,25,25,19,,
2025-11-14,6388747,final,FALSE,Bowling Green,,15-14,Buffalo,,9-17,3,1,25,22,20,25,25,20,25,19,,
2025-11-14,6389094,final,FALSE,Purdue Fort Wayne,,3-26,Youngstown St.,,16-13,0,3,19,25,19,25,24,26,,,,
2025-11-14,6389344,final,FALSE,Morgan St.,,11-13,Coppin St.,,20-11,0,3,18,25,21,25,20,25,,,,
2025-11-14,6389552,final,FALSE,Alabama St.,,12-15,Southern U.,,13-16,3,0,25,20,25,20,25,15,,,,
2025-11-14,6389557,final,FALSE,Alabama A&M,,18-10,Alcorn,,3-25,3,0,25,9,25,12,25,21,,,,
2025-11-14,6389593,final,FALSE,Western Ky.,,23-5,Liberty,,20-8,3,0,25,20,25,22,25,17,,,,
2025-11-14,6390090,final,FALSE,UNC Asheville,,10-17,USC Upstate,,14-13,3,0,25,23,25,22,25,20,,,,
2025-11-14,6390138,final,FALSE,UNI,,22-5,Murray St.,,4-21,3,0,25,9,25,21,25,15,,,,
2025-11-14,6390192,final,FALSE,Wake Forest,,12-14,Syracuse,,13-12,3,1,21,25,25,19,26,24,25,20,,
2025-11-14,6390517,final,FALSE,Harvard,,6-15,Princeton,,15-6,0,3,20,25,21,25,15,25,,,,
2025-11-14,6390891,final,FALSE,Columbia,,2-21,Brown,,14-8,0,3,16,25,25,27,22,25,,,,
2025-11-14,6390901,final,FALSE,The Citadel,,0-25,Chattanooga,,15-12,0,3,18,25,21,25,16,25,,,,
2025-11-14,6390972,final,FALSE,SMU,,20-5,California,,7-18,3,0,25,19,25,14,25,14,,,,
2025-11-14,6391084,final,FALSE,Old Dominion,,5-21,Arkansas St.,,18-8,0,3,14,25,15,25,7,25,,,,
2025-11-14,6391099,final,FALSE,Tulsa,,21-6,Temple,,16-14,3,1,18,25,25,19,25,21,25,23,,
2025-11-14,6391353,final,FALSE,UCF,,16-10,West Virginia,,15-11,3,0,25,18,25,22,25,20,,,,
2025-11-14,6391566,final,FALSE,Wofford,,14-12,ETSU,,21-6,1,3,19,25,13,25,26,24,24,26,,
2025-11-14,6391567,final,FALSE,Clemson,,16-12,Georgia Tech,,15-10,0,3,19,25,21,25,24,26,,,,
2025-11-14,6391709,final,FALSE,Milwaukee,,10-20,Cleveland St.,,6-22,3,0,25,19,25,17,25,18,,,,
2025-11-14,6392153,final,FALSE,Illinois St.,,13-14,Valparaiso,,20-8,3,2,25,21,21,25,16,25,27,25,15,8
2025-11-14,6392946,final,FALSE,Chicago St.,,1-24,Mercyhurst,,11-17,0,3,13,25,23,25,15,25,,,,
2025-11-14,6393038,final,FALSE,UMBC,,11-11,UAlbany,,13-11,0,3,15,25,23,25,19,25,,,,
2025-11-14,6393256,final,FALSE,Dayton,,22-6,Rhode Island,,5-24,3,0,25,11,25,17,25,14,,,,
2025-11-14,6393369,final,FALSE,Oakland,,7-22,Wright St.,,18-10,0,3,17,25,18,25,23,25,,,,
2025-11-14,6393806,final,FALSE,Memphis,,10-20,Charlotte,,17-10,0,3,23,25,13,25,13,25,,,,
2025-11-14,6393977,final,FALSE,North Ala.,,13-15,Eastern Ky.,,20-8,1,3,11,25,18,25,25,19,21,25,,
2025-11-14,6394198,final,FALSE,Tennessee Tech,,13-15,Little Rock,,15-13,1,3,25,22,13,25,17,25,22,25,,
2025-11-14,6394632,final,FALSE,Miami (FL),,22-4,Notre Dame,,9-14,3,1,25,14,25,14,24,26,25,18,,
2025-11-14,6394712,final,FALSE,Howard,,16-10,Norfolk St.,,5-23,3,0,25,17,25,21,25,10,,,,
2025-11-14,6395903,final,FALSE,Radford,,9-19,High Point,,16-9,0,3,16,25,17,25,14,25,,,,
2025-11-14,6396045,final,FALSE,American,,22-4,Lafayette,,4-21,3,0,25,15,25,14,25,20,,,,
2025-11-14,6396278,final,FALSE,Oklahoma,,15-9,Kentucky,,21-2,2,3,25,18,25,21,26,28,19,25,12,15
2025-11-14,6397019,final,FALSE,Ohio St.,,5-18,Michigan,,18-8,0,3,17,25,23,25,18,25,,,,
2025-11-14,6397361,final,FALSE,Texas St.,,16-11,James Madison,,20-8,3,2,18,25,25,19,25,13,22,25,15,8
2025-11-14,6398086,final,FALSE,Lindenwood,,10-14,Southern Ind.,,16-12,1,3,20,25,16,25,25,18,19,25,,
2025-11-14,6398155,final,FALSE,Drake,,15-11,Evansville,,6-21,3,1,26,28,25,21,25,15,25,21,,
2025-11-14,6398241,final,FALSE,UConn,,18-9,Villanova,,19-7,2,3,25,23,25,14,17,25,25,27,10,15
2025-11-14,6398552,final,FALSE,Tennessee St.,,1-30,UT Martin,,4-23,2,3,18,25,25,19,16,25,27,25,7,15
2025-11-14,6399054,final,FALSE,Virginia,,10-15,North Carolina,,19-5,1,3,18,25,25,23,19,25,22,25,,
2025-11-14,6399172,final,FALSE,Hofstra,,20-3,Northeastern,,9-15,3,1,25,15,24,26,25,22,25,21,,
2025-11-14,6400549,final,FALSE,Marshall,,15-14,Southern Miss.,,16-11,1,3,19,25,26,24,16,25,23,25,,
2025-11-14,6400907,final,FALSE,Missouri St.,,10-16,Middle Tenn.,,11-16,0,3,23,25,24,26,16,25,,,,
2025-11-14,6400988,final,FALSE,Hawaii,,11-15,UC Santa Barbara,,20-8,0,3,19,25,12,25,22,25,,,,
2025-11-14,6400993,final,FALSE,Presbyterian,,6-20,Charleston So.,,16-12,0,3,15,25,20,25,13,25,,,,
2025-11-14,6401392,final,FALSE,FGCU,,18-8,Jacksonville,,20-7,3,1,26,28,27,25,25,18,25,19,,
2025-11-14,6401995,final,FALSE,Bethune-Cookman,,13-14,Jackson St.,,13-12,1,3,28,26,25,27,18,25,11,25,,
2025-11-14,6402039,final,FALSE,Morehead St.,,19-8,Eastern Ill.,,20-6,1,3,25,18,14,25,15,25,21,25,,
2025-11-14,6402273,final,FALSE,Binghamton,,12-13,New Hampshire,,9-14,3,0,25,18,25,16,25,20,,,,
2025-11-14,6403271,final,FALSE,Central Mich.,,9-21,Ball St.,,21-9,0,3,18,25,23,25,15,25,,,,
2025-11-14,6403397,final,FALSE,BYU,,18-8,Utah,,12-13,2,3,25,17,25,22,21,25,21,25,12,15
2025-11-14,6404476,final,FALSE,Delaware St.,,11-17,UMES,,10-17,3,0,25,15,25,21,25,21,,,,
2025-11-14,6405158,final,FALSE,UTSA,,13-13,Fla. Atlantic,,19-10,0,3,24,26,21,25,21,25,,,,
2025-11-14,6405286,final,FALSE,Saint Louis,,13-15,Davidson,,11-16,1,3,23,25,25,20,19,25,13,25,,
2025-11-14,6405345,final,FALSE,Creighton,,22-5,St. John's (NY),,9-19,3,0,25,15,25,13,25,18,,,,
2025-11-14,6405711,final,FALSE,Cincinnati,,14-10,Texas Tech,,10-16,3,2,22,25,21,25,25,23,25,19,15,7
2025-11-14,6406323,final,FALSE,Merrimack,,9-17,Canisius,,11-16,2,3,25,23,25,21,21,25,20,25,10,15
2025-11-14,6406404,final,FALSE,Florida,,14-10,Ole Miss,,12-14,3,1,25,20,19,25,25,19,25,21,,
2025-11-14,6406814,final,FALSE,Western Ill.,,7-22,Southeast Mo. St.,,18-12,0,3,16,25,15,25,18,25,,,,
2025-11-14,6407579,final,FALSE,Cal St. Fullerton,,8-19,CSU Bakersfield,,6-21,0,3,13,25,18,25,18,25,,,,
2025-11-14,6407637,final,FALSE,Eastern Mich.,,12-18,Miami (OH),,16-13,1,3,29,31,25,23,31,33,23,25,,
2025-11-14,6407825,final,FALSE,Stony Brook,,11-13,UNCW,,4-21,3,0,25,20,26,24,25,14,,,,
2025-11-14,6408795,final,FALSE,UC Riverside,,8-18,UC San Diego,,6-21,3,1,25,20,26,24,19,25,25,18,,
2025-11-14,6408921,final,FALSE,Tulane,,11-15,North Texas,,21-7,1,3,21,25,25,17,14,25,12,25,,
2025-11-14,6408966,final,FALSE,Toledo,,19-10,Akron,,16-12,0,3,18,25,22,25,21,25,,,,
2025-11-14,6409213,final,FALSE,Western Mich.,,16-15,Ohio,,14-16,1,3,25,17,23,25,20,25,25,27,,
2025-11-14,6409963,final,FALSE,Green Bay,,10-18,Robert Morris,,9-19,3,1,25,15,18,25,29,27,25,22,,
2025-11-14,6410454,final,FALSE,Sam Houston,,10-18,Delaware,,8-16,2,3,16,25,25,16,25,22,24,26,13,15
2025-11-14,6410554,final,FALSE,Stetson,,9-18,North Florida,,13-15,2,3,25,22,10,25,25,20,13,25,10,15
2025-11-14,6411003,final,FALSE,Portland St.,,11-14,Sacramento St.,,17-9,1,3,24,26,25,22,18,25,28,30,,
2025-11-14,6411203,final,FALSE,FIU,,18-10,UTEP,,24-3,0,3,20,25,22,25,23,25,,,,
2025-11-14,6411482,final,FALSE,Nebraska,,25-0,UCLA,,14-11,3,1,25,17,25,23,19,25,25,15,,
2025-11-14,6412187,final,FALSE,William & Mary,,11-15,Hampton,,1-25,3,0,25,14,25,20,25,15,,,,
2025-11-14,6412377,final,FALSE,Arkansas,,5-20,Tennessee,,18-6,0,3,18,25,15,25,15,25,,,,
2025-11-14,6413992,final,FALSE,Cornell,,14-9,Yale,,13-8,0,3,20,25,19,25,16,25,,,,
2025-11-14,6414312,final,FALSE,Pittsburgh,,21-4,Stanford,,23-3,2,3,24,26,22,25,25,18,25,17,14,16
2025-11-14,6414325,final,FALSE,Florida A&M,,10-16,Mississippi Val.,,4-19,3,0,25,16,25,10,25,19,,,,
2025-11-14,6414847,final,FALSE,Auburn,,16-10,LSU,,13-13,2,3,21,25,25,14,25,22,20,25,12,15
2025-11-14,6416503,final,FALSE,Winthrop,,18-6,Gardner-Webb,,12-19,3,2,25,20,20,25,22,25,25,22,15,12
2025-11-14,6417003,final,FALSE,Providence,,12-16,Georgetown,,14-14,1,3,13,25,21,25,25,22,23,25,,
2025-11-14,6418176,final,FALSE,Siena,,13-18,Rider,,13-15,1,3,18,25,25,22,20,25,19,25,,
2025-11-14,6418234,final,FALSE,Fairfield,,22-5,Manhattan,,4-23,3,0,25,23,26,24,25,22,,,,
2025-11-14,6418297,final,FALSE,Marist,,10-19,Saint Peter's,,7-21,3,0,25,17,28,26,25,18,,,,
2025-11-14,6420202,final,FALSE,Quinnipiac,,18-11,Niagara,,11-14,3,1,26,28,25,21,25,15,25,22,,
2025-11-14,6420442,final,FALSE,Campbell,,21-5,N.C. A&T,,13-11,3,2,20,25,26,24,25,16,14,25,15,12
2025-11-14,6421155,final,FALSE,Southern Ill.,,12-17,Indiana St.,,9-18,3,2,25,19,20,25,26,28,25,16,15,12
2025-11-14,6421223,final,FALSE,South Alabama,,14-12,Coastal Carolina,,17-10,0,3,20,25,20,25,20,25,,,,
2025-11-14,6421729,final,FALSE,NJIT,,5-21,Bryant,,16-11,0,3,22,25,15,25,21,25,,,,
2025-11-14,6421933,final,FALSE,Rice,,18-8,Wichita St.,,17-10,3,0,27,25,25,20,25,17,,,,
2025-11-14,6422204,final,FALSE,Duquesne,,17-11,George Washington,,18-11,2,3,25,20,25,20,18,25,25,27,9,15
2025-11-14,6422621,final,FALSE,UAB,,12-15,East Carolina,,12-14,2,3,21,25,25,19,25,22,17,25,10,15
2025-11-14,6423208,final,FALSE,Maryland,,8-17,Purdue,,22-3,0,3,19,25,17,25,18,25,,,,
2025-11-14,6423310,final,FALSE,Loyola Chicago,,14-15,George Mason,,17-11,3,0,25,20,25,18,25,23,,,,
2025-11-14,6423392,final,FALSE,Wisconsin,,19-4,Michigan St.,,18-7,3,0,25,17,25,21,28,26,,,,
2025-11-14,6423648,final,FALSE,Texas Southern,,10-18,Ark.-Pine Bluff,,1-27,3,0,25,14,26,24,25,18,,,,
2025-11-14,6423670,final,FALSE,Dartmouth,,7-16,Penn,,12-11,1,3,25,22,23,25,17,25,27,29,,
2025-11-14,6425122,final,FALSE,NIU,,12-14,Kent St.,,8-20,3,2,14,25,25,21,27,25,23,25,15,12
2025-11-14,6425429,final,FALSE,Penn St.,,14-11,Minnesota,,18-8,0,3,23,25,23,25,22,25,,,,
2025-11-14,6425960,final,FALSE,NC State,,12-13,Boston College,,16-11,3,1,23,25,25,20,25,22,25,19,,
2025-11-14,6426311,final,FALSE,Central Conn. St.,,9-18,FDU,,17-11,0,3,23,25,23,25,16,25,,,,
2025-11-14,6426468,final,FALSE,Rutgers,,11-16,Southern California,,20-5,0,3,13,25,17,25,10,25,,,,
2025-11-14,6426785,final,FALSE,Troy,,9-14,App State,,14-12,3,2,25,15,24,26,25,13,23,25,15,11
2025-11-14,6427311,final,FALSE,Missouri,,17-9,Mississippi St.,,16-8,3,0,25,14,26,24,25,21,,,,
2025-11-14,6427417,final,FALSE,Mercer,,9-19,Samford,,12-14,1,3,21,25,26,24,25,27,18,25,,
2025-11-14,6427663,final,FALSE,Georgia St.,,18-9,ULM,,10-20,3,0,25,18,25,23,25,15,,,,
2025-11-14,6428016,final,FALSE,Kennesaw St.,,18-8,New Mexico St.,,14-15,3,1,25,23,20,25,25,18,25,17,,
2025-11-14,6428160,final,FALSE,Vanderbilt,,6-17,Alabama,,12-12,1,3,19,25,25,22,21,25,21,25,,
2025-11-14,6428702,final,FALSE,Stonehill,,6-23,LIU,,17-8,0,3,14,25,7,25,10,25,,,,
2025-11-14,6428921,final,FALSE,Central Ark.,,15-11,Bellarmine,,11-16,3,0,25,22,25,10,25,13,,,,
2025-11-14,6429138,final,FALSE,Le Moyne,,4-23,Saint Francis,,18-8,0,3,23,25,15,25,18,25,,,,
2025-11-14,6438020,final,FALSE,Prairie View,,17-11,Grambling,,7-19,3,0,25,18,25,12,25,12,,,,
2025-11-15,6386889,final,FALSE,South Dakota,,19-8,Oral Roberts,,3-24,3,2,25,13,22,25,21,25,25,13,15,11
2025-11-15,6386907,final,FALSE,Fairfield,,23-5,Iona,,11-21,3,0,25,18,27,25,25,17,,,,
2025-11-15,6387380,final,FALSE,Wisconsin,,20-4,Illinois,,13-12,3,0,35,33,25,15,25,23,,,,
2025-11-15,6387495,final,FALSE,Bradley,,13-15,Valparaiso,,21-8,2,3,16,25,20,25,25,22,25,21,12,15
2025-11-15,6387660,final,FALSE,Furman,,20-8,Chattanooga,,16-12,1,3,15,25,25,20,19,25,20,25,,
2025-11-15,6387774,final,FALSE,Denver,,17-10,Kansas City,,3-25,3,0,25,15,25,9,25,22,,,,
2025-11-15,6387915,final,FALSE,UC Davis,,18-6,UC San Diego,,6-22,3,1,25,18,25,21,20,25,25,13,,
2025-11-15,6388333,final,FALSE,Northern Ky.,,21-8,IU Indy,,17-13,3,2,25,20,22,25,13,25,25,20,15,12
2025-11-15,6388749,final,FALSE,Bowling Green,,16-14,Buffalo,,9-18,3,0,25,17,25,20,25,18,,,,
2025-11-15,6389143,final,FALSE,Baylor,,15-9,Houston,,8-17,3,1,25,20,14,25,25,20,35,33,,
2025-11-15,6389597,final,FALSE,Western Ky.,,24-5,Liberty,,20-9,3,0,25,13,26,24,25,20,,,,
2025-11-15,6389722,final,FALSE,Santa Clara,,15-10,Pepperdine,,18-7,0,3,17,25,10,25,8,25,,,,
2025-11-15,6390002,final,FALSE,Wofford,,14-13,UNC Greensboro,,16-11,0,3,14,25,24,26,15,25,,,,
2025-11-15,6390139,final,FALSE,UNI,,23-5,Belmont,,17-10,3,1,22,25,25,22,25,11,26,24,,
2025-11-15,6390519,final,FALSE,Dartmouth,,7-17,Princeton,,16-6,0,3,12,25,22,25,15,25,,,,
2025-11-15,6390823,final,FALSE,TCU,,18-9,Iowa St.,,20-5,1,3,19,25,22,25,25,20,19,25,,
2025-11-15,6390889,final,FALSE,A&M-Corpus Christi,,12-16,Northwestern St.,,1-29,3,0,25,19,25,19,25,18,,,,
2025-11-15,6390893,final,FALSE,Cornell,,15-9,Brown,,14-9,3,0,25,10,25,22,25,22,,,,
2025-11-15,6390907,final,FALSE,The Citadel,,0-26,Samford,,13-14,0,3,21,25,9,25,20,25,,,,
2025-11-15,6391085,final,FALSE,Old Dominion,,5-22,Arkansas St.,,19-8,0,3,14,25,13,25,17,25,,,,
2025-11-15,6391659,final,FALSE,Oregon St.,,17-8,Pacific,,8-17,3,0,25,22,25,12,25,12,,,,
2025-11-15,6391693,final,FALSE,Kansas,,20-8,Kansas St.,,15-8,3,0,25,22,25,20,26,24,,,,
2025-11-15,6391707,final,FALSE,Milwaukee,,11-20,Cleveland St.,,6-23,3,0,25,23,25,14,25,22,,,,
2025-11-15,6392957,final,FALSE,Chicago St.,,1-25,Mercyhurst,,12-17,0,3,25,27,18,25,18,25,,,,
2025-11-15,6393201,final,FALSE,Mercer,,10-19,Western Caro.,,7-20,3,1,21,25,25,17,28,26,25,22,,
2025-11-15,6393262,final,FALSE,Dayton,,23-6,Rhode Island,,5-25,3,0,25,14,25,14,25,16,,,,
2025-11-15,6393371,final,FALSE,Oakland,,7-23,Wright St.,,19-10,0,3,22,25,20,25,21,25,,,,
2025-11-15,6393430,final,FALSE,Utah Valley,,14-10,Abilene Christian,,12-16,3,2,25,17,16,25,13,25,25,20,15,11
2025-11-15,6393979,final,FALSE,North Ala.,,14-15,Bellarmine,,11-17,3,2,25,16,21,25,25,17,23,25,19,17
2025-11-15,6394304,final,FALSE,Elon,,7-19,Col. of Charleston,,17-9,1,3,14,25,25,20,21,25,16,25,,
2025-11-15,6394795,final,FALSE,UTRGV,,20-7,East Texas A&M,,9-18,3,0,25,10,25,19,25,17,,,,
2025-11-15,6395018,final,FALSE,LMU (CA),,5-19,San Francisco,,5-20,1,3,16,25,25,22,20,25,19,25,,
2025-11-15,6396636,final,FALSE,Navy,,12-13,Colgate,,18-9,1,3,25,19,10,25,11,25,17,25,,
2025-11-15,6397868,final,FALSE,Marquette,,16-9,Butler,,12-16,3,0,25,16,25,20,25,14,,,,
2025-11-15,6398172,final,FALSE,Drake,,16-11,Indiana St.,,9-19,3,0,26,24,25,15,25,10,,,,
2025-11-15,6398260,final,FALSE,UConn,,19-9,Georgetown,,14-15,3,1,25,20,25,21,27,29,25,23,,
2025-11-15,6398294,final,FALSE,St. Thomas (MN),,17-9,North Dakota,,7-19,3,1,25,12,29,31,25,18,25,15,,
2025-11-15,6398858,final,FALSE,Lamar University,,17-14,SFA,,20-7,0,3,12,25,19,25,18,25,,,,
2025-11-15,6399185,final,FALSE,Hofstra,,21-3,Northeastern,,9-16,3,1,28,26,19,25,25,19,25,11,,
2025-11-15,6400136,final,FALSE,Providence,,12-17,Villanova,,20-7,0,3,17,25,19,25,20,25,,,,
2025-11-15,6400309,final,FALSE,UT Arlington,,11-13,Utah Tech,,19-5,0,3,16,25,18,25,19,25,,,,
2025-11-15,6400918,final,FALSE,Missouri St.,,11-16,Middle Tenn.,,11-17,3,0,25,17,25,15,25,16,,,,
2025-11-15,6401400,final,FALSE,Stetson,,9-19,Jacksonville,,21-7,0,3,12,25,16,25,15,25,,,,
2025-11-15,6402677,final,FALSE,Lipscomb,,14-12,Queens (NC),,18-11,1,3,25,18,21,25,21,25,16,25,,
2025-11-15,6403013,final,FALSE,Arizona St.,,22-3,Colorado,,21-6,3,2,25,19,25,22,18,25,21,25,15,12
2025-11-15,6403291,final,FALSE,Idaho St.,,9-17,Northern Ariz.,,22-6,1,3,25,22,42,44,22,25,14,25,,
2025-11-15,6403595,final,FALSE,Lehigh,,12-13,Loyola Maryland,,7-18,0,3,22,25,21,25,21,25,,,,
2025-11-15,6403854,final,FALSE,Army West Point,,17-8,Bucknell,,12-13,0,3,10,25,11,25,16,25,,,,
2025-11-15,6403875,final,FALSE,Creighton,,23-5,Seton Hall,,6-20,3,0,25,14,25,13,25,13,,,,
2025-11-15,6405292,final,FALSE,Saint Louis,,13-16,Davidson,,12-16,1,3,25,23,27,29,21,25,20,25,,
2025-11-15,6406327,final,FALSE,Merrimack,,9-18,Niagara,,12-14,2,3,25,23,25,17,16,25,18,25,5,15
2025-11-15,6407591,final,FALSE,Cal St. Fullerton,,8-20,CSUN,,16-11,0,3,22,25,18,25,15,25,,,,
2025-11-15,6407643,final,FALSE,Eastern Mich.,,13-18,Miami (OH),,16-14,3,2,25,19,17,25,25,20,24,26,15,10
2025-11-15,6407786,final,FALSE,Gonzaga,,13-12,Saint Mary's (CA),,9-16,0,3,20,25,23,25,22,25,,,,
2025-11-15,6407827,final,FALSE,Stony Brook,,11-14,UNCW,,5-21,1,3,25,21,23,25,19,25,22,25,,
2025-11-15,6408558,final,FALSE,Illinois St.,,13-15,UIC,,17-9,1,3,17,25,25,22,20,25,23,25,,
2025-11-15,6408687,final,FALSE,Weber St.,,15-11,Northern Colo.,,14-14,1,3,19,25,24,26,25,20,21,25,,
2025-11-15,6408968,final,FALSE,Toledo,,20-10,Akron,,16-13,3,1,25,19,25,16,20,25,25,14,,
2025-11-15,6409810,final,FALSE,Austin Peay,,5-23,West Ga.,,2-27,3,2,26,24,20,25,18,25,25,23,15,12
2025-11-15,6409814,final,FALSE,DePaul,,13-13,Xavier,,25-2,1,3,25,23,23,25,14,25,15,25,,
2025-11-15,6409967,final,FALSE,Green Bay,,11-18,Robert Morris,,9-20,3,0,25,13,25,22,25,23,,,,
2025-11-15,6410458,final,FALSE,Sam Houston,,11-18,Delaware,,8-17,3,1,19,25,25,23,25,21,25,18,,
2025-11-15,6410557,final,FALSE,FGCU,,19-8,North Florida,,13-16,3,0,27,25,25,23,25,15,,,,
2025-11-15,6411208,final,FALSE,FIU,,18-11,UTEP,,25-3,0,3,21,25,23,25,17,25,,,,
2025-11-15,6411290,final,FALSE,Wyoming,,15-12,San Diego St.,,13-14,3,0,25,14,25,12,25,19,,,,
2025-11-15,6411484,final,FALSE,Rutgers,,11-17,UCLA,,15-11,0,3,18,25,16,25,23,25,,,,
2025-11-15,6411579,final,FALSE,Boise St.,,17-10,Fresno St.,,6-21,3,0,25,15,25,20,25,21,,,,
2025-11-15,6413995,final,FALSE,Columbia,,2-22,Yale,,14-8,1,3,25,22,25,27,13,25,19,25,,
2025-11-15,6414165,final,FALSE,Grand Canyon,,17-10,Nevada,,8-18,3,1,10,25,25,21,25,18,26,24,,
2025-11-15,6414249,final,FALSE,Hawaii,,11-16,Cal Poly,,22-6,0,3,14,25,20,25,12,25,,,,
2025-11-15,6414786,final,FALSE,Quinnipiac,,19-11,Canisius,,11-17,3,2,23,25,19,25,25,17,25,20,15,13
2025-11-15,6417393,final,FALSE,New Mexico,,13-14,Air Force,,15-13,3,2,29,27,25,22,18,25,22,25,15,8
2025-11-15,6418022,final,FALSE,Omaha,,9-15,North Dakota St.,,16-9,2,3,25,12,25,23,21,25,21,25,12,15
2025-11-15,6418180,final,FALSE,Siena,,14-18,Saint Peter's,,7-22,3,1,26,24,25,16,21,25,25,22,,
2025-11-15,6418410,final,FALSE,South Carolina St.,,5-22,N.C. Central,,10-17,0,3,21,25,17,25,13,25,,,,
2025-11-15,6418464,final,FALSE,Colorado St.,,18-8,UNLV,,12-14,3,1,23,25,25,17,25,22,25,19,,
2025-11-15,6418505,final,FALSE,Seattle U,,7-18,Washington St.,,16-8,0,3,21,25,19,25,15,25,,,,
2025-11-15,6420445,final,FALSE,Campbell,,21-6,N.C. A&T,,14-11,1,3,20,25,25,17,23,25,19,25,,
2025-11-15,6420729,final,FALSE,Fordham,,9-18,VCU,,13-12,1,3,27,25,16,25,14,25,16,25,,
2025-11-15,6421158,final,FALSE,Southern Ill.,,13-17,Evansville,,6-22,3,0,25,19,37,35,25,20,,,,
2025-11-15,6421224,final,FALSE,South Alabama,,14-13,Coastal Carolina,,18-10,2,3,19,25,28,26,25,13,11,25,9,15
2025-11-15,6422227,final,FALSE,Duquesne,,17-12,George Washington,,19-11,2,3,19,25,17,25,25,22,25,18,10,15
2025-11-15,6422253,final,FALSE,Marist,,10-20,Rider,,14-15,0,3,19,25,17,25,17,25,,,,
2025-11-15,6422608,final,FALSE,Eastern Wash.,,2-24,Montana,,17-8,0,3,11,25,16,25,22,25,,,,
2025-11-15,6423312,final,FALSE,Loyola Chicago,,15-15,George Mason,,17-12,3,1,18,25,25,20,25,14,25,18,,
2025-11-15,6423542,final,FALSE,Oregon,,15-11,Purdue,,22-4,3,2,23,25,25,23,25,16,18,25,17,15
2025-11-15,6423750,final,FALSE,San Diego,,21-4,Portland,,12-14,3,2,24,26,25,17,25,15,23,25,15,10
2025-11-15,6425049,final,FALSE,Lafayette,,4-22,Holy Cross,,9-23,2,3,25,18,26,24,21,25,22,25,14,16
2025-11-15,6425127,final,FALSE,NIU,,13-14,Kent St.,,8-21,3,1,26,24,25,19,23,25,25,20,,
2025-11-15,6426058,final,FALSE,Idaho,,5-21,Montana St.,,13-12,0,3,18,25,19,25,19,25,,,,
2025-11-15,6426073,final,FALSE,UIW,,16-12,Houston Christian,,12-17,3,0,25,21,25,15,25,20,,,,
2025-11-15,6426314,final,FALSE,Central Conn. St.,,9-19,FDU,,18-11,0,3,21,25,19,25,21,25,,,,
2025-11-15,6426505,final,FALSE,Harvard,,7-15,Penn,,12-12,3,2,16,25,25,23,17,25,25,16,15,9
2025-11-15,6426786,final,FALSE,Troy,,9-15,App State,,15-12,0,3,23,25,17,25,20,25,,,,
2025-11-15,6427140,final,FALSE,Utah St.,,19-7,San Jose St.,,12-15,3,1,32,30,25,16,28,30,25,17,,
2025-11-15,6428037,final,FALSE,Tarleton St.,,15-9,Southern Utah,,3-20,3,2,22,25,19,25,26,24,25,23,15,12
2025-11-15,6428703,final,FALSE,Stonehill,,6-24,LIU,,18-8,0,3,13,25,9,25,14,25,,,,
2025-11-15,6429139,final,FALSE,Le Moyne,,4-24,Saint Francis,,19-8,0,3,15,25,6,25,17,25,,,,
2025-11-15,6429313,final,FALSE,Sacred Heart,,11-19,Manhattan,,4-24,3,0,25,21,25,18,25,17,,,,
2025-11-15,6489464,final,FALSE,UC Irvine,,12-16,CSU Bakersfield,,6-22,3,1,25,22,25,18,18,25,25,19,,
2025-11-16,6387259,final,FALSE,Georgia,,16-9,Texas A&M,,22-3,0,3,13,25,17,25,13,25,,,,
2025-11-16,6387371,final,FALSE,Maryland,,8-18,Indiana,,21-5,0,3,23,25,22,25,14,25,,,,
2025-11-16,6388615,final,FALSE,Minnesota,,19-8,Iowa,,14-14,3,2,21,25,25,19,25,18,23,25,15,13
2025-11-16,6390193,final,FALSE,Wake Forest,,13-14,Boston College,,16-12,3,1,25,20,25,20,13,25,25,18,,
2025-11-16,6390973,final,FALSE,SMU,,21-5,Stanford,,23-4,3,1,25,22,21,25,25,23,25,12,,
2025-11-16,6391104,final,FALSE,Tulane,,11-16,Tulsa,,22-6,0,3,14,25,24,26,21,25,,,,
2025-11-16,6393810,final,FALSE,Memphis,,11-20,East Carolina,,12-15,3,1,21,25,25,23,25,14,25,23,,
2025-11-16,6393869,final,FALSE,Alabama St.,,13-15,Alcorn,,3-26,3,0,25,14,25,8,25,13,,,,
2025-11-16,6394305,final,FALSE,Elon,,7-20,Col. of Charleston,,18-9,1,3,21,25,18,25,25,22,17,25,,
2025-11-16,6394633,final,FALSE,Miami (FL),,22-5,Louisville,,22-4,2,3,25,22,29,27,23,25,19,25,12,15
2025-11-16,6396305,final,FALSE,Arkansas,,5-21,Kentucky,,22-2,0,3,16,25,20,25,12,25,,,,
2025-11-16,6397031,final,FALSE,Ohio St.,,5-19,Penn St.,,15-11,2,3,22,25,25,15,31,29,14,25,12,15
2025-11-16,6397883,final,FALSE,Marquette,,17-9,Xavier,,25-3,3,1,25,20,25,18,19,25,25,13,,
2025-11-16,6399069,final,FALSE,Virginia Tech,,11-16,North Carolina,,20-5,0,3,20,25,19,25,12,25,,,,
2025-11-16,6399129,final,FALSE,UTSA,,13-14,South Fla.,,16-11,1,3,12,25,25,23,23,25,23,25,,
2025-11-16,6401634,final,FALSE,Pittsburgh,,22-4,California,,7-19,3,1,22,25,25,13,25,21,25,12,,
2025-11-16,6402002,final,FALSE,Bethune-Cookman,,14-14,Mississippi Val.,,4-20,3,0,25,19,25,15,25,21,,,,
2025-11-16,6402074,final,FALSE,South Carolina,,10-15,Texas,,21-2,1,3,16,25,21,25,25,19,21,25,,
2025-11-16,6403881,final,FALSE,St. John's (NY),,10-19,Seton Hall,,6-21,3,1,22,25,27,25,25,19,25,20,,
2025-11-16,6406307,final,FALSE,Wichita St.,,18-10,Temple,,16-15,3,1,25,15,20,25,26,24,25,17,,
2025-11-16,6407429,final,FALSE,Alabama A&M,,18-11,Southern U.,,14-16,2,3,25,19,25,21,23,25,21,25,13,15
2025-11-16,6408922,final,FALSE,Rice,,19-8,North Texas,,21-8,3,1,26,24,20,25,25,22,25,20,,
2025-11-16,6410883,final,FALSE,UAB,,13-15,Charlotte,,17-11,3,0,25,18,25,18,25,20,,,,
2025-11-16,6412191,final,FALSE,William & Mary,,12-15,Hampton,,1-26,3,0,25,23,25,19,25,11,,,,
2025-11-16,6412294,final,FALSE,Florida St.,,14-11,Notre Dame,,9-15,3,2,25,19,23,25,25,19,18,25,15,12
2025-11-16,6412862,final,FALSE,NC State,,13-13,Syracuse,,13-13,3,1,20,25,25,20,26,24,25,18,,
2025-11-16,6417044,final,FALSE,DePaul,,14-13,Butler,,12-17,3,1,25,19,21,25,25,22,25,22,,
2025-11-16,6417708,final,FALSE,Michigan St.,,18-8,Michigan,,19-8,0,3,19,25,19,25,18,25,,,,
2025-11-16,6417868,final,FALSE,Virginia,,11-15,Duke,,5-22,3,1,25,20,25,23,22,25,25,22,,
2025-11-16,6420529,final,FALSE,Oklahoma,,15-10,Tennessee,,19-6,1,3,11,25,15,25,25,21,19,25,,
2025-11-16,6420735,final,FALSE,Fordham,,9-19,VCU,,14-12,1,3,25,22,22,25,20,25,14,25,,
2025-11-16,6421251,final,FALSE,Florida A&M,,11-16,Jackson St.,,13-13,3,0,25,21,26,24,25,16,,,,
2025-11-16,6422848,final,FALSE,Washington,,11-15,Northwestern,,15-13,3,2,25,12,18,25,25,20,23,25,15,11
2025-11-16,6423651,final,FALSE,Prairie View,,18-11,Ark.-Pine Bluff,,1-28,3,0,25,9,25,7,25,15,,,,
2025-11-16,6426463,final,FALSE,Nebraska,,26-0,Southern California,,20-6,3,0,25,13,25,16,25,20,,,,
2025-11-16,6427313,final,FALSE,Vanderbilt,,7-17,Mississippi St.,,16-9,3,2,23,25,25,22,25,23,18,25,15,10
2025-11-16,6427990,final,FALSE,Missouri,,17-10,Alabama,,13-12,1,3,17,25,25,16,16,25,23,25,,
2025-11-16,6438021,final,FALSE,Texas Southern,,10-19,Grambling,,8-19,2,3,18,25,25,16,25,19,17,25,12,15
2025-11-18,6394199,final,FALSE,Little Rock,,16-13,Lindenwood,,10-15,3,0,25,23,25,19,25,19,,,,
2025-11-18,6397579,final,FALSE,Kansas City,,3-26,Omaha,,10-15,0,3,18,25,12,25,18,25,,,,
2025-11-18,6398102,final,FALSE,Southern Ind.,,17-12,Western Ill.,,7-23,3,0,25,13,25,23,25,21,,,,
2025-11-18,6398314,final,FALSE,Oral Roberts,,3-25,St. Thomas (MN),,18-9,0,3,17,25,18,25,12,25,,,,
2025-11-18,6398469,final,FALSE,North Dakota St.,,16-10,South Dakota,,20-8,0,3,20,25,16,25,16,25,,,,
2025-11-18,6398584,final,FALSE,UT Martin,,4-24,Morehead St.,,20-8,0,3,11,25,19,25,9,25,,,,
2025-11-18,6400729,final,FALSE,Long Beach St.,,20-8,UC San Diego,,6-23,3,0,25,21,25,17,25,11,,,,
2025-11-18,6402030,final,FALSE,Eastern Ill.,,20-7,Tennessee Tech,,14-15,0,3,22,25,24,26,20,25,,,,
2025-11-18,6423809,final,FALSE,North Dakota,,7-20,South Dakota St.,,22-3,0,3,18,25,14,25,15,25,,,,
2025-11-18,6426868,final,FALSE,Southeast Mo. St.,,19-12,SIUE,,12-16,3,1,17,25,25,16,25,17,25,21,,
2025-11-18,6489367,final,FALSE,Canisius,5,12-17,Niagara,4,12-15,3,1,25,14,25,18,21,25,26,24,,
2025-11-18,6489368,final,FALSE,Siena,6,14-19,Rider,3,15-15,0,3,20,25,15,25,18,25,,,,
2025-11-18,6489372,final,FALSE,Lehigh,6,12-14,Army West Point,3,18-8,0,3,20,25,17,25,18,25,,,,
2025-11-18,6489373,final,FALSE,Navy,5,13-13,Bucknell,4,12-14,3,2,21,25,25,22,20,25,25,22,15,8
2025-11-19,6389148,final,FALSE,Kansas St.,,16-8,Houston,,8-18,3,0,25,19,25,20,25,20,,,,
2025-11-19,6390319,final,FALSE,Montana,,17-9,Weber St.,,16-11,0,3,22,25,23,25,17,25,,,,
2025-11-19,6390828,final,FALSE,Iowa St.,,21-5,Cincinnati,,14-11,3,1,25,20,26,24,23,25,25,19,,
2025-11-19,6391358,final,FALSE,Arizona St.,,23-3,UCF,,16-11,3,0,25,19,25,18,25,13,,,,
2025-11-19,6391697,final,FALSE,Kansas,,20-9,Utah,,13-13,0,3,20,25,21,25,22,25,,,,
2025-11-19,6392901,final,FALSE,Colorado,,22-6,West Virginia,,15-12,3,0,25,18,25,21,25,19,,,,
2025-11-19,6394200,final,FALSE,Little Rock,,16-14,Lindenwood,,11-15,2,3,21,25,25,19,25,20,15,25,12,15
2025-11-19,6398116,final,FALSE,Southern Ind.,,18-12,Western Ill.,,7-24,3,2,25,27,26,24,19,25,25,15,15,9
2025-11-19,6398600,final,FALSE,UT Martin,,4-25,Morehead St.,,21-8,0,3,20,25,15,25,17,25,,,,
2025-11-19,6400659,final,FALSE,Arizona,,14-11,BYU,,19-8,1,3,18,25,23,25,25,19,18,25,,
2025-11-19,6401643,final,FALSE,California,,7-20,Stanford,,24-4,0,3,15,25,12,25,15,25,,,,
2025-11-19,6402026,final,FALSE,Eastern Ill.,,21-7,Tennessee Tech,,14-16,3,1,23,25,25,23,25,16,25,19,,
2025-11-19,6403298,final,FALSE,Montana St.,,13-13,Idaho St.,,10-17,2,3,20,25,21,25,25,20,25,20,12,15
2025-11-19,6411011,final,FALSE,Portland St.,,11-15,Idaho,,6-21,0,3,16,25,19,25,22,25,,,,
2025-11-19,6411451,final,FALSE,Sacramento St.,,18-9,Eastern Wash.,,2-25,3,0,25,16,25,16,25,17,,,,
2025-11-19,6423545,final,FALSE,Purdue,,22-5,Wisconsin,,21-4,0,3,24,26,15,25,17,25,,,,
2025-11-19,6426285,final,FALSE,Southern California,,21-6,Oregon,,15-12,3,1,31,33,28,26,28,26,25,19,,
2025-11-19,6426869,final,FALSE,Southeast Mo. St.,,20-12,SIUE,,12-17,3,0,25,18,25,16,25,16,,,,
2025-11-19,6489666,final,FALSE,Illinois St.,5,14-15,UIC,4,17-10,3,2,25,21,13,25,19,25,25,23,15,13
2025-11-19,6489667,final,FALSE,Belmont,6,17-11,Drake,3,17-11,2,3,13,25,25,20,26,24,19,25,8,15
2025-11-20,6387375,final,FALSE,Rutgers,,11-18,Indiana,,22-5,0,3,17,25,12,25,15,25,,,,
2025-11-20,6387384,final,FALSE,Illinois,,13-13,UCLA,,16-11,2,3,27,25,21,25,25,22,17,25,12,15
2025-11-20,6387918,final,FALSE,CSUN,,16-12,UC Davis,,19-6,2,3,25,21,17,25,27,29,25,15,10,15
2025-11-20,6389726,final,FALSE,Santa Clara,,15-11,Oregon St.,,18-8,0,3,23,25,16,25,20,25,,,,
2025-11-20,6394129,final,FALSE,Pepperdine,,18-8,San Diego,,22-4,0,3,19,25,18,25,23,25,,,,
2025-11-20,6401927,final,FALSE,Pacific,,8-18,Saint Mary's (CA),,10-16,1,3,13,25,11,25,26,24,23,25,,
2025-11-20,6407792,final,FALSE,Gonzaga,,14-12,Seattle U,,7-19,3,1,28,26,22,25,25,9,25,16,,
2025-11-20,6410327,final,FALSE,CSU Bakersfield,,6-23,UC Riverside,,9-18,0,3,17,25,17,25,20,25,,,,
2025-11-20,6411292,final,FALSE,New Mexico,,13-15,Wyoming,,16-12,2,3,25,22,25,22,21,25,18,25,12,15
2025-11-20,6411582,final,FALSE,Nevada,,8-19,Boise St.,,18-10,0,3,12,25,11,25,17,25,,,,
2025-11-20,6417397,final,FALSE,Air Force,,15-14,Utah St.,,20-7,1,3,25,15,14,25,19,25,22,25,,
2025-11-20,6417710,final,FALSE,Michigan,,20-8,Washington,,11-16,3,2,19,25,27,29,25,18,25,23,15,13
2025-11-20,6418345,final,FALSE,Grand Canyon,,17-11,Colorado St.,,19-8,1,3,25,22,11,25,22,25,15,25,,
2025-11-20,6418506,final,FALSE,Portland,,13-14,Washington St.,,16-9,3,1,28,26,12,25,25,15,25,18,,
2025-11-20,6422133,final,FALSE,Fresno St.,,7-21,UNLV,,12-15,3,0,25,16,25,19,25,21,,,,
2025-11-20,6424178,final,FALSE,Texas Tech,,10-17,Baylor,,16-9,1,3,25,22,18,25,16,25,22,25,,
2025-11-20,6426943,final,FALSE,San Jose St.,,13-15,San Diego St.,,13-15,3,1,21,25,25,20,26,24,25,17,,
2025-11-20,6429547,final,FALSE,Iowa,,14-15,Nebraska,,27-0,0,3,15,25,21,25,18,25,,,,
2025-11-20,6489392,final,TRUE,Queens (NC),6,18-12,Eastern Ky.,3,21-8,1,3,14,25,19,25,25,20,14,25,,
2025-11-20,6489393,final,TRUE,North Ala.,7,14-16,Jacksonville,2,22-7,1,3,23,25,25,21,19,25,20,25,,
2025-11-20,6489394,final,TRUE,Lipscomb,5,14-13,Central Ark.,4,16-11,0,3,21,25,23,25,21,25,,,,
2025-11-20,6489396,final,FALSE,North Florida,8,14-16,FGCU,1,19-9,3,2,20,25,25,20,25,22,14,25,15,12
2025-11-20,6489407,final,TRUE,N.C. Central,5,10-18,Delaware St.,4,12-17,2,3,28,26,25,23,22,25,15,25,14,16
2025-11-20,6489408,final,FALSE,South Carolina St.,8,5-23,Coppin St.,1,21-11,0,3,17,25,17,25,15,25,,,,
2025-11-20,6489409,final,TRUE,Norfolk St.,7,5-24,Howard,2,17-10,0,3,15,25,15,25,20,25,,,,
2025-11-20,6489410,final,TRUE,UMES,6,11-17,Morgan St.,3,11-14,3,0,25,22,25,21,25,17,,,,
2025-11-20,6489418,final,TRUE,The Citadel,9,0-27,Western Caro.,8,8-20,0,3,23,25,16,25,19,25,,,,
2025-11-20,6489426,final,TRUE,Southern Miss.,5,17-11,Georgia St.,4,18-10,3,0,25,18,25,20,25,18,,,,
2025-11-20,6489427,final,TRUE,Marshall,5,15-15,Troy,4,10-15,1,3,25,16,20,25,25,27,13,25,,
2025-11-20,6489431,final,TRUE,California Baptist,6,7-18,Tarleton St.,3,16-9,2,3,23,25,25,22,25,20,19,25,12,15
2025-11-20,6489432,final,TRUE,Southern Utah,7,3-21,Utah Tech,2,20-5,1,3,25,22,8,25,21,25,13,25,,
2025-11-20,6489433,final,FALSE,UT Arlington,5,11-14,Abilene Christian,4,13-16,2,3,19,25,27,25,19,25,25,20,11,15
2025-11-20,6489947,final,TRUE,N.C. A&T,5,15-11,Col. of Charleston,4,18-10,3,0,25,22,25,17,27,25,,,,
2025-11-20,6489948,final,FALSE,Stony Brook,6,12-14,Towson,3,21-7,3,1,25,23,25,23,19,25,25,22,,
2025-11-21,6389154,final,FALSE,Arizona St.,,24-3,Houston,,8-19,3,1,25,14,20,25,25,18,25,16,,
2025-11-21,6390194,final,FALSE,Wake Forest,,14-14,Virginia Tech,,11-17,3,1,21,25,25,21,25,18,25,22,,
2025-11-21,6390320,final,FALSE,Montana St.,,13-14,Weber St.,,17-11,0,3,15,25,25,27,12,25,,,,
2025-11-21,6390833,final,FALSE,Iowa St.,,22-5,West Virginia,,15-13,3,2,19,25,20,25,25,21,25,17,15,10
2025-11-21,6390976,final,FALSE,Boston College,,16-13,SMU,,22-5,0,3,17,25,16,25,8,25,,,,
2025-11-21,6391569,final,FALSE,Notre Dame,,10-15,Clemson,,16-13,3,2,20,25,25,21,25,20,16,25,15,10
2025-11-21,6391723,final,FALSE,Kansas,,20-10,BYU,,20-8,0,3,17,25,18,25,20,25,,,,
2025-11-21,6394634,final,FALSE,Duke,,5-23,Miami (FL),,23-5,0,3,20,25,22,25,14,25,,,,
2025-11-21,6397050,final,FALSE,Northwestern,,16-13,Ohio St.,,5-20,3,1,25,15,25,27,25,23,25,22,,
2025-11-21,6399088,final,FALSE,North Carolina,,20-6,Florida St.,,15-11,1,3,25,23,16,25,21,25,21,25,,
2025-11-21,6400663,final,FALSE,Arizona,,14-12,Utah,,14-13,2,3,25,19,18,25,21,25,31,29,6,15
2025-11-21,6400994,final,FALSE,UC Santa Barbara,,21-8,UC Irvine,,12-17,3,2,13,25,25,21,25,18,21,25,16,14
2025-11-21,6403022,final,FALSE,Colorado,,22-7,Cincinnati,,15-11,0,3,15,25,16,25,16,25,,,,
2025-11-21,6403301,final,FALSE,Montana,,17-10,Idaho St.,,11-17,2,3,25,17,25,20,20,25,22,25,12,15
2025-11-21,6407603,final,FALSE,Cal Poly,,23-6,Cal St. Fullerton,,8-21,3,0,25,18,25,14,25,11,,,,
2025-11-21,6408688,final,FALSE,Northern Ariz.,,23-6,Northern Colo.,,14-15,3,1,27,25,26,24,16,25,25,19,,
2025-11-21,6408796,final,FALSE,UC San Diego,,6-24,Hawaii,,12-16,1,3,18,25,20,25,25,18,15,25,,
2025-11-21,6411014,final,FALSE,Portland St.,,11-16,Eastern Wash.,,3-25,0,3,24,26,19,25,22,25,,,,
2025-11-21,6411454,final,FALSE,Sacramento St.,,19-9,Idaho,,6-22,3,0,25,16,25,16,25,19,,,,
2025-11-21,6412866,final,FALSE,Syracuse,,13-14,Pittsburgh,,23-4,0,3,11,25,9,25,19,25,,,,
2025-11-21,6417872,final,FALSE,NC State,,14-13,Virginia,,11-16,3,2,21,25,21,25,25,19,25,22,15,9
2025-11-21,6422354,final,FALSE,Louisville,,23-4,Georgia Tech,,15-11,3,1,25,23,25,14,23,25,25,15,,
2025-11-21,6423394,final,FALSE,Michigan St.,,18-9,Penn St.,,16-11,0,3,15,25,19,25,23,25,,,,
2025-11-21,6425431,final,FALSE,Minnesota,,20-8,Maryland,,8-19,3,0,25,16,25,11,25,13,,,,
2025-11-21,6489370,final,TRUE,Army West Point,3,19-8,Colgate,2,18-10,3,2,25,22,25,23,23,25,19,25,15,11
2025-11-21,6489371,final,FALSE,Navy,5,13-14,American,1,23-4,0,3,12,25,17,25,20,25,,,,
2025-11-21,6489388,final,TRUE,Eastern Ky.,3,22-8,Jacksonville,2,22-8,3,1,25,21,25,17,11,25,25,19,,
2025-11-21,6489390,final,TRUE,North Florida,8,14-17,Central Ark.,4,17-11,2,3,25,21,25,23,21,25,17,25,10,15
2025-11-21,6489405,final,TRUE,Delaware St.,4,12-18,Coppin St.,1,22-11,1,3,21,25,20,25,25,19,21,25,,
2025-11-21,6489406,final,TRUE,UMES,6,11-18,Howard,2,18-10,2,3,15,25,21,25,27,25,25,18,8,15
2025-11-21,6489414,final,TRUE,UNC Greensboro,5,17-11,Chattanooga,4,16-13,3,1,25,21,25,21,26,28,25,22,,
2025-11-21,6489415,final,TRUE,Western Caro.,8,8-21,ETSU,1,22-6,0,3,22,25,19,25,22,25,,,,
2025-11-21,6489416,final,TRUE,Mercer,7,10-20,Furman,2,21-8,1,3,22,25,25,20,12,25,22,25,,
2025-11-21,6489417,final,TRUE,Samford,6,13-15,Wofford,3,15-13,0,3,22,25,18,25,20,25,,,,
2025-11-21,6489422,final,TRUE,Texas St.,3,17-11,Coastal Carolina,2,18-11,3,0,25,21,25,21,26,24,,,,
2025-11-21,6489423,final,TRUE,Southern Miss.,5,17-12,Arkansas St.,1,20-8,0,3,13,25,20,25,27,29,,,,
2025-11-21,6489424,final,TRUE,Troy,4,10-16,James Madison,1,21-8,1,3,24,26,14,25,25,11,23,25,,
2025-11-21,6489425,final,TRUE,Ga. Southern,3,19-9,South Alabama,2,15-13,0,3,16,25,19,25,23,25,,,,
2025-11-21,6489429,final,TRUE,Tarleton St.,3,16-10,Utah Tech,2,21-5,0,3,20,25,17,25,15,25,,,,
2025-11-21,6489430,final,TRUE,Abilene Christian,4,13-17,Utah Valley,1,15-10,0,3,21,25,22,25,16,25,,,,
2025-11-21,6489493,final,FALSE,Binghamton,4,12-14,UMBC,1,12-11,2,3,17,25,25,16,25,22,22,25,10,15
2025-11-21,6489494,final,TRUE,UAlbany,3,14-11,Bryant,2,16-12,3,0,29,27,25,22,25,18,,,,
2025-11-21,6489505,final,TRUE,USC Upstate,5,14-14,UNC Asheville,4,11-17,0,3,19,25,15,25,22,25,,,,
2025-11-21,6489506,final,TRUE,Radford,6,10-19,Charleston So.,3,16-13,3,0,25,21,25,16,25,18,,,,
2025-11-21,6489516,final,TRUE,Green Bay,6,11-19,Youngstown St.,3,17-13,2,3,21,25,21,25,25,23,25,23,10,15
2025-11-21,6489517,final,TRUE,Milwaukee,5,11-21,IU Indy,4,18-13,0,3,24,26,21,25,17,25,,,,
2025-11-21,6489700,final,TRUE,Missouri St.,8,12-16,UTEP,1,25-4,3,0,25,23,27,25,25,22,,,,
2025-11-21,6489704,final,FALSE,Liberty,5,20-10,FIU,4,19-11,0,3,16,25,18,25,22,25,,,,
2025-11-21,6489709,final,TRUE,New Mexico St.,7,14-16,Western Ky.,2,25-5,1,3,25,15,19,25,12,25,21,25,,
2025-11-21,6489711,final,TRUE,Jacksonville St.,6,14-15,Kennesaw St.,3,19-8,0,3,20,25,17,25,22,25,,,,
2025-11-21,6489728,final,TRUE,A&M-Corpus Christi,6,13-16,Southeastern La.,3,20-9,3,0,25,16,25,16,25,17,,,,
2025-11-21,6489730,final,TRUE,Houston Christian,7,12-18,UTRGV,2,21-7,0,3,15,25,22,25,13,25,,,,
2025-11-21,6489736,final,TRUE,Lamar University,5,17-15,UIW,4,17-12,0,3,12,25,21,25,11,25,,,,
2025-11-21,6489737,final,FALSE,East Texas A&M,8,9-19,SFA,1,21-7,0,3,25,27,15,25,22,25,,,,
2025-11-21,6489837,final,TRUE,UTSA,8,13-15,Rice,1,20-8,0,3,12,25,18,25,17,25,,,,
2025-11-21,6489838,final,TRUE,Wichita St.,5,19-10,North Texas,4,21-9,3,0,25,20,25,20,25,18,,,,
2025-11-21,6489839,final,FALSE,Charlotte,7,17-12,South Fla.,2,17-11,1,3,24,26,19,25,25,19,28,30,,
2025-11-21,6489840,final,TRUE,Fla. Atlantic,6,19-11,Tulsa,3,23-6,1,3,17,25,17,25,25,21,19,25,,
2025-11-21,6489870,final,TRUE,Miami (OH),5,16-15,Toledo,4,21-10,2,3,25,21,14,25,25,19,23,25,11,15
2025-11-21,6489893,final,TRUE,Arkansas,16,5-22,Oklahoma,9,16-10,1,3,25,18,17,25,12,25,20,25,,
2025-11-21,6489895,final,TRUE,South Carolina,13,10-16,Alabama,12,14-12,1,3,23,25,25,22,14,25,21,25,,
2025-11-21,6489897,final,TRUE,Vanderbilt,15,8-17,Mississippi St.,10,16-10,3,0,25,14,25,11,25,17,,,,
2025-11-21,6489899,final,TRUE,Ole Miss,14,13-14,LSU,11,13-14,3,0,25,13,25,13,25,18,,,,
2025-11-21,6489945,final,TRUE,N.C. A&T,5,15-12,Hofstra,1,22-3,0,3,13,25,17,25,20,25,,,,
2025-11-21,6489946,final,TRUE,Stony Brook,6,12-15,Campbell,2,22-6,2,3,22,25,25,20,25,20,21,25,9,15
2025-11-21,6490127,final,FALSE,George Mason,5,17-13,VCU,4,15-12,1,3,19,25,25,15,20,25,20,25,,
2025-11-21,6490132,final,TRUE,Duquesne,6,18-12,George Washington,3,19-12,3,1,26,24,26,24,13,25,25,21,,
2025-11-21,6490157,final,FALSE,Brown,4,14-10,Princeton,1,17-6,0,3,22,25,15,25,21,25,,,,
2025-11-21,6490158,final,TRUE,Yale,3,15-8,Cornell,2,15-10,3,2,25,19,23,25,25,23,23,25,15,12
2025-11-21,6490164,final,FALSE,Bowling Green,6,17-14,Ohio,3,14-17,3,1,25,20,25,16,19,25,25,17,,
2025-11-21,6490176,final,TRUE,FDU,3,18-12,Saint Francis,2,20-8,2,3,23,25,18,25,25,19,25,19,16,18
2025-11-21,6490177,final,FALSE,Mercyhurst,4,12-18,LIU,1,19-8,0,3,16,25,18,25,14,25,,,,
2025-11-21,6490225,final,FALSE,Florida A&M,8,12-16,Prairie View,1,18-12,3,1,20,25,29,27,25,21,25,21,,
2025-11-21,6490239,final,TRUE,Alabama A&M,5,19-11,Bethune-Cookman,4,14-15,3,1,25,21,24,26,25,18,25,18,,
2025-11-21,6490249,final,TRUE,Southern U.,7,15-16,Jackson St.,2,13-14,3,2,18,25,25,21,23,25,25,20,17,15
2025-11-21,6490255,final,TRUE,Texas Southern,6,10-20,Alabama St.,3,14-15,0,3,19,25,22,25,20,25,,,,
2025-11-22,6387378,final,FALSE,Nebraska,,28-0,Indiana,,22-6,3,0,25,19,25,16,25,22,,,,
2025-11-22,6387390,final,FALSE,Illinois,,13-14,Southern California,,22-6,0,3,10,25,18,25,21,25,,,,
2025-11-22,6387919,final,FALSE,CSU Bakersfield,,6-24,UC Davis,,20-6,0,3,17,25,20,25,20,25,,,,
2025-11-22,6389728,final,FALSE,San Diego,,23-4,Santa Clara,,15-12,3,1,25,16,25,19,21,25,25,15,,
2025-11-22,6391661,final,FALSE,Oregon St.,,18-9,Seattle U,,8-19,2,3,19,25,12,25,25,17,25,21,10,15
2025-11-22,6393009,final,FALSE,Texas Tech,,10-18,TCU,,19-9,2,3,25,27,22,25,25,19,25,21,12,15
2025-11-22,6394130,final,FALSE,Pepperdine,,19-8,LMU (CA),,5-20,3,2,25,18,27,25,21,25,23,25,15,11
2025-11-22,6395019,final,FALSE,Pacific,,8-19,San Francisco,,6-20,1,3,18,25,25,22,23,25,23,25,,
2025-11-22,6400740,final,FALSE,Long Beach St.,,21-8,Hawaii,,12-17,3,1,25,18,23,25,25,23,25,16,,
2025-11-22,6401004,final,FALSE,UC Santa Barbara,,22-8,Cal St. Fullerton,,8-22,3,0,25,13,25,16,25,18,,,,
2025-11-22,6407795,final,FALSE,Portland,,14-14,Gonzaga,,14-13,3,0,25,19,25,19,25,20,,,,
2025-11-22,6410330,final,FALSE,CSUN,,17-12,UC Riverside,,9-19,3,2,20,25,25,21,24,26,25,23,15,10
2025-11-22,6411293,final,FALSE,Grand Canyon,,17-12,Wyoming,,17-12,2,3,21,25,25,19,19,25,25,19,16,18
2025-11-22,6411485,final,FALSE,UCLA,,16-12,Washington,,12-16,0,3,17,25,25,27,18,25,,,,
2025-11-22,6411584,final,FALSE,Air Force,,15-15,Boise St.,,19-10,0,3,15,25,19,25,26,28,,,,
2025-11-22,6414167,final,FALSE,Nevada,,8-20,Utah St.,,21-7,0,3,18,25,20,25,26,28,,,,
2025-11-22,6414250,final,FALSE,Cal Poly,,23-7,UC Irvine,,13-17,0,3,23,25,23,25,11,25,,,,
2025-11-22,6415321,final,FALSE,Washington St.,,16-10,Saint Mary's (CA),,11-16,0,3,17,25,23,25,17,25,,,,
2025-11-22,6417717,final,FALSE,Michigan,,21-8,Oregon,,15-13,3,1,27,25,18,25,25,14,27,25,,
2025-11-22,6418466,final,FALSE,New Mexico,,13-16,Colorado St.,,20-8,1,3,19,25,25,20,13,25,17,25,,
2025-11-22,6422096,final,FALSE,San Jose St.,,13-16,UNLV,,13-15,0,3,24,26,19,25,15,25,,,,
2025-11-22,6422935,final,FALSE,Fresno St.,,7-22,San Diego St.,,14-15,0,3,13,25,21,25,21,25,,,,
2025-11-22,6489401,final,TRUE,Howard,2,18-11,Coppin St.,1,23-11,1,3,21,25,22,25,25,18,20,25,,
2025-11-22,6489412,final,TRUE,UNC Greensboro,5,17-12,ETSU,1,23-6,1,3,18,25,25,18,25,27,23,25,,
2025-11-22,6489413,final,TRUE,Wofford,3,16-13,Furman,2,21-9,3,0,25,17,25,23,25,21,,,,
2025-11-22,6489420,final,TRUE,Texas St.,3,17-12,Arkansas St.,1,21-8,2,3,25,15,23,25,23,25,25,22,10,15
2025-11-22,6489421,final,TRUE,South Alabama,2,15-14,James Madison,1,22-8,2,3,21,25,12,25,25,21,27,25,19,21
2025-11-22,6489428,final,TRUE,Utah Tech,2,21-6,Utah Valley,1,16-10,2,3,21,25,27,25,17,25,25,21,6,15
2025-11-22,6489492,final,FALSE,UAlbany,3,14-12,UMBC,1,13-11,1,3,17,25,25,27,25,20,24,26,,
2025-11-22,6489502,final,TRUE,UNC Asheville,4,12-17,Winthrop,1,18-7,3,2,16,25,25,21,22,25,25,22,15,12
2025-11-22,6489504,final,FALSE,Radford,6,10-20,High Point,2,17-9,0,3,13,25,11,25,20,25,,,,
2025-11-22,6489507,final,FALSE,Canisius,5,12-18,Fairfield,1,24-5,0,3,14,25,11,25,13,25,,,,
2025-11-22,6489508,final,TRUE,Rider,3,16-15,Quinnipiac,2,19-12,3,1,17,25,25,23,25,23,25,16,,
2025-11-22,6489512,final,FALSE,IU Indy,4,18-14,Northern Ky.,1,22-8,2,3,21,25,25,21,26,28,25,21,10,15
2025-11-22,6489515,final,TRUE,Youngstown St.,3,17-14,Wright St.,2,20-10,0,3,15,25,10,25,17,25,,,,
2025-11-22,6489649,final,FALSE,Illinois St.,5,14-16,UNI,1,24-5,2,3,25,23,18,25,23,25,25,23,5,15
2025-11-22,6489665,final,FALSE,Drake,3,18-11,Valparaiso,2,21-9,3,1,24,26,25,16,25,19,25,20,,
2025-11-22,6489694,final,FALSE,Missouri St.,8,12-17,FIU,4,20-11,0,3,19,25,23,25,19,25,,,,
2025-11-22,6489697,final,TRUE,Kennesaw St.,3,19-9,Western Ky.,2,26-5,0,3,15,25,16,25,26,28,,,,
2025-11-22,6489723,final,TRUE,A&M-Corpus Christi,6,13-17,UTRGV,2,22-7,0,3,17,25,22,25,16,25,,,,
2025-11-22,6489727,final,TRUE,UIW,4,17-13,SFA,1,22-7,0,3,29,31,14,25,19,25,,,,
2025-11-22,6489835,final,TRUE,Wichita St.,5,19-11,Rice,1,21-8,2,3,19,25,25,16,23,25,30,28,12,15
2025-11-22,6489836,final,FALSE,Tulsa,3,24-6,South Fla.,2,17-12,3,1,26,24,19,25,25,23,25,17,,
2025-11-22,6489880,final,TRUE,Oklahoma,9,16-11,Auburn,8,17-10,2,3,25,21,25,19,21,25,23,25,13,15
2025-11-22,6489883,final,TRUE,Alabama,12,14-13,Florida,5,15-10,0,3,23,25,6,25,23,25,,,,
2025-11-22,6489888,final,TRUE,Vanderbilt,15,9-17,Georgia,7,16-10,3,1,25,20,25,20,21,25,25,18,,
2025-11-22,6489890,final,TRUE,Ole Miss,14,14-14,Missouri,6,17-11,3,2,20,25,25,21,25,22,17,25,16,14
2025-11-22,6489939,final,TRUE,Campbell,2,23-6,Hofstra,1,22-4,3,2,26,24,17,25,20,25,26,24,15,12
2025-11-22,6490119,final,FALSE,VCU,4,16-12,Dayton,1,23-7,3,0,27,25,25,17,26,24,,,,
2025-11-22,6490123,final,TRUE,Duquesne,6,18-13,Loyola Chicago,2,16-15,2,3,27,25,25,15,20,25,20,25,11,15
2025-11-22,6490155,final,FALSE,Yale,3,15-9,Princeton,1,18-6,2,3,25,21,16,25,25,18,21,25,10,15
2025-11-22,6490160,final,TRUE,Toledo,4,22-10,Ball St.,1,21-10,3,2,15,25,28,26,26,28,28,26,15,10
2025-11-22,6490161,final,FALSE,Bowling Green,6,17-15,Western Mich.,2,17-15,1,3,21,25,25,21,20,25,20,25,,
2025-11-22,6490175,final,FALSE,Saint Francis,2,20-9,LIU,1,20-8,1,3,25,22,24,26,21,25,20,25,,
2025-11-22,6490203,final,FALSE,Florida A&M,8,13-16,Alabama A&M,5,19-12,3,1,25,27,25,20,25,21,25,17,,
2025-11-22,6490213,final,TRUE,Southern U.,7,16-16,Alabama St.,3,14-16,3,1,23,25,25,17,25,22,25,20,,
2025-11-22,6490277,final,FALSE,Marquette,4,17-10,Creighton,1,24-5,0,3,19,25,26,28,23,25,,,,
2025-11-22,6490282,final,TRUE,Villanova,3,20-8,Xavier,2,26-3,0,3,17,25,19,25,18,25,,,,
2025-11-23,6390195,final,FALSE,Wake Forest,,14-15,Virginia,,12-16,1,3,25,18,19,25,17,25,18,25,,
2025-11-23,6390978,final,FALSE,Syracuse,,13-15,SMU,,23-5,0,3,15,25,19,25,14,25,,,,
2025-11-23,6391570,final,FALSE,Louisville,,24-4,Clemson,,16-14,3,0,25,16,25,12,25,21,,,,
2025-11-23,6394635,final,FALSE,North Carolina,,20-7,Miami (FL),,24-5,0,3,11,25,23,25,21,25,,,,
2025-11-23,6397066,final,FALSE,Michigan St.,,18-10,Ohio St.,,6-20,1,3,15,25,26,24,26,28,18,25,,
2025-11-23,6401653,final,FALSE,Stanford,,25-4,California,,7-21,3,0,25,18,25,14,25,17,,,,
2025-11-23,6408469,final,FALSE,NC State,,15-13,Virginia Tech,,11-18,3,0,28,26,25,20,25,20,,,,
2025-11-23,6419066,final,FALSE,Boston College,,16-14,Pittsburgh,,24-4,0,3,16,25,17,25,18,25,,,,
2025-11-23,6422348,final,FALSE,Notre Dame,,10-16,Georgia Tech,,16-11,1,3,20,25,26,28,26,24,13,25,,
2025-11-23,6423506,final,FALSE,Northwestern,,16-14,Purdue,,23-5,1,3,22,25,26,24,14,25,11,25,,
2025-11-23,6423698,final,FALSE,Duke,,5-24,Florida St.,,16-11,1,3,25,22,18,25,18,25,23,25,,
2025-11-23,6425373,final,FALSE,Iowa,,14-16,Wisconsin,,22-4,0,3,17,25,15,25,19,25,,,,
2025-11-23,6425436,final,FALSE,Minnesota,,21-8,Rutgers,,11-19,3,0,25,19,25,21,25,16,,,,
2025-11-23,6489369,final,TRUE,Army West Point,3,19-9,American,1,24-4,0,3,17,25,12,25,18,25,,,,
2025-11-23,6489387,final,TRUE,Central Ark.,4,18-11,Eastern Ky.,3,22-9,3,1,25,21,25,18,21,25,25,21,,
2025-11-23,6489411,final,TRUE,Wofford,3,17-13,ETSU,1,23-7,3,2,25,23,23,25,17,25,25,19,17,15
2025-11-23,6489419,final,TRUE,Arkansas St.,1,22-8,James Madison,1,22-9,3,1,25,20,18,25,25,20,25,21,,
2025-11-23,6489500,final,FALSE,UNC Asheville,4,12-18,High Point,2,18-9,0,3,12,25,13,25,23,25,,,,
2025-11-23,6489511,final,FALSE,Wright St.,2,21-10,Northern Ky.,1,22-9,3,0,25,18,25,16,25,19,,,,
2025-11-23,6489646,final,FALSE,Rider,3,16-16,Fairfield,1,25-5,0,3,24,26,18,25,12,25,,,,
2025-11-23,6489678,final,FALSE,FIU,4,20-12,Western Ky.,2,27-5,2,3,18,25,25,20,28,26,23,25,14,16
2025-11-23,6489721,final,TRUE,UTRGV,2,22-8,SFA,1,23-7,0,3,15,25,19,25,23,25,,,,
2025-11-23,6489834,final,TRUE,Tulsa,3,25-6,Rice,1,21-9,3,1,25,18,33,35,25,23,25,21,,
2025-11-23,6489857,final,TRUE,Auburn,8,17-11,Kentucky,1,23-2,0,3,15,25,20,25,22,25,,,,
2025-11-23,6489866,final,TRUE,Florida,5,15-11,Tennessee,4,20-6,1,3,27,25,25,27,22,25,19,25,,
2025-11-23,6489873,final,TRUE,Vanderbilt,15,9-18,Texas A&M,2,23-3,0,3,21,25,21,25,25,27,,,,
2025-11-23,6489879,final,TRUE,Ole Miss,14,14-15,Texas,3,22-2,0,3,11,25,17,25,8,25,,,,
2025-11-23,6490115,final,FALSE,VCU,4,16-13,Loyola Chicago,2,17-15,2,3,27,25,25,27,27,25,21,25,12,15
2025-11-23,6490159,final,TRUE,Toledo,4,23-10,Western Mich.,2,17-16,3,1,22,25,25,16,25,21,28,26,,
2025-11-23,6490182,final,FALSE,Florida A&M,8,14-16,Southern U.,7,16-17,3,1,25,12,20,25,25,22,25,23,,
2025-11-23,6490274,final,TRUE,Xavier,2,26-4,Creighton,1,25-5,0,3,19,25,20,25,20,25,,,,
2025-11-23,6490402,final,TRUE,Omaha,6,10-16,St. Thomas (MN),3,19-9,0,3,19,25,18,25,19,25,,,,
2025-11-23,6490403,final,TRUE,Denver,5,17-11,North Dakota St.,4,17-10,2,3,21,25,25,15,15,25,25,23,14,16
2025-11-23,6490957,final,TRUE,SIUE,7,12-18,Morehead St.,2,22-8,0,3,18,25,19,25,20,25,,,,
2025-11-23,6490958,final,TRUE,Tennessee Tech,6,14-17,Southern Ind.,3,19-12,1,3,25,21,23,25,22,25,19,25,,
2025-11-23,6490959,final,FALSE,Lindenwood,8,11-16,Eastern Ill.,1,22-7,2,3,25,21,21,25,20,25,25,23,7,15
2025-11-23,6490960,final,TRUE,Little Rock,5,16-15,Southeast Mo. St.,4,21-12,2,3,25,18,25,27,25,16,16,25,13,15
2025-11-23,6491031,final,FALSE,Maryland,,8-20,Penn St.,,17-11,0,3,19,25,15,25,14,25,,,,
2025-11-24,6489853,final,TRUE,Tennessee,4,20-7,Kentucky,1,24-2,1,3,25,20,22,25,15,25,23,25,,
2025-11-24,6489854,final,TRUE,Texas,3,23-2,Texas A&M,2,23-4,3,1,25,18,16,25,27,25,25,19,,
2025-11-24,6490395,final,TRUE,Montana,5,17-11,Weber St.,4,18-11,0,3,18,25,20,25,20,25,,,,
2025-11-24,6490396,final,TRUE,Idaho St.,8,12-17,Northern Ariz.,1,23-7,3,2,25,20,18,25,23,25,25,23,15,5
2025-11-24,6490397,final,TRUE,Portland St.,7,11-17,Sacramento St.,2,20-9,2,3,18,25,16,25,25,20,25,21,10,15
2025-11-24,6490398,final,FALSE,Montana St.,6,13-15,Northern Colo.,3,15-15,2,3,25,18,18,25,23,25,25,23,13,15
2025-11-24,6490400,final,TRUE,St. Thomas (MN),3,20-9,South Dakota,2,20-9,3,2,25,22,22,25,16,25,25,19,15,9
2025-11-24,6490401,final,FALSE,North Dakota St.,4,17-11,South Dakota St.,1,23-3,0,3,15,25,10,25,20,25,,,,
2025-11-24,6490955,final,TRUE,Southern Ind.,3,19-13,Morehead St.,2,23-8,1,3,21,25,27,25,22,25,21,25,,
2025-11-24,6490956,final,FALSE,Southeast Mo. St.,4,21-13,Eastern Ill.,1,23-7,1,3,21,25,25,23,24,26,22,25,,
2025-11-25,6391572,final,FALSE,Syracuse,,13-16,Clemson,,17-14,0,3,21,25,24,26,17,25,,,,
2025-11-25,6401938,final,FALSE,Pacific,,8-20,San Diego,,24-4,0,3,14,25,15,25,23,25,,,,
2025-11-25,6489637,final,FALSE,Drake,3,18-12,UNI,1,25-5,0,3,13,25,23,25,23,25,,,,
2025-11-25,6489852,final,TRUE,Texas,3,23-3,Kentucky,1,25-2,2,3,25,19,28,26,24,26,22,25,9,15
2025-11-25,6490387,final,TRUE,Idaho St.,8,13-17,Weber St.,4,18-12,3,2,20,25,23,25,25,12,26,24,15,7
2025-11-25,6490389,final,FALSE,Northern Colo.,3,16-15,Sacramento St.,2,20-10,3,2,20,25,25,18,21,25,25,15,20,18
2025-11-25,6490399,final,FALSE,St. Thomas (MN),3,21-9,South Dakota St.,1,23-4,3,1,25,18,19,25,25,21,25,23,,
2025-11-25,6490954,final,FALSE,Morehead St.,2,23-9,Eastern Ill.,1,24-7,0,3,19,25,14,25,21,25,,,,
2025-11-26,6387381,final,FALSE,Indiana,,23-6,Illinois,,13-15,3,0,25,18,25,21,25,18,,,,
2025-11-26,6389160,final,FALSE,Houston,,9-19,Texas Tech,,10-19,3,2,25,13,19,25,13,25,25,18,15,12
2025-11-26,6389730,final,FALSE,Washington St.,,16-11,Santa Clara,,16-12,0,3,14,25,22,25,17,25,,,,
2025-11-26,6390196,final,FALSE,Duke,,5-25,Wake Forest,,15-15,0,3,17,25,22,25,18,25,,,,
2025-11-26,6390844,final,FALSE,Kansas,,21-10,Iowa St.,,22-6,3,1,25,23,25,16,15,25,26,24,,
2025-11-26,6390981,final,FALSE,Florida St.,,16-12,SMU,,24-5,1,3,19,25,25,23,22,25,14,25,,
2025-11-26,6391361,final,FALSE,UCF,,17-11,Kansas St.,,16-9,3,2,25,19,25,20,20,25,14,25,16,14
2025-11-26,6392902,final,FALSE,West Virginia,,15-14,Arizona,,15-12,0,3,16,25,22,25,12,25,,,,
2025-11-26,6393020,final,FALSE,Baylor,,17-9,TCU,,19-10,3,2,25,19,18,25,25,15,21,25,15,6
2025-11-26,6394131,final,FALSE,Gonzaga,,14-14,Pepperdine,,20-8,0,3,23,25,17,25,21,25,,,,
2025-11-26,6394636,final,FALSE,NC State,,15-14,Miami (FL),,25-5,0,3,11,25,21,25,5,25,,,,
2025-11-26,6395020,final,FALSE,Seattle U,,8-20,San Francisco,,7-20,0,3,24,26,19,25,23,25,,,,
2025-11-26,6399100,final,FALSE,North Carolina,,21-7,Virginia,,12-17,3,0,25,17,28,26,25,19,,,,
2025-11-26,6401661,final,FALSE,Boston College,,16-15,California,,8-21,0,3,16,25,21,25,15,25,,,,
2025-11-26,6403100,final,FALSE,Cincinnati,,15-12,Arizona St.,,25-3,1,3,25,21,21,25,21,25,14,25,,
2025-11-26,6403408,final,FALSE,Utah,,14-14,BYU,,21-8,2,3,23,25,25,17,23,25,25,15,10,15
2025-11-26,6408470,final,FALSE,Notre Dame,,11-16,Virginia Tech,,11-19,3,1,25,21,25,23,25,27,25,22,,
2025-11-26,6411487,final,FALSE,UCLA,,17-12,Michigan,,21-9,3,2,25,15,16,25,13,25,25,22,15,7
2025-11-26,6414313,final,FALSE,Georgia Tech,,16-12,Stanford,,26-4,1,3,22,25,25,18,13,25,22,25,,
2025-11-26,6415322,final,FALSE,Saint Mary's (CA),,11-17,LMU (CA),,6-20,1,3,17,25,26,24,18,25,23,25,,
2025-11-26,6419094,final,FALSE,Louisville,,24-5,Pittsburgh,,25-4,0,3,23,25,22,25,22,25,,,,
2025-11-26,6422849,final,FALSE,Washington,,13-16,Maryland,,8-21,3,0,25,21,25,18,25,18,,,,
2025-11-26,6423398,final,FALSE,Southern California,,23-6,Michigan St.,,18-11,3,0,25,23,25,18,25,19,,,,
2025-11-26,6423508,final,FALSE,Wisconsin,,23-4,Northwestern,,16-15,3,1,25,18,25,22,20,25,25,22,,
2025-11-26,6423547,final,FALSE,Purdue,,23-6,Minnesota,,22-8,1,3,21,25,26,28,25,14,22,25,,
2025-11-26,6426291,final,FALSE,Oregon,,16-13,Rutgers,,11-20,3,1,25,13,22,25,25,15,25,21,,
2025-11-26,6490386,final,TRUE,Idaho St.,8,13-18,Northern Colo.,3,17-15,0,3,20,25,21,25,19,25,,,,
2025-11-26,6490456,final,TRUE,Grand Canyon,5,17-13,Boise St.,4,20-10,0,3,27,29,22,25,27,29,,,,
2025-11-26,6490457,final,TRUE,San Diego St.,6,15-15,Wyoming,3,17-13,3,0,25,21,25,20,25,19,,,,
2025-11-26,6491021,final,TRUE,CSUN,5,17-13,UC Santa Barbara,4,23-8,0,3,13,25,17,25,18,25,,,,
2025-11-26,6491022,final,FALSE,UC Irvine,6,13-18,Long Beach St.,3,22-8,0,3,18,25,20,25,24,26,,,,
2025-11-28,6387396,final,FALSE,Northwestern,,17-15,Illinois,,13-16,3,1,25,22,18,25,25,21,25,23,,
2025-11-28,6388621,final,FALSE,Ohio St.,,6-21,Iowa,,15-16,1,3,17,25,25,22,16,25,21,25,,
2025-11-28,6391574,final,FALSE,Clemson,,18-14,Florida St.,,16-13,3,1,21,25,25,17,25,22,25,20,,
2025-11-28,6400670,final,FALSE,Cincinnati,,15-13,Arizona,,16-12,1,3,21,25,25,21,23,25,12,25,,
2025-11-28,6401672,final,FALSE,California,,9-21,Duke,,5-26,3,2,14,25,20,25,25,19,26,24,15,12
2025-11-28,6408478,final,FALSE,Virginia Tech,,12-19,Syracuse,,13-17,3,1,25,22,24,26,25,20,27,25,,
2025-11-28,6411490,final,FALSE,UCLA,,18-12,Michigan St.,,18-12,3,2,17,25,25,14,25,23,18,25,15,9
2025-11-28,6417730,final,FALSE,Southern California,,24-6,Michigan,,21-10,3,1,25,23,25,22,23,25,25,14,,
2025-11-28,6422851,final,FALSE,Washington,,13-17,Rutgers,,12-20,1,3,22,25,22,25,25,23,20,25,,
2025-11-28,6425375,final,FALSE,Wisconsin,,24-4,Minnesota,,22-9,3,0,25,18,25,18,25,17,,,,
2025-11-28,6426296,final,FALSE,Oregon,,17-13,Maryland,,8-22,3,0,25,16,25,11,25,21,,,,
2025-11-28,6429546,final,FALSE,Penn St.,,17-12,Nebraska,,29-0,0,3,14,25,11,25,14,25,,,,
2025-11-28,6490417,final,TRUE,Boise St.,4,20-11,Utah St.,1,22-7,2,3,27,25,25,22,20,25,27,29,9,15
2025-11-28,6490452,final,TRUE,San Diego St.,6,15-16,Colorado St.,2,21-8,1,3,25,18,20,25,18,25,13,25,,
2025-11-28,6491019,final,TRUE,UC Santa Barbara,4,23-9,UC Davis,1,21-6,1,3,23,25,25,23,27,29,25,27,,
2025-11-28,6491020,final,FALSE,Cal Poly,2,24-7,Long Beach St.,3,22-9,3,1,25,22,23,25,25,23,25,17,,
2025-11-29,6387387,final,FALSE,Indiana,,23-7,Purdue,,24-6,1,3,17,25,19,25,26,24,20,25,,
2025-11-29,6388623,final,FALSE,Penn St.,,18-12,Iowa,,15-17,3,1,25,22,25,21,22,25,25,20,,
2025-11-29,6389165,final,FALSE,TCU,,20-10,Houston,,9-20,3,1,17,25,25,16,25,22,25,18,,
2025-11-29,6389732,final,FALSE,Seattle U,,8-21,Santa Clara,,17-12,0,3,21,25,20,25,22,25,,,,
2025-11-29,6390197,final,FALSE,Wake Forest,,15-16,Notre Dame,,12-16,1,3,23,25,20,25,25,19,23,25,,
2025-11-29,6390854,final,FALSE,Kansas St.,,17-9,Iowa St.,,22-7,3,0,25,16,25,15,25,19,,,,
2025-11-29,6390989,final,FALSE,SMU,,25-5,NC State,,15-15,3,2,25,14,23,25,30,32,25,23,15,7
2025-11-29,6391363,final,FALSE,UCF,,17-12,Kansas,,22-10,1,3,25,21,22,25,22,25,20,25,,
2025-11-29,6391663,final,FALSE,Portland,,14-15,Oregon St.,,19-9,0,3,17,25,20,25,15,25,,,,
2025-11-29,6392903,final,FALSE,West Virginia,,15-15,Arizona St.,,26-3,1,3,15,25,15,25,25,18,16,25,,
2025-11-29,6394132,final,FALSE,Saint Mary's (CA),,11-18,Pepperdine,,21-8,1,3,25,20,23,25,22,25,16,25,,
2025-11-29,6394637,final,FALSE,Miami (FL),,26-5,North Carolina,,21-8,3,2,20,25,23,25,25,23,25,20,15,10
2025-11-29,6395021,final,FALSE,Washington St.,,17-11,San Francisco,,7-21,3,0,27,25,25,14,25,22,,,,
2025-11-29,6397076,final,FALSE,Ohio St.,,6-22,Nebraska,,30-0,0,3,16,25,13,25,20,25,,,,
2025-11-29,6401944,final,FALSE,Pacific,,8-21,LMU (CA),,7-20,0,3,19,25,16,25,20,25,,,,
2025-11-29,6403027,final,FALSE,BYU,,22-8,Colorado,,22-8,3,1,25,22,20,25,25,20,25,20,,
2025-11-29,6406412,scheduled,FALSE,North Florida,,14-17,Florida,,15-11,,,,,,,,,,,,
2025-11-29,6407800,final,FALSE,Gonzaga,,14-15,San Diego,,25-4,1,3,25,20,10,25,7,25,12,25,,
2025-11-29,6414314,final,FALSE,Stanford,,27-4,Louisville,,24-6,3,2,17,25,25,16,25,22,24,26,15,12
2025-11-29,6417876,final,FALSE,Virginia,,13-17,Boston College,,16-16,3,1,25,27,25,23,25,16,25,21,,
2025-11-29,6419100,final,FALSE,Pittsburgh,,26-4,Georgia Tech,,16-13,3,0,25,23,25,19,25,7,,,,
2025-11-29,6424126,final,FALSE,Utah,,15-14,Texas Tech,,10-20,3,0,25,22,25,19,25,13,,,,
2025-11-29,6490409,final,TRUE,Colorado St.,2,21-9,Utah St.,1,23-7,0,3,16,25,20,25,19,25,,,,
2025-11-29,6491018,final,TRUE,Cal Poly,2,25-7,UC Davis,1,21-7,3,1,25,16,25,21,20,25,25,15,,
2025-12-04,6491785,final,TRUE,Tulsa,3,25-7,Miami (FL),2,27-5,1,3,22,25,25,13,22,25,20,25,,
2025-12-04,6491786,final,FALSE,High Point,4,18-10,Kansas,1,23-10,0,3,20,25,15,25,18,25,,,,
2025-12-04,6491793,final,TRUE,Arkansas St.,3,22-9,Baylor,2,18-9,2,3,25,23,20,25,28,30,25,23,10,15
2025-12-04,6491794,final,FALSE,Wright St.,4,21-11,Purdue,1,25-6,0,3,13,25,21,25,19,25,,,,
2025-12-04,6491801,final,TRUE,American,3,24-5,Colorado,2,23-8,0,3,16,25,19,25,16,25,,,,
2025-12-04,6491802,final,FALSE,Toledo,4,23-11,Indiana,1,24-7,0,3,18,25,15,25,17,25,,,,
2025-12-04,6491803,final,FALSE,Eastern Ill.,4,24-8,Wisconsin,1,25-4,0,3,11,25,6,25,19,25,,,,
2025-12-04,6491804,final,TRUE,North Carolina,3,22-8,UTEP,2,25-5,3,1,24,26,25,11,25,18,25,21,,
2025-12-04,6491807,final,FALSE,Coppin St.,4,23-12,Arizona St.,1,27-3,0,3,11,25,14,25,12,25,,,,
2025-12-04,6491808,final,TRUE,Utah St.,3,24-7,Tennessee,2,20-8,3,2,25,19,25,15,20,25,18,25,15,11
2025-12-04,6491809,final,TRUE,Utah,3,15-15,UNI,2,26-5,2,3,25,15,25,21,24,26,20,25,10,15
2025-12-04,6491810,final,FALSE,Northern Colo.,4,17-16,Creighton,1,26-5,2,3,12,25,25,23,25,23,17,25,8,15
2025-12-04,6491811,final,FALSE,Princeton,4,18-7,Southern California,1,25-6,0,3,19,25,12,25,13,25,,,,
2025-12-04,6491812,final,TRUE,Cal Poly,3,26-7,BYU,2,22-9,3,2,25,19,17,25,20,25,25,20,15,10
2025-12-04,6491813,final,TRUE,Georgia Tech,3,16-14,UCLA,2,19-12,2,3,26,24,19,25,25,23,18,25,10,15
2025-12-04,6491814,final,FALSE,Wofford,4,17-14,Kentucky,1,26-2,0,3,11,25,19,25,12,25,,,,
2025-12-05,6491768,final,FALSE,Miami (FL),2,27-6,Kansas,1,24-10,1,3,17,25,22,25,25,22,25,27,,
2025-12-05,6491772,final,FALSE,Baylor,2,18-10,Purdue,3,26-6,1,3,16,25,19,25,25,23,20,25,,
2025-12-05,6491776,final,FALSE,Colorado,2,23-9,Indiana,1,25-7,0,3,20,25,17,25,23,25,,,,
2025-12-05,6491777,final,FALSE,North Carolina,3,22-9,Wisconsin,1,26-4,0,3,14,25,21,25,25,27,,,,
2025-12-05,6491779,final,FALSE,Utah St.,3,24-8,Arizona St.,1,28-3,1,3,15,25,18,25,25,22,15,25,,
2025-12-05,6491780,final,FALSE,UNI,2,26-6,Creighton,1,27-5,1,3,18,25,25,23,22,25,21,25,,
2025-12-05,6491781,final,FALSE,Cal Poly,3,27-7,Southern California,1,25-7,3,2,25,19,25,20,20,25,14,25,15,7
2025-12-05,6491782,final,FALSE,UCLA,2,19-13,Kentucky,1,27-2,1,3,28,30,16,25,30,28,17,25,,
2025-12-05,6491783,final,FALSE,LIU,4,20-9,Nebraska,1,31-0,0,3,11,25,15,25,17,25,,,,
2025-12-05,6491784,final,TRUE,Kansas St.,3,18-9,San Diego,2,25-5,3,2,21,25,25,17,26,28,25,22,15,12
2025-12-05,6491787,final,FALSE,Campbell,4,23-7,Texas A&M,1,24-4,0,3,20,25,10,25,13,25,,,,
2025-12-05,6491788,final,TRUE,SFA,3,23-8,TCU,2,21-10,0,3,8,25,24,26,20,25,,,,
2025-12-05,6491789,final,FALSE,Loyola Chicago,4,17-16,Louisville,1,25-6,0,3,17,25,9,25,12,25,,,,
2025-12-05,6491790,final,TRUE,Marquette,3,18-10,Western Ky.,2,27-6,3,0,25,22,25,21,25,16,,,,
2025-12-05,6491791,final,FALSE,Central Ark.,4,18-12,SMU,1,26-5,0,3,13,25,13,25,13,25,,,,
2025-12-05,6491792,final,TRUE,Florida,3,16-11,Rice,2,21-10,3,0,27,25,25,23,25,19,,,,
2025-12-05,6491795,final,FALSE,Fairfield,4,25-6,Minnesota,1,23-9,0,3,12,25,7,25,13,25,,,,
2025-12-05,6491796,final,TRUE,St. Thomas (MN),3,21-10,Iowa St.,2,23-7,2,3,25,21,13,25,16,25,25,21,8,15
2025-12-05,6491797,final,TRUE,Michigan,3,22-10,Xavier,2,26-5,3,0,25,19,25,15,25,23,,,,
2025-12-05,6491798,final,FALSE,UMBC,4,13-12,Pittsburgh,1,27-4,0,3,10,25,17,25,13,25,,,,
2025-12-05,6491799,final,FALSE,Florida A&M,4,14-17,Texas,1,24-3,0,3,11,25,8,25,14,25,,,,
2025-12-05,6491800,final,TRUE,South Fla.,3,17-13,Penn St.,2,19-12,1,3,23,25,25,12,21,25,19,25,,
2025-12-05,6491805,final,TRUE,Arizona,3,17-12,South Dakota St.,2,23-5,3,1,25,21,22,25,25,15,25,15,,
2025-12-05,6491806,final,FALSE,Utah Valley,4,16-11,Stanford,1,28-4,1,3,25,21,21,25,13,25,14,25,,
2025-12-06,6491767,final,FALSE,Kansas St.,3,18-10,Nebraska,1,32-0,0,3,17,25,21,25,16,25,,,,
2025-12-06,6491769,final,FALSE,TCU,2,21-11,Texas A&M,1,25-4,1,3,25,23,22,25,23,25,27,29,,
2025-12-06,6491770,final,FALSE,Marquette,3,18-11,Louisville,1,26-6,2,3,25,21,11,25,25,23,19,25,12,15
2025-12-06,6491771,final,FALSE,Florida,3,16-12,SMU,1,27-5,0,3,11,25,21,25,24,26,,,,
2025-12-06,6491773,final,FALSE,Iowa St.,2,23-8,Minnesota,1,24-9,0,3,22,25,21,25,14,25,,,,
2025-12-06,6491774,final,FALSE,Michigan,3,22-11,Pittsburgh,1,28-4,0,3,23,25,23,25,18,25,,,,
2025-12-06,6491775,final,FALSE,Penn St.,2,19-13,Texas,1,25-3,0,3,16,25,9,25,19,25,,,,
2025-12-06,6491778,final,FALSE,Arizona,3,17-13,Stanford,1,29-4,1,3,16,25,27,25,17,25,20,25,,
2025-12-11,6501586,final,TRUE,Purdue,3,27-6,SMU,2,27-6,3,1,16,25,25,19,25,22,29,27,,
2025-12-11,6501590,final,FALSE,Minnesota,4,24-10,Pittsburgh,1,29-4,0,3,16,25,23,25,22,25,,,,
2025-12-11,6501612,final,TRUE,Creighton,3,28-5,Arizona St.,2,28-4,3,1,26,24,19,25,25,13,25,18,,
2025-12-11,6501617,final,FALSE,Cal Poly,4,27-8,Kentucky,1,28-2,0,3,18,25,19,25,7,25,,,,
2025-12-12,6501569,final,FALSE,Kansas,4,24-11,Nebraska,1,33-0,0,3,12,25,11,25,12,25,,,,
2025-12-12,6501576,final,TRUE,Texas A&M,3,26-4,Louisville,2,26-7,3,2,23,25,22,25,25,23,25,18,15,13
2025-12-12,6501597,final,FALSE,Indiana,4,25-8,Texas,1,26-3,0,3,20,25,22,25,22,25,,,,
2025-12-12,6501605,final,TRUE,Wisconsin,3,27-4,Stanford,2,29-5,3,1,25,17,21,25,25,23,25,22,,
2025-12-13,6501626,final,FALSE,Purdue,3,27-7,Pittsburgh,1,30-4,1,3,22,25,21,25,25,22,17,25,,
2025-12-13,6501645,final,FALSE,Creighton,3,28-6,Kentucky,1,29-2,0,3,19,25,13,25,18,25,,,,
2025-12-14,6501624,final,FALSE,Texas A&M,3,27-4,Nebraska,1,33-1,3,2,25,22,25,22,20,25,35,37,15,13
2025-12-14,6501638,final,FALSE,Wisconsin,3,28-4,Texas,1,26-4,3,1,25,22,25,21,20,25,25,19,,
2025-12-18,6501659,final,TRUE,Texas A&M,3,28-4,Pittsburgh,1,30-5,3,0,29,27,25,21,25,20,,,,
2025-12-18,6501666,final,TRUE,Wisconsin,3,28-5,Kentucky,1,30-2,2,3,25,12,22,25,25,21,24,26,13,15
2025-12-21,6501654,final,TRUE,Texas A&M,3,29-4,Kentucky,1,30-3,3,0,26,24,25,15,25,20,,,,
